# Blender 5.1.0
# www.blender.org
mtllib tree_1.mtl
o Sonnerat
v -0.315943 0.420415 0.069095
v -0.316031 0.422594 0.066852
v -0.311816 0.415610 0.036980
v -0.308030 0.427623 0.080738
v -0.306053 0.471874 0.122797
v -0.303877 0.476244 0.126431
v -0.302872 0.476381 0.125310
v -0.304240 0.445036 0.109630
v -0.304193 0.432236 0.086629
v -0.300708 0.419556 -0.010041
v -0.301136 0.423715 -0.011458
v -0.298040 0.396412 0.138103
v -0.295786 0.466924 0.209623
v -0.289172 0.539243 0.171398
v -0.286882 0.573726 0.154162
v -0.286356 0.395881 0.211976
v -0.283843 0.479528 0.230593
v -0.278348 0.573890 0.073300
v -0.276858 0.530644 0.099638
v -0.270997 0.480174 0.157772
v -0.270728 0.480118 0.194456
v -0.272723 0.572850 0.131245
v -0.272442 0.450645 -0.007299
v -0.271717 0.501814 0.238855
v -0.269579 0.419782 0.128245
v -0.270971 0.421143 0.125747
v -0.270925 0.480116 0.157991
v -0.270813 0.420913 0.137741
v -0.270233 0.607957 0.215364
v -0.269141 0.390579 -0.025720
v -0.268403 0.507712 0.233778
v -0.265097 0.525841 0.204681
v -0.264544 0.582330 0.027877
v -0.264172 0.428447 0.089711
v -0.264170 0.428417 0.089608
v -0.263980 0.476311 0.179044
v -0.263399 0.428427 0.066197
v -0.263094 0.464759 0.202815
v -0.261247 0.486886 0.187314
v -0.260659 0.608784 0.072547
v -0.258850 0.432423 0.069517
v -0.259239 0.432302 0.069321
v -0.259713 0.430719 0.071258
v -0.259186 0.476700 0.170644
v -0.258235 0.441667 0.180066
v -0.257963 0.615692 0.058908
v -0.258676 0.429251 0.064667
v -0.255639 0.450962 0.148013
v -0.255365 0.428076 0.075402
v -0.255270 0.389249 0.063505
v -0.255110 0.485517 0.285366
v -0.254884 0.482681 0.159148
v -0.252673 0.478781 0.179189
v -0.248916 0.476925 0.179666
v -0.257746 0.477437 0.176134
v -0.254356 0.468564 0.139692
v -0.252819 0.482158 0.176014
v -0.254925 0.478727 0.174089
v -0.246262 0.479274 0.171131
v -0.252011 0.390499 0.003478
v -0.251154 0.473958 0.177177
v -0.251659 0.471704 0.176014
v -0.250877 0.565898 0.091215
v -0.249702 0.530576 0.177602
v -0.249275 0.428878 -0.007737
v -0.249262 0.588827 0.190511
v -0.248045 0.479772 0.181726
v -0.245822 0.431855 -0.000999
v -0.244425 0.431972 -0.001536
v -0.246268 0.541028 0.239043
v -0.243487 0.430351 -0.003921
v -0.244781 0.465254 0.065725
v -0.243918 0.558702 0.093129
v -0.241551 0.425249 -0.021553
v -0.243202 0.425237 -0.021817
v -0.241807 0.565633 0.095370
v -0.241589 0.461904 0.176524
v -0.240953 0.451280 0.106779
v -0.240341 0.504559 0.292723
v -0.239739 0.439627 0.255342
v -0.239450 0.510089 0.286018
v -0.238137 0.565610 0.165294
v -0.238136 0.480242 0.172904
v -0.238050 0.489790 0.274406
v -0.238044 0.428767 -0.006334
v -0.235483 0.420216 -0.060599
v -0.237714 0.419776 -0.058393
v -0.237480 0.479445 0.239000
v -0.235188 0.520626 0.235127
v -0.234578 0.539414 0.268151
v -0.233838 0.459286 0.064990
v -0.233749 0.422162 -0.070136
v -0.232763 0.631622 0.028884
v -0.232241 0.491955 0.251031
v -0.231344 0.841220 0.048449
v -0.231234 0.543477 0.213965
v -0.228072 0.438777 0.032789
v -0.227971 0.438403 0.032573
v -0.229677 0.486654 0.302432
v -0.228618 0.541752 0.210950
v -0.225537 0.490015 0.299446
v -0.226923 0.490241 0.298852
v -0.227724 0.487362 0.310744
v -0.227381 0.632988 0.152784
v -0.226817 0.476945 0.251479
v -0.226537 0.566059 0.165809
v -0.225283 0.565622 0.155802
v -0.224544 0.481702 0.266216
v -0.224121 0.583733 0.166346
v -0.223767 0.513787 0.271460
v -0.223114 0.455836 0.188073
v -0.221794 0.575141 0.289220
v -0.221046 0.542063 0.191820
v -0.220103 0.403736 0.067359
v -0.219941 0.665460 0.208063
v -0.219643 0.427792 0.203102
v -0.218964 0.562556 0.122707
v -0.218009 0.614864 -0.043306
v -0.216483 0.563320 0.109847
v -0.216442 0.563269 0.109884
v -0.217786 0.516721 0.135883
v -0.217191 0.481526 0.259601
v -0.216800 0.657081 0.026870
v -0.216426 0.397323 0.226618
v -0.214340 0.482949 0.258388
v -0.215770 0.511730 0.233851
v -0.215492 0.496494 0.086403
v -0.215235 0.702936 0.245542
v -0.215153 0.455698 0.235948
v -0.214872 0.617870 0.028268
v -0.214420 0.570906 0.184226
v -0.214133 0.451668 0.231658
v -0.213807 0.583753 0.012903
v -0.213168 0.617019 0.218745
v -0.210576 0.563203 0.130605
v -0.212690 0.403044 0.012702
v -0.212316 0.575123 0.147143
v -0.211949 0.568111 0.174847
v -0.211292 0.620219 0.276028
v -0.210662 0.728487 -0.040066
v -0.210583 0.563221 0.130620
v -0.208929 0.572946 0.257342
v -0.208842 0.449239 0.321648
v -0.207686 0.441580 0.042840
v -0.209054 0.437473 0.038626
v -0.206256 0.440064 0.044713
v -0.206806 0.534396 0.092575
v -0.206634 0.490333 0.273602
v -0.206706 0.511171 0.229975
v -0.204341 0.512944 0.228961
v -0.203768 0.560735 0.117347
v -0.203671 0.560664 0.117315
v -0.205920 0.559686 0.118328
v -0.205127 0.554384 0.290594
v -0.204849 0.805218 0.124962
v -0.204556 0.520955 0.106953
v -0.204325 0.552069 0.239562
v -0.204129 0.526846 0.273269
v -0.204115 0.453854 0.229223
v -0.203954 0.772962 0.006598
v -0.203901 0.556671 0.117436
v -0.201516 0.559338 0.114611
v -0.202850 0.562240 0.117958
v -0.202850 0.715240 -0.010076
v -0.202447 0.724147 0.185415
v -0.202106 0.562307 0.112465
v -0.202012 0.725560 0.226751
v -0.202010 0.447132 0.266992
v -0.201767 0.494177 0.162945
v -0.200883 0.422354 0.152382
v -0.200741 0.545450 0.199195
v -0.199956 0.467354 0.192318
v -0.199728 0.496917 0.126739
v -0.199025 0.645251 0.201181
v -0.198914 0.493568 0.113824
v -0.198740 0.700302 0.055011
v -0.198409 0.597881 0.146408
v -0.197165 0.425614 -0.016561
v -0.195323 0.480902 0.247017
v -0.194655 0.642092 -0.043146
v -0.194614 0.735113 0.010576
v -0.194415 0.518549 0.151453
v -0.193565 0.800065 -0.020674
v -0.193438 0.446011 0.178449
v -0.193403 0.516989 0.302409
v -0.192388 0.527305 0.315645
v -0.192364 0.725516 -0.042541
v -0.192256 0.722817 -0.009910
v -0.192095 0.475993 0.189421
v -0.191893 0.545486 0.223013
v -0.191441 0.840284 -0.020151
v -0.190520 0.436296 -0.096211
v -0.190231 0.768303 0.044335
v -0.190130 0.757195 0.063479
v -0.189949 0.739866 0.089274
v -0.189792 0.613993 0.040704
v -0.189411 0.507751 0.207221
v -0.189021 0.743627 0.108821
v -0.188920 0.447646 0.182700
v -0.188884 0.476491 0.243555
v -0.181569 0.474778 0.240807
v -0.188757 0.613479 0.132866
v -0.188666 0.599005 0.054903
v -0.182839 0.480165 0.243806
v -0.188219 0.690001 0.197754
v -0.188182 0.783799 -0.056819
v -0.188122 0.403395 0.056934
v -0.187833 0.597341 0.147958
v -0.187477 0.476005 0.291225
v -0.187187 0.455342 0.254022
v -0.182183 0.489224 0.174564
v -0.189229 0.483860 0.170961
v -0.185021 0.485955 0.177116
v -0.186799 0.768402 0.054869
v -0.186759 0.613587 0.126334
v -0.185385 0.474510 0.192399
v -0.185773 0.793738 -0.074830
v -0.185483 0.690208 0.063755
v -0.185340 0.390691 0.078147
v -0.185289 0.755525 -0.039908
v -0.185041 0.534235 0.128873
v -0.184529 0.601325 0.090204
v -0.182649 0.478888 0.195635
v -0.181839 0.478986 0.194360
v -0.184378 0.516428 0.330883
v -0.184306 0.641056 -0.040875
v -0.183991 0.499324 0.327750
v -0.182555 0.474510 0.285840
v -0.183649 0.640723 0.074071
v -0.183603 0.538261 0.292444
v -0.183553 0.490679 0.172645
v -0.183553 0.490679 0.172645
v -0.181566 0.486020 0.164693
v -0.186998 0.477673 0.240429
v -0.183505 0.739691 0.253127
v -0.183310 0.663960 0.146710
v -0.188490 0.476609 0.245566
v -0.182912 0.798583 0.104195
v -0.179013 0.482411 0.202242
v -0.178379 0.476641 0.199417
v -0.179845 0.485886 0.201274
v -0.182545 0.762891 -0.071742
v -0.182047 0.794555 0.004101
v -0.181888 0.723862 0.035861
v -0.181803 0.455871 0.172386
v -0.179047 0.478963 0.283641
v -0.179949 0.479014 0.282405
v -0.181550 0.769523 0.079945
v -0.180310 0.482246 0.172744
v -0.179426 0.480704 0.172825
v -0.180857 0.480290 0.172645
v -0.180766 0.437066 0.021152
v -0.180415 0.830249 0.053161
v -0.180318 0.760150 0.029444
v -0.180047 0.511108 0.288537
v -0.180016 0.620490 0.221454
v -0.179823 0.463040 0.230803
v -0.179612 0.480867 0.250202
v -0.179213 0.782226 -0.011577
v -0.179078 0.443533 0.130430
v -0.177760 0.522721 0.219858
v -0.177718 0.663725 0.094820
v -0.177714 0.520419 0.126929
v -0.177471 0.481516 0.310485
v -0.177412 0.488963 0.185990
v -0.177374 0.568696 0.075137
v -0.177142 0.654041 0.133000
v -0.176950 0.815462 0.018190
v -0.176043 0.431190 0.169162
v -0.175439 0.685704 0.208826
v -0.175083 0.403846 -0.023485
v -0.174725 0.563963 0.258318
v -0.174088 0.866251 -0.001294
v -0.173735 0.660673 0.284653
v -0.170918 0.481559 0.302941
v -0.172678 0.511436 0.173222
v -0.172042 0.700980 0.231544
v -0.172022 0.664195 0.305785
v -0.170656 0.688756 0.170336
v -0.170548 0.505273 0.207318
v -0.169986 0.769054 -0.066623
v -0.168770 0.764786 0.067629
v -0.168697 0.460292 0.292438
v -0.168495 0.750591 0.158714
v -0.168395 0.471043 0.250040
v -0.168295 0.750563 -0.086632
v -0.168214 0.600154 0.208848
v -0.167940 0.771529 0.016692
v -0.167819 0.841514 0.094227
v -0.166077 0.597977 0.194762
v -0.166062 0.451565 -0.023858
v -0.166033 0.533946 0.141769
v -0.165868 0.477199 0.296636
v -0.165717 0.790431 0.093199
v -0.164372 0.471291 0.246838
v -0.125999 0.561932 0.094288
v -0.164249 0.610226 -0.008322
v -0.164093 0.521996 0.210811
v -0.163547 0.505122 0.209739
v -0.163670 0.563040 0.105278
v -0.163593 0.657093 0.245852
v -0.163446 0.656312 0.213887
v -0.163036 0.674481 0.123835
v -0.162640 0.479926 0.205360
v -0.159413 0.467522 0.245087
v -0.159392 0.467347 0.244804
v -0.159870 0.463341 0.248511
v -0.162504 0.468729 -0.052462
v -0.162384 0.494644 0.145552
v -0.161415 0.741717 0.206211
v -0.159181 0.508350 0.212495
v -0.158238 0.508548 0.211348
v -0.161214 0.450038 0.224480
v -0.161189 0.591272 0.246386
v -0.160071 0.597267 0.185799
v -0.160676 0.642278 0.092730
v -0.160222 0.741299 0.068566
v -0.160039 0.599775 0.119549
v -0.159985 0.508608 0.215619
v -0.159646 0.434255 0.049242
v -0.159391 0.526045 0.294059
v -0.159882 0.466572 0.242645
v -0.158977 0.559337 0.224574
v -0.155929 0.508159 0.219286
v -0.157602 0.507238 0.218960
v -0.155839 0.505289 0.222060
v -0.158454 0.663286 0.044071
v -0.158256 0.723163 0.300284
v -0.155325 0.510639 0.270958
v -0.158008 0.764722 0.181696
v -0.157578 0.593727 0.148353
v -0.157558 0.684876 0.226100
v -0.156860 0.709178 0.151915
v -0.156418 0.845250 0.283416
v -0.156239 0.468536 0.051124
v -0.156066 0.493558 0.320454
v -0.155998 0.537208 0.058314
v -0.155982 0.798586 -0.018641
v -0.155788 0.667309 0.168418
v -0.155760 0.614178 -0.099068
v -0.156208 0.507007 0.216122
v -0.155548 0.721664 0.129306
v -0.153272 0.594517 0.162247
v -0.153269 0.594537 0.162262
v -0.155036 0.508862 0.221568
v -0.154995 0.588994 0.185084
v -0.154821 0.690491 0.246944
v -0.154674 0.471886 0.187753
v -0.154498 0.494977 0.263028
v -0.154471 0.523330 0.323056
v -0.153517 0.510259 0.270766
v -0.153606 0.727967 0.201334
v -0.153199 0.511589 0.280615
v -0.153181 0.492385 0.252022
v -0.153163 0.565973 0.104865
v -0.153163 0.736576 0.005796
v -0.150653 0.592500 0.149904
v -0.150623 0.592254 0.149890
v -0.150823 0.591943 0.149684
v -0.151948 0.521526 0.127811
v -0.151144 0.870315 0.277919
v -0.150899 0.635646 0.244105
v -0.149957 0.436661 0.050108
v -0.150184 0.721859 0.266464
v -0.149973 0.735119 0.098955
v -0.149816 0.638510 0.197951
v -0.149718 0.594219 0.153650
v -0.149036 0.586207 0.065926
v -0.148402 0.781182 0.026632
v -0.148121 0.426533 0.049834
v -0.147872 0.719511 0.242324
v -0.147625 0.600712 0.299320
v -0.140465 0.486696 0.304154
v -0.146841 0.493229 0.265903
v -0.146678 0.720526 0.085356
v -0.146530 0.459456 0.182925
v -0.144270 0.647361 -0.027594
v -0.145932 0.746498 -0.055890
v -0.145149 0.463611 0.315258
v -0.145143 0.648336 -0.025376
v -0.145041 0.577149 0.163369
v -0.144485 0.625418 0.049742
v -0.145400 0.645895 -0.023180
v -0.144204 0.483831 0.146500
v -0.143759 0.486558 0.355870
v -0.143700 0.646527 -0.028119
v -0.143666 0.480067 0.210327
v -0.143351 0.439379 0.321631
v -0.143209 0.741726 -0.036272
v -0.143135 0.683602 0.168205
v -0.142925 0.839070 0.124681
v -0.142256 0.643353 -0.039758
v -0.142597 0.702097 -0.069780
v -0.142566 0.556616 0.174450
v -0.142674 0.481951 0.301074
v -0.141551 0.482013 0.300015
v -0.142105 0.643291 -0.039804
v -0.141899 0.491667 0.248260
v -0.141530 0.441867 0.146544
v -0.140963 0.562954 0.287554
v -0.140906 0.709888 0.009943
v -0.140361 0.478709 0.126400
v -0.140073 0.784435 0.295644
v -0.139767 0.493057 0.347323
v -0.139667 0.545875 0.197053
v -0.138854 0.585356 0.233908
v -0.138565 0.749178 0.226299
v -0.138399 0.710422 0.094085
v -0.138393 0.645841 -0.025238
v -0.138208 0.757179 -0.095640
v -0.138205 0.658315 0.198375
v -0.135935 0.505125 0.309430
v -0.137813 0.447809 0.334546
v -0.137781 0.562063 0.221569
v -0.137033 0.505163 0.316939
v -0.136968 0.545986 0.141367
v -0.136424 0.741247 -0.027686
v -0.136541 0.495182 0.307683
v -0.135390 0.640449 -0.066720
v -0.136339 0.766955 0.078214
v -0.136111 0.449204 0.312332
v -0.136005 0.536497 0.320066
v -0.135852 0.458818 0.203805
v -0.135761 0.485158 0.334886
v -0.135317 0.694700 0.259607
v -0.135264 0.557331 0.111850
v -0.134978 0.718928 0.090676
v -0.134965 0.719444 0.338645
v -0.134824 0.784776 0.148791
v -0.134480 0.817959 0.159941
v -0.134149 0.487005 0.308239
v -0.131577 0.507819 0.306147
v -0.132773 0.508357 0.305393
v -0.133022 0.687894 0.265093
v -0.132511 0.733059 0.110265
v -0.132402 0.521785 0.376050
v -0.132303 0.449853 0.249556
v -0.131487 0.479310 0.232237
v -0.131214 0.528893 0.294701
v -0.126785 0.488301 0.127676
v -0.130928 0.629144 0.098265
v -0.130908 0.641889 -0.076446
v -0.129702 0.444342 0.242088
v -0.128984 0.777096 -0.040962
v -0.128946 0.691507 -0.100309
v -0.128898 0.478796 0.246815
v -0.128717 0.451192 0.364380
v -0.128696 0.587985 0.212707
v -0.128550 0.444330 0.230828
v -0.128522 0.587092 0.201900
v -0.127583 0.493518 0.115593
v -0.127353 0.537276 0.125293
v -0.124233 0.459150 0.199633
v -0.124358 0.459148 0.199764
v -0.126961 0.760642 0.108373
v -0.123465 0.482915 0.236245
v -0.126478 0.505169 0.266425
v -0.126226 0.649125 0.130286
v -0.126140 0.768102 0.281420
v -0.123421 0.507076 0.181904
v -0.125417 0.481494 0.240268
v -0.121619 0.479535 0.241209
v -0.125657 0.823614 0.054452
v -0.125556 0.558968 0.279784
v -0.125527 0.766776 -0.020720
v -0.125063 0.475814 0.358305
v -0.127127 0.480532 0.234591
v -0.126613 0.480013 0.240290
v -0.124601 0.732644 0.172367
v -0.124291 0.807947 0.261654
v -0.123857 0.478785 0.232276
v -0.124112 0.568491 0.270553
v -0.124095 0.566217 0.161571
v -0.123942 0.584753 0.102513
v -0.123956 0.645178 0.010298
v -0.123783 0.489191 0.154082
v -0.123625 0.685602 0.062254
v -0.123270 0.725333 0.062548
v -0.123225 0.566314 0.132182
v -0.122961 0.553575 0.302303
v -0.122877 0.696633 0.060858
v -0.122614 0.486077 0.338074
v -0.122365 0.628342 0.151963
v -0.122344 0.518260 0.337683
v -0.122340 0.610429 -0.020274
v -0.122281 0.760256 0.263163
v -0.122242 0.516821 0.260256
v -0.112447 -0.008455 0.008635
v -0.113274 -0.008744 0.002780
v -0.121742 -0.029810 0.006380
v -0.121742 -0.029810 0.006380
v -0.121742 -0.029810 0.006380
v -0.121742 -0.029810 0.006380
v -0.121553 0.496965 0.148019
v -0.121454 0.668828 0.229621
v -0.121299 0.485326 0.278885
v -0.121127 0.461971 0.406064
v -0.121025 0.620810 0.048592
v -0.120854 0.717867 -0.066901
v -0.120661 0.467661 0.286015
v -0.119045 0.734415 -0.012731
v -0.117148 0.584898 0.136323
v -0.117316 0.584712 0.135596
v -0.117991 0.585023 0.136615
v -0.120363 0.481085 0.352820
v -0.117950 0.774674 -0.016375
v -0.119599 0.773501 -0.027298
v -0.119420 0.630668 0.085846
v -0.117218 0.825160 0.046258
v -0.119305 0.425507 0.336001
v -0.119082 0.814903 0.301113
v -0.119008 0.497230 0.219844
v -0.119035 0.734461 -0.012754
v -0.118883 0.519676 0.207682
v -0.118566 0.474384 0.354924
v -0.118189 0.688991 0.185591
v -0.117963 0.677307 0.276523
v -0.117802 0.708456 0.074000
v -0.115004 0.478844 0.352816
v -0.115991 0.478806 0.351673
v -0.116055 -0.027343 -0.010603
v -0.117000 0.788855 0.139700
v -0.116834 0.834588 -0.051037
v -0.116787 0.747848 -0.002372
v -0.116504 0.779344 0.338582
v -0.116467 0.591228 0.180886
v -0.116452 0.591216 0.180856
v -0.116430 0.556322 0.137860
v -0.115720 0.773285 -0.014829
v -0.115785 0.470149 0.163194
v -0.114577 -0.026726 0.022690
v -0.115610 0.865315 -0.021574
v -0.114889 0.823435 0.045347
v -0.109157 0.499466 0.266944
v -0.115039 0.588962 0.053532
v -0.114399 0.793334 0.042911
v -0.114350 0.658870 0.277795
v -0.111188 0.706087 0.017585
v -0.110384 0.705974 0.022362
v -0.113954 0.706160 0.021605
v -0.113954 0.706160 0.021605
v -0.110081 0.741707 -0.001430
v -0.106530 0.736146 -0.000959
v -0.106586 0.739145 0.000576
v -0.111513 0.742163 0.002257
v -0.113451 0.704494 0.231508
v -0.113189 0.768658 0.107397
v -0.113090 0.749292 -0.043148
v -0.102090 0.628001 0.043642
v -0.103589 0.627854 0.045365
v -0.111417 0.626965 0.042835
v -0.112951 0.413677 0.309363
v -0.111469 0.587499 0.148689
v -0.110855 0.587658 0.148365
v -0.112833 0.741838 0.048244
v -0.111555 0.748679 -0.031980
v -0.112462 0.732175 0.152376
v -0.112252 0.733760 -0.000270
v -0.111962 0.728013 0.304999
v -0.109715 0.729550 -0.004459
v -0.109793 0.729896 -0.004916
v -0.110052 0.729708 -0.004244
v -0.108084 0.787957 0.041366
v -0.103479 0.781976 0.042259
v -0.104683 0.784842 0.040633
v -0.108202 0.786781 0.037334
v -0.111536 0.763291 0.258346
v -0.111266 0.548091 0.310705
v -0.109346 0.592161 0.169873
v -0.109704 0.592596 0.169791
v -0.109709 0.590043 0.169798
v -0.110994 0.497877 0.392245
v -0.110874 0.606847 0.263036
v -0.110831 0.632726 0.057145
v -0.108673 -0.042364 0.006033
v -0.110770 0.595459 0.252396
v -0.110392 0.689226 0.261577
v -0.110390 0.809807 0.076990
v -0.110303 0.818769 -0.067293
v -0.104241 0.738463 0.003732
v -0.108719 0.734815 -0.000057
v -0.110039 0.710874 -0.072218
v -0.109690 0.717628 0.032621
v -0.109666 0.473500 0.246203
v -0.109622 0.749530 0.008108
v -0.109541 0.742537 0.003625
v -0.109397 0.437063 0.237261
v -0.109335 0.609060 0.089235
v -0.109061 0.591004 0.166570
v -0.109162 0.499458 0.266946
v -0.109044 0.717506 0.079469
v -0.108831 0.688319 0.190204
v -0.108102 0.708541 0.024185
v -0.108876 0.708524 0.020795
v -0.105405 0.705552 0.020451
v -0.107294 0.703445 0.018360
v -0.107522 0.701018 0.018390
v -0.108722 0.491790 0.185625
v -0.108716 0.482855 0.291220
v -0.106977 0.809273 0.065843
v -0.101949 0.782950 0.037139
v -0.108082 0.781858 0.042168
v -0.108129 0.574744 0.064252
v -0.107900 0.569924 0.297087
v -0.101635 0.627364 0.042740
v -0.102873 0.625027 0.043207
v -0.107020 0.739745 0.000678
v -0.107077 0.739465 -0.000372
v -0.107067 0.591000 0.169276
v -0.106884 0.733487 -0.001056
v -0.106406 0.460722 0.311726
v -0.106382 0.806956 0.330705
v -0.106006 0.610592 0.274301
v -0.094619 0.577160 0.107198
v -0.105155 0.575927 0.106105
v -0.102465 0.573179 0.109714
v -0.105245 0.785237 0.041386
v -0.105128 0.785329 0.040232
v -0.105301 0.766748 0.257237
v -0.104953 0.792306 0.035791
v -0.104773 0.625743 0.236740
v -0.103973 0.706015 0.022560
v -0.103832 0.706193 0.023021
v -0.104120 0.494703 0.235445
v -0.103713 0.629660 0.087899
v -0.103447 0.705821 0.019910
v -0.089376 0.541573 0.087412
v -0.103577 0.676421 0.232894
v -0.102761 0.659240 0.196334
v -0.103010 0.466826 0.311328
v -0.102960 0.473610 0.241732
v -0.102917 0.628369 0.131333
v -0.102608 0.495274 0.252466
v -0.102442 0.809467 0.229792
v -0.102429 0.836393 0.009027
v -0.102301 0.688288 0.255004
v -0.102065 0.445340 0.234303
v -0.101800 0.719731 0.191570
v -0.101280 0.671205 0.022497
v -0.101267 0.511792 0.369389
v -0.101213 0.660032 0.207159
v -0.101089 0.854582 0.260785
v -0.097950 0.490532 0.249611
v -0.094784 0.487181 0.248507
v -0.102150 0.491054 0.247878
v -0.095173 0.575704 0.106685
v -0.100340 0.462853 0.173804
v -0.097417 0.721628 0.181574
v -0.093863 0.636966 0.143279
v -0.090660 0.638093 0.140309
v -0.096727 0.638053 0.138969
v -0.100245 0.687975 0.255816
v -0.100195 0.656765 -0.090290
v -0.100042 0.484727 0.245355
v -0.100042 0.484727 0.245355
v -0.100032 0.530200 0.337510
v -0.099683 0.796450 0.036332
v -0.099510 0.635001 0.282985
v -0.099477 0.710062 0.025696
v -0.099393 0.794412 -0.064863
v -0.092176 0.575434 0.108401
v -0.099154 0.699512 0.164719
v -0.098739 0.514222 0.225673
v -0.098389 0.724499 0.083117
v -0.098189 0.552118 0.103725
v -0.097847 0.486597 0.409463
v -0.097693 0.801186 0.222236
v -0.085964 0.540418 0.075514
v -0.097382 0.669893 0.088642
v -0.097311 0.486404 0.164719
v -0.096815 0.422169 0.057100
v -0.097344 0.493183 0.242462
v -0.100764 0.492536 0.243900
v -0.094117 0.489997 0.239744
v -0.096651 0.654691 0.163415
v -0.087651 0.691167 0.169678
v -0.087398 0.691560 0.169701
v -0.094046 0.690057 0.171742
v -0.096400 0.690780 0.169671
v -0.096306 0.491533 0.414019
v -0.096108 0.800718 -0.083785
v -0.094016 0.740814 -0.035188
v -0.095966 0.701824 -0.076111
v -0.095805 0.676431 0.300039
v -0.093154 0.491623 0.146051
v -0.093531 0.422854 0.057048
v -0.092557 0.641148 0.139338
v -0.093689 0.422704 0.056589
v -0.094578 0.719666 0.179831
v -0.095192 0.684752 0.160789
v -0.095061 0.507962 0.220888
v -0.094970 0.870281 0.238957
v -0.094922 0.873177 0.115167
v -0.094755 0.466898 0.206249
v -0.094375 0.684553 0.364495
v -0.094210 0.576791 0.107053
v -0.094210 0.576791 0.107053
v -0.094154 0.781192 0.221281
v -0.094046 0.470723 0.196754
v -0.094010 0.616942 0.062587
v -0.089161 0.550364 0.085951
v -0.089490 0.769105 -0.008101
v -0.093297 0.895346 0.228866
v -0.089721 0.442340 0.155676
v -0.093153 0.483577 0.179758
v -0.093132 0.540047 0.085230
v -0.083789 0.548379 0.092723
v -0.093069 0.846566 0.229868
v -0.092499 0.584588 0.061369
v -0.079512 0.544392 0.083386
v -0.092496 0.494382 0.258316
v -0.092494 0.694924 0.164330
v -0.092465 0.702338 0.205092
v -0.090531 0.650042 0.167647
v -0.090643 0.649977 0.167517
v -0.090700 0.652543 0.167026
v -0.092287 0.507161 0.307253
v -0.092018 0.605433 0.126176
v -0.092018 0.605433 0.126176
v -0.091986 0.654175 0.163350
v -0.091977 0.696304 0.157126
v -0.085211 0.690740 0.167385
v -0.092121 0.688244 0.169201
v -0.089883 0.694368 0.168707
v -0.091618 0.861608 0.092069
v -0.091302 0.594641 -0.114231
v -0.091179 0.420309 0.159243
v -0.091034 0.657757 0.130361
v -0.090735 0.485922 0.422551
v -0.088666 0.702037 0.194598
v -0.090222 0.649105 -0.055664
v -0.090017 0.638119 0.140303
v -0.085595 0.814039 0.045315
v -0.089700 0.658828 0.285825
v -0.089588 0.623028 0.238931
v -0.089447 0.755697 0.062427
v -0.089311 0.774439 0.196448
v -0.089266 0.765872 -0.008136
v -0.089005 0.446259 0.238335
v -0.089160 0.465788 0.214643
v -0.088783 0.700491 0.161174
v -0.088715 0.457824 0.218059
v -0.088575 0.663258 0.157174
v -0.088575 0.663258 0.157174
v -0.088403 0.489862 0.169218
v -0.086639 0.468010 0.215063
v -0.087973 0.744475 0.279112
v -0.087765 0.622935 0.265395
v -0.087606 0.663261 0.240017
v -0.087215 0.719557 0.204642
v -0.087129 0.691445 0.169671
v -0.086749 0.741551 -0.043156
v -0.086625 0.785512 0.206264
v -0.086254 0.544620 0.093128
v -0.086189 0.728593 0.196455
v -0.086018 0.453056 0.292194
v -0.085957 0.778144 0.005188
v -0.085840 0.785614 0.111795
v -0.085442 0.504834 0.263534
v -0.083326 0.539295 0.088586
v -0.078179 0.548335 0.082696
v -0.084605 0.502386 0.272010
v -0.084145 0.638255 0.059258
v -0.083663 0.499613 0.356913
v -0.083104 0.479024 0.100771
v -0.083034 0.423698 0.274368
v -0.082944 0.767274 -0.036791
v -0.082928 0.510372 0.175937
v -0.078085 0.717078 0.173265
v -0.082815 0.490481 0.258022
v -0.081083 0.547185 0.087103
v -0.078814 0.546388 0.084986
v -0.079830 0.482599 0.323797
v -0.082463 0.773351 -0.079141
v -0.082414 0.748194 0.300998
v -0.081991 0.461393 0.298186
v -0.081907 0.708729 0.069240
v -0.081717 0.709907 0.226813
v -0.079963 0.586502 0.192314
v -0.081557 0.745557 0.124238
v -0.081455 0.538824 0.232185
v -0.081283 0.663172 0.090039
v -0.081111 0.461974 0.362456
v -0.081019 0.734209 0.152628
v -0.080733 0.512874 0.369503
v -0.080699 0.468527 0.311951
v -0.080636 0.526640 0.245796
v -0.080472 0.569188 0.184592
v -0.076613 -0.025388 -0.067255
v -0.072054 -0.021077 -0.069825
v -0.080191 0.554858 0.311170
v -0.080690 -0.047811 -0.062360
v -0.079797 0.482577 0.323774
v -0.079735 0.714938 0.192470
v -0.079285 0.768239 -0.011367
v -0.078657 0.752923 0.330657
v -0.077094 0.480096 0.249111
v -0.078814 0.480217 0.249447
v -0.078112 0.546016 0.085230
v -0.078112 0.546016 0.085230
v -0.078112 0.546016 0.085230
v -0.078938 0.482686 0.243892
v -0.077526 0.482614 0.243661
v -0.075973 0.513072 0.363691
v -0.077225 0.842991 0.110198
v -0.077165 0.732153 0.331592
v -0.077159 0.707613 0.113191
v -0.077342 0.713247 0.173676
v -0.076975 0.456901 0.363499
v -0.076718 0.694691 0.384623
v -0.076659 0.454337 0.241951
v -0.076591 0.766164 0.393748
v -0.076330 0.659223 0.320589
v -0.075979 -0.044571 -0.079869
v -0.075979 -0.044571 -0.079869
v -0.075979 -0.044571 -0.079869
v -0.075979 -0.044571 -0.079869
v -0.069298 0.461462 0.092162
v -0.075504 0.812845 0.047572
v -0.075486 0.753522 0.279606
v -0.075382 0.488012 0.269811
v -0.075196 0.449422 0.291890
v -0.075165 0.477355 0.347265
v -0.075140 0.813886 0.202947
v -0.074825 0.676453 0.309191
v -0.074716 0.441528 0.380761
v -0.074682 0.717515 0.267184
v -0.074602 0.839610 0.204352
v -0.074531 0.738433 -0.099495
v -0.074505 0.745288 -0.073829
v -0.074440 0.820993 0.207329
v -0.074054 0.454278 0.281774
v -0.073935 0.626305 -0.040401
v -0.073838 0.870733 0.093384
v -0.073696 0.482559 0.297265
v -0.073587 0.498537 0.408595
v -0.073418 0.434425 0.162747
v -0.071027 0.515059 0.360804
v -0.071766 0.515748 0.359615
v -0.073099 0.696453 0.063665
v -0.072464 0.857421 -0.240246
v -0.072459 0.444103 0.331262
v -0.072181 0.751174 0.247161
v -0.071886 0.810645 0.186345
v -0.042980 0.456306 0.071172
v -0.071238 0.626094 0.203577
v -0.068718 0.658859 0.188899
v -0.062881 -0.005550 0.082717
v -0.068915 -0.011817 0.083373
v -0.070634 0.563446 0.299080
v -0.070623 0.513793 0.157118
v -0.070557 0.708865 0.225388
v -0.070086 0.711695 0.325193
v -0.069391 0.621496 -0.012932
v -0.070456 -0.036147 0.076874
v -0.069379 0.514322 0.175781
v -0.069141 0.588279 0.193459
v -0.069016 0.648869 -0.123652
v -0.068939 0.516564 0.343284
v -0.068622 0.726701 0.292463
v -0.068402 0.791951 0.004709
v -0.066786 0.421945 0.109909
v -0.064027 0.422134 0.107460
v -0.068283 0.688068 0.123532
v -0.068128 0.774562 0.310356
v -0.067939 0.702868 -0.045627
v -0.067580 0.820243 -0.261768
v -0.067445 0.715265 0.173042
v -0.067179 0.712991 0.321820
v -0.067098 0.523770 0.384357
v -0.067055 0.821535 0.158623
v -0.066968 0.670675 0.133661
v -0.066909 0.690533 0.218618
v -0.066212 0.832390 -0.315833
v -0.066170 0.801522 -0.131137
v -0.065859 0.926656 0.090415
v -0.065501 0.689024 0.351065
v -0.064804 0.422406 0.107514
v -0.064959 0.559341 0.228275
v -0.064812 0.777803 0.163940
v -0.064799 0.826552 0.172620
v -0.062322 -0.035197 -0.088030
v -0.064514 0.016010 0.002763
v -0.064514 0.016010 0.002763
v -0.061893 -0.055532 -0.075181
v -0.037315 0.456070 0.083562
v -0.063974 0.830684 0.127472
v -0.053927 0.479108 0.308658
v -0.055922 0.479231 0.311597
v -0.058199 0.480157 0.303123
v -0.063951 0.479472 0.317314
v -0.063658 0.714713 0.279095
v -0.063509 0.782843 0.098542
v -0.063507 0.689979 0.211517
v -0.063476 -0.030187 0.095648
v -0.063476 -0.030187 0.095648
v -0.063476 -0.030187 0.095648
v -0.063476 -0.030187 0.095648
v -0.063315 0.465413 0.382260
v -0.062595 0.690982 0.218264
v -0.062597 0.690977 0.218265
v -0.063562 0.689124 0.219887
v -0.062579 0.465809 0.296098
v -0.062708 0.742085 0.098922
v -0.061197 0.689925 0.216453
v -0.062510 0.466559 0.305904
v -0.062461 0.798619 0.061052
v -0.062049 0.467803 0.293694
v -0.062311 0.859935 -0.118365
v -0.062168 0.847046 0.161142
v -0.061921 0.594079 0.174160
v -0.061620 0.798070 0.383492
v -0.061521 0.756452 0.158015
v -0.061354 0.851103 -0.121973
v -0.061049 0.736157 0.176676
v -0.060650 0.693614 0.264187
v -0.060356 0.954962 0.094052
v -0.060067 0.470243 0.189675
v -0.059915 0.621225 -0.126884
v -0.060129 0.485079 0.110004
v -0.059742 0.710633 0.103139
v -0.062781 0.481787 0.307900
v -0.061019 0.481550 0.305192
v -0.064220 0.479445 0.311648
v -0.059177 0.793133 0.317036
v -0.059163 0.660005 0.193892
v -0.059091 0.474106 0.307818
v -0.058724 0.533937 0.243924
v -0.058368 0.588477 0.224233
v -0.049633 0.478888 0.237474
v -0.058284 0.709584 0.297787
v -0.058168 0.444151 0.322562
v -0.057933 0.778982 0.260896
v -0.057674 0.720687 0.275625
v -0.057477 0.502854 0.080742
v -0.057477 0.502854 0.080742
v -0.057170 0.546816 0.385681
v -0.056798 0.472531 0.240502
v -0.056659 0.678935 0.324045
v -0.056568 0.601274 0.033429
v -0.056440 0.741745 -0.052016
v -0.056348 0.757206 0.203402
v -0.056297 0.886245 0.321990
v -0.053542 0.482307 0.237448
v -0.053496 0.482282 0.237426
v -0.056112 0.675460 0.092726
v -0.056087 0.808759 -0.020022
v -0.055786 0.453764 0.226638
v -0.055157 0.565969 0.113978
v -0.055058 0.761722 0.098703
v -0.055056 0.804375 0.294123
v -0.054688 0.709895 0.261489
v -0.054637 0.666476 -0.085122
v -0.054271 0.472185 0.237422
v -0.054095 0.642255 0.219003
v -0.053940 0.450538 0.374470
v -0.053884 0.708831 0.287687
v -0.053526 0.704641 -0.076983
v -0.057217 0.479548 0.237479
v -0.053389 -0.000487 -0.017100
v -0.053068 0.657328 0.224472
v -0.053045 0.622512 0.228435
v -0.052420 0.669999 0.299918
v -0.052162 0.479368 0.313731
v -0.052040 0.000508 0.022625
v -0.051528 0.680789 0.143428
v -0.051190 0.834188 -0.223110
v -0.048350 -0.017257 0.102236
v -0.050731 0.819877 0.030423
v -0.050662 0.829212 -0.061090
v -0.050517 0.616416 0.121522
v -0.050490 0.535896 0.373764
v -0.050346 0.510865 0.297919
v -0.050303 0.434896 0.231047
v -0.050247 0.766477 0.326246
v -0.050174 0.605637 0.116788
v -0.049910 0.708095 0.239656
v -0.049908 0.641973 0.124292
v -0.049847 0.695656 0.200185
v -0.046844 -0.041403 0.089511
v -0.049226 0.543455 0.424563
v -0.049187 0.735085 0.308263
v -0.048763 0.657563 0.217369
v -0.048535 0.831988 0.281652
v -0.048504 0.860379 0.335373
v -0.048485 0.436494 0.318713
v -0.044175 0.390329 0.063028
v -0.044191 0.390279 0.062857
v -0.047744 0.387049 0.066653
v -0.047980 0.435235 0.265953
v -0.047978 0.721260 0.261293
v -0.047935 0.727435 0.126594
v -0.047810 0.706311 -0.191639
v -0.047801 0.693670 0.070085
v -0.047730 0.578606 0.311934
v -0.047401 0.756733 0.210774
v -0.047266 0.493635 0.388831
v -0.047182 0.481130 0.318374
v -0.046877 0.529540 0.432761
v -0.046762 0.480048 0.212735
v -0.046878 0.545426 0.387037
v -0.046101 0.556813 0.149386
v -0.045887 0.803869 0.286743
v -0.045633 0.809651 -0.033923
v -0.045473 0.720466 0.084521
v -0.044416 0.389327 0.061250
v -0.044674 0.000329 -0.030342
v -0.044674 0.000329 -0.030342
v -0.044401 0.658885 0.336703
v -0.044186 0.770096 -0.029985
v -0.042329 0.456879 0.072152
v -0.043443 0.456535 0.074352
v -0.043965 0.805727 0.287312
v -0.043931 0.455472 0.267318
v -0.043762 0.826553 -0.058678
v -0.043510 0.015825 0.036681
v -0.028815 0.050242 0.010510
v -0.043499 0.812003 0.298173
v -0.043314 0.497076 0.309100
v -0.043233 0.794954 0.291318
v -0.042653 0.802093 0.218019
v -0.042294 0.736304 -0.001974
v -0.042291 0.897185 -0.136137
v -0.041965 0.862347 0.054890
v -0.041612 0.800731 -0.309430
v -0.041572 0.484901 0.272548
v -0.041409 0.694526 0.144192
v -0.041317 0.716185 0.005165
v -0.041123 0.531276 0.294122
v -0.040099 0.832801 0.273575
v -0.040980 0.712812 0.219579
v 0.000524 0.022022 0.004451
v -0.040891 0.802455 -0.046388
v -0.040830 0.469847 0.259392
v -0.040816 0.469822 0.259357
v -0.040585 0.828047 -0.193103
v -0.040365 0.851583 0.100818
v -0.040220 0.501812 0.156678
v -0.040007 0.656813 -0.196408
v -0.039900 0.939269 0.116055
v -0.039778 0.833652 -0.022998
v -0.039641 0.904214 0.267848
v -0.039598 0.679256 0.342760
v -0.039534 0.757184 0.265740
v -0.039472 0.666738 -0.145896
v -0.039221 0.719211 0.339531
v -0.038867 0.777988 0.041620
v -0.030170 0.487749 0.305418
v -0.029745 0.485537 0.304659
v -0.038731 0.741687 -0.017173
v -0.038567 0.761670 0.041488
v -0.037336 0.708416 0.261687
v -0.037335 0.708411 0.261686
v -0.038154 0.523060 0.290528
v -0.037861 0.843299 0.340966
v -0.037599 0.468158 0.243653
v -0.031399 0.493467 0.304965
v -0.037533 0.718642 -0.072694
v -0.037491 0.770792 0.029381
v -0.037357 0.736995 0.105974
v -0.037044 0.662944 0.297746
v -0.037035 0.750305 0.003150
v -0.027647 0.455696 0.078929
v -0.036624 0.759677 0.313760
v -0.036596 0.806102 0.250980
v -0.036537 0.725274 0.078993
v -0.036418 0.750346 0.151502
v -0.036330 0.504055 0.160475
v -0.036281 0.653581 0.088502
v -0.035956 0.478446 0.319166
v -0.035856 0.743725 0.144774
v -0.035783 0.890003 -0.183409
v -0.011936 0.012888 0.008112
v -0.035450 0.863683 0.179813
v -0.035363 0.356866 -0.076763
v -0.022920 0.358710 -0.069475
v -0.035290 0.787360 0.009327
v -0.035271 0.667849 0.205604
v -0.026010 0.462198 0.076547
v -0.035105 0.751732 0.224426
v -0.034577 0.756694 0.255323
v -0.034833 0.787106 -0.059756
v -0.034217 0.470113 0.236261
v -0.034003 0.467772 0.236623
v -0.034474 0.468706 0.236791
v -0.034555 0.745497 0.009465
v -0.034173 0.825762 -0.233951
v -0.034157 0.721484 0.128750
v -0.034090 0.051730 0.000876
v -0.034090 0.051730 0.000876
v -0.034089 0.743254 0.084554
v -0.033936 0.822154 -0.268009
v -0.033924 0.449506 0.270279
v -0.033832 0.468726 0.230745
v -0.033522 0.838618 0.194498
v -0.033280 0.782223 0.266194
v -0.023485 0.477012 0.263673
v -0.023062 0.477541 0.264426
v -0.032592 0.716520 -0.096256
v -0.032533 0.417651 0.271182
v -0.032307 -0.008887 0.019013
v -0.032197 0.544893 0.301729
v -0.028878 0.487564 0.304472
v -0.031654 0.798096 -0.193867
v -0.031609 0.826217 0.259457
v -0.031576 0.911290 0.277288
v -0.021180 0.412637 0.065572
v -0.025212 0.409975 0.066526
v -0.031408 0.411370 0.065269
v -0.031248 0.911869 0.124785
v -0.031179 0.777642 -0.030113
v -0.031061 0.711273 0.073034
v -0.031056 0.827702 -0.191000
v -0.030785 0.870929 0.298310
v -0.030779 0.919652 0.115434
v -0.030720 0.817175 0.257519
v -0.030595 0.771418 0.005036
v -0.028403 0.470040 0.240236
v -0.028517 0.470100 0.240263
v -0.030357 0.467094 0.242484
v -0.030378 0.694089 0.399120
v -0.030352 0.497562 0.311587
v -0.030169 0.481210 0.312972
v -0.029833 0.834571 0.333184
v -0.029777 0.465450 0.312238
v -0.028320 0.829011 -0.190083
v -0.029725 0.719722 0.325091
v -0.029708 0.658421 0.080978
v -0.029570 0.863090 -0.159578
v -0.029505 0.665084 0.268649
v -0.029373 0.836608 -0.119725
v -0.028350 0.707425 0.247533
v -0.028365 0.707362 0.247497
v -0.028434 0.706852 0.247505
v -0.029201 0.768285 0.160242
v -0.029083 0.054217 0.010313
v -0.029019 0.708117 0.248741
v -0.028691 0.665381 0.129665
v -0.027107 0.469061 0.237412
v -0.028417 0.469672 0.240088
v -0.028411 0.886640 0.133990
v -0.028239 0.708084 0.241655
v -0.028152 0.686959 0.409220
v -0.029228 0.461740 0.076686
v -0.027759 0.462599 0.074711
v -0.027759 0.462599 0.074711
v -0.027759 0.462599 0.074711
v -0.027664 0.447705 0.385511
v -0.027601 0.474080 0.237133
v -0.027601 0.474080 0.237133
v -0.026947 0.473006 0.238028
v -0.029080 0.474003 0.237542
v -0.028392 0.472618 0.233340
v -0.027445 0.498489 0.304812
v -0.027215 0.918698 -0.108639
v -0.027191 0.806223 0.256897
v -0.027189 0.039499 -0.008164
v -0.027189 0.039499 -0.008164
v -0.027072 0.663774 -0.043271
v -0.026988 0.697044 0.205491
v -0.026923 0.695030 0.228487
v -0.026734 0.794099 -0.158471
v -0.026713 0.443127 0.168593
v -0.026648 0.861424 0.012141
v -0.014180 0.213402 -0.000436
v -0.026232 0.849648 0.241047
v -0.020416 0.417729 0.061993
v -0.025781 0.719550 0.199763
v -0.025543 0.942954 0.352893
v -0.019940 0.411892 0.065535
v -0.019666 0.411605 0.065521
v -0.017800 0.412471 0.069034
v -0.025494 0.485341 0.225474
v -0.025460 0.551785 0.418941
v -0.025349 0.773498 0.093794
v -0.025284 0.672013 0.281317
v -0.009901 0.354931 0.028644
v -0.024913 0.814579 0.147050
v -0.024856 0.874679 0.316880
v -0.024812 0.855930 -0.163602
v -0.024637 0.437822 0.178446
v -0.020298 -0.019511 -0.105051
v -0.020344 -0.013139 -0.107020
v -0.024358 0.416572 0.338845
v -0.024312 0.736622 0.235929
v -0.024246 0.811636 0.266352
v -0.024234 0.798140 0.255002
v -0.023551 0.718929 0.315860
v -0.023843 0.852511 -0.194426
v -0.023841 0.454259 0.386808
v -0.023702 0.914296 -0.106941
v -0.010789 0.349839 0.045431
v -0.023638 0.713834 -0.065590
v -0.023612 0.819444 -0.061749
v -0.023540 0.004116 -0.050848
v -0.023540 0.004116 -0.050848
v -0.016364 0.474429 0.370110
v -0.023313 0.472045 0.235940
v -0.023188 0.171730 0.002432
v -0.024561 0.171625 0.001246
v -0.007694 0.000000 0.015389
v -0.019340 0.070351 -0.000010
v -0.023083 0.055400 -0.000000
v -0.023083 0.055400 -0.000000
v -0.023083 0.055400 -0.000000
v -0.023083 0.055400 -0.000000
v -0.023083 0.055400 -0.000000
v -0.023083 0.055400 -0.000000
v -0.023083 0.055400 -0.000000
v -0.022847 0.055401 -0.000776
v -0.022923 0.866700 0.145829
v -0.022830 0.045749 -0.014769
v -0.022830 0.045749 -0.014769
v -0.022752 0.896952 -0.259329
v -0.022689 0.902592 0.373722
v -0.022646 0.683452 0.156494
v -0.022563 0.852656 0.262657
v -0.022418 0.898491 -0.101324
v -0.018170 0.794046 0.259023
v -0.018133 0.793353 0.258738
v -0.018105 0.794162 0.258861
v -0.019927 0.793462 0.260315
v -0.022230 0.775686 -0.100948
v -0.022193 0.677921 0.231080
v -0.022025 0.848146 0.136107
v -0.021010 0.347718 -0.091775
v -0.021629 0.348254 -0.090505
v -0.022017 0.741559 0.193041
v -0.021968 -0.003599 -0.047249
v -0.021355 0.794890 0.013782
v -0.020860 0.774762 0.157091
v -0.021688 0.360526 -0.067187
v -0.020634 0.776951 -0.127219
v -0.020575 0.839656 -0.135640
v -0.020457 0.485261 0.369535
v -0.020375 0.833467 0.070192
v -0.020247 0.885740 -0.189635
v -0.017932 0.794020 0.258579
v -0.019997 0.684254 0.371374
v -0.019970 0.811327 0.060455
v -0.019957 0.837316 -0.017691
v -0.020229 0.470716 0.366762
v -0.018928 0.470422 0.365533
v -0.019861 0.743358 0.382026
v -0.019854 0.716415 0.169550
v -0.019818 0.532993 0.211346
v -0.019815 0.867432 -0.264233
v -0.019735 0.829866 0.156056
v -0.009046 0.456686 0.119497
v -0.019496 0.646257 -0.062706
v -0.019468 0.665502 0.159442
v -0.018939 0.905047 -0.197659
v -0.009828 0.474728 0.214848
v -0.011557 0.475163 0.215658
v -0.018439 0.806225 0.253054
v -0.013846 0.350830 0.039496
v -0.007831 0.351465 0.045298
v -0.018081 0.694835 0.131968
v -0.017817 0.674136 -0.033081
v -0.017668 0.448729 0.312837
v -0.017460 0.442683 0.345515
v -0.017396 0.646599 -0.066683
v 0.000190 0.056171 -0.021699
v -0.013193 0.807250 0.262736
v -0.013163 0.807257 0.262739
v -0.016766 0.921984 -0.183721
v -0.016628 0.725643 0.353290
v -0.000167 0.055300 0.023016
v -0.016436 0.713894 0.163119
v -0.016379 0.015493 0.054349
v -0.015992 0.768533 0.011511
v -0.015932 0.819920 0.029017
v -0.015718 0.406686 0.058623
v -0.015628 0.902990 0.035893
v -0.015583 0.651789 0.232009
v -0.015528 0.783702 0.098635
v -0.015142 0.791195 0.349289
v -0.010558 0.217602 -0.001170
v -0.001350 0.212314 -0.008231
v -0.014519 0.688071 0.276087
v -0.014341 0.597904 0.284405
v -0.009556 0.358614 0.031473
v -0.003502 0.354307 0.029905
v -0.014257 0.739570 0.367540
v 0.003446 0.485684 -0.138263
v -0.013878 0.480637 0.211792
v -0.015250 0.478013 0.209376
v -0.013865 0.778879 0.326682
v -0.013852 0.694261 0.359320
v -0.013841 0.745065 0.039526
v -0.013574 0.819183 -0.060573
v -0.012602 0.741703 0.224926
v -0.012574 0.741656 0.224878
v -0.012760 0.741293 0.224944
v -0.013198 0.786753 0.161950
v -0.013055 -0.024848 -0.030342
v -0.013024 0.459827 0.338425
v -0.012969 0.967902 -0.140597
v -0.012740 0.865851 -0.157734
v -0.012557 0.482569 0.253344
v -0.010923 0.820426 -0.062274
v -0.011964 0.804019 0.359057
v -0.011870 0.860875 0.004084
v -0.011673 0.688806 -0.117537
v -0.011667 0.946024 0.124772
v -0.011505 0.861214 0.383196
v -0.011479 0.641861 -0.077185
v -0.011432 0.746602 0.225442
v -0.011256 0.746376 0.224263
v -0.011055 0.693871 0.348944
v -0.010892 0.041234 0.014818
v -0.010892 0.041234 0.014818
v -0.010780 0.890320 -0.108112
v -0.010775 0.478088 0.282651
v -0.010271 0.693229 0.216154
v -0.010475 0.693251 0.216164
v -0.010079 0.951687 0.141806
v -0.007166 0.480348 0.184247
v -0.009845 0.840371 -0.031222
v -0.009421 0.803916 0.077715
v -0.000502 0.355231 0.038038
v 0.001213 0.357231 0.035401
v -0.009399 0.448022 0.318632
v -0.009217 0.710598 0.264869
v -0.008897 0.495898 0.339841
v -0.008655 0.555168 0.375195
v -0.008650 0.555161 0.375194
v -0.000221 0.055795 -0.022513
v -0.008647 0.711126 0.121845
v -0.001117 0.477030 0.186184
v -0.006945 0.449943 0.318028
v -0.008342 0.475766 0.371778
v -0.008188 0.681845 -0.127560
v -0.004921 0.299520 0.029627
v -0.007923 0.291612 0.026799
v -0.004537 0.289831 0.026919
v -0.002121 0.513109 0.369539
v -0.007766 0.917270 0.041686
v -0.007731 0.892042 0.271420
v -0.007612 0.446415 0.250434
v -0.005004 0.834299 0.270155
v -0.007397 0.354089 -0.076763
v -0.007397 0.354089 -0.076763
v -0.007397 0.354089 -0.076763
v -0.007397 0.354089 -0.076763
v -0.007395 0.807874 0.149568
v -0.006840 0.979993 0.147797
v 0.004685 0.215751 0.003523
v -0.006775 0.501609 0.228564
v -0.006759 0.790996 0.331244
v -0.006573 0.716531 0.301711
v -0.006477 0.477982 0.217998
v -0.000180 0.055387 -0.022696
v -0.005940 0.785933 0.171268
v -0.006089 0.939327 -0.180712
v -0.006086 0.044309 -0.010754
v -0.006086 0.044309 -0.010754
v -0.006011 0.434301 0.391964
v -0.005875 0.678244 0.227527
v -0.005806 0.610310 0.185997
v -0.005612 0.854897 0.081538
v -0.005550 0.681328 0.277613
v -0.005531 0.586522 0.297814
v -0.005407 0.743208 -0.028529
v -0.005398 0.902522 -0.083136
v -0.003915 0.354577 0.030642
v -0.004427 0.355499 0.029159
v -0.005177 0.702546 0.153342
v -0.005176 -0.009219 0.036681
v -0.000051 0.056319 0.023127
v -0.004785 0.440208 0.410372
v -0.004751 0.845702 0.062088
v -0.004639 0.796454 -0.158531
v -0.004015 0.683063 0.179273
v -0.003907 0.465899 0.382672
v 0.007583 0.285729 0.009249
v 0.007463 0.285053 0.009168
v 0.000339 0.286255 0.013048
v -0.003773 0.823101 0.334439
v -0.003722 0.477096 0.280757
v 0.000169 0.758808 0.238758
v -0.003244 -0.038831 -0.109663
v -0.002607 0.787814 0.068513
v -0.002552 0.922216 -0.200738
v -0.002464 -0.023917 -0.123799
v -0.002464 -0.023917 -0.123799
v -0.002464 -0.023917 -0.123799
v -0.002464 -0.023917 -0.123799
v -0.002424 -0.003696 0.049577
v -0.002424 -0.003696 0.049577
v -0.002387 0.411019 0.419847
v -0.001019 0.476875 0.186002
v -0.000114 0.476628 0.185377
v -0.002285 0.031035 0.004799
v -0.002285 0.031035 0.004799
v -0.002185 0.617224 0.163705
v -0.002161 0.428538 0.298351
v 0.000748 0.481215 0.281110
v 0.000171 0.481919 0.280170
v -0.002026 0.663260 0.022834
v -0.001904 0.725521 0.199889
v -0.001660 0.174026 0.023431
v -0.001719 0.170099 -0.019854
v -0.001732 0.481932 0.353956
v -0.001733 0.174084 0.024064
v -0.001587 0.720069 0.156388
v -0.001574 0.808733 0.173185
v -0.001385 -0.003381 -0.123004
v -0.001537 -0.014983 -0.037927
v -0.001618 0.170151 -0.019215
v -0.001425 0.663367 0.157056
v -0.002151 0.507950 0.366120
v -0.000756 0.509401 0.367230
v -0.001104 0.219264 0.017182
v 0.007850 0.212537 -0.000590
v 0.011904 0.215873 0.002752
v -0.000938 0.678612 0.021394
v 0.001131 0.827867 -0.224283
v -0.000788 0.728491 0.292748
v -0.000696 0.212679 -0.010136
v -0.000518 0.053670 -0.023916
v -0.000050 0.055329 0.022870
v -0.000234 0.725543 0.254428
v -0.000059 0.820298 -0.258451
v 0.005493 0.476485 -0.139967
v 0.001313 0.809509 0.184659
v 0.000143 0.055401 -0.024108
v 0.000000 -0.000000 -0.023083
v 0.000010 0.070351 -0.019340
v 0.000000 0.055400 -0.023083
v 0.000000 0.055400 -0.023083
v -0.000364 0.056581 -0.023167
v 0.000000 0.078483 -0.000000
v 0.000000 0.078483 -0.000000
v 0.000000 0.078483 -0.000000
v 0.000000 0.078483 -0.000000
v -0.000010 0.070351 0.019340
v 0.000395 0.055258 0.022900
v 0.000045 0.055733 0.022246
v 0.000044 0.056721 0.022202
v 0.000000 0.055400 0.023083
v 0.000300 0.055400 0.022750
v 0.000370 0.446668 0.353026
v 0.000650 0.830789 -0.168943
v 0.000719 0.686960 0.135465
v 0.001037 0.355634 0.036637
v 0.001037 0.355634 0.036637
v 0.001037 0.355634 0.036637
v 0.001037 0.355634 0.036637
v 0.001083 0.830759 0.348329
v 0.001255 0.284143 -0.042529
v 0.001255 0.284143 -0.042529
v 0.001418 0.506245 0.231330
v 0.001543 0.670867 -0.011267
v 0.001614 0.828118 -0.234118
v 0.001780 0.773109 0.183757
v 0.002088 0.531913 0.400141
v 0.002139 0.833756 0.279225
v 0.008847 0.285946 0.008040
v 0.002210 0.889471 -0.169714
v 0.006843 0.822674 -0.199696
v 0.006850 0.822630 -0.199607
v 0.002497 0.602900 -0.166191
v 0.003429 0.827723 -0.222195
v 0.003307 0.764849 0.354764
v 0.003389 0.673901 -0.101068
v 0.003458 0.800791 -0.255321
v 0.003509 0.726143 0.251998
v 0.003726 0.657142 -0.191802
v 0.003734 0.479607 0.282720
v 0.006600 0.300596 0.031554
v 0.022748 0.283165 0.031976
v 0.003777 0.282367 0.039935
v 0.004038 0.634974 0.235821
v 0.004082 0.795965 0.009602
v 0.004140 0.678970 0.144023
v 0.015749 0.056908 -0.003835
v 0.004161 0.784740 -0.152887
v 0.004259 0.887594 -0.233655
v 0.004283 0.563248 0.212468
v 0.004563 0.781483 0.195236
v 0.004628 0.797079 -0.109050
v 0.008229 0.820113 -0.186911
v 0.005485 0.817254 -0.188087
v 0.004785 0.689821 0.193835
v 0.004795 0.872077 0.196758
v 0.004859 0.512793 0.373548
v 0.004912 0.918074 -0.105203
v 0.004955 0.491490 0.264741
v 0.005691 0.822110 -0.184888
v 0.005713 0.719120 0.332412
v 0.005934 0.930078 -0.126009
v 0.006195 0.459332 0.317107
v 0.006297 0.710919 0.282377
v 0.006339 0.511270 0.358521
v 0.006392 0.772712 0.249664
v 0.006511 0.886668 -0.174898
v 0.006704 0.300778 0.030977
v 0.006754 0.790447 -0.260726
v 0.006780 0.921666 -0.120633
v 0.006884 0.797335 0.057706
v 0.006888 0.679381 0.358575
v 0.006903 0.513328 0.267359
v 0.006987 0.291815 0.013663
v 0.006987 0.291815 0.013663
v 0.007379 0.887669 0.060666
v 0.007562 0.555433 0.371000
v 0.007785 0.761470 0.352651
v 0.009084 0.705449 0.283492
v 0.009758 0.705761 0.283279
v 0.009852 0.705292 0.284075
v 0.007867 0.803087 -0.309705
v 0.007920 0.285319 0.009268
v 0.013325 -0.028212 0.099547
v 0.008101 0.819526 -0.186302
v 0.008246 0.690234 0.177879
v 0.008389 0.821560 -0.189685
v 0.008512 0.823234 0.007019
v 0.008943 0.486239 0.434321
v 0.009312 0.800324 0.232599
v 0.009712 0.453598 0.299948
v 0.009772 0.850960 0.316806
v 0.009911 0.454441 0.300082
v 0.010110 0.409415 -0.110392
v 0.010110 0.409415 -0.110392
v 0.012360 -0.025190 0.103025
v 0.010284 0.622038 -0.079197
v 0.010351 0.795560 -0.109436
v 0.010445 0.472392 0.220180
v 0.010654 0.716528 0.124593
v 0.013051 0.812051 -0.073157
v 0.015341 0.769695 0.199171
v 0.015309 0.769751 0.199152
v 0.014878 0.769091 0.198673
v 0.014388 0.769369 0.198616
v 0.011164 0.507600 0.325384
v 0.011191 0.664947 0.224659
v 0.011416 0.773587 0.043889
v 0.011426 0.418875 0.412938
v 0.011451 0.819440 -0.100715
v 0.012326 0.559700 0.368752
v 0.012097 0.557868 0.367308
v 0.011524 0.907664 -0.254484
v 0.011656 0.028333 -0.008164
v 0.014893 0.487421 -0.140139
v 0.012146 0.853075 0.013603
v 0.012379 0.777070 0.247736
v 0.012439 0.791239 -0.260532
v 0.012475 0.844908 0.072345
v 0.014945 0.487769 -0.139648
v 0.021501 0.474071 -0.138192
v 0.012867 0.787529 -0.098903
v 0.012882 0.502749 0.214579
v 0.012983 0.717054 0.103759
v 0.008604 0.555361 0.368521
v 0.012756 0.811996 -0.072846
v 0.013037 0.216601 0.004652
v 0.013125 0.216842 0.003523
v 0.013125 0.216842 0.003523
v 0.013127 0.215132 0.003523
v 0.013231 0.627701 -0.135352
v 0.013321 0.891598 -0.124048
v 0.013360 0.725277 0.247603
v 0.016560 -0.022113 -0.116361
v 0.013788 0.777950 0.096739
v 0.015446 0.691272 0.325855
v 0.014175 0.830887 0.375334
v 0.014044 0.673203 -0.098061
v 0.014339 0.531345 0.393781
v 0.014628 0.654793 0.195124
v 0.017012 0.003909 0.036741
v 0.014715 0.711044 0.283135
v 0.014944 0.499682 0.317938
v 0.014946 0.843667 0.249833
v 0.015395 0.043332 0.010313
v 0.015762 0.703010 0.237683
v 0.016403 0.703080 0.237606
v 0.015444 0.691274 0.325858
v 0.016503 0.284209 0.028770
v 0.016477 0.286829 0.026206
v 0.017272 0.451501 0.192867
v 0.024657 0.446885 0.192054
v 0.020721 0.446851 0.196407
v 0.015782 0.809233 0.175254
v 0.015826 0.771323 0.243168
v 0.015887 0.554922 0.373890
v 0.015981 0.507566 0.328063
v 0.016031 0.529890 0.298045
v 0.016118 0.781071 0.305511
v 0.018480 0.059117 0.003493
v 0.018675 0.059400 -0.003279
v 0.016323 0.876908 0.067710
v 0.025669 -0.025461 0.113067
v 0.016515 0.679583 -0.008475
v 0.016608 0.738760 0.385481
v 0.016788 0.683085 0.188290
v 0.016810 0.783728 0.000918
v 0.016828 0.662598 0.289957
v 0.016859 0.775388 0.199305
v 0.017033 0.703319 0.238066
v 0.020656 0.534075 -0.129430
v 0.020828 0.534248 -0.136968
v 0.017104 0.865131 0.004255
v 0.023966 0.358614 0.021383
v 0.017130 0.355725 0.020463
v 0.024963 0.350760 0.019587
v 0.019937 0.026695 -0.014649
v 0.017268 0.688059 0.265558
v 0.017320 0.726557 0.216709
v 0.017338 0.748444 -0.222023
v 0.017599 0.775871 0.093099
v 0.017787 0.964300 0.165296
v 0.017838 0.696185 -0.071430
v 0.017988 0.891053 0.243177
v 0.018021 0.503013 0.289779
v 0.018061 0.515153 0.395311
v 0.018214 0.783153 -0.104789
v 0.018401 0.427669 0.242251
v 0.018454 0.799530 -0.186854
v 0.018588 0.779116 0.351380
v 0.018604 0.505079 0.251204
v 0.018686 0.282570 0.026799
v 0.018686 0.282570 0.026799
v 0.019756 0.281179 0.028375
v 0.018867 0.762329 -0.043772
v 0.019487 0.782010 0.202756
v 0.019496 0.193702 0.000680
v 0.021037 0.731979 0.213610
v 0.019994 0.172527 0.001680
v 0.020070 0.172472 0.001793
v 0.021362 0.727263 0.209757
v 0.024800 0.730497 0.212746
v 0.024295 0.731031 0.212936
v 0.020059 0.877542 -0.132579
v 0.020499 0.172464 0.002268
v 0.020085 0.172477 0.002456
v 0.022598 0.807015 0.204167
v 0.020368 0.759098 0.159567
v 0.020393 0.803548 -0.104225
v 0.020470 0.852941 -0.097531
v 0.020670 0.888121 -0.216397
v 0.020733 0.477244 0.181701
v 0.020923 0.614593 0.001472
v 0.021111 0.951315 0.170751
v 0.025623 0.036819 -0.013884
v 0.021536 0.744581 0.140487
v 0.021794 0.724092 -0.095696
v 0.024037 0.730827 0.213494
v 0.023063 0.686499 0.213778
v 0.022897 0.686542 0.213788
v 0.022089 0.563576 0.326980
v 0.022568 0.350209 0.022019
v 0.027390 0.350413 0.020315
v 0.024044 0.356130 0.015883
v 0.022436 0.423549 0.246831
v 0.027753 0.804424 -0.079253
v 0.027676 0.804021 -0.079882
v 0.026306 0.806649 -0.079304
v 0.022383 0.843904 0.078144
v 0.022542 0.686013 0.207695
v 0.022548 0.955762 -0.085691
v 0.022670 0.662628 0.303825
v 0.022691 0.809305 -0.083503
v 0.023442 0.474274 -0.134678
v 0.022021 0.475951 -0.138646
v 0.022749 0.659364 -0.060106
v 0.022907 0.591385 0.140531
v 0.022933 0.466459 0.191058
v 0.026770 0.449678 0.192452
v 0.025448 0.448997 0.192033
v 0.023604 0.455144 0.191191
v 0.023842 0.055543 -0.000781
v 0.023083 0.000000 0.000000
v 0.023083 0.000000 0.000000
v 0.023083 0.055400 -0.000000
v 0.023083 0.055400 -0.000000
v 0.023083 0.055400 -0.000000
v 0.023083 0.055400 -0.000000
v 0.023083 0.055400 -0.000000
v 0.023083 0.055400 -0.000000
v 0.023083 0.055400 -0.000000
v 0.023083 0.055400 -0.000000
v 0.023083 0.055400 -0.000000
v 0.023083 0.055400 -0.000000
v 0.023083 0.055400 -0.000000
v 0.023083 0.055400 -0.000000
v 0.023083 0.055400 -0.000000
v 0.023083 0.055400 -0.000000
v 0.023170 0.655757 0.156569
v 0.024114 0.731218 0.212309
v 0.023302 0.881099 0.064704
v 0.023374 0.764601 0.301689
v 0.023632 0.650181 -0.058712
v 0.023841 0.448580 0.322663
v 0.024851 0.449944 0.319284
v 0.024309 0.876116 -0.123541
v 0.024486 0.472673 -0.135302
v 0.026105 0.544913 0.429507
v 0.024594 0.731343 -0.169056
v 0.029424 0.804214 -0.074976
v 0.024939 0.670485 -0.144036
v 0.025071 0.769923 0.324291
v 0.025103 0.520122 0.362409
v 0.025186 0.792144 0.308774
v 0.025196 0.449030 0.192348
v 0.025246 0.416917 0.398495
v 0.025459 0.849065 -0.224932
v 0.025709 0.840820 -0.092357
v 0.025944 -0.026239 0.112826
v 0.026329 -0.025587 0.113006
v 0.025726 0.451531 0.287612
v 0.025824 0.648946 -0.226833
v 0.027494 0.718552 0.325499
v 0.035325 0.433449 0.125580
v 0.034392 0.433505 0.125487
v 0.025881 0.839668 -0.021172
v 0.025994 0.790136 0.034265
v 0.026051 0.837396 -0.110398
v 0.032640 0.774728 -0.139785
v 0.034619 0.773965 -0.138693
v 0.027382 0.775035 -0.144386
v 0.026543 0.527561 0.406897
v 0.026568 0.809771 -0.080427
v 0.026596 0.468604 0.371599
v 0.026814 0.773475 -0.146772
v 0.026828 0.690115 0.319434
v 0.026839 0.940539 -0.238105
v 0.026867 0.539230 0.253003
v 0.026889 0.652248 0.241808
v 0.026922 0.835844 0.069258
v 0.027013 0.943532 0.173345
v 0.026563 0.352113 0.021654
v 0.027118 0.351179 0.020171
v 0.027501 0.546942 0.321564
v 0.030502 0.689685 -0.129433
v 0.029494 0.689184 0.313360
v 0.031417 0.687332 0.312056
v 0.039296 0.529850 -0.132828
v 0.028139 0.805895 -0.316305
v 0.035836 0.689302 -0.135269
v 0.036873 0.689273 -0.136465
v 0.039182 0.529534 -0.133363
v 0.032066 0.590703 -0.127255
v 0.030846 0.590749 -0.134315
v 0.028305 0.591119 -0.131520
v 0.028505 0.779258 0.055242
v 0.028522 0.757591 0.371069
v 0.028663 0.755090 0.225197
v 0.029178 0.757306 0.292839
v 0.032931 0.800855 -0.167421
v 0.033339 0.801928 -0.168123
v 0.031193 0.800189 -0.166760
v 0.029225 0.487135 0.247300
v 0.026803 0.687689 0.314288
v 0.035021 0.772102 -0.105364
v 0.029314 0.827625 0.317986
v 0.029502 0.623070 0.123146
v 0.029609 0.690548 0.320120
v 0.029700 0.805901 -0.058053
v 0.032283 0.692842 0.261688
v 0.029830 0.686456 0.120818
v 0.031059 0.454089 0.230414
v 0.030193 0.481169 0.310795
v 0.033663 0.807337 -0.066570
v 0.030767 0.698402 -0.174512
v 0.030808 0.898415 -0.054358
v 0.031018 0.806425 0.212419
v 0.031110 -0.002655 -0.034680
v 0.031110 -0.002655 -0.034680
v 0.031250 0.781194 0.195752
v 0.032107 0.861665 -0.137118
v 0.032220 0.796384 -0.171845
v 0.032267 0.634333 0.015140
v 0.033644 0.799899 -0.169077
v 0.032721 0.789878 0.106853
v 0.033042 0.867011 0.207466
v 0.033045 0.846569 -0.001139
v 0.033119 0.598538 -0.119650
v 0.033236 0.751920 -0.180609
v 0.036681 0.743900 -0.116973
v 0.033330 0.862563 -0.303707
v 0.033467 0.917404 -0.243182
v 0.042755 0.416709 0.085454
v 0.043187 0.418992 0.083863
v 0.032971 0.059504 -0.013732
v 0.033871 0.807224 -0.066533
v 0.034024 0.843341 0.162013
v 0.034044 0.999565 -0.081080
v 0.034054 0.459503 0.247882
v 0.034073 0.659112 -0.103599
v 0.034132 0.862452 -0.236998
v 0.034161 0.510109 0.348082
v 0.035921 0.042239 0.004905
v 0.034270 0.875805 0.034163
v 0.034404 0.646949 -0.045713
v 0.034437 0.797412 0.354158
v 0.034475 0.794554 0.296678
v 0.034604 0.941822 -0.018628
v 0.034796 0.854976 0.175912
v 0.034886 0.475937 0.397424
v 0.034953 0.799091 0.151702
v 0.035091 0.784787 0.007435
v 0.035414 0.771343 -0.153858
v 0.036129 0.771155 -0.153560
v 0.035265 0.796505 0.342669
v 0.035345 0.476781 0.150161
v 0.035364 0.929245 0.256589
v 0.037073 0.831096 -0.231131
v 0.035578 0.830927 -0.240826
v 0.035682 0.769129 -0.037260
v 0.035706 0.719735 0.332920
v 0.035759 0.021993 -0.053697
v 0.040038 0.767735 -0.147026
v 0.035989 0.872615 -0.087628
v 0.036067 0.793565 0.066668
v 0.036071 0.837150 -0.236956
v 0.036085 0.653701 -0.150518
v 0.036117 -0.018522 0.014788
v 0.036117 -0.018522 0.014788
v 0.036178 0.422728 0.257249
v 0.036289 0.741812 -0.071521
v 0.036323 0.752464 0.096432
v 0.088684 0.476763 0.301364
v 0.036594 0.878232 -0.076901
v 0.036968 0.840954 -0.115256
v 0.037186 0.890553 -0.265340
v 0.037334 0.900836 -0.041620
v 0.037489 0.678263 -0.014337
v 0.037724 0.835683 0.301756
v 0.037754 0.514198 0.177943
v 0.038211 0.900572 -0.155769
v 0.038224 0.685567 0.205693
v 0.040584 0.678986 0.212051
v 0.040466 0.675691 0.212617
v 0.038380 0.691038 -0.117006
v 0.046459 0.689290 -0.128938
v 0.047239 0.690682 -0.128035
v 0.038537 0.810542 0.271850
v 0.038999 0.831703 -0.228555
v 0.038713 0.734645 0.322520
v 0.038991 0.977687 0.181219
v 0.039014 0.618731 0.051076
v 0.039161 0.822659 0.391609
v 0.039236 0.529742 -0.133103
v 0.039236 0.529742 -0.133103
v 0.039328 0.527780 0.285664
v 0.039375 0.732001 -0.119494
v 0.039926 0.448887 0.325666
v 0.039980 0.448884 0.325676
v 0.051972 0.589348 -0.130210
v 0.039599 0.589639 -0.120147
v 0.051903 0.588579 -0.132812
v 0.039680 0.590529 -0.142893
v 0.041719 0.564842 0.314953
v 0.040205 0.409812 0.062229
v 0.041308 0.407639 0.063853
v 0.041467 0.412765 0.059791
v 0.039771 0.774560 0.292512
v 0.039888 0.835405 -0.134664
v 0.038229 0.679225 0.211750
v 0.040142 0.853201 -0.152663
v 0.040153 0.928021 0.087284
v 0.040163 0.656403 -0.040326
v 0.040238 0.917499 -0.241157
v 0.040377 0.943730 -0.074233
v 0.040398 0.869173 -0.117404
v 0.040595 0.858743 0.271529
v 0.053782 0.842251 -0.159806
v 0.040734 0.798529 0.131015
v 0.040785 0.472067 0.239644
v 0.040964 0.668335 0.047499
v 0.041048 0.726983 0.226982
v 0.041146 0.721345 0.169432
v 0.041165 0.815162 -0.023608
v 0.049662 0.690670 0.204700
v 0.049657 0.689926 0.204168
v 0.042519 0.689767 0.203191
v 0.045475 0.687518 0.207836
v 0.041646 0.840048 -0.161756
v 0.041732 0.443695 0.224228
v 0.041742 0.851014 -0.135983
v 0.041804 0.687457 0.265704
v 0.041874 0.847186 -0.270342
v 0.042090 0.538545 0.253820
v 0.042518 0.471350 0.361559
v 0.045882 0.818626 -0.041246
v 0.042632 0.909214 -0.184516
v 0.044849 0.891552 0.335740
v 0.042822 0.830522 0.290407
v 0.042916 0.627932 -0.102013
v 0.043018 0.799263 -0.165346
v 0.043032 0.849519 -0.091007
v 0.043531 0.775069 -0.079731
v 0.043580 0.909167 0.075190
v 0.078088 0.406594 0.076991
v 0.043898 0.812996 0.106726
v 0.044155 0.823127 -0.196200
v 0.044416 0.686073 0.136799
v 0.044431 0.625184 -0.035021
v 0.044666 0.673604 -0.100106
v 0.044855 0.771295 -0.145960
v 0.044579 0.771551 -0.144462
v 0.044081 0.771331 -0.145328
v 0.044579 0.771551 -0.144462
v 0.044579 0.771551 -0.144462
v 0.044601 0.810780 0.280135
v 0.044669 0.673597 -0.100106
v 0.044683 0.751295 -0.171304
v 0.044825 0.942214 -0.010680
v 0.044919 0.648752 -0.028343
v 0.045032 0.661425 0.046512
v 0.048614 0.403155 0.059578
v 0.047439 0.402467 0.059290
v 0.050933 0.413523 0.054043
v 0.047929 0.816070 -0.195521
v 0.044653 0.817526 -0.197550
v 0.045120 0.669804 0.173897
v 0.045171 0.859602 0.321925
v 0.045192 0.802990 -0.060506
v 0.049785 0.691107 0.204158
v 0.045701 0.920024 0.193197
v 0.045712 0.000213 0.034799
v 0.045750 0.942301 0.095431
v 0.045857 0.718622 0.392636
v 0.049813 0.690167 0.204267
v 0.046155 0.803692 0.051644
v 0.046396 0.816447 -0.043785
v 0.046306 0.759532 0.304830
v 0.046437 0.861639 -0.122058
v 0.046628 0.890406 0.347134
v 0.046675 0.948330 0.201543
v 0.046931 0.808725 0.340431
v 0.047059 0.782958 -0.095496
v 0.047098 0.683053 0.250415
v 0.053432 0.731297 0.237531
v 0.047215 0.403126 0.060257
v 0.047215 0.403126 0.060257
v 0.047215 0.403126 0.060257
v 0.047303 0.870333 -0.235884
v 0.047438 0.759202 0.141457
v 0.047583 0.840193 -0.099181
v 0.047674 0.448991 0.399072
v 0.045399 0.815496 -0.195052
v 0.047698 0.417066 0.351305
v 0.047706 0.828906 0.239706
v 0.047785 0.690776 -0.178194
v 0.048839 0.861324 0.354494
v 0.050984 0.851639 0.318853
v 0.054915 0.846749 0.318421
v 0.053486 0.849522 0.317009
v 0.049604 0.853098 0.314929
v 0.048052 0.765749 0.279545
v 0.052927 0.465053 0.251055
v 0.048120 0.473458 0.298295
v 0.048496 0.626962 -0.092985
v 0.048340 0.690238 -0.126998
v 0.048666 0.690264 -0.127133
v 0.048222 0.690266 -0.126932
v 0.048666 0.690264 -0.127133
v 0.048719 0.776210 0.200594
v 0.048745 0.822366 0.120953
v 0.048798 0.448235 0.318826
v 0.048941 0.923522 -0.075626
v 0.048976 0.778108 -0.007967
v 0.049082 0.853938 0.315539
v 0.049487 0.927593 0.094582
v 0.049133 0.829760 0.015255
v 0.054872 0.811025 0.293211
v 0.051452 0.448045 0.390189
v 0.049343 0.896635 -0.057856
v 0.049402 0.771371 -0.132365
v 0.049435 0.757927 -0.019688
v 0.053783 0.841632 -0.158848
v 0.052206 0.843040 -0.157551
v 0.053737 0.840611 -0.154043
v 0.050138 0.690303 0.204617
v 0.050138 0.690303 0.204617
v 0.050214 0.892119 -0.221666
v 0.050238 0.721216 -0.140007
v 0.050348 0.890737 -0.163987
v 0.050458 0.822274 0.391371
v 0.050492 0.853474 -0.118767
v 0.050497 0.833433 0.013652
v 0.055246 0.848840 0.315140
v 0.051506 0.846680 0.317264
v 0.056843 0.778211 0.261742
v 0.056846 0.778320 0.261808
v 0.056250 0.783101 0.257322
v 0.050886 0.877297 -0.265160
v 0.050888 0.822902 -0.195155
v 0.050919 0.862185 0.365819
v 0.050954 0.692702 0.387984
v 0.050974 0.589048 -0.131520
v 0.050974 0.589048 -0.131520
v 0.050974 0.589048 -0.131520
v 0.050974 0.589048 -0.131520
v 0.051083 0.512365 0.222198
v 0.051137 0.339550 0.054867
v 0.051209 0.796040 0.317550
v 0.051201 0.796032 0.317518
v 0.051251 0.447759 0.331582
v 0.051474 0.898363 0.160577
v 0.051659 0.819192 -0.033729
v 0.051856 0.806732 -0.155118
v 0.054600 0.693116 0.360886
v 0.052170 0.787780 -0.058635
v 0.052191 0.685888 0.221993
v 0.052311 0.766001 0.286310
v 0.052883 0.449676 0.387740
v 0.053170 0.849974 0.316882
v 0.052819 0.811106 0.169808
v 0.052913 0.711991 0.190494
v 0.052990 0.835769 -0.242975
v 0.053210 0.749971 -0.049690
v 0.054702 0.943189 0.103061
v 0.053361 0.865402 0.010699
v 0.055532 0.448024 0.324860
v 0.053717 0.647710 -0.075740
v 0.053874 0.904020 -0.225847
v 0.055499 0.780164 0.261216
v 0.053951 0.007710 -0.015664
v 0.054001 0.808530 -0.174754
v 0.054074 0.791438 0.285386
v 0.054524 0.648060 0.084433
v 0.058395 0.905265 -0.178216
v 0.054579 0.468861 0.333911
v 0.054584 0.840099 -0.061683
v 0.054588 0.642473 -0.010497
v 0.054658 0.896376 0.005278
v 0.054737 0.715848 -0.139800
v 0.054784 0.839979 0.085475
v 0.055611 0.448753 0.324929
v 0.055665 0.448770 0.324920
v 0.054949 0.862550 0.311381
v 0.054979 0.839597 0.387261
v 0.061540 0.875745 -0.172074
v 0.055735 0.871469 -0.168214
v 0.066487 0.870303 -0.169713
v 0.061123 0.875896 -0.161669
v 0.055206 0.807993 -0.132525
v 0.055425 0.501330 0.201804
v 0.055483 0.691384 0.178310
v 0.055669 0.658638 -0.009601
v 0.055775 0.450735 0.412293
v 0.066548 0.837625 -0.157419
v 0.056378 0.803443 -0.151676
v 0.056829 0.466143 0.305103
v 0.056871 0.721570 0.258415
v 0.056872 0.902328 -0.189551
v 0.056901 0.487762 0.428722
v 0.057113 0.688291 0.070322
v 0.057160 0.831602 0.040791
v 0.057473 0.432332 0.271194
v 0.057518 0.812375 0.153954
v 0.057644 0.673977 -0.157986
v 0.057797 0.460020 0.230177
v 0.063410 0.838014 -0.158797
v 0.065727 0.838187 -0.156327
v 0.062251 0.836733 -0.159813
v 0.059579 0.820104 -0.197862
v 0.059548 0.820106 -0.197856
v 0.057936 0.433977 -0.123278
v 0.066563 0.835181 -0.160069
v 0.058169 0.446224 0.355796
v 0.058761 0.673524 -0.105802
v 0.058944 0.544991 0.322533
v 0.060608 0.795120 0.303564
v 0.059890 0.795334 0.303466
v 0.059461 0.453569 0.342569
v 0.059505 0.835212 -0.169208
v 0.065044 0.651199 0.182409
v 0.063352 0.645289 0.185186
v 0.064187 0.645371 0.185442
v 0.061536 0.645078 0.183463
v 0.059726 0.787907 0.053903
v 0.061473 0.672819 -0.101085
v 0.060182 0.781701 -0.230504
v 0.060209 0.877972 -0.162132
v 0.060256 0.763267 0.081858
v 0.064475 0.406127 0.000670
v 0.066356 0.408653 0.007698
v 0.060315 0.411062 0.005198
v 0.060318 0.673783 -0.102609
v 0.066853 0.406749 0.082163
v 0.064352 0.407853 0.080995
v 0.060498 0.412128 0.075898
v 0.060498 0.412128 0.075898
v 0.060571 0.694291 0.369522
v 0.060574 0.840897 0.236460
v 0.060645 0.874550 -0.164779
v 0.061348 0.672871 -0.101141
v 0.061324 0.672870 -0.101143
v 0.060875 0.796354 0.304186
v 0.062579 0.671385 -0.117947
v 0.062598 0.671194 -0.117830
v 0.068640 0.866537 -0.173192
v 0.065146 0.873600 -0.168134
v 0.061004 0.732938 0.235837
v 0.061030 0.431382 0.256746
v 0.061981 0.902360 -0.176849
v 0.061995 0.902232 -0.177959
v 0.061498 0.665744 -0.252790
v 0.061752 0.796512 0.306424
v 0.061886 0.628670 -0.221840
v 0.062309 0.927553 -0.117315
v 0.063799 0.672736 -0.148526
v 0.062503 0.770423 0.325097
v 0.062505 0.478079 0.279349
v 0.062690 0.521959 0.342653
v 0.062759 0.839639 -0.138386
v 0.062777 0.816363 0.146714
v 0.062858 0.870664 -0.113942
v 0.067366 0.405476 0.007506
v 0.061944 0.407587 0.010147
v 0.063118 0.713701 -0.155908
v 0.063456 0.456413 0.332553
v 0.063880 0.821800 0.099970
v 0.063895 0.904725 0.010636
v 0.063961 0.845879 -0.070731
v 0.066046 0.831178 0.096130
v 0.065363 0.831151 0.096035
v 0.064467 0.446424 0.273109
v 0.064844 0.648101 0.056039
v 0.064909 0.646442 -0.205498
v 0.064921 0.949737 -0.058820
v 0.064977 0.835579 0.092464
v 0.065066 0.912700 0.109907
v 0.067578 0.882401 -0.196083
v 0.065956 0.871387 -0.169400
v 0.065720 0.871685 -0.171190
v 0.065739 0.500524 0.408931
v 0.065773 0.496117 0.356749
v 0.065777 0.719675 -0.054577
v 0.067120 0.837805 -0.156735
v 0.065850 0.837938 -0.156924
v 0.065850 0.837938 -0.156924
v 0.065881 0.424750 0.408359
v 0.066017 0.884739 -0.039787
v 0.071633 0.643830 0.181717
v 0.072492 0.644297 0.180576
v 0.071804 0.642346 0.182831
v 0.066323 0.416096 0.405914
v 0.066349 0.776321 0.136512
v 0.068505 0.406641 0.001978
v 0.066550 0.702531 -0.050339
v 0.066899 0.870209 -0.169719
v 0.066899 0.870209 -0.169719
v 0.066943 0.836137 0.095289
v 0.067026 0.647492 -0.059731
v 0.075386 0.475655 0.274909
v 0.067734 0.479181 0.272944
v 0.068563 0.477252 0.277393
v 0.067236 0.828723 0.124500
v 0.067614 0.837421 -0.305052
v 0.067799 0.646893 0.047288
v 0.070528 0.901953 0.114191
v 0.073865 0.898108 0.112497
v 0.073308 0.899727 0.114878
v 0.072735 0.899637 0.114441
v 0.068022 0.880728 -0.162155
v 0.070279 0.552396 0.261985
v 0.070347 0.552410 0.261865
v 0.068956 0.649267 0.044714
v 0.068189 0.868372 0.094299
v 0.068371 0.471871 0.390353
v 0.069837 0.835009 0.080042
v 0.069795 0.834918 0.080040
v 0.068587 0.404674 0.084735
v 0.081982 0.397552 0.078178
v 0.068738 0.865010 0.160025
v 0.068853 0.712918 0.081212
v 0.071393 0.415885 0.059217
v 0.073106 0.415871 0.059344
v 0.069111 0.403804 0.005198
v 0.069129 0.561490 0.284457
v 0.069439 0.829983 -0.152403
v 0.069515 0.471896 0.273336
v 0.069531 0.717736 0.208365
v 0.083963 0.528004 0.152794
v 0.069573 0.750357 0.253836
v 0.069694 0.809613 0.147994
v 0.069725 0.778675 0.024917
v 0.070680 0.645630 0.182725
v 0.072012 0.645003 0.181143
v 0.070269 0.534347 0.197413
v 0.070314 0.807534 0.147631
v 0.074294 0.899189 0.115787
v 0.070615 0.785748 0.208890
v 0.070647 0.749820 0.232457
v 0.080923 0.911479 -0.139229
v 0.070813 0.882677 -0.206035
v 0.070909 0.856458 -0.273217
v 0.074251 0.882936 0.325180
v 0.071088 0.471699 0.380439
v 0.071123 0.422028 0.342924
v 0.071140 0.713098 0.114998
v 0.076854 0.405090 0.077127
v 0.074645 0.409404 0.080706
v 0.071412 0.413495 0.067062
v 0.071460 0.492484 0.365191
v 0.071758 0.840414 0.232374
v 0.071979 0.820591 -0.153645
v 0.072771 0.900166 0.115337
v 0.072438 0.644477 0.181244
v 0.072438 0.644477 0.181244
v 0.072438 0.644477 0.181244
v 0.072526 0.412589 0.063960
v 0.071323 0.412522 0.063782
v 0.076315 0.623237 -0.126689
v 0.076371 0.622995 -0.126351
v 0.072680 0.628107 -0.126676
v 0.073001 0.926284 0.226068
v 0.073278 0.808184 -0.156947
v 0.073371 0.851961 -0.277439
v 0.073390 0.818636 0.201494
v 0.073510 0.450268 0.344414
v 0.073569 0.914502 -0.144017
v 0.076067 0.905879 -0.137804
v 0.084939 0.905077 -0.140363
v 0.073736 0.907058 -0.140745
v 0.073653 0.751588 0.267494
v 0.086538 0.469131 0.121821
v 0.074000 0.481411 0.273336
v 0.071901 0.480175 0.272351
v 0.073484 0.479838 0.265801
v 0.074104 0.911699 -0.140493
v 0.074206 0.677279 0.182532
v 0.079897 0.477134 0.348736
v 0.072643 0.623482 -0.124925
v 0.079972 0.895225 -0.182911
v 0.074481 0.822857 -0.048397
v 0.074492 0.829587 -0.174636
v 0.087184 -0.003174 -0.090389
v 0.074584 0.908571 0.116271
v 0.080290 0.853333 0.121495
v 0.080299 0.853263 0.121505
v 0.074985 0.732275 0.232389
v 0.075087 0.917150 -0.150016
v 0.075192 0.912762 0.120021
v 0.077699 0.627101 -0.129511
v 0.076361 0.843653 0.051030
v 0.075393 0.756978 0.254011
v 0.075475 0.932637 0.214537
v 0.075515 0.725928 0.311536
v 0.075618 0.799732 0.199025
v 0.075682 0.813245 0.114266
v 0.075692 0.861646 -0.227990
v 0.075718 0.642120 -0.176874
v 0.075794 0.642237 -0.078485
v 0.075815 0.769864 0.110716
v 0.088545 0.524735 0.161857
v 0.076067 0.810255 -0.297953
v 0.076147 0.477887 0.282112
v 0.076290 0.862427 -0.167217
v 0.076298 0.790866 0.071317
v 0.076396 0.808001 -0.136716
v 0.076485 0.626762 0.113419
v 0.076562 0.784274 -0.136892
v 0.077775 0.670085 -0.079121
v 0.077779 0.670105 -0.079116
v 0.081490 0.944095 -0.133504
v 0.077382 0.905072 0.013974
v 0.083383 -0.020910 -0.065383
v 0.083203 -0.020244 -0.072724
v 0.077842 0.417328 0.329484
v 0.078031 0.446706 0.280168
v 0.078242 0.608477 -0.079067
v 0.078259 0.842887 -0.238551
v 0.078447 0.671061 -0.166645
v 0.078479 0.827628 0.024350
v 0.078963 0.830133 -0.108008
v 0.079090 0.775760 -0.261004
v 0.082803 0.830728 -0.202107
v 0.086551 0.901828 -0.138925
v 0.079277 0.729970 0.366086
v 0.081972 0.855107 -0.169493
v 0.081425 0.858709 -0.169217
v 0.079501 0.406042 0.075898
v 0.079501 0.406042 0.075898
v 0.079501 0.406042 0.075898
v 0.079501 0.406042 0.075898
v 0.079560 0.636597 0.283852
v 0.087210 0.903089 -0.143373
v 0.078712 0.472934 0.344093
v 0.080386 0.472477 0.343327
v 0.096889 0.755496 0.143648
v 0.079973 0.862181 -0.175108
v 0.080026 0.855164 -0.183846
v 0.080086 0.596350 -0.053946
v 0.085605 0.497821 0.366608
v 0.080574 0.676860 0.173536
v 0.079130 0.854816 -0.170632
v 0.080635 0.478369 0.355968
v 0.081135 0.828113 -0.202338
v 0.080931 0.890934 -0.181115
v 0.080547 0.890094 -0.181995
v 0.089967 0.483911 0.319381
v 0.091092 0.485247 0.318245
v 0.081056 0.974534 -0.021563
v 0.081067 0.804474 0.020771
v 0.081089 0.823501 -0.259684
v 0.081377 0.844660 0.040789
v 0.081519 0.485051 0.302217
v 0.081633 0.661039 0.318620
v 0.081672 0.874387 -0.061218
v 0.081945 0.836615 -0.303577
v 0.087680 0.479026 0.286862
v 0.082043 0.586714 0.169992
v 0.095298 0.527417 0.154023
v 0.082146 0.527319 0.154426
v 0.082222 0.530402 0.357644
v 0.082264 0.624051 0.374017
v 0.087309 0.488709 0.386969
v 0.082409 0.599020 0.298171
v 0.082496 0.843285 0.127219
v 0.082496 0.687395 -0.007444
v 0.082553 0.682216 0.176093
v 0.082637 0.689553 -0.208584
v 0.082691 0.833346 0.234576
v 0.082895 0.781394 0.267748
v 0.083160 0.658452 0.370219
v 0.083231 0.870440 -0.058924
v 0.083240 0.453338 0.431769
v 0.083335 0.596268 -0.037835
v 0.086404 0.941634 0.123387
v 0.083635 0.611400 -0.172617
v 0.083916 0.647395 -0.040211
v 0.083969 0.473416 0.289672
v 0.084021 0.796529 -0.195367
v 0.090078 0.808140 0.130673
v 0.090153 0.808206 0.130635
v 0.084532 0.809088 0.133022
v 0.084095 0.772074 -0.065885
v 0.084329 0.755755 -0.052779
v 0.084658 0.940481 -0.133529
v 0.084718 0.940689 -0.134634
v 0.084426 0.483281 0.293279
v 0.084462 0.900124 -0.084601
v 0.084562 0.664103 0.268120
v 0.084598 0.821541 0.162182
v 0.084253 0.905966 -0.139232
v 0.084410 0.906175 -0.141058
v 0.084773 0.472353 0.414654
v 0.085150 0.882623 0.325216
v 0.085238 0.904889 -0.140382
v 0.085238 0.904889 -0.140382
v 0.085274 0.918501 0.221906
v 0.090910 0.468465 0.312707
v 0.089226 0.467844 0.310798
v 0.092740 0.476248 0.312026
v 0.085560 0.790196 0.012015
v 0.085790 0.451324 0.245657
v 0.085821 0.893328 -0.190665
v 0.085875 0.681434 -0.100848
v 0.085930 0.694703 0.389753
v 0.086213 0.804289 0.006026
v 0.086427 0.641141 0.209813
v 0.086700 0.870385 -0.266454
v 0.086754 0.711246 -0.037091
v 0.086974 0.598773 -0.144679
v 0.089781 0.806904 0.130184
v 0.087104 0.761633 0.290645
v 0.087180 0.892372 -0.296730
v 0.087195 0.476355 0.321489
v 0.087357 0.827140 -0.086032
v 0.087369 0.700246 0.231020
v 0.087413 0.810651 0.244454
v 0.091765 -0.042828 0.032954
v 0.092454 -0.043581 0.026860
v 0.087741 0.794161 0.017897
v 0.088996 0.449325 0.217409
v 0.096971 0.469131 -0.110452
v 0.087970 0.463350 0.120754
v 0.088005 0.630201 -0.067304
v 0.088126 0.761901 0.121826
v 0.088177 0.488637 0.394369
v 0.090515 0.859852 -0.164623
v 0.090505 0.859855 -0.164626
v 0.090149 0.549981 0.229163
v 0.088317 0.797060 0.197357
v 0.101954 0.752308 0.144306
v 0.088347 0.697362 0.160942
v 0.090378 0.450677 0.303045
v 0.090436 0.450727 0.302991
v 0.087793 0.477463 0.297071
v 0.088515 0.473589 0.293279
v 0.088600 0.444691 0.397321
v 0.088633 0.679155 -0.132433
v 0.088671 0.734067 0.192539
v 0.088444 0.450280 0.215719
v 0.088781 0.456974 0.318526
v 0.088874 0.777496 0.151120
v 0.088953 0.866567 -0.129730
v 0.088833 0.529002 0.148916
v 0.090275 0.631662 -0.068032
v 0.090364 0.631582 -0.068111
v 0.092906 0.630565 -0.067102
v 0.101975 0.465649 0.069303
v 0.092506 0.468131 0.065236
v 0.089180 0.469693 0.069477
v 0.089831 0.496125 0.362569
v 0.089809 0.497601 0.362247
v 0.089337 0.797871 -0.129778
v 0.096694 0.527676 0.155074
v 0.093037 0.532571 0.153729
v 0.083867 0.470668 0.316389
v 0.086688 0.470983 0.318384
v 0.095656 0.472045 0.308077
v 0.089381 0.465390 0.313344
v 0.089463 0.642314 -0.089138
v 0.092695 0.871572 -0.196905
v 0.089611 0.764252 -0.072146
v 0.089644 0.940877 -0.124999
v 0.089649 0.952656 0.237665
v 0.089802 0.713802 0.045041
v 0.089979 0.780381 0.062371
v 0.090668 0.796113 0.338110
v 0.091478 0.451306 0.215768
v 0.090036 0.549945 0.229392
v 0.090352 0.763037 -0.002844
v 0.091751 0.451823 0.215924
v 0.090384 0.966853 0.032763
v 0.090451 0.794161 0.031445
v 0.086506 0.629301 -0.068381
v 0.090605 0.790703 0.184200
v 0.090850 0.508907 0.210616
v 0.090888 0.649714 -0.092875
v 0.090939 0.785511 0.217018
v 0.091564 0.487183 0.382917
v 0.091676 0.488128 0.386715
v 0.091100 0.718169 -0.231310
v 0.091273 0.758646 0.283814
v 0.091301 0.651647 0.021528
v 0.091316 0.651634 0.021514
v 0.091439 0.466183 0.293663
v 0.091656 0.700889 -0.257259
v 0.091884 0.831193 -0.205841
v 0.100727 0.653907 -0.025995
v 0.100681 0.653536 -0.025713
v 0.094609 0.652791 -0.028002
v 0.092075 0.699998 0.103536
v 0.092154 0.451634 0.215778
v 0.104434 -0.030818 0.049178
v 0.092269 0.497807 0.372159
v 0.092375 0.653232 0.038008
v 0.100257 0.751891 0.144636
v 0.095091 0.756259 0.143771
v 0.097161 0.756786 0.151129
v 0.099836 0.582278 0.046330
v 0.093310 0.575895 0.047432
v 0.095816 0.575547 0.046218
v 0.102094 0.578418 0.051769
v 0.102024 0.610759 0.006156
v 0.102051 0.610742 0.006096
v 0.093365 0.922716 0.251587
v 0.092996 0.869100 -0.195424
v 0.094224 0.666722 -0.069793
v 0.094677 0.667047 -0.070028
v 0.094221 0.666800 -0.070057
v 0.095427 0.443319 -0.045639
v 0.095769 0.446420 -0.044327
v 0.093535 0.447905 -0.043708
v 0.093588 0.864699 -0.055351
v 0.094125 0.452856 0.208428
v 0.096084 0.453913 0.278091
v 0.094238 0.940830 0.131636
v 0.096622 0.449515 0.278040
v 0.094310 0.456138 0.351311
v 0.094513 0.616166 -0.001342
v 0.094647 0.692705 0.279931
v 0.094832 0.695517 -0.173488
v 0.094931 0.736602 0.215205
v 0.104502 0.009870 -0.075128
v 0.095284 0.655418 0.157791
v 0.101790 0.472008 0.209089
v 0.101705 0.472004 0.209239
v 0.095876 0.793437 0.025292
v 0.095676 0.484534 0.292099
v 0.095722 0.837519 0.247427
v 0.095784 0.926173 -0.222772
v 0.102645 0.460543 0.064027
v 0.095933 0.896357 0.138676
v 0.095985 0.883180 -0.279485
v 0.096178 0.453870 0.278206
v 0.096070 0.765865 0.010056
v 0.096188 0.678831 -0.086747
v 0.096241 0.871302 -0.206440
v 0.096290 0.528134 0.154426
v 0.096290 0.528134 0.154426
v 0.104692 0.465781 0.072014
v 0.103154 0.466858 0.070076
v 0.096350 0.469246 0.076458
v 0.096444 0.476562 0.315025
v 0.096492 0.630437 -0.069434
v 0.099120 0.436799 -0.046619
v 0.096566 0.987425 -0.069147
v 0.102547 0.934546 -0.141218
v 0.097376 0.649965 -0.026289
v 0.100688 0.754920 0.147559
v 0.096899 0.854619 -0.102176
v 0.096999 0.699679 -0.146472
v 0.100588 0.448430 0.240644
v 0.097183 0.527417 -0.019275
v 0.102143 0.753064 0.147385
v 0.101661 0.751753 0.147584
v 0.103898 0.754136 0.147961
v 0.106478 0.625768 0.061134
v 0.106372 0.625332 0.060907
v 0.097746 0.627088 0.061101
v 0.097890 0.866924 -0.323180
v 0.098198 0.965570 -0.212408
v 0.098230 0.797664 0.346675
v 0.098232 0.907616 -0.228435
v 0.107161 -0.011651 -0.059914
v 0.098341 0.967246 0.043065
v 0.098470 0.855097 0.021973
v 0.098532 0.608034 0.003760
v 0.098616 0.810180 -0.234191
v 0.098642 0.790683 0.194616
v 0.098693 0.514046 0.395553
v 0.098828 0.934976 0.025608
v 0.101527 0.921869 -0.123411
v 0.099266 0.910638 0.149176
v 0.099533 0.729340 0.043954
v 0.101190 0.578173 0.041547
v 0.102611 0.572942 0.045614
v 0.099655 0.573374 0.052081
v 0.099884 0.857646 -0.276088
v 0.099898 0.901147 -0.129764
v 0.105980 0.647126 -0.073084
v 0.106206 0.647814 -0.073439
v 0.099947 0.846309 -0.226733
v 0.099961 0.885487 -0.078365
v 0.100186 0.616438 -0.011069
v 0.106052 0.647466 -0.041809
v 0.105212 0.648702 -0.042018
v 0.106944 0.690539 -0.052374
v 0.100575 0.743201 -0.156059
v 0.103042 0.443306 -0.043999
v 0.103662 0.443233 -0.043610
v 0.105019 0.442621 -0.040389
v 0.100664 0.448652 0.240364
v 0.100778 0.762522 0.095269
v 0.100816 0.618985 -0.148533
v 0.100903 0.752906 0.146111
v 0.100903 0.752906 0.146111
v 0.105587 0.644593 -0.091362
v 0.102112 0.645869 -0.091732
v 0.101007 0.673370 -0.203129
v 0.106106 0.650129 0.008808
v 0.103869 0.652127 0.008222
v 0.104556 0.650205 0.005339
v 0.102939 0.547396 0.210658
v 0.103045 0.547154 0.210414
v 0.107469 0.550753 0.212479
v 0.101630 0.672804 0.135507
v 0.112363 -0.034873 0.015921
v 0.101766 0.796768 0.165675
v 0.102365 0.742035 -0.145043
v 0.102901 0.626216 -0.115118
v 0.104060 0.629024 0.059103
v 0.102013 0.776367 0.083901
v 0.104385 0.866182 -0.061496
v 0.102301 0.529033 -0.018227
v 0.102318 0.495168 0.228658
v 0.102354 0.836709 0.026584
v 0.102381 0.462104 0.227281
v 0.101855 0.622636 0.063004
v 0.107479 0.426379 0.084065
v 0.106410 0.611067 0.017226
v 0.102673 0.466495 0.068624
v 0.102974 0.466465 0.069477
v 0.103079 -0.009926 -0.079697
v 0.103079 -0.009926 -0.079697
v 0.103079 -0.009926 -0.079697
v 0.103079 -0.009926 -0.079697
v 0.103009 0.929757 -0.140538
v 0.103101 0.929954 -0.141679
v 0.102890 0.548503 0.208156
v 0.103570 0.650216 0.012467
v 0.107197 0.871233 -0.154852
v 0.103618 0.665517 0.303536
v 0.103636 0.443122 -0.043708
v 0.103727 0.497897 -0.085038
v 0.104557 0.431238 0.078706
v 0.104021 0.650395 0.012004
v 0.097996 0.648247 0.011473
v 0.104278 0.485078 0.376997
v 0.104273 0.578242 0.048482
v 0.104441 0.763957 -0.216119
v 0.106526 0.572658 0.047397
v 0.113348 0.730440 -0.073599
v 0.104888 0.483701 0.243317
v 0.105058 0.704172 -0.086827
v 0.105107 0.680328 0.245524
v 0.105159 0.765835 0.001177
v 0.105236 0.711259 -0.088476
v 0.105240 0.453388 0.374258
v 0.105289 0.830933 -0.064276
v 0.105328 0.671473 -0.141320
v 0.105329 0.891955 -0.247700
v 0.105367 0.815865 0.297666
v 0.105459 0.644577 -0.091742
v 0.105777 0.707690 -0.221561
v 0.105887 0.628013 -0.125267
v 0.105923 0.764691 0.365203
v 0.111088 0.730668 -0.071436
v 0.109042 0.728382 -0.077487
v 0.105999 0.731023 -0.073764
v 0.106010 0.605406 0.005812
v 0.106060 0.575944 0.047432
v 0.106060 0.575944 0.047432
v 0.106182 0.639384 -0.097662
v 0.106262 0.824122 0.177536
v 0.116213 -0.017469 0.032530
v 0.106308 0.539077 0.320091
v 0.107515 0.428809 0.086479
v 0.106492 0.456658 0.290151
v 0.106559 0.800754 0.002304
v 0.106718 0.673091 0.139462
v 0.106736 0.812946 0.367351
v 0.106739 0.639251 -0.090241
v 0.106818 0.766866 0.168236
v 0.108609 0.668868 0.137578
v 0.108615 0.668765 0.137279
v 0.108145 0.669999 0.137322
v 0.109984 0.652328 0.096671
v 0.110547 0.823345 -0.065281
v 0.114063 0.818424 -0.063100
v 0.112997 0.820529 -0.065217
v 0.112599 0.820330 -0.065453
v 0.107326 0.426273 0.083813
v 0.107830 0.942530 -0.206752
v 0.107934 0.831929 0.037141
v 0.107970 0.912066 -0.039828
v 0.108171 0.854681 0.143260
v 0.108256 0.689382 -0.053266
v 0.108296 0.905144 -0.108363
v 0.108329 0.671696 0.033401
v 0.108398 0.745392 0.264714
v 0.108558 0.810690 0.363016
v 0.108800 0.747511 -0.192995
v 0.109091 0.487675 -0.067021
v 0.110469 0.627101 -0.026011
v 0.109767 0.838273 -0.075074
v 0.110800 0.856742 -0.050739
v 0.109843 0.567566 -0.055192
v 0.112199 0.732030 -0.072457
v 0.110951 0.731922 -0.075705
v 0.110050 0.711537 -0.080808
v 0.110107 0.832417 -0.073458
v 0.109074 0.725481 -0.075381
v 0.110144 0.923289 0.189382
v 0.110202 0.751992 -0.017745
v 0.110240 0.654124 -0.205136
v 0.114402 0.819103 -0.067211
v 0.110357 0.922400 -0.117605
v 0.110369 0.897582 0.245330
v 0.110398 0.872617 -0.134244
v 0.110585 0.855697 -0.099379
v 0.110681 0.809819 0.001212
v 0.110986 0.519960 0.377707
v 0.110998 0.856960 -0.038642
v 0.111275 0.459008 -0.069357
v 0.111380 0.803646 0.241376
v 0.111417 0.502603 0.222134
v 0.111566 0.626712 -0.025958
v 0.111615 0.904278 -0.081857
v 0.112050 0.805412 0.134934
v 0.112230 0.932236 -0.139225
v 0.112643 0.820510 -0.064653
v 0.112345 0.921407 0.054518
v 0.112479 0.803034 -0.174482
v 0.113508 0.744453 -0.121436
v 0.112766 0.865804 0.265770
v 0.112769 0.860292 -0.172221
v 0.113993 0.730593 -0.073018
v 0.115855 0.643858 -0.147485
v 0.113339 0.710594 -0.004366
v 0.113362 0.758605 0.168582
v 0.113647 0.744781 -0.121546
v 0.113656 0.807386 -0.149221
v 0.117308 0.767465 -0.101410
v 0.119260 0.761897 -0.101787
v 0.119258 0.764663 -0.099813
v 0.115324 0.762086 -0.100739
v 0.113867 0.471960 0.319927
v 0.113824 0.471973 0.319918
v 0.113922 0.507414 0.244629
v 0.114062 0.825297 -0.114425
v 0.114292 0.645997 0.112277
v 0.114517 0.841918 -0.232576
v 0.114633 -0.036020 0.034414
v 0.114633 -0.036020 0.034414
v 0.114633 -0.036020 0.034414
v 0.114633 -0.036020 0.034414
v 0.114838 0.775002 -0.093899
v 0.115061 0.685318 -0.139571
v 0.127546 0.709580 0.079223
v 0.115188 0.839664 -0.071542
v 0.115702 0.446626 0.195235
v 0.117957 0.804501 -0.120859
v 0.115539 0.867068 -0.140075
v 0.117137 0.429256 0.111342
v 0.117378 0.428835 0.111479
v 0.121097 0.434902 0.107729
v 0.115706 0.718515 0.085315
v 0.115805 0.475427 0.428608
v 0.117196 0.449249 0.193187
v 0.116252 0.656628 0.117810
v 0.116316 0.672426 -0.108788
v 0.117914 0.449721 0.193079
v 0.119082 0.766844 -0.099043
v 0.116430 0.852438 0.282504
v 0.116568 0.833739 0.052621
v 0.116620 0.777023 -0.093318
v 0.120271 0.764121 -0.098401
v 0.116832 0.647773 0.061201
v 0.116910 0.695202 -0.013416
v 0.116986 0.759257 0.031148
v 0.117022 0.965347 0.139969
v 0.120538 0.432163 0.106096
v 0.117271 0.871711 -0.155985
v 0.117431 0.743607 -0.071570
v 0.117628 0.895894 0.351342
v 0.117683 0.815522 -0.272675
v 0.117797 0.794522 0.181394
v 0.118054 0.737436 -0.173604
v 0.119100 0.794577 0.050198
v 0.118822 0.669797 -0.153913
v 0.118568 0.844038 0.198958
v 0.118799 0.897468 0.341375
v 0.118811 0.666550 0.071587
v 0.119878 0.448425 0.026312
v 0.120272 0.447343 0.028112
v 0.118822 0.450633 0.024274
v 0.118857 0.819629 -0.025149
v 0.118931 0.764882 -0.100551
v 0.120712 0.745092 -0.108587
v 0.120658 0.744920 -0.109027
v 0.120149 0.744886 -0.108588
v 0.119101 0.794545 0.050212
v 0.119307 0.822955 -0.029717
v 0.119367 0.940127 -0.245673
v 0.120759 0.626381 -0.040310
v 0.120777 0.626452 -0.040306
v 0.120818 0.439245 0.103951
v 0.127093 0.437057 0.101740
v 0.119867 0.693591 0.376053
v 0.119888 0.859707 -0.093176
v 0.119961 0.508732 0.317649
v 0.119964 0.791464 -0.198533
v 0.127385 0.709481 0.079325
v 0.121787 0.710234 0.080067
v 0.120176 0.827939 0.310666
v 0.120197 0.771481 0.258085
v 0.120276 0.810338 -0.031627
v 0.120300 0.891859 -0.049929
v 0.120351 0.781283 0.292737
v 0.121865 0.671102 -0.106686
v 0.121475 0.671449 -0.106867
v 0.120416 0.718627 0.113823
v 0.120430 0.769099 -0.097796
v 0.120452 0.670914 -0.164836
v 0.120666 0.824764 0.260042
v 0.120824 0.954641 0.120260
v 0.120840 0.744706 -0.106736
v 0.120844 0.834653 -0.065918
v 0.120928 0.553622 0.391240
v 0.120952 0.807984 0.189152
v 0.126860 0.447068 0.020868
v 0.121083 0.421906 0.386786
v 0.122910 0.440714 0.024597
v 0.123313 0.441218 0.024804
v 0.117798 0.444024 0.024669
v 0.121135 0.461741 0.170035
v 0.121244 0.461702 0.169807
v 0.121523 0.645616 0.123256
v 0.121644 0.870354 0.238364
v 0.121801 0.537396 0.249610
v 0.121717 0.671192 -0.106617
v 0.121954 0.423204 0.298808
v 0.123035 0.546264 0.221174
v 0.123114 0.546234 0.221215
v 0.122156 0.936388 0.059196
v 0.122246 0.829976 -0.124391
v 0.122280 0.885137 -0.143239
v 0.122463 0.695766 0.333816
v 0.122511 0.462539 0.217660
v 0.122556 0.499238 0.270365
v 0.122680 0.486618 0.183007
v 0.122754 0.881036 0.159148
v 0.122806 0.744068 -0.021988
v 0.122928 0.901996 -0.230114
v 0.122970 0.895471 -0.123526
v 0.123020 0.895385 0.314197
v 0.123029 0.782503 0.202162
v 0.123038 0.745360 -0.168891
v 0.123071 0.497947 0.374110
v 0.123125 0.820917 0.166189
v 0.123206 0.803737 -0.130867
v 0.123303 0.440395 0.024274
v 0.123303 0.440395 0.024274
v 0.123475 0.725920 -0.188411
v 0.123611 0.672741 -0.105192
v 0.128947 0.707600 0.080194
v 0.123875 0.830518 -0.113261
v 0.124227 0.511649 0.258837
v 0.124524 0.919692 -0.270990
v 0.124526 0.884102 0.357916
v 0.124529 0.437220 0.308625
v 0.124550 0.762668 0.073931
v 0.124620 0.619912 -0.118198
v 0.125643 0.774104 -0.135425
v 0.124868 0.856633 0.006613
v 0.124868 0.902975 -0.107829
v 0.124931 0.924706 -0.012437
v 0.133905 0.450541 0.148162
v 0.134034 0.452456 0.147900
v 0.125155 0.599230 0.019092
v 0.129724 0.450349 0.188037
v 0.127036 0.451909 0.186439
v 0.125354 0.412662 0.323383
v 0.125374 0.854360 0.183559
v 0.125599 0.784582 0.199248
v 0.125605 0.501757 -0.088762
v 0.125652 0.745365 -0.112990
v 0.127035 0.779618 0.112858
v 0.125593 0.779715 0.112140
v 0.125757 0.775271 -0.146956
v 0.125774 0.479986 0.334666
v 0.125871 0.873332 0.175326
v 0.126235 0.450241 0.149979
v 0.126149 0.865097 0.008240
v 0.126530 0.830764 -0.224037
v 0.126683 0.757285 0.104712
v 0.125817 0.432546 0.104092
v 0.129002 0.438042 0.100652
v 0.126831 0.431927 0.103180
v 0.126877 0.661628 0.224577
v 0.127074 0.663375 -0.043301
v 0.127081 0.887731 0.175338
v 0.127104 0.848026 0.186896
v 0.127380 0.863304 -0.148846
v 0.127677 0.559081 -0.088721
v 0.127710 0.472775 0.439215
v 0.127801 0.683669 0.013839
v 0.127893 0.935683 -0.209303
v 0.128151 0.499861 0.207011
v 0.128238 0.794701 0.062860
v 0.128341 0.776520 -0.209106
v 0.128407 0.458785 0.261286
v 0.128721 0.472697 0.327068
v 0.128848 0.770352 0.171016
v 0.129000 0.648493 -0.134418
v 0.129263 0.902048 -0.203678
v 0.129272 0.936735 0.069291
v 0.129361 0.493689 0.373166
v 0.129724 0.846271 -0.274495
v 0.129805 0.631141 -0.028138
v 0.129820 0.816758 -0.011927
v 0.129984 0.807934 0.376002
v 0.129985 0.719925 0.318280
v 0.130017 0.895890 -0.151494
v 0.135597 0.448794 0.171385
v 0.132855 0.450968 0.168209
v 0.130510 0.944723 -0.195381
v 0.131435 0.794398 0.063938
v 0.131882 0.794323 0.063666
v 0.131431 0.794025 0.063636
v 0.131399 0.742731 -0.117402
v 0.130626 0.680449 0.090683
v 0.131169 0.710350 -0.213686
v 0.131191 0.917593 0.193759
v 0.131240 0.742512 -0.117416
v 0.131557 0.677499 -0.089411
v 0.131566 0.788298 0.107693
v 0.131587 0.649771 -0.161370
v 0.131688 0.602982 -0.196589
v 0.131706 0.605784 -0.045200
v 0.131891 0.559379 0.241630
v 0.131911 0.899419 -0.118038
v 0.131981 0.457363 0.257016
v 0.132200 0.703862 -0.019996
v 0.132310 0.720233 -0.087681
v 0.132358 0.444994 0.386649
v 0.131415 0.446307 0.149037
v 0.132498 0.444980 0.147768
v 0.132622 0.453047 0.308264
v 0.132807 0.815714 0.126902
v 0.132846 0.883540 0.164831
v 0.136452 0.854891 -0.068188
v 0.135867 0.448520 0.168448
v 0.135391 0.676495 0.173578
v 0.133523 0.794895 0.061500
v 0.133606 0.788928 -0.197855
v 0.133620 0.643055 -0.158786
v 0.133734 0.443550 0.389109
v 0.133653 0.985652 0.217165
v 0.133796 0.421555 0.254418
v 0.133917 0.670570 -0.028679
v 0.133989 0.494202 0.292631
v 0.134082 0.750239 -0.222343
v 0.134120 0.773749 0.207497
v 0.134165 0.645883 -0.239431
v 0.138682 0.646615 0.048475
v 0.134282 0.812938 0.039976
v 0.134586 0.868316 0.072091
v 0.139105 0.781887 0.109262
v 0.141454 0.777535 0.107742
v 0.141953 0.778284 0.108059
v 0.136291 0.777490 0.107962
v 0.135034 0.477068 0.391982
v 0.137819 0.817364 0.116227
v 0.135987 0.447599 0.346780
v 0.135811 0.447531 0.346605
v 0.135980 0.742457 0.095840
v 0.141638 0.779825 0.108562
v 0.136221 0.446586 0.330225
v 0.136279 0.479056 0.394816
v 0.136188 0.644302 0.046668
v 0.136873 0.644133 0.045816
v 0.136470 0.819258 0.110326
v 0.136475 0.796510 0.217510
v 0.138729 0.444499 0.323950
v 0.138582 0.445419 0.319934
v 0.136496 0.913060 -0.119773
v 0.136514 0.444326 0.398402
v 0.136657 0.915846 -0.065482
v 0.137149 0.465505 0.246727
v 0.137367 0.936807 -0.178416
v 0.139075 0.434754 0.107468
v 0.139067 0.434761 0.107469
v 0.137572 0.670891 -0.324316
v 0.137600 0.463908 0.393712
v 0.137612 0.466283 0.299672
v 0.137900 0.412507 0.327058
v 0.137957 0.606097 -0.038650
v 0.138067 0.784288 0.104005
v 0.138176 0.931787 -0.138149
v 0.139933 0.444259 0.323570
v 0.140168 0.446392 0.326489
v 0.141511 0.779341 0.107737
v 0.138521 0.643063 -0.120272
v 0.138647 0.414923 0.406031
v 0.138792 0.652823 0.027797
v 0.139374 0.810548 0.107212
v 0.139407 0.677660 0.183843
v 0.139415 0.852171 -0.030874
v 0.139759 0.815273 0.115159
v 0.139498 0.879391 0.109041
v 0.139520 0.398197 0.259299
v 0.139535 0.868297 -0.244213
v 0.139614 0.449153 0.323956
v 0.139800 0.762497 0.073055
v 0.139887 0.908211 -0.217638
v 0.144983 0.790686 0.148639
v 0.140467 0.574198 0.093375
v 0.141249 0.798745 0.021089
v 0.144629 0.796342 -0.107040
v 0.141299 0.768386 0.183692
v 0.141426 0.745832 0.205808
v 0.141492 0.658425 0.074347
v 0.141497 0.733615 0.340647
v 0.141443 0.778748 0.108921
v 0.141527 0.446840 0.370335
v 0.141559 0.943198 0.267257
v 0.141696 0.880036 -0.106088
v 0.141806 0.440036 0.407851
v 0.142154 0.968723 0.232392
v 0.142223 0.790269 0.098443
v 0.142354 0.738833 0.099730
v 0.142891 0.605170 -0.014959
v 0.143186 0.674967 0.159573
v 0.143282 0.737697 -0.006349
v 0.144111 0.785137 0.105507
v 0.144073 0.785147 0.105517
v 0.143601 0.695922 -0.248710
v 0.143922 0.772626 -0.043190
v 0.144038 0.773116 0.036583
v 0.144052 0.529560 -0.020801
v 0.144241 0.965158 -0.174022
v 0.144244 0.633066 -0.056762
v 0.145699 0.488360 0.057405
v 0.145461 0.488283 0.057453
v 0.144509 0.524147 0.385594
v 0.144897 0.915799 0.188083
v 0.144929 0.882839 -0.118320
v 0.144993 0.831641 -0.222618
v 0.145245 0.939279 -0.168918
v 0.145468 0.469171 0.367603
v 0.145623 0.647829 0.054695
v 0.145631 0.447059 0.328746
v 0.145650 0.886344 0.077322
v 0.145695 0.738129 0.101070
v 0.145747 0.639810 -0.077142
v 0.145826 0.495571 0.318315
v 0.145973 0.443764 0.359021
v 0.146165 0.935189 0.084154
v 0.146269 0.854520 -0.072870
v 0.146801 0.826930 -0.296426
v 0.146863 0.730724 -0.009861
v 0.146870 0.530142 -0.172640
v 0.146870 0.530142 -0.172640
v 0.148173 0.731645 0.098790
v 0.148161 0.731545 0.098830
v 0.147937 0.731800 0.099002
v 0.147101 0.526505 -0.168996
v 0.147101 0.526505 -0.168996
v 0.148651 0.628894 -0.053581
v 0.148578 0.629075 -0.053690
v 0.144764 0.526648 -0.174195
v 0.147277 0.678686 -0.287801
v 0.147339 0.525352 0.299482
v 0.147420 0.522875 -0.172640
v 0.147709 0.688570 -0.161946
v 0.147796 0.803462 -0.027544
v 0.148061 0.623733 -0.050184
v 0.148763 0.628597 -0.053482
v 0.148715 0.640763 -0.177365
v 0.148739 0.470781 0.286533
v 0.148817 0.702724 -0.194938
v 0.148910 0.537234 -0.159297
v 0.149144 0.524758 0.244483
v 0.149486 0.966639 0.082054
v 0.149629 0.664259 -0.173105
v 0.149769 0.539171 0.184830
v 0.149869 0.863438 0.221164
v 0.149888 0.633321 -0.028694
v 0.149994 0.659342 -0.008992
v 0.150026 0.674746 -0.045387
v 0.150087 0.990379 0.208228
v 0.152607 0.631058 -0.070165
v 0.150293 0.444522 0.237649
v 0.150374 0.633508 -0.055627
v 0.150375 0.833685 0.146828
v 0.151933 0.793575 0.134600
v 0.150549 0.549789 0.320315
v 0.150660 0.645080 -0.074640
v 0.153394 0.521093 -0.152183
v 0.153383 0.521147 -0.152177
v 0.150882 0.866775 0.072492
v 0.157122 0.497836 0.312901
v 0.152083 0.741594 -0.133162
v 0.151857 0.935582 0.096810
v 0.151873 0.524893 0.279051
v 0.151899 0.490449 0.189171
v 0.151955 0.518125 0.396147
v 0.152327 0.476651 0.277615
v 0.152389 0.712426 -0.036896
v 0.152460 0.970888 0.200476
v 0.152688 0.795916 -0.114263
v 0.152633 0.631010 -0.070191
v 0.152877 0.802597 0.039099
v 0.152966 0.816887 -0.167199
v 0.157155 0.809063 0.119116
v 0.153352 0.461190 -0.077898
v 0.159546 0.488741 0.332710
v 0.153622 0.847728 0.034522
v 0.153933 0.492662 0.312525
v 0.154191 0.492498 0.311018
v 0.153980 0.814633 -0.006368
v 0.153994 0.483354 -0.051497
v 0.154053 0.470540 0.242917
v 0.154498 0.454636 0.283356
v 0.154552 0.604244 0.030551
v 0.155978 0.548645 0.241359
v 0.156075 0.548669 0.241425
v 0.154710 0.798701 -0.039954
v 0.154748 0.435346 0.216746
v 0.154932 0.508314 0.353415
v 0.155065 0.462778 -0.040822
v 0.155295 0.694257 -0.119563
v 0.157412 0.636343 -0.101172
v 0.155623 0.867053 0.200343
v 0.155736 0.765627 -0.037151
v 0.155793 0.957836 -0.176389
v 0.158213 0.649241 -0.173133
v 0.156273 0.483625 0.332349
v 0.156716 0.483692 0.330906
v 0.156272 0.695038 0.026699
v 0.156399 0.908102 0.132319
v 0.165090 0.465227 0.087686
v 0.156474 0.767271 0.117961
v 0.156691 0.449983 -0.010107
v 0.156869 0.815228 0.037849
v 0.156902 0.620512 0.047846
v 0.156994 0.686215 -0.065708
v 0.157108 0.707247 0.162165
v 0.157298 0.452871 0.336317
v 0.157300 0.835309 0.301740
v 0.157531 0.418731 0.209135
v 0.157536 0.483283 0.429216
v 0.157698 0.790896 -0.034153
v 0.157996 0.530901 0.337421
v 0.158170 0.534049 -0.158166
v 0.158227 0.688566 0.224503
v 0.158351 0.934638 -0.175883
v 0.158401 0.870862 0.287389
v 0.158602 0.488693 0.156842
v 0.158671 0.512212 0.137716
v 0.158912 0.641428 0.194492
v 0.159148 0.752625 0.176862
v 0.159281 0.497384 0.400476
v 0.159299 0.742923 -0.141670
v 0.163135 0.462160 -0.068067
v 0.162872 0.462436 -0.068041
v 0.159564 0.637760 -0.111353
v 0.159613 0.770695 0.041191
v 0.161435 0.749655 0.131038
v 0.160197 0.469464 -0.117752
v 0.160363 0.670735 0.399512
v 0.160523 0.696727 0.088430
v 0.160527 0.857592 0.333627
v 0.160564 0.445577 0.134913
v 0.160717 0.632676 -0.154007
v 0.160846 0.631916 -0.121631
v 0.160967 0.483876 0.239532
v 0.161296 0.833036 -0.089530
v 0.161410 0.494441 -0.116401
v 0.161464 0.632051 -0.096011
v 0.161483 0.520199 0.181203
v 0.161760 0.455860 0.080377
v 0.168426 0.459395 0.087184
v 0.161818 0.527364 -0.015206
v 0.161828 0.794185 0.140272
v 0.162014 0.507932 0.394957
v 0.162318 0.778706 -0.195850
v 0.162502 0.566311 0.263466
v 0.162618 0.476269 0.319115
v 0.162708 0.863808 -0.188127
v 0.162708 0.618552 0.059955
v 0.162863 0.722480 -0.246189
v 0.163261 0.797597 0.227219
v 0.163570 0.524375 0.342112
v 0.164488 0.497846 0.314066
v 0.164523 0.652629 0.255409
v 0.166564 0.468030 -0.113733
v 0.164614 0.427344 -0.015437
v 0.164630 0.443129 -0.123271
v 0.164725 0.663853 -0.202940
v 0.164730 0.488321 0.338738
v 0.164861 0.750746 -0.240598
v 0.165063 0.718220 0.034117
v 0.165243 0.503260 -0.120832
v 0.165258 0.495183 0.010616
v 0.166721 0.669390 -0.120935
v 0.165314 0.806162 -0.224829
v 0.165318 0.500321 0.225799
v 0.165715 0.793100 0.321059
v 0.165883 0.844289 0.180235
v 0.165969 0.648786 0.023575
v 0.166011 0.648377 -0.135898
v 0.166124 0.769669 0.128565
v 0.166340 0.808031 0.124083
v 0.166438 0.911776 -0.248469
v 0.167684 0.472455 -0.109670
v 0.168663 0.472575 -0.110831
v 0.166972 0.784051 0.059187
v 0.166974 0.788948 0.040453
v 0.166975 0.795620 -0.173201
v 0.167003 0.785659 0.314676
v 0.167162 0.444899 0.342437
v 0.167270 0.512706 -0.115680
v 0.167382 0.519073 -0.117673
v 0.167415 0.519055 -0.117632
v 0.168464 0.792948 0.026201
v 0.167821 0.507986 0.272752
v 0.167831 0.944838 0.151530
v 0.168213 0.672199 0.046754
v 0.168300 0.525602 -0.177048
v 0.168403 0.735625 -0.056524
v 0.168742 0.897685 0.259997
v 0.169028 0.625364 -0.027068
v 0.169063 0.948320 0.237142
v 0.169114 0.933495 -0.102372
v 0.169557 0.933906 -0.186711
v 0.170032 0.889744 0.103759
v 0.170235 0.664340 -0.078762
v 0.170258 0.886760 -0.002500
v 0.170309 0.750178 0.137955
v 0.170367 0.897369 -0.071222
v 0.170465 0.869421 0.117424
v 0.172778 0.444570 0.067132
v 0.170480 0.454991 0.067131
v 0.170523 0.488300 0.259213
v 0.170585 0.962394 -0.052603
v 0.170826 0.785307 -0.088170
v 0.171083 0.765237 0.028303
v 0.168274 0.446947 0.064075
v 0.171826 0.877017 -0.140901
v 0.173830 0.450439 0.065803
v 0.172158 0.471321 0.402966
v 0.172202 0.761003 0.022234
v 0.217785 0.446803 0.261676
v 0.172948 0.644017 -0.125092
v 0.173429 0.720229 0.150197
v 0.174194 0.629965 0.165301
v 0.174318 0.554065 0.005567
v 0.174336 0.775778 -0.165347
v 0.174794 0.446024 0.215555
v 0.178807 0.449423 0.100899
v 0.176534 0.446170 0.101099
v 0.174944 0.729203 -0.116295
v 0.175101 0.794331 0.017388
v 0.175109 0.732721 -0.252312
v 0.180236 0.838018 0.150639
v 0.180348 0.838174 0.150668
v 0.179491 0.835681 0.152292
v 0.176045 0.792351 0.114123
v 0.176014 0.792356 0.114108
v 0.175199 0.743665 0.214814
v 0.175390 0.465417 0.117055
v 0.175423 0.910867 -0.172347
v 0.175487 0.869484 -0.135987
v 0.178145 0.495725 0.319788
v 0.175555 0.782953 0.241792
v 0.175555 0.778003 -0.216599
v 0.175586 0.464939 0.238276
v 0.175594 0.493229 0.351091
v 0.175967 0.792458 0.114201
v 0.175689 0.664984 -0.100016
v 0.175716 0.671947 -0.257980
v 0.175904 0.713043 -0.158894
v 0.176466 0.743339 -0.138109
v 0.176552 0.671048 -0.125955
v 0.176875 0.446699 0.100598
v 0.177103 0.502936 -0.069056
v 0.177572 0.792459 0.203371
v 0.181030 0.835763 0.147729
v 0.179240 0.743412 -0.011882
v 0.179270 0.437106 0.272623
v 0.179287 0.815798 0.195708
v 0.179375 0.808162 0.122946
v 0.179406 0.681467 -0.076883
v 0.179619 0.819007 0.243961
v 0.181812 0.498998 0.315910
v 0.179956 0.499208 0.316947
v 0.179753 0.639308 -0.003516
v 0.179773 0.496352 0.327504
v 0.180073 0.816531 0.005747
v 0.180191 0.591343 0.337220
v 0.180417 0.911357 0.107757
v 0.180777 0.476994 0.305287
v 0.180834 0.845948 0.116973
v 0.182721 0.749622 0.096404
v 0.180879 0.799269 -0.070499
v 0.180938 0.795383 0.115888
v 0.181162 0.911704 0.124608
v 0.181171 0.612729 -0.184056
v 0.181356 0.624392 -0.063352
v 0.181597 0.849861 0.040119
v 0.181642 0.931840 0.169534
v 0.181684 0.795726 0.113754
v 0.182151 0.867755 -0.174857
v 0.182394 0.684373 -0.077569
v 0.182554 0.826185 0.220878
v 0.182596 0.913994 0.108205
v 0.183130 0.861313 0.011385
v 0.183151 0.958715 0.276486
v 0.183328 0.468524 0.186453
v 0.183621 0.848194 -0.070016
v 0.183789 0.876548 -0.155790
v 0.183811 0.744114 -0.090096
v 0.183828 0.847586 -0.153231
v 0.184168 0.668285 0.087754
v 0.184304 0.497728 0.378673
v 0.184377 0.504529 0.043435
v 0.184466 0.534267 0.242537
v 0.184661 0.874892 -0.035664
v 0.189036 0.461932 0.011880
v 0.191417 0.462108 0.010577
v 0.184815 0.460283 0.010252
v 0.188389 0.467992 0.182798
v 0.187026 0.466648 0.181924
v 0.184975 0.472595 0.185936
v 0.192408 0.470426 0.183608
v 0.185189 0.766794 0.141396
v 0.185469 0.670007 0.096699
v 0.185658 0.768443 -0.087455
v 0.189174 0.534560 -0.003093
v 0.185946 0.637646 -0.184364
v 0.186096 0.466504 0.007098
v 0.186248 0.907204 -0.122681
v 0.186270 0.778155 -0.005011
v 0.186677 0.836652 0.016963
v 0.186908 0.835125 -0.092527
v 0.187063 0.467009 0.148130
v 0.187169 0.823163 -0.145778
v 0.187240 0.879247 -0.076086
v 0.187284 0.643370 -0.123874
v 0.188472 0.793696 0.127821
v 0.188473 0.793696 0.127822
v 0.187387 0.464689 0.252042
v 0.187725 0.843229 -0.111447
v 0.187817 0.776653 0.010653
v 0.186055 0.464110 0.187539
v 0.187675 0.464602 0.188004
v 0.183166 0.464499 0.186254
v 0.188187 0.720333 -0.070072
v 0.188631 0.695198 0.075890
v 0.188573 0.458166 0.005034
v 0.186799 0.457635 0.005932
v 0.191305 0.461587 0.000820
v 0.189956 0.601402 -0.117284
v 0.194846 0.520481 -0.065052
v 0.193094 0.520414 -0.066262
v 0.198729 0.525674 -0.065968
v 0.190677 0.505753 0.022845
v 0.190697 0.538201 0.279853
v 0.191191 0.842037 -0.145487
v 0.191232 0.763231 0.012283
v 0.191865 0.534125 -0.006181
v 0.191332 0.775008 -0.063408
v 0.191426 0.784856 -0.175903
v 0.191430 0.822995 0.227077
v 0.191474 0.820508 0.024284
v 0.191833 0.909607 -0.243938
v 0.191889 0.906756 -0.191696
v 0.192076 0.736780 -0.163028
v 0.189162 0.522259 -0.062418
v 0.192165 0.503465 -0.082883
v 0.192257 0.914248 -0.109401
v 0.192416 0.534599 0.005227
v 0.192519 0.505733 0.277023
v 0.192575 0.824970 -0.027566
v 0.192596 0.830364 0.025751
v 0.192640 0.404157 0.206923
v 0.192897 0.846680 -0.150215
v 0.192897 0.848421 -0.054044
v 0.191223 0.522259 -0.060976
v 0.195374 0.522330 -0.067068
v 0.193085 0.750290 0.092103
v 0.197072 0.452085 0.072078
v 0.198112 0.452360 0.072974
v 0.193119 0.713130 -0.151478
v 0.193298 0.537244 0.205195
v 0.193406 0.618032 -0.067926
v 0.193436 0.505870 0.404477
v 0.193504 0.641078 -0.134644
v 0.193513 0.527715 0.285848
v 0.193683 0.492853 -0.013665
v 0.193802 0.816519 -0.100096
v 0.194069 0.860106 -0.167712
v 0.196959 0.636276 -0.050338
v 0.194705 0.655293 -0.061929
v 0.194852 0.451150 0.141461
v 0.194906 0.707170 0.154418
v 0.196201 0.469907 0.378583
v 0.195102 0.468786 0.221135
v 0.195150 0.802790 0.054527
v 0.195159 0.508991 0.344408
v 0.195297 0.812626 0.250145
v 0.195486 0.624387 -0.071836
v 0.195751 0.526846 -0.058830
v 0.195834 0.762729 0.048339
v 0.195926 0.979672 0.109667
v 0.195997 0.470312 0.388356
v 0.196129 0.414687 0.312854
v 0.196134 0.510814 0.113693
v 0.196177 0.666163 -0.110747
v 0.196178 0.791488 -0.024288
v 0.196496 0.809622 -0.071329
v 0.196551 0.658918 -0.057774
v 0.196608 0.465979 0.181499
v 0.196700 0.662934 0.009194
v 0.196734 0.622798 0.110732
v 0.199844 0.664507 -0.196583
v 0.199792 0.664405 -0.196430
v 0.198695 0.669088 -0.192215
v 0.196859 0.656947 -0.054880
v 0.198480 0.495544 0.045321
v 0.198323 0.495505 0.045488
v 0.197380 0.498103 0.046683
v 0.196759 0.449211 0.076151
v 0.196178 0.448874 0.075638
v 0.196918 0.652603 -0.058216
v 0.199220 0.655258 -0.055857
v 0.202489 0.880268 0.167599
v 0.197354 0.515663 -0.081065
v 0.197416 0.510191 0.034032
v 0.197426 0.822628 0.159505
v 0.197622 0.526788 -0.064968
v 0.198155 0.491010 0.257328
v 0.199429 0.496075 0.044740
v 0.198303 0.412232 0.284054
v 0.198553 0.876965 -0.224343
v 0.200135 0.438809 0.270790
v 0.198817 0.438284 0.270270
v 0.198845 0.462251 0.323777
v 0.199029 0.833235 0.084005
v 0.199172 0.655396 0.005853
v 0.199587 0.434048 0.274539
v 0.199657 0.806671 -0.138795
v 0.199691 0.656173 -0.057606
v 0.199702 0.459347 0.333158
v 0.199844 0.488570 -0.064189
v 0.200216 0.665642 -0.199628
v 0.199933 0.652006 0.037279
v 0.200111 0.651576 -0.125526
v 0.200144 0.941608 0.138501
v 0.200493 0.452229 -0.091590
v 0.230296 0.446940 0.201008
v 0.200705 0.544369 0.106273
v 0.200924 1.017315 0.252195
v 0.204089 0.442955 0.329899
v 0.201579 0.440858 0.329154
v 0.201194 1.002551 0.258592
v 0.201490 0.639953 -0.171338
v 0.201801 0.840065 0.002829
v 0.201912 0.910652 -0.192759
v 0.202009 0.966297 0.085895
v 0.204843 0.652408 -0.041443
v 0.202614 0.645543 -0.012676
v 0.202654 0.954276 0.075255
v 0.202875 0.756634 0.133528
v 0.204397 0.559636 0.277404
v 0.202952 0.668087 -0.189537
v 0.203263 0.451612 0.004184
v 0.203310 0.539650 0.339782
v 0.203391 0.668402 -0.197990
v 0.203478 0.437999 -0.069713
v 0.206048 0.484628 0.251883
v 0.209378 0.486798 0.248214
v 0.210954 0.493656 0.250912
v 0.206588 0.475880 -0.008777
v 0.205557 0.472506 -0.008863
v 0.203754 0.764063 0.186317
v 0.204104 0.473155 -0.073480
v 0.204118 0.435820 0.281895
v 0.204287 0.702233 -0.056973
v 0.204291 0.474894 0.046807
v 0.213715 0.475819 -0.054418
v 0.204851 0.652398 -0.041428
v 0.208176 0.477189 -0.052773
v 0.213520 0.475843 -0.048607
v 0.204955 0.474792 -0.059034
v 0.205089 0.804779 0.081587
v 0.205171 0.444163 0.273084
v 0.205576 0.830408 0.061271
v 0.207147 0.521643 -0.059980
v 0.206333 0.524466 -0.063046
v 0.206293 0.942624 0.183165
v 0.206378 1.000387 0.272738
v 0.206468 0.512856 0.209498
v 0.206489 0.425700 0.242837
v 0.206499 0.633394 0.035275
v 0.206562 0.472003 0.252090
v 0.206832 0.688099 -0.226073
v 0.207012 0.913360 0.154731
v 0.208103 0.490910 0.028633
v 0.207196 0.637447 -0.052528
v 0.207249 0.521217 -0.059970
v 0.207265 0.763917 -0.023805
v 0.207289 0.446350 0.387874
v 0.207454 0.409941 0.122589
v 0.207728 0.509568 0.079511
v 0.207873 0.838452 0.147483
v 0.207904 0.495813 0.239078
v 0.207982 0.781640 -0.214182
v 0.208096 0.490880 0.028645
v 0.208052 0.511109 0.064108
v 0.208098 0.451376 0.040214
v 0.208147 0.847462 0.125569
v 0.208532 0.476185 0.286236
v 0.208837 0.781275 0.026048
v 0.208888 0.626970 -0.017570
v 0.208898 0.801684 0.083510
v 0.208987 0.497034 0.327896
v 0.209120 0.533772 -0.166147
v 0.209165 0.643082 0.002101
v 0.208765 0.483448 0.250934
v 0.207921 0.486768 0.246879
v 0.209282 0.482598 0.250344
v 0.209282 0.482598 0.250344
v 0.209283 0.699948 0.159320
v 0.208409 0.478749 -0.050546
v 0.209502 0.470806 -0.051833
v 0.208195 0.472974 -0.053503
v 0.209546 0.433610 0.075737
v 0.209563 0.898716 0.253662
v 0.209799 0.797291 -0.090346
v 0.211178 0.797464 0.152800
v 0.210538 0.438649 0.313918
v 0.210796 0.508385 -0.101757
v 0.210877 0.476680 -0.009668
v 0.211337 0.432288 0.238210
v 0.211413 0.465371 0.403703
v 0.211465 0.490536 0.261880
v 0.211499 0.430448 0.401775
v 0.211604 0.644189 -0.330219
v 0.212103 0.510720 0.396629
v 0.212244 0.462620 0.243824
v 0.212717 0.665064 0.143460
v 0.213363 0.717892 -0.194865
v 0.217482 0.929392 0.181181
v 0.218247 0.926262 0.179681
v 0.218884 0.926305 0.180089
v 0.213246 0.927564 0.180833
v 0.213537 0.437801 -0.063832
v 0.213723 0.444170 0.328870
v 0.213967 0.800049 0.161972
v 0.214282 0.684486 0.020469
v 0.214483 0.490394 0.138821
v 0.215255 0.466581 0.016890
v 0.215913 0.464738 0.016331
v 0.214487 0.469975 0.017606
v 0.214649 0.494499 0.235237
v 0.214793 0.652710 -0.146146
v 0.214870 0.475015 -0.058766
v 0.216428 0.446036 0.229191
v 0.215205 0.446218 0.228242
v 0.215318 0.933133 0.180079
v 0.215343 0.429860 0.261112
v 0.217526 0.498542 0.231713
v 0.216161 0.498637 0.231070
v 0.215596 0.410789 0.356866
v 0.215914 0.446777 0.260584
v 0.220543 0.448753 0.261756
v 0.215660 0.939026 0.176464
v 0.215699 0.445157 -0.117045
v 0.215764 0.770884 -0.156380
v 0.215803 0.932805 -0.130006
v 0.216897 0.460044 0.015993
v 0.216809 0.448995 0.265323
v 0.216112 0.450892 0.262248
v 0.219291 0.925249 0.180508
v 0.221175 0.667780 -0.245208
v 0.216658 0.527016 0.204063
v 0.216660 0.968229 0.256663
v 0.214535 0.448322 0.264100
v 0.213294 0.447018 0.262202
v 0.217632 0.669221 -0.254614
v 0.217825 0.604476 0.217593
v 0.218058 0.829489 -0.097342
v 0.218760 0.432110 0.298795
v 0.218789 0.926641 0.179869
v 0.220273 0.654509 -0.009839
v 0.219635 0.652267 -0.012692
v 0.219187 0.677693 -0.223231
v 0.219326 0.759233 -0.078363
v 0.219378 0.441978 0.079513
v 0.219499 0.636738 -0.272105
v 0.219358 0.665273 -0.242766
v 0.219666 0.749883 0.086758
v 0.219677 0.493797 -0.020136
v 0.220845 0.797457 0.087356
v 0.219725 0.462112 0.326377
v 0.219990 0.534923 -0.068342
v 0.220139 0.415396 0.314567
v 0.220183 0.838414 0.172703
v 0.220250 0.706466 0.087143
v 0.220648 0.488536 0.133748
v 0.220926 0.562265 -0.135503
v 0.221131 0.957621 0.106675
v 0.221231 0.798935 0.157445
v 0.224392 0.977574 0.181652
v 0.224286 0.463616 0.018364
v 0.224442 0.464468 0.017260
v 0.224313 0.463626 0.020956
v 0.221795 0.443895 0.211939
v 0.222102 0.524817 -0.062595
v 0.222102 0.524817 -0.062595
v 0.222283 0.680763 -0.066348
v 0.222506 0.601845 -0.032187
v 0.222511 0.542123 -0.150560
v 0.227955 0.442626 0.203703
v 0.226149 0.442896 0.201886
v 0.229399 0.441488 0.206629
v 0.222879 0.769154 0.185276
v 0.222969 0.463290 0.387326
v 0.223390 0.463979 0.017606
v 0.223466 0.703962 -0.108683
v 0.223661 0.637557 -0.179008
v 0.224086 0.564202 0.199982
v 0.224438 0.629276 0.001083
v 0.224448 0.469970 0.103962
v 0.231104 0.464369 0.105316
v 0.224559 0.513724 0.119397
v 0.224684 0.656050 -0.001836
v 0.230021 0.474439 -0.047155
v 0.291265 0.511306 -0.101201
v 0.224912 0.725147 0.190595
v 0.225037 0.440508 0.204458
v 0.224269 0.446445 0.209094
v 0.225037 0.440508 0.204458
v 0.226281 0.484611 -0.000754
v 0.226208 0.484620 -0.000813
v 0.225449 0.481043 -0.164338
v 0.225480 0.798458 0.077137
v 0.225505 0.646381 -0.156515
v 0.225534 0.447165 -0.161503
v 0.225652 0.769300 -0.039155
v 0.225712 0.888469 0.221681
v 0.226279 0.852224 0.153281
v 0.230934 0.467755 0.102284
v 0.228427 0.466872 0.101544
v 0.226056 0.468439 -0.070670
v 0.226012 0.468477 -0.070617
v 0.226019 0.810094 -0.157510
v 0.226219 0.858716 0.147345
v 0.226244 0.501815 -0.128275
v 0.228784 0.455116 0.323248
v 0.229021 0.455359 0.322973
v 0.233037 0.461583 0.323985
v 0.226485 0.851729 0.153255
v 0.226595 0.443361 0.064564
v 0.226726 0.891806 0.073009
v 0.226857 0.901084 0.066705
v 0.227178 0.462679 0.107023
v 0.227290 0.768696 0.159686
v 0.235448 0.444268 0.201989
v 0.227664 0.535222 -0.035520
v 0.227665 0.483897 -0.086033
v 0.292501 0.505195 -0.101470
v 0.227926 0.505580 0.272674
v 0.227952 0.437081 0.250980
v 0.228072 0.476408 0.113382
v 0.228179 0.783564 0.063684
v 0.228443 0.858266 0.153914
v 0.228461 0.490530 0.106922
v 0.229098 0.435194 -0.034607
v 0.229247 0.821251 0.020012
v 0.229045 0.456903 0.321013
v 0.229489 0.496403 -0.088129
v 0.229510 0.770589 -0.130284
v 0.226842 0.464033 0.108068
v 0.229069 0.464793 0.108782
v 0.229819 0.464281 0.218178
v 0.229926 0.839825 0.066403
v 0.229942 0.423683 0.173577
v 0.229979 0.770020 0.156367
v 0.230280 0.479667 0.286453
v 0.230482 0.805333 0.091456
v 0.230495 0.658633 -0.090273
v 0.230568 0.455229 -0.038277
v 0.230666 0.783000 0.164265
v 0.230795 0.657082 -0.126762
v 0.231019 0.487574 -0.128382
v 0.231024 0.559027 0.015827
v 0.231591 0.790965 0.091790
v 0.231602 0.511036 0.285428
v 0.231644 0.536140 0.136191
v 0.231663 0.675584 0.148237
v 0.232871 0.625284 0.011870
v 0.233028 0.464682 0.238228
v 0.233028 0.763719 0.060760
v 0.236128 0.963880 0.205202
v 0.233083 0.404405 0.204468
v 0.233101 0.549406 0.372408
v 0.238080 0.498553 0.190684
v 0.233313 0.443763 0.212232
v 0.233333 0.525808 0.040507
v 0.233789 0.465721 0.386297
v 0.234282 0.465331 -0.099723
v 0.234013 0.467822 0.050568
v 0.234399 0.674917 0.230886
v 0.236447 0.464473 0.091671
v 0.234749 0.538626 0.246138
v 0.234853 0.462137 0.324228
v 0.236106 0.857666 0.167525
v 0.235102 0.976501 0.186560
v 0.235443 0.466858 -0.110186
v 0.236100 0.857673 0.167521
v 0.236346 0.470608 0.138010
v 0.237007 0.822430 0.055429
v 0.237330 0.489970 0.194229
v 0.237537 0.472815 0.334469
v 0.238698 0.497650 0.191879
v 0.238542 0.814285 0.067757
v 0.238827 0.540694 -0.144567
v 0.240215 0.680040 -0.151593
v 0.241699 0.450884 0.256042
v 0.241573 0.450842 0.256055
v 0.241896 0.449368 0.171134
v 0.242047 0.861729 -0.026973
v 0.246806 0.654494 -0.076509
v 0.243405 0.488509 -0.008848
v 0.243739 0.652026 -0.076098
v 0.243694 0.830532 0.178080
v 0.244022 0.474510 0.155982
v 0.244364 0.491937 -0.082921
v 0.244440 0.701058 -0.283064
v 0.244559 0.494283 0.175208
v 0.244830 0.697540 -0.145764
v 0.254385 0.494959 0.168384
v 0.248890 0.497851 0.165797
v 0.244871 0.735972 0.000515
v 0.245080 0.612353 -0.101652
v 0.245220 0.513331 0.272359
v 0.245237 0.471426 0.100949
v 0.245280 0.449761 0.005203
v 0.245286 0.418864 0.139823
v 0.245736 0.519235 0.006540
v 0.245866 0.963503 0.209880
v 0.246013 0.505517 0.189684
v 0.246161 0.475278 -0.065860
v 0.246396 0.475992 -0.065975
v 0.246334 0.522401 0.029360
v 0.248490 0.459003 0.333979
v 0.247895 0.944341 0.204415
v 0.294786 0.471665 0.091520
v 0.246923 0.646016 -0.154249
v 0.247312 0.801154 0.260362
v 0.248046 0.444744 0.186550
v 0.248169 0.923013 0.076441
v 0.249261 0.436853 0.213489
v 0.248326 0.613880 -0.073198
v 0.251402 0.474458 0.033946
v 0.248385 0.731065 0.103028
v 0.248724 0.907362 0.244723
v 0.252983 0.534405 -0.055394
v 0.252173 0.667760 -0.191602
v 0.249304 0.665230 -0.192604
v 0.249290 0.436827 0.213500
v 0.249256 0.558679 0.272545
v 0.249745 0.447580 0.036182
v 0.249797 0.502025 0.336732
v 0.250283 0.630365 0.061890
v 0.250608 0.531127 -0.055522
v 0.250863 0.531143 -0.056495
v 0.250839 0.703610 -0.268419
v 0.250910 0.503593 0.075368
v 0.250982 0.488892 0.031932
v 0.251318 0.846282 0.092574
v 0.256392 0.493748 0.165946
v 0.253005 0.868978 0.193520
v 0.253579 0.561072 0.313595
v 0.252102 0.633602 -0.162975
v 0.252439 0.563657 0.319891
v 0.252531 0.482731 0.059865
v 0.253116 0.478579 -0.048274
v 0.253285 0.479509 -0.047622
v 0.254074 0.478986 -0.048137
v 0.254339 0.487018 0.183823
v 0.256411 0.487516 0.191713
v 0.252762 0.492586 0.188140
v 0.254595 0.484840 0.190562
v 0.250784 0.486149 0.190908
v 0.253134 0.544519 0.269288
v 0.260453 0.468073 -0.107616
v 0.253238 0.515627 0.334916
v 0.259008 0.476005 -0.133415
v 0.253881 0.631019 0.068164
v 0.254192 0.530784 0.064298
v 0.254297 0.504819 -0.130341
v 0.254324 0.534022 0.296953
v 0.256355 0.560468 0.335687
v 0.255163 0.446976 0.025252
v 0.255237 0.504476 0.208273
v 0.255264 0.494343 0.177476
v 0.253410 0.484595 0.186189
v 0.258743 0.488308 0.183205
v 0.255559 0.656055 -0.079047
v 0.255746 0.945023 0.212847
v 0.255973 0.823390 -0.096161
v 0.256030 0.476820 -0.052811
v 0.257446 0.464345 -0.103862
v 0.256384 0.464467 -0.104931
v 0.257266 0.480691 -0.131860
v 0.257516 0.509236 0.262941
v 0.257857 0.826603 0.223824
v 0.257886 0.569400 0.056444
v 0.257913 0.503559 -0.105072
v 0.258025 0.493555 0.199600
v 0.265953 0.495774 0.297936
v 0.259075 0.495001 0.171441
v 0.259506 0.663540 -0.108178
v 0.259568 0.487945 -0.040433
v 0.259676 0.523601 -0.008637
v 0.259717 0.421851 0.238603
v 0.259738 0.435316 -0.024370
v 0.259908 0.834453 0.094011
v 0.260064 0.476643 -0.046077
v 0.260229 0.563232 0.310149
v 0.260852 0.483964 0.259454
v 0.260996 0.427046 0.135853
v 0.261059 0.493817 0.183690
v 0.261070 0.669309 -0.194803
v 0.265681 0.473142 -0.106401
v 0.268353 0.477436 -0.106516
v 0.264522 0.475656 -0.104128
v 0.261371 0.535128 -0.051850
v 0.261517 0.671412 -0.089764
v 0.261574 0.979307 0.123015
v 0.261589 0.899596 0.057683
v 0.261813 0.870115 0.200802
v 0.261823 0.517091 0.027715
v 0.261933 0.462128 0.359315
v 0.262459 0.502108 -0.112227
v 0.262470 0.499925 -0.001852
v 0.262627 0.491118 0.295781
v 0.263935 0.491415 0.295006
v 0.262769 0.403013 0.196186
v 0.263193 0.454684 0.062639
v 0.263826 0.557471 -0.028938
v 0.263862 0.772259 -0.143540
v 0.263898 0.647881 -0.100372
v 0.263901 0.472196 -0.107430
v 0.263901 0.472196 -0.107430
v 0.265355 0.478695 -0.113214
v 0.264052 0.463850 0.164554
v 0.264588 0.473180 0.192813
v 0.265753 0.725259 0.070384
v 0.265771 0.773426 0.012879
v 0.265822 0.458642 0.126585
v 0.265859 0.478828 -0.097266
v 0.266139 0.779748 0.126590
v 0.266770 0.451154 0.334824
v 0.266896 0.469663 -0.111314
v 0.267069 0.464149 0.191623
v 0.267365 0.427995 0.036615
v 0.268869 0.868944 0.130481
v 0.267597 0.476722 -0.152018
v 0.269287 0.477985 -0.107139
v 0.267915 0.481919 -0.107430
v 0.268069 0.513601 -0.031056
v 0.268199 0.427130 0.306823
v 0.268517 0.496345 0.305258
v 0.269141 0.476793 -0.119607
v 0.269280 0.997960 0.120926
v 0.269577 0.624509 -0.087075
v 0.269638 0.495125 -0.041175
v 0.269740 0.535825 0.270902
v 0.269902 0.870268 0.227982
v 0.269902 0.805377 0.101452
v 0.270049 0.454806 -0.026256
v 0.270078 0.522057 0.087229
v 0.270459 0.465285 -0.099399
v 0.270535 0.507516 0.179991
v 0.270831 0.535846 0.126840
v 0.270903 0.694597 -0.006501
v 0.271027 0.948009 0.099073
v 0.271028 0.466689 -0.034559
v 0.271300 0.697826 -0.121187
v 0.272082 0.532547 0.255820
v 0.272283 0.636423 -0.220288
v 0.273050 0.443351 -0.107424
v 0.273161 0.430588 0.338929
v 0.273388 0.814619 0.165137
v 0.273629 0.500884 0.331649
v 0.273744 0.477260 -0.111256
v 0.274247 0.434676 0.271158
v 0.274269 0.724852 0.139398
v 0.274658 0.677202 -0.085266
v 0.274737 0.509892 -0.015852
v 0.274988 0.498569 0.065646
v 0.275426 0.475827 0.301663
v 0.275601 0.626544 -0.132853
v 0.275613 0.688571 -0.182293
v 0.275931 0.503089 0.170305
v 0.276575 0.870077 0.121984
v 0.276874 0.469252 0.106591
v 0.278336 0.455108 0.261176
v 0.278433 0.455528 0.261499
v 0.278405 0.455443 0.261558
v 0.278028 0.443740 0.021124
v 0.278046 0.490755 -0.156191
v 0.278647 0.475093 0.041003
v 0.279380 0.737033 0.104558
v 0.279482 0.434973 0.146349
v 0.280356 0.457319 0.269655
v 0.280477 0.814794 0.009860
v 0.280504 0.457141 0.254748
v 0.281234 0.948044 0.144700
v 0.281395 0.910961 0.172571
v 0.281755 0.473054 0.173076
v 0.282687 0.612416 -0.059856
v 0.283249 0.876053 0.015985
v 0.283350 0.469312 0.247929
v 0.288860 0.476606 0.004141
v 0.290056 0.477012 0.001638
v 0.282598 0.475687 0.002548
v 0.283985 0.862195 0.113822
v 0.284103 0.442444 -0.091428
v 0.284886 0.481483 0.126510
v 0.285354 0.989284 0.147021
v 0.285401 0.489312 0.269783
v 0.285633 0.481193 -0.000817
v 0.285725 0.409645 0.346130
v 0.285781 0.458873 0.277032
v 0.285872 0.425198 0.105878
v 0.285988 0.773903 0.196928
v 0.286636 0.775018 0.140252
v 0.287340 0.454089 0.205690
v 0.287356 0.629507 0.247889
v 0.287423 0.470827 -0.000817
v 0.284666 0.472993 -0.001934
v 0.287423 0.470827 -0.000817
v 0.288432 0.453761 0.091618
v 0.289492 0.478184 0.303628
v 0.289547 0.419139 0.330683
v 0.289594 0.476540 0.003424
v 0.296312 0.434090 0.230983
v 0.289772 0.659455 0.013142
v 0.290225 0.489886 0.070208
v 0.292268 0.452976 0.243810
v 0.290516 0.482061 0.081952
v 0.291316 0.430712 0.230185
v 0.291886 0.430572 0.228792
v 0.291002 0.924627 0.127593
v 0.291167 0.404829 0.262925
v 0.295313 0.488570 0.109280
v 0.289451 0.490862 0.103807
v 0.291465 0.498073 0.109282
v 0.291691 0.458793 0.234707
v 0.291718 0.573787 -0.119527
v 0.292252 0.453002 0.243828
v 0.292921 0.528066 -0.129710
v 0.292928 0.518828 -0.039802
v 0.292942 0.530602 -0.111710
v 0.293095 0.679544 -0.030372
v 0.293130 0.504819 -0.100114
v 0.294726 0.452989 0.276763
v 0.293442 0.479715 -0.006913
v 0.293703 0.463338 0.238920
v 0.294083 0.480260 0.003175
v 0.294319 0.532440 -0.098384
v 0.294324 0.597612 -0.028386
v 0.294432 0.471187 0.092080
v 0.293972 0.474262 0.092799
v 0.296274 0.471505 0.091447
v 0.297599 0.493888 0.111664
v 0.301231 0.474541 -0.022569
v 0.296119 0.425438 0.079539
v 0.296360 0.451789 0.011422
v 0.296455 0.535256 0.014720
v 0.297530 0.639749 -0.023014
v 0.297559 0.536067 0.247983
v 0.297693 0.673578 -0.184912
v 0.298001 0.468771 0.094292
v 0.298402 0.532539 0.215134
v 0.298623 0.468392 0.088324
v 0.298902 0.455346 0.142001
v 0.306272 0.494539 0.218538
v 0.299074 0.458307 0.150181
v 0.299244 0.512605 -0.095249
v 0.300044 0.520555 0.089771
v 0.300126 0.625419 -0.157513
v 0.300230 0.533996 0.046859
v 0.301041 0.512976 -0.103935
v 0.301090 0.515561 0.128774
v 0.301203 0.499542 0.106153
v 0.301237 0.474543 -0.022576
v 0.304263 0.464753 -0.072180
v 0.302055 0.567488 0.202286
v 0.302062 0.827053 0.147862
v 0.302239 0.500124 0.113085
v 0.302225 0.490309 0.216039
v 0.304097 0.489497 0.216943
v 0.302569 0.860143 0.073526
v 0.303132 0.470379 -0.028391
v 0.303338 0.436068 0.233047
v 0.304379 0.480851 0.175141
v 0.312227 0.504913 0.233824
v 0.306062 0.448004 0.289550
v 0.306184 0.453797 -0.033029
v 0.311763 0.495426 0.127994
v 0.311746 0.495437 0.127981
v 0.309843 0.474377 0.011491
v 0.306823 0.520173 -0.050449
v 0.307657 0.454650 -0.016142
v 0.315881 0.504914 0.147519
v 0.309094 0.412099 0.215328
v 0.309333 0.507762 0.009604
v 0.309477 0.502043 -0.103971
v 0.309615 0.499803 0.231810
v 0.310356 0.499683 0.230476
v 0.309707 0.474450 0.011457
v 0.309931 0.466979 -0.081231
v 0.310127 0.481294 0.119838
v 0.313131 0.470686 0.064390
v 0.310608 0.475450 0.035616
v 0.310609 0.537180 0.229432
v 0.310718 0.495513 0.224343
v 0.310916 0.474399 0.202578
v 0.311438 0.472007 0.076101
v 0.312127 0.438945 0.141107
v 0.312906 0.430594 0.071001
v 0.313849 0.500034 0.150526
v 0.313089 0.499742 0.149247
v 0.313489 0.502359 0.249498
v 0.314353 0.504717 0.241558
v 0.314418 0.655009 -0.167288
v 0.314692 0.517664 0.246804
v 0.315041 0.444920 0.155521
v 0.315066 0.537737 0.006616
v 0.315182 0.433762 0.162592
v 0.315373 0.460100 0.024740
v 0.319715 0.452046 0.210925
v 0.316866 0.444980 -0.096337
v 0.317453 0.450357 0.212361
v 0.319543 0.454892 0.140644
v 0.317708 0.499121 0.105750
v 0.317764 0.544266 0.030300
v 0.317975 0.437108 0.167460
v 0.318376 0.522418 -0.091957
v 0.320190 0.466157 0.087981
v 0.326274 0.485730 -0.064686
v 0.320184 0.466038 0.088068
v 0.320182 0.504843 0.141220
v 0.320650 0.468262 -0.050510
v 0.321781 0.523015 0.000199
v 0.322097 0.426978 0.177434
v 0.322293 0.654513 0.039628
v 0.322374 0.472611 0.058033
v 0.323691 0.448052 -0.076465
v 0.323888 0.451762 -0.067116
v 0.324205 0.457101 0.149993
v 0.325601 0.481296 -0.060572
v 0.324410 0.480961 -0.061440
v 0.324852 0.514917 0.137687
v 0.325672 0.497026 0.035637
v 0.325831 0.468461 0.185168
v 0.327016 0.462154 0.146245
v 0.328677 0.453514 0.207026
v 0.328971 0.457687 0.091247
v 0.336167 0.472704 -0.135675
v 0.330314 0.444631 -0.152915
v 0.330577 0.510097 -0.020818
v 0.332109 0.468801 -0.133290
v 0.331572 0.468748 -0.134719
v 0.331250 0.458709 0.164432
v 0.331840 0.542122 -0.001440
v 0.332723 0.461891 0.212746
v 0.333480 0.486469 -0.067838
v 0.339534 0.460018 0.134127
v 0.333865 0.488413 -0.037359
v 0.333974 0.490316 -0.057947
v 0.334370 0.542457 0.133669
v 0.341746 0.513151 0.164255
v 0.335291 0.457748 0.130404
v 0.336474 0.456974 0.129868
v 0.339910 0.474107 -0.142790
v 0.340012 0.507948 0.161618
v 0.341081 0.508342 0.160625
v 0.340640 0.459658 0.017036
v 0.342000 0.510225 -0.045928
v 0.342248 0.425478 0.210701
v 0.343600 0.462257 0.140358
v 0.343657 0.491720 -0.012707
v 0.344520 0.479120 0.155862
v 0.345528 0.504183 0.139987
v 0.352546 0.485731 0.035249
v 0.352978 0.513146 0.066733
v 0.349346 0.454836 0.090253
v 0.346995 0.445597 -0.130922
v 0.348966 0.481014 0.033854
v 0.349737 0.481082 0.032556
v 0.349482 0.513146 0.166258
v 0.351277 0.508204 0.069830
v 0.350465 0.507480 0.068810
v 0.351509 0.403309 0.170109
v 0.352291 0.432070 0.220446
v 0.355672 0.512957 0.059190
v 0.356719 0.486313 0.041698
v 0.358299 0.472911 0.071404
v 0.357598 0.448597 0.044628
v 0.358383 0.467878 0.056325
v 0.358449 0.478792 0.062463
v 0.359147 0.456861 0.086299
v 0.359220 0.482718 0.021694
v 0.367713 0.440344 0.126950
v 0.367862 0.430315 0.110424
v 0.370650 0.436729 0.112085
vn 0.7066 0.0375 -0.7066
vn 0.7670 0.0764 -0.6370
vn 0.7309 0.0527 -0.6804
vn 0.7967 0.0973 -0.5966
vn -0.9606 -0.2011 -0.1921
vn -0.7586 0.3127 -0.5716
vn -0.9345 -0.1513 -0.3221
vn -0.6582 0.3642 -0.6589
vn 0.1120 -0.0679 0.9914
vn -0.1845 0.2818 0.9415
vn -0.6446 0.4121 0.6439
vn 0.4457 0.0823 0.8914
vn 0.7368 -0.1179 0.6658
vn -0.0622 0.9930 0.1009
vn 0.5826 0.4977 0.6425
vn 0.8472 -0.3212 -0.4232
vn 0.9941 0.0753 0.0781
vn 0.6570 0.3777 -0.6525
vn -0.0649 0.9960 -0.0612
vn -0.5321 0.4447 -0.7205
vn -0.5685 0.4477 -0.6902
vn 0.4957 -0.5250 -0.6919
vn 0.4469 -0.4287 0.7851
vn -0.5152 0.4764 0.7125
vn -0.5181 0.4854 0.7042
vn -0.3395 0.6213 -0.7062
vn -0.4224 0.6852 -0.5934
vn 0.4744 -0.8129 -0.3378
vn 0.2162 -0.6750 -0.7054
vn -0.1675 -0.7676 -0.6187
vn -0.1021 -0.7605 -0.6413
vn 0.3984 -0.9146 0.0695
vn 0.0308 -0.7544 0.6557
vn 0.4081 -0.8034 0.4336
vn -0.0010 -0.7292 0.6843
vn -0.3231 0.6369 0.7000
vn -0.3109 0.7154 0.6258
vn -0.0159 0.9993 0.0340
vn 0.2286 0.9412 0.2486
vn 0.3704 0.8373 -0.4021
vn -0.1316 0.9766 -0.1704
vn -0.7487 -0.0529 -0.6608
vn -0.8604 -0.0262 -0.5089
vn 0.6741 -0.5247 -0.5199
vn 0.4190 -0.6285 -0.6553
vn 0.7236 0.2127 0.6566
vn 0.8209 -0.0354 0.5700
vn -0.4159 0.6515 0.6344
vn -0.8373 0.0113 -0.5467
vn -0.9246 0.2785 -0.2598
vn 0.2289 -0.9011 -0.3684
vn 0.0198 -0.9094 -0.4154
vn -0.1724 -0.9813 -0.0860
vn -0.1456 -0.9800 -0.1355
vn 0.8358 -0.0135 0.5488
vn 0.8267 -0.2211 0.5174
vn 0.5534 -0.3611 0.7506
vn 0.5982 -0.3441 0.7237
vn -0.0549 0.7749 0.6298
vn -0.1947 0.8653 0.4618
vn -0.0430 0.9981 -0.0430
vn -0.0347 0.9985 0.0417
vn -0.5100 0.6992 -0.5010
vn -0.1914 -0.5995 -0.7771
vn -0.2476 -0.6216 -0.7432
vn 0.7243 0.5238 0.4483
vn 0.9871 0.1116 0.1150
vn -0.7701 0.2932 0.5666
vn -0.8947 0.2190 0.3894
vn 0.1106 -0.9195 -0.3773
vn 0.2336 -0.8780 -0.4177
vn 0.8601 -0.4315 -0.2720
vn -0.5545 0.7537 0.3529
vn 0.2061 0.9209 0.3310
vn -0.6803 -0.2726 0.6803
vn -0.5467 0.4274 -0.7201
vn 0.1977 0.9601 0.1977
vn 0.6498 0.2393 -0.7214
vn 0.2306 0.9393 -0.2538
vn -0.5981 0.4993 -0.6269
vn -0.5991 -0.5763 -0.5559
vn 0.5213 0.5720 0.6334
vn -0.6659 -0.3875 0.6375
vn -0.6440 -0.3796 0.6642
vn -0.1101 -0.5696 -0.8145
vn -0.1637 -0.8030 -0.5730
vn 0.5422 0.3832 -0.7478
vn 0.5555 0.5065 -0.6595
vn 0.7996 0.3125 -0.5128
vn 0.7942 0.3183 -0.5176
vn 0.1189 0.5938 0.7958
vn 0.2490 0.6620 0.7070
vn 0.5403 0.4272 0.7249
vn 0.4871 0.4800 0.7296
vn -0.4047 -0.5627 0.7208
vn -0.4808 -0.6247 0.6153
vn -0.4632 0.7277 0.5059
vn -0.0797 0.9964 -0.0273
vn -0.0698 0.9975 0.0133
vn -0.2391 0.9225 -0.3030
vn -0.7555 -0.2572 -0.6025
vn -0.7564 -0.3041 -0.5791
vn 0.1270 0.7276 -0.6741
vn 0.7019 0.2596 0.6633
vn -0.6246 -0.6854 0.3743
vn -0.2088 -0.7313 0.6493
vn -0.6533 -0.3814 -0.6540
vn -0.5419 -0.6445 -0.5394
vn -0.0860 0.7234 -0.6850
vn -0.0524 0.7877 -0.6138
vn 0.2445 0.5824 -0.7752
vn 0.1968 0.6237 -0.7565
vn 0.6711 0.2457 0.6995
vn 0.7407 0.4464 0.5021
vn 0.9316 0.2794 0.2325
vn 0.9030 0.3168 0.2903
vn 0.0287 -0.8918 0.4516
vn 0.0670 -0.8820 0.4664
vn -0.2595 0.9474 0.1875
vn 0.4174 0.8456 0.3327
vn 0.5884 0.7746 -0.2321
vn 0.5379 0.8429 0.0143
vn 0.2740 0.9222 -0.2731
vn -0.1555 0.9757 -0.1542
vn -0.8192 -0.1862 0.5425
vn -0.4162 0.9091 0.0202
vn -0.4767 0.5803 -0.6603
vn 0.5127 -0.5677 0.6440
vn -0.7039 -0.4583 0.5427
vn -0.7097 -0.4521 0.5403
vn -0.7931 0.5308 -0.2987
vn -0.7664 0.5708 -0.2946
vn 0.5998 0.6696 -0.4381
vn 0.7362 0.5837 -0.3425
vn 0.6484 0.3891 -0.6543
vn 0.6746 0.4346 -0.5967
vn 0.8452 -0.5129 0.1504
vn 0.6718 -0.7380 -0.0641
vn 0.7974 -0.5676 0.2049
vn 0.6427 -0.7661 -0.0119
vn -0.7015 -0.6915 0.1725
vn -0.8051 -0.5569 0.2043
vn -0.3334 0.8789 0.3412
vn 0.5797 0.5676 0.5846
vn 0.7062 0.0504 -0.7062
vn 0.4176 0.2748 0.8661
vn -0.2540 0.9333 -0.2540
vn -0.7483 -0.0234 0.6630
vn -0.7511 -0.0245 0.6597
vn -0.7475 -0.0489 0.6624
vn -0.6182 0.4856 -0.6181
vn -0.4186 0.5817 -0.6974
vn 0.7257 -0.0511 -0.6861
vn 0.8353 -0.0822 -0.5437
vn 0.6886 -0.5275 0.4976
vn -0.6445 -0.3703 0.6690
vn -0.2001 0.8604 -0.4687
vn -0.1245 0.8614 -0.4924
vn 0.7298 -0.2113 -0.6502
vn 0.7856 -0.3186 -0.5305
vn 0.4520 -0.4697 -0.7584
vn 0.5309 -0.4446 -0.7214
vn -0.0900 -0.7095 0.6989
vn 0.0269 -0.8384 0.5444
vn -0.2351 -0.9456 0.2249
vn -0.1864 -0.9382 0.2917
vn -0.6057 -0.4437 0.6605
vn -0.8041 0.3860 0.4521
vn 0.7241 0.0293 -0.6890
vn 0.6939 0.0413 -0.7189
vn -0.7122 0.0173 -0.7018
vn -0.7084 0.0189 -0.7056
vn -0.7114 0.0176 -0.7025
vn -0.7075 0.0193 -0.7064
vn -0.7127 -0.0200 0.7012
vn -0.7094 -0.0212 0.7045
vn -0.7120 -0.0202 0.7018
vn -0.7087 -0.0215 0.7052
vn 0.7069 0.0036 0.7073
vn 0.7069 0.0031 0.7073
vn 0.7038 0.0042 0.7104
vn 0.0958 0.3274 -0.9400
vn -0.4975 0.1495 -0.8545
vn 0.4214 -0.1779 0.8892
vn 0.3016 -0.1963 0.9330
vn -0.3152 -0.5628 0.7641
vn -0.3824 0.1956 -0.9031
vn -0.1769 -0.5661 0.8051
vn -0.6456 0.0259 -0.7633
vn 0.6086 0.2429 0.7554
vn -0.1038 0.5680 -0.8164
vn -0.0673 0.3660 -0.9282
vn -0.0351 0.8093 0.5863
vn 0.1458 0.1679 0.9750
vn 0.6365 0.6834 -0.3575
vn -0.3348 0.6676 0.6649
vn 0.2057 0.9742 0.0930
vn -0.3161 -0.9469 0.0594
vn 0.9738 0.2257 -0.0268
vn 0.9230 0.3808 -0.0558
vn -0.7159 0.3404 -0.6096
vn -0.2793 0.9041 -0.3233
vn 0.8184 -0.0578 0.5717
vn 0.7672 0.0574 -0.6388
vn -0.0903 -0.9665 0.2404
vn -0.7682 -0.3146 0.5576
vn 0.3251 -0.7563 0.5677
vn -0.6666 0.7314 -0.1439
vn 0.6566 -0.7401 0.1454
vn 0.7242 0.6352 0.2684
vn 0.1180 0.9054 0.4077
vn -0.3417 0.8845 0.3177
vn 0.5892 0.2857 -0.7558
vn 0.6098 0.1879 -0.7699
vn -0.3601 0.8679 0.3422
vn -0.5843 0.1107 0.8040
vn -0.5932 0.0713 -0.8019
vn 0.0172 0.9907 0.1350
vn 0.6576 0.1779 0.7321
vn -0.8211 0.5685 -0.0513
vn 0.9269 0.3704 0.0615
vn 0.2956 0.9507 -0.0938
vn 0.2223 0.9599 0.1706
vn 0.2173 0.9619 0.1662
vn 0.2243 0.9583 0.1771
vn 0.7819 -0.3469 -0.5180
vn -0.7210 0.4880 0.4920
vn 0.5265 0.7677 -0.3651
vn -0.7658 -0.2057 0.6092
vn -0.4792 -0.7969 0.3678
vn 0.7438 0.2952 -0.5997
vn -0.4382 -0.8336 0.3364
vn 0.0757 -0.9287 0.3630
vn 0.2443 -0.0803 -0.9664
vn 0.3116 -0.3856 -0.8685
vn 0.0155 -0.8297 0.5580
vn -0.3078 -0.1617 0.9376
vn 0.3147 0.0864 -0.9453
vn -0.0047 -0.1628 0.9866
vn 0.5621 0.3418 -0.7531
vn 0.1488 0.5224 -0.8396
vn 0.4419 -0.6587 0.6089
vn -0.3211 -0.5616 0.7625
vn -0.1642 0.9762 -0.1418
vn -0.8552 -0.5041 0.1204
vn 0.1752 0.9614 -0.2123
vn -0.3270 0.6878 -0.6480
vn -0.6347 -0.2411 -0.7342
vn 0.1448 -0.7546 0.6400
vn 0.6651 0.0245 0.7464
vn -0.1212 0.2166 -0.9687
vn 0.0362 0.5824 -0.8121
vn 0.2381 0.4075 0.8816
vn 0.1880 0.2637 0.9461
vn 0.5291 0.0087 -0.8485
vn 0.5421 0.4608 -0.7027
vn -0.1002 0.7758 0.6229
vn -0.3675 0.1377 0.9198
vn 0.6607 0.7505 0.0149
vn 0.7879 -0.6079 -0.0987
vn -0.5757 0.5373 -0.6163
vn 0.7453 -0.2054 0.6343
vn 0.8347 0.3008 -0.4613
vn -0.8919 0.4007 0.2095
vn -0.6498 -0.5595 0.5144
vn -0.8857 0.3351 0.3212
vn -0.2064 -0.9617 0.1804
vn 0.1695 0.9677 -0.1865
vn 0.8026 0.5951 -0.0408
vn -0.9557 0.2884 -0.0595
vn -0.1214 -0.9805 0.1542
vn 0.0113 -0.9226 0.3855
vn 0.0116 -0.9229 0.3849
vn 0.0113 -0.9223 0.3863
vn -0.2555 0.4514 -0.8550
vn 0.3946 -0.7077 -0.5861
vn 0.2436 -0.3891 0.8884
vn 0.5965 0.4309 -0.6772
vn -0.5292 -0.5065 0.6808
vn 0.6974 0.6746 0.2420
vn -0.0464 0.1350 -0.9898
vn -0.0385 0.5990 -0.7998
vn 0.1222 0.6503 0.7498
vn 0.1913 -0.0350 0.9809
vn -0.3386 0.9375 0.0797
vn 0.9797 -0.1804 -0.0869
vn -0.9521 -0.2689 0.1455
vn 0.2663 0.5416 -0.7973
vn 0.5158 -0.7697 -0.3762
vn -0.2332 -0.5994 0.7658
vn 0.9401 -0.2203 -0.2602
vn -0.2026 -0.9499 0.2381
vn -0.4194 -0.8684 0.2644
vn -0.8069 0.4483 -0.3846
vn 0.7486 -0.5481 0.3731
vn -0.8889 0.1565 -0.4304
vn 0.8955 -0.1149 0.4300
vn 0.6452 -0.1110 -0.7559
vn 0.5913 -0.5707 -0.5698
vn -0.6253 -0.2148 0.7503
vn 0.2817 -0.8999 -0.3329
vn 0.2854 -0.9071 -0.3095
vn 0.2824 -0.9015 -0.3280
vn 0.2864 -0.9084 -0.3045
vn 0.5648 0.0363 -0.8245
vn 0.5980 -0.4647 -0.6530
vn -0.2013 -0.8477 0.4908
vn -0.6230 -0.2513 0.7407
vn -0.5177 -0.2820 -0.8077
vn 0.4270 -0.8744 0.2304
vn 0.5264 -0.0001 0.8503
vn 0.1248 -0.9326 -0.3388
vn 0.3473 -0.7786 -0.5227
vn 0.6569 -0.1988 -0.7272
vn -0.4400 -0.7888 0.4292
vn -0.7230 0.0955 0.6842
vn 0.3255 -0.9008 -0.2876
vn 0.3278 -0.8985 -0.2921
vn 0.3261 -0.9022 -0.2822
vn -0.5312 -0.3110 -0.7881
vn -0.2559 -0.7334 -0.6298
vn 0.5502 -0.5970 0.5839
vn 0.4714 0.1114 0.8748
vn -0.2299 -0.8494 -0.4750
vn -0.6762 -0.3016 -0.6722
vn 0.6456 -0.4195 0.6381
vn 0.2248 0.8863 0.4048
vn -0.1868 0.1132 -0.9759
vn 0.0956 0.5762 0.8117
vn 0.3108 -0.6622 0.6818
vn 0.2246 -0.5953 -0.7715
vn -0.2698 0.5126 0.8151
vn -0.2698 0.5130 0.8149
vn -0.3707 -0.4586 0.8076
vn 0.4409 -0.8493 0.2902
vn -0.0158 0.9117 0.4105
vn 0.1380 -0.9127 0.3847
vn 0.7636 0.3212 -0.5602
vn 0.2622 0.9077 -0.3276
vn -0.7797 -0.0390 0.6249
vn 0.1994 -0.4412 -0.8750
vn 0.7111 -0.6003 -0.3661
vn 0.2219 -0.4539 -0.8630
vn 0.7136 -0.6016 -0.3590
vn 0.5687 -0.5734 -0.5898
vn 0.0923 0.2505 -0.9637
vn 0.0398 -0.5389 0.8414
vn -0.1847 -0.3150 0.9309
vn 0.7394 0.2307 -0.6325
vn 0.8146 -0.1596 -0.5576
vn -0.2365 -0.8949 0.3785
vn -0.7144 -0.4544 0.5322
vn 0.8695 0.0722 -0.4887
vn 0.1178 -0.9832 -0.1396
vn 0.5916 -0.6991 -0.4016
vn -0.6262 0.6283 0.4617
vn -0.8034 -0.4888 0.3401
vn 0.3887 -0.8611 0.3278
vn -0.6449 0.5872 -0.4891
vn -0.3886 -0.8628 0.3234
vn -0.3878 -0.8638 0.3218
vn -0.3884 -0.8621 0.3255
vn -0.2841 0.3426 -0.8955
vn 0.3504 -0.3828 0.8548
vn 0.2952 -0.8212 0.4883
vn 0.2854 -0.8478 0.4470
vn 0.3488 -0.3320 0.8764
vn 0.3830 -0.4793 -0.7897
vn -0.1237 -0.8284 0.5463
vn 0.5650 -0.7986 0.2072
vn -0.7447 0.4846 -0.4589
vn 0.6623 -0.6360 0.3960
vn -0.4040 -0.1332 -0.9050
vn -0.3989 -0.2492 -0.8825
vn 0.0715 -0.8844 0.4613
vn 0.2921 -0.1096 0.9501
vn 0.8496 0.4211 -0.3176
vn 0.7609 -0.6059 -0.2321
vn 0.0981 -0.8580 -0.5042
vn -0.1064 0.8592 0.5005
vn 0.7717 0.1160 0.6254
vn -0.3428 0.0731 -0.9366
vn 0.1098 0.6887 0.7167
vn -0.3367 0.9385 0.0764
vn 0.2424 0.0191 0.9700
vn -0.3549 0.3419 -0.8701
vn 0.2474 0.0074 0.9689
vn -0.1433 -0.2035 -0.9685
vn 0.3313 0.8905 0.3119
vn 0.2159 0.3127 -0.9250
vn 0.3241 0.3107 -0.8935
vn 0.0710 0.3467 -0.9353
vn -0.1869 -0.3267 0.9265
vn -0.1239 -0.3417 0.9316
vn 0.0701 -0.3171 0.9458
vn 0.8071 0.2925 -0.5129
vn -0.6588 0.0941 -0.7464
vn -0.2092 0.3292 -0.9208
vn -0.2222 -0.2256 0.9485
vn 0.1905 -0.0061 0.9817
vn -0.6330 -0.2591 -0.7295
vn 0.6192 0.2376 0.7484
vn 0.4090 0.7230 0.5568
vn 0.1061 0.2895 0.9513
vn -0.1578 0.3038 0.9396
vn -0.2631 0.9253 -0.2729
vn -0.1661 0.9567 -0.2392
vn -0.0564 0.7150 0.6968
vn 0.7616 -0.3056 0.5714
vn 0.3480 0.8215 0.4517
vn 0.3181 0.1595 0.9345
vn 0.5176 0.4280 -0.7409
vn 0.5167 0.4248 -0.7434
vn 0.5154 0.4274 -0.7428
vn -0.9596 -0.2511 -0.1269
vn 0.0662 0.4096 -0.9099
vn -0.9548 -0.2171 -0.2031
vn 0.6303 -0.1232 0.7665
vn 0.6700 -0.1178 0.7330
vn 0.6314 -0.1258 0.7652
vn 0.1497 0.4280 -0.8913
vn -0.1621 -0.2837 0.9451
vn 0.6729 -0.1114 0.7313
vn 0.2030 0.8085 -0.5523
vn 0.2529 -0.6941 0.6740
vn 0.1515 0.9520 0.2661
vn 0.2739 0.1757 0.9456
vn -0.1977 -0.9776 0.0726
vn 0.1259 0.2372 -0.9633
vn 0.5417 0.2812 0.7922
vn 0.2510 0.2693 -0.9298
vn 0.2358 0.2599 -0.9364
vn -0.8126 -0.4560 0.3629
vn 0.8618 0.3909 0.3231
vn 0.1053 0.0327 0.9939
vn -0.3070 -0.9368 -0.1676
vn 0.3026 0.9505 -0.0705
vn 0.2814 0.1016 0.9542
vn 0.6235 0.5746 -0.5303
vn -0.0200 0.7353 0.6774
vn 0.3154 0.4927 -0.8110
vn -0.5297 -0.4477 0.7205
vn 0.7018 -0.1230 0.7017
vn -0.4691 0.6831 -0.5597
vn 0.4769 -0.6765 0.5611
vn -0.9704 0.0338 0.2393
vn -0.6677 -0.2932 0.6843
vn 0.0335 0.5153 -0.8563
vn 0.6231 0.4008 -0.6717
vn -0.1698 -0.4895 0.8553
vn -0.5610 -0.4198 0.7135
vn 0.6373 -0.3383 0.6924
vn 0.6365 -0.3383 0.6931
vn 0.6371 -0.3395 0.6920
vn 0.5709 -0.7941 0.2086
vn 0.0687 0.8287 0.5554
vn -0.0302 -0.9122 -0.4087
vn 0.9738 0.0654 -0.2180
vn -0.9738 -0.0654 0.2180
vn 0.4085 0.7777 -0.4779
vn 0.4953 -0.8390 0.2252
vn 0.5795 0.0251 -0.8146
vn -0.4400 0.3074 -0.8438
vn 0.3226 -0.2421 0.9151
vn 0.3954 -0.2204 0.8917
vn 0.7961 -0.0745 -0.6005
vn 0.2168 0.4663 0.8577
vn 0.7670 -0.0900 -0.6353
vn -0.9345 -0.2604 -0.2427
vn 0.1825 0.8862 0.4257
vn -0.2317 0.9394 0.2527
vn 0.2650 -0.2997 -0.9165
vn 0.8036 0.1987 0.5611
vn -0.4074 0.2702 0.8724
vn 0.2452 -0.7410 -0.6251
vn 0.6712 0.4941 0.5526
vn 0.1582 -0.5976 -0.7860
vn 0.5119 -0.5057 -0.6944
vn 0.5301 0.4197 0.7368
vn 0.0318 0.4610 0.8868
vn 0.9393 0.3373 0.0630
vn -0.8573 0.4823 0.1803
vn 0.5846 0.0317 0.8107
vn 0.4263 -0.2748 -0.8618
vn 0.0286 0.2250 -0.9739
vn 0.2259 0.2287 -0.9469
vn -0.0907 -0.2131 0.9728
vn 0.1662 -0.2271 0.9596
vn 0.9993 -0.0100 -0.0350
vn -0.8552 0.4924 -0.1618
vn 0.3500 -0.0218 0.9365
vn 0.7214 -0.0666 -0.6893
vn 0.6958 -0.0431 -0.7169
vn 0.6942 -0.0437 -0.7185
vn 0.6966 -0.0409 -0.7163
vn -0.6268 0.6364 -0.4496
vn -0.7751 0.1883 0.6031
vn 0.4861 -0.4918 0.7224
vn -0.3391 0.5631 -0.7536
vn 0.3679 -0.4793 0.7968
vn 0.7062 -0.0690 -0.7047
vn -0.2181 0.9686 -0.1195
vn -0.3805 -0.4329 0.8172
vn 0.9757 -0.0759 -0.2057
vn 0.9757 -0.0764 -0.2056
vn -0.1501 0.9504 0.2724
vn -0.3462 0.2202 0.9119
vn -0.3368 0.9126 0.2319
vn -0.7864 0.6157 -0.0493
vn 0.0030 -0.6756 -0.7372
vn -0.1320 -0.7093 0.6924
vn -0.1544 -0.1617 0.9747
vn 0.7253 0.3210 -0.6090
vn -0.5726 -0.6565 0.4911
vn -0.2794 -0.9364 0.2122
vn 0.8029 -0.5825 -0.1265
vn -0.4165 -0.8969 0.1486
vn 0.5125 -0.7272 0.4567
vn 0.2105 -0.9001 0.3814
vn 0.2523 -0.3086 -0.9171
vn -0.4546 0.4309 0.7795
vn -0.6068 0.5419 0.5815
vn 0.6305 -0.2174 0.7451
vn -0.2618 0.1795 -0.9483
vn -0.2394 0.9218 0.3049
vn 0.4781 -0.5599 0.6767
vn -0.4110 -0.8121 0.4141
vn -0.7322 -0.6705 0.1199
vn 0.2859 -0.1744 -0.9422
vn 0.2975 -0.1735 -0.9388
vn -0.3900 0.1748 0.9041
vn 0.1379 0.2034 0.9693
vn 0.7779 0.4052 0.4802
vn -0.1679 0.9780 -0.1236
vn -0.1679 0.9780 -0.1235
vn -0.1681 0.9780 -0.1237
vn 0.6050 0.0584 -0.7941
vn 0.6231 -0.3559 0.6965
vn 0.7176 0.4272 -0.5500
vn 0.3877 -0.8094 0.4410
vn 0.6370 0.0075 -0.7708
vn 0.6363 0.0049 -0.7714
vn 0.6332 0.0101 -0.7739
vn -0.1976 -0.4960 0.8456
vn 0.6493 0.1985 -0.7342
vn 0.2585 0.2929 -0.9205
vn -0.0493 -0.3748 0.9258
vn 0.3276 -0.8815 0.3399
vn 0.3278 -0.8815 0.3398
vn 0.3276 -0.8816 0.3398
vn 0.3401 -0.1578 0.9271
vn 0.9918 -0.0352 0.1227
vn 0.7009 -0.5861 -0.4065
vn 0.1060 -0.7550 -0.6471
vn 0.3210 0.6861 0.6528
vn 0.6148 0.7499 0.2443
vn -0.9899 0.1343 -0.0462
vn 0.9521 0.0325 0.3040
vn 0.0259 -0.9306 -0.3650
vn 0.8209 0.3170 0.4749
vn 0.8845 -0.3650 -0.2906
vn 0.2808 0.4571 0.8439
vn 0.7818 -0.6233 0.0166
vn -0.8075 0.5740 -0.1358
vn 0.4906 -0.0549 0.8697
vn 0.4712 -0.0505 0.8806
vn 0.4041 0.0641 -0.9125
vn 0.3648 0.0638 -0.9289
vn -0.8511 0.5248 0.0165
vn -0.1209 0.5803 -0.8053
vn 0.1927 -0.5914 0.7830
vn 0.9473 0.0554 -0.3154
vn -0.9894 0.1452 0.0063
vn -0.5207 -0.3516 0.7780
vn -0.3794 0.9069 -0.1835
vn 0.4371 -0.8860 0.1547
vn 0.2561 -0.9415 0.2189
vn -0.4927 0.8231 0.2824
vn 0.1241 0.2578 -0.9582
vn 0.6969 -0.0210 0.7168
vn 0.6679 -0.0276 0.7438
vn 0.6961 -0.0212 0.7177
vn 0.3151 0.2673 -0.9106
vn -0.8996 -0.2277 0.3727
vn 0.6661 -0.0279 0.7453
vn 0.0440 -0.1523 0.9874
vn 0.1389 0.6871 -0.7132
vn 0.1295 -0.5912 0.7961
vn -0.1156 0.9820 0.1496
vn 0.8488 0.5270 -0.0426
vn 0.0162 0.9920 -0.1252
vn -0.3263 0.2886 -0.9001
vn 0.3621 -0.2739 0.8910
vn -0.6955 0.1073 -0.7104
vn 0.6434 -0.2354 0.7284
vn 0.1538 0.3099 -0.9383
vn -0.1235 -0.2966 0.9470
vn 0.4038 0.0741 0.9118
vn 0.8237 -0.0244 -0.5664
vn -0.6730 0.1567 -0.7228
vn -0.9620 0.2722 0.0199
vn 0.3643 -0.4720 0.8028
vn 0.9617 0.2713 -0.0378
vn -0.8804 0.4352 0.1886
vn -0.5144 -0.1665 -0.8412
vn -0.0938 -0.2952 -0.9508
vn -0.5043 -0.1705 -0.8466
vn 0.4615 0.1935 0.8658
vn 0.4713 0.1871 0.8619
vn -0.0662 -0.3014 -0.9512
vn -0.4490 0.3147 0.8363
vn -0.7395 -0.1371 -0.6590
vn 0.7939 -0.0202 0.6077
vn 0.2566 -0.2132 -0.9427
vn 0.2522 -0.2123 -0.9441
vn 0.2609 -0.2119 -0.9418
vn -0.3839 0.1910 0.9034
vn 0.4862 0.8353 0.2565
vn 0.4218 -0.0513 -0.9052
vn -0.9627 0.2680 0.0373
vn -0.6343 0.6968 0.3349
vn -0.3201 0.9430 -0.0911
vn 0.2353 -0.3250 0.9160
vn -0.2022 -0.6329 0.7473
vn 0.7162 -0.2790 -0.6397
vn 0.4081 -0.4654 -0.7854
vn -0.5241 -0.4970 -0.6916
vn 0.0226 0.4140 0.9100
vn 0.7185 0.3996 0.5693
vn 0.7667 -0.2032 -0.6090
vn -0.7730 -0.3831 -0.5056
vn -0.5997 0.3050 0.7398
vn 0.6278 0.4035 0.6657
vn 0.6936 -0.5215 -0.4969
vn -0.9826 0.1350 -0.1275
vn 0.4806 0.3394 0.8086
vn 0.1137 -0.3601 -0.9260
vn 0.0446 -0.3583 -0.9325
vn -0.1080 -0.3087 -0.9450
vn 0.0203 0.4730 0.8808
vn 0.0218 0.4725 0.8811
vn 0.0205 0.4743 0.8801
vn 0.6147 0.2125 0.7596
vn 0.4319 0.3297 0.8395
vn 0.8489 -0.3269 -0.4153
vn -0.8208 0.3774 0.4287
vn -0.9163 -0.3210 0.2396
vn -0.2324 -0.9614 0.1473
vn -0.0635 0.9791 -0.1933
vn 0.6572 -0.7260 0.2025
vn -0.0561 -0.9487 0.3112
vn -0.0591 -0.9479 0.3129
vn -0.0549 -0.9498 0.3080
vn 0.2832 0.6877 0.6685
vn 0.2832 0.6880 0.6682
vn 0.2832 0.6889 0.6672
vn 0.2333 -0.0271 -0.9720
vn 0.2289 -0.0238 -0.9732
vn 0.2389 -0.0272 -0.9707
vn -0.2064 -0.1251 0.9705
vn -0.2087 0.2308 -0.9504
vn -0.1517 0.2164 -0.9645
vn -0.1306 -0.1450 0.9808
vn 0.1639 -0.1343 0.9773
vn 0.1546 -0.1369 0.9784
vn 0.1604 -0.1404 0.9770
vn 0.1966 -0.0375 -0.9798
vn 0.1966 -0.0388 -0.9797
vn 0.1953 -0.0376 -0.9800
vn -0.3585 -0.0894 0.9293
vn -0.3477 0.2268 -0.9098
vn -0.2426 0.2112 -0.9469
vn -0.2437 -0.1171 0.9627
vn 0.2163 -0.0600 0.9745
vn 0.2105 -0.0620 0.9756
vn 0.2143 -0.0638 0.9747
vn 0.6334 -0.3737 -0.6776
vn -0.4504 0.7469 -0.4892
vn -0.4940 0.6519 0.5754
vn 0.5887 -0.5234 0.6160
vn 0.7634 -0.2341 -0.6021
vn 0.0380 -0.9186 0.3934
vn 0.7312 -0.3158 -0.6047
vn -0.1238 0.9760 0.1792
vn -0.6521 -0.2796 0.7047
vn 0.2288 0.5987 -0.7676
vn 0.3517 -0.1423 -0.9253
vn -0.3228 -0.6131 -0.7210
vn 0.1583 -0.7778 0.6082
vn 0.2632 -0.1692 0.9498
vn -0.0273 -0.9086 0.4168
vn -0.1399 -0.2235 0.9646
vn 0.8855 -0.2829 0.3686
vn 0.1361 -0.0165 -0.9906
vn 0.5086 0.0457 -0.8598
vn 0.1739 -0.0112 -0.9847
vn 0.5483 0.0516 -0.8347
vn -0.1982 -0.1522 0.9683
vn -0.9627 0.0243 0.2696
vn -0.2995 -0.1393 0.9439
vn 0.7103 0.0040 0.7039
vn 0.7074 0.0034 0.7068
vn 0.7072 0.0022 0.7070
vn -0.9898 0.0514 0.1330
vn 0.5834 0.2701 -0.7659
vn -0.5840 -0.2746 0.7639
vn 0.2432 0.3457 -0.9063
vn 0.6826 -0.2434 0.6890
vn -0.4350 -0.8817 -0.1827
vn 0.1293 -0.2913 -0.9479
vn 0.5694 -0.1722 -0.8039
vn 0.1800 -0.2807 -0.9428
vn 0.6343 -0.1465 -0.7591
vn -0.0278 0.1215 0.9922
vn -0.9974 0.0188 -0.0697
vn -0.1373 0.1208 0.9831
vn 0.4725 0.1858 0.8615
vn -0.9811 0.0011 -0.1936
vn -0.1337 -0.6436 -0.7536
vn 0.4570 0.5354 0.7103
vn -0.6408 -0.4505 -0.6216
vn 0.7117 -0.5807 -0.3953
vn 0.9734 0.1738 -0.1495
vn 0.1743 0.2946 -0.9396
vn 0.1989 0.4535 -0.8688
vn 0.6930 -0.3536 -0.6283
vn -0.9637 0.2269 -0.1408
vn 0.5029 0.0094 0.8643
vn 0.1399 -0.1211 -0.9827
vn 0.0266 0.2884 0.9571
vn 0.0243 0.2899 0.9567
vn 0.0251 0.2861 0.9579
vn 0.3993 0.1064 0.9106
vn -0.4494 -0.0735 -0.8903
vn 0.2916 0.3715 0.8815
vn 0.8418 -0.5312 0.0958
vn 0.6441 0.4493 0.6191
vn -0.0998 -0.3799 -0.9196
vn 0.2164 -0.3418 -0.9145
vn 0.3768 0.2840 0.8817
vn 0.0907 0.3001 0.9496
vn -0.7552 -0.6035 -0.2557
vn 0.8334 0.4932 0.2495
vn 0.1194 -0.3605 -0.9251
vn -0.4042 -0.1462 -0.9029
vn 0.1682 0.4317 0.8862
vn 0.3548 0.2026 0.9127
vn 0.2172 -0.1829 -0.9588
vn 0.1576 0.2676 0.9505
vn 0.2064 0.1894 -0.9600
vn 0.2701 0.1775 -0.9463
vn 0.2089 0.1853 -0.9602
vn 0.2828 0.1713 -0.9438
vn -0.2503 -0.1704 0.9530
vn 0.1239 -0.2497 0.9604
vn 0.1425 0.6280 -0.7651
vn -0.2981 -0.4350 0.8497
vn -0.3565 0.2352 -0.9042
vn 0.0860 0.0237 -0.9960
vn 0.3374 -0.1004 -0.9360
vn -0.3828 0.2476 -0.8900
vn 0.2550 -0.1322 0.9579
vn 0.2052 -0.0733 0.9760
vn 0.2055 0.1870 -0.9606
vn 0.1764 -0.1553 0.9720
vn 0.6807 0.1889 -0.7077
vn 0.6340 0.1512 -0.7584
vn -0.6562 0.2067 -0.7258
vn -0.6558 0.2049 -0.7266
vn -0.6566 0.2055 -0.7257
vn 0.7065 0.0561 0.7055
vn -0.6976 0.1065 0.7086
vn -0.8741 0.4706 -0.1202
vn 0.6842 0.0996 0.7224
vn 0.6923 0.0937 0.7155
vn 0.6893 0.0964 0.7180
vn 0.6976 0.0896 0.7108
vn -0.1824 0.9821 -0.0479
vn -0.1957 0.9801 -0.0342
vn 0.6499 0.2677 -0.7113
vn -0.7166 0.1232 0.6865
vn 0.2873 0.9245 0.2505
vn 0.2829 0.9269 0.2466
vn 0.2895 0.9223 0.2562
vn 0.0860 0.9485 -0.3047
vn -0.1616 0.9239 0.3468
vn -0.1410 0.9864 0.0840
vn -0.1293 0.9867 0.0986
vn -0.6384 0.1535 -0.7542
vn 0.5772 0.2383 0.7811
vn 0.9939 0.0408 0.1021
vn 0.9940 0.0214 0.1072
vn 0.1644 0.9590 -0.2307
vn 0.2304 -0.9351 0.2692
vn 0.3524 0.9307 0.0979
vn 0.3673 0.9238 0.1082
vn -0.6962 0.5087 -0.5066
vn 0.8298 -0.1362 0.5411
vn 0.3304 -0.9423 0.0543
vn 0.3257 -0.9428 0.0718
vn 0.3120 -0.1333 -0.9407
vn -0.1786 -0.2408 0.9540
vn 0.5088 -0.7730 -0.3789
vn -0.5250 0.8348 -0.1655
vn 0.6506 -0.6549 -0.3846
vn 0.5524 -0.8220 -0.1381
vn 0.0184 0.9948 0.1002
vn 0.0348 0.9935 0.1087
vn -0.8683 0.2387 -0.4349
vn 0.8682 0.1568 0.4709
vn 0.4222 -0.9019 0.0913
vn 0.4092 -0.9065 0.1042
vn 0.7469 0.0853 -0.6594
vn -0.5736 -0.4416 0.6900
vn 0.2158 -0.9737 0.0731
vn 0.2072 -0.9743 0.0889
vn 0.5079 -0.1338 -0.8510
vn -0.4180 -0.2527 0.8726
vn 0.3114 -0.9479 -0.0667
vn 0.3266 -0.9435 -0.0565
vn -0.7408 -0.3930 -0.5448
vn 0.8578 0.0144 0.5138
vn -0.9734 -0.2142 -0.0809
vn -0.6121 0.7893 0.0477
vn -0.0671 -0.9964 -0.0515
vn -0.0538 -0.9978 -0.0392
vn -0.7292 -0.0941 -0.6778
vn 0.6964 -0.3008 0.6516
vn -0.4054 0.9084 0.1020
vn -0.3901 0.9143 0.1088
vn -0.9182 -0.1745 -0.3556
vn 0.7498 0.5324 0.3929
vn -0.0819 -0.9946 0.0633
vn -0.0878 -0.9930 0.0793
vn 0.3227 -0.2625 -0.9094
vn -0.3522 -0.1335 0.9263
vn -0.5087 -0.8548 0.1020
vn -0.5223 -0.8458 0.1089
vn 0.6677 -0.6486 -0.3653
vn -0.8633 0.3046 0.4025
vn 0.3683 -0.9099 0.1911
vn 0.4052 0.8785 0.2531
vn 0.4540 0.3731 0.8091
vn -0.6253 0.2500 -0.7392
vn 0.7697 0.3977 0.4994
vn -0.0371 0.3422 0.9389
vn 0.6266 0.7725 0.1030
vn 0.6892 -0.4240 0.5876
vn 0.6891 -0.4240 0.5877
vn 0.6891 -0.4239 0.5878
vn 0.2578 -0.2850 0.9232
vn 0.0375 -0.6831 -0.7294
vn 0.0338 -0.6825 -0.7301
vn 0.0360 -0.6816 -0.7308
vn -0.0234 0.6765 -0.7361
vn -0.1162 -0.2031 0.9722
vn 0.0104 0.5788 -0.8154
vn 0.2708 -0.1592 -0.9494
vn -0.0058 -0.6803 0.7329
vn -0.1027 -0.2576 0.9608
vn 0.6391 0.4002 0.6568
vn -0.8457 -0.3111 0.4337
vn 0.4617 0.1982 0.8646
vn -0.4358 -0.7247 0.5338
vn 0.2896 -0.2660 0.9194
vn -0.1579 0.9579 0.2399
vn -0.1582 0.9578 0.2398
vn 0.7206 0.6393 -0.2684
vn -0.3612 0.8595 -0.3616
vn -0.3616 0.8595 0.3612
vn 0.7106 0.6485 0.2730
vn -0.8817 0.4087 -0.2358
vn -0.6608 -0.6790 -0.3199
vn -0.6287 -0.6656 0.4021
vn -0.8647 0.3996 0.3043
vn -0.9396 0.1766 0.2933
vn -0.4015 -0.8193 0.4093
vn 0.0126 -0.4656 0.8849
vn -0.5938 0.3181 0.7391
vn 0.2896 -0.9525 -0.0946
vn 0.9871 -0.0970 -0.1272
vn 0.8207 -0.0119 0.5712
vn 0.1594 -0.8914 0.4242
vn 0.0388 -0.8178 -0.5742
vn 0.5930 0.1404 -0.7929
vn 0.9787 -0.0233 -0.2039
vn 0.4090 -0.8979 -0.1627
vn -0.7154 0.0645 -0.6957
vn 0.3627 0.0170 -0.9318
vn 0.3273 -0.6590 -0.6772
vn -0.7410 -0.4411 -0.5063
vn -0.6565 0.3992 -0.6401
vn -0.1351 -0.5313 -0.8363
vn -0.5260 -0.7997 -0.2895
vn -0.9462 0.2473 -0.2088
vn -0.0221 0.9191 0.3934
vn -0.4188 0.8947 -0.1551
vn 0.1435 0.9121 -0.3841
vn -0.1587 0.9162 -0.3679
vn -0.6024 0.6751 -0.4258
vn -0.7446 0.6653 0.0542
vn -0.3440 0.8425 -0.4145
vn 0.3719 0.8983 -0.2339
vn 0.2458 0.8755 0.4160
vn -0.3599 0.8630 -0.3546
vn -0.4637 0.8427 0.2735
vn 0.1861 0.9486 0.2559
vn -0.3010 0.9219 -0.2439
vn 0.0659 0.9087 -0.4122
vn 0.4437 0.8851 0.1405
vn -0.5256 0.8503 0.0254
vn -0.1574 0.8309 0.5337
vn -0.1574 0.8309 0.5336
vn -0.1469 0.9301 -0.3367
vn 0.4237 0.9048 0.0417
vn -0.5031 0.8186 0.2772
vn 0.0094 0.8012 0.5983
vn -0.0203 0.8827 0.4695
vn -0.5072 0.8610 0.0376
vn 0.4657 0.8798 -0.0953
vn -0.0316 0.8584 -0.5121
vn -0.0316 0.8584 -0.5120
vn 0.1516 0.9024 -0.4033
vn 0.5723 0.8055 0.1539
vn 0.2201 0.9151 -0.3378
vn 0.2201 0.9151 -0.3377
vn -0.4278 0.8911 -0.1517
vn 0.0270 0.6739 -0.7383
vn -0.4520 0.6641 -0.5956
vn 0.2772 0.9153 -0.2921
vn 0.5397 0.7785 0.3203
vn 0.5397 0.7785 0.3204
vn 0.3789 0.8107 0.4463
vn -0.2069 0.7939 0.5718
vn 0.2593 0.9341 -0.2455
vn -0.4092 0.9085 -0.0845
vn -0.4092 0.9085 -0.0844
vn 0.2264 0.9472 0.2270
vn -0.3617 0.9206 -0.1470
vn 0.5249 0.7751 -0.3518
vn 0.0344 0.7603 -0.6487
vn 0.3313 0.8500 -0.4095
vn 0.5243 0.8306 0.1875
vn -0.3711 0.9089 -0.1903
vn -0.1478 0.8853 0.4409
vn -0.2094 0.8747 0.4372
vn -0.5025 0.8536 -0.1375
vn 0.4510 0.8877 0.0930
vn 0.1375 0.8657 -0.4814
vn 0.1696 0.9123 -0.3728
vn 0.3729 0.8884 0.2677
vn -0.5194 0.8457 -0.1228
vn -0.3144 0.8266 0.4668
vn 0.1601 0.8608 0.4830
vn 0.1601 0.8609 0.4830
vn -0.4490 0.8407 0.3027
vn 0.3719 0.9001 -0.2271
vn -0.2691 0.8772 -0.3977
vn -0.4796 0.8583 0.1825
vn 0.0407 0.8384 0.5436
vn -0.6065 0.6249 0.4915
vn -0.2242 0.6171 0.7543
vn -0.1481 0.9152 -0.3748
vn 0.4494 0.8911 -0.0627
vn -0.4576 0.8417 0.2866
vn 0.1007 0.8229 0.5593
vn 0.1007 0.8229 0.5592
vn 0.3079 0.8528 -0.4218
vn -0.3209 0.8333 -0.4502
vn 0.2509 0.6211 -0.7425
vn -0.2099 0.6134 -0.7614
vn -0.2487 0.9393 0.2362
vn 0.0046 0.9134 -0.4071
vn 0.6107 0.7836 -0.1145
vn 0.4340 0.8986 -0.0642
vn 0.0558 0.8758 0.4794
vn -0.1865 0.8626 -0.4702
vn -0.5353 0.8424 0.0621
vn -0.0937 0.8306 -0.5490
vn 0.4566 0.8853 -0.0875
vn -0.1074 0.9313 -0.3480
vn -0.2830 0.9060 0.3147
vn -0.5969 0.6949 -0.4010
vn -0.7226 0.6842 0.0986
vn -0.0778 0.8783 0.4718
vn -0.5154 0.8569 -0.0056
vn 0.4655 0.8842 -0.0379
vn 0.0117 0.8625 -0.5060
vn 0.2598 0.8765 -0.4053
vn 0.4764 0.8553 0.2037
vn -0.4394 0.8859 -0.1485
vn -0.2034 0.8640 0.4605
vn -0.2314 0.8971 -0.3764
vn 0.4736 0.8141 -0.3361
vn -0.3896 0.8767 -0.2822
vn -0.3683 0.8555 0.3640
vn -0.7439 0.6386 -0.1970
vn -0.7254 0.6303 0.2766
vn 0.3438 0.9364 0.0704
vn 0.3438 0.9364 0.0703
vn -0.1884 0.9107 -0.3677
vn 0.6086 0.7034 -0.3671
vn 0.2016 0.6923 -0.6929
vn -0.3153 0.9476 -0.0518
vn 0.3354 0.9209 0.1985
vn -0.4553 0.7331 0.5052
vn 0.0547 0.7205 0.6913
vn -0.3169 0.9484 -0.0109
vn -0.3169 0.9484 -0.0110
vn 0.3755 0.9217 -0.0973
vn -0.1778 0.7687 0.6144
vn 0.3849 0.7542 0.5320
vn 0.3849 0.7543 0.5320
vn 0.1299 0.8836 0.4499
vn -0.4689 0.8619 0.1932
vn 0.4125 0.8789 -0.2395
vn -0.1901 0.8575 -0.4780
vn -0.3470 0.8869 0.3048
vn -0.3606 0.8650 -0.3489
vn 0.3971 0.8754 0.2755
vn 0.3971 0.8754 0.2754
vn 0.3656 0.8543 -0.3694
vn 0.2418 0.9352 -0.2587
vn 0.0740 0.9096 0.4089
vn -0.4457 0.8089 -0.3835
vn -0.5768 0.7921 0.1996
vn -0.1954 0.8971 -0.3961
vn -0.1954 0.8971 -0.3962
vn 0.4516 0.8323 0.3216
vn 0.5028 0.8140 -0.2908
vn 0.2500 0.9179 -0.3081
vn 0.2570 0.8936 0.3679
vn -0.4762 0.8379 -0.2669
vn -0.4532 0.8193 0.3513
vn 0.2624 0.8114 -0.5222
vn -0.3608 0.8739 0.3258
vn 0.2726 0.8529 0.4453
vn -0.3541 0.6364 0.6853
vn -0.3541 0.6364 0.6852
vn 0.1106 0.6282 0.7702
vn 0.3769 0.7593 -0.5305
vn -0.2564 0.9204 -0.2953
vn 0.4099 0.8959 -0.1714
vn -0.3540 0.8343 0.4226
vn 0.2545 0.8160 0.5191
vn 0.3716 0.9271 -0.0493
vn -0.1326 0.9021 0.4107
vn -0.5778 0.8061 -0.1279
vn -0.4750 0.8346 -0.2788
vn 0.0660 0.8163 -0.5739
vn -0.1417 0.9200 0.3653
vn 0.4442 0.8956 0.0251
vn -0.4945 0.8531 -0.1666
vn 0.0029 0.8335 -0.5526
vn 0.0028 0.8335 -0.5526
vn -0.0469 0.9065 0.4196
vn -0.0470 0.9065 0.4196
vn 0.4692 0.8831 -0.0042
vn -0.2178 0.8794 -0.4234
vn -0.4857 0.8580 0.1672
vn -0.5776 0.6407 -0.5058
vn -0.7714 0.6323 -0.0715
vn 0.2134 0.7846 -0.5821
vn 0.2985 0.8347 -0.4628
vn 0.5705 0.8163 0.0902
vn 0.5705 0.8163 0.0903
vn -0.3591 0.9200 -0.1570
vn -0.1642 0.8841 -0.4374
vn 0.3089 0.8626 -0.4006
vn 0.4975 0.8423 0.2072
vn 0.4008 0.9130 -0.0759
vn -0.0088 0.8891 0.4576
vn -0.0413 0.9110 0.4103
vn 0.4598 0.8873 -0.0362
vn 0.2994 0.6694 0.6799
vn 0.6670 0.6598 0.3461
vn 0.0691 0.8492 -0.5235
vn 0.0809 0.7935 -0.6031
vn 0.5661 0.7777 -0.2734
vn -0.3311 0.9416 -0.0612
vn -0.0335 0.8191 0.5726
vn -0.4487 0.8937 -0.0040
vn -0.1613 0.9489 0.2713
vn 0.1181 0.9221 -0.3684
vn 0.4423 0.7652 0.4678
vn 0.6580 0.7510 -0.0557
vn -0.0830 0.7929 -0.6036
vn -0.5671 0.7771 -0.2729
vn -0.4239 0.9047 -0.0414
vn -0.4239 0.9048 -0.0414
vn 0.0924 0.8815 -0.4631
vn 0.0622 0.8553 0.5144
vn 0.5399 0.8356 0.1018
vn -0.3197 0.9399 -0.1201
vn 0.1696 0.9139 0.3689
vn -0.2591 0.6988 0.6667
vn 0.1213 0.9483 0.2934
vn -0.2484 0.9216 -0.2983
vn 0.6314 0.7695 -0.0965
vn 0.3194 0.7550 -0.5727
vn 0.0626 0.9495 0.3074
vn -0.0436 0.9227 -0.3830
vn 0.6460 0.7482 0.1509
vn 0.6460 0.7483 0.1509
vn 0.5514 0.7349 -0.3948
vn 0.5732 0.8138 -0.0958
vn 0.5732 0.8138 -0.0957
vn 0.3767 0.7967 0.4725
vn -0.0844 0.9325 -0.3512
vn -0.2921 0.9071 0.3031
vn -0.4457 0.8882 0.1117
vn -0.1525 0.8269 -0.5412
vn -0.2676 0.8630 -0.4284
vn -0.2676 0.8631 -0.4284
vn 0.3682 0.8428 -0.3926
vn 0.3682 0.8428 -0.3927
vn -0.3094 0.8982 0.3122
vn 0.3522 0.8754 0.3310
vn 0.3523 0.8754 0.3310
vn 0.2760 0.8223 -0.4976
vn -0.3515 0.9335 -0.0705
vn 0.1617 0.9080 0.3865
vn -0.1235 0.8313 -0.5419
vn -0.3602 0.9222 0.1407
vn -0.3602 0.9222 0.1408
vn -0.5841 0.7992 -0.1419
vn -0.3891 0.8378 -0.3829
vn 0.2110 0.8192 -0.5332
vn 0.6033 0.7498 -0.2717
vn 0.1952 0.7364 -0.6478
vn -0.2761 0.9495 -0.1488
vn -0.4988 0.8666 0.0158
vn 0.1180 0.8951 0.4299
vn -0.5704 0.7964 0.2010
vn -0.2014 0.9115 0.3586
vn 0.3627 0.8772 0.3144
vn 0.2106 0.8852 -0.4148
vn -0.4259 0.8634 -0.2706
vn 0.3326 0.9133 0.2352
vn 0.2207 0.8443 -0.4883
vn -0.0830 0.9494 0.3028
vn 0.0607 0.9227 -0.3808
vn 0.0326 0.9357 -0.3514
vn 0.0325 0.9357 -0.3514
vn -0.3511 0.9100 0.2206
vn -0.4263 0.7021 -0.5704
vn -0.7102 0.6910 -0.1344
vn 0.1955 0.9011 -0.3869
vn 0.5477 0.8077 0.2184
vn 0.3282 0.8444 0.4234
vn -0.2923 0.8254 0.4831
vn 0.2687 0.9131 -0.3065
vn 0.2339 0.9228 -0.3061
vn 0.6661 0.7377 0.1104
vn 0.1208 0.9231 -0.3650
vn 0.3393 0.8985 0.2787
vn -0.5489 0.8301 -0.0982
vn -0.3365 0.8120 0.4769
vn -0.3365 0.8120 0.4768
vn -0.3366 0.8120 0.4769
vn 0.3446 0.9207 -0.1831
vn 0.4776 0.7597 0.4413
vn 0.3347 0.9417 -0.0337
vn -0.2777 0.9156 0.2909
vn -0.0287 0.7938 -0.6076
vn -0.5405 0.7779 -0.3205
vn 0.1631 0.9421 0.2929
vn 0.0734 0.9159 -0.3946
vn 0.6819 0.7154 0.1524
vn 0.6053 0.7037 -0.3720
vn 0.4246 0.8755 -0.2307
vn 0.3232 0.8544 0.4070
vn -0.3120 0.8869 -0.3407
vn -0.3966 0.8649 0.3076
vn 0.3820 0.9183 0.1043
vn 0.0050 0.7697 0.6384
vn 0.1616 0.7874 0.5949
vn -0.4103 0.7719 0.4856
vn 0.3258 0.9437 -0.0572
vn -0.3591 0.9174 -0.1716
vn -0.3505 0.9111 0.2170
vn -0.1688 0.8873 -0.4291
vn 0.5161 0.8281 -0.2190
vn 0.5711 0.8138 0.1071
vn 0.1912 0.7968 0.5732
vn 0.0414 0.9325 -0.3588
vn -0.3786 0.9071 0.1841
vn 0.4136 0.8975 -0.1531
vn -0.3654 0.8317 0.4180
vn 0.2384 0.8135 0.5305
vn 0.2384 0.8135 0.5304
vn 0.0870 0.8607 0.5016
vn -0.4887 0.8406 0.2335
vn 0.4012 0.9002 -0.1695
vn -0.2078 0.8773 -0.4327
vn -0.4428 0.8949 0.0547
vn -0.0632 0.8724 -0.4847
vn 0.1754 0.8668 0.4668
vn 0.5286 0.8463 -0.0662
vn -0.2127 0.9407 -0.2641
vn -0.0283 0.9147 0.4032
vn -0.6999 0.7122 -0.0542
vn -0.5519 0.7006 0.4522
vn -0.0572 0.9496 0.3082
vn 0.0560 0.9228 -0.3812
vn 0.5583 0.7549 0.3440
vn 0.6378 0.7413 -0.2091
vn 0.2962 0.9434 -0.1490
vn -0.1813 0.9171 0.3550
vn -0.2276 0.7889 -0.5708
vn -0.6187 0.7734 -0.1380
vn 0.2007 0.8936 0.4015
vn -0.4347 0.8712 0.2282
vn 0.3789 0.8683 -0.3202
vn -0.2435 0.8476 -0.4714
vn -0.0844 0.9429 -0.3222
vn 0.3164 0.9167 0.2443
vn -0.6025 0.7905 0.1100
vn -0.2538 0.7748 0.5790
vn -0.4214 0.8583 0.2928
vn -0.4257 0.8384 -0.3405
vn 0.3186 0.9022 0.2907
vn 0.2957 0.8791 -0.3738
vn 0.2957 0.8791 -0.3737
vn 0.3706 0.8707 -0.3233
vn 0.4209 0.8499 0.3170
vn -0.3708 0.8913 -0.2608
vn -0.3010 0.8691 0.3925
vn -0.3010 0.8691 0.3926
vn 0.0138 0.8676 0.4971
vn -0.5141 0.8470 0.1353
vn 0.4320 0.8942 -0.1173
vn -0.1219 0.8717 -0.4746
vn -0.3421 0.9273 -0.1519
vn 0.0134 0.9023 0.4309
vn -0.7073 0.6890 0.1582
vn -0.4361 0.6785 0.5911
vn -0.4361 0.6786 0.5911
vn -0.0114 0.9449 0.3271
vn 0.2197 0.9185 -0.3287
vn 0.5303 0.7231 0.4427
vn 0.5302 0.7231 0.4427
vn 0.7001 0.7111 -0.0653
vn -0.4000 0.8776 -0.2644
vn -0.3490 0.8563 0.3808
vn -0.7515 0.6393 -0.1629
vn -0.7113 0.6309 0.3099
vn 0.2752 0.8983 0.3426
vn -0.3849 0.8755 0.2922
vn 0.3108 0.8630 -0.3982
vn -0.3251 0.8427 -0.4291
vn 0.0704 0.7980 -0.5985
vn 0.0704 0.7980 -0.5986
vn 0.5612 0.7819 -0.2714
vn -0.3383 0.9399 -0.0468
vn 0.2464 0.9139 0.3227
vn -0.4676 0.8790 0.0930
vn -0.1729 0.8576 -0.4843
vn 0.2001 0.8835 0.4236
vn 0.4799 0.8618 -0.1647
vn 0.3670 0.9164 -0.1600
vn 0.0700 0.8922 0.4461
vn -0.3014 0.8400 -0.4511
vn -0.5592 0.8213 0.1130
vn -0.5592 0.8213 0.1131
vn -0.5591 0.8213 0.1130
vn -0.6943 0.7197 -0.0053
vn 0.3317 0.9144 0.2320
vn 0.1706 0.8904 -0.4220
vn 0.7375 0.6731 0.0547
vn 0.4168 0.9069 -0.0623
vn 0.1657 0.7975 0.5802
vn 0.1652 0.8216 0.5457
vn -0.4271 0.8040 0.4137
vn 0.3424 0.9282 -0.1455
vn -0.3283 0.9031 -0.2767
vn -0.3283 0.9031 -0.2768
vn -0.1351 0.9055 0.4021
vn -0.1640 0.8172 -0.5525
vn -0.5875 0.7999 -0.1222
vn -0.1971 0.9383 0.2842
vn -0.0935 0.9124 -0.3985
vn 0.4913 0.8023 0.3390
vn 0.5659 0.7859 -0.2492
vn 0.5025 0.8604 0.0851
vn 0.5025 0.8604 0.0850
vn -0.0918 0.8590 0.5037
vn -0.2724 0.8612 0.4291
vn -0.5176 0.8411 -0.1572
vn 0.4118 0.8998 0.1442
vn 0.1391 0.8769 -0.4602
vn 0.0965 0.9199 0.3801
vn -0.5468 0.7635 0.3436
vn -0.0992 0.9447 0.3124
vn -0.1009 0.9183 -0.3827
vn 0.5647 0.7848 0.2553
vn 0.5499 0.7695 -0.3249
vn 0.3687 0.8771 0.3077
vn -0.2634 0.8559 0.4451
vn -0.2634 0.8559 0.4450
vn 0.2028 0.8853 -0.4185
vn 0.2027 0.8853 -0.4185
vn -0.4310 0.8635 -0.2621
vn -0.3273 0.9024 0.2803
vn 0.3351 0.8793 0.3384
vn -0.2884 0.6607 0.6930
vn 0.2003 0.6515 0.7317
vn 0.3448 0.8763 0.3364
vn -0.3768 0.8418 0.3866
vn 0.2251 0.9339 0.2779
vn 0.1184 0.9083 -0.4012
vn 0.7036 0.6990 0.1279
vn 0.6165 0.6881 -0.3828
vn -0.5364 0.8369 0.1092
vn -0.3275 0.8183 -0.4723
vn 0.1427 0.9185 0.3688
vn 0.3542 0.8942 -0.2738
vn -0.1877 0.9096 -0.3706
vn -0.3750 0.8860 0.2728
vn -0.6163 0.6680 -0.4172
vn -0.6162 0.6680 -0.4172
vn -0.7503 0.6584 0.0597
vn 0.3160 0.9482 0.0334
vn 0.3160 0.9482 0.0335
vn -0.3550 0.9215 -0.1577
vn 0.4079 0.7362 -0.5400
vn -0.1189 0.7235 -0.6800
vn -0.2881 0.8925 0.3469
vn 0.3695 0.8702 0.3260
vn -0.2014 0.6517 0.7312
vn 0.2818 0.6428 0.7123
vn -0.3881 0.9214 0.0169
vn 0.1283 0.8969 -0.4232
vn 0.1079 0.8327 0.5432
vn 0.5651 0.8144 0.1320
vn 0.0910 0.8660 -0.4917
vn 0.0911 0.8660 -0.4917
vn -0.4868 0.8455 -0.2192
vn -0.1190 0.6305 -0.7670
vn -0.5413 0.6225 -0.5652
vn 0.0603 0.9028 -0.4257
vn 0.4643 0.8797 0.1028
vn -0.5125 0.8576 0.0420
vn -0.1145 0.8377 0.5339
vn 0.3211 0.8747 0.3630
vn 0.3211 0.8747 0.3631
vn -0.3224 0.8536 0.4091
vn 0.2613 0.8876 -0.3792
vn -0.3898 0.8656 -0.3142
vn 0.0466 0.9450 0.3236
vn 0.1558 0.9186 -0.3631
vn 0.6009 0.7234 0.3399
vn 0.6765 0.7114 -0.1906
vn -0.2697 0.9011 -0.3396
vn -0.3570 0.8781 0.3186
vn -0.6808 0.6595 -0.3187
vn -0.7411 0.6503 0.1668
vn -0.2578 0.9493 -0.1796
vn 0.3438 0.9226 0.1752
vn -0.5201 0.7603 0.3891
vn -0.0297 0.7464 0.6649
vn 0.3883 0.8500 0.3560
vn -0.2195 0.8306 0.5118
vn 0.2129 0.9089 -0.3586
vn -0.4310 0.8853 -0.1746
vn -0.1408 0.8767 -0.4599
vn 0.5167 0.8413 -0.1588
vn -0.1294 0.9474 -0.2928
vn 0.0111 0.9208 0.3900
vn 0.0110 0.9208 0.3900
vn -0.6721 0.7322 -0.1103
vn -0.5537 0.7197 0.4188
vn -0.5537 0.7197 0.4189
vn -0.0825 0.9225 -0.3771
vn 0.5346 0.7472 -0.3949
vn 0.1171 0.9419 -0.3148
vn 0.1358 0.9157 0.3781
vn -0.5578 0.7933 -0.2441
vn -0.5281 0.7775 0.3416
vn 0.3119 0.9311 -0.1892
vn -0.3735 0.9058 -0.2002
vn 0.2455 0.6945 -0.6763
vn -0.2694 0.6838 -0.6781
vn -0.3600 0.7946 -0.4890
vn 0.2190 0.7787 -0.5880
vn -0.2803 0.9412 0.1885
vn 0.3994 0.9151 0.0554
vn 0.3885 0.8728 -0.2954
vn 0.4220 0.8732 -0.2438
vn 0.4220 0.8732 -0.2439
vn 0.3427 0.8522 0.3953
vn 0.0727 0.8644 -0.4976
vn -0.4402 0.8970 0.0390
vn -0.0402 0.8229 -0.5668
vn -0.3676 0.9274 0.0687
vn 0.2950 0.9493 -0.1083
vn -0.3403 0.9226 0.1818
vn -0.5281 0.7465 -0.4048
vn -0.4461 0.8867 -0.1215
vn -0.0107 0.8757 0.4827
vn 0.5096 0.8546 0.1000
vn -0.2409 0.9427 0.2307
vn 0.0337 0.7169 0.6964
vn 0.5044 0.8573 0.1035
vn 0.2609 0.8374 -0.4803
vn 0.0139 0.9449 -0.3271
vn 0.1943 0.9185 0.3444
vn -0.3627 0.9222 0.1341
vn -0.4529 0.7502 -0.4818
vn -0.4085 0.8427 0.3506
vn 0.1854 0.8238 0.5356
vn 0.1855 0.8238 0.5357
vn -0.4314 0.6142 0.6608
vn 0.0885 0.8350 0.5431
vn -0.4644 0.8819 0.0811
vn -0.4629 0.8825 -0.0836
vn 0.0304 0.8608 -0.5080
vn 0.0315 0.8800 0.4738
vn 0.5113 0.8586 0.0370
vn 0.2925 0.8730 0.3903
vn -0.4286 0.8456 0.3183
vn -0.5981 0.8012 -0.0194
vn 0.3347 0.9299 0.1522
vn -0.0340 0.9047 -0.4246
vn 0.3242 0.9341 0.1493
vn -0.3606 0.9086 0.2109
vn -0.3606 0.9086 0.2108
vn 0.2162 0.8110 -0.5436
vn 0.2161 0.8110 -0.5436
vn -0.3792 0.7941 -0.4749
vn -0.0808 0.7954 -0.6006
vn 0.4749 0.7795 -0.4085
vn -0.3372 0.9409 0.0328
vn 0.3225 0.9148 0.2432
vn 0.5285 0.8386 -0.1317
vn 0.3422 0.8200 0.4588
vn -0.1618 0.9173 -0.3639
vn -0.3477 0.8931 0.2856
vn -0.3141 0.9374 0.1505
vn -0.3140 0.9374 0.1505
vn 0.1053 0.9116 -0.3974
vn 0.2644 0.8042 0.5323
vn 0.6139 0.7877 0.0515
vn 0.3949 0.9022 -0.1738
vn 0.1612 0.8791 0.4486
vn -0.3057 0.8584 -0.4119
vn -0.5118 0.8385 0.1871
vn -0.3582 0.8714 0.3352
vn -0.4294 0.8505 -0.3036
vn 0.3808 0.8907 0.2481
vn 0.2898 0.8685 -0.4021
vn 0.0317 0.9242 -0.3805
vn 0.3892 0.8995 0.1987
vn -0.5595 0.8283 0.0293
vn -0.2245 0.8104 0.5412
vn 0.1101 0.9367 0.3325
vn -0.3857 0.9109 -0.1466
vn 0.5576 0.8058 -0.1994
vn 0.1192 0.7892 -0.6024
vn -0.0226 0.9273 0.3735
vn 0.3988 0.9023 -0.1637
vn 0.3959 0.6891 0.6070
vn 0.7064 0.6786 0.2014
vn 0.2325 0.9351 -0.2674
vn 0.0899 0.9095 0.4059
vn -0.4594 0.8091 -0.3665
vn -0.5686 0.7923 0.2213
vn -0.1595 0.9131 0.3753
vn -0.3754 0.8892 -0.2616
vn 0.5236 0.8446 0.1117
vn 0.3075 0.8256 -0.4732
vn 0.3074 0.8256 -0.4732
vn 0.1305 0.8500 -0.5104
vn 0.5548 0.8306 -0.0483
vn 0.5548 0.8306 -0.0482
vn -0.4166 0.9089 -0.0183
vn 0.0496 0.8853 0.4623
vn 0.2284 0.9496 0.2147
vn -0.2747 0.9228 -0.2701
vn 0.6027 0.7517 -0.2677
vn 0.1946 0.7382 -0.6459
vn 0.1253 0.8511 -0.5099
vn 0.5531 0.8316 -0.0500
vn -0.4186 0.9081 -0.0134
vn 0.0504 0.8845 0.4637
vn 0.3370 0.9405 0.0435
vn -0.3273 0.9144 0.2380
vn 0.0963 0.7969 -0.5963
vn -0.4649 0.7809 -0.4172
vn -0.2003 0.8588 0.4715
vn 0.4208 0.8388 0.3454
vn -0.0647 0.6253 0.7777
vn -0.0646 0.6253 0.7777
vn 0.3899 0.6174 0.6832
vn 0.3898 0.6174 0.6832
vn 0.1688 0.9407 0.2942
vn -0.3862 0.9146 -0.1196
vn 0.5347 0.7964 -0.2824
vn 0.0544 0.7804 -0.6229
vn 0.4015 0.8242 -0.3993
vn 0.5604 0.8065 0.1883
vn -0.2950 0.9267 -0.2330
vn -0.0997 0.9017 0.4207
vn 0.1094 0.9128 0.3935
vn -0.4570 0.8889 0.0312
vn 0.4783 0.8450 -0.2393
vn -0.0561 0.8259 -0.5610
vn -0.1261 0.8634 -0.4885
vn 0.4694 0.8431 -0.2624
vn -0.3895 0.8979 0.2051
vn 0.2354 0.8751 0.4227
vn -0.2213 0.9457 0.2380
vn 0.0945 0.9192 -0.3822
vn 0.3913 0.7813 0.4863
vn 0.6417 0.7662 -0.0345
vn 0.1266 0.9496 -0.2868
vn -0.1394 0.9228 0.3592
vn -0.4656 0.7554 -0.4611
vn -0.6681 0.7417 0.0599
vn 0.4095 0.8803 0.2396
vn -0.1962 0.8588 0.4732
vn 0.1321 0.8822 -0.4519
vn -0.4680 0.8606 -0.2009
vn -0.4334 0.8465 -0.3092
vn 0.1463 0.8273 -0.5424
vn 0.1462 0.8273 -0.5424
vn -0.1685 0.9116 0.3750
vn 0.4475 0.8878 0.1075
vn 0.2982 0.9201 -0.2539
vn 0.1692 0.8957 0.4113
vn -0.4192 0.8347 -0.3572
vn -0.5203 0.8163 0.2508
vn -0.2710 0.9384 0.2145
vn 0.0279 0.9125 -0.4082
vn 0.0279 0.9125 -0.4081
vn 0.3711 0.8020 0.4681
vn 0.6144 0.7857 -0.0725
vn -0.0378 0.9446 -0.3260
vn 0.2512 0.9182 0.3062
vn -0.6192 0.7852 0.0007
vn -0.3657 0.7699 0.5231
vn -0.3657 0.7698 0.5231
vn -0.5583 0.8143 0.1587
vn -0.4256 0.7972 -0.4281
vn 0.1240 0.9322 0.3399
vn 0.1241 0.9322 0.3399
vn 0.2583 0.9068 -0.3331
vn -0.2983 0.9496 -0.0963
vn 0.3687 0.9228 0.1118
vn -0.4186 0.7539 0.5064
vn 0.1172 0.7403 0.6620
vn 0.3910 0.9049 0.1683
vn -0.2293 0.8816 0.4126
vn 0.0973 0.8552 -0.5091
vn -0.4832 0.8354 -0.2618
vn -0.4833 0.8354 -0.2618
vn 0.2653 0.9479 -0.1764
vn 0.2654 0.9479 -0.1763
vn -0.2330 0.9212 0.3116
vn -0.2271 0.7717 -0.5940
vn -0.6263 0.7571 -0.1858
vn -0.1407 0.9423 0.3037
vn 0.3604 0.9161 -0.1757
vn 0.2803 0.7159 0.6395
vn 0.6579 0.7042 0.2670
vn 0.3213 0.8857 -0.3351
vn 0.3941 0.8638 0.3139
vn -0.4173 0.8767 -0.2391
vn -0.3273 0.8555 0.4012
vn -0.0932 0.7949 0.5995
vn -0.5715 0.7790 0.2580
vn 0.3318 0.9411 0.0653
vn 0.3318 0.9411 0.0654
vn -0.2413 0.9150 -0.3235
vn 0.4025 0.8811 -0.2481
vn 0.3221 0.8596 0.3966
vn 0.3222 0.8596 0.3966
vn -0.3381 0.8814 -0.3300
vn -0.4003 0.8598 0.3169
vn -0.5143 0.8095 0.2834
vn -0.5222 0.7927 -0.3147
vn 0.1860 0.9347 0.3028
vn 0.1597 0.9091 -0.3847
vn 0.3111 0.9455 -0.0960
vn -0.2689 0.9190 0.2882
vn -0.1003 0.7821 -0.6150
vn -0.5751 0.7669 -0.2847
vn -0.3667 0.9302 0.0156
vn 0.1930 0.9050 -0.3792
vn 0.0763 0.8183 0.5697
vn 0.5612 0.8010 0.2086
vn 0.4695 0.8811 -0.0568
vn 0.1267 0.8596 0.4951
vn -0.1688 0.8814 -0.4411
vn -0.4961 0.8599 0.1204
vn 0.0900 0.9431 0.3200
vn 0.1455 0.9168 -0.3718
vn 0.6322 0.7179 0.2915
vn 0.6664 0.7061 -0.2393
vn -0.2372 0.9253 0.2960
vn -0.2036 0.9004 -0.3844
vn 0.4806 0.8267 0.2925
vn 0.4946 0.8089 -0.3179
vn 0.4946 0.8089 -0.3180
vn 0.5210 0.8175 -0.2457
vn 0.4820 0.8002 0.3570
vn -0.1849 0.9305 -0.3161
vn -0.2115 0.9053 0.3684
vn 0.3938 0.8844 0.2506
vn -0.2262 0.8626 0.4524
vn 0.1514 0.8781 -0.4539
vn -0.4584 0.8568 -0.2362
vn -0.2748 0.9083 0.3155
vn 0.3914 0.8847 0.2530
vn -0.1608 0.6666 0.7279
vn 0.3310 0.6571 0.6773
vn -0.2287 0.9439 0.2383
vn 0.3900 0.9176 -0.0774
vn 0.0817 0.7200 0.6891
vn 0.5529 0.7081 0.4392
vn 0.3161 0.8774 0.3609
vn -0.3299 0.8561 0.3978
vn 0.2655 0.8851 -0.3823
vn -0.3847 0.8632 -0.3269
vn -0.3358 0.8799 0.3363
vn 0.3089 0.8584 0.4096
vn 0.3517 0.8826 0.3120
vn -0.2904 0.8609 0.4177
vn -0.2621 0.9163 -0.3029
vn -0.7028 0.6752 -0.2242
vn 0.2555 0.8952 -0.3651
vn -0.3579 0.9324 0.0511
vn -0.4822 0.6965 0.5313
vn -0.2588 0.9494 -0.1777
vn 0.3406 0.9226 0.1808
vn -0.5231 0.7591 0.3875
vn -0.0353 0.7452 0.6659
vn 0.3279 0.9421 -0.0695
vn -0.3555 0.9159 -0.1862
vn 0.3465 0.7154 -0.6067
vn -0.1773 0.7038 -0.6880
vn 0.1348 0.8849 -0.4458
vn 0.1349 0.8849 -0.4458
vn 0.0310 0.8507 0.5248
vn 0.0310 0.8506 0.5248
vn 0.5351 0.8312 0.1507
vn 0.5436 0.8353 0.0825
vn 0.1497 0.8169 0.5571
vn -0.0049 0.9196 -0.3929
vn -0.4233 0.8952 0.1396
vn 0.1744 0.9226 -0.3440
vn 0.6790 0.7333 -0.0344
vn 0.3682 0.8680 0.3332
vn -0.2586 0.8474 0.4638
vn 0.2140 0.8938 -0.3940
vn -0.4270 0.8714 -0.2417
vn -0.4269 0.8714 -0.2417
vn 0.1396 0.9494 0.2812
vn -0.2090 0.9226 -0.3241
vn 0.3556 0.7451 -0.5643
vn -0.2852 0.9466 -0.1503
vn 0.2337 0.9201 0.3145
vn -0.6078 0.7290 0.3149
vn -0.1996 0.7167 0.6682
vn -0.2773 0.8527 -0.4427
vn 0.3518 0.8332 -0.4267
vn -0.3020 0.9068 0.2942
vn 0.3660 0.8833 0.2928
vn 0.2970 0.9440 0.1436
vn -0.3927 0.9177 0.0604
vn 0.3227 0.7871 -0.5257
vn 0.3226 0.7871 -0.5257
vn -0.2566 0.7717 -0.5820
vn -0.2566 0.7716 -0.5820
vn -0.2566 0.9424 0.2148
vn 0.0764 0.9161 -0.3935
vn 0.3608 0.7921 0.4924
vn 0.6297 0.7763 -0.0278
vn 0.3045 0.9393 -0.1582
vn -0.1162 0.9133 0.3903
vn -0.2701 0.7999 -0.5359
vn -0.6184 0.7837 -0.0581
vn -0.1185 0.8349 -0.5375
vn 0.0519 0.9053 0.4216
vn 0.4591 0.8820 -0.1067
vn 0.1593 0.9489 -0.2723
vn -0.2623 0.9222 0.2842
vn -0.3494 0.7414 -0.5729
vn -0.6728 0.7284 -0.1294
vn -0.1484 0.8499 0.5055
vn -0.5562 0.8306 0.0288
vn 0.4156 0.9089 0.0331
vn -0.0334 0.8853 -0.4637
vn -0.0334 0.8854 -0.4637
vn 0.1563 0.9422 -0.2964
vn 0.0813 0.9160 0.3929
vn -0.5210 0.7925 -0.3170
vn -0.5705 0.7767 0.2668
vn -0.1470 0.9423 -0.3007
vn 0.3638 0.9161 0.1684
vn -0.5645 0.7921 0.2322
vn -0.1239 0.7763 0.6180
vn 0.2090 0.9374 0.2787
vn -0.4104 0.9116 -0.0252
vn 0.4702 0.8043 -0.3634
vn -0.0698 0.7878 -0.6119
vn -0.2388 0.9452 0.2228
vn 0.1086 0.9187 -0.3797
vn 0.3625 0.7834 0.5049
vn 0.6403 0.7681 -0.0034
vn 0.1136 0.9403 -0.3207
vn -0.3618 0.9143 0.1822
vn -0.3169 0.7112 -0.6275
vn -0.3168 0.7112 -0.6275
vn -0.6731 0.6998 -0.2392
vn 0.1099 0.8972 -0.4278
vn 0.4679 0.8745 0.1281
vn -0.5030 0.8643 -0.0092
vn -0.1430 0.8439 0.5171
vn -0.0716 0.8785 0.4724
vn -0.5151 0.8571 0.0003
vn 0.4654 0.8840 -0.0441
vn 0.0059 0.8623 -0.5064
vn 0.0705 0.9320 0.3556
vn -0.3950 0.9066 -0.1485
vn 0.5583 0.8151 -0.1547
vn 0.1385 0.7980 -0.5866
vn 0.0085 0.8228 -0.5683
vn 0.5327 0.8051 -0.2608
vn -0.3720 0.9275 0.0367
vn 0.2258 0.9025 0.3667
vn 0.2258 0.9025 0.3668
vn -0.0327 0.9493 -0.3126
vn 0.0951 0.9225 0.3740
vn -0.6345 0.7608 -0.1367
vn -0.5201 0.7468 0.4145
vn -0.0070 0.8955 0.4450
vn -0.4878 0.8729 -0.0072
vn 0.4878 0.8661 -0.1090
vn 0.0103 0.8457 -0.5336
vn -0.1438 0.9340 0.3272
vn -0.1438 0.9340 0.3271
vn 0.4103 0.9084 -0.0798
vn 0.2097 0.6992 0.6835
vn 0.6233 0.6882 0.3713
vn 0.5904 0.8044 -0.0670
vn 0.3763 0.7879 0.4875
vn -0.0458 0.9371 -0.3460
vn -0.2781 0.9113 0.3035
vn -0.2782 0.9113 0.3035
vn 0.1090 0.9455 0.3069
vn -0.2997 0.9190 -0.2561
vn 0.6100 0.7822 -0.1265
vn 0.2596 0.7670 -0.5868
vn -0.3565 0.9342 0.0137
vn 0.2529 0.9086 0.3323
vn -0.5214 0.6995 0.4887
vn -0.0588 0.6886 0.7228
vn -0.1590 0.9426 0.2935
vn 0.3679 0.9164 -0.1577
vn 0.2439 0.7167 0.6534
vn 0.6418 0.7049 0.3019
vn 0.4852 0.8735 0.0392
vn 0.0561 0.8525 0.5197
vn -0.0739 0.8888 -0.4523
vn -0.4965 0.8667 0.0484
vn -0.1205 0.9057 -0.4063
vn 0.5511 0.7996 -0.2388
vn 0.5380 0.8108 0.2306
vn 0.0695 0.7939 0.6040
vn 0.1226 0.9341 -0.3354
vn -0.5486 0.8358 -0.0210
vn -0.5487 0.8358 -0.0210
vn 0.0135 0.8812 -0.4725
vn 0.1533 0.8693 -0.4698
vn 0.5265 0.8486 0.0517
vn -0.4495 0.8926 -0.0344
vn -0.4495 0.8926 -0.0343
vn -0.0518 0.8703 0.4899
vn -0.3017 0.8902 -0.3414
vn 0.4105 0.8242 -0.3901
vn 0.2518 0.9176 -0.3075
vn 0.2573 0.8934 0.3684
vn -0.4748 0.8383 -0.2681
vn 0.2263 0.8446 0.4852
vn -0.3921 0.8256 0.4058
vn 0.4069 0.8888 0.2111
vn -0.1140 0.6711 0.7325
vn 0.3766 0.6615 0.6486
vn -0.1199 0.9191 -0.3753
vn -0.1199 0.9191 -0.3754
vn 0.5293 0.7667 -0.3633
vn 0.4549 0.8886 -0.0578
vn 0.0954 0.8666 0.4899
vn -0.1754 0.8737 -0.4538
vn -0.1755 0.8737 -0.4538
vn -0.5111 0.8443 0.1611
vn -0.5111 0.8443 0.1612
vn 0.4239 0.8968 -0.1268
vn -0.1447 0.8741 -0.4637
vn 0.0295 0.9421 -0.3340
vn 0.2279 0.9159 0.3304
vn -0.6029 0.7927 -0.0901
vn -0.4219 0.7769 0.4673
vn 0.0552 0.9416 -0.3322
vn -0.3098 0.9154 0.2568
vn -0.3098 0.9155 0.2568
vn -0.4332 0.7141 -0.5498
vn -0.7052 0.7025 -0.0960
vn 0.0684 0.8825 0.4653
vn 0.5087 0.8608 -0.0138
vn 0.5087 0.8609 -0.0138
vn 0.3889 0.6432 0.6595
vn 0.7096 0.6347 0.3060
vn 0.7096 0.6347 0.3059
vn 0.3555 0.9300 -0.0939
vn -0.1049 0.9047 0.4128
vn -0.1975 0.8188 -0.5390
vn -0.5926 0.8014 -0.0810
vn -0.5579 0.7908 -0.2520
vn -0.1060 0.7751 -0.6229
vn -0.1579 0.9426 0.2943
vn 0.3677 0.9164 -0.1584
vn -0.2209 0.9496 -0.2225
vn 0.2588 0.9228 0.2855
vn -0.6156 0.7505 0.2404
vn -0.2264 0.7370 0.6368
vn -0.2264 0.7371 0.6368
vn -0.2169 0.8641 0.4542
vn -0.2169 0.8641 0.4543
vn -0.5268 0.8437 -0.1028
vn 0.4315 0.8973 0.0931
vn 0.0940 0.8746 -0.4757
vn 0.3709 0.9184 -0.1378
vn 0.0308 0.8941 0.4468
vn -0.2738 0.8372 -0.4735
vn -0.5702 0.8186 0.0690
vn -0.5286 0.8299 0.1786
vn -0.4041 0.8118 -0.4215
vn 0.1737 0.9231 0.3430
vn 0.2941 0.8985 -0.3260
vn 0.0308 0.8371 -0.5462
vn 0.5400 0.8185 -0.1960
vn 0.5400 0.8185 -0.1959
vn -0.3932 0.9184 0.0445
vn 0.1741 0.8941 0.4127
vn 0.3266 0.9441 -0.0454
vn 0.3266 0.9441 -0.0455
vn -0.3554 0.9177 -0.1776
vn 0.3599 0.7205 -0.5928
vn -0.1656 0.7086 -0.6859
vn -0.0240 0.9088 -0.4166
vn 0.4633 0.8852 0.0426
vn -0.5081 0.8502 0.1374
vn -0.0398 0.8308 0.5551
vn 0.0124 0.8948 0.4464
vn -0.4888 0.8722 0.0177
vn 0.4810 0.8670 -0.1302
vn -0.0164 0.8465 -0.5322
vn -0.0346 0.9017 0.4309
vn -0.4724 0.8787 -0.0690
vn 0.5067 0.8589 -0.0739
vn 0.0761 0.8389 -0.5389
vn 0.1647 0.7879 -0.5934
vn 0.6005 0.7724 -0.2069
vn -0.3101 0.9436 -0.1164
vn 0.2200 0.9172 0.3320
vn 0.1086 0.8553 -0.5065
vn 0.5469 0.8356 -0.0522
vn -0.4261 0.9047 0.0030
vn 0.0497 0.8814 0.4698
vn -0.0091 0.9078 0.4193
vn -0.4611 0.8843 -0.0736
vn 0.5151 0.8515 -0.0979
vn 0.0779 0.8320 -0.5493
vn -0.0229 0.8696 -0.4932
vn -0.2962 0.9320 -0.2091
vn -0.0253 0.9066 0.4213
vn -0.7162 0.6959 0.0522
vn 0.4629 0.8829 0.0789
vn -0.0271 0.8612 0.5075
vn -0.5122 0.8582 -0.0338
vn -0.2905 0.8877 -0.3573
vn 0.3637 0.8657 -0.3440
vn -0.2913 0.8747 0.3874
vn 0.3538 0.8536 0.3824
vn 0.2596 0.7398 -0.6207
vn -0.1176 0.9318 -0.3433
vn -0.5318 0.8154 0.2287
vn -0.4730 0.8788 0.0633
vn -0.0748 0.8388 -0.5392
vn 0.3870 0.7892 -0.4769
vn 0.6315 0.7736 0.0530
vn -0.2408 0.9431 -0.2292
vn -0.2407 0.9431 -0.2292
vn -0.4495 0.8914 0.0574
vn -0.0950 0.8224 -0.5609
vn -0.3384 0.9024 -0.2667
vn 0.3211 0.8793 -0.3516
vn -0.2206 0.8581 0.4637
vn 0.4049 0.8382 0.3654
vn 0.2098 0.9388 0.2731
vn 0.0662 0.9129 -0.4028
vn 0.0663 0.9129 -0.4028
vn 0.6998 0.7081 0.0944
vn 0.6998 0.7081 0.0943
vn 0.5835 0.6967 -0.4173
vn 0.4651 0.8781 -0.1123
vn 0.1963 0.8568 0.4768
vn 0.1963 0.8568 0.4769
vn -0.2162 0.8844 -0.4137
vn -0.4701 0.8626 0.1869
vn -0.4941 0.8316 0.2535
vn 0.3932 0.9081 -0.1444
vn -0.2203 0.8845 -0.4112
vn -0.1777 0.8967 -0.4055
vn 0.4471 0.8740 -0.1903
vn 0.4471 0.8740 -0.1902
vn -0.4006 0.8648 0.3026
vn 0.2082 0.8444 0.4935
vn -0.4728 0.8777 0.0783
vn -0.1631 0.8564 -0.4899
vn 0.1852 0.8848 0.4276
vn 0.4812 0.8630 -0.1537
vn 0.5119 0.7850 0.3488
vn 0.0088 0.7697 0.6384
vn 0.2134 0.9444 -0.2499
vn -0.3807 0.9181 0.1106
vn 0.1373 0.9450 0.2969
vn -0.3293 0.9186 -0.2187
vn 0.5913 0.7840 -0.1891
vn 0.1925 0.7687 -0.6100
vn 0.0546 0.8537 -0.5180
vn 0.5395 0.8340 -0.1157
vn -0.4207 0.9060 0.0463
vn 0.1046 0.8826 0.4582
vn -0.1505 0.9093 0.3879
vn -0.4014 0.8857 -0.2332
vn 0.5203 0.8495 0.0867
vn 0.5203 0.8495 0.0868
vn 0.2696 0.8302 -0.4880
vn 0.3291 0.8120 -0.4820
vn 0.6044 0.7950 0.0511
vn 0.6044 0.7950 0.0510
vn -0.3080 0.9334 -0.1839
vn 0.0226 0.9079 0.4185
vn 0.3539 0.9078 0.2253
vn -0.3020 0.8843 0.3562
vn -0.4293 0.8320 -0.3512
vn -0.1234 0.8814 0.4560
vn 0.4718 0.8598 0.1951
vn 0.0908 0.6423 0.7610
vn 0.5262 0.6339 0.5669
vn -0.2971 0.8490 0.4369
vn -0.4056 0.8699 -0.2806
vn -0.2222 0.9388 0.2631
vn 0.4077 0.9129 -0.0208
vn 0.0566 0.7080 0.7039
vn 0.5318 0.6967 0.4815
vn 0.2985 0.8987 -0.3213
vn 0.3430 0.8759 0.3395
vn -0.3793 0.8423 0.3830
vn -0.3096 0.9193 0.2432
vn -0.3096 0.9192 0.2432
vn -0.1593 0.8949 -0.4169
vn 0.4050 0.8359 0.3704
vn 0.5259 0.8175 -0.2350
vn -0.2562 0.8359 -0.4854
vn 0.3600 0.8174 -0.4496
vn -0.3134 0.9192 0.2385
vn 0.3632 0.8948 0.2597
vn -0.1152 0.8496 -0.5146
vn -0.5534 0.8303 -0.0660
vn -0.3888 0.6189 -0.6825
vn -0.7086 0.6113 -0.3525
vn -0.0635 0.9184 0.3905
vn -0.4037 0.8941 -0.1941
vn 0.5469 0.8372 -0.0040
vn 0.2218 0.8186 -0.5297
vn 0.1116 0.9281 -0.3551
vn 0.3081 0.9030 0.2993
vn 0.3080 0.9030 0.2993
vn -0.5585 0.8220 -0.1112
vn -0.3690 0.8044 0.4656
vn 0.3577 0.9176 0.1737
vn -0.2983 0.8933 0.3362
vn -0.2982 0.8933 0.3362
vn 0.1503 0.8384 -0.5239
vn -0.4463 0.8198 -0.3589
vn -0.2946 0.8517 -0.4334
vn 0.3340 0.8322 -0.4426
vn -0.2903 0.9075 0.3034
vn 0.3777 0.8841 0.2753
vn 0.3777 0.8841 0.2752
vn -0.1001 0.9473 -0.3043
vn -0.0298 0.9207 0.3892
vn -0.6579 0.7318 -0.1779
vn -0.6578 0.7318 -0.1779
vn -0.5939 0.7194 0.3603
vn -0.0505 0.9224 0.3829
vn -0.3894 0.8978 -0.2058
vn 0.5559 0.8312 -0.0087
vn 0.2357 0.8130 -0.5324
vn 0.3736 0.8893 -0.2636
vn 0.3109 0.8672 0.3890
vn -0.3686 0.8729 -0.3196
vn -0.4123 0.8520 0.3228
vn -0.4123 0.8519 0.3228
vn -0.3930 0.8748 0.2832
vn -0.3746 0.8537 -0.3617
vn 0.3519 0.8655 -0.3564
vn 0.4328 0.8870 -0.1611
vn 0.2086 0.8285 0.5197
vn 0.2779 0.9097 -0.3087
vn 0.1666 0.6680 -0.7253
vn -0.3266 0.6585 -0.6781
vn 0.2640 0.8857 0.3820
vn -0.3863 0.8638 0.3234
vn 0.3177 0.8768 -0.3609
vn 0.3177 0.8768 -0.3610
vn -0.3276 0.8556 -0.4009
vn -0.0191 0.9314 -0.3634
vn 0.3734 0.9061 0.1988
vn -0.5728 0.8161 0.0763
vn -0.2151 0.7989 0.5617
vn 0.0292 0.9427 -0.3324
vn -0.2740 0.9165 0.2916
vn -0.4841 0.7168 -0.5018
vn -0.7088 0.7051 -0.0207
vn -0.5081 0.8584 -0.0711
vn -0.5080 0.8584 -0.0711
vn -0.0811 0.8384 -0.5389
vn 0.0367 0.9022 0.4299
vn 0.4710 0.8791 -0.0734
vn 0.1796 0.9476 -0.2641
vn -0.0893 0.9210 0.3792
vn -0.4386 0.7731 -0.4582
vn -0.6476 0.7584 0.0741
vn 0.0777 0.9383 0.3369
vn 0.2339 0.9124 -0.3358
vn 0.5951 0.7071 0.3820
vn 0.7064 0.6958 -0.1300
vn 0.4201 0.9075 -0.0028
vn -0.0587 0.8840 0.4638
vn -0.1128 0.8519 -0.5114
vn -0.5509 0.8324 -0.0604
vn -0.3476 0.9264 0.1451
vn 0.0148 0.9014 -0.4327
vn 0.2793 0.8249 0.4914
vn 0.5894 0.8072 -0.0331
vn 0.2202 0.9207 -0.3222
vn 0.2202 0.9207 -0.3223
vn 0.2673 0.8962 0.3542
vn -0.4988 0.8338 -0.2366
vn -0.4397 0.8155 0.3763
vn -0.0488 0.9160 0.3983
vn -0.0488 0.9159 0.3983
vn -0.4216 0.8918 -0.1639
vn 0.5407 0.8407 -0.0314
vn 0.1838 0.8219 -0.5392
vn -0.0264 0.8650 0.5010
vn -0.5253 0.8446 0.1031
vn 0.4358 0.8965 -0.0800
vn -0.0920 0.8738 -0.4775
vn -0.0867 0.8789 -0.4690
vn 0.4866 0.8575 -0.1668
vn -0.4261 0.8836 0.1943
vn 0.1585 0.8619 0.4817
vn 0.2956 0.9486 0.1127
vn -0.3853 0.9219 -0.0408
vn -0.3853 0.9219 -0.0407
vn 0.3756 0.7670 -0.5201
vn 0.3757 0.7670 -0.5201
vn -0.1805 0.7527 -0.6331
vn -0.2532 0.9431 -0.2156
vn 0.3987 0.9168 0.0226
vn -0.4333 0.7900 0.4338
vn 0.1198 0.7743 0.6213
vn 0.2110 0.9494 0.2326
vn -0.2224 0.9226 -0.3151
vn 0.6378 0.7464 -0.1899
vn 0.2868 0.7332 -0.6166
vn 0.0549 0.9365 -0.3462
vn 0.2767 0.9108 0.3064
vn -0.5867 0.8061 -0.0779
vn -0.5867 0.8061 -0.0780
vn -0.3810 0.7895 0.4812
vt 0.035759 0.001953
vt 0.035759 0.029581
vt 0.001953 0.001953
vt 0.001953 0.025734
vt 0.092102 0.001953
vt 0.069565 0.029581
vt 0.103371 0.029581
vt 0.137177 0.001953
vt 0.137177 0.025806
vt 0.001953 0.038359
vt 0.035759 0.037998
vt 0.001953 0.060152
vt 0.069565 0.038359
vt 0.069565 0.063405
vt 0.103371 0.038566
vt 0.137177 0.038359
vt 0.137177 0.060152
vt 0.035759 0.085850
vt 0.001953 0.085850
vt 0.103371 0.085850
vt 0.137177 0.085850
vt 0.035759 0.116475
vt 0.001953 0.113161
vt 0.069565 0.116462
vt 0.103371 0.116476
vt 0.137177 0.113357
vt 0.001953 0.124677
vt 0.035759 0.124839
vt 0.001953 0.146469
vt 0.069565 0.124677
vt 0.069565 0.146469
vt 0.103371 0.124984
vt 0.137177 0.124677
vt 0.137177 0.148133
vt 0.035759 0.172168
vt 0.001953 0.172168
vt 0.069565 0.172168
vt 0.103371 0.172168
vt 0.035759 0.203624
vt 0.001953 0.199354
vt 0.069565 0.203601
vt 0.103371 0.203606
vt 0.137177 0.201664
vt 0.069565 0.212393
vt 0.013597 0.217202
vt 0.035759 0.212393
vt 0.103371 0.212757
vt 0.137177 0.212393
vt 0.137177 0.234186
vt 0.052416 0.259884
vt 0.001953 0.234186
vt 0.001953 0.259884
vt 0.137055 0.286167
vt 0.137177 0.259884
vt 0.004705 0.290264
vt 0.001953 0.286877
vt 0.038502 0.290265
vt 0.085449 0.290278
vt 0.035759 0.296157
vt 0.035759 0.322618
vt 0.001953 0.296157
vt 0.001953 0.317950
vt 0.069565 0.296157
vt 0.069565 0.321679
vt 0.103371 0.295855
vt 0.137177 0.296157
vt 0.137177 0.317950
vt 0.001953 0.343648
vt 0.103371 0.343648
vt 0.137177 0.343648
vt 0.035759 0.374461
vt 0.001953 0.371142
vt 0.069565 0.374448
vt 0.103371 0.374456
vt 0.137177 0.370863
vt 0.001953 0.382779
vt 0.035759 0.383063
vt 0.001953 0.404572
vt 0.069565 0.382779
vt 0.069565 0.406761
vt 0.103371 0.382854
vt 0.137177 0.382779
vt 0.137177 0.404572
vt 0.035759 0.430270
vt 0.001953 0.430270
vt 0.103371 0.430270
vt 0.137177 0.430270
vt 0.035759 0.461547
vt 0.001953 0.457565
vt 0.069565 0.461532
vt 0.103371 0.461558
vt 0.137177 0.459020
vt 0.141084 0.001953
vt 0.174890 0.003815
vt 0.141084 0.023745
vt 0.208696 0.001953
vt 0.208696 0.026431
vt 0.242502 0.002108
vt 0.276308 0.001953
vt 0.276308 0.023745
vt 0.141084 0.049444
vt 0.242502 0.049444
vt 0.276308 0.049444
vt 0.174890 0.080796
vt 0.141084 0.077129
vt 0.208696 0.080817
vt 0.242502 0.080801
vt 0.276308 0.076934
vt 0.141084 0.089503
vt 0.174890 0.089475
vt 0.141084 0.111296
vt 0.208696 0.089503
vt 0.208696 0.111296
vt 0.242502 0.089503
vt 0.242502 0.117585
vt 0.276308 0.089503
vt 0.276308 0.111296
vt 0.174890 0.136994
vt 0.141084 0.136994
vt 0.208696 0.136994
vt 0.276308 0.136994
vt 0.174890 0.167685
vt 0.141084 0.164714
vt 0.208696 0.167688
vt 0.242502 0.167698
vt 0.276308 0.163530
vt 0.141084 0.175973
vt 0.174890 0.175973
vt 0.141084 0.228787
vt 0.174890 0.228818
vt 0.208696 0.175973
vt 0.208696 0.228816
vt 0.242502 0.175973
vt 0.242502 0.228815
vt 0.276308 0.176035
vt 0.276308 0.228801
vt 0.280910 0.001953
vt 0.310131 0.031563
vt 0.280214 0.031054
vt 0.324153 0.001953
vt 0.345873 0.001953
vt 0.345873 0.031206
vt 0.351674 0.202010
vt 0.380526 0.230869
vt 0.351107 0.230869
vt 0.365217 0.403656
vt 0.381120 0.432515
vt 0.354046 0.403656
vt 0.380388 0.403656
vt 0.350199 0.465281
vt 0.367190 0.498047
vt 0.349894 0.498047
vt 0.380656 0.498047
vt 0.400000 0.270379
vt 0.402608 0.299239
vt 0.388165 0.270379
vt 0.384979 0.299239
vt 0.413408 0.270379
vt 0.415438 0.299239
vt 0.400000 0.338302
vt 0.385132 0.346314
vt 0.389153 0.338302
vt 0.414214 0.338302
vt 0.415137 0.303145
vt 0.412168 0.311223
vt 0.387660 0.303145
vt 0.401075 0.202010
vt 0.391152 0.211438
vt 0.393553 0.202010
vt 0.408658 0.211438
vt 0.415438 0.202010
vt 0.385074 0.373458
vt 0.394937 0.402764
vt 0.384562 0.402571
vt 0.412143 0.373458
vt 0.415438 0.402659
vt 0.391354 0.235223
vt 0.396553 0.264526
vt 0.384562 0.264345
vt 0.415216 0.235223
vt 0.415438 0.264287
vt 0.380575 0.234775
vt 0.360822 0.263635
vt 0.355690 0.234775
vt 0.371658 0.309076
vt 0.349928 0.296400
vt 0.380504 0.296400
vt 0.380656 0.309021
vt 0.352499 0.334803
vt 0.380395 0.342842
vt 0.352818 0.342842
vt 0.389957 0.408615
vt 0.394936 0.437919
vt 0.384562 0.437733
vt 0.415279 0.408615
vt 0.415438 0.437750
vt 0.352394 0.368499
vt 0.361784 0.397803
vt 0.349779 0.397620
vt 0.380224 0.368499
vt 0.380656 0.397588
vt 0.400000 0.443772
vt 0.386841 0.472631
vt 0.384512 0.443772
vt 0.415134 0.443772
vt 0.415610 0.472631
vt 0.449961 0.001953
vt 0.445990 0.009965
vt 0.421738 0.001953
vt 0.423523 0.037110
vt 0.433363 0.066413
vt 0.419344 0.066161
vt 0.434783 0.037110
vt 0.448430 0.037110
vt 0.450221 0.066097
vt 0.450071 0.072259
vt 0.426968 0.133919
vt 0.427322 0.072397
vt 0.419344 0.101126
vt 0.450221 0.133892
vt 0.439328 0.145873
vt 0.421704 0.172955
vt 0.433302 0.202258
vt 0.419344 0.202072
vt 0.434783 0.172955
vt 0.448979 0.172955
vt 0.450221 0.202013
vt 0.255462 0.440197
vt 0.245918 0.469809
vt 0.210649 0.469508
vt 0.276308 0.469237
vt 0.434783 0.208111
vt 0.437443 0.236971
vt 0.421194 0.208111
vt 0.419431 0.236971
vt 0.449418 0.208111
vt 0.450221 0.236971
vt 0.434244 0.409414
vt 0.433157 0.417462
vt 0.429297 0.409414
vt 0.450221 0.409414
vt 0.443154 0.442184
vt 0.440063 0.471044
vt 0.419464 0.471044
vt 0.460511 0.102641
vt 0.465201 0.131501
vt 0.454127 0.131501
vt 0.478951 0.102641
vt 0.483661 0.131501
vt 0.485003 0.102641
vt 0.466721 0.203627
vt 0.454618 0.232486
vt 0.454127 0.203627
vt 0.469565 0.232486
vt 0.484832 0.203627
vt 0.485640 0.232486
vt 0.457928 0.271549
vt 0.468009 0.300852
vt 0.454127 0.300666
vt 0.469565 0.271549
vt 0.484268 0.271549
vt 0.485003 0.300583
vt 0.484691 0.236392
vt 0.481080 0.244343
vt 0.457505 0.236392
vt 0.484840 0.135407
vt 0.457284 0.144519
vt 0.465993 0.135407
vt 0.457666 0.306706
vt 0.464501 0.336010
vt 0.454127 0.335831
vt 0.485003 0.335748
vt 0.453987 0.168470
vt 0.464497 0.197775
vt 0.454127 0.197561
vt 0.484706 0.168470
vt 0.485003 0.198001
vt 0.484766 0.001953
vt 0.456453 0.030813
vt 0.454097 0.001953
vt 0.484241 0.063578
vt 0.457756 0.063578
vt 0.464486 0.341862
vt 0.465377 0.371167
vt 0.454127 0.370982
vt 0.466791 0.341862
vt 0.485003 0.341862
vt 0.485003 0.371775
vt 0.484812 0.067485
vt 0.483538 0.075521
vt 0.461279 0.067485
vt 0.440212 0.240877
vt 0.445025 0.250422
vt 0.419453 0.240877
vt 0.419479 0.250422
vt 0.450221 0.240877
vt 0.421204 0.274430
vt 0.437065 0.283085
vt 0.419433 0.283085
vt 0.450221 0.283085
vt 0.421873 0.341492
vt 0.449856 0.370351
vt 0.422491 0.370351
vt 0.460372 0.377019
vt 0.467920 0.406322
vt 0.454127 0.406136
vt 0.469565 0.377019
vt 0.484566 0.377019
vt 0.485003 0.406176
vt 0.434397 0.374257
vt 0.435055 0.403561
vt 0.419344 0.374257
vt 0.419344 0.403296
vt 0.450221 0.403129
vt 0.474348 0.412176
vt 0.478621 0.441035
vt 0.454646 0.412176
vt 0.454375 0.441035
vt 0.485003 0.412176
vt 0.504348 0.037110
vt 0.495898 0.065969
vt 0.490348 0.037110
vt 0.518096 0.037110
vt 0.519786 0.065969
vt 0.493733 0.105032
vt 0.501014 0.134335
vt 0.488910 0.134099
vt 0.501943 0.105032
vt 0.519786 0.105032
vt 0.519786 0.134474
vt 0.489256 0.069875
vt 0.499283 0.099181
vt 0.488910 0.098987
vt 0.516740 0.069875
vt 0.519786 0.099112
vt 0.482020 0.444941
vt 0.479354 0.473801
vt 0.454416 0.444941
vt 0.454374 0.473801
vt 0.491252 0.140189
vt 0.501061 0.169492
vt 0.488910 0.169309
vt 0.504348 0.140189
vt 0.518914 0.140189
vt 0.519786 0.169226
vt 0.494328 0.001953
vt 0.499294 0.031257
vt 0.488910 0.031074
vt 0.519522 0.001953
vt 0.519786 0.031067
vt 0.515963 0.175345
vt 0.490996 0.204205
vt 0.489232 0.175345
vt 0.515255 0.216107
vt 0.489011 0.216107
vt 0.496690 0.377524
vt 0.502038 0.406827
vt 0.488910 0.406567
vt 0.519582 0.377524
vt 0.519786 0.406904
vt 0.517154 0.241679
vt 0.517982 0.270539
vt 0.489235 0.241679
vt 0.491754 0.412681
vt 0.502797 0.441984
vt 0.488910 0.441802
vt 0.504348 0.412681
vt 0.518679 0.412681
vt 0.519786 0.441712
vt 0.493986 0.447838
vt 0.500735 0.476697
vt 0.488910 0.476697
vt 0.504348 0.447838
vt 0.519322 0.447838
vt 0.520162 0.476697
vt 0.539130 0.070716
vt 0.538313 0.099576
vt 0.531056 0.070716
vt 0.554369 0.070716
vt 0.554569 0.099576
vt 0.539130 0.138639
vt 0.526397 0.146707
vt 0.527524 0.138639
vt 0.546849 0.138639
vt 0.554569 0.138639
vt 0.554339 0.103482
vt 0.552022 0.111565
vt 0.529585 0.103482
vt 0.554397 0.001953
vt 0.535351 0.012004
vt 0.533855 0.001953
vt 0.554412 0.035560
vt 0.553147 0.043504
vt 0.529605 0.035560
vt 0.524376 0.173795
vt 0.534070 0.203101
vt 0.523692 0.202908
vt 0.551185 0.173795
vt 0.554569 0.202991
vt 0.552485 0.208952
vt 0.548915 0.237811
vt 0.523846 0.208952
vt 0.523889 0.237811
vt 0.539130 0.407937
vt 0.542226 0.436797
vt 0.526635 0.407937
vt 0.523777 0.436797
vt 0.554376 0.407937
vt 0.554569 0.436797
vt 0.561988 0.102641
vt 0.573026 0.136321
vt 0.558475 0.131501
vt 0.573913 0.102641
vt 0.588524 0.102641
vt 0.589351 0.135689
vt 0.568071 0.196968
vt 0.558475 0.164266
vt 0.558475 0.197032
vt 0.588943 0.197032
vt 0.564645 0.236095
vt 0.578314 0.244131
vt 0.558475 0.236095
vt 0.588739 0.236095
vt 0.589141 0.200938
vt 0.587879 0.209011
vt 0.565133 0.200938
vt 0.544264 0.440703
vt 0.527474 0.469562
vt 0.523847 0.440703
vt 0.554261 0.469562
vt 0.554569 0.440703
vt 0.573913 0.271252
vt 0.562659 0.300111
vt 0.561565 0.271252
vt 0.588466 0.271252
vt 0.589186 0.001953
vt 0.559516 0.030813
vt 0.564739 0.001953
vt 0.578239 0.063578
vt 0.558582 0.063578
vt 0.589351 0.063578
vt 0.561218 0.407096
vt 0.570616 0.436400
vt 0.558475 0.436208
vt 0.573913 0.407096
vt 0.585923 0.407096
vt 0.589351 0.436208
vt 0.578094 0.067485
vt 0.573285 0.075474
vt 0.558475 0.075474
vt 0.589351 0.067485
vt 0.532977 0.241718
vt 0.533931 0.270577
vt 0.523692 0.270577
vt 0.554296 0.270577
vt 0.554569 0.241718
vt 0.573913 0.442253
vt 0.588818 0.471113
vt 0.565011 0.442253
vt 0.589146 0.442253
vt 0.595293 0.001953
vt 0.608305 0.063520
vt 0.593257 0.030813
vt 0.624134 0.063483
vt 0.593257 0.063578
vt 0.554452 0.274483
vt 0.526906 0.303343
vt 0.534119 0.274483
vt 0.197721 0.398844
vt 0.163729 0.434317
vt 0.141084 0.398844
vt 0.141084 0.430633
vt 0.208696 0.433167
vt 0.275867 0.398844
vt 0.225309 0.434319
vt 0.276308 0.431209
vt 0.296629 0.037418
vt 0.280410 0.065164
vt 0.280214 0.037418
vt 0.313043 0.037418
vt 0.319088 0.065164
vt 0.345568 0.037418
vt 0.345873 0.065164
vt 0.650890 0.399002
vt 0.653560 0.422000
vt 0.628434 0.399002
vt 0.658916 0.399002
vt 0.658738 0.454171
vt 0.641313 0.476635
vt 0.638822 0.454171
vt 0.658916 0.477202
vt 0.845383 0.450802
vt 0.850221 0.473800
vt 0.845146 0.473800
vt 0.867416 0.340530
vt 0.856245 0.363528
vt 0.854312 0.340530
vt 0.867311 0.395593
vt 0.861100 0.418575
vt 0.855148 0.395593
vt 0.867612 0.418591
vt 0.656708 0.425906
vt 0.658916 0.448958
vt 0.642974 0.448351
vt 0.884881 0.057017
vt 0.878450 0.079354
vt 0.872480 0.057017
vt 0.885003 0.080029
vt 0.280214 0.069070
vt 0.296629 0.069125
vt 0.280214 0.118983
vt 0.326270 0.069100
vt 0.307255 0.118956
vt 0.345873 0.069070
vt 0.345873 0.092068
vt 0.345342 0.118972
vt 0.878382 0.085176
vt 0.884096 0.104138
vt 0.871006 0.085176
vt 0.885003 0.085176
vt 0.884723 0.200671
vt 0.878414 0.218875
vt 0.873541 0.200671
vt 0.885003 0.219633
vt 0.880593 0.176650
vt 0.885003 0.195612
vt 0.879503 0.194871
vt 0.280214 0.122878
vt 0.305325 0.122969
vt 0.280214 0.141841
vt 0.345873 0.122878
vt 0.345873 0.141841
vt 0.329458 0.122966
vt 0.305986 0.166501
vt 0.280214 0.165618
vt 0.345873 0.164926
vt 0.882431 0.224692
vt 0.881996 0.240369
vt 0.871773 0.224692
vt 0.885003 0.224692
vt 0.885003 0.259663
vt 0.883409 0.279101
vt 0.881308 0.241636
vt 0.878261 0.303504
vt 0.871794 0.306663
vt 0.873311 0.303504
vt 0.884287 0.303504
vt 0.678261 0.001953
vt 0.676941 0.017495
vt 0.665193 0.001953
vt 0.685980 0.001953
vt 0.693699 0.001953
vt 0.880082 0.324001
vt 0.879540 0.336625
vt 0.871794 0.324001
vt 0.885003 0.324001
vt 0.676364 0.021388
vt 0.672863 0.050539
vt 0.662823 0.021401
vt 0.662823 0.034026
vt 0.693535 0.021401
vt 0.693699 0.034026
vt 0.693699 0.050557
vt 0.884829 0.443172
vt 0.872227 0.453317
vt 0.874837 0.443172
vt 0.691743 0.054464
vt 0.691187 0.078660
vt 0.662823 0.064608
vt 0.693699 0.064608
vt 0.978261 0.110957
vt 0.979614 0.117737
vt 0.976453 0.110957
vt 0.980597 0.110957
vt 0.662763 0.097867
vt 0.678798 0.105633
vt 0.662823 0.106112
vt 0.682040 0.097867
vt 0.693699 0.097867
vt 0.689175 0.082566
vt 0.693699 0.092518
vt 0.672947 0.092035
vt 0.662823 0.111465
vt 0.670542 0.111554
vt 0.662823 0.129970
vt 0.681752 0.111515
vt 0.693699 0.111477
vt 0.691599 0.152382
vt 0.902319 0.016709
vt 0.889407 0.031852
vt 0.893575 0.016709
vt 0.902043 0.074624
vt 0.895380 0.088678
vt 0.890590 0.074624
vt 0.665041 0.156288
vt 0.674058 0.190544
vt 0.662823 0.190490
vt 0.693605 0.156298
vt 0.692849 0.190488
vt 0.895652 0.094440
vt 0.898668 0.106726
vt 0.890905 0.094440
vt 0.902124 0.094440
vt 0.664281 0.233424
vt 0.676405 0.247205
vt 0.662823 0.247554
vt 0.678261 0.233424
vt 0.693323 0.233424
vt 0.693699 0.247606
vt 0.980574 0.123547
vt 0.979293 0.133507
vt 0.976393 0.123547
vt 0.902234 0.144425
vt 0.896576 0.156034
vt 0.891732 0.144425
vt 0.902395 0.156750
vt 0.889849 0.161854
vt 0.894751 0.174811
vt 0.888910 0.175532
vt 0.677808 0.194435
vt 0.674524 0.227576
vt 0.662823 0.194425
vt 0.662823 0.227952
vt 0.693699 0.194533
vt 0.693699 0.227926
vt 0.980332 0.139296
vt 0.979633 0.149880
vt 0.976194 0.139296
vt 0.900880 0.180631
vt 0.896751 0.192076
vt 0.889290 0.180631
vt 0.899433 0.197886
vt 0.902395 0.212275
vt 0.894356 0.211568
vt 0.296629 0.172364
vt 0.281111 0.236728
vt 0.280214 0.172364
vt 0.280214 0.202596
vt 0.313043 0.172582
vt 0.329458 0.172364
vt 0.323624 0.236748
vt 0.345873 0.172362
vt 0.345873 0.236734
vt 0.670542 0.253053
vt 0.666824 0.278164
vt 0.662823 0.253053
vt 0.678261 0.253053
vt 0.693517 0.253053
vt 0.671975 0.312449
vt 0.699648 0.337560
vt 0.674134 0.312449
vt 0.902194 0.305695
vt 0.895809 0.330147
vt 0.891351 0.305695
vt 0.902395 0.330822
vt 0.894709 0.335967
vt 0.900509 0.344209
vt 0.888910 0.335967
vt 0.898803 0.427442
vt 0.895369 0.451883
vt 0.888910 0.452553
vt 0.913043 0.032225
vt 0.913171 0.056677
vt 0.908239 0.032225
vt 0.919469 0.032225
vt 0.919786 0.057354
vt 0.909872 0.062510
vt 0.907729 0.116613
vt 0.906301 0.087609
vt 0.919545 0.062496
vt 0.919522 0.116627
vt 0.913043 0.180361
vt 0.917200 0.205472
vt 0.907008 0.180361
vt 0.919019 0.180361
vt 0.918843 0.239650
vt 0.912543 0.264111
vt 0.908554 0.239650
vt 0.919677 0.120532
vt 0.918651 0.128728
vt 0.907301 0.120532
vt 0.313043 0.367382
vt 0.282187 0.393544
vt 0.282016 0.367382
vt 0.329458 0.367382
vt 0.345148 0.393544
vt 0.345873 0.367382
vt 0.913043 0.447791
vt 0.913607 0.469443
vt 0.907570 0.447791
vt 0.916415 0.447791
vt 0.919786 0.447791
vt 0.936882 0.105356
vt 0.925859 0.152275
vt 0.926077 0.105093
vt 0.937018 0.182683
vt 0.930130 0.203363
vt 0.926542 0.182683
vt 0.305567 0.397446
vt 0.306112 0.445666
vt 0.280214 0.397532
vt 0.280214 0.445349
vt 0.345242 0.397451
vt 0.345873 0.443106
vt 0.937177 0.235618
vt 0.924449 0.253436
vt 0.930233 0.235618
vt 0.936884 0.390918
vt 0.930207 0.407750
vt 0.922869 0.390918
vt 0.678261 0.356817
vt 0.684928 0.377155
vt 0.665031 0.356817
vt 0.693170 0.356817
vt 0.978261 0.155675
vt 0.980645 0.172376
vt 0.976061 0.155675
vt 0.980592 0.155675
vt 0.689853 0.381065
vt 0.688191 0.418370
vt 0.662823 0.397763
vt 0.980638 0.239316
vt 0.976185 0.252927
vt 0.977601 0.239316
vt 0.687185 0.422283
vt 0.674812 0.453163
vt 0.662823 0.435888
vt 0.662823 0.453548
vt 0.693699 0.454041
vt 0.980634 0.292978
vt 0.979823 0.302583
vt 0.977145 0.292978
vt 0.936235 0.430707
vt 0.937177 0.443967
vt 0.929139 0.443260
vt 0.675999 0.459011
vt 0.689452 0.480152
vt 0.662823 0.459011
vt 0.693459 0.459011
vt 0.980591 0.308377
vt 0.977613 0.325761
vt 0.977220 0.308377
vt 0.722711 0.027000
vt 0.702914 0.065671
vt 0.698043 0.044383
vt 0.728482 0.044383
vt 0.978261 0.460345
vt 0.976099 0.474535
vt 0.976595 0.460345
vt 0.980337 0.460345
vt 0.725815 0.112649
vt 0.710822 0.128302
vt 0.698072 0.112649
vt 0.728482 0.128934
vt 0.989187 0.148260
vt 0.988046 0.160047
vt 0.984308 0.148260
vt 0.937107 0.449081
vt 0.931528 0.463009
vt 0.923971 0.449081
vt 0.704095 0.069586
vt 0.728482 0.069660
vt 0.710259 0.106837
vt 0.697605 0.107314
vt 0.952833 0.001953
vt 0.948987 0.016201
vt 0.941506 0.001953
vt 0.321955 0.240640
vt 0.340463 0.270189
vt 0.282016 0.240661
vt 0.345873 0.240640
vt 0.282293 0.303644
vt 0.280214 0.270189
vt 0.345407 0.303644
vt 0.947826 0.043393
vt 0.942614 0.067924
vt 0.944176 0.043393
vt 0.954415 0.043393
vt 0.954950 0.186522
vt 0.953227 0.193195
vt 0.943661 0.186522
vt 0.955153 0.301217
vt 0.947041 0.324764
vt 0.943890 0.301217
vt 0.280214 0.307551
vt 0.305611 0.307563
vt 0.280214 0.360977
vt 0.345873 0.307551
vt 0.345873 0.332081
vt 0.329458 0.307556
vt 0.317091 0.361526
vt 0.345873 0.360675
vt 0.948891 0.359909
vt 0.954018 0.380174
vt 0.940838 0.359909
vt 0.954569 0.359909
vt 0.954219 0.457546
vt 0.948207 0.476779
vt 0.942918 0.457546
vt 0.971743 0.001953
vt 0.971263 0.022218
vt 0.960719 0.001953
vt 0.971709 0.075302
vt 0.965680 0.094574
vt 0.958990 0.075302
vt 0.717626 0.134130
vt 0.711058 0.155407
vt 0.697811 0.134130
vt 0.728482 0.134130
vt 0.987978 0.183918
vt 0.988915 0.201418
vt 0.984701 0.183918
vt 0.989351 0.183918
vt 0.710402 0.251968
vt 0.711650 0.269128
vt 0.697605 0.251968
vt 0.728404 0.251968
vt 0.728482 0.269686
vt 0.969818 0.100309
vt 0.967255 0.116581
vt 0.958671 0.100309
vt 0.988174 0.409380
vt 0.987800 0.421893
vt 0.984659 0.409380
vt 0.989320 0.427618
vt 0.989191 0.444689
vt 0.985820 0.427618
vt 0.724084 0.225743
vt 0.728482 0.246753
vt 0.709104 0.246160
vt 0.997993 0.023369
vt 0.996966 0.035829
vt 0.993460 0.023369
vt 0.970223 0.243396
vt 0.966306 0.256879
vt 0.958341 0.243396
vt 0.718288 0.274972
vt 0.708093 0.326693
vt 0.698026 0.274974
vt 0.728482 0.274972
vt 0.728482 0.298934
vt 0.697605 0.326856
vt 0.728152 0.326802
vt 0.996836 0.041602
vt 0.993431 0.061384
vt 0.993209 0.041602
vt 0.998047 0.041602
vt 0.709034 0.433100
vt 0.699549 0.454903
vt 0.697605 0.433100
vt 0.728272 0.433100
vt 0.998030 0.211021
vt 0.993492 0.228967
vt 0.995380 0.211021
vt 0.761601 0.001953
vt 0.745087 0.019329
vt 0.732388 0.019949
vt 0.971912 0.284191
vt 0.966406 0.299721
vt 0.958961 0.284191
vt 0.728357 0.330708
vt 0.702659 0.354113
vt 0.698066 0.330708
vt 0.997290 0.296432
vt 0.993483 0.315740
vt 0.993431 0.296432
vt 0.701830 0.404638
vt 0.728482 0.427881
vt 0.708983 0.427304
vt 0.998033 0.366952
vt 0.997220 0.381301
vt 0.995651 0.366952
vt 0.174890 0.253203
vt 0.174890 0.324750
vt 0.141084 0.253203
vt 0.141084 0.287074
vt 0.208696 0.253534
vt 0.275584 0.253203
vt 0.242502 0.324859
vt 0.276308 0.287074
vt 0.141084 0.324851
vt 0.208696 0.324851
vt 0.276308 0.324851
vt 0.141084 0.328757
vt 0.174890 0.328784
vt 0.141084 0.356961
vt 0.234195 0.328813
vt 0.208696 0.391865
vt 0.276308 0.328757
vt 0.276308 0.356961
vt 0.157916 0.392968
vt 0.141084 0.389573
vt 0.223607 0.392971
vt 0.276308 0.390639
vt 0.782609 0.085433
vt 0.771596 0.091594
vt 0.772985 0.085433
vt 0.790328 0.085433
vt 0.798047 0.085433
vt 0.768570 0.112738
vt 0.798246 0.136126
vt 0.769254 0.136126
vt 0.775285 0.169397
vt 0.780326 0.192508
vt 0.767170 0.192873
vt 0.776732 0.169397
vt 0.797817 0.140032
vt 0.792439 0.143008
vt 0.774130 0.140032
vt 0.790328 0.001953
vt 0.790328 0.007934
vt 0.782609 0.001953
vt 0.306091 0.451523
vt 0.280399 0.474911
vt 0.280214 0.451523
vt 0.318350 0.474911
vt 0.345556 0.451523
vt 0.345873 0.474911
vt 0.377072 0.001953
vt 0.350001 0.025341
vt 0.349779 0.001953
vt 0.388412 0.025341
vt 0.415267 0.001953
vt 0.415438 0.025341
vt 0.809672 0.286027
vt 0.807119 0.305321
vt 0.801953 0.286027
vt 0.817391 0.286027
vt 0.825110 0.286027
vt 0.832829 0.286027
vt 0.817391 0.403487
vt 0.828797 0.422780
vt 0.804104 0.403487
vt 0.831953 0.403487
vt 0.840687 0.026614
vt 0.850724 0.045429
vt 0.836736 0.045957
vt 0.869032 0.026614
vt 0.867612 0.045937
vt 0.859904 0.051275
vt 0.866115 0.093717
vt 0.838156 0.051269
vt 0.836736 0.070568
vt 0.852174 0.122335
vt 0.850125 0.141168
vt 0.839909 0.122335
vt 0.865997 0.122335
vt 0.867612 0.141673
vt 0.867287 0.146996
vt 0.848453 0.165829
vt 0.839459 0.146996
vt 0.867612 0.166333
vt 0.806160 0.378826
vt 0.832829 0.398165
vt 0.812006 0.397661
vt 0.378765 0.029245
vt 0.369499 0.071754
vt 0.349779 0.029247
vt 0.349779 0.071732
vt 0.415203 0.029247
vt 0.399023 0.071738
vt 0.415438 0.071747
vt 0.836736 0.171656
vt 0.845480 0.171653
vt 0.836736 0.187470
vt 0.867399 0.171656
vt 0.850185 0.187470
vt 0.867053 0.207190
vt 0.866221 0.251877
vt 0.863926 0.255111
vt 0.844356 0.251877
vt 0.379735 0.075669
vt 0.366194 0.111167
vt 0.349779 0.075646
vt 0.349779 0.111183
vt 0.415164 0.075646
vt 0.392901 0.111179
vt 0.415438 0.111158
vt 0.965083 0.374142
vt 0.960825 0.386997
vt 0.958475 0.374142
vt 0.971879 0.374142
vt 0.968067 0.425659
vt 0.971059 0.438515
vt 0.960299 0.425659
vt 0.962102 0.460415
vt 0.965291 0.472637
vt 0.958475 0.473271
vt 0.971830 0.460415
vt 0.976199 0.001953
vt 0.982399 0.014125
vt 0.975866 0.014827
vt 0.985984 0.001953
vt 0.349779 0.115086
vt 0.366194 0.115119
vt 0.349779 0.144683
vt 0.394737 0.115118
vt 0.376804 0.144704
vt 0.415438 0.115086
vt 0.415438 0.127942
vt 0.414927 0.144703
vt 0.984074 0.019947
vt 0.976349 0.030288
vt 0.976159 0.019947
vt 0.989351 0.019947
vt 0.989143 0.049574
vt 0.982768 0.059141
vt 0.979172 0.049574
vt 0.989351 0.059915
vt 0.379938 0.184196
vt 0.376433 0.196154
vt 0.349779 0.184196
vt 0.349779 0.195679
vt 0.415140 0.184196
vt 0.415438 0.195937
vt 0.987003 0.064953
vt 0.982479 0.072816
vt 0.975643 0.064953
vt 0.989351 0.064953
vt 0.838484 0.272939
vt 0.852367 0.282838
vt 0.836736 0.283047
vt 0.853740 0.272939
vt 0.867612 0.272939
vt 0.867612 0.282954
vt 0.839914 0.288687
vt 0.847157 0.299558
vt 0.836736 0.299754
vt 0.867612 0.299775
vt 0.377666 0.148629
vt 0.381593 0.178341
vt 0.349779 0.148713
vt 0.349779 0.177921
vt 0.415147 0.148638
vt 0.415438 0.177878
vt 0.982466 0.078592
vt 0.983673 0.087570
vt 0.975866 0.078592
vt 0.989300 0.078592
vt 0.837018 0.305406
vt 0.852382 0.316643
vt 0.836736 0.316829
vt 0.855575 0.305406
vt 0.867612 0.305406
vt 0.867612 0.316871
vt 0.853495 0.322492
vt 0.847144 0.334682
vt 0.836736 0.334878
vt 0.867612 0.334877
vt 0.174890 0.232719
vt 0.181840 0.248819
vt 0.141084 0.232724
vt 0.141084 0.249266
vt 0.208696 0.232706
vt 0.276308 0.232720
vt 0.276308 0.239085
vt 0.242502 0.232719
vt 0.242502 0.249297
vt 0.276308 0.249297
vt 0.386111 0.350220
vt 0.394933 0.367606
vt 0.384562 0.367421
vt 0.415438 0.367431
vt 0.380421 0.312927
vt 0.352620 0.330896
vt 0.355861 0.312927
vt 0.355111 0.346749
vt 0.378170 0.364593
vt 0.350052 0.364593
vt 0.380476 0.346749
vt 0.420893 0.013871
vt 0.429710 0.031257
vt 0.419344 0.031073
vt 0.450221 0.031082
vt 0.448672 0.149779
vt 0.429714 0.167102
vt 0.419344 0.166917
vt 0.450221 0.166927
vt 0.455676 0.248249
vt 0.464494 0.265697
vt 0.454127 0.265512
vt 0.485003 0.265522
vt 0.455676 0.079428
vt 0.464495 0.096789
vt 0.454127 0.096605
vt 0.485003 0.096614
vt 0.447437 0.254328
vt 0.447679 0.270524
vt 0.419606 0.254328
vt 0.446012 0.286992
vt 0.424799 0.304798
vt 0.426131 0.286992
vt 0.516976 0.220014
vt 0.514031 0.237773
vt 0.488971 0.220014
vt 0.489176 0.237773
vt 0.518237 0.354240
vt 0.499277 0.371672
vt 0.488910 0.371487
vt 0.519786 0.371496
vt 0.518237 0.286414
vt 0.499279 0.303749
vt 0.488910 0.303565
vt 0.519786 0.303575
vt 0.525241 0.150613
vt 0.534062 0.167943
vt 0.523692 0.167759
vt 0.554569 0.167768
vt 0.525241 0.115471
vt 0.534058 0.132786
vt 0.523692 0.132601
vt 0.554569 0.132610
vt 0.542965 0.015910
vt 0.536511 0.031653
vt 0.523692 0.031653
vt 0.554569 0.015910
vt 0.525241 0.047410
vt 0.534062 0.064864
vt 0.523692 0.064679
vt 0.554569 0.064689
vt 0.560024 0.248037
vt 0.568842 0.265399
vt 0.558475 0.265214
vt 0.589351 0.265223
vt 0.587802 0.212917
vt 0.568841 0.230243
vt 0.558475 0.230058
vt 0.589351 0.230067
vt 0.560024 0.348741
vt 0.568844 0.366087
vt 0.558475 0.365903
vt 0.589351 0.365912
vt 0.837412 0.432425
vt 0.850221 0.445665
vt 0.842148 0.444985
vt 0.866935 0.377170
vt 0.867612 0.390456
vt 0.859539 0.389776
vt 0.690450 0.349934
vt 0.693699 0.351614
vt 0.677639 0.350977
vt 0.985043 0.093374
vt 0.981872 0.105184
vt 0.975866 0.105736
vt 0.901776 0.285909
vt 0.902395 0.300558
vt 0.894320 0.299878
vt 0.901454 0.407761
vt 0.902395 0.422305
vt 0.894326 0.421624
vt 0.906978 0.012509
vt 0.919786 0.027064
vt 0.911713 0.026405
vt 0.906978 0.160585
vt 0.919786 0.175224
vt 0.911712 0.174543
vt 0.664373 0.292685
vt 0.693699 0.307232
vt 0.672797 0.306627
vt 0.767170 0.146914
vt 0.786824 0.146940
vt 0.767170 0.150194
vt 0.777543 0.163552
vt 0.767170 0.163993
vt 0.798047 0.150194
vt 0.798047 0.163995
vt 0.838285 0.010423
vt 0.867612 0.021315
vt 0.846755 0.020788
vt 0.838286 0.106142
vt 0.867612 0.117037
vt 0.846747 0.116509
vt 0.866062 0.259018
vt 0.867612 0.267733
vt 0.846750 0.267117
vt 0.838285 0.237990
vt 0.867612 0.246672
vt 0.846747 0.246056
vt 0.959152 0.448520
vt 0.971960 0.455277
vt 0.963885 0.454597
vt 0.971283 0.413788
vt 0.971960 0.420540
vt 0.963887 0.419842
vt 0.003906 0.032500
vt 0.037712 0.032500
vt 0.071518 0.032500
vt 0.105324 0.032500
vt 0.003906 0.118818
vt 0.037712 0.118818
vt 0.071518 0.118818
vt 0.105324 0.118818
vt 0.003906 0.206534
vt 0.037712 0.206534
vt 0.071518 0.206534
vt 0.105324 0.206534
vt 0.003906 0.376920
vt 0.037712 0.376920
vt 0.071518 0.376920
vt 0.105324 0.376920
vt 0.003906 0.464340
vt 0.037712 0.464340
vt 0.071518 0.464340
vt 0.105324 0.464340
vt 0.143037 0.083644
vt 0.176843 0.083644
vt 0.210649 0.083644
vt 0.244455 0.083644
vt 0.143037 0.170114
vt 0.176843 0.170114
vt 0.210649 0.170114
vt 0.244455 0.170114
vt 0.003906 0.503906
vt 0.500000 0.750000
vt 0.003906 0.750000
vt 0.500000 0.503906
vt 0.996094 0.750000
vt 0.996094 0.503906
vt 0.500000 0.996094
vt 0.003906 0.996094
vt 0.996094 0.996094
s 1
usemtl Sonnerat
f 1428/1/1 1429/2/2 1673/3/3
f 1673/3/3 1429/2/2 1590/4/4
f 1201/5/5 1202/6/6 1428/1/7
f 1428/1/7 1202/6/6 1429/2/8
f 1201/5/9 1437/7/10 1202/6/11
f 1674/8/12 1591/9/12 1201/5/12
f 1201/5/9 1591/9/13 1437/7/10
f 1675/10/14 1263/11/14 1089/12/14
f 1203/13/15 1032/14/16 1263/11/17
f 1203/13/18 1268/15/18 1032/14/18
f 1679/16/19 1090/17/19 1268/15/19
f 1263/11/20 960/18/20 1089/12/20
f 1089/12/21 960/18/21 883/19/21
f 1263/11/17 1032/14/16 960/18/22
f 1268/15/23 965/20/23 1032/14/23
f 1090/17/24 884/21/24 1268/15/24
f 1268/15/25 884/21/25 965/20/25
f 960/18/26 521/22/26 883/19/26
f 883/19/27 521/22/27 488/23/27
f 1032/14/28 575/24/28 960/18/28
f 960/18/29 575/24/30 521/22/31
f 965/20/32 531/25/33 1032/14/34
f 1032/14/34 531/25/33 575/24/35
f 884/21/36 489/26/36 965/20/36
f 965/20/37 489/26/37 531/25/37
f 1676/27/38 1328/28/38 1136/29/38
f 1204/30/39 1575/31/39 1328/28/39
f 1204/30/40 1370/32/40 1575/31/40
f 1680/33/41 1017/34/41 1370/32/41
f 1328/28/42 1101/35/42 1136/29/42
f 1136/29/43 1101/35/43 1016/36/43
f 1575/31/44 1369/37/44 1328/28/44
f 1328/28/45 1369/37/45 1101/35/45
f 1370/32/46 1270/38/46 1575/31/46
f 1575/31/47 1270/38/47 1369/37/47
f 1370/32/48 1017/34/48 1270/38/48
f 1101/35/49 855/39/49 1016/36/49
f 1016/36/50 855/39/50 848/40/50
f 1369/37/51 980/41/51 1101/35/51
f 1101/35/52 980/41/53 855/39/54
f 1270/38/55 968/42/55 1369/37/55
f 1369/37/56 968/42/57 980/41/58
f 1017/34/59 849/43/59 1270/38/59
f 1270/38/60 849/43/60 968/42/60
f 1205/44/61 1477/45/61 1430/46/61
f 1205/44/62 1438/47/62 1477/45/62
f 1681/48/63 1312/49/63 1438/47/63
f 1477/45/64 1571/50/64 1311/51/64
f 1311/51/65 1571/50/65 1389/52/65
f 1438/47/66 1514/53/66 1477/45/66
f 1477/45/67 1514/53/67 1571/50/67
f 1312/49/68 1390/54/68 1438/47/68
f 1438/47/69 1390/54/69 1514/53/69
f 1571/50/70 1709/55/70 1389/52/70
f 1389/52/71 1709/55/71 1526/56/71
f 1571/50/72 1710/57/72 1709/55/72
f 1514/53/73 1593/58/73 1571/50/73
f 1571/50/74 1593/58/74 1710/57/74
f 1431/59/75 1607/60/75 1677/61/75
f 1677/61/76 1607/60/76 1394/62/76
f 1206/63/77 1793/64/77 1431/59/77
f 1431/59/78 1793/64/78 1607/60/78
f 1206/63/79 1439/65/79 1793/64/79
f 1682/66/80 1395/67/80 1439/65/80
f 1394/62/81 1607/60/81 1818/68/81
f 1439/65/82 1922/69/82 1793/64/82
f 1395/67/83 1819/70/83 1439/65/83
f 1439/65/84 1819/70/84 1922/69/84
f 1607/60/85 2557/71/85 1818/68/85
f 1818/68/86 2557/71/86 2368/72/86
f 1793/64/87 2615/73/87 1607/60/87
f 1607/60/88 2615/73/89 2557/71/90
f 1922/69/91 2443/74/91 1793/64/91
f 1793/64/92 2443/74/93 2615/73/94
f 1819/70/95 2369/75/95 1922/69/95
f 1922/69/96 2369/75/96 2443/74/96
f 1678/76/97 1432/77/97 1356/78/97
f 1207/79/98 1785/80/98 1432/77/98
f 1207/79/99 1440/81/99 1785/80/99
f 1683/82/100 1357/83/100 1440/81/100
f 1432/77/101 1812/84/101 1356/78/101
f 1356/78/102 1812/84/102 1768/85/102
f 1432/77/103 1785/80/103 1812/84/103
f 1440/81/104 2021/86/104 1785/80/104
f 1357/83/105 1769/87/105 1440/81/105
f 1440/81/106 1769/87/106 2021/86/106
f 1812/84/107 2233/88/107 1768/85/107
f 1768/85/108 2233/88/108 2263/89/108
f 1785/80/109 2473/90/109 1812/84/109
f 1812/84/110 2473/90/111 2233/88/112
f 2021/86/113 2514/91/113 1785/80/113
f 1785/80/114 2514/91/115 2473/90/116
f 1769/87/117 2264/92/117 2021/86/117
f 2021/86/118 2264/92/118 2514/91/118
f 1684/93/119 1421/94/119 1212/95/119
f 1208/96/120 1645/97/121 1421/94/122
f 1208/96/123 1422/98/123 1645/97/123
f 1687/99/124 1213/100/125 1422/98/126
f 1212/95/127 1421/94/127 1195/101/127
f 1422/98/128 1409/102/128 1645/97/128
f 1213/100/125 1196/103/129 1422/98/126
f 1422/98/130 1196/103/130 1409/102/130
f 1421/94/131 1408/104/131 1195/101/131
f 1195/101/132 1408/104/132 1182/105/132
f 1645/97/121 1564/106/133 1421/94/122
f 1421/94/134 1564/106/135 1408/104/136
f 1409/102/137 1382/107/138 1645/97/139
f 1645/97/139 1382/107/138 1564/106/140
f 1196/103/141 1183/108/141 1409/102/141
f 1409/102/142 1183/108/142 1382/107/142
f 1685/109/143 1353/110/143 1157/111/143
f 1209/112/144 1544/113/144 1353/110/144
f 1441/114/145 1073/115/145 1209/112/145
f 1209/112/146 1073/115/146 1544/113/146
f 1688/116/147 1158/117/147 1441/114/147
f 1441/114/148 1158/117/149 1073/115/150
f 1353/110/151 1229/118/151 1157/111/151
f 1157/111/152 1229/118/152 1007/119/152
f 1544/113/153 1296/120/153 1353/110/153
f 1353/110/154 1296/120/154 1229/118/154
f 1544/113/155 1073/115/155 1296/120/155
f 1158/117/149 1008/121/156 1073/115/150
f 1229/118/157 882/122/157 1007/119/157
f 1007/119/158 882/122/158 789/123/158
f 1296/120/159 885/124/159 1229/118/159
f 1229/118/160 885/124/161 882/122/162
f 1073/115/163 792/125/163 1296/120/163
f 1296/120/164 792/125/165 885/124/166
f 1008/121/156 790/126/167 1073/115/150
f 1073/115/168 790/126/168 792/125/168
f 1686/127/169 1427/128/169 1635/129/169
f 1427/128/170 1410/130/170 1635/129/170
f 1210/131/171 1199/132/172 1427/128/173
f 1427/128/173 1199/132/172 1410/130/174
f 1442/133/175 1405/134/176 1210/131/177
f 1210/131/177 1405/134/176 1199/132/178
f 1672/135/179 1636/136/180 1442/133/180
f 1442/133/181 1636/136/181 1405/134/181
f 1459/137/182 1282/138/182 1366/139/182
f 1378/140/183 1282/138/183 1459/137/183
f 1513/141/184 1367/142/184 1378/140/184
f 1378/140/185 1367/142/185 1282/138/185
f 1283/143/186 1170/144/186 1107/145/186
f 1109/146/187 818/147/187 1167/148/187
f 1172/149/188 818/147/188 1109/146/188
f 440/150/189 249/151/189 211/152/189
f 440/150/190 231/153/190 249/151/190
f 251/154/191 61/155/191 213/156/191
f 213/156/192 61/155/192 53/157/192
f 233/158/193 61/155/193 251/154/193
f 233/158/194 57/159/194 61/155/194
f 62/160/195 20/161/195 55/162/195
f 59/163/196 20/161/196 62/160/196
f 58/164/197 21/165/197 54/166/197
f 250/167/198 239/168/198 212/169/198
f 250/167/199 241/170/199 239/168/199
f 232/171/200 241/170/200 250/167/200
f 204/172/201 99/173/201 101/174/201
f 234/175/202 99/173/202 204/172/202
f 234/175/203 102/176/203 99/173/203
f 237/177/204 373/178/204 395/179/204
f 201/180/205 373/178/205 237/177/205
f 201/180/206 396/181/206 373/178/206
f 1171/182/207 1249/183/207 1108/184/207
f 1249/183/208 1253/185/208 1330/186/208
f 1249/183/209 1392/187/209 1253/185/209
f 1392/187/210 1286/188/210 1253/185/210
f 945/189/211 802/190/211 797/191/211
f 468/192/212 216/193/213 223/194/214
f 456/195/215 216/193/213 468/192/212
f 456/195/216 224/196/216 216/193/216
f 462/197/217 228/198/217 246/199/217
f 467/200/218 228/198/218 462/197/218
f 467/200/219 247/201/219 228/198/219
f 954/202/220 888/203/220 930/204/220
f 959/205/221 922/206/221 954/202/221
f 954/202/222 922/206/222 888/203/222
f 923/207/223 773/208/224 889/209/225
f 890/210/226 1197/211/226 1242/212/226
f 927/213/227 1197/211/227 890/210/227
f 924/214/228 1197/211/228 927/213/228
f 924/214/229 1243/215/229 1197/211/229
f 1393/216/230 1823/217/230 1318/218/230
f 1318/218/231 1823/217/231 1870/219/231
f 1393/216/232 2386/220/232 1823/217/232
f 2386/220/233 2297/221/233 1823/217/233
f 2385/222/234 3043/223/234 3060/224/234
f 2337/225/235 3043/223/235 2385/222/235
f 2307/226/236 3043/223/236 2337/225/236
f 2307/226/237 3061/227/237 3043/223/237
f 1377/228/238 1604/229/238 1732/230/238
f 1377/228/239 1733/231/239 1604/229/239
f 1605/232/240 1855/233/240 1652/234/240
f 1652/234/241 1855/233/241 1912/235/241
f 1654/236/242 1855/233/242 1605/232/242
f 1654/236/243 1936/237/243 1855/233/243
f 1857/238/244 1783/239/244 1914/240/244
f 1938/241/245 1783/239/245 1857/238/245
f 1715/242/246 1581/243/246 1669/244/246
f 1671/245/247 1083/246/247 1149/247/247
f 1583/248/248 1083/246/248 1671/245/248
f 1583/248/249 1151/249/249 1083/246/249
f 1705/250/250 1151/249/250 1583/248/250
f 1085/251/251 643/252/251 1150/253/251
f 1085/251/252 654/254/252 643/252/252
f 1153/255/253 672/256/253 1085/251/253
f 1085/251/254 672/256/254 654/254/254
f 645/257/255 299/258/255 311/259/255
f 655/260/256 299/258/256 645/257/256
f 674/261/257 299/258/257 655/260/257
f 674/261/258 312/262/258 299/258/258
f 673/263/259 534/264/259 644/265/259
f 1152/266/260 1097/267/260 1084/268/260
f 1057/269/261 804/270/261 838/271/261
f 1057/269/262 839/272/262 804/270/262
f 1103/273/263 1337/274/263 1412/275/263
f 1049/276/264 1337/274/264 1103/273/264
f 1049/276/265 1413/277/265 1337/274/265
f 1582/278/266 1953/279/266 1670/280/266
f 1953/279/267 2348/281/267 2406/282/267
f 2408/283/268 2313/284/268 2429/285/268
f 2350/286/269 2313/284/269 2408/283/269
f 2409/287/270 2430/288/270 2350/286/270
f 2350/286/271 2430/288/271 2313/284/271
f 2349/289/272 2687/290/273 2407/291/274
f 1856/292/275 2172/293/275 1913/294/275
f 1913/294/276 2172/293/276 2207/295/276
f 1937/296/277 2172/293/277 1856/292/277
f 2632/297/278 2747/298/278 2837/299/278
f 2632/297/279 2839/300/279 2747/298/279
f 2476/301/280 2224/302/280 2150/303/280
f 2152/304/281 1380/305/281 1398/306/281
f 2177/307/282 1380/305/282 2152/304/282
f 2225/308/283 1380/305/283 2177/307/283
f 2225/308/284 1399/309/284 1380/305/284
f 2151/310/285 2228/311/285 2223/312/285
f 2223/312/286 2228/311/286 2284/313/286
f 2151/310/287 2285/314/287 2228/311/287
f 2833/315/288 3274/316/288 2887/317/288
f 2887/317/289 3274/316/289 3297/318/289
f 2888/319/290 3274/316/290 2833/315/290
f 3276/320/291 3423/321/291 3299/322/291
f 3277/323/292 3423/321/292 3276/320/292
f 3277/323/293 3474/324/293 3423/321/293
f 3473/325/294 3216/326/294 3237/327/294
f 3425/328/295 3216/326/295 3473/325/295
f 3475/329/296 3238/330/296 3425/328/296
f 3425/328/297 3238/330/297 3216/326/297
f 3472/331/298 3766/332/298 3792/333/298
f 3424/334/299 3766/332/299 3472/331/299
f 3424/334/300 3793/335/300 3766/332/300
f 3275/336/301 3735/337/302 3298/338/303
f 3298/338/303 3735/337/302 3738/339/304
f 3739/340/305 3955/341/305 3967/342/305
f 3737/343/306 3955/341/306 3739/340/306
f 3753/344/307 3955/341/307 3737/343/307
f 3753/344/308 3968/345/308 3955/341/308
f 3736/346/309 3963/347/309 3980/348/309
f 3752/349/310 3963/347/310 3736/346/310
f 3752/349/311 3981/350/311 3963/347/311
f 2585/351/312 3184/352/312 2617/353/312
f 3184/352/313 3334/354/313 3375/355/313
f 3687/356/314 3935/357/314 3949/358/314
f 3726/359/315 3935/357/315 3687/356/315
f 3726/359/316 3950/360/316 3935/357/316
f 3597/361/317 3903/362/318 3628/363/319
f 3923/364/320 4045/365/320 4051/366/320
f 3905/367/321 4045/365/321 3923/364/321
f 3904/368/322 4045/365/322 3905/367/322
f 3904/368/323 4052/369/323 4045/365/323
f 3192/370/324 3505/371/324 3572/372/324
f 3185/373/325 3505/371/325 3192/370/325
f 3190/374/326 3558/375/326 3185/373/326
f 3185/373/327 3558/375/327 3505/371/327
f 3507/376/328 3871/377/328 3524/378/328
f 3560/379/329 3871/377/329 3507/376/329
f 3560/379/330 3887/380/330 3871/377/330
f 3879/381/331 3960/382/331 3873/383/331
f 3893/384/332 3960/382/333 3879/381/332
f 3889/385/334 3960/382/334 3893/384/334
f 3888/386/335 3924/387/335 3872/388/335
f 3559/389/336 3426/390/336 3506/391/336
f 3479/392/337 3598/393/337 3436/394/337
f 3477/395/338 3138/396/338 3157/397/338
f 3433/398/339 3138/396/339 3477/395/339
f 3433/398/340 3158/399/340 3138/396/340
f 1606/400/341 2080/401/342 1653/402/343
f 1653/402/343 2080/401/342 2113/403/344
f 2082/404/345 2734/405/345 2114/406/345
f 2114/406/346 2734/405/346 2773/407/346
f 2144/408/347 2734/405/347 2082/404/347
f 2144/408/348 2802/409/348 2734/405/348
f 2775/410/349 3083/411/349 3123/412/349
f 2736/413/350 3083/411/350 2775/410/350
f 2771/414/351 3083/411/351 2736/413/351
f 2771/414/352 3124/415/352 3083/411/352
f 3083/411/353 3403/416/353 3123/412/353
f 3123/412/354 3403/416/354 3347/417/354
f 3347/417/355 3403/416/355 3584/418/355
f 3083/411/356 3567/419/356 3403/416/356
f 3124/415/357 3567/419/357 3083/411/357
f 3612/420/358 3511/421/358 3586/422/358
f 3569/423/359 3511/421/359 3612/420/359
f 3568/424/360 3715/425/361 3585/426/362
f 2735/427/363 3271/428/363 2774/429/363
f 2735/427/364 3302/430/365 3271/428/366
f 2803/431/367 3302/430/365 2735/427/364
f 3283/432/368 3709/433/368 3273/434/368
f 3304/435/369 3709/433/369 3283/432/369
f 3303/436/370 3581/437/370 3272/438/370
f 3581/437/371 3815/439/371 3780/440/371
f 3581/437/372 3799/441/372 3815/439/372
f 3782/442/373 4018/443/373 4021/444/373
f 3816/445/374 4018/443/374 3782/442/374
f 3801/446/375 4018/443/375 3816/445/375
f 3801/446/376 4022/447/376 4018/443/376
f 3781/448/377 3743/449/377 3760/450/377
f 3800/451/378 3743/449/378 3781/448/378
f 2081/452/379 2460/453/379 2583/454/379
f 2081/452/380 2539/455/380 2460/453/380
f 2174/456/381 2539/455/381 2081/452/381
f 2462/457/382 3106/458/382 2495/459/382
f 2541/460/383 3106/458/383 2462/457/383
f 3107/461/384 3582/462/385 3614/463/386
f 3107/461/384 3615/464/387 3582/462/385
f 3614/463/388 3582/462/388 3913/465/388
f 2540/466/389 2372/467/389 2461/468/389
f 1278/469/390 1498/470/390 1560/471/390
f 1560/471/391 1498/470/391 1579/472/391
f 1278/469/392 1334/473/392 1498/470/392
f 1416/474/393 1471/475/393 1278/469/393
f 1278/469/394 1471/475/394 1334/473/394
f 1416/474/395 1580/476/395 1471/475/395
f 1504/477/396 1321/478/396 1622/479/396
f 1335/480/397 1256/481/397 1504/477/397
f 1504/477/398 1256/481/398 1321/478/398
f 1472/482/399 1256/481/399 1335/480/399
f 1472/482/400 1447/483/400 1256/481/400
f 1257/484/401 987/485/401 1322/486/401
f 1449/487/402 987/485/402 1257/484/402
f 1006/488/403 671/489/403 989/490/403
f 1006/488/404 688/491/404 671/489/404
f 71/492/405 11/493/405 10/494/405
f 145/495/406 41/496/406 146/497/406
f 47/498/407 1/499/407 43/500/407
f 47/498/408 2/501/408 1/499/408
f 988/502/409 878/503/409 862/504/409
f 322/505/410 122/506/410 307/507/410
f 322/505/411 125/508/411 122/506/411
f 1446/509/412 1177/510/413 1144/511/414
f 1192/512/415 1011/513/416 1177/510/417
f 1448/514/418 1273/515/419 1192/512/420
f 1177/510/417 1011/513/416 1144/511/421
f 1192/512/422 1079/516/422 1011/513/422
f 1273/515/419 1079/516/423 1192/512/420
f 1012/517/424 920/518/424 1063/519/424
f 1147/520/425 920/518/425 1012/517/425
f 341/521/426 149/522/426 326/523/426
f 341/521/427 150/524/427 149/522/427
f 325/525/428 351/526/428 329/527/428
f 1145/528/429 845/529/429 935/530/429
f 1146/531/430 936/532/430 886/533/430
f 845/529/431 701/534/431 935/530/431
f 935/530/432 701/534/432 771/535/432
f 886/533/433 701/534/433 845/529/433
f 936/532/434 772/536/434 886/533/434
f 886/533/435 772/536/435 701/534/435
f 707/537/436 296/538/436 761/539/436
f 801/540/437 296/538/437 707/537/437
f 300/541/438 151/542/438 296/543/438
f 161/544/439 119/545/439 153/546/439
f 162/547/440 119/545/440 161/544/440
f 706/548/441 614/549/441 760/550/441
f 754/551/442 614/549/442 706/548/442
f 800/552/443 614/549/443 754/551/443
f 616/553/444 502/554/444 646/555/444
f 697/556/445 502/554/445 616/553/445
f 615/557/446 649/558/447 696/559/448
f 696/559/449 649/558/449 718/560/449
f 661/561/450 649/558/447 615/557/446
f 661/561/451 719/562/451 649/558/451
f 719/562/452 732/563/453 649/558/454
f 687/564/455 714/565/455 651/566/455
f 650/567/456 676/568/457 743/569/458
f 650/567/456 744/570/459 676/568/457
f 679/571/460 730/572/460 723/573/460
f 724/574/461 730/572/461 679/571/461
f 722/575/462 769/576/462 808/577/462
f 678/578/463 769/576/463 722/575/463
f 751/579/464 769/576/464 678/578/464
f 677/580/465 689/581/465 648/582/465
f 799/583/466 668/584/466 709/585/466
f 627/586/467 710/587/467 549/588/467
f 668/584/468 549/588/468 709/585/468
f 627/586/469 549/588/469 668/584/469
f 606/589/470 475/590/470 551/591/470
f 377/592/471 226/593/471 383/594/471
f 550/595/472 538/596/472 626/597/472
f 605/598/473 595/599/473 550/595/473
f 550/595/474 595/599/474 538/596/474
f 541/600/475 560/601/475 594/602/475
f 597/603/476 560/601/476 541/600/476
f 593/604/477 542/605/477 607/606/477
f 540/607/478 542/605/478 593/604/478
f 596/608/479 542/605/479 540/607/479
f 596/608/480 608/609/480 542/605/480
f 581/610/481 556/611/481 545/612/481
f 580/613/482 702/614/482 543/615/482
f 580/613/483 738/616/483 702/614/483
f 544/617/484 506/618/484 529/619/484
f 539/620/485 563/621/485 622/622/485
f 622/622/486 563/621/486 617/623/486
f 623/624/487 618/625/487 539/620/487
f 539/620/488 618/625/488 563/621/488
f 566/626/489 600/627/489 602/628/489
f 564/629/490 733/630/490 601/631/490
f 565/632/491 533/633/491 509/634/491
f 1505/635/492 1895/636/492 1623/637/492
f 1623/637/493 1895/636/494 1998/638/495
f 1505/635/496 1336/639/496 1895/636/496
f 1473/640/497 2084/641/497 1336/639/497
f 1473/640/498 1624/642/498 2084/641/498
f 1336/639/499 2084/641/499 1895/636/499
f 1624/642/500 2278/643/500 2084/641/500
f 2199/644/501 2704/645/501 2281/646/501
f 2087/647/502 2704/645/502 2199/644/502
f 2169/648/503 2704/645/503 2087/647/503
f 2706/649/504 2865/650/505 2722/651/504
f 1139/652/506 740/653/506 1120/654/506
f 1139/652/507 746/655/507 740/653/507
f 2390/656/508 2502/657/508 2442/658/508
f 2017/659/509 1969/660/509 2009/661/509
f 2954/662/510 3406/663/510 2942/664/510
f 2926/665/511 3406/663/511 2954/662/511
f 2926/665/512 3407/666/512 3406/663/512
f 2866/667/513 3531/668/513 3201/669/513
f 2893/670/514 3195/671/514 2866/667/514
f 2866/667/515 3195/671/515 3531/668/515
f 3526/672/516 3603/673/516 3532/674/516
f 3519/675/517 3603/673/517 3526/672/517
f 3605/676/518 3349/677/518 3624/678/518
f 3518/679/519 3673/680/519 3525/681/519
f 2086/682/520 2398/683/520 2198/684/520
f 2168/685/521 2490/686/521 2086/682/521
f 2086/682/522 2490/686/522 2398/683/522
f 2280/687/523 2490/686/523 2168/685/523
f 2400/688/524 2984/689/524 2481/690/524
f 2492/691/525 2984/689/525 2400/688/525
f 2572/692/526 2984/689/526 2492/691/526
f 3385/693/527 3702/694/527 3374/695/527
f 3922/696/528 3993/697/528 3921/698/528
f 2399/699/529 2449/700/529 2571/701/529
f 2571/701/530 2449/700/530 2589/702/530
f 2491/703/531 2449/700/531 2399/699/531
f 2491/703/532 2591/704/532 2449/700/532
f 2612/705/533 2570/706/533 2452/707/533
f 2397/708/534 2560/709/535 2424/710/536
f 2450/711/537 2507/712/537 2527/713/537
f 2525/714/538 2507/712/538 2450/711/538
f 2509/715/539 2627/716/539 2568/717/539
f 2561/718/540 2627/716/540 2509/715/540
f 2508/719/541 2699/720/542 2733/721/543
f 2806/722/544 3005/723/544 2754/724/544
f 2753/725/545 2909/726/545 2917/727/545
f 2917/727/546 2909/726/546 2965/728/546
f 2753/725/547 2918/729/547 2909/726/547
f 2943/730/548 3037/731/549 2912/732/550
f 2911/733/551 2950/734/551 2914/735/551
f 2451/736/552 2453/737/553 2611/738/554
f 2526/739/555 2453/737/553 2451/736/552
f 2498/740/556 2457/741/556 2440/742/556
f 2439/743/557 2592/744/557 2537/745/557
f 2439/743/558 2637/746/558 2592/744/558
f 2609/747/559 2739/748/559 2649/749/559
f 2652/750/560 2739/748/560 2609/747/560
f 2608/751/561 2683/752/561 2648/753/561
f 2608/751/562 2738/754/562 2683/752/562
f 2686/755/563 2814/756/563 2713/757/563
f 2717/758/564 2960/759/564 2684/760/564
f 2607/761/565 2677/762/566 2628/763/567
f 2607/761/565 2628/763/567 2671/764/568
f 2629/765/569 2892/766/569 2656/767/569
f 2085/768/570 2222/769/570 2197/770/570
f 2279/771/571 2222/769/571 2085/768/571
f 2197/770/572 2309/772/572 2373/773/572
f 2222/769/573 2309/772/573 2197/770/573
f 2222/769/574 2404/774/574 2309/772/574
f 2310/775/575 2553/776/575 2394/777/575
f 2405/778/576 2553/776/576 2310/775/576
f 2555/779/577 2419/780/577 2579/781/577
f 1555/782/578 1698/783/578 1542/784/578
f 2488/785/579 2179/786/579 2183/787/579
f 2489/788/580 2308/789/581 2251/790/582
f 2179/786/583 2071/791/583 2183/787/583
f 2251/790/584 2071/791/584 2179/786/584
f 2308/789/581 2184/792/585 2251/790/582
f 2251/790/586 2184/792/586 2071/791/586
f 2074/793/587 1833/794/587 2141/795/587
f 2206/796/588 1833/794/588 2074/793/588
f 905/797/589 592/798/589 902/799/589
f 1860/800/590 1760/801/590 1834/802/590
f 1754/803/591 2005/804/591 1737/805/591
f 2072/806/592 1875/807/592 2139/808/592
f 2204/809/593 1875/807/593 2072/806/593
f 1878/810/594 1600/811/594 1920/812/594
f 1977/813/595 1600/811/595 1878/810/595
f 1877/814/596 1628/815/596 1976/816/596
f 1925/817/597 1628/815/597 1877/814/597
f 1925/817/598 1690/818/598 1628/815/598
f 1631/819/599 1532/820/599 1648/821/599
f 1222/822/600 1003/823/600 1238/824/600
f 2020/825/601 2067/826/601 1988/827/601
f 1968/828/602 2010/829/602 1948/830/602
f 1951/831/603 1947/832/603 1985/833/603
f 1949/834/604 2193/835/604 1984/836/604
f 2073/837/605 2286/838/606 2140/839/607
f 2205/840/608 2382/841/608 2073/837/608
f 2073/837/609 2382/841/609 2286/838/609
f 2140/839/607 2286/838/606 2381/842/610
f 2382/841/611 2504/843/611 2286/838/611
f 2448/844/612 2828/845/612 2499/846/612
f 2546/847/613 2828/845/613 2448/844/613
f 2447/848/614 2330/849/615 2545/850/616
f 2506/851/617 2330/849/617 2447/848/617
f 2361/852/618 2120/853/618 2332/854/618
f 2236/855/619 2156/856/619 2203/857/619
f 2187/858/620 2325/859/620 2157/860/620
f 2505/861/621 2957/862/621 2446/863/621
f 3209/864/622 3606/865/622 3230/866/622
f 3379/867/623 3537/868/623 3496/869/623
f 3527/870/624 3701/871/624 3499/872/624
f 1420/873/625 1226/874/625 1558/875/625
f 1558/875/626 1226/874/626 1451/876/626
f 1420/873/627 1165/877/627 1226/874/627
f 1415/878/628 1232/879/628 1165/877/628
f 1415/878/629 1452/880/629 1232/879/629
f 1451/876/630 1226/874/630 1342/881/630
f 1165/877/631 1075/882/631 1226/874/631
f 1165/877/632 1232/879/632 1075/882/632
f 1452/880/633 1344/883/633 1232/879/633
f 1343/884/634 1227/885/634 1524/886/634
f 1076/887/635 1285/888/635 1227/885/635
f 1345/889/636 1525/890/636 1076/887/636
f 1227/885/637 1545/891/637 1524/886/637
f 1524/886/638 1545/891/638 1664/892/638
f 1227/885/639 1285/888/639 1545/891/639
f 1076/887/640 1550/893/641 1285/888/642
f 1525/890/643 1665/894/643 1076/887/643
f 1076/887/644 1665/894/644 1550/893/644
f 3004/895/645 3040/896/645 3012/897/645
f 3009/898/646 3040/896/646 3004/895/646
f 3015/899/647 3040/896/647 3009/898/647
f 3166/900/648 3306/901/648 3321/902/648
f 3332/903/649 3281/904/649 3313/905/649
f 3308/906/650 3281/904/650 3332/903/650
f 3307/907/651 3441/908/652 3331/909/653
f 3008/910/654 3171/911/655 3003/912/656
f 1425/913/657 1742/914/658 1697/915/659
f 1425/913/660 1601/916/661 1742/914/662
f 1551/917/663 1601/916/661 1425/913/660
f 1551/917/664 1844/918/665 1601/916/666
f 1602/919/667 1852/920/668 1845/921/669
f 1602/919/670 1743/922/671 1852/920/672
f 1738/923/673 1743/922/671 1602/919/670
f 1738/923/674 1994/924/675 1743/922/676
f 1853/925/677 2209/926/677 1995/927/677
f 1745/928/678 2209/926/678 1853/925/678
f 1851/929/679 2209/926/679 1745/928/679
f 1996/930/680 2209/926/680 1851/929/680
f 2211/931/681 2547/932/681 2229/933/681
f 2240/934/682 2547/932/682 2211/931/682
f 2552/935/683 2906/936/683 2921/937/683
f 2587/938/684 2906/936/684 2552/935/684
f 2587/938/685 2922/939/685 2906/936/685
f 2548/940/686 3377/941/686 2603/942/686
f 2603/942/687 3377/941/687 3039/943/687
f 3364/944/688 3677/945/688 3378/946/688
f 3346/947/689 3677/945/689 3364/944/689
f 3346/947/690 3679/948/690 3677/945/690
f 3398/949/691 3713/950/691 3370/951/691
f 3398/949/692 3714/952/692 3713/950/692
f 3369/953/693 3544/954/693 3528/955/693
f 1744/956/694 1740/957/695 1993/958/696
f 1993/958/696 1740/957/695 1956/959/697
f 1850/960/698 1835/961/699 1744/956/700
f 1850/960/701 1958/962/702 1835/961/703
f 1744/956/700 1835/961/699 1740/957/704
f 1959/963/705 1741/964/705 1847/965/705
f 1837/966/706 1780/967/706 1741/964/706
f 1741/964/707 1755/968/707 1847/965/707
f 1780/967/708 1755/968/708 1741/964/708
f 1700/969/709 1556/970/709 1658/971/709
f 1735/972/710 1803/973/711 1957/974/712
f 1957/974/712 1803/973/711 1901/975/713
f 1836/976/714 1719/977/715 1735/972/716
f 1836/976/717 1903/978/717 1719/977/717
f 1735/972/716 1719/977/715 1803/973/718
f 1721/979/719 1750/980/719 1905/981/719
f 1813/982/720 1750/980/720 1721/979/720
f 1752/983/721 1915/984/721 1774/985/721
f 1916/986/722 1808/987/722 1839/988/722
f 1943/989/723 1808/987/723 1916/986/723
f 1515/990/724 1113/991/724 1126/992/724
f 1484/993/725 1113/991/725 1515/990/725
f 1902/994/726 1804/995/726 2045/996/726
f 1720/997/727 1868/998/727 1804/995/727
f 1904/999/728 2046/1000/728 1720/997/728
f 1804/995/729 1868/998/729 2045/996/729
f 1720/997/730 2057/1001/731 1868/998/732
f 2046/1000/733 2057/1001/733 1720/997/733
f 1975/1002/734 2276/1003/734 2063/1004/734
f 2136/1005/735 2276/1003/735 1975/1002/735
f 2292/1006/736 2411/1007/736 2277/1008/736
f 2292/1006/737 2456/1009/737 2411/1007/737
f 1974/1010/738 2036/1011/738 2135/1012/738
f 2135/1012/739 2036/1011/739 2129/1013/739
f 2059/1014/740 2036/1011/740 1974/1010/740
f 2059/1014/741 2130/1015/741 2036/1011/741
f 2039/1016/742 2128/1017/742 2097/1018/742
f 2147/1019/743 2128/1017/743 2039/1016/743
f 2096/1020/744 2230/1021/744 2295/1022/744
f 2037/1023/745 2230/1021/745 2096/1020/745
f 2146/1024/746 2296/1025/746 2037/1023/746
f 2037/1023/747 2296/1025/747 2230/1021/747
f 2038/1026/748 2025/1027/748 2100/1028/748
f 2038/1026/749 2101/1029/749 2025/1027/749
f 1973/1030/750 2190/1031/751 2134/1032/752
f 2134/1032/752 2190/1031/751 2341/1033/753
f 2058/1034/754 2190/1031/754 1973/1030/754
f 2058/1034/755 2342/1035/755 2190/1031/755
f 2220/1036/756 2522/1037/756 2346/1038/756
f 2274/1039/757 2522/1037/757 2220/1036/757
f 2283/1040/758 2497/1041/759 2577/1042/760
f 2218/1043/761 2497/1041/759 2283/1040/758
f 2345/1044/762 2578/1045/762 2218/1043/762
f 2218/1043/763 2578/1045/763 2497/1041/763
f 2219/1046/764 2261/1047/764 2335/1048/764
f 2219/1046/765 2336/1049/765 2261/1047/765
f 1403/1050/766 1279/1051/766 1629/1052/766
f 1629/1052/767 1279/1051/767 1557/1053/767
f 1403/1050/768 1200/1054/769 1279/1051/770
f 1630/1055/771 1627/1056/771 1402/1057/771
f 1402/1057/772 1414/1058/772 1200/1054/772
f 1200/1054/773 1414/1058/773 1279/1051/773
f 1627/1056/774 1559/1059/775 1402/1057/776
f 1402/1057/776 1559/1059/775 1414/1058/777
f 27/1060/778 5/1061/779 6/1062/780
f 27/1060/778 7/1063/781 5/1061/779
f 1287/1064/782 944/1065/783 1254/1066/784
f 798/1067/785 471/1068/785 461/1069/785
f 803/1070/786 471/1068/786 798/1067/786
f 793/1071/787 515/1072/788 519/1073/789
f 793/1071/787 520/1074/790 515/1072/788
f 2298/1075/791 2290/1076/792 2401/1077/793
f 2298/1075/791 2402/1078/794 2290/1076/792
f 590/1079/795 412/1080/796 432/1081/797
f 590/1079/795 433/1082/798 412/1080/796
f 2688/1083/799 3058/1084/800 3079/1085/801
f 2688/1083/799 3080/1086/802 3058/1084/800
f 2173/1087/803 2569/1088/803 2208/1089/803
f 2748/1090/804 2818/1091/804 2838/1092/804
f 3335/1093/805 3596/1094/805 3376/1095/805
f 3376/1095/806 3596/1094/806 3627/1096/806
f 3651/1097/807 3508/1098/808 3515/1099/809
f 3651/1097/807 3516/1100/810 3508/1098/808
f 3959/1101/811 4031/1102/812 4035/1103/813
f 3959/1101/811 4036/1104/814 4031/1102/812
f 3969/1105/815 4044/1106/816 4048/1107/817
f 3969/1105/815 4049/1108/818 4044/1106/816
f 3944/1109/819 3999/1110/820 4010/1111/821
f 3944/1109/819 4011/1112/822 3999/1110/820
f 3427/1113/823 3435/1114/823 3478/1115/823
f 3486/1116/824 3435/1114/824 3427/1113/824
f 3599/1117/825 3741/1118/826 3758/1119/827
f 3599/1117/825 3759/1120/828 3741/1118/826
f 3512/1121/829 3393/1122/830 3388/1123/831
f 3512/1121/829 3389/1124/832 3393/1122/830
f 3707/1125/833 3894/1126/834 3899/1127/835
f 3707/1125/833 3900/1128/836 3894/1126/834
f 4000/1129/837 4027/1130/838 4032/1131/839
f 4000/1129/837 4033/1132/840 4027/1130/838
f 75/1133/841 87/1134/841 86/1135/841
f 35/1136/842 26/1137/842 25/1138/842
f 2822/1139/843 2709/1140/843 2701/1141/843
f 2712/1142/844 2371/1143/844 2421/1144/844
f 1035/1145/845 908/1146/845 903/1147/845
f 1695/1148/846 1331/1149/846 1323/1150/846
f 2916/1151/847 2886/1152/847 2898/1153/847
f 3908/1154/848 3992/1155/849 3990/1156/850
f 2933/1157/851 3227/1158/851 3202/1159/851
f 3453/1160/852 3442/1161/853 3562/1162/854
f 3442/1161/855 3712/1163/856 3562/1162/857
f 3562/1162/858 3712/1163/858 3720/1164/858
f 3563/1165/859 3721/1166/859 3442/1161/859
f 3442/1161/855 3721/1166/860 3712/1163/856
f 2434/1167/861 2163/1168/861 2155/1169/861
f 3434/1170/862 3539/1171/862 3538/1172/862
f 1531/1173/863 1301/1174/863 1291/1175/863
f 1786/1176/864 1927/1177/864 1886/1178/864
f 2061/1179/865 2294/1180/865 2273/1181/865
f 1462/1182/866 1464/1183/867 1418/1184/866
f 1433/1185/868 1590/4/868 1429/2/868
f 1434/1186/869 1429/2/8 1202/6/6
f 1435/1187/870 1202/6/11 1437/7/10
f 1436/1188/871 1437/7/871 1591/9/871
f 490/1189/872 488/23/872 521/22/872
f 491/1190/873 521/22/31 575/24/30
f 492/1191/874 575/24/35 531/25/33
f 493/1192/875 531/25/875 489/26/875
f 895/1193/876 848/40/876 855/39/876
f 896/1194/877 855/39/54 980/41/53
f 897/1195/878 980/41/58 968/42/57
f 898/1196/879 968/42/879 849/43/879
f 2693/1197/880 2368/72/880 2557/71/880
f 2694/1198/881 2557/71/90 2615/73/89
f 2695/1199/882 2615/73/94 2443/74/93
f 2696/1200/883 2443/74/883 2369/75/883
f 2573/1201/884 2263/89/884 2233/88/884
f 2574/1202/885 2233/88/112 2473/90/111
f 2575/1203/886 2473/90/116 2514/91/115
f 2576/1204/887 2514/91/887 2264/92/887
f 1385/1205/888 1182/105/888 1408/104/888
f 1386/1206/889 1408/104/136 1564/106/135
f 1387/1207/890 1564/106/140 1382/107/138
f 1388/1208/891 1382/107/891 1183/108/891
f 814/1209/892 789/123/892 882/122/892
f 815/1210/893 882/122/162 885/124/161
f 816/1211/894 885/124/166 792/125/165
f 817/1212/895 792/125/895 790/126/895
f 348/1213/896 44/1214/896 132/1215/896
f 348/1213/896 173/1216/896 44/1214/896
f 173/1216/897 8/1217/897 44/1214/897
f 173/1216/897 72/1218/897 8/1217/897
f 51/1216/898 159/1218/898 45/1217/898
f 9/1213/899 36/1214/899 78/1215/899
f 78/1215/900 171/1219/900 263/1220/900
f 78/1215/900 36/1214/900 171/1219/900
f 36/1214/901 110/1221/901 171/1219/901
f 350/1216/902 129/1217/902 103/1214/902
f 350/1216/902 398/1218/902 129/1217/902
f 52/1213/903 179/1214/903 245/1215/903
f 52/1213/903 31/1216/903 179/1214/903
f 31/1216/904 143/1217/904 179/1214/904
f 245/1215/905 487/1219/905 598/1220/905
f 245/1215/905 179/1214/905 487/1219/905
f 179/1214/906 424/1221/906 487/1219/906
f 179/1214/906 143/1217/906 424/1221/906
f 1125/1213/907 431/1214/907 783/1215/907
f 1125/1213/907 770/1216/907 431/1214/907
f 770/1216/908 210/1217/908 431/1214/908
f 770/1216/908 423/1218/908 210/1217/908
f 17/1213/909 258/1214/909 111/1215/909
f 17/1213/909 79/1216/909 258/1214/909
f 79/1216/910 421/1217/910 258/1214/910
f 111/1215/911 514/1219/911 309/1220/911
f 111/1215/911 258/1214/911 514/1219/911
f 258/1214/912 821/1221/912 514/1219/912
f 258/1214/912 421/1217/913 821/1221/912
f 13/1213/914 189/1214/914 48/1215/914
f 13/1213/914 94/1216/914 189/1214/914
f 94/1216/915 449/1217/915 189/1214/915
f 94/1216/915 283/1218/915 449/1217/915
f 48/1215/916 360/1219/916 127/1220/916
f 48/1215/916 189/1214/916 360/1219/916
f 189/1214/917 745/1221/917 360/1219/917
f 189/1214/917 449/1217/917 745/1221/917
f 1173/1213/918 438/1214/918 832/1215/918
f 1173/1213/918 768/1216/918 438/1214/918
f 768/1216/919 199/1217/919 438/1214/919
f 768/1216/919 402/1218/919 199/1217/919
f 832/1215/920 255/1219/920 482/1220/920
f 832/1215/920 438/1214/920 255/1219/920
f 438/1214/921 88/1221/921 255/1219/922
f 438/1214/921 199/1217/921 88/1221/921
f 404/1216/923 443/1217/923 209/1214/923
f 404/1216/923 776/1218/923 443/1217/923
f 209/1214/924 265/1221/924 89/1219/924
f 209/1214/924 443/1217/924 265/1221/924
f 837/1213/925 446/1214/925 948/1215/926
f 837/1213/925 376/1216/925 446/1214/925
f 376/1216/927 168/1217/927 446/1214/927
f 376/1216/927 116/1218/927 168/1217/927
f 948/1215/928 568/1219/928 1054/1220/928
f 948/1215/928 446/1214/928 568/1219/928
f 446/1214/929 225/1221/929 568/1219/929
f 446/1214/929 168/1217/929 225/1221/929
f 729/1216/930 932/1217/930 466/1214/930
f 729/1216/930 1190/1218/930 932/1217/930
f 466/1214/931 711/1221/931 321/1219/932
f 466/1214/931 932/1217/931 711/1221/931
f 1349/1213/933 891/1214/933 1523/1215/933
f 1349/1213/933 787/1216/933 891/1214/933
f 787/1216/934 413/1217/934 891/1214/934
f 787/1216/934 349/1218/934 413/1217/934
f 1523/1215/935 997/1219/935 1724/1220/935
f 1523/1215/935 891/1214/935 997/1219/935
f 891/1214/936 497/1221/936 997/1219/936
f 891/1214/936 413/1217/937 497/1221/936
f 2468/1213/938 1332/1214/938 2044/1215/938
f 2468/1213/938 1763/1216/938 1332/1214/938
f 1763/1216/939 842/1217/939 1332/1214/939
f 1763/1216/939 1093/1218/939 842/1217/939
f 2044/1215/940 1332/1214/940 999/1219/940
f 1332/1214/941 572/1221/941 999/1219/941
f 1332/1214/941 842/1217/941 572/1221/941
f 374/1213/942 964/1214/942 811/1215/942
f 374/1213/942 484/1216/942 964/1214/942
f 484/1216/943 1148/1217/943 964/1214/943
f 484/1216/943 666/1218/943 1148/1217/943
f 811/1215/944 1615/1219/944 1352/1220/944
f 811/1215/944 964/1214/944 1615/1219/944
f 964/1214/945 1885/1221/945 1615/1219/945
f 964/1214/945 1148/1217/945 1885/1221/945
f 3339/1213/946 2444/1214/946 2846/1215/946
f 3339/1213/946 3095/1216/946 2444/1214/946
f 3095/1216/947 2047/1217/947 2444/1214/947
f 3095/1216/947 2790/1218/947 2047/1217/947
f 2846/1215/948 2444/1214/948 1722/1219/948
f 2444/1214/949 1325/1221/949 1722/1219/949
f 2444/1214/949 2047/1217/949 1325/1221/949
f 1300/1213/950 2303/1214/950 2056/1215/950
f 1300/1213/950 1536/1216/950 2303/1214/950
f 1536/1216/951 2598/1217/951 2303/1214/951
f 1536/1216/951 1800/1218/951 2598/1217/951
f 2056/1215/952 3046/1219/952 2849/1220/952
f 2056/1215/952 2303/1214/952 3046/1219/952
f 2303/1214/953 3220/1221/953 3046/1219/953
f 2303/1214/953 2598/1217/953 3220/1221/953
f 3761/1213/954 3136/1214/954 3668/1215/954
f 3761/1213/954 3269/1216/955 3136/1214/954
f 3269/1216/956 2435/1217/956 3136/1214/956
f 3269/1216/956 2666/1218/956 2435/1217/956
f 3668/1215/957 3136/1214/957 2986/1219/957
f 3136/1214/958 2200/1221/958 2986/1219/958
f 3136/1214/958 2435/1217/958 2200/1221/958
f 1397/1213/959 2478/1214/959 1789/1215/959
f 1397/1213/959 2069/1216/959 2478/1214/959
f 2069/1216/960 3090/1217/960 2478/1214/960
f 2069/1216/960 2772/1218/960 3090/1217/960
f 1789/1215/961 2881/1219/961 2185/1220/961
f 1789/1215/961 2478/1214/961 2881/1219/961
f 2478/1214/962 3341/1221/962 2881/1219/962
f 2478/1214/962 3090/1217/962 3341/1221/962
f 24/1213/963 280/1214/963 83/1215/963
f 24/1213/963 158/1216/963 280/1214/963
f 158/1216/964 631/1217/964 280/1214/964
f 158/1216/964 418/1218/964 631/1217/964
f 83/1215/965 416/1219/965 156/1220/965
f 83/1215/965 280/1214/965 416/1219/965
f 280/1214/966 856/1221/966 416/1219/966
f 280/1214/966 631/1217/967 856/1221/966
f 1181/1213/968 624/1214/968 1140/1215/968
f 1181/1213/968 647/1216/968 624/1214/968
f 647/1216/969 257/1217/969 624/1214/969
f 647/1216/969 269/1218/969 257/1217/969
f 1140/1215/970 604/1219/970 1102/1220/970
f 1140/1215/970 624/1214/970 604/1219/970
f 624/1214/971 230/1221/971 604/1219/971
f 624/1214/971 257/1217/971 230/1221/971
f 680/1213/972 859/1216/972 415/1214/972
f 859/1216/973 584/1217/973 415/1214/973
f 859/1216/973 1026/1218/973 584/1217/973
f 415/1214/974 261/1221/974 154/1219/974
f 415/1214/974 584/1217/974 261/1221/974
f 494/1213/975 633/1214/975 918/1215/975
f 494/1213/975 298/1216/975 633/1214/975
f 298/1216/976 379/1217/976 633/1214/976
f 298/1216/976 148/1218/976 379/1217/976
f 918/1215/977 1029/1219/977 1453/1220/977
f 918/1215/977 633/1214/977 1029/1219/977
f 633/1214/978 764/1221/978 1029/1219/978
f 633/1214/978 379/1217/978 764/1221/978
f 1174/1216/979 1123/1217/979 785/1214/979
f 1174/1216/979 1703/1218/979 1123/1217/979
f 785/1214/980 759/1221/980 422/1219/980
f 785/1214/980 1123/1217/980 759/1221/980
f 742/1213/981 1019/1214/981 1198/1215/981
f 742/1213/981 599/1216/981 1019/1214/981
f 599/1216/982 899/1217/982 1019/1214/982
f 599/1216/982 447/1218/982 899/1217/982
f 1198/1215/983 1651/1219/983 1884/1220/983
f 1198/1215/983 1019/1214/983 1651/1219/983
f 1019/1214/984 1457/1221/984 1651/1219/984
f 1019/1214/984 899/1217/984 1457/1221/984
f 2662/1213/985 1487/1214/985 2050/1215/985
f 2662/1213/985 2066/1216/985 1487/1214/985
f 2066/1216/986 998/1217/986 1487/1214/986
f 2066/1216/986 1503/1218/986 998/1217/986
f 2050/1215/987 1487/1214/987 981/1219/987
f 1487/1214/988 640/1221/988 981/1219/988
f 1487/1214/988 998/1217/988 640/1221/988
f 457/1213/989 1122/1214/989 938/1215/989
f 457/1213/989 656/1216/989 1122/1214/989
f 656/1216/990 1375/1217/990 1122/1214/990
f 656/1216/990 836/1218/990 1375/1217/990
f 938/1215/991 1846/1219/991 1553/1220/991
f 938/1215/991 1122/1214/991 1846/1219/991
f 1122/1214/992 2132/1221/992 1846/1219/992
f 1122/1214/992 1375/1217/992 2132/1221/992
f 3127/1216/993 2391/1217/993 2376/1214/993
f 3127/1216/993 3130/1218/993 2391/1217/993
f 2376/1214/994 1573/1221/994 1569/1219/994
f 2376/1214/994 2391/1217/994 1573/1221/994
f 1655/1213/995 2364/1214/995 2352/1215/995
f 1655/1213/995 1694/1216/995 2364/1214/995
f 1694/1216/996 2387/1217/996 2364/1214/996
f 1694/1216/996 1706/1218/996 2387/1217/996
f 2352/1215/997 3038/1219/997 3024/1220/997
f 2352/1215/997 2364/1214/997 3038/1219/997
f 2364/1214/998 3048/1221/998 3038/1219/998
f 2364/1214/998 2387/1217/998 3048/1221/998
f 3809/1213/999 3142/1214/999 3571/1215/1000
f 3809/1213/999 3465/1216/999 3142/1214/999
f 3465/1216/1001 2618/1217/1001 3142/1214/1001
f 3465/1216/1001 3034/1218/1001 2618/1217/1001
f 3571/1215/1002 3142/1214/1002 2769/1219/1002
f 3142/1214/1003 2109/1221/1003 2769/1219/1003
f 3142/1214/1003 2618/1217/1003 2109/1221/1003
f 1443/1213/1004 2493/1214/1004 1711/1215/1004
f 1443/1213/1004 2194/1216/1004 2493/1214/1004
f 2194/1216/1005 3163/1217/1005 2493/1214/1005
f 2194/1216/1005 2969/1218/1005 3163/1217/1005
f 1711/1215/1006 2780/1219/1006 1997/1220/1006
f 1711/1215/1006 2493/1214/1006 2780/1219/1006
f 2493/1214/1007 3325/1221/1007 2780/1219/1007
f 2493/1214/1007 3163/1217/1007 3325/1221/1007
f 809/1213/1008 1314/1214/1008 756/1215/1009
f 809/1213/1008 1404/1216/1008 1314/1214/1008
f 1404/1216/1010 2122/1217/1010 1314/1214/1010
f 1404/1216/1010 2216/1218/1010 2122/1217/1010
f 756/1215/1011 1246/1219/1011 691/1220/1011
f 756/1215/1011 1314/1214/1011 1246/1219/1011
f 1314/1214/1012 2041/1221/1012 1246/1219/1013
f 1314/1214/1012 2122/1217/1012 2041/1221/1012
f 3118/1213/1014 2108/1214/1014 2889/1215/1014
f 3118/1213/1014 2426/1216/1014 2108/1214/1014
f 2426/1216/1015 1340/1217/1015 2108/1214/1015
f 2426/1216/1015 1642/1218/1015 1340/1217/1015
f 2889/1215/1016 1792/1219/1016 2588/1220/1016
f 2889/1215/1016 2108/1214/1016 1792/1219/1016
f 2108/1214/1017 1070/1221/1017 1792/1219/1017
f 2108/1214/1017 1340/1217/1017 1070/1221/1017
f 3093/1213/1018 2293/1214/1018 2323/1215/1018
f 3093/1213/1018 3071/1216/1018 2293/1214/1018
f 3071/1216/1019 2266/1217/1019 2293/1214/1019
f 3071/1216/1019 3049/1218/1019 2266/1217/1019
f 2323/1215/1020 1495/1219/1020 1519/1220/1020
f 2323/1215/1021 2293/1214/1021 1495/1219/1021
f 2293/1214/1022 1470/1221/1022 1495/1219/1022
f 2293/1214/1022 2266/1217/1022 1470/1221/1022
f 1668/1213/1023 2253/1214/1023 2464/1215/1023
f 1668/1213/1023 1489/1216/1023 2253/1214/1023
f 1489/1216/1024 2064/1217/1024 2253/1214/1024
f 1489/1216/1024 1297/1218/1024 2064/1217/1024
f 2464/1215/1025 3014/1219/1025 3149/1220/1025
f 2464/1215/1025 2253/1214/1025 3014/1219/1025
f 2253/1214/1026 2858/1221/1026 3014/1219/1026
f 2253/1214/1026 2064/1217/1026 2858/1221/1026
f 3742/1216/1027 3294/1217/1027 3240/1214/1027
f 3742/1216/1028 3776/1218/1028 3294/1217/1028
f 3193/1215/1029 2616/1219/1029 2520/1220/1029
f 3193/1215/1029 3240/1214/1029 2616/1219/1029
f 3240/1214/1030 2689/1221/1030 2616/1219/1030
f 3240/1214/1030 3294/1217/1030 2689/1221/1030
f 2791/1213/1031 3384/1214/1031 3365/1215/1031
f 2791/1213/1031 2808/1216/1031 3384/1214/1031
f 2808/1216/1032 3396/1217/1032 3384/1214/1032
f 2808/1216/1032 2831/1218/1032 3396/1217/1032
f 3365/1215/1033 3836/1219/1033 3830/1220/1033
f 3365/1215/1033 3384/1214/1033 3836/1219/1033
f 3384/1214/1034 3841/1221/1034 3836/1219/1034
f 3384/1214/1034 3396/1217/1034 3841/1221/1034
f 3819/1214/1035 3168/1221/1035 3420/1219/1035
f 3819/1214/1035 3646/1217/1035 3168/1221/1035
f 2811/1213/1036 3489/1214/1036 2930/1215/1036
f 2811/1213/1036 3390/1216/1036 3489/1214/1036
f 3390/1216/1037 3881/1217/1037 3489/1214/1037
f 3390/1216/1037 3839/1218/1037 3881/1217/1037
f 2930/1215/1038 3575/1219/1038 3027/1220/1038
f 2930/1215/1039 3489/1214/1039 3575/1219/1039
f 3489/1214/1040 3932/1221/1040 3575/1219/1040
f 3489/1214/1040 3881/1217/1040 3932/1221/1040
f 3983/1214/1041 3529/1221/1041 3716/1219/1041
f 3983/1214/1041 3867/1217/1041 3529/1221/1041
f 3186/1213/1042 3765/1214/1042 3261/1215/1042
f 3186/1213/1042 3690/1216/1042 3765/1214/1042
f 3690/1216/1043 4025/1217/1043 3765/1214/1043
f 3261/1215/1044 3831/1219/1044 3360/1220/1044
f 3261/1215/1044 3765/1214/1044 3831/1219/1044
f 3765/1214/1045 4043/1221/1045 3831/1219/1045
f 3765/1214/1045 4025/1217/1045 4043/1221/1045
f 4013/1213/1046 3828/1216/1046 4001/1214/1046
f 3828/1216/1047 3803/1217/1047 4001/1214/1047
f 3828/1216/1047 3504/1218/1047 3803/1217/1047
f 4001/1214/1048 3803/1217/1048 3985/1221/1048
f 3642/1213/1049 3778/1214/1049 3350/1215/1049
f 3642/1213/1049 3929/1216/1049 3778/1214/1049
f 3929/1216/1050 4015/1217/1050 3778/1214/1050
f 3350/1215/1051 3579/1219/1051 3100/1220/1051
f 3350/1215/1051 3778/1214/1051 3579/1219/1051
f 3778/1214/1052 3898/1221/1052 3579/1219/1052
f 3778/1214/1052 4015/1217/1052 3898/1221/1052
f 3352/1213/1053 3459/1214/1053 3021/1215/1053
f 3352/1213/1053 3747/1216/1053 3459/1214/1053
f 3747/1216/1054 3811/1217/1054 3459/1214/1054
f 3747/1216/1055 3982/1218/1055 3811/1217/1055
f 3021/1215/1056 3122/1219/1056 2565/1220/1056
f 3021/1215/1057 3459/1214/1057 3122/1219/1057
f 3459/1214/1058 3553/1221/1058 3122/1219/1058
f 3459/1214/1058 3811/1217/1058 3553/1221/1058
f 3542/1213/1059 3684/1214/1059 3853/1215/1059
f 3542/1213/1059 3288/1216/1059 3684/1214/1059
f 3288/1216/1060 3493/1217/1060 3684/1214/1060
f 3288/1216/1060 3070/1218/1060 3493/1217/1060
f 3853/1215/1061 3946/1219/1061 4030/1220/1061
f 3853/1215/1061 3684/1214/1061 3946/1219/1061
f 3684/1214/1062 3824/1221/1062 3946/1219/1062
f 3684/1214/1062 3493/1217/1062 3824/1221/1062
f 3975/1214/1063 3445/1221/1063 3740/1219/1063
f 3975/1214/1063 3802/1217/1063 3445/1221/1063
f 3101/1213/1064 3767/1214/1064 3577/1215/1064
f 3101/1213/1064 3337/1216/1064 3767/1214/1064
f 3337/1216/1065 3916/1217/1065 3767/1214/1065
f 3337/1216/1066 3616/1218/1066 3916/1217/1066
f 3577/1215/1067 4012/1219/1067 3896/1220/1067
f 3577/1215/1067 3767/1214/1067 4012/1219/1067
f 4050/1214/1068 3696/1221/1068 3974/1219/1068
f 4050/1214/1068 3876/1217/1068 3696/1221/1068
f 3462/1213/1069 3948/1214/1069 3859/1215/1069
f 3462/1213/1069 3643/1216/1069 3948/1214/1069
f 3643/1216/1070 4014/1217/1070 3948/1214/1070
f 3643/1216/1070 3750/1218/1070 4014/1217/1070
f 4038/1213/1071 3927/1216/1071 4055/1214/1071
f 3927/1216/1072 3971/1217/1072 4055/1214/1072
f 3927/1216/1072 3723/1218/1072 3971/1217/1072
f 3885/1213/1073 3943/1214/1073 3681/1215/1073
f 3885/1213/1073 4042/1216/1073 3943/1214/1073
f 4042/1216/1074 4059/1217/1074 3943/1214/1074
f 3681/1215/1075 3763/1219/1075 3404/1220/1075
f 3681/1215/1075 3943/1214/1075 3763/1219/1075
f 3943/1214/1076 3987/1221/1076 3763/1219/1076
f 3943/1214/1076 4059/1217/1076 3987/1221/1076
f 4056/1214/1077 3724/1221/1077 3938/1219/1077
f 4056/1214/1077 3962/1217/1077 3724/1221/1077
f 3309/1213/1078 3917/1214/1078 3636/1215/1078
f 3309/1213/1078 3745/1216/1078 3917/1214/1078
f 3745/1216/1079 4058/1217/1079 3917/1214/1079
f 3745/1216/1079 3994/1218/1079 4058/1217/1079
f 3636/1215/1080 4029/1219/1080 3829/1220/1080
f 3636/1215/1080 3917/1214/1080 4029/1219/1080
f 3909/1216/1081 3827/1217/1081 4026/1214/1081
f 3909/1216/1081 3625/1218/1081 3827/1217/1081
f 4026/1214/1082 3827/1217/1082 3973/1221/1082
f 4017/1213/1083 3915/1214/1083 3795/1215/1083
f 4017/1213/1083 4062/1216/1083 3915/1214/1083
f 4062/1216/1084 4007/1217/1084 3915/1214/1084
f 3795/1215/1085 3613/1219/1085 3381/1220/1085
f 3795/1215/1085 3915/1214/1085 3613/1219/1085
f 3915/1214/1086 3764/1221/1086 3613/1219/1086
f 3915/1214/1086 4007/1217/1086 3764/1221/1086
f 4019/1215/1087 3810/1214/1087 3961/1219/1087
f 3810/1214/1088 3678/1221/1088 3961/1219/1088
f 3810/1214/1088 3422/1217/1088 3678/1221/1088
f 3432/1213/1089 3510/1214/1089 3085/1215/1089
f 3432/1213/1089 3791/1216/1090 3510/1214/1089
f 3791/1216/1091 3838/1217/1091 3510/1214/1091
f 3791/1216/1091 4002/1218/1091 3838/1217/1091
f 3085/1215/1092 3164/1219/1092 2643/1220/1092
f 3085/1215/1092 3510/1214/1092 3164/1219/1092
f 3510/1214/1093 3589/1221/1093 3164/1219/1093
f 3510/1214/1093 3838/1217/1093 3589/1221/1093
f 2062/1213/1094 2664/1216/1094 3111/1214/1094
f 2664/1216/1095 3500/1217/1095 3111/1214/1095
f 2664/1216/1095 3139/1218/1095 3500/1217/1095
f 3111/1214/1096 3790/1221/1096 3470/1219/1096
f 3111/1214/1096 3500/1217/1096 3790/1221/1096
f 3957/1213/1097 3437/1214/1097 3692/1215/1097
f 3957/1213/1097 3807/1216/1097 3437/1214/1097
f 3807/1216/1098 3140/1217/1098 3437/1214/1098
f 3807/1216/1098 3592/1218/1098 3140/1217/1098
f 3692/1215/1099 2981/1219/1099 3268/1220/1099
f 3692/1215/1099 3437/1214/1099 2981/1219/1099
f 3437/1214/1100 2584/1221/1100 2981/1219/1100
f 3437/1214/1100 3140/1217/1100 2584/1221/1100
f 3880/1213/1101 3430/1214/1101 3517/1215/1101
f 3880/1213/1101 3843/1216/1101 3430/1214/1101
f 3843/1216/1102 3328/1217/1102 3430/1214/1102
f 3843/1216/1102 3794/1218/1102 3328/1217/1102
f 3517/1215/1103 2902/1219/1103 2991/1220/1103
f 3517/1215/1104 3430/1214/1104 2902/1219/1104
f 3430/1214/1105 2789/1221/1105 2902/1219/1105
f 3430/1214/1105 3328/1217/1105 2789/1221/1105
f 3213/1213/1106 3561/1214/1106 3693/1215/1107
f 3213/1213/1106 3047/1216/1106 3561/1214/1106
f 3047/1216/1108 3386/1217/1108 3561/1214/1108
f 3047/1216/1108 2852/1218/1108 3386/1217/1108
f 3693/1215/1109 3906/1219/1109 3988/1220/1109
f 3693/1215/1109 3561/1214/1109 3906/1219/1109
f 3561/1214/1110 3818/1221/1110 3906/1219/1110
f 3561/1214/1110 3386/1217/1110 3818/1221/1110
f 4023/1216/1111 3649/1217/1111 3953/1214/1111
f 4023/1216/1111 3777/1218/1111 3649/1217/1111
f 3953/1214/1112 3439/1221/1112 3848/1219/1112
f 3953/1214/1112 3649/1217/1112 3439/1221/1112
f 3065/1213/1113 3652/1214/1113 3092/1215/1113
f 3065/1213/1113 3633/1216/1114 3652/1214/1113
f 3633/1216/1115 3964/1217/1115 3652/1214/1115
f 3633/1216/1116 3956/1218/1116 3964/1217/1116
f 3092/1215/1117 3665/1219/1117 3115/1220/1117
f 3092/1215/1117 3652/1214/1117 3665/1219/1117
f 3652/1214/1118 3978/1221/1118 3665/1219/1118
f 3652/1214/1118 3964/1217/1119 3978/1221/1118
f 4040/1214/1120 3691/1221/1120 3851/1219/1120
f 4040/1214/1120 3979/1217/1120 3691/1221/1120
f 3480/1213/1121 3977/1214/1121 3749/1215/1121
f 3480/1213/1121 3806/1216/1121 3977/1214/1121
f 3806/1216/1122 4063/1217/1122 3977/1214/1122
f 3806/1216/1122 4004/1218/1122 4063/1217/1122
f 3621/1213/1123 4006/1214/1123 3717/1215/1123
f 3621/1213/1123 3942/1216/1123 4006/1214/1123
f 3717/1215/1124 4041/1219/1124 3834/1220/1124
f 3717/1215/1125 4006/1214/1125 4041/1219/1125
f 4034/1214/1126 3875/1217/1126 4028/1221/1126
f 3546/1213/1127 3842/1214/1127 3402/1215/1127
f 3546/1213/1127 3910/1216/1127 3842/1214/1127
f 3910/1216/1128 4047/1217/1128 3842/1214/1128
f 4008/1215/1129 3549/1219/1129 3846/1220/1129
f 4008/1215/1129 3820/1214/1129 3549/1219/1129
f 3820/1214/1130 3145/1221/1130 3549/1219/1130
f 3397/1213/1131 3937/1214/1131 3639/1215/1131
f 3397/1213/1131 3817/1216/1131 3937/1214/1131
f 4003/1213/1132 3941/1214/1132 3769/1215/1132
f 3769/1215/1133 3671/1219/1133 3380/1220/1133
f 3769/1215/1133 3941/1214/1133 3671/1219/1133
f 92/1214/1134 252/1221/1134 308/1219/1134
f 92/1214/1134 60/1217/1134 252/1221/1134
f 370/1213/1135 85/1214/1135 114/1215/1135
f 370/1213/1135 291/1216/1135 85/1214/1135
f 192/1213/1136 65/1214/1136 271/1215/1136
f 271/1215/1137 91/1219/1137 320/1220/1137
f 271/1215/1137 65/1214/1137 91/1219/1137
f 65/1214/1138 4/1221/1138 91/1219/1138
f 178/1213/1139 37/1214/1139 207/1215/1139
f 178/1213/1139 23/1216/1139 37/1214/1139
f 207/1215/1140 56/1219/1140 260/1220/1140
f 207/1215/1140 37/1214/1140 56/1219/1140
f 124/1213/1141 28/1214/1141 16/1215/1141
f 124/1213/1141 170/1216/1141 28/1214/1141
f 170/1216/1142 50/1217/1142 28/1214/1142
f 170/1216/1142 219/1218/1142 50/1217/1142
f 30/1213/1143 49/1214/1144 136/1215/1143
f 30/1213/1143 3/1216/1144 49/1214/1144
f 3/1216/1145 12/1217/1145 49/1214/1145
f 136/1215/1146 175/1219/1146 335/1220/1146
f 136/1215/1146 49/1214/1146 175/1219/1146
f 49/1214/1147 77/1221/1147 175/1219/1147
f 49/1214/1147 12/1217/1147 77/1221/1147
f 227/1216/1148 313/1217/1148 108/1214/1148
f 227/1216/1148 500/1218/1148 313/1217/1148
f 108/1214/1149 169/1221/1149 32/1219/1149
f 108/1214/1149 313/1217/1149 169/1221/1149
f 670/1213/1150 295/1214/1150 739/1215/1150
f 670/1213/1150 276/1216/1150 295/1214/1150
f 276/1216/1151 80/1217/1151 295/1214/1151
f 276/1216/1151 67/1218/1151 80/1217/1151
f 739/1215/1152 336/1219/1152 786/1220/1152
f 739/1215/1152 295/1214/1152 336/1219/1152
f 505/1216/1153 437/1217/1153 264/1214/1153
f 505/1216/1153 822/1218/1153 437/1217/1153
f 264/1214/1154 197/1221/1154 90/1219/1154
f 264/1214/1154 437/1217/1154 197/1221/1154
f 38/1213/1155 285/1214/1155 184/1215/1155
f 38/1213/1155 84/1216/1155 285/1214/1155
f 84/1216/1156 388/1217/1156 285/1214/1156
f 184/1215/1157 663/1219/1157 476/1220/1157
f 184/1215/1157 285/1214/1157 663/1219/1157
f 285/1214/1158 835/1221/1158 663/1219/1159
f 285/1214/1158 388/1217/1160 835/1221/1158
f 185/1216/1161 387/1217/1161 126/1214/1161
f 185/1216/1161 496/1218/1161 387/1217/1161
f 126/1214/1162 292/1221/1162 82/1219/1162
f 126/1214/1162 387/1217/1162 292/1221/1162
f 451/1213/1163 319/1214/1163 705/1215/1163
f 451/1213/1163 182/1216/1163 319/1214/1163
f 182/1216/1164 105/1217/1164 319/1214/1164
f 182/1216/1164 39/1218/1164 105/1217/1164
f 705/1215/1165 464/1219/1165 928/1220/1165
f 705/1215/1165 319/1214/1165 464/1219/1165
f 319/1214/1166 186/1221/1166 464/1219/1166
f 319/1214/1166 105/1217/1166 186/1221/1166
f 823/1213/1167 353/1214/1167 385/1215/1167
f 823/1213/1167 762/1216/1167 353/1214/1167
f 762/1216/1168 304/1217/1168 353/1214/1168
f 762/1216/1168 699/1218/1168 304/1217/1168
f 385/1215/1169 353/1214/1169 112/1219/1169
f 353/1214/1170 96/1221/1170 112/1219/1170
f 353/1214/1170 304/1217/1170 96/1221/1170
f 121/1213/1171 345/1214/1171 384/1215/1171
f 121/1213/1171 100/1216/1171 345/1214/1171
f 100/1216/1172 293/1217/1172 345/1214/1172
f 100/1216/1172 81/1218/1172 293/1217/1172
f 384/1215/1173 781/1219/1173 851/1220/1173
f 384/1215/1173 345/1214/1173 781/1219/1173
f 345/1214/1174 717/1221/1174 781/1219/1174
f 345/1214/1174 293/1217/1174 717/1221/1174
f 15/1216/1175 221/1217/1175 63/1214/1175
f 15/1216/1175 113/1218/1175 221/1217/1175
f 63/1214/1176 368/1221/1176 130/1219/1176
f 63/1214/1176 221/1217/1176 368/1221/1176
f 535/1213/1177 166/1214/1177 452/1215/1177
f 535/1213/1177 196/1216/1177 166/1214/1177
f 196/1216/1178 19/1217/1178 166/1214/1178
f 196/1216/1178 33/1218/1178 19/1217/1178
f 452/1215/1179 131/1219/1179 405/1220/1179
f 452/1215/1179 166/1214/1179 131/1219/1179
f 166/1214/1180 14/1221/1180 131/1219/1180
f 166/1214/1180 19/1217/1180 14/1221/1180
f 272/1213/1181 106/1214/1181 70/1215/1181
f 272/1213/1181 346/1216/1181 106/1214/1181
f 346/1216/1182 147/1217/1182 106/1214/1182
f 346/1216/1182 426/1218/1182 147/1217/1182
f 106/1214/1183 147/1217/1183 18/1221/1183
f 133/1213/1184 163/1214/1184 337/1215/1184
f 133/1213/1184 40/1216/1184 163/1214/1184
f 40/1216/1185 64/1217/1185 163/1214/1185
f 337/1215/1186 381/1219/1186 665/1220/1186
f 337/1215/1186 163/1214/1186 381/1219/1186
f 163/1214/1187 190/1221/1187 381/1219/1187
f 163/1214/1187 64/1217/1187 190/1221/1187
f 134/1216/1188 473/1217/1188 177/1214/1188
f 134/1216/1188 406/1218/1188 473/1217/1188
f 22/1215/1189 229/1219/1189 46/1220/1189
f 22/1215/1189 177/1214/1189 229/1219/1189
f 177/1214/1190 588/1221/1190 229/1219/1191
f 177/1214/1190 473/1217/1190 588/1221/1190
f 976/1213/1192 367/1214/1192 788/1215/1192
f 976/1213/1192 508/1216/1192 367/1214/1192
f 508/1216/1193 117/1217/1193 367/1214/1193
f 508/1216/1193 203/1218/1193 117/1217/1193
f 788/1215/1194 256/1219/1194 576/1220/1194
f 788/1215/1194 367/1214/1194 256/1219/1194
f 367/1214/1195 66/1221/1195 256/1219/1195
f 367/1214/1195 117/1217/1195 66/1221/1195
f 372/1213/1196 290/1214/1196 142/1215/1196
f 372/1213/1196 621/1216/1196 290/1214/1196
f 621/1216/1197 479/1217/1197 290/1214/1197
f 621/1216/1197 911/1218/1197 479/1217/1197
f 142/1215/1198 104/1219/1198 29/1220/1198
f 142/1215/1198 290/1214/1198 104/1219/1198
f 290/1214/1199 222/1221/1199 104/1219/1199
f 290/1214/1199 479/1217/1199 222/1221/1199
f 73/1213/1200 331/1214/1200 266/1215/1200
f 73/1213/1200 109/1216/1200 331/1214/1200
f 109/1216/1201 414/1217/1201 331/1214/1201
f 109/1216/1201 157/1218/1201 414/1217/1201
f 266/1215/1202 728/1219/1202 574/1220/1202
f 266/1215/1202 331/1214/1202 728/1219/1202
f 331/1214/1203 846/1221/1203 728/1219/1203
f 331/1214/1203 414/1217/1203 846/1221/1203
f 850/1213/1204 448/1214/1204 400/1215/1204
f 850/1213/1204 929/1216/1204 448/1214/1204
f 929/1216/1205 528/1217/1205 448/1214/1205
f 929/1216/1205 1002/1218/1205 528/1217/1205
f 400/1215/1206 174/1219/1206 139/1220/1206
f 400/1215/1206 448/1214/1206 174/1219/1206
f 448/1214/1207 215/1221/1207 174/1219/1207
f 448/1214/1207 528/1217/1207 215/1221/1207
f 603/1213/1208 609/1214/1208 949/1215/1208
f 603/1213/1208 318/1216/1208 609/1214/1208
f 318/1216/1209 323/1217/1209 609/1214/1209
f 318/1216/1209 138/1218/1209 323/1217/1209
f 949/1215/1210 955/1219/1210 1396/1220/1210
f 949/1215/1210 609/1214/1210 955/1219/1210
f 609/1214/1211 613/1221/1211 955/1219/1211
f 609/1214/1211 323/1217/1211 613/1221/1211
f 1667/1213/1212 857/1214/1212 1480/1215/1212
f 1667/1213/1212 971/1216/1212 857/1214/1212
f 971/1216/1213 394/1217/1213 857/1214/1213
f 971/1216/1213 474/1218/1213 394/1217/1213
f 1480/1215/1214 748/1219/1214 1281/1220/1214
f 1480/1215/1214 857/1214/1214 748/1219/1214
f 857/1214/1215 314/1221/1215 748/1219/1215
f 857/1214/1215 394/1217/1215 314/1221/1215
f 137/1213/1216 589/1214/1216 355/1215/1216
f 137/1213/1216 287/1216/1216 589/1214/1216
f 287/1216/1217 879/1217/1217 589/1214/1217
f 287/1216/1217 472/1218/1217 879/1217/1217
f 355/1215/1218 978/1219/1218 700/1220/1218
f 355/1215/1218 589/1214/1218 978/1219/1218
f 589/1214/1219 1360/1221/1219 978/1219/1219
f 589/1214/1219 879/1217/1219 1360/1221/1219
f 1176/1213/1220 641/1214/1220 658/1215/1220
f 1176/1213/1220 1160/1216/1220 641/1214/1220
f 1160/1216/1221 632/1217/1221 641/1214/1221
f 1160/1216/1221 1138/1218/1221 632/1217/1221
f 658/1215/1222 270/1219/1222 274/1220/1222
f 658/1215/1222 641/1214/1222 270/1219/1222
f 641/1214/1223 267/1221/1223 270/1219/1224
f 641/1214/1223 632/1217/1223 267/1221/1223
f 262/1213/1225 675/1214/1225 625/1215/1225
f 262/1213/1225 279/1216/1225 675/1214/1225
f 279/1216/1226 735/1217/1226 675/1214/1226
f 279/1216/1226 301/1218/1226 735/1217/1226
f 625/1215/1227 1216/1219/1227 1128/1220/1227
f 625/1215/1227 675/1214/1227 1216/1219/1227
f 675/1214/1228 1275/1221/1228 1216/1219/1229
f 675/1214/1228 735/1217/1228 1275/1221/1228
f 1917/1213/1230 926/1214/1230 1474/1215/1230
f 1917/1213/1230 1258/1216/1230 926/1214/1230
f 1258/1216/1231 483/1217/1231 926/1214/1231
f 1258/1216/1231 782/1218/1231 483/1217/1231
f 1474/1215/1232 652/1219/1232 1061/1220/1232
f 1474/1215/1232 926/1214/1232 652/1219/1232
f 926/1214/1233 302/1221/1233 652/1219/1233
f 926/1214/1233 483/1217/1233 302/1221/1233
f 202/1213/1234 720/1214/1234 441/1215/1234
f 202/1213/1234 366/1216/1234 720/1214/1234
f 366/1216/1235 962/1217/1235 720/1214/1235
f 366/1216/1235 573/1218/1235 962/1217/1235
f 441/1215/1236 1088/1219/1236 840/1220/1236
f 441/1215/1236 720/1214/1236 1088/1219/1236
f 720/1214/1237 1485/1221/1237 1088/1219/1237
f 720/1214/1237 962/1217/1238 1485/1221/1237
f 963/1213/1239 713/1214/1239 517/1215/1239
f 963/1213/1239 1161/1216/1239 713/1214/1239
f 1161/1216/1240 872/1217/1240 713/1214/1240
f 1161/1216/1240 1411/1218/1240 872/1217/1240
f 517/1215/1241 330/1219/1241 235/1220/1241
f 517/1215/1242 713/1214/1242 330/1219/1242
f 713/1214/1243 435/1221/1243 330/1219/1243
f 713/1214/1243 872/1217/1243 435/1221/1243
f 316/1213/1244 712/1214/1244 669/1215/1244
f 316/1213/1244 339/1216/1244 712/1214/1244
f 339/1216/1245 749/1217/1245 712/1214/1245
f 339/1216/1245 362/1218/1245 749/1217/1245
f 669/1215/1246 1135/1219/1246 1091/1220/1246
f 669/1215/1246 712/1214/1246 1135/1219/1246
f 712/1214/1247 1185/1221/1247 1135/1219/1247
f 712/1214/1247 749/1217/1247 1185/1221/1247
f 1554/1213/1248 868/1214/1248 1516/1215/1248
f 1554/1213/1248 904/1216/1248 868/1214/1248
f 904/1216/1249 390/1217/1249 868/1214/1249
f 904/1216/1249 408/1218/1249 390/1217/1249
f 1516/1215/1250 843/1219/1250 1468/1220/1250
f 1516/1215/1250 868/1214/1250 843/1219/1250
f 868/1214/1251 371/1221/1251 843/1219/1251
f 868/1214/1251 390/1217/1251 371/1221/1251
f 165/1213/1252 662/1214/1252 303/1215/1253
f 165/1213/1252 407/1216/1252 662/1214/1252
f 407/1216/1254 1078/1217/1254 662/1214/1254
f 407/1216/1254 827/1218/1254 1078/1217/1254
f 303/1215/1255 921/1219/1255 477/1220/1255
f 303/1215/1255 662/1214/1255 921/1219/1255
f 662/1214/1256 1476/1221/1256 921/1219/1256
f 662/1214/1256 1078/1217/1256 1476/1221/1256
f 860/1213/1257 638/1214/1257 425/1215/1257
f 860/1213/1257 1080/1216/1257 638/1214/1257
f 1080/1216/1258 864/1217/1258 638/1214/1258
f 1080/1216/1258 1406/1218/1258 864/1217/1258
f 425/1215/1259 284/1219/1259 167/1220/1259
f 425/1215/1259 638/1214/1259 284/1219/1259
f 638/1214/1260 427/1221/1260 284/1219/1260
f 638/1214/1260 864/1217/1260 427/1221/1260
f 481/1213/1261 741/1214/1261 946/1215/1261
f 481/1213/1261 342/1216/1261 741/1214/1261
f 342/1216/1262 495/1217/1262 741/1214/1262
f 342/1216/1262 205/1218/1262 495/1217/1262
f 946/1215/1263 1228/1219/1263 1530/1220/1263
f 946/1215/1263 741/1214/1263 1228/1219/1263
f 741/1214/1264 952/1221/1264 1228/1219/1265
f 741/1214/1264 495/1217/1266 952/1221/1264
f 442/1214/1267 639/1221/1267 866/1219/1267
f 442/1214/1267 297/1217/1267 639/1221/1267
f 940/1213/1268 409/1214/1268 498/1215/1268
f 940/1213/1268 833/1216/1268 409/1214/1268
f 833/1216/1269 340/1217/1269 409/1214/1269
f 833/1216/1269 726/1218/1269 340/1217/1269
f 498/1215/1270 164/1219/1270 218/1220/1270
f 498/1215/1270 409/1214/1270 164/1219/1270
f 123/1216/1271 485/1217/1271 180/1214/1271
f 123/1216/1271 382/1218/1271 485/1217/1271
f 180/1214/1272 485/1217/1272 653/1221/1272
f 953/1213/1273 386/1214/1273 854/1215/1273
f 953/1213/1273 445/1216/1273 386/1214/1273
f 445/1216/1274 118/1217/1274 386/1214/1274
f 854/1215/1275 327/1219/1275 763/1220/1275
f 854/1215/1275 386/1214/1275 327/1219/1275
f 386/1214/1276 93/1221/1276 327/1219/1277
f 386/1214/1276 118/1217/1276 93/1221/1276
f 410/1216/1278 401/1217/1278 752/1214/1278
f 410/1216/1278 187/1218/1278 401/1217/1278
f 1099/1215/1279 1077/1219/1279 1625/1220/1279
f 1099/1215/1279 752/1214/1279 1077/1219/1279
f 752/1214/1280 736/1221/1280 1077/1219/1280
f 752/1214/1280 401/1217/1280 736/1221/1280
f 1005/1213/1281 610/1214/1281 518/1215/1281
f 1005/1213/1281 1086/1216/1281 610/1214/1281
f 1086/1216/1282 683/1217/1282 610/1214/1282
f 1086/1216/1282 1193/1218/1282 683/1217/1282
f 518/1215/1283 259/1219/1283 194/1220/1283
f 518/1215/1283 610/1214/1283 259/1219/1283
f 610/1214/1284 286/1221/1284 259/1219/1284
f 610/1214/1284 683/1217/1284 286/1221/1284
f 160/1216/1285 659/1217/1285 389/1214/1285
f 160/1216/1286 317/1218/1286 659/1217/1286
f 389/1214/1287 1050/1221/1287 774/1219/1287
f 389/1214/1287 659/1217/1287 1050/1221/1287
f 1290/1213/1288 558/1214/1288 777/1215/1288
f 1290/1213/1288 1010/1216/1288 558/1214/1288
f 1010/1216/1289 393/1217/1289 558/1214/1289
f 1010/1216/1289 829/1218/1289 393/1217/1289
f 777/1215/1290 254/1219/1290 365/1220/1290
f 777/1215/1290 558/1214/1290 254/1219/1290
f 558/1214/1291 140/1221/1291 254/1219/1291
f 558/1214/1291 393/1217/1291 140/1221/1291
f 220/1216/1292 583/1217/1292 548/1214/1292
f 220/1216/1292 244/1218/1292 583/1217/1292
f 548/1214/1293 1059/1221/1293 1033/1219/1293
f 548/1214/1293 583/1217/1293 1059/1221/1293
f 1066/1213/1294 586/1214/1294 591/1215/1294
f 1066/1213/1294 1062/1216/1294 586/1214/1294
f 1062/1216/1295 582/1217/1295 586/1214/1295
f 1062/1216/1295 1058/1218/1295 582/1217/1295
f 591/1215/1296 243/1219/1296 248/1220/1296
f 591/1215/1296 586/1214/1296 243/1219/1296
f 586/1214/1297 242/1221/1297 243/1219/1297
f 586/1214/1297 582/1217/1297 242/1221/1297
f 1223/1213/1298 795/1214/1298 1364/1215/1298
f 1223/1213/1298 681/1216/1298 795/1214/1298
f 681/1216/1299 356/1217/1299 795/1214/1299
f 681/1216/1300 281/1218/1300 356/1217/1300
f 1364/1215/1301 907/1219/1301 1538/1220/1301
f 1364/1215/1302 795/1214/1302 907/1219/1302
f 795/1214/1303 420/1221/1303 907/1219/1303
f 795/1214/1303 356/1217/1303 420/1221/1303
f 176/1213/1304 524/1214/1304 188/1215/1304
f 176/1213/1304 478/1216/1304 524/1214/1304
f 478/1216/1305 1028/1217/1305 524/1214/1305
f 478/1216/1305 994/1218/1305 1028/1217/1305
f 188/1215/1306 579/1219/1306 217/1220/1306
f 188/1215/1306 524/1214/1306 579/1219/1306
f 524/1214/1307 1082/1221/1307 579/1219/1307
f 524/1214/1307 1028/1217/1307 1082/1221/1307
f 183/1216/1308 555/1217/1308 507/1214/1308
f 183/1216/1308 214/1218/1308 555/1217/1308
f 507/1214/1309 1047/1221/1309 1004/1219/1309
f 507/1214/1309 555/1217/1309 1047/1221/1309
f 1112/1213/1310 585/1214/1310 664/1215/1310
f 1112/1213/1310 1022/1216/1310 585/1214/1310
f 1022/1216/1311 499/1217/1311 585/1214/1311
f 1022/1216/1311 958/1218/1311 499/1217/1311
f 664/1215/1312 268/1219/1312 294/1220/1312
f 664/1215/1312 585/1214/1312 268/1219/1312
f 585/1214/1313 206/1221/1313 268/1219/1313
f 585/1214/1313 499/1217/1313 206/1221/1313
f 881/1213/1314 578/1214/1314 429/1215/1314
f 881/1213/1314 1037/1216/1314 578/1214/1314
f 1037/1216/1315 757/1217/1315 578/1214/1315
f 1037/1216/1315 1272/1218/1315 757/1217/1315
f 429/1215/1316 253/1219/1316 155/1220/1316
f 429/1215/1316 578/1214/1316 253/1219/1316
f 578/1214/1317 338/1221/1317 253/1219/1317
f 578/1214/1317 757/1217/1317 338/1221/1317
f 378/1213/1318 620/1214/1318 767/1215/1318
f 378/1213/1318 288/1216/1318 620/1214/1318
f 288/1216/1319 455/1217/1319 620/1214/1319
f 288/1216/1319 195/1218/1319 455/1217/1319
f 767/1215/1320 1024/1219/1320 1241/1220/1320
f 767/1215/1321 620/1214/1321 1024/1219/1321
f 620/1214/1322 887/1221/1322 1024/1219/1322
f 620/1214/1322 455/1217/1322 887/1221/1322
f 1597/1213/1323 819/1214/1324 1383/1215/1323
f 1597/1213/1323 947/1216/1324 819/1214/1324
f 947/1216/1325 369/1217/1325 819/1214/1325
f 947/1216/1325 444/1218/1325 369/1217/1325
f 1383/1215/1326 693/1219/1326 1225/1220/1326
f 1383/1215/1326 819/1214/1326 693/1219/1326
f 819/1214/1327 289/1221/1327 693/1219/1327
f 819/1214/1327 369/1217/1327 289/1221/1327
f 198/1213/1328 536/1214/1328 193/1215/1328
f 198/1213/1328 547/1216/1328 536/1214/1328
f 547/1216/1329 1051/1217/1329 536/1214/1329
f 547/1216/1329 1060/1218/1329 1051/1217/1329
f 193/1215/1330 532/1219/1330 191/1220/1330
f 193/1215/1330 536/1214/1330 532/1219/1330
f 536/1214/1331 1041/1221/1331 532/1219/1331
f 536/1214/1331 1051/1217/1331 1041/1221/1331
f 430/1213/1332 463/1214/1332 238/1215/1332
f 430/1213/1332 805/1216/1332 463/1214/1332
f 805/1216/1333 861/1217/1333 463/1214/1333
f 805/1216/1333 1240/1218/1333 861/1217/1333
f 238/1215/1334 273/1219/1334 95/1220/1334
f 238/1215/1334 463/1214/1334 273/1219/1334
f 463/1214/1335 523/1221/1335 273/1219/1335
f 463/1214/1335 861/1217/1335 523/1221/1335
f 941/1213/1336 657/1214/1336 1117/1215/1337
f 941/1213/1336 465/1216/1336 657/1214/1336
f 465/1216/1338 282/1217/1338 657/1214/1338
f 465/1216/1338 181/1218/1338 282/1217/1338
f 1117/1215/1339 834/1219/1339 1372/1220/1339
f 1117/1215/1339 657/1214/1339 834/1219/1339
f 657/1214/1340 391/1221/1340 834/1219/1340
f 657/1214/1340 282/1217/1340 391/1221/1340
f 172/1213/1341 694/1214/1341 399/1215/1341
f 172/1213/1341 354/1216/1341 694/1214/1341
f 354/1216/1342 990/1217/1342 694/1214/1342
f 354/1216/1342 611/1218/1342 990/1217/1342
f 399/1215/1343 1068/1219/1343 765/1220/1343
f 399/1215/1343 694/1214/1343 1068/1219/1343
f 694/1214/1344 1529/1221/1344 1068/1219/1344
f 694/1214/1344 990/1217/1344 1529/1221/1344
f 1806/1213/1345 1094/1214/1345 1880/1215/1346
f 1806/1213/1345 1038/1216/1345 1094/1214/1345
f 1038/1216/1347 587/1217/1347 1094/1214/1347
f 1038/1216/1347 530/1218/1347 587/1217/1347
f 1880/1215/1348 1154/1219/1348 1954/1220/1348
f 1880/1215/1348 1094/1214/1348 1154/1219/1348
f 1094/1214/1349 630/1221/1349 1154/1219/1349
f 1094/1214/1349 587/1217/1349 630/1221/1349
f 1358/1213/1350 906/1214/1350 826/1215/1350
f 1358/1213/1350 1493/1216/1350 906/1214/1350
f 1493/1216/1351 974/1217/1351 906/1214/1351
f 1493/1216/1351 1618/1218/1351 974/1217/1351
f 826/1215/1352 906/1214/1352 439/1219/1352
f 906/1214/1353 512/1221/1353 439/1219/1353
f 906/1214/1353 974/1217/1353 512/1221/1353
f 727/1213/1354 1056/1214/1354 1163/1215/1354
f 727/1213/1354 637/1216/1354 1056/1214/1354
f 637/1216/1355 986/1217/1355 1056/1214/1355
f 637/1216/1355 552/1218/1355 986/1217/1355
f 1163/1215/1356 1728/1219/1356 1830/1220/1356
f 1163/1215/1356 1056/1214/1356 1728/1219/1356
f 1056/1214/1357 1587/1221/1357 1728/1219/1357
f 1056/1214/1357 986/1217/1357 1587/1221/1357
f 510/1213/1358 1260/1214/1358 766/1215/1358
f 510/1213/1358 956/1216/1358 1260/1214/1358
f 956/1216/1359 1944/1217/1359 1260/1214/1359
f 956/1216/1359 1539/1218/1359 1944/1217/1359
f 766/1215/1360 1621/1219/1360 1000/1220/1360
f 766/1215/1360 1260/1214/1360 1621/1219/1360
f 1260/1214/1361 2328/1221/1361 1621/1219/1361
f 1260/1214/1361 1944/1217/1361 2328/1221/1361
f 2567/1213/1362 1962/1214/1362 2782/1215/1362
f 2567/1213/1362 1753/1216/1362 1962/1214/1362
f 1753/1216/1363 1184/1217/1363 1962/1214/1363
f 1753/1216/1363 1014/1218/1363 1184/1217/1363
f 2782/1215/1364 2165/1219/1364 2966/1220/1364
f 2782/1215/1364 1962/1214/1364 2165/1219/1364
f 1962/1214/1365 1371/1221/1365 2165/1219/1365
f 1962/1214/1365 1184/1217/1365 1371/1221/1365
f 2708/1216/1366 2265/1217/1366 1942/1214/1366
f 2708/1216/1366 2998/1218/1366 2265/1217/1366
f 1942/1214/1367 1521/1221/1367 1235/1219/1367
f 1942/1214/1367 2265/1217/1367 1521/1221/1367
f 1100/1213/1368 2001/1214/1368 1820/1215/1368
f 1100/1213/1368 1261/1216/1368 2001/1214/1368
f 1261/1216/1369 2142/1217/1369 2001/1214/1369
f 1261/1216/1370 1391/1218/1370 2142/1217/1370
f 1820/1215/1371 2751/1219/1371 2593/1220/1371
f 1820/1215/1371 2001/1214/1371 2751/1219/1371
f 2001/1214/1372 2913/1221/1372 2751/1219/1373
f 2001/1214/1372 2142/1217/1372 2913/1221/1372
f 3455/1216/1374 2823/1217/1374 2928/1214/1374
f 3455/1216/1374 3359/1218/1374 2823/1217/1374
f 2928/1214/1375 2026/1221/1375 2131/1219/1375
f 2928/1214/1375 2823/1217/1375 2026/1221/1375
f 2099/1213/1376 2919/1214/1376 2900/1215/1376
f 2099/1213/1376 2116/1216/1376 2919/1214/1376
f 2116/1216/1377 2945/1217/1377 2919/1214/1377
f 2116/1216/1377 2137/1218/1377 2945/1217/1377
f 2900/1215/1378 3469/1219/1378 3448/1220/1378
f 2900/1215/1378 2919/1214/1378 3469/1219/1378
f 2919/1214/1379 3488/1221/1379 3469/1219/1379
f 2919/1214/1379 2945/1217/1379 3488/1221/1379
f 3902/1213/1380 3501/1214/1380 3892/1215/1380
f 3902/1213/1380 3514/1216/1380 3501/1214/1380
f 3514/1216/1381 2937/1217/1381 3501/1214/1381
f 3514/1216/1381 2952/1218/1381 2937/1217/1381
f 3892/1215/1382 3501/1214/1382 3492/1219/1382
f 3501/1214/1383 2920/1221/1383 3492/1219/1383
f 3501/1214/1383 2937/1217/1383 2920/1221/1383
f 2343/1213/1384 2993/1214/1384 2195/1215/1384
f 2343/1213/1384 3104/1216/1384 2993/1214/1384
f 3104/1216/1385 3550/1217/1385 2993/1214/1385
f 3104/1216/1385 3654/1218/1385 3550/1217/1385
f 2195/1215/1386 2883/1219/1386 2053/1220/1386
f 2195/1215/1386 2993/1214/1386 2883/1219/1386
f 2993/1214/1387 3446/1221/1387 2883/1219/1387
f 2993/1214/1387 3550/1217/1387 3446/1221/1387
f 3358/1214/1388 2936/1221/1388 2799/1219/1388
f 3358/1214/1388 3484/1217/1388 2936/1221/1388
f 3064/1213/1389 3548/1214/1389 3617/1215/1390
f 3064/1213/1389 2997/1216/1389 3548/1214/1389
f 2997/1216/1391 3490/1217/1391 3548/1214/1391
f 2997/1216/1391 2935/1218/1391 3490/1217/1391
f 2853/1213/1392 3660/1214/1392 3232/1215/1392
f 2853/1213/1392 3267/1216/1392 3660/1214/1392
f 3232/1215/1393 3878/1219/1393 3629/1220/1393
f 3232/1215/1393 3660/1214/1393 3878/1219/1393
f 3244/1213/1394 3862/1214/1394 3487/1215/1394
f 3244/1213/1394 3718/1216/1394 3862/1214/1394
f 3487/1215/1395 3976/1219/1395 3675/1220/1395
f 3487/1215/1395 3862/1214/1395 3976/1219/1395
f 4064/1213/1396 3934/1216/1396 4016/1214/1396
f 3934/1216/1397 3771/1217/1397 4016/1214/1397
f 3934/1216/1397 3631/1218/1397 3771/1217/1397
f 4016/1214/1398 3771/1217/1398 3891/1221/1398
f 3789/1213/1399 3864/1214/1399 3536/1215/1399
f 3536/1215/1400 3667/1219/1400 3219/1220/1400
f 3536/1215/1400 3864/1214/1400 3667/1219/1400
f 3864/1214/1401 3936/1221/1401 3667/1219/1401
f 3864/1214/1401 4039/1217/1401 3936/1221/1401
f 3986/1213/1402 4060/1214/1402 3890/1215/1402
f 3890/1215/1403 4024/1219/1403 3788/1220/1403
f 3890/1215/1403 4060/1214/1403 4024/1219/1403
f 4054/1215/1404 3751/1219/1404 3870/1220/1404
f 4054/1215/1404 4009/1214/1404 3751/1219/1404
f 4009/1214/1405 3610/1221/1405 3751/1219/1405
f 4009/1214/1405 3925/1217/1405 3610/1221/1405
f 3463/1213/1406 3931/1214/1406 3857/1215/1406
f 3463/1213/1406 3618/1216/1406 3931/1214/1406
f 3618/1216/1407 3996/1217/1407 3931/1214/1407
f 3618/1216/1407 3705/1218/1407 3996/1217/1407
f 4037/1216/1408 3882/1217/1408 4061/1214/1408
f 4037/1216/1408 3812/1218/1408 3882/1217/1408
f 4061/1214/1409 3882/1217/1409 3954/1221/1409
f 3456/1213/1410 3933/1214/1410 3607/1215/1410
f 3456/1213/1410 3861/1216/1410 3933/1214/1410
f 3861/1216/1411 4065/1217/1411 3933/1214/1411
f 3861/1216/1412 4053/1218/1412 4065/1217/1412
f 3607/1215/1413 3995/1219/1413 3694/1220/1413
f 3607/1215/1413 3933/1214/1413 3995/1219/1413
f 3746/1216/1414 3772/1217/1414 3970/1214/1414
f 3746/1216/1414 3429/1218/1414 3772/1217/1414
f 3970/1214/1415 3772/1217/1415 3989/1221/1415
f 3731/1213/1416 3774/1214/1416 3419/1215/1416
f 3731/1213/1416 3965/1216/1416 3774/1214/1416
f 3965/1216/1417 3991/1217/1417 3774/1214/1417
f 3419/1215/1418 3485/1219/1418 3063/1220/1418
f 3419/1215/1418 3774/1214/1418 3485/1219/1418
f 3774/1214/1419 3814/1221/1419 3485/1219/1419
f 3774/1214/1419 3991/1217/1419 3814/1221/1419
f 3120/1216/1420 3622/1217/1420 3663/1214/1420
f 3120/1216/1420 3072/1218/1420 3622/1217/1420
f 3663/1214/1421 3952/1221/1421 3966/1219/1421
f 3663/1214/1421 3622/1217/1421 3952/1221/1421
f 3997/1216/1422 3521/1217/1422 3757/1214/1422
f 3997/1216/1422 3858/1218/1422 3521/1217/1422
f 3926/1215/1423 3342/1219/1423 3656/1220/1423
f 3926/1215/1423 3757/1214/1423 3342/1219/1423
f 3757/1214/1424 3057/1221/1424 3342/1219/1424
f 3757/1214/1424 3521/1217/1424 3057/1221/1424
f 3849/1213/1425 3452/1214/1425 3868/1215/1425
f 3849/1213/1425 3400/1216/1425 3452/1214/1425
f 3400/1216/1426 2880/1217/1426 3452/1214/1426
f 3400/1216/1427 2813/1218/1427 2880/1217/1427
f 3868/1215/1428 3503/1219/1428 3895/1220/1428
f 3868/1215/1429 3452/1214/1429 3503/1219/1429
f 3452/1214/1430 2946/1221/1430 3503/1219/1430
f 3452/1214/1430 2880/1217/1430 2946/1221/1430
f 2043/1213/1431 3035/1214/1431 2267/1215/1431
f 2043/1213/1431 2847/1216/1431 3035/1214/1431
f 2847/1216/1432 3565/1217/1432 3035/1214/1432
f 2847/1216/1432 3399/1218/1432 3565/1217/1432
f 2267/1215/1433 3196/1219/1433 2544/1220/1433
f 2267/1215/1433 3035/1214/1433 3196/1219/1433
f 3035/1214/1434 3689/1221/1434 3196/1219/1434
f 3035/1214/1434 3565/1217/1434 3689/1221/1434
f 2655/1213/1435 3108/1214/1435 3250/1215/1435
f 2655/1213/1435 2388/1216/1435 3108/1214/1435
f 2388/1216/1436 2938/1217/1436 3108/1214/1436
f 2388/1216/1436 2149/1218/1436 2938/1217/1436
f 3250/1215/1437 3635/1219/1437 3729/1220/1437
f 3250/1215/1437 3108/1214/1437 3635/1219/1437
f 3108/1214/1438 3467/1221/1438 3635/1219/1438
f 3108/1214/1438 2938/1217/1438 3467/1221/1438
f 3087/1213/1439 2983/1214/1439 2517/1215/1439
f 3087/1213/1439 3414/1216/1440 2983/1214/1439
f 3414/1216/1441 3305/1217/1441 2983/1214/1441
f 3414/1216/1441 3708/1218/1441 3305/1217/1441
f 2517/1215/1442 2354/1219/1442 1863/1220/1442
f 2517/1215/1442 2983/1214/1442 2354/1219/1442
f 2983/1214/1443 2878/1221/1443 2354/1219/1443
f 2983/1214/1443 3305/1217/1443 2878/1221/1443
f 2104/1213/1444 2605/1214/1444 2879/1215/1444
f 2104/1213/1444 1817/1216/1444 2605/1214/1444
f 1817/1216/1445 2289/1217/1445 2605/1214/1445
f 1817/1216/1445 1527/1218/1445 2289/1217/1445
f 2879/1215/1446 3222/1219/1446 3409/1220/1446
f 2879/1215/1446 2605/1214/1446 3222/1219/1446
f 2605/1214/1447 3029/1221/1447 3222/1219/1447
f 2605/1214/1447 2289/1217/1447 3029/1221/1447
f 3239/1213/1448 2494/1214/1448 2610/1215/1448
f 3239/1213/1448 3179/1216/1448 2494/1214/1448
f 3179/1216/1449 2360/1217/1449 2494/1214/1449
f 3179/1216/1449 3116/1218/1449 2360/1217/1449
f 2610/1215/1450 1666/1219/1450 1773/1220/1450
f 2610/1215/1450 2494/1214/1450 1666/1219/1450
f 2494/1214/1451 1561/1221/1451 1666/1219/1451
f 2494/1214/1451 2360/1217/1451 1561/1221/1451
f 919/1213/1452 1890/1214/1452 1463/1215/1452
f 919/1213/1452 1250/1216/1452 1890/1214/1452
f 1250/1216/1453 2324/1217/1453 1890/1214/1453
f 1250/1216/1453 1643/1218/1453 2324/1217/1453
f 1463/1215/1454 2600/1219/1454 2124/1220/1454
f 1463/1215/1454 1890/1214/1454 2600/1219/1454
f 1890/1214/1455 2996/1221/1455 2600/1219/1455
f 1890/1214/1455 2324/1217/1455 2996/1221/1455
f 3338/1213/1456 2374/1214/1456 2973/1215/1456
f 3338/1213/1456 2944/1216/1456 2374/1214/1456
f 2944/1216/1457 1778/1217/1457 2374/1214/1457
f 2944/1216/1457 2326/1218/1457 1778/1217/1457
f 2973/1215/1458 1828/1219/1458 2445/1220/1458
f 2973/1215/1458 2374/1214/1458 1828/1219/1458
f 2374/1214/1459 1262/1221/1459 1828/1219/1459
f 2374/1214/1459 1778/1217/1459 1262/1221/1459
f 2282/1213/1460 2227/1214/1460 1729/1215/1460
f 2282/1213/1460 2840/1216/1460 2227/1214/1460
f 2840/1216/1461 2778/1217/1461 2227/1214/1461
f 2840/1216/1461 3198/1218/1461 2778/1217/1461
f 1729/1215/1462 1646/1219/1462 1168/1220/1462
f 1729/1215/1462 2227/1214/1462 1646/1219/1462
f 2227/1214/1463 2171/1221/1463 1646/1219/1463
f 2227/1214/1463 2778/1217/1463 2171/1221/1463
f 1911/1213/1464 2556/1214/1464 2718/1215/1464
f 1911/1213/1464 1761/1216/1464 2556/1214/1464
f 1761/1216/1465 2357/1217/1465 2556/1214/1465
f 1761/1216/1465 1570/1218/1465 2357/1217/1465
f 2718/1215/1466 3197/1219/1466 3301/1220/1466
f 2718/1215/1466 2556/1214/1466 3197/1219/1466
f 2556/1214/1467 3097/1221/1467 3197/1219/1467
f 2556/1214/1467 2357/1217/1467 3097/1221/1467
f 3657/1213/1468 2948/1214/1468 3137/1215/1468
f 3657/1213/1468 3476/1216/1468 2948/1214/1468
f 3476/1216/1469 2691/1217/1469 2948/1214/1469
f 3476/1216/1469 3266/1218/1469 2691/1217/1469
f 3137/1215/1470 2178/1219/1470 2470/1220/1470
f 3137/1215/1470 2948/1214/1470 2178/1219/1470
f 2948/1214/1471 1898/1221/1471 2178/1219/1471
f 2948/1214/1471 2691/1217/1472 1898/1221/1471
f 1445/1213/1473 2620/1214/1473 2024/1215/1473
f 1445/1213/1473 2012/1216/1473 2620/1214/1473
f 2012/1216/1474 3102/1217/1474 2620/1214/1474
f 2012/1216/1475 2595/1218/1475 3102/1217/1475
f 2024/1215/1476 3113/1219/1476 2639/1220/1476
f 2024/1215/1476 2620/1214/1476 3113/1219/1476
f 2620/1214/1477 3494/1221/1477 3113/1219/1477
f 2620/1214/1477 3102/1217/1477 3494/1221/1477
f 3844/1213/1478 3181/1214/1478 3583/1215/1478
f 3844/1213/1478 3545/1216/1478 3181/1214/1478
f 3545/1216/1479 2707/1217/1479 3181/1214/1479
f 3545/1216/1479 3144/1218/1479 2707/1217/1479
f 3583/1215/1480 2770/1219/1480 3217/1220/1480
f 3583/1215/1480 3181/1214/1480 2770/1219/1480
f 3181/1214/1481 2143/1221/1481 2770/1219/1481
f 3181/1214/1481 2707/1217/1481 2143/1221/1481
f 1822/1213/1482 2972/1214/1482 2415/1215/1482
f 1822/1213/1482 2392/1216/1482 2972/1214/1482
f 2392/1216/1483 3348/1217/1483 2972/1214/1483
f 2392/1216/1483 2962/1218/1483 3348/1217/1483
f 2415/1215/1484 3356/1219/1484 2975/1220/1484
f 2415/1215/1484 2972/1214/1484 3356/1219/1484
f 2972/1214/1485 3710/1221/1485 3356/1219/1485
f 2972/1214/1485 3348/1217/1485 3710/1221/1485
f 3688/1213/1486 3333/1214/1486 3804/1215/1486
f 3688/1213/1486 3194/1216/1486 3333/1214/1486
f 3194/1216/1487 2762/1217/1487 3333/1214/1487
f 3194/1216/1487 2524/1218/1487 2762/1217/1487
f 3804/1215/1488 3502/1219/1488 3884/1220/1488
f 3804/1215/1488 3333/1214/1488 3502/1219/1488
f 3333/1214/1489 2961/1221/1489 3502/1219/1489
f 3333/1214/1489 2762/1217/1489 2961/1221/1489
f 2317/1213/1490 2995/1214/1490 2196/1215/1490
f 2317/1213/1490 3089/1216/1490 2995/1214/1490
f 3089/1216/1491 3552/1217/1491 2995/1214/1491
f 3089/1216/1491 3644/1218/1491 3552/1217/1491
f 2196/1215/1492 2907/1219/1492 2075/1220/1492
f 2196/1215/1493 2995/1214/1493 2907/1219/1493
f 2995/1214/1494 3466/1221/1494 2907/1219/1494
f 2995/1214/1494 3552/1217/1495 3466/1221/1494
f 3808/1213/1496 3126/1214/1496 3570/1215/1496
f 3808/1213/1496 3438/1216/1496 3126/1214/1496
f 3438/1216/1497 2543/1217/1497 3126/1214/1497
f 3438/1216/1497 2980/1218/1497 2543/1217/1497
f 3570/1215/1498 2731/1219/1498 3236/1220/1498
f 3570/1215/1498 3126/1214/1498 2731/1219/1498
f 3126/1214/1499 2054/1221/1499 2731/1219/1499
f 3126/1214/1499 2543/1217/1499 2054/1221/1499
f 1926/1213/1500 2939/1214/1500 2720/1215/1500
f 1926/1213/1500 2153/1216/1500 2939/1214/1500
f 2153/1216/1501 3103/1217/1501 2939/1214/1501
f 2153/1216/1501 2380/1218/1501 3103/1217/1501
f 2720/1215/1502 3468/1219/1502 3296/1220/1502
f 2720/1215/1502 2939/1214/1502 3468/1219/1502
f 2939/1214/1503 3632/1221/1503 3468/1219/1503
f 2939/1214/1503 3103/1217/1503 3632/1221/1503
f 3826/1213/1504 3155/1214/1504 3637/1215/1504
f 3826/1213/1504 3440/1216/1504 3155/1214/1504
f 3440/1216/1505 2562/1217/1505 3155/1214/1505
f 3440/1216/1505 2959/1218/1505 2562/1217/1505
f 3637/1215/1506 2843/1219/1506 3316/1220/1506
f 3637/1215/1506 3155/1214/1506 2843/1219/1506
f 3155/1214/1507 2111/1221/1507 2843/1219/1507
f 3155/1214/1507 2562/1217/1507 2111/1221/1507
f 1801/1213/1508 2877/1214/1508 2079/1215/1508
f 1801/1213/1508 2614/1216/1508 2877/1214/1508
f 2614/1216/1509 3416/1217/1509 2877/1214/1509
f 2614/1216/1509 3229/1218/1509 3416/1217/1509
f 2079/1215/1510 3086/1219/1510 2351/1220/1510
f 2079/1215/1510 2877/1214/1510 3086/1219/1510
f 2877/1214/1511 3619/1221/1511 3086/1219/1511
f 2877/1214/1511 3416/1217/1511 3619/1221/1511
f 3134/1213/1512 2890/1214/1512 2519/1215/1512
f 3134/1213/1512 3382/1216/1512 2890/1214/1512
f 3382/1216/1513 3159/1217/1513 2890/1214/1513
f 3382/1216/1513 3641/1218/1513 3159/1217/1513
f 2519/1215/1514 2164/1219/1514 1787/1220/1514
f 2519/1215/1514 2890/1214/1514 2164/1219/1514
f 2890/1214/1515 2566/1221/1515 2164/1219/1515
f 2890/1214/1515 3159/1217/1515 2566/1221/1515
f 2596/1213/1516 2971/1214/1516 3189/1215/1516
f 2596/1213/1516 2255/1216/1516 2971/1214/1516
f 2255/1216/1517 2680/1217/1517 2971/1214/1517
f 2255/1216/1517 1940/1218/1517 2680/1217/1517
f 3189/1215/1518 3464/1219/1518 3666/1220/1518
f 3189/1215/1518 2971/1214/1518 3464/1219/1518
f 2971/1214/1519 3233/1221/1519 3464/1219/1519
f 2971/1214/1519 2680/1217/1519 3233/1221/1519
f 3540/1213/1520 3226/1214/1520 3703/1215/1520
f 3540/1213/1520 3022/1216/1520 3226/1214/1520
f 3022/1216/1521 2613/1217/1521 3226/1214/1521
f 3022/1216/1521 2269/1218/1521 2613/1217/1521
f 3703/1215/1522 3431/1219/1522 3845/1220/1522
f 3703/1215/1522 3226/1214/1522 3431/1219/1522
f 3226/1214/1523 2901/1221/1523 3431/1219/1523
f 3226/1214/1523 2613/1217/1523 2901/1221/1523
f 2316/1213/1524 2805/1214/1524 2018/1215/1524
f 2316/1213/1524 3050/1216/1524 2805/1214/1524
f 3050/1216/1525 3340/1217/1525 2805/1214/1525
f 3050/1216/1526 3564/1218/1526 3340/1217/1526
f 2018/1215/1527 2471/1219/1527 1701/1220/1527
f 2018/1215/1527 2805/1214/1527 2471/1219/1527
f 2805/1214/1528 3141/1221/1528 2471/1219/1528
f 2805/1214/1528 3340/1217/1528 3141/1221/1528
f 2102/1213/1529 2764/1214/1529 2905/1215/1529
f 2102/1213/1529 1946/1216/1529 2764/1214/1529
f 1946/1216/1530 2622/1217/1530 2764/1214/1530
f 1946/1216/1530 1790/1218/1530 2622/1217/1530
f 2905/1215/1531 3336/1219/1531 3449/1220/1531
f 2905/1215/1531 2764/1214/1531 3336/1219/1531
f 2764/1214/1532 3235/1221/1532 3336/1219/1532
f 2764/1214/1532 2622/1217/1532 3235/1221/1532
f 3030/1213/1533 2711/1214/1533 2327/1215/1533
f 3030/1213/1533 3256/1216/1533 2711/1214/1533
f 3256/1216/1534 3020/1217/1534 2711/1214/1534
f 3256/1216/1535 3509/1218/1535 3020/1217/1535
f 2327/1215/1536 1979/1219/1536 1613/1220/1536
f 2327/1215/1536 2711/1214/1536 1979/1219/1536
f 2711/1214/1537 2318/1221/1537 1979/1219/1537
f 2711/1214/1537 3020/1217/1537 2318/1221/1537
f 1039/1213/1538 2055/1214/1538 1712/1215/1538
f 1039/1213/1538 1333/1216/1538 2055/1214/1538
f 1333/1216/1539 2410/1217/1539 2055/1214/1539
f 1333/1216/1539 1693/1218/1539 2410/1217/1539
f 1712/1215/1540 2804/1219/1540 2436/1220/1540
f 1712/1215/1540 2055/1214/1540 2804/1219/1540
f 2055/1214/1541 3073/1221/1541 2804/1219/1542
f 2055/1214/1541 2410/1217/1541 3073/1221/1541
f 2719/1213/1543 2083/1214/1543 1910/1215/1543
f 2719/1213/1543 2885/1216/1543 2083/1214/1543
f 2885/1216/1544 2248/1217/1544 2083/1214/1544
f 2885/1216/1544 3016/1218/1544 2248/1217/1544
f 1910/1215/1545 1304/1219/1545 1159/1220/1545
f 1910/1215/1546 2083/1214/1546 1304/1219/1546
f 2083/1214/1547 1469/1221/1547 1304/1219/1547
f 2083/1214/1547 2248/1217/1547 1469/1221/1547
f 731/1213/1548 1466/1214/1548 858/1215/1548
f 731/1213/1548 1259/1216/1548 1466/1214/1548
f 1259/1216/1549 2249/1217/1549 1466/1214/1549
f 1259/1216/1549 2028/1218/1549 2249/1217/1549
f 858/1215/1550 1699/1219/1550 993/1220/1550
f 858/1215/1550 1466/1214/1550 1699/1219/1550
f 1466/1214/1551 2501/1221/1551 1699/1219/1551
f 1466/1214/1551 2249/1217/1551 2501/1221/1551
f 2549/1213/1552 2065/1214/1552 2855/1215/1552
f 2549/1213/1552 1765/1216/1552 2065/1214/1552
f 1765/1216/1553 1307/1217/1553 2065/1214/1553
f 1765/1216/1553 1045/1218/1553 1307/1217/1553
f 2855/1215/1554 2359/1219/1554 3088/1220/1554
f 2855/1215/1554 2065/1214/1554 2359/1219/1554
f 2065/1214/1555 1594/1221/1555 2359/1219/1556
f 2065/1214/1555 1307/1217/1555 1594/1221/1555
f 3133/1213/1557 3105/1214/1557 3495/1215/1557
f 3133/1213/1557 2642/1216/1558 3105/1214/1557
f 2642/1216/1559 2597/1217/1559 3105/1214/1559
f 2642/1216/1559 2030/1218/1559 2597/1217/1559
f 3495/1215/1560 3482/1219/1560 3797/1220/1560
f 3495/1215/1560 3105/1214/1560 3482/1219/1560
f 3105/1214/1561 3076/1221/1561 3482/1219/1561
f 3105/1214/1561 2597/1217/1561 3076/1221/1561
f 2679/1213/1562 2767/1214/1562 2133/1215/1562
f 2679/1213/1562 3172/1216/1562 2767/1214/1562
f 3172/1216/1563 3224/1217/1563 2767/1214/1563
f 3172/1216/1563 3573/1218/1563 3224/1217/1563
f 2133/1215/1564 2213/1219/1564 1617/1220/1564
f 2133/1215/1564 2767/1214/1564 2213/1219/1564
f 2767/1214/1565 2851/1221/1565 2213/1219/1565
f 2767/1214/1565 3224/1217/1565 2851/1221/1565
f 1610/1213/1566 2538/1214/1566 2431/1215/1566
f 1610/1213/1566 1725/1216/1566 2538/1214/1566
f 1725/1216/1567 2650/1217/1567 2538/1214/1567
f 1725/1216/1567 1821/1218/1567 2650/1217/1567
f 2431/1215/1568 3200/1219/1568 3143/1220/1568
f 2431/1215/1568 2538/1214/1568 3200/1219/1568
f 2538/1214/1569 3264/1221/1569 3200/1219/1569
f 2538/1214/1569 2650/1217/1569 3264/1221/1569
f 3626/1213/1570 2827/1214/1570 3300/1215/1570
f 3626/1213/1570 3161/1216/1570 2827/1214/1570
f 3161/1216/1571 2115/1217/1571 2827/1214/1571
f 3161/1216/1571 2590/1218/1571 2115/1217/1571
f 3300/1215/1572 2334/1219/1572 3002/1220/1572
f 3300/1215/1573 2827/1214/1573 2334/1219/1573
f 2827/1214/1574 1647/1221/1574 2334/1219/1574
f 2827/1214/1574 2115/1217/1574 1647/1221/1574
f 2077/1213/1575 2830/1214/1575 2903/1215/1575
f 2077/1213/1575 2004/1216/1575 2830/1214/1575
f 2004/1216/1576 2724/1217/1576 2830/1214/1576
f 2004/1216/1577 1893/1218/1577 2724/1217/1577
f 2903/1215/1578 3394/1219/1578 3460/1220/1578
f 2903/1215/1578 2830/1214/1578 3394/1219/1578
f 2830/1214/1579 3314/1221/1579 3394/1219/1579
f 2830/1214/1579 2724/1217/1579 3314/1221/1579
f 3362/1213/1580 2763/1214/1580 2793/1215/1580
f 3362/1213/1580 3343/1216/1580 2763/1214/1580
f 3343/1216/1581 2728/1217/1581 2763/1214/1581
f 3343/1216/1581 3315/1218/1581 2728/1217/1581
f 2793/1215/1582 1933/1219/1582 1972/1220/1582
f 2793/1215/1582 2763/1214/1582 1933/1219/1582
f 2763/1214/1583 1908/1221/1583 1933/1219/1583
f 2763/1214/1583 2728/1217/1583 1908/1221/1583
f 3218/1213/1584 3052/1214/1584 3522/1215/1584
f 3218/1213/1584 2673/1216/1584 3052/1214/1584
f 2673/1216/1585 2412/1217/1585 3052/1214/1585
f 2673/1216/1585 1971/1218/1585 2412/1217/1585
f 3522/1215/1586 3330/1219/1586 3756/1220/1586
f 3522/1215/1586 3052/1214/1586 3330/1219/1586
f 3052/1214/1587 2861/1221/1587 3330/1219/1587
f 3052/1214/1587 2412/1217/1587 2861/1221/1587
f 2485/1213/1588 2697/1214/1588 2014/1215/1588
f 2485/1213/1588 3094/1216/1588 2697/1214/1588
f 3094/1216/1589 3225/1217/1589 2697/1214/1589
f 3094/1216/1589 3541/1218/1589 3225/1217/1589
f 2014/1215/1590 2202/1219/1590 1528/1220/1590
f 2014/1215/1590 2697/1214/1590 2202/1219/1590
f 2697/1214/1591 2896/1221/1591 2202/1219/1591
f 2697/1214/1591 3225/1217/1591 2896/1221/1591
f 2518/1213/1592 2801/1214/1592 3128/1215/1592
f 2518/1213/1592 2070/1216/1592 2801/1214/1592
f 2070/1216/1593 2333/1217/1593 2801/1214/1593
f 2070/1216/1593 1639/1218/1593 2333/1217/1593
f 3128/1215/1594 3287/1219/1594 3600/1220/1594
f 3128/1215/1594 2801/1214/1594 3287/1219/1594
f 2801/1214/1595 3017/1221/1595 3287/1219/1595
f 2801/1214/1595 2333/1217/1595 3017/1221/1595
f 3231/1213/1596 2716/1214/1596 2654/1215/1596
f 3231/1213/1596 3280/1216/1596 2716/1214/1596
f 3280/1216/1597 2798/1217/1597 2716/1214/1597
f 3280/1216/1597 3320/1218/1597 2798/1217/1597
f 2654/1215/1598 1941/1219/1598 1874/1220/1598
f 2654/1215/1598 2716/1214/1598 1941/1219/1598
f 2716/1214/1599 2022/1221/1599 1941/1219/1599
f 2716/1214/1599 2798/1217/1599 2022/1221/1599
f 3252/1213/1600 2663/1214/1600 2634/1215/1600
f 3252/1213/1600 3270/1216/1600 2663/1214/1600
f 3270/1216/1601 2690/1217/1601 2663/1214/1601
f 3270/1216/1601 3295/1218/1601 2690/1217/1601
f 2634/1215/1602 1827/1219/1602 1794/1220/1602
f 2634/1215/1602 2663/1214/1602 1827/1219/1602
f 2663/1214/1603 1866/1221/1603 1827/1219/1603
f 2663/1214/1603 2690/1217/1604 1866/1221/1603
f 1861/1213/1605 2651/1214/1605 2682/1215/1605
f 1861/1213/1605 1824/1216/1605 2651/1214/1605
f 1824/1216/1606 2619/1217/1606 2651/1214/1606
f 1824/1216/1606 1777/1218/1606 2619/1217/1606
f 2682/1215/1607 3262/1219/1607 3289/1220/1607
f 2682/1215/1607 2651/1214/1607 3262/1219/1607
f 2651/1214/1608 3241/1221/1608 3262/1219/1608
f 2651/1214/1608 2619/1217/1608 3241/1221/1608
f 3344/1213/1609 3000/1214/1609 3535/1215/1609
f 3344/1213/1609 2787/1216/1609 3000/1214/1609
f 2787/1216/1610 2231/1217/1610 3000/1214/1610
f 2787/1216/1610 1982/1218/1610 2231/1217/1610
f 3535/1215/1611 3180/1219/1611 3676/1220/1611
f 3535/1215/1611 3000/1214/1611 3180/1219/1611
f 3000/1214/1612 2516/1221/1612 3180/1219/1612
f 3000/1214/1612 2231/1217/1612 2516/1221/1612
f 1802/1213/1613 2599/1214/1613 1759/1215/1613
f 1802/1213/1613 2661/1216/1613 2599/1214/1613
f 2661/1216/1614 3247/1217/1614 2599/1214/1614
f 2661/1216/1614 3285/1218/1614 3247/1217/1614
f 1759/1215/1615 2529/1219/1615 1696/1220/1615
f 1759/1215/1615 2599/1214/1615 2529/1219/1615
f 2599/1214/1616 3215/1221/1616 2529/1219/1616
f 2599/1214/1616 3247/1217/1616 3215/1221/1616
f 2052/1213/1617 2463/1214/1617 1716/1215/1617
f 2052/1213/1617 2815/1216/1617 2463/1214/1617
f 2815/1216/1618 3119/1217/1618 2463/1214/1618
f 2815/1216/1618 3326/1218/1618 3119/1217/1618
f 1716/1215/1619 2105/1219/1619 1365/1220/1619
f 1716/1215/1619 2463/1214/1619 2105/1219/1619
f 2463/1214/1620 2864/1221/1620 2105/1219/1620
f 2463/1214/1620 3119/1217/1620 2864/1221/1620
f 3311/1213/1621 2768/1214/1621 3363/1215/1621
f 3311/1213/1621 2703/1216/1621 2768/1214/1621
f 2703/1216/1622 1919/1217/1622 2768/1214/1622
f 2703/1216/1622 1859/1218/1622 1919/1217/1622
f 3363/1215/1623 2834/1219/1623 3410/1220/1623
f 3363/1215/1623 2768/1214/1623 2834/1219/1623
f 2768/1214/1624 1983/1221/1624 2834/1219/1624
f 2768/1214/1624 1919/1217/1624 1983/1221/1624
f 436/1215/1625 995/1219/1625 480/1220/1625
f 436/1215/1625 937/1214/1625 995/1219/1625
f 937/1214/1626 1734/1221/1626 995/1219/1626
f 937/1214/1626 1616/1217/1626 1734/1221/1626
f 2175/1213/1627 1507/1214/1627 2311/1215/1627
f 2175/1213/1627 1363/1216/1627 1507/1214/1627
f 1363/1216/1628 870/1217/1628 1507/1214/1628
f 1363/1216/1628 791/1218/1628 870/1217/1628
f 973/1213/1629 1586/1214/1629 1588/1215/1629
f 973/1213/1629 972/1216/1629 1586/1214/1629
f 1588/1215/1630 2312/1219/1630 2314/1220/1630
f 1588/1215/1630 1586/1214/1630 2312/1219/1630
f 3129/1213/1631 3730/1214/1631 3659/1215/1631
f 3129/1213/1631 3242/1216/1631 3730/1214/1631
f 3135/1213/1632 3775/1214/1632 3310/1215/1632
f 3135/1213/1632 3650/1216/1632 3775/1214/1632
f 3310/1215/1633 3886/1219/1633 3534/1220/1633
f 3310/1215/1633 3775/1214/1633 3886/1219/1633
f 115/1213/1634 516/1214/1634 236/1215/1634
f 115/1213/1634 347/1216/1634 516/1214/1634
f 347/1216/1635 961/1217/1635 516/1214/1635
f 347/1216/1635 734/1218/1635 961/1217/1635
f 236/1215/1636 780/1219/1636 375/1220/1636
f 236/1215/1636 516/1214/1636 780/1219/1636
f 516/1214/1637 1269/1221/1637 780/1219/1637
f 516/1214/1637 961/1217/1637 1269/1221/1637
f 1689/1213/1638 894/1214/1638 1537/1215/1638
f 1689/1213/1638 966/1216/1638 894/1214/1638
f 966/1216/1639 411/1217/1639 894/1214/1639
f 966/1216/1639 458/1218/1639 411/1217/1639
f 1537/1215/1640 820/1219/1640 1419/1220/1640
f 1537/1215/1640 894/1214/1640 820/1219/1640
f 894/1214/1641 364/1221/1641 820/1219/1641
f 894/1214/1641 411/1217/1641 364/1221/1641
f 869/1216/1642 983/1217/1642 577/1214/1642
f 869/1216/1643 1362/1218/1643 983/1217/1643
f 278/1215/1644 352/1219/1644 128/1220/1644
f 278/1215/1645 577/1214/1645 352/1219/1645
f 577/1214/1646 721/1221/1646 352/1219/1646
f 577/1214/1646 983/1217/1646 721/1221/1646
f 807/1213/1647 873/1214/1647 1251/1215/1647
f 807/1213/1647 469/1216/1647 873/1214/1647
f 469/1216/1648 537/1217/1648 873/1214/1648
f 469/1216/1648 277/1218/1648 537/1217/1648
f 1251/1215/1649 1324/1219/1649 1832/1220/1649
f 1251/1215/1649 873/1214/1649 1324/1219/1649
f 873/1214/1650 939/1221/1650 1324/1219/1650
f 873/1214/1650 537/1217/1650 939/1221/1650
f 1992/1216/1651 1598/1217/1651 1289/1214/1651
f 1992/1216/1651 2304/1218/1651 1598/1217/1651
f 1289/1214/1652 991/1221/1652 796/1219/1652
f 1289/1214/1652 1598/1217/1652 991/1221/1652
f 2366/1213/1653 1758/1214/1653 2582/1215/1653
f 2366/1213/1653 1563/1216/1653 1758/1214/1653
f 1563/1216/1654 1009/1217/1654 1758/1214/1654
f 1563/1216/1654 916/1218/1654 1009/1217/1654
f 2582/1215/1655 1924/1219/1655 2749/1220/1655
f 2582/1215/1655 1758/1214/1655 1924/1219/1655
f 1758/1214/1656 1143/1221/1656 1924/1219/1656
f 1758/1214/1656 1009/1217/1657 1143/1221/1656
f 3112/1213/1658 2788/1216/1658 2088/1214/1658
f 2788/1216/1659 1662/1217/1659 2088/1214/1659
f 2788/1216/1659 2339/1218/1659 1662/1217/1659
f 2088/1214/1660 1662/1217/1660 1046/1221/1660
f 813/1213/1661 1726/1214/1661 1130/1215/1661
f 813/1213/1661 1239/1216/1661 1726/1214/1661
f 1239/1216/1662 2321/1217/1662 1726/1214/1662
f 1130/1215/1663 2221/1219/1663 1609/1220/1663
f 1130/1215/1663 1726/1214/1663 2221/1219/1663
f 1726/1214/1664 2863/1221/1664 2221/1219/1664
f 1726/1214/1664 2321/1217/1664 2863/1221/1664
f 328/1213/1665 778/1214/1665 332/1215/1665
f 328/1213/1665 775/1216/1665 778/1214/1665
f 775/1216/1666 1359/1217/1666 778/1214/1666
f 775/1216/1666 1351/1218/1666 1359/1217/1666
f 332/1215/1667 784/1219/1667 333/1220/1667
f 332/1215/1667 778/1214/1667 784/1219/1667
f 778/1214/1668 1368/1221/1668 784/1219/1668
f 778/1214/1668 1359/1217/1668 1368/1221/1668
f 2042/1213/1669 1142/1214/1669 1934/1215/1669
f 2042/1213/1669 1245/1216/1669 1142/1214/1669
f 1245/1216/1670 628/1217/1670 1142/1214/1670
f 1245/1216/1670 690/1218/1670 628/1217/1670
f 1934/1215/1671 1064/1219/1671 1840/1220/1671
f 1934/1215/1672 1142/1214/1672 1064/1219/1672
f 1142/1214/1673 559/1221/1673 1064/1219/1674
f 1142/1214/1673 628/1217/1673 559/1221/1673
f 1121/1213/1675 931/1214/1675 695/1215/1675
f 1121/1213/1675 1491/1216/1675 931/1214/1675
f 1491/1216/1676 1224/1217/1676 931/1214/1676
f 1491/1216/1676 1882/1218/1676 1224/1217/1676
f 695/1215/1677 931/1214/1677 486/1219/1677
f 931/1214/1678 755/1221/1678 486/1219/1678
f 931/1214/1678 1224/1217/1678 755/1221/1678
f 1027/1213/1679 1137/1214/1679 1596/1215/1679
f 1027/1213/1679 750/1216/1679 1137/1214/1679
f 750/1216/1680 825/1217/1680 1137/1214/1680
f 750/1216/1680 434/1218/1680 825/1217/1680
f 1596/1215/1681 1749/1219/1681 2237/1220/1681
f 1596/1215/1681 1137/1214/1681 1749/1219/1681
f 1137/1214/1682 1267/1221/1682 1749/1219/1682
f 1137/1214/1682 825/1217/1682 1267/1221/1682
f 1747/1216/1683 1608/1217/1683 1127/1214/1683
f 1747/1216/1683 2244/1218/1683 1608/1217/1683
f 810/1215/1684 747/1219/1684 428/1220/1684
f 810/1215/1684 1127/1214/1684 747/1219/1684
f 1127/1214/1685 1031/1221/1685 747/1219/1685
f 1127/1214/1685 1608/1217/1685 1031/1221/1685
f 1374/1213/1686 1494/1214/1686 2007/1215/1686
f 1374/1213/1686 977/1216/1686 1494/1214/1686
f 977/1216/1687 1043/1217/1687 1494/1214/1687
f 977/1216/1687 684/1218/1687 1043/1217/1687
f 2007/1215/1688 2107/1219/1688 2640/1220/1688
f 2007/1215/1688 1494/1214/1688 2107/1219/1688
f 1494/1214/1689 1595/1221/1689 2107/1219/1689
f 1494/1214/1689 1043/1217/1689 1595/1221/1689
f 2964/1213/1690 1811/1214/1690 2355/1215/1690
f 2964/1213/1690 2432/1216/1690 1811/1214/1690
f 2432/1216/1691 1280/1217/1691 1811/1214/1691
f 2432/1216/1691 1872/1218/1691 1280/1217/1691
f 2355/1215/1692 1811/1214/1692 1244/1219/1692
f 1811/1214/1693 853/1221/1693 1244/1219/1694
f 1811/1214/1693 1280/1217/1693 853/1221/1693
f 979/1213/1695 1572/1214/1695 1660/1215/1695
f 979/1213/1695 934/1216/1695 1572/1214/1695
f 934/1216/1696 1502/1217/1696 1572/1214/1696
f 934/1216/1696 877/1218/1696 1502/1217/1696
f 1660/1215/1697 2362/1219/1697 2472/1220/1697
f 1660/1215/1697 1572/1214/1697 2362/1219/1697
f 1572/1214/1698 2275/1221/1698 2362/1219/1698
f 1572/1214/1698 1502/1217/1698 2275/1221/1698
f 310/1213/1699 942/1214/1699 557/1215/1699
f 310/1213/1699 619/1216/1699 942/1214/1699
f 619/1216/1700 1423/1217/1700 942/1214/1700
f 619/1216/1700 982/1218/1700 1423/1217/1700
f 557/1215/1701 1346/1219/1701 893/1220/1701
f 557/1215/1701 942/1214/1701 1346/1219/1701
f 942/1214/1702 1960/1221/1702 1346/1219/1702
f 942/1214/1702 1423/1217/1702 1960/1221/1702
f 2389/1213/1703 1308/1214/1703 2048/1215/1703
f 2389/1213/1703 1638/1216/1703 1308/1214/1703
f 1638/1216/1704 794/1217/1704 1308/1214/1704
f 1638/1216/1704 992/1218/1704 794/1217/1704
f 2048/1215/1705 1020/1219/1705 1702/1220/1705
f 2048/1215/1705 1308/1214/1705 1020/1219/1705
f 1308/1214/1706 567/1221/1706 1020/1219/1706
f 1308/1214/1706 794/1217/1706 567/1221/1706
f 1284/1213/1707 1044/1214/1707 806/1215/1707
f 1284/1213/1707 1692/1216/1707 1044/1214/1707
f 1692/1216/1708 1401/1217/1708 1044/1214/1708
f 1692/1216/1708 2098/1218/1708 1401/1217/1708
f 806/1215/1709 634/1219/1709 403/1220/1709
f 806/1215/1709 1044/1214/1709 634/1219/1709
f 1044/1214/1710 880/1221/1710 634/1219/1710
f 1044/1214/1710 1401/1217/1710 880/1221/1710
f 1329/1213/1711 1309/1214/1711 1873/1215/1711
f 1329/1213/1711 915/1216/1711 1309/1214/1711
f 915/1216/1712 892/1217/1712 1309/1214/1712
f 915/1216/1712 546/1218/1712 892/1217/1712
f 1873/1215/1713 1838/1219/1713 2428/1220/1713
f 1873/1215/1714 1309/1214/1714 1838/1219/1714
f 1309/1214/1715 1288/1221/1715 1838/1219/1715
f 1309/1214/1715 892/1217/1715 1288/1221/1715
f 522/1213/1716 1295/1214/1716 950/1215/1716
f 522/1213/1716 824/1216/1716 1295/1214/1716
f 824/1216/1717 1748/1217/1717 1295/1214/1717
f 824/1216/1717 1096/1218/1717 1748/1217/1717
f 950/1215/1718 1961/1219/1718 1501/1220/1718
f 950/1215/1718 1295/1214/1718 1961/1219/1718
f 1295/1214/1719 2425/1221/1719 1961/1219/1719
f 1295/1214/1719 1748/1217/1719 2425/1221/1719
f 2797/1213/1720 1599/1214/1720 2180/1215/1720
f 2797/1213/1720 2186/1216/1720 1599/1214/1720
f 2186/1216/1721 1071/1217/1721 1599/1214/1721
f 2186/1216/1721 1611/1218/1721 1071/1217/1721
f 2180/1215/1722 1065/1219/1722 1589/1220/1722
f 2180/1215/1722 1599/1214/1722 1065/1219/1722
f 1599/1214/1723 737/1221/1723 1065/1219/1723
f 1599/1214/1723 1071/1217/1723 737/1221/1723
f 2924/1213/1724 1767/1214/1724 2320/1215/1724
f 2924/1213/1724 2340/1216/1724 1767/1214/1724
f 2340/1216/1725 1231/1217/1725 1767/1214/1725
f 2340/1216/1725 1775/1218/1725 1231/1217/1725
f 2320/1215/1726 1217/1219/1726 1756/1220/1726
f 2320/1215/1726 1767/1214/1726 1217/1219/1726
f 1767/1214/1727 831/1221/1727 1217/1219/1727
f 1767/1214/1727 1231/1217/1727 831/1221/1727
f 667/1213/1728 1481/1214/1728 913/1215/1728
f 667/1213/1728 1105/1216/1728 1481/1214/1728
f 1105/1216/1729 2189/1217/1729 1481/1214/1729
f 1105/1216/1729 1797/1218/1729 2189/1217/1729
f 913/1215/1730 1869/1219/1730 1175/1220/1730
f 913/1215/1730 1481/1214/1730 1869/1219/1730
f 1481/1214/1731 2623/1221/1731 1869/1219/1731
f 1481/1214/1731 2189/1217/1732 2623/1221/1731
f 758/1213/1733 1407/1214/1733 1276/1215/1733
f 758/1213/1733 844/1216/1733 1407/1214/1733
f 844/1216/1734 1547/1217/1734 1407/1214/1734
f 844/1216/1734 933/1218/1734 1547/1217/1734
f 1276/1215/1735 2170/1219/1735 2031/1220/1735
f 1276/1215/1735 1407/1214/1735 2170/1219/1735
f 1407/1214/1736 2319/1221/1736 2170/1219/1736
f 1407/1214/1736 1547/1217/1736 2319/1221/1736
f 2825/1213/1737 1626/1214/1737 2242/1215/1737
f 2825/1213/1737 2181/1216/1737 1626/1214/1737
f 2181/1216/1738 1067/1217/1738 1626/1214/1738
f 2181/1216/1738 1565/1218/1738 1067/1217/1738
f 2242/1215/1739 1116/1219/1739 1704/1220/1739
f 2242/1215/1739 1626/1214/1739 1116/1219/1739
f 1626/1214/1740 753/1221/1740 1116/1219/1740
f 1626/1214/1740 1067/1217/1740 753/1221/1740
f 812/1213/1741 951/1214/1741 525/1215/1742
f 812/1213/1741 1277/1216/1741 951/1214/1741
f 1277/1216/1743 1496/1217/1743 951/1214/1743
f 1277/1216/1743 1928/1218/1743 1496/1217/1743
f 525/1215/1744 692/1219/1744 334/1220/1744
f 525/1215/1744 951/1214/1744 692/1219/1744
f 951/1214/1745 1095/1221/1745 692/1219/1745
f 951/1214/1745 1496/1217/1745 1095/1221/1745
f 871/1213/1746 1187/1214/1746 1456/1215/1746
f 871/1213/1746 708/1216/1746 1187/1214/1746
f 708/1216/1747 975/1217/1747 1187/1214/1747
f 708/1216/1747 511/1218/1747 975/1217/1747
f 1456/1215/1748 1906/1219/1748 2188/1220/1748
f 1456/1215/1748 1187/1214/1748 1906/1219/1748
f 1187/1214/1749 1620/1221/1749 1906/1219/1750
f 1187/1214/1749 975/1217/1749 1620/1221/1749
f 2602/1213/1751 1458/1214/1751 1932/1215/1751
f 2602/1213/1751 2089/1216/1751 1458/1214/1751
f 2089/1216/1752 1021/1217/1752 1458/1214/1752
f 2089/1216/1752 1584/1218/1752 1021/1217/1752
f 1932/1215/1753 943/1219/1753 1306/1220/1753
f 1932/1215/1753 1458/1214/1753 943/1219/1753
f 1458/1214/1754 642/1221/1754 943/1219/1754
f 1458/1214/1754 1021/1217/1754 642/1221/1754
f 459/1213/1755 1156/1214/1755 698/1215/1755
f 459/1213/1755 925/1216/1755 1156/1214/1755
f 925/1216/1756 1858/1217/1756 1156/1214/1756
f 925/1216/1756 1508/1218/1756 1858/1217/1756
f 698/1215/1757 1486/1219/1757 910/1220/1757
f 698/1215/1757 1156/1214/1757 1486/1219/1757
f 1156/1214/1758 2201/1221/1758 1486/1219/1758
f 1156/1214/1758 1858/1217/1758 2201/1221/1758
f 912/1213/1759 984/1214/1759 612/1215/1759
f 912/1213/1759 1379/1216/1759 984/1214/1759
f 1379/1216/1760 1520/1217/1760 984/1214/1760
f 1379/1216/1760 2023/1218/1760 1520/1217/1760
f 612/1215/1761 703/1219/1761 361/1220/1761
f 612/1215/1761 984/1214/1761 703/1219/1761
f 984/1214/1762 1074/1221/1762 703/1219/1762
f 984/1214/1762 1520/1217/1762 1074/1221/1762
f 1178/1213/1763 1255/1214/1763 1770/1215/1763
f 1178/1213/1763 828/1216/1763 1255/1214/1763
f 828/1216/1764 865/1217/1764 1255/1214/1764
f 828/1216/1764 470/1218/1764 865/1217/1764
f 1770/1215/1765 1829/1219/1765 2367/1220/1765
f 1770/1215/1765 1255/1214/1765 1829/1219/1765
f 1255/1214/1766 1302/1221/1766 1829/1219/1766
f 1255/1214/1766 865/1217/1766 1302/1221/1766
f 2621/1216/1767 1952/1217/1767 1796/1214/1767
f 2621/1216/1767 2759/1218/1767 1952/1217/1767
f 1796/1214/1768 1186/1221/1768 1055/1219/1768
f 1796/1214/1768 1952/1217/1768 1186/1221/1768
f 2215/1213/1769 2103/1214/1769 2756/1215/1769
f 2215/1213/1769 1574/1216/1769 2103/1214/1769
f 1574/1216/1770 1465/1217/1770 2103/1214/1770
f 1574/1216/1770 1018/1218/1770 1465/1217/1770
f 2756/1215/1771 2641/1219/1771 3162/1220/1771
f 2756/1215/1771 2103/1214/1771 2641/1219/1771
f 3091/1216/1772 2008/1217/1772 2512/1214/1772
f 3091/1216/1773 2665/1218/1773 2008/1217/1773
f 2512/1214/1774 1350/1221/1774 1843/1219/1774
f 2512/1214/1774 2008/1217/1774 1350/1221/1774
f 1013/1213/1775 2093/1214/1775 1585/1215/1775
f 1013/1213/1775 1450/1216/1775 2093/1214/1775
f 1450/1216/1776 2606/1217/1776 2093/1214/1776
f 1585/1215/1777 2765/1219/1777 2245/1220/1777
f 1585/1215/1778 2093/1214/1778 2765/1219/1778
f 2093/1214/1779 3150/1221/1779 2765/1219/1779
f 2093/1214/1779 2606/1217/1779 3150/1221/1779
f 2810/1216/1780 1889/1217/1780 1991/1214/1780
f 2810/1216/1780 2714/1218/1780 1889/1217/1780
f 1991/1214/1781 1114/1221/1781 1215/1219/1781
f 1991/1214/1781 1889/1217/1781 1114/1221/1781
f 1166/1213/1782 1965/1214/1782 1945/1215/1782
f 1166/1213/1782 1179/1216/1782 1965/1214/1782
f 1179/1216/1783 1981/1217/1783 1965/1214/1783
f 1945/1215/1784 2796/1219/1784 2779/1220/1784
f 1945/1215/1784 1965/1214/1784 2796/1219/1784
f 3173/1213/1785 2344/1214/1785 3114/1215/1785
f 3173/1213/1785 2455/1216/1785 2344/1214/1785
f 2455/1216/1786 1522/1217/1786 2344/1214/1786
f 2455/1216/1786 1614/1218/1786 1522/1217/1786
f 2035/1216/1787 2755/1217/1787 1918/1214/1787
f 2035/1216/1787 2862/1218/1787 2755/1217/1787
f 1124/1215/1788 1807/1219/1788 1042/1220/1788
f 1124/1215/1788 1918/1214/1788 1807/1219/1788
f 1918/1214/1789 2658/1221/1789 1807/1219/1789
f 1918/1214/1789 2755/1217/1789 2658/1221/1789
f 2732/1216/1790 1867/1217/1790 1930/1214/1790
f 2732/1216/1791 2675/1218/1791 1867/1217/1791
f 1930/1214/1792 1106/1221/1792 1169/1219/1792
f 1930/1214/1792 1867/1217/1792 1106/1221/1792
f 1776/1213/1793 2034/1214/1793 2479/1215/1793
f 1776/1213/1793 1339/1216/1793 2034/1214/1793
f 1339/1216/1794 1567/1217/1794 2034/1214/1794
f 1339/1216/1794 985/1218/1794 1567/1217/1794
f 2479/1215/1795 2725/1219/1795 3099/1220/1795
f 2479/1215/1796 2034/1214/1796 2725/1219/1796
f 3773/1216/1797 3084/1217/1797 3556/1214/1797
f 3773/1216/1798 3351/1218/1798 3084/1217/1798
f 3883/1215/1799 3257/1219/1799 3704/1220/1799
f 3883/1215/1799 3556/1214/1799 3257/1219/1799
f 3556/1214/1800 2727/1221/1800 3257/1219/1800
f 3556/1214/1800 3084/1217/1800 2727/1221/1800
f 2416/1213/1801 3254/1214/1801 3109/1215/1801
f 2416/1213/1801 2669/1216/1801 3254/1214/1801
f 2669/1216/1802 3428/1217/1802 3254/1214/1802
f 2669/1216/1802 2904/1218/1802 3428/1217/1802
f 3109/1215/1803 3725/1219/1803 3623/1220/1803
f 3109/1215/1803 3254/1214/1803 3725/1219/1803
f 3254/1214/1804 3840/1221/1804 3725/1219/1804
f 3254/1214/1804 3428/1217/1804 3840/1221/1804
f 3454/1213/1805 3590/1214/1805 3805/1215/1805
f 3454/1213/1805 3160/1216/1805 3590/1214/1805
f 3160/1216/1806 3278/1217/1806 3590/1214/1806
f 3160/1216/1807 2836/1218/1807 3278/1217/1807
f 3805/1215/1808 3590/1214/1808 3874/1219/1808
f 3590/1214/1809 3680/1221/1809 3874/1219/1809
f 3590/1214/1809 3278/1217/1809 3680/1221/1809
f 3212/1213/1810 3248/1214/1810 2854/1215/1810
f 3212/1213/1810 3611/1216/1810 3248/1214/1810
f 3611/1216/1811 3647/1217/1811 3248/1214/1811
f 3611/1216/1812 3860/1218/1812 3647/1217/1812
f 2854/1215/1813 2908/1219/1813 2315/1220/1813
f 2854/1215/1813 3248/1214/1813 2908/1219/1813
f 3248/1214/1814 3286/1221/1814 2908/1219/1814
f 3248/1214/1814 3647/1217/1815 3286/1221/1814
f 3188/1213/1816 3205/1214/1816 3593/1215/1816
f 3188/1213/1816 2757/1216/1816 3205/1214/1816
f 2757/1216/1817 2812/1217/1817 3205/1214/1817
f 2757/1216/1817 2182/1218/1817 2812/1217/1817
f 3593/1215/1818 3630/1219/1818 3863/1220/1818
f 3593/1215/1818 3205/1214/1818 3630/1219/1818
f 3205/1214/1819 3234/1221/1819 3630/1219/1819
f 3205/1214/1819 2812/1217/1819 3234/1221/1819
f 2800/1213/1820 2895/1214/1820 2250/1215/1820
f 2800/1213/1820 3245/1216/1820 2895/1214/1820
f 3245/1216/1821 3312/1217/1821 2895/1214/1821
f 3245/1216/1821 3670/1218/1821 3312/1217/1821
f 2250/1215/1822 2356/1219/1822 1746/1220/1822
f 2250/1215/1822 2895/1214/1822 2356/1219/1822
f 2895/1214/1823 2979/1221/1823 2356/1219/1823
f 2895/1214/1823 3312/1217/1823 2979/1221/1823
f 1271/1213/1824 2370/1214/1824 1810/1215/1824
f 1271/1213/1824 1815/1216/1824 2370/1214/1824
f 1815/1216/1825 2955/1217/1825 2370/1214/1825
f 1815/1216/1825 2375/1218/1825 2955/1217/1825
f 1810/1215/1826 2949/1219/1826 2365/1220/1826
f 1810/1215/1826 2370/1214/1826 2949/1219/1826
f 2370/1214/1827 3317/1221/1827 2949/1219/1828
f 2370/1214/1827 2955/1217/1827 3317/1221/1827
f 3634/1213/1829 2850/1214/1829 3154/1215/1830
f 3634/1213/1829 3327/1216/1829 2850/1214/1829
f 3327/1216/1831 2420/1217/1831 2850/1214/1831
f 3327/1216/1831 3069/1218/1831 2420/1217/1831
f 3154/1215/1832 2117/1219/1832 2558/1220/1832
f 3154/1215/1832 2850/1214/1832 2117/1219/1832
f 2850/1214/1833 1717/1221/1833 2117/1219/1833
f 2850/1214/1833 2420/1217/1833 1717/1221/1833
f 2027/1213/1834 2302/1214/1834 2737/1215/1834
f 2027/1213/1834 1603/1216/1834 2302/1214/1834
f 1603/1216/1835 1896/1217/1835 2302/1214/1835
f 1603/1216/1835 1236/1218/1835 1896/1217/1835
f 2737/1215/1836 2994/1219/1836 3259/1220/1836
f 2737/1215/1836 2302/1214/1836 2994/1219/1836
f 2302/1214/1837 2636/1221/1837 2994/1219/1837
f 2302/1214/1837 1896/1217/1837 2636/1221/1837
f 2824/1213/1838 2148/1214/1838 2011/1215/1838
f 2824/1213/1838 2951/1216/1838 2148/1214/1838
f 2951/1216/1839 2300/1217/1839 2148/1214/1839
f 2951/1216/1839 3059/1218/1839 2300/1217/1839
f 2011/1215/1840 1361/1219/1840 1248/1220/1840
f 2011/1215/1840 2148/1214/1840 1361/1219/1840
f 2148/1214/1841 1518/1221/1841 1361/1219/1841
f 2148/1214/1841 2300/1217/1841 1518/1221/1841
f 725/1213/1842 1549/1214/1842 969/1215/1842
f 725/1213/1842 1141/1216/1842 1549/1214/1842
f 1141/1216/1843 2246/1217/1843 1549/1214/1843
f 1141/1216/1844 1799/1218/1844 2246/1217/1844
f 969/1215/1845 2016/1219/1845 1319/1220/1845
f 969/1215/1845 1549/1214/1845 2016/1219/1845
f 1549/1214/1846 2715/1221/1846 2016/1219/1846
f 1549/1214/1846 2246/1217/1846 2715/1221/1846
f 3054/1213/1847 2126/1214/1847 2947/1215/1847
f 3054/1213/1847 2270/1216/1848 2126/1214/1847
f 2270/1216/1849 1320/1217/1849 2126/1214/1849
f 2270/1216/1849 1475/1218/1849 1320/1217/1849
f 2947/1215/1850 2002/1219/1850 2832/1220/1850
f 2947/1215/1850 2126/1214/1850 2002/1219/1850
f 2126/1214/1851 1211/1221/1851 2002/1219/1851
f 2126/1214/1851 1320/1217/1851 1211/1221/1851
f 876/1213/1852 1862/1214/1852 1274/1215/1852
f 876/1213/1852 1317/1216/1852 1862/1214/1852
f 1317/1216/1853 2482/1217/1853 1862/1214/1853
f 1317/1216/1853 1921/1218/1853 2482/1217/1853
f 1274/1215/1854 2422/1219/1854 1798/1220/1854
f 1274/1215/1854 1862/1214/1854 2422/1219/1854
f 1862/1214/1855 2999/1221/1855 2422/1219/1855
f 1862/1214/1855 2482/1217/1855 2999/1221/1855
f 3243/1213/1856 2234/1214/1856 2891/1215/1856
f 3243/1213/1856 2785/1216/1856 2234/1214/1856
f 2785/1216/1857 1592/1217/1857 2234/1214/1857
f 2785/1216/1857 2118/1218/1857 1592/1217/1857
f 2891/1215/1858 1731/1219/1858 2347/1220/1858
f 2891/1215/1858 2234/1214/1858 1731/1219/1858
f 2234/1214/1859 1110/1221/1859 1731/1219/1859
f 2234/1214/1859 1592/1217/1859 1110/1221/1859
f 3401/1213/1860 2466/1214/1860 2987/1215/1860
f 3401/1213/1860 3025/1216/1860 2466/1214/1860
f 3025/1216/1861 1894/1217/1861 2466/1214/1861
f 3025/1216/1861 2521/1218/1861 1894/1217/1861
f 2987/1215/1862 1841/1219/1862 2414/1220/1862
f 2987/1215/1862 2466/1214/1862 1841/1219/1862
f 2466/1214/1863 1305/1221/1863 1841/1219/1863
f 2466/1214/1863 1894/1217/1863 1305/1221/1863
f 1040/1213/1864 2127/1214/1864 1506/1215/1864
f 1040/1213/1864 1612/1216/1864 2127/1214/1864
f 1612/1216/1865 2792/1217/1865 2127/1214/1865
f 1612/1216/1865 2243/1218/1865 2792/1217/1865
f 1506/1215/1866 2672/1219/1866 2029/1220/1866
f 1506/1215/1866 2127/1214/1866 2672/1219/1866
f 2127/1214/1867 3178/1221/1867 2672/1219/1867
f 2127/1214/1867 2792/1217/1867 3178/1221/1867
f 917/1213/1868 1923/1214/1868 1338/1215/1868
f 917/1213/1868 1347/1216/1868 1923/1214/1868
f 1347/1216/1869 2523/1217/1869 1923/1214/1869
f 1347/1216/1869 1931/1218/1869 2523/1217/1869
f 1338/1215/1870 2515/1219/1870 1909/1220/1870
f 1338/1215/1870 1923/1214/1870 2515/1219/1870
f 1923/1214/1871 3045/1221/1871 2515/1219/1871
f 1923/1214/1871 2523/1217/1871 3045/1221/1871
f 3249/1213/1872 2239/1214/1872 2842/1215/1872
f 3249/1213/1872 2857/1216/1872 2239/1214/1872
f 2857/1216/1873 1691/1217/1873 2239/1214/1873
f 2857/1216/1873 2262/1218/1873 1691/1217/1873
f 2842/1215/1874 1644/1219/1874 2212/1220/1874
f 2842/1215/1874 2239/1214/1874 1644/1219/1874
f 2239/1214/1875 1115/1221/1875 1644/1219/1875
f 2239/1214/1875 1691/1217/1875 1115/1221/1875
f 3787/1214/1876 3075/1221/1876 3481/1219/1876
f 3787/1214/1876 3458/1217/1876 3075/1221/1876
f 2923/1213/1877 3620/1214/1877 3391/1215/1877
f 2923/1213/1877 3151/1216/1877 3620/1214/1877
f 3151/1216/1878 3762/1217/1878 3620/1214/1878
f 3151/1216/1878 3353/1218/1878 3762/1217/1878
f 3391/1215/1879 3901/1219/1879 3786/1220/1879
f 3391/1215/1879 3620/1214/1879 3901/1219/1879
f 3869/1213/1880 3609/1216/1880 3852/1214/1880
f 3609/1216/1881 3551/1217/1881 3852/1214/1881
f 3609/1216/1881 3183/1218/1881 3551/1217/1881
f 3852/1214/1882 3551/1217/1882 3825/1221/1882
f 3028/1213/1883 3601/1214/1883 3036/1215/1883
f 3028/1213/1883 3594/1216/1883 3601/1214/1883
f 3594/1216/1884 3947/1217/1884 3601/1214/1884
f 3036/1215/1885 3608/1219/1885 3042/1220/1885
f 3036/1215/1885 3601/1214/1885 3608/1219/1885
f 3601/1214/1886 3951/1221/1886 3608/1219/1886
f 3601/1214/1886 3947/1217/1886 3951/1221/1886
f 3755/1214/1887 3051/1221/1887 3408/1219/1887
f 3755/1214/1887 3450/1217/1887 3051/1221/1887
f 2653/1213/1888 3513/1214/1888 3082/1215/1888
f 2653/1213/1888 3175/1216/1888 3513/1214/1888
f 3082/1215/1889 3785/1219/1889 3415/1220/1889
f 3082/1215/1889 3513/1214/1889 3785/1219/1889
f 3877/1216/1890 3253/1217/1890 3695/1214/1890
f 3877/1216/1890 3555/1218/1890 3253/1217/1890
f 3695/1214/1891 2970/1221/1891 3444/1219/1891
f 3695/1214/1891 3253/1217/1891 2970/1221/1891
f 2721/1213/1892 3520/1214/1892 3258/1215/1892
f 2721/1213/1892 3032/1216/1892 3520/1214/1892
f 3032/1216/1893 3711/1217/1893 3520/1214/1893
f 3032/1216/1893 3260/1218/1893 3711/1217/1893
f 3258/1215/1894 3865/1219/1894 3706/1220/1894
f 3258/1215/1895 3520/1214/1895 3865/1219/1895
f 3821/1216/1896 3169/1217/1896 3662/1214/1896
f 3821/1216/1896 3412/1218/1896 3169/1217/1896
f 3662/1214/1897 2899/1221/1897 3405/1219/1897
f 3662/1214/1897 3169/1217/1897 2899/1221/1897
f 2967/1213/1898 3443/1214/1898 2874/1215/1898
f 2967/1213/1898 3530/1216/1898 3443/1214/1898
f 3530/1216/1899 3866/1217/1899 3443/1214/1899
f 2874/1215/1900 3357/1219/1900 2766/1220/1900
f 2874/1215/1900 3443/1214/1900 3357/1219/1900
f 3443/1214/1901 3833/1221/1901 3357/1219/1901
f 3443/1214/1901 3866/1217/1901 3833/1221/1901
f 3847/1213/1902 3324/1214/1902 3457/1215/1902
f 3847/1213/1902 3770/1216/1902 3324/1214/1902
f 3770/1216/1903 3228/1217/1903 3324/1214/1903
f 3770/1216/1904 3682/1218/1904 3228/1217/1904
f 3457/1215/1905 2820/1219/1905 2958/1220/1905
f 3457/1215/1906 3324/1214/1906 2820/1219/1906
f 3324/1214/1907 2647/1221/1907 2820/1219/1907
f 3324/1214/1907 3228/1217/1907 2647/1221/1907
f 3096/1213/1908 3355/1214/1908 3602/1215/1908
f 3096/1213/1908 2845/1216/1908 3355/1214/1908
f 2845/1216/1909 3146/1217/1909 3355/1214/1909
f 2845/1216/1910 2503/1218/1910 3146/1217/1910
f 3602/1215/1911 3796/1219/1911 3918/1220/1911
f 3602/1215/1911 3355/1214/1911 3796/1219/1911
f 3355/1214/1912 3653/1221/1912 3796/1219/1912
f 3355/1214/1912 3146/1217/1912 3653/1221/1912
f 3907/1216/1913 3322/1217/1913 3783/1214/1913
f 3907/1216/1913 3566/1218/1913 3322/1217/1913
f 4020/1215/1914 3640/1219/1914 3940/1220/1914
f 4020/1215/1914 3783/1214/1914 3640/1219/1914
f 3783/1214/1915 3125/1221/1915 3640/1219/1915
f 3783/1214/1915 3322/1217/1915 3125/1221/1915
f 2564/1213/1916 3383/1214/1916 2826/1215/1916
f 2564/1213/1916 3199/1216/1916 3383/1214/1916
f 3199/1216/1917 3823/1217/1917 3383/1214/1917
f 3199/1216/1918 3699/1218/1918 3823/1217/1918
f 2826/1215/1919 3554/1219/1919 3023/1220/1919
f 2826/1215/1919 3383/1214/1919 3554/1219/1919
f 3383/1214/1920 3911/1221/1920 3554/1219/1920
f 3383/1214/1920 3823/1217/1920 3911/1221/1920
f 2474/1213/1921 2123/1214/1921 1757/1215/1921
f 2474/1213/1921 2872/1216/1921 2123/1214/1921
f 2872/1216/1922 2534/1217/1922 2123/1214/1922
f 2872/1216/1922 3152/1218/1922 2534/1217/1922
f 1757/1215/1923 1417/1219/1923 1069/1220/1923
f 1757/1215/1923 2123/1214/1923 1417/1219/1923
f 2123/1214/1924 1795/1221/1924 1417/1219/1924
f 2123/1214/1924 2534/1217/1924 1795/1221/1924
f 2876/1213/1925 2586/1214/1925 3174/1215/1925
f 2876/1213/1925 2145/1216/1925 2586/1214/1925
f 2145/1216/1926 1842/1217/1926 2586/1214/1926
f 2145/1216/1926 1454/1218/1926 1842/1217/1926
f 3174/1215/1927 2963/1219/1927 3447/1220/1927
f 3174/1215/1927 2586/1214/1927 2963/1219/1927
f 2586/1214/1928 2257/1221/1928 2963/1219/1928
f 2586/1214/1928 1842/1217/1928 2257/1221/1928
f 3719/1213/1929 2992/1214/1929 3367/1215/1929
f 3719/1213/1929 3392/1216/1929 2992/1214/1929
f 3392/1216/1930 2469/1217/1930 2992/1214/1930
f 3392/1216/1930 3018/1218/1930 2469/1217/1930
f 3367/1215/1931 2441/1219/1931 2974/1220/1931
f 3367/1215/1931 2992/1214/1931 2441/1219/1931
f 2992/1214/1932 1871/1221/1932 2441/1219/1932
f 2992/1214/1932 2469/1217/1932 1871/1221/1932
f 1400/1213/1933 2580/1214/1933 1899/1215/1933
f 1400/1213/1933 2051/1216/1933 2580/1214/1933
f 2051/1216/1934 3132/1217/1934 2580/1214/1934
f 2051/1216/1934 2710/1218/1934 3132/1217/1934
f 1899/1215/1935 3031/1219/1935 2427/1220/1935
f 1899/1215/1935 2580/1214/1935 3031/1219/1935
f 2580/1214/1936 3471/1221/1936 3031/1219/1936
f 2580/1214/1936 3132/1217/1936 3471/1221/1936
f 4005/1213/1937 3580/1214/1937 3744/1215/1937
f 4005/1213/1937 3912/1216/1937 3580/1214/1937
f 3912/1216/1938 3354/1217/1938 3580/1214/1938
f 3912/1216/1938 3798/1218/1938 3354/1217/1938
f 3744/1215/1939 3081/1219/1939 3279/1220/1939
f 3744/1215/1940 3580/1214/1940 3081/1219/1940
f 3580/1214/1941 2841/1221/1941 3081/1219/1941
f 3580/1214/1941 3354/1217/1941 2841/1221/1941
f 2486/1213/1942 3371/1214/1942 3117/1215/1942
f 2486/1213/1942 2884/1216/1942 3371/1214/1942
f 2884/1216/1943 3645/1217/1943 3371/1214/1943
f 2884/1216/1944 3170/1218/1944 3645/1217/1944
f 3117/1215/1945 3784/1219/1945 3591/1220/1945
f 3117/1215/1945 3371/1214/1945 3784/1219/1945
f 3371/1214/1946 3928/1221/1946 3784/1219/1946
f 3371/1214/1946 3645/1217/1946 3928/1221/1946
f 3984/1213/1947 3672/1216/1947 3754/1214/1947
f 3672/1216/1948 3251/1217/1948 3754/1214/1948
f 3672/1216/1948 3153/1218/1948 3251/1217/1948
f 3754/1214/1949 3366/1221/1949 3832/1219/1949
f 3754/1214/1949 3251/1217/1949 3366/1221/1949
f 3066/1213/1950 3395/1214/1950 2860/1215/1950
f 3066/1213/1950 3576/1216/1950 3395/1214/1950
f 3576/1216/1951 3822/1217/1951 3395/1214/1951
f 3576/1216/1951 3919/1218/1951 3822/1217/1951
f 2860/1215/1952 3204/1219/1952 2594/1220/1952
f 2860/1215/1952 3395/1214/1952 3204/1219/1952
f 3395/1214/1953 3685/1221/1953 3204/1219/1953
f 3395/1214/1953 3822/1217/1953 3685/1221/1953
f 3722/1216/1954 3282/1217/1954 3779/1214/1954
f 3722/1216/1954 3223/1218/1954 3282/1217/1954
f 3779/1214/1955 3361/1221/1955 3835/1219/1955
f 3779/1214/1955 3282/1217/1955 3361/1221/1955
f 3121/1213/1956 3418/1214/1956 2897/1215/1956
f 3121/1213/1956 3638/1216/1956 3418/1214/1956
f 3638/1216/1957 3837/1217/1957 3418/1214/1957
f 3638/1216/1957 3939/1218/1957 3837/1217/1957
f 2897/1215/1958 3206/1219/1958 2604/1220/1958
f 2897/1215/1958 3418/1214/1958 3206/1219/1958
f 3418/1214/1959 3683/1221/1959 3206/1219/1959
f 3418/1214/1959 3837/1217/1959 3683/1221/1959
f 2934/1213/1960 3533/1214/1960 3491/1215/1960
f 2934/1213/1960 2978/1216/1960 3533/1214/1960
f 2978/1216/1961 3574/1217/1961 3533/1214/1961
f 2978/1216/1961 3026/1218/1961 3574/1217/1961
f 3533/1214/1962 3574/1217/1962 3930/1221/1962
f 3768/1213/1963 3421/1214/1963 3291/1215/1964
f 3768/1213/1963 3850/1216/1963 3421/1214/1963
f 3850/1216/1965 3543/1217/1965 3421/1214/1965
f 3291/1215/1966 2873/1219/1966 2698/1220/1966
f 3291/1215/1966 3421/1214/1966 2873/1219/1966
f 3421/1214/1967 3013/1221/1967 2873/1219/1967
f 3421/1214/1967 3543/1217/1967 3013/1221/1967
f 635/1213/1968 1194/1214/1968 660/1215/1968
f 635/1213/1968 1164/1216/1968 1194/1214/1968
f 1164/1216/1969 2006/1217/1969 1194/1214/1969
f 1164/1216/1969 1967/1218/1969 2006/1217/1969
f 660/1215/1970 1194/1214/1970 1234/1219/1970
f 1194/1214/1971 2040/1221/1971 1234/1219/1971
f 1194/1214/1971 2006/1217/1971 2040/1221/1971
f 1779/1213/1972 1663/1214/1972 2258/1215/1972
f 1779/1213/1972 1233/1216/1972 1663/1214/1972
f 1233/1216/1973 1111/1217/1973 1663/1214/1973
f 1233/1216/1973 830/1218/1973 1111/1217/1973
f 2258/1215/1974 2138/1219/1974 2750/1220/1974
f 2258/1215/1974 1663/1214/1974 2138/1219/1974
f 1663/1214/1975 1546/1221/1975 2138/1219/1975
f 1663/1214/1975 1111/1217/1975 1546/1221/1975
f 3062/1213/1976 2003/1214/1976 2423/1215/1976
f 3062/1213/1976 2700/1216/1976 2003/1214/1976
f 2700/1216/1977 1552/1217/1977 2003/1214/1977
f 2700/1216/1977 2256/1218/1977 1552/1217/1977
f 2423/1215/1978 1303/1219/1978 1730/1220/1978
f 2423/1215/1978 2003/1214/1978 1303/1219/1978
f 2003/1214/1979 970/1221/1979 1303/1219/1979
f 2003/1214/1979 1552/1217/1979 970/1221/1979
f 875/1213/1980 1723/1214/1980 1478/1215/1980
f 875/1213/1980 1015/1216/1980 1723/1214/1980
f 1015/1216/1981 1964/1217/1981 1723/1214/1981
f 1015/1216/1982 1230/1218/1982 1964/1217/1982
f 1478/1215/1983 2500/1219/1983 2232/1220/1983
f 1478/1215/1983 1723/1214/1983 2500/1219/1983
f 1723/1214/1984 2743/1221/1984 2500/1219/1984
f 1723/1214/1984 1964/1217/1984 2743/1221/1984
f 3001/1213/1985 2437/1214/1985 3148/1215/1985
f 3001/1213/1985 2214/1216/1985 2437/1214/1985
f 2214/1216/1986 1619/1217/1986 2437/1214/1986
f 2214/1216/1987 1424/1218/1987 1619/1217/1987
f 3148/1215/1988 2659/1219/1988 3265/1220/1988
f 3148/1215/1988 2437/1214/1988 2659/1219/1988
f 2437/1214/1989 1825/1221/1989 2659/1219/1989
f 2437/1214/1989 1619/1217/1989 1825/1221/1989
f 1131/1213/1990 1897/1214/1990 1104/1215/1990
f 1131/1213/1990 1929/1216/1990 1897/1214/1990
f 1929/1216/1991 2752/1217/1991 1897/1214/1991
f 1929/1216/1991 2786/1218/1991 2752/1217/1991
f 1104/1215/1992 1883/1219/1992 1092/1220/1992
f 1104/1215/1992 1897/1214/1992 1883/1219/1992
f 1897/1214/1993 2726/1221/1993 1883/1219/1993
f 1897/1214/1993 2752/1217/1994 2726/1221/1993
f 1025/1213/1995 1809/1214/1995 1739/1215/1995
f 1025/1213/1995 1087/1216/1995 1809/1214/1995
f 1087/1216/1996 1891/1217/1996 1809/1214/1996
f 1087/1216/1996 1162/1218/1996 1891/1217/1996
f 1739/1215/1997 2601/1219/1997 2510/1220/1997
f 1739/1215/1998 1809/1214/1998 2601/1219/1998
f 1809/1214/1999 2676/1221/1999 2601/1219/1999
f 1809/1214/1999 1891/1217/1999 2676/1221/1999
f 3055/1213/2000 1990/1214/2000 2403/1215/2000
f 3055/1213/2000 2692/1216/2000 1990/1214/2000
f 2692/1216/2001 1548/1217/2001 1990/1214/2001
f 2692/1216/2001 2252/1218/2001 1548/1217/2001
f 2403/1215/2002 1299/1219/2002 1708/1220/2002
f 2403/1215/2002 1990/1214/2002 1299/1219/2002
f 1990/1214/2003 967/1221/2003 1299/1219/2003
f 1990/1214/2003 1548/1217/2003 967/1221/2003
f 874/1213/2004 1455/1214/2004 1512/1215/2004
f 874/1213/2004 841/1216/2004 1455/1214/2004
f 841/1216/2005 1373/1217/2005 1455/1214/2005
f 1512/1215/2006 2247/1219/2006 2306/1220/2006
f 1512/1215/2006 1455/1214/2006 2247/1219/2006
f 1455/1214/2007 2176/1221/2007 2247/1219/2007
f 1455/1214/2007 1373/1217/2008 2176/1221/2007
f 2271/1213/2009 1490/1214/2009 1482/1215/2009
f 2271/1213/2009 2288/1216/2009 1490/1214/2009
f 2288/1216/2010 1499/1217/2010 1490/1214/2010
f 2288/1216/2010 2301/1218/2010 1499/1217/2010
f 1490/1214/2011 1499/1217/2011 867/1221/2011
f 914/1216/2012 1772/1217/2012 1036/1214/2012
f 914/1216/2012 1540/1218/2012 1772/1217/2012
f 1036/1214/2013 2013/1221/2013 1247/1219/2013
f 1036/1214/2013 1772/1217/2013 2013/1221/2013
f 2272/1213/2014 1517/1214/2014 2329/1215/2014
f 2272/1213/2014 1467/1216/2014 1517/1214/2014
f 2329/1215/2015 1562/1219/2015 2393/1220/2015
f 2329/1215/2015 1517/1214/2015 1562/1219/2015
f 1517/1214/2016 909/1221/2016 1562/1219/2016
f 3387/1213/2017 2723/1214/2017 3329/1215/2017
f 3387/1213/2017 2794/1216/2017 2723/1214/2017
f 2794/1216/2018 1879/1217/2018 2723/1214/2018
f 2794/1216/2018 1939/1218/2018 1879/1217/2018
f 3329/1215/2019 2668/1219/2019 3290/1220/2019
f 3329/1215/2020 2723/1214/2020 2668/1219/2020
f 2723/1214/2021 1814/1221/2021 2668/1219/2021
f 2723/1214/2021 1879/1217/2021 1814/1221/2021
f 1189/1213/2022 2287/1214/2022 1816/1215/2022
f 1189/1213/2022 1634/1216/2022 2287/1214/2022
f 1634/1216/2023 2807/1217/2023 2287/1214/2023
f 1634/1216/2023 2119/1218/2023 2807/1217/2023
f 1816/1215/2024 2956/1219/2024 2483/1220/2024
f 1816/1215/2024 2287/1214/2024 2956/1219/2024
f 2287/1214/2025 3263/1221/2025 2956/1219/2025
f 2287/1214/2025 2807/1217/2025 3263/1221/2025
f 2154/1213/2026 2487/1214/2026 2859/1215/2026
f 2154/1213/2026 1791/1216/2026 2487/1214/2026
f 1791/1216/2027 2110/1217/2027 2487/1214/2027
f 1791/1216/2027 1444/1218/2027 2110/1217/2027
f 2859/1215/2028 3098/1219/2028 3318/1220/2028
f 2859/1215/2028 2487/1214/2028 3098/1219/2028
f 2487/1214/2029 2816/1221/2029 3098/1219/2029
f 2487/1214/2029 2110/1217/2029 2816/1221/2029
f 2305/1213/2030 2254/1214/2030 1718/1215/2031
f 2305/1213/2030 2882/1216/2030 2254/1214/2030
f 2882/1216/2032 2835/1217/2032 2254/1214/2032
f 2882/1216/2032 3255/1218/2032 2835/1217/2032
f 1718/1215/2033 1641/1219/2033 1129/1220/2033
f 1718/1215/2033 2254/1214/2033 1641/1219/2033
f 2254/1214/2034 2192/1221/2034 1641/1219/2034
f 2254/1214/2034 2835/1217/2034 2192/1221/2034
f 1781/1213/2035 2191/1214/2035 2528/1215/2035
f 1781/1213/2035 1479/1216/2035 2191/1214/2035
f 1479/1216/2036 1881/1217/2036 2191/1214/2036
f 1479/1216/2036 1180/1218/2036 1881/1217/2036
f 2528/1215/2037 2931/1219/2037 3156/1220/2037
f 2528/1215/2037 2191/1214/2037 2931/1219/2037
f 2191/1214/2038 2638/1221/2038 2931/1219/2038
f 2191/1214/2038 1881/1217/2038 2638/1221/2038
f 2645/1213/2039 2090/1214/2039 1892/1215/2039
f 2645/1213/2039 2844/1216/2039 2090/1214/2039
f 2844/1216/2040 2268/1217/2040 2090/1214/2040
f 2844/1216/2040 2989/1218/2040 2268/1217/2040
f 1892/1215/2041 1355/1219/2041 1191/1220/2041
f 1892/1215/2041 2090/1214/2041 1355/1219/2041
f 2090/1214/2042 1543/1221/2042 1355/1219/2042
f 2090/1214/2042 2268/1217/2042 1543/1221/2042
f 2363/1213/2043 2353/1214/2043 2953/1215/2043
f 2363/1213/2043 1782/1216/2043 2353/1214/2043
f 1782/1216/2044 1771/1217/2044 2353/1214/2044
f 1782/1216/2044 1237/1218/2044 1771/1217/2044
f 2953/1215/2045 2940/1219/2045 3319/1220/2045
f 2953/1215/2045 2353/1214/2045 2940/1219/2045
f 2353/1214/2046 2338/1221/2046 2940/1219/2046
f 2353/1214/2046 1771/1217/2046 2338/1221/2046
f 2322/1213/2047 2078/1214/2047 1640/1215/2047
f 2322/1213/2047 2795/1216/2047 2078/1214/2047
f 2795/1216/2048 2532/1217/2048 2078/1214/2048
f 2795/1216/2048 3131/1218/2048 2532/1217/2048
f 1640/1215/2049 1384/1219/2049 1023/1220/2049
f 1640/1215/2049 2078/1214/2049 1384/1219/2049
f 2078/1214/2050 1826/1221/2050 1384/1219/2050
f 2078/1214/2050 2532/1217/2050 1826/1221/2050
f 1214/1213/2051 2049/1214/2051 1989/1215/2051
f 1214/1213/2051 1266/1216/2052 2049/1214/2051
f 1266/1216/2053 2112/1217/2053 2049/1214/2053
f 1266/1216/2053 1313/1218/2053 2112/1217/2053
f 1989/1215/2054 2867/1219/2054 2809/1220/2054
f 1989/1215/2054 2049/1214/2054 2867/1219/2054
f 2049/1214/2055 2927/1221/2055 2867/1219/2055
f 2049/1214/2055 2112/1217/2055 2927/1221/2055
f 3191/1213/2056 2160/1214/2056 2660/1215/2057
f 3191/1213/2056 2856/1216/2056 2160/1214/2056
f 2856/1216/2058 1707/1217/2058 2160/1214/2058
f 2856/1216/2058 2358/1218/2058 1707/1217/2058
f 2660/1215/2059 1500/1219/2059 1970/1220/2059
f 2660/1215/2059 2160/1214/2059 1500/1219/2059
f 2160/1214/2060 1072/1221/2060 1500/1219/2060
f 2160/1214/2060 1707/1217/2060 1072/1221/2060
f 3523/1213/2061 2657/1214/2061 3182/1215/2061
f 3523/1213/2061 3077/1216/2061 2657/1214/2061
f 3077/1216/2062 1980/1217/2062 2657/1214/2062
f 3077/1216/2062 2480/1218/2062 1980/1217/2062
f 3182/1215/2063 2125/1219/2063 2817/1220/2063
f 3182/1215/2063 2657/1214/2063 2125/1219/2063
f 2657/1214/2064 1488/1221/2064 2125/1219/2064
f 2657/1214/2064 1980/1217/2064 1488/1221/2064
f 1155/1213/2065 2226/1214/2065 1497/1215/2065
f 1155/1213/2065 1865/1216/2065 2226/1214/2065
f 1865/1216/2066 2968/1217/2066 2226/1214/2066
f 1865/1216/2066 2635/1218/2066 2968/1217/2066
f 1497/1215/2067 2633/1219/2067 1864/1220/2067
f 1497/1215/2067 2226/1214/2067 2633/1219/2067
f 2226/1214/2068 3214/1221/2068 2633/1219/2068
f 2226/1214/2068 2968/1217/2068 3214/1221/2068
f 3411/1213/2069 2670/1214/2069 3284/1215/2069
f 3411/1213/2069 2848/1216/2069 2670/1214/2069
f 2848/1216/2070 1831/1217/2070 2670/1214/2070
f 2848/1216/2071 2019/1218/2071 1831/1217/2071
f 3284/1215/2072 2496/1219/2072 3187/1220/2072
f 3284/1215/2073 2670/1214/2073 2496/1219/2073
f 2670/1214/2074 1661/1221/2074 2496/1219/2074
f 2670/1214/2074 1831/1217/2074 1661/1221/2074
f 1218/1213/2075 2217/1214/2075 1460/1215/2075
f 1218/1213/2075 1963/1216/2075 2217/1214/2075
f 1963/1216/2076 2988/1217/2076 2217/1214/2076
f 1963/1216/2076 2758/1218/2076 2988/1217/2076
f 1460/1215/2077 2511/1219/2077 1727/1220/2077
f 1460/1215/2077 2217/1214/2077 2511/1219/2077
f 2217/1214/2078 3177/1221/2078 2511/1219/2078
f 2217/1214/2078 2988/1217/2078 3177/1221/2078
f 3323/1213/2079 2413/1214/2079 2929/1215/2079
f 3323/1213/2079 2990/1216/2079 2413/1214/2079
f 2990/1216/2080 1887/1217/2080 2413/1214/2080
f 2990/1216/2080 2513/1218/2080 1887/1217/2080
f 2929/1215/2081 1788/1219/2081 2299/1220/2081
f 2929/1215/2081 2413/1214/2081 1788/1219/2081
f 2413/1214/2082 1298/1221/2082 1788/1219/2082
f 2413/1214/2082 1887/1217/2082 1298/1221/2082
f 1252/1213/2083 2238/1214/2083 1978/1215/2083
f 1252/1213/2083 1492/1216/2083 2238/1214/2083
f 1492/1216/2084 2533/1217/2084 2238/1214/2084
f 1492/1216/2084 1766/1218/2084 2533/1217/2084
f 1978/1215/2085 2982/1219/2085 2744/1220/2085
f 1978/1215/2086 2238/1214/2086 2982/1219/2086
f 2238/1214/2087 3176/1221/2087 2982/1219/2087
f 2238/1214/2087 2533/1217/2087 3176/1221/2087
l 440 818
l 3578 3686
l 3709 3972
l 97 144
l 69 74
l 453 704
l 275 306
l 324 460
l 357 504
l 208 359
l 503 553
l 526 570
l 715 847
l 380 475
l 380 397
l 1762 2418
l 1848 2033
l 2467 2925
l 2915 2941
l 2705 2932
l 3203 3658
l 3920 4046
l 3734 3945
l 2570 2667
l 1955 2396
l 2291 2626
l 2625 2894
l 3006 3246
l 2910 3056
l 2761 3147
l 2730 2781
l 2076 2094
l 1900 2092
l 2685 2702
l 1541 1854
l 3417 3728
l 3728 3748
l 636 901
l 1736 1760
l 852 1134
l 1188 1511
l 1510 1713
l 1292 1633
l 1354 1535
l 1381 1632
l 1220 1264
l 1030 1221
l 1876 1935
l 1999 2067
l 2068 2417
l 1968 1987
l 1888 1950
l 2828 2976
l 3211 3292
l 2870 3167
l 2742 2869
l 2120 2166
l 1659 2121
l 3497 3648
l 2547 2530
l 2536 2550
l 3078 3368
l 1657 1764
l 1915 2060
l 1483 1751
l 1461 1483
l 2276 2377
l 200 240
l 1714 1784
l 315 344
l 450 527
l 392 419
l 417 513
l 2032 2384
l 3674 3855
l 3655 3698
l 2091 2260
l 1568 1907
l 2875 3044
l 1001 1327
l 2784 3067
l 1315 1650
l 1805 2000
l 2977 3210
l 3293 3483
l 2477 2729
l 2167 2241
l 3664 3727
l 3041 3165
l 1348 1376
l 2776 2819
l 3669 3686
l 3903 3958
l 3972 3998
l 363 686
l 144 363
l 34 42
l 704 863
l 305 454
l 685 920
l 460 685
l 135 152
l 343 358
l 571 779
l 629 716
l 562 682
l 501 561
l 2821 2865
l 1118 1762
l 1034 1119
l 2383 2465
l 3604 3700
l 3854 3914
l 3856 3897
l 3658 4057
l 2985 3372
l 3373 3461
l 3588 3732
l 3697 3733
l 2667 2745
l 3019 3345
l 3011 3033
l 2395 2644
l 2624 2627
l 3007 3110
l 2438 2454
l 2459 2760
l 2259 2458
l 2741 2871
l 2674 2740
l 2631 2646
l 2563 2630
l 1854 2162
l 1326 1541
l 2554 2783
l 3068 3417
l 1649 1833
l 900 1316
l 1566 1736
l 1132 1577
l 1052 1133
l 1509 1576
l 996 1294
l 1081 1293
l 1534 1637
l 1426 1533
l 1219 1381
l 1935 1986
l 3221 3547
l 2829 2868
l 2235 2331
l 1966 2159
l 2015 2158
l 2957 3207
l 3606 3661
l 3595 3813
l 3208 3379
l 3498 3557
l 2433 2551
l 3377 3413
l 2210 2678
l 2678 3078
l 1656 1755
l 1048 1098
l 2475 2777
l 68 98
l 76 120
l 107 141
l 554 569
l 2484 2542
l 1695 1849
l 3451 3587
l 2746 3010
l 3053 3074
l 2095 2106
l 2559 2681
l 2161 2379
l 1310 1578
l 957 1053
l 1265 1341
l 2531 2535
l 2378 2581
