# Blender 5.1.0
# www.blender.org
mtllib bush_5.mtl
o Bush_1_5
v -0.306891 0.645481 0.054600
v -0.305304 0.659040 0.019637
v -0.305229 0.641677 0.054022
v -0.299796 0.609023 0.085254
v -0.297881 0.592529 0.085475
v -0.293298 0.617422 0.016086
v -0.298029 0.563590 0.131616
v -0.288060 0.501255 0.094187
v -0.285809 0.680733 0.024868
v -0.286871 0.651730 0.062661
v -0.284579 0.502429 0.090710
v -0.280057 0.608181 0.088716
v -0.272964 0.525151 0.126411
v -0.260197 0.534641 0.139221
v -0.264313 0.487568 0.148902
v -0.258689 0.642423 0.021699
v -0.258615 0.625061 0.056083
v -0.255069 0.454505 0.070058
v -0.255017 0.515127 0.122026
v -0.254973 0.472183 0.098517
v -0.254698 0.610654 0.054392
v -0.236642 0.621527 0.060080
v -0.253055 0.582934 0.091553
v -0.251267 0.575912 0.087537
v -0.243300 0.580001 0.071482
v -0.245714 0.591939 0.012948
v -0.244347 0.630116 -0.052455
v -0.240863 0.469518 0.103332
v -0.238833 0.666641 -0.079897
v -0.237876 0.621460 0.060117
v -0.237853 0.597058 0.045769
v -0.247539 0.455041 0.139525
v -0.230008 0.663265 -0.033650
v -0.228027 0.441217 0.131227
v -0.226852 0.394991 0.100494
v -0.224676 0.576638 0.015769
v -0.223151 0.667595 -0.064083
v -0.220661 0.609451 0.059067
v -0.220710 0.609453 0.059046
v -0.220943 0.506456 0.104503
v -0.220430 0.650986 -0.098404
v -0.202811 0.594538 0.024132
v -0.219407 0.475607 0.097088
v -0.216602 0.667468 -0.033465
v -0.177692 0.714412 -0.033923
v -0.214992 0.707944 -0.032702
v -0.208551 0.640581 -0.089150
v -0.208297 0.481860 0.071958
v -0.208768 0.660052 -0.039119
v -0.206151 0.559541 0.085282
v -0.205894 0.707234 -0.057745
v -0.204299 0.499564 0.095779
v -0.203198 0.499899 0.095340
v -0.193770 0.646014 0.037670
v -0.200656 0.701796 0.065475
v -0.200132 0.461205 0.044401
v -0.199502 0.609426 0.053806
v -0.198505 0.661956 0.083843
v -0.198135 0.532031 -0.096368
v -0.197618 0.549018 -0.072038
v -0.196899 0.658576 -0.014392
v -0.196333 0.571483 0.058323
v -0.196206 0.567005 -0.096351
v -0.192226 0.712237 0.103555
v -0.195362 0.493045 0.108397
v -0.188424 0.580452 0.057060
v -0.194207 0.693834 0.124203
v -0.169522 0.558455 0.055022
v -0.193565 0.705475 0.062642
v -0.193283 0.643634 0.036569
v -0.192996 0.531517 -0.115143
v -0.192821 0.560089 0.030979
v -0.192686 0.688338 -0.079414
v -0.183333 0.575369 -0.059431
v -0.189597 0.678251 -0.087243
v -0.188541 0.623287 -0.008800
v -0.187547 0.664196 0.008890
v -0.186903 0.493696 0.087018
v -0.185720 0.493952 0.086588
v -0.174659 0.682618 -0.037059
v -0.184560 0.685774 -0.014388
v -0.183316 0.707729 0.084969
v -0.183903 0.670223 0.130343
v -0.181856 0.702727 0.044921
v -0.183156 0.551063 0.028323
v -0.182228 0.629158 0.015998
v -0.180985 0.642760 0.081302
v -0.180880 0.698798 0.035451
v -0.180587 0.666594 0.060890
v -0.180543 0.727084 0.092954
v -0.180046 0.669150 -0.008366
v -0.179450 0.676502 -0.032244
v -0.179149 0.686169 -0.020859
v -0.178841 0.613856 0.015630
v -0.178602 0.719706 0.098431
v -0.177245 0.449538 0.113297
v -0.176460 0.471847 0.054642
v -0.175734 0.682740 -0.037485
v -0.176000 0.676643 0.032243
v -0.175910 0.599083 0.087609
v -0.174832 0.623071 0.011468
v -0.173693 0.628504 -0.007231
v -0.173204 0.638448 0.036512
v -0.172578 0.636527 0.069982
v -0.172291 0.690498 -0.051292
v -0.172240 0.604139 0.043453
v -0.172116 0.711943 0.139961
v -0.170019 0.557969 0.055704
v -0.171082 0.655138 -0.036718
v -0.169705 0.659480 -0.033015
v -0.170548 0.580126 -0.000614
v -0.170025 0.683458 0.099854
v -0.137736 0.667367 -0.036534
v -0.164527 0.546688 -0.024302
v -0.138994 0.682941 0.069029
v -0.166257 0.538481 -0.108892
v -0.166135 0.455791 0.088168
v -0.164281 0.673756 -0.029750
v -0.164741 0.673035 -0.030386
v -0.134438 0.662309 0.050245
v -0.165284 0.659588 0.016422
v -0.165085 0.726976 0.078653
v -0.164407 0.705128 0.060760
v -0.161092 0.560611 0.050506
v -0.160870 0.560492 0.050851
v -0.162721 0.506262 -0.062500
v -0.162053 0.673842 0.055018
v -0.162129 0.567249 -0.070523
v -0.160729 0.701749 -0.028875
v -0.160385 0.738813 0.094051
v -0.160717 0.585236 -0.094835
v -0.158780 0.543339 0.055051
v -0.159993 0.544251 0.054895
v -0.158927 0.543678 0.055033
v -0.164270 0.684269 -0.057393
v -0.159831 0.727504 0.080949
v -0.160212 0.655617 0.027533
v -0.160165 0.694477 0.018742
v -0.148149 0.587015 -0.072175
v -0.159923 0.656286 -0.001780
v -0.160374 0.740867 0.098385
v -0.159432 0.650601 -0.000170
v -0.159047 0.736782 0.119264
v -0.158320 0.649605 0.042277
v -0.157969 0.435136 0.060610
v -0.157834 0.631419 0.036368
v -0.157691 0.663485 -0.076358
v -0.157507 0.549748 -0.113628
v -0.157178 0.716055 -0.004537
v -0.156355 0.482959 0.073364
v -0.156336 0.730327 0.117125
v -0.156512 0.737815 0.114189
v -0.130327 0.724368 0.021112
v -0.156129 0.690020 -0.054316
v -0.155612 0.657638 -0.044664
v -0.155305 0.656259 0.032174
v -0.154962 0.583538 -0.094831
v -0.152553 0.624318 0.017005
v -0.152551 0.624280 0.017030
v -0.151900 0.591420 0.035000
v -0.152457 0.730730 0.103363
v -0.152400 0.720300 0.051462
v -0.151191 0.641420 0.004543
v -0.150554 0.640580 0.005236
v -0.152293 0.674076 0.088633
v -0.152000 0.716747 -0.003119
v -0.120534 0.708186 0.075367
v -0.151874 0.627320 0.001955
v -0.151655 0.596013 0.059097
v -0.151565 0.685879 0.142723
v -0.151077 0.621147 0.078550
v -0.149270 0.704484 0.058138
v -0.149271 0.704485 0.058139
v -0.149966 0.624176 0.011859
v -0.149764 0.662328 -0.063460
v -0.148647 0.775076 0.126356
v -0.148272 0.552912 -0.029335
v -0.147800 0.689399 0.123133
v -0.147666 0.663467 0.020771
v -0.142153 0.628181 0.049515
v -0.147070 0.700658 0.069263
v -0.138932 0.642727 -0.013498
v -0.146285 0.614454 0.017416
v -0.146575 0.691008 -0.006188
v -0.145562 0.662148 0.091924
v -0.144824 0.692771 0.046844
v -0.143920 0.692281 0.046237
v -0.144823 0.684856 -0.034187
v -0.144789 0.688137 0.038016
v -0.144512 0.669764 0.043843
v -0.143700 0.685419 -0.026866
v -0.143693 0.643880 0.084805
v -0.140759 0.503479 0.059929
v -0.125208 0.683163 0.062322
v -0.142316 0.723237 0.076517
v -0.141952 0.640099 0.013695
v -0.141841 0.685421 -0.039214
v -0.141285 0.404239 0.103778
v -0.138894 0.679128 0.035515
v -0.138897 0.679128 0.035515
v -0.140099 0.680905 0.055012
v -0.139972 0.611182 -0.024500
v -0.140003 0.480121 0.064721
v -0.138244 0.481309 0.063839
v -0.130561 0.573043 -0.054807
v -0.138363 0.647964 0.072693
v -0.138122 0.629789 -0.012480
v -0.128726 0.626337 -0.006502
v -0.136113 0.666454 0.042179
v -0.135960 0.711751 0.116951
v -0.135651 0.666766 0.111307
v -0.135096 0.764923 0.096782
v -0.134237 0.659512 0.049046
v -0.133166 0.473333 0.156054
v -0.117200 0.639363 0.057945
v -0.132741 0.496266 -0.116393
v -0.132586 0.391660 0.131298
v -0.132328 0.632320 -0.069684
v -0.132193 0.611081 -0.051149
v -0.131405 0.572447 -0.055712
v -0.128682 0.574774 -0.021496
v -0.130712 0.710284 0.090106
v -0.117940 0.684854 -0.001697
v -0.114640 0.688493 0.128107
v -0.128689 0.626364 -0.006506
v -0.127995 0.651280 0.020035
v -0.131581 0.712562 0.104472
v -0.130040 0.689919 0.047707
v -0.131025 0.618112 0.077186
v -0.129013 0.492073 0.055998
v -0.129382 0.616050 0.027503
v -0.126739 0.491661 0.055658
v -0.129010 0.663002 0.131397
v -0.128639 0.639828 0.004539
v -0.125372 0.627765 0.002383
v -0.116782 0.673711 0.043502
v -0.127690 0.596962 -0.016862
v -0.127615 0.713235 0.021568
v -0.125590 0.627910 0.002261
v -0.127277 0.637534 -0.095927
v -0.127032 0.762012 0.088602
v -0.126867 0.347368 0.142102
v -0.126494 0.544968 -0.100048
v -0.126419 0.663613 0.046997
v -0.126264 0.524608 -0.059322
v -0.124342 0.481281 0.056818
v -0.124619 0.481347 0.056932
v -0.129671 0.707313 0.079835
v -0.124950 0.535253 -0.063823
v -0.123870 0.669233 -0.023739
v -0.123465 0.676509 -0.090381
v -0.123321 0.568498 -0.042182
v -0.123622 0.745220 0.138165
v -0.123539 0.553240 -0.088136
v -0.122429 0.568720 -0.041308
v -0.122914 0.675635 0.029486
v -0.122743 0.607970 0.067079
v -0.122524 0.675376 0.065525
v -0.121782 0.614215 -0.001344
v -0.120588 0.613428 -0.001294
v -0.120650 0.613565 -0.001296
v -0.122287 0.651405 -0.040587
v -0.120129 0.619907 -0.164818
v -0.121807 0.642017 -0.034886
v -0.121765 0.697173 0.079279
v -0.121610 0.656322 0.018328
v -0.117465 0.678522 0.085570
v -0.121350 0.619332 -0.009097
v -0.121287 0.589092 -0.062663
v -0.120815 0.355329 0.067940
v -0.120376 0.594017 -0.095472
v -0.120329 0.517752 -0.106929
v -0.119926 0.697213 0.006207
v -0.119717 0.676480 0.093759
v -0.119077 0.685124 -0.001684
v -0.118981 0.754714 0.077322
v -0.118744 0.432070 0.158505
v -0.118410 0.639464 0.057932
v -0.118557 0.660102 -0.064233
v -0.118499 0.541719 -0.078340
v -0.118408 0.704663 0.032614
v -0.116735 0.626069 0.152686
v -0.117942 0.673762 0.044013
v -0.115870 0.769742 0.150191
v -0.118026 0.703608 0.062915
v -0.117571 0.768850 0.319311
v -0.116873 0.697827 0.217548
v -0.116043 0.688640 0.128065
v -0.116077 0.680861 0.079469
v -0.112960 0.430741 0.109241
v -0.113827 0.649416 0.050335
v -0.114822 0.412877 0.102260
v -0.114584 0.665836 -0.057985
v -0.114263 0.635777 0.034127
v -0.113901 0.714316 0.065123
v -0.111225 0.653882 0.054516
v -0.113311 0.690279 0.001241
v -0.113166 0.666429 0.103523
v -0.112507 0.759516 0.294480
v -0.112478 0.631810 0.016372
v -0.111816 0.474590 0.051830
v -0.111935 0.672167 0.048968
v -0.109383 0.473980 0.051316
v -0.109661 0.474284 0.051378
v -0.111202 0.633730 -0.063525
v -0.098559 0.674508 0.025041
v -0.107422 0.672819 -0.001147
v -0.107444 0.672847 -0.001148
v -0.108603 0.575976 -0.098133
v -0.106387 0.663426 0.035925
v -0.107221 0.663289 0.035205
v -0.108363 0.622793 -0.099430
v -0.082798 0.732237 0.080078
v -0.107884 0.722879 -0.003800
v -0.106366 0.559469 -0.016961
v -0.107630 0.642007 -0.018691
v -0.107548 0.670415 0.012799
v -0.107106 0.588836 -0.001218
v -0.106559 0.405530 0.137317
v -0.106471 0.635539 0.066484
v -0.106448 0.666577 -0.016122
v -0.079504 0.772852 0.162260
v -0.112364 0.371371 0.147391
v -0.103085 0.578342 0.000929
v -0.105306 0.695322 0.106025
v -0.104377 0.626448 0.059112
v -0.104685 0.567238 -0.143829
v -0.103222 0.626059 0.059125
v -0.104394 0.618021 -0.054796
v -0.104268 0.604540 -0.070961
v -0.103674 0.635758 0.057769
v -0.103010 0.670639 0.131021
v -0.101932 0.670045 0.131048
v -0.102897 0.736980 0.289982
v -0.104158 0.623123 0.015892
v -0.102475 0.752969 0.332575
v -0.102071 0.544818 0.086214
v -0.102005 0.726852 0.353045
v -0.101501 0.779816 0.136625
v -0.101653 0.654681 0.048744
v -0.101646 0.635505 0.018055
v -0.101635 0.607325 -0.127703
v -0.101617 0.366687 0.144739
v -0.100952 0.753557 0.346002
v -0.100586 0.643915 -0.048759
v -0.100272 0.393526 0.135206
v -0.100132 0.699932 0.061700
v -0.100094 0.372523 0.104419
v -0.098926 0.557250 -0.002519
v -0.099324 0.370644 0.132096
v -0.099280 0.359018 0.100199
v -0.099054 0.623568 -0.044443
v -0.098659 0.608269 -0.039950
v -0.097995 0.620942 -0.087095
v -0.097937 0.558537 -0.000820
v -0.097433 0.470281 -0.027216
v -0.096131 0.568475 0.009877
v -0.096950 0.625234 -0.099759
v -0.094071 0.567876 0.010857
v -0.067733 0.734387 0.075373
v -0.074907 0.753563 0.065695
v -0.096068 0.755656 0.108777
v -0.095560 0.732102 0.164960
v -0.095061 0.397383 0.085074
v -0.094932 0.394821 0.071243
v -0.099558 0.541315 -0.015726
v -0.086198 0.598252 -0.092145
v -0.091373 0.558590 0.010756
v -0.093165 0.739230 0.053250
v -0.092672 0.606008 -0.057636
v -0.092332 0.721890 0.357946
v -0.091427 0.657014 -0.057440
v -0.087681 0.639315 0.019947
v -0.084343 0.735449 0.114428
v -0.089630 0.649440 -0.000564
v -0.089851 0.649353 -0.000355
v -0.073662 0.660402 -0.070801
v -0.091463 0.504125 -0.029830
v -0.091219 0.558508 0.011043
v -0.091161 0.674777 0.138092
v -0.090232 0.507551 -0.096213
v -0.090145 0.769203 0.112124
v -0.089920 0.636393 0.105958
v -0.089766 0.502520 -0.053231
v -0.089402 0.614757 -0.116954
v -0.089199 0.539018 -0.060651
v -0.088752 0.707917 0.151617
v -0.079507 0.398965 0.114980
v -0.088463 0.654737 -0.089616
v -0.088175 0.572251 0.055946
v -0.087721 0.652214 -0.015405
v -0.087646 0.544444 -0.079016
v -0.087667 0.350277 0.113345
v -0.086833 0.312598 0.095903
v -0.086745 0.560068 -0.056330
v -0.086468 0.611780 -0.107978
v -0.047438 0.612427 -0.118749
v -0.086362 0.384804 0.112593
v -0.085165 0.736064 0.114951
v -0.076131 0.512203 -0.063766
v -0.085637 0.701138 0.030701
v -0.082712 0.551685 0.022037
v -0.085479 0.699229 0.088897
v -0.082770 0.551723 0.022054
v -0.082936 0.551785 0.021902
v -0.085354 0.509527 -0.123270
v -0.084721 0.596695 -0.092238
v -0.084508 0.582244 -0.156337
v -0.084257 0.653537 -0.061817
v -0.084071 0.619805 -0.160910
v -0.083902 0.622073 -0.035460
v -0.069280 0.585952 0.060726
v -0.083726 0.587432 -0.107463
v -0.083334 0.559286 -0.031575
v -0.083111 0.401615 0.118204
v -0.068395 0.709659 0.138072
v -0.082910 0.538504 -0.107749
v -0.080688 0.632618 0.132305
v -0.075350 0.622358 0.005739
v -0.082781 0.329002 0.115920
v -0.082584 0.650563 0.299113
v -0.082424 0.716458 0.028347
v -0.074649 0.623457 0.000620
v -0.078740 0.650151 -0.050336
v -0.081604 0.673590 0.047275
v -0.081158 0.643187 -0.076442
v -0.081459 0.622331 -0.140211
v -0.081317 0.543804 -0.093133
v -0.081070 0.673674 0.117094
v -0.079324 0.719479 0.107924
v -0.079340 0.719501 0.107936
v -0.080561 0.625566 -0.135914
v -0.076518 0.441985 0.040047
v -0.080643 0.340512 0.123398
v -0.064763 0.785340 0.311765
v -0.080455 0.398480 0.115632
v -0.079901 0.527901 -0.075066
v -0.081004 0.417437 0.170920
v -0.079253 0.607212 0.136299
v -0.078257 0.551037 0.000080
v -0.077542 0.651880 0.047312
v -0.083998 0.613306 0.045979
v -0.077042 0.724569 0.139113
v -0.075328 0.622299 0.005807
v -0.074737 0.623403 0.000462
v -0.075919 0.601701 0.014391
v -0.075078 0.393953 0.054742
v -0.075053 0.549284 0.022003
v -0.074257 0.408603 0.116129
v -0.073856 0.519500 -0.006189
v -0.073562 0.698627 0.235347
v -0.059216 0.371745 0.125798
v -0.073344 0.648163 0.014184
v -0.045039 0.783496 0.318134
v -0.072654 0.679232 0.002998
v -0.052047 0.653442 -0.091449
v -0.072420 0.407226 0.154833
v -0.072402 0.592341 -0.059159
v -0.071154 0.586782 0.060968
v -0.071800 0.538010 -0.071818
v -0.065933 0.655384 0.085960
v -0.076214 0.401656 0.166606
v -0.070439 0.613100 0.137604
v -0.071335 0.404684 0.084505
v -0.070471 0.396033 0.107385
v -0.070493 0.396045 0.107406
v -0.068526 0.612145 0.138090
v -0.067923 0.424791 0.041906
v -0.065292 0.422602 0.043301
v -0.070663 0.619930 -0.041172
v -0.063058 0.612991 -0.044423
v -0.066151 0.432353 0.062942
v -0.069927 0.530230 0.078629
v -0.069004 0.610947 0.001062
v -0.067761 0.610297 0.000916
v -0.067790 0.610337 0.000921
v -0.055701 0.708300 0.040692
v -0.062350 0.406542 0.049805
v -0.062367 0.406505 0.049837
v -0.066774 0.655091 0.086502
v -0.056781 0.618425 -0.079878
v -0.068263 0.513458 -0.048919
v -0.068101 0.466047 -0.031625
v -0.064361 0.412161 0.057001
v -0.061372 0.408533 0.056095
v -0.067330 0.524669 -0.059174
v -0.064485 0.600000 0.068325
v -0.066639 0.694587 0.113082
v -0.064580 0.638606 0.081730
v -0.065343 0.639603 0.082095
v -0.064591 0.638388 0.081705
v -0.065304 0.564085 -0.092073
v -0.043618 0.567669 -0.065428
v -0.065079 0.389879 0.174514
v -0.058052 0.382125 0.049935
v -0.058057 0.382146 0.049944
v -0.058115 0.382014 0.049937
v -0.055035 0.602324 -0.107853
v -0.064754 0.605824 -0.100196
v -0.064658 0.545899 0.099465
v -0.064026 0.613277 -0.045133
v -0.061752 0.626010 0.161415
v -0.064386 0.693535 0.087775
v -0.060912 0.518701 0.045217
v -0.060977 0.518781 0.045177
v -0.063975 0.716016 0.047077
v -0.055970 0.754489 0.375693
v -0.060503 0.597484 0.142563
v -0.060560 0.597610 0.142560
v -0.054407 0.244554 0.013728
v -0.054109 0.244316 0.013950
v -0.055621 0.277517 0.020743
v -0.055632 0.277383 0.020701
v -0.061606 0.653988 0.088453
v -0.061674 0.654009 0.088203
v -0.060186 0.575668 0.062249
v -0.060287 0.575835 0.062247
v -0.053785 0.233186 0.011353
v -0.053769 0.233030 0.011325
v -0.036455 0.790905 0.359004
v -0.062486 0.717722 0.150295
v -0.062349 0.583387 -0.089967
v -0.035981 0.762593 0.380747
v -0.054286 0.298496 0.027311
v -0.054116 0.298349 0.027073
v -0.061584 0.780093 0.362039
v -0.062084 0.756085 0.138919
v -0.060145 0.582877 0.065352
v -0.058367 0.581341 0.065056
v -0.061658 0.595385 -0.109756
v -0.059308 0.605923 0.153187
v -0.057752 0.604307 0.152397
v -0.057225 0.478026 0.085429
v -0.058382 0.480318 0.086491
v -0.057302 0.477749 0.085369
v -0.061037 0.604089 0.211661
v -0.060304 0.470540 -0.011873
v -0.060218 0.475178 -0.001836
v -0.058318 0.744512 0.307409
v -0.046826 0.198361 0.007544
v -0.059409 0.519587 -0.119771
v -0.057932 0.596588 -0.006404
v -0.059378 0.551197 -0.143233
v -0.051535 0.338952 0.040501
v -0.058465 0.602155 -0.034948
v -0.057482 0.601582 -0.034347
v -0.058876 0.617401 -0.080154
v -0.054719 0.747046 0.303092
v -0.057812 0.618777 -0.080321
v -0.057536 0.425320 0.154395
v -0.054206 0.577339 0.140553
v -0.054238 0.577456 0.140580
v -0.053856 0.499140 0.099583
v -0.053877 0.499028 0.099479
v -0.054231 0.577236 0.140596
v -0.057500 0.678590 0.093176
v -0.057457 0.607141 -0.064743
v -0.058581 0.708130 0.142212
v -0.057322 0.623949 -0.082583
v -0.056936 0.708356 0.041005
v -0.056960 0.640215 0.074575
v -0.053078 0.502568 0.049730
v -0.054387 0.658243 0.203624
v -0.054985 0.659010 0.204508
v -0.056329 0.591284 -0.127107
v -0.055479 0.389858 0.093492
v -0.054516 0.658014 0.203561
v -0.052893 0.560379 0.061763
v -0.052949 0.560528 0.061776
v -0.052923 0.560277 0.061785
v -0.055875 0.602506 -0.108518
v -0.055126 0.747301 0.304048
v -0.056028 0.379297 0.100167
v -0.055981 0.582712 -0.041780
v -0.051490 0.618260 -0.058759
v -0.053425 0.674945 0.218136
v -0.053110 0.675176 0.217840
v -0.054803 0.521507 -0.024799
v -0.046018 0.198392 0.008120
v -0.050418 0.489777 0.046656
v -0.050418 0.489798 0.046658
v -0.052533 0.733859 0.284107
v -0.052533 0.733874 0.284126
v -0.051354 0.706268 0.248742
v -0.054001 0.701371 0.052122
v -0.050194 0.494798 0.096969
v -0.050225 0.494778 0.096633
v -0.053544 0.397643 0.087001
v -0.053210 0.524850 -0.133628
v -0.047085 0.528976 0.124518
v -0.041441 0.713044 0.275210
v -0.050168 0.579857 -0.003720
v -0.052537 0.491914 0.083733
v -0.052091 0.399470 0.079866
v -0.051714 0.627678 -0.051573
v -0.042436 0.185281 0.007262
v -0.042498 0.185535 0.007291
v -0.046605 0.414395 0.126116
v -0.050106 0.327355 0.039024
v -0.050961 0.596358 -0.094901
v -0.016635 0.549357 -0.118660
v -0.050510 0.579560 0.250823
v -0.040308 0.551328 -0.095937
v -0.050370 0.553229 -0.079551
v -0.050242 0.672990 0.119842
v -0.040056 0.147601 -0.001811
v -0.040055 0.147275 -0.002158
v -0.050144 0.549488 0.186492
v -0.041982 0.324174 0.022921
v -0.048768 0.666084 0.223071
v -0.048768 0.665879 0.222916
v -0.050039 0.630312 0.305749
v -0.049967 0.672775 -0.015627
v -0.045956 0.464800 0.044465
v -0.047794 0.467141 0.044609
v -0.045949 0.465119 0.044515
v -0.049856 0.476313 0.008425
v -0.049851 0.385687 0.168785
v -0.042531 0.567789 -0.009532
v -0.049656 0.611689 -0.052025
v -0.046299 0.473608 -0.038439
v -0.047627 0.680244 0.104567
v -0.039453 0.135798 -0.005390
v -0.039335 0.135268 -0.005473
v -0.049196 0.593412 -0.089870
v -0.048931 0.510880 0.112719
v -0.044894 0.484800 0.048629
v -0.044468 0.484712 0.048196
v -0.046352 0.605605 -0.076104
v -0.047232 0.604918 -0.077076
v -0.029831 0.689152 0.062669
v -0.011901 0.490110 -0.010807
v -0.040854 0.436315 0.141595
v -0.046217 0.594043 -0.098336
v -0.046775 0.593280 -0.098875
v -0.036493 0.294007 0.025377
v -0.047305 0.414409 0.126981
v -0.047757 0.543225 -0.085424
v -0.040547 0.375128 0.033362
v -0.040548 0.375113 0.033355
v -0.047665 0.495150 -0.077049
v -0.040660 0.375187 0.033363
v -0.046825 0.578532 -0.077412
v -0.042188 0.402473 0.039124
v -0.039551 0.398269 0.038193
v -0.045330 0.565576 -0.000620
v -0.043327 0.564250 -0.000253
v -0.039298 0.392863 0.039355
v -0.039334 0.392733 0.039278
v -0.046280 0.546872 0.135293
v -0.046174 0.601641 -0.146084
v -0.047038 0.550368 -0.050833
v -0.040953 0.506376 0.053981
v -0.037912 0.385849 0.081624
v -0.044629 0.568949 -0.010262
v -0.045691 0.553931 -0.119405
v -0.045656 0.569501 0.085281
v -0.045339 0.749119 0.142898
v -0.043983 0.696359 0.036660
v -0.044017 0.696401 0.036673
v -0.044935 0.510971 0.059915
v -0.044824 0.666666 0.229855
v -0.042911 0.409846 0.116790
v -0.043078 0.409828 0.116778
v -0.044311 0.334896 0.021282
v -0.036469 0.293841 0.025672
v -0.044082 0.746086 0.019687
v -0.039823 0.407863 0.047545
v -0.038604 0.403967 0.045709
v -0.043929 0.514972 -0.084396
v -0.040498 0.559068 -0.002147
v -0.040482 0.559010 -0.002102
v -0.043802 0.779279 0.340031
v -0.026749 0.410872 0.119327
v -0.035812 0.490568 -0.001166
v -0.043188 0.573631 -0.085111
v -0.042643 0.511730 0.025008
v -0.042193 0.570113 0.082533
v -0.042094 0.521427 0.057090
v -0.032909 0.238481 0.024895
v -0.032397 0.238151 0.024889
v -0.034111 0.272184 0.026405
v -0.034118 0.272317 0.026414
v -0.041828 0.729735 0.121165
v -0.041721 0.524895 -0.106981
v -0.041196 0.576249 0.168842
v -0.041432 0.432199 -0.059633
v -0.041130 0.551017 0.114756
v -0.025536 0.103706 -0.006652
v -0.041063 0.687161 0.156320
v -0.032048 0.227263 0.024381
v -0.031996 0.226942 0.024364
v -0.036079 0.546863 0.003167
v -0.036085 0.546882 0.003164
v -0.036146 0.546927 0.003164
v -0.039305 0.516026 -0.049366
v -0.039063 0.404957 0.155436
v -0.038752 0.323773 0.063095
v -0.037752 0.385843 0.081663
v -0.038381 0.608127 0.224333
v -0.038317 0.160711 0.003226
v -0.038299 0.420248 0.043448
v -0.038201 0.600729 0.176789
v -0.038053 0.658750 0.062754
v -0.036481 0.707628 0.123094
v -0.036502 0.707594 0.123067
v -0.032474 0.388130 0.082275
v -0.031369 0.467988 0.106173
v -0.037614 0.598397 0.242663
v -0.037457 0.738315 0.119708
v -0.036859 0.490930 -0.001745
v -0.037045 0.367626 0.102722
v -0.037017 0.484511 -0.020925
v -0.036342 0.464091 0.039525
v -0.036701 0.596103 -0.042901
v -0.036611 0.349064 0.051798
v -0.028472 0.100503 -0.011212
v -0.023769 0.196198 0.020820
v -0.035316 0.450688 -0.060044
v -0.035182 0.747611 0.351975
v -0.028824 0.565492 -0.076407
v -0.028027 0.568658 -0.067371
v -0.032690 0.387491 0.082677
v -0.034540 0.586728 -0.077523
v -0.028959 0.748509 0.033220
v -0.035826 0.569836 0.133314
v -0.033638 0.416657 0.154892
v -0.025341 0.536737 -0.086548
v -0.033366 0.666707 0.395595
v -0.033361 0.571513 0.055380
v -0.032907 0.631830 0.212344
v -0.032710 0.742281 0.161923
v -0.031736 0.381672 0.075338
v -0.030575 0.381406 0.074380
v -0.030826 0.381728 0.074440
v -0.023514 0.105458 -0.004480
v -0.031787 0.115067 -0.007082
v -0.031624 0.587853 -0.011247
v -0.030975 0.479888 0.005816
v -0.029998 0.479229 0.006239
v -0.031456 0.416754 0.113083
v -0.021098 0.013883 0.011157
v -0.033095 0.707380 0.302054
v -0.031030 0.579724 0.295096
v -0.030750 0.722223 0.190480
v -0.030474 0.370645 0.064201
v -0.030336 0.667037 0.262751
v -0.030302 0.678135 0.410292
v -0.029926 0.503157 -0.055699
v -0.028597 0.722104 0.135065
v -0.028426 0.721053 0.134397
v -0.029231 0.350697 0.081694
v -0.023156 0.373418 0.078165
v -0.020640 0.197516 0.022870
v -0.017974 0.047881 0.002477
v -0.018299 0.046873 0.002699
v -0.023119 0.551416 -0.067387
v -0.023067 0.553016 -0.064611
v -0.017086 0.014347 0.008036
v -0.021145 0.505223 0.011071
v -0.027984 0.489512 -0.125067
v -0.027661 0.673347 0.055990
v -0.027377 0.557169 -0.109809
v -0.027295 0.681637 0.358508
v -0.021170 0.197940 0.022162
v -0.006050 0.548885 0.152234
v -0.026512 0.727758 0.175469
v -0.026059 0.536875 -0.087304
v -0.026394 0.515169 -0.016930
v -0.025862 0.689150 0.013630
v -0.025713 0.673118 -0.014420
v -0.014182 0.001226 0.009835
v -0.024111 0.670634 0.028945
v -0.025557 0.540195 0.168787
v -0.025413 0.529698 0.120232
v -0.015602 0.093229 -0.003273
v -0.015937 0.093832 -0.003286
v -0.023080 0.551444 -0.067394
v -0.023016 0.553058 -0.064624
v -0.024846 0.436901 -0.006720
v -0.017845 0.321664 0.009051
v -0.014442 0.134578 0.028174
v -0.014473 0.134167 0.028194
v -0.015265 0.185645 0.022347
v -0.015436 0.186227 0.022371
v -0.014397 0.103005 0.025188
v -0.023895 0.563501 0.256568
v -0.012534 0.048271 0.019252
v -0.012551 0.047929 0.019253
v -0.013562 0.138790 0.020368
v -0.013492 0.138161 0.020334
v -0.013553 0.012000 0.016168
v -0.023481 0.767621 0.007532
v -0.023358 0.105828 -0.004467
v -0.013187 0.150055 0.020902
v -0.012684 0.149599 0.021719
v -0.023187 0.442465 -0.019582
v -0.023113 0.664850 0.343053
v -0.013347 0.056635 0.000516
v -0.013966 0.056335 0.000635
v -0.020688 0.457710 0.016162
v -0.020803 0.361393 0.047585
v -0.019407 0.359999 0.046060
v -0.015290 0.427653 0.105639
v -0.022695 0.494523 -0.055853
v -0.019046 0.350164 0.035964
v -0.020327 0.352207 0.037532
v -0.019069 0.350497 0.036021
v -0.022468 0.511733 -0.027347
v -0.012531 0.145011 0.026961
v -0.012749 0.144766 0.027093
v -0.019774 0.368471 0.055064
v -0.011060 0.059355 0.018554
v -0.011319 0.059185 0.018670
v -0.019060 0.448459 0.075835
v -0.019117 0.448262 0.075800
v -0.019351 0.450849 0.077065
v -0.015319 0.329808 -0.001415
v -0.010326 0.013289 0.012853
v -0.021799 0.690608 0.021904
v -0.018444 0.319441 0.010507
v -0.011170 0.104822 0.021835
v -0.021311 0.478927 -0.099463
v -0.019615 0.324721 0.011090
v -0.010390 0.299517 -0.002156
v -0.020673 0.512747 -0.132092
v -0.008744 0.000707 0.009392
v -0.009894 0.188875 0.026856
v -0.020304 0.682050 0.305320
v -0.020214 0.591474 0.072954
v -0.016897 0.357473 0.042570
v -0.016974 0.357323 0.042462
v -0.019550 0.530256 -0.076449
v -0.018606 0.530014 -0.075702
v -0.018035 0.539854 -0.060278
v -0.018047 0.539889 -0.060280
v -0.019174 0.540560 -0.060754
v -0.009277 0.092978 0.018720
v -0.009289 0.093365 0.018763
v -0.019506 0.730054 0.000176
v -0.016383 0.015164 0.009634
v -0.010154 0.218831 0.029244
v -0.010173 0.218632 0.029255
v -0.025161 0.325200 0.005143
v -0.019728 0.510121 -0.099677
v -0.007627 0.055667 -0.009768
v -0.007491 0.055372 -0.010260
v -0.018743 0.498900 0.143710
v -0.009209 0.188880 0.026129
v -0.018583 0.545382 -0.022713
v -0.018388 0.618609 0.189046
v -0.014532 0.707279 0.399623
v -0.020344 0.526280 0.110257
v -0.015361 0.693120 0.382512
v -0.018552 0.497514 0.169308
v -0.008154 0.104724 0.018501
v -0.008656 0.245019 -0.003510
v -0.008162 0.244655 -0.003478
v -0.017258 0.586107 0.119518
v -0.016783 0.448048 0.023656
v -0.014998 0.447307 0.024795
v -0.008776 0.228351 0.028498
v -0.008507 0.228046 0.028249
v -0.008374 0.177312 0.024520
v -0.008364 0.177632 0.024535
v -0.009726 0.299380 -0.002309
v -0.017576 0.596223 0.267328
v -0.017493 0.692078 0.132402
v -0.008392 0.233920 -0.003764
v -0.008360 0.233600 -0.003769
v -0.017235 0.447442 -0.028899
v -0.017192 0.437702 0.123828
v -0.016897 0.395824 0.119174
v -0.006202 0.043885 -0.013074
v -0.006004 0.043247 -0.013173
v -0.015744 0.675388 0.304628
v -0.015764 0.675397 0.304578
v -0.016625 0.347731 0.100281
v -0.016420 0.466203 -0.049056
v -0.006650 0.100708 -0.004403
v -0.026811 0.563839 -0.035216
v -0.009989 0.318890 -0.000003
v -0.010173 0.319090 0.000214
v -0.012193 0.516660 0.007749
v -0.008093 0.278307 -0.002558
v -0.008093 0.278480 -0.002554
v -0.015861 0.745002 -0.008485
v -0.015844 0.542222 0.130442
v -0.015648 0.541157 -0.015071
v -0.012983 0.365517 0.047443
v -0.012395 0.363621 0.045891
v -0.012628 0.459568 0.037608
v -0.011516 0.498157 0.006339
v -0.011465 0.497880 0.006314
v -0.011968 0.552339 0.096358
v -0.015221 0.531121 -0.083888
v -0.015193 0.374663 0.062525
v -0.008004 0.379171 0.000264
v -0.008075 0.378900 0.000267
v -0.008089 0.379354 0.000238
v -0.014438 0.687174 0.088063
v -0.004373 0.130377 -0.012034
v -0.004495 0.129817 -0.011937
v -0.014366 0.745612 0.124346
v -0.011107 0.439924 0.030960
v -0.011156 0.440053 0.030915
v -0.006731 0.322118 -0.000528
v -0.013880 0.553964 -0.060855
v -0.014327 0.329206 -0.002079
v -0.009818 0.325989 0.000369
v -0.002080 0.203011 -0.005585
v -0.013069 0.105432 0.021889
v -0.010908 0.465673 0.089263
v -0.010571 0.463524 0.088075
v -0.012530 0.552980 0.097086
v 0.007049 0.615809 0.111095
v -0.011489 0.447792 0.036882
v -0.009951 0.446033 0.036576
v -0.002808 0.100626 -0.006939
v -0.010539 0.458534 0.084890
v -0.010647 0.458436 0.084792
v -0.005940 0.307540 -0.007733
v -0.005946 0.307812 -0.007668
v -0.005983 0.307266 -0.007736
v -0.009045 0.482562 0.005921
v -0.009126 0.482774 0.005964
v -0.003903 0.274317 0.022506
v -0.004644 0.256382 0.025382
v -0.004615 0.256598 0.025365
v -0.012372 0.471221 0.082831
v -0.001799 0.088162 -0.004998
v -0.001729 0.089026 -0.005141
v -0.010414 0.540182 0.089373
v -0.010412 0.540208 0.089373
v -0.000982 0.648198 0.021827
v -0.008038 0.366272 0.010166
v -0.008142 0.366294 0.010142
v -0.009486 0.368721 0.010548
v -0.011929 0.455542 -0.081365
v -0.002780 0.210634 -0.027088
v -0.002660 0.210453 -0.026561
v -0.002652 0.202046 -0.027955
v -0.002653 0.202015 -0.027958
v -0.003664 0.274060 0.022556
v -0.009606 0.483417 0.058616
v -0.010234 0.484302 0.059362
v -0.009680 0.483244 0.058581
v -0.010769 0.013410 0.013095
v -0.006684 0.405383 0.001253
v -0.003759 0.400699 0.001930
v -0.009460 0.495023 0.064386
v -0.008969 0.495160 0.064094
v -0.003495 0.234942 -0.022440
v -0.003495 0.234943 -0.022431
v -0.007944 0.427988 0.033674
v -0.007972 0.428088 0.033668
v -0.007944 0.427916 0.033705
v -0.002958 0.174588 -0.022954
v -0.003276 0.250494 -0.021492
v -0.003559 0.250428 -0.021596
v -0.001463 0.139408 -0.013554
v -0.002534 0.139754 -0.011508
v -0.010956 0.547539 -0.092431
v -0.010861 0.162715 0.021311
v -0.006894 0.379642 0.010184
v -0.006885 0.379621 0.010552
v -0.003908 0.271423 -0.020501
v -0.006865 0.379889 0.018101
v -0.006875 0.379785 0.018003
v -0.010659 0.510687 -0.058254
v -0.004492 0.297869 0.017285
v -0.006631 0.484204 0.004866
v -0.006683 0.484418 0.004884
v -0.001044 0.176480 -0.019923
v -0.010260 0.558338 0.199066
v -0.007345 0.549048 0.152954
v -0.010160 0.431860 0.011897
v -0.007422 0.549064 0.152948
v -0.010021 0.393673 -0.007432
v -0.009967 0.461504 0.174704
v -0.000857 0.109136 0.018277
v -0.000604 0.167219 -0.015918
v -0.000618 0.167313 -0.015936
v 0.000318 0.139300 -0.018026
v -0.000405 0.139122 -0.017644
v 0.000215 0.129494 -0.019838
v 0.000204 0.129397 -0.019835
v 0.005749 0.597045 0.264293
v -0.009365 0.759155 0.168072
v -0.009236 0.756246 0.050643
v -0.009196 0.156064 0.024359
v -0.002690 0.394786 -0.000339
v -0.002928 0.394367 -0.000276
v -0.000732 0.503280 -0.044351
v -0.008975 0.371514 0.028199
v -0.008722 0.071055 0.016914
v 0.000806 0.098346 -0.014238
v -0.007461 0.507542 0.177283
v -0.004666 0.386933 0.025841
v -0.004900 0.386836 0.026390
v -0.007010 0.489900 0.069557
v -0.006993 0.489575 0.069468
v -0.004473 0.464097 0.003489
v -0.006155 0.466263 0.003569
v -0.004510 0.464285 0.003512
v -0.008408 0.542617 0.049636
v -0.008252 0.468043 -0.045572
v -0.008175 0.472112 -0.094111
v -0.008165 0.335747 0.005329
v 0.000892 0.498180 -0.038049
v -0.007267 0.676712 0.328023
v -0.001252 0.109876 0.017206
v -0.000895 0.110075 0.020078
v 0.000996 0.204232 -0.003444
v 0.003134 0.100438 -0.010860
v -0.007231 0.069220 -0.005574
v -0.006908 0.677294 0.328965
v 0.004098 0.048128 0.016590
v 0.004078 0.047493 0.016576
v -0.006951 0.513461 -0.030185
v -0.006860 0.489008 -0.014094
v -0.002075 0.423076 0.001203
v -0.006301 0.622849 0.247138
v -0.006691 0.478023 -0.139243
v -0.006554 0.467518 -0.148280
v 0.007365 0.457095 -0.079881
v -0.006396 0.555721 0.147867
v 0.008140 0.011430 -0.017153
v 0.004152 0.089840 -0.006383
v 0.004131 0.090010 -0.006424
v 0.003976 0.146547 -0.004188
v 0.003995 0.145918 -0.004204
v 0.004220 0.180015 -0.019465
v -0.000428 0.138742 -0.013415
v -0.005817 0.066410 -0.001456
v -0.005817 0.066410 -0.001456
v -0.005616 0.473332 0.022774
v -0.005557 0.426582 0.161393
v -0.002195 0.101833 -0.005380
v 0.005815 0.057822 -0.005369
v 0.003099 0.057966 -0.007172
v -0.005446 0.624790 0.240838
v -0.005346 0.571799 -0.033310
v -0.005281 0.677485 0.040894
v -0.005267 0.617393 0.193293
v 0.005870 0.059879 0.016739
v 0.003023 0.060158 0.014316
v -0.001817 0.746312 0.197699
v 0.005987 0.046536 -0.005977
v 0.005984 0.046420 -0.005975
v 0.005163 0.096748 0.017538
v 0.004936 0.097564 0.017569
v 0.005196 0.157469 -0.003783
v 0.004680 0.157186 -0.001897
v 0.009072 0.013701 0.014754
v -0.002136 0.477728 0.100316
v -0.003846 0.757307 0.170927
v 0.000293 0.204622 -0.004062
v 0.001515 0.492355 0.093500
v 0.005134 0.179825 -0.019385
v -0.003847 0.482387 -0.044213
v 0.005228 0.207133 -0.023485
v 0.005162 0.206812 -0.023442
v -0.002620 0.503858 -0.045533
v -0.003776 0.399232 0.031699
v 0.005495 0.192286 -0.003264
v 0.005354 0.192904 -0.003270
v -0.000352 0.552902 0.009626
v 0.005743 0.168774 -0.017757
v 0.005780 0.169332 -0.017841
v -0.000346 0.552737 0.009635
v -0.000422 0.552574 0.009630
v -0.003565 0.502814 0.095633
v 0.006750 0.010845 0.000016
v -0.000985 0.467149 0.092930
v -0.001205 0.465073 0.091577
v -0.003215 0.495852 -0.123100
v -0.002992 0.505472 -0.042151
v 0.003161 0.538900 -0.050735
v -0.002625 0.590049 0.085701
v -0.002592 0.574041 -0.040167
v -0.001969 0.271953 -0.021981
v -0.000890 0.648054 0.021804
v -0.002461 0.567964 0.160745
v -0.002439 0.453758 0.147146
v -0.002384 0.562077 -0.065419
v -0.000971 0.499689 -0.038344
v 0.006716 0.109970 -0.004536
v 0.002389 0.588543 0.198215
v 0.009556 0.012581 0.003363
v -0.002008 0.376549 0.038600
v -0.001034 0.772536 0.056547
v 0.009555 0.013824 0.014687
v -0.000124 0.385009 0.067319
v -0.000251 0.386119 0.068127
v -0.001483 0.748351 0.144882
v -0.002037 0.177012 -0.020508
v 0.007306 0.215138 -0.024539
v 0.007582 0.214700 -0.024469
v -0.001294 0.631462 0.294667
v 0.001432 0.559486 0.165510
v 0.001424 0.559477 0.165496
v 0.004001 0.410243 -0.002856
v 0.003748 0.406019 -0.002653
v -0.001094 0.662383 0.409691
v 0.002417 0.428367 -0.003518
v 0.002410 0.428334 -0.003503
v 0.000020 0.562557 -0.061744
v 0.002365 0.428384 -0.003515
v 0.002612 0.495472 -0.036373
v 0.002601 0.495496 -0.036388
v 0.011065 0.000716 0.008265
v -0.000519 0.481685 0.119133
v -0.000149 0.497502 -0.087330
v 0.006306 0.157079 -0.004053
v 0.000408 0.567888 0.257489
v 0.000442 0.696707 0.185268
v 0.000741 0.149096 -0.014533
v 0.000615 0.588365 0.235130
v 0.001844 0.588933 0.199073
v 0.012678 0.001381 0.013830
v 0.004801 0.438021 -0.007930
v 0.004782 0.437966 -0.007894
v 0.000001 0.501260 -0.055305
v 0.004232 0.443643 -0.008579
v 0.005151 0.441269 -0.008545
v 0.010912 0.013960 -0.013793
v 0.004393 0.564214 0.170325
v 0.004107 0.562326 0.169018
v 0.001901 0.660518 0.410666
v 0.001954 0.672238 0.101981
v 0.002121 0.477704 -0.073100
v 0.002072 0.100923 -0.011403
v 0.002126 0.536768 -0.105169
v 0.002129 0.530761 -0.036594
v 0.002283 0.712236 0.109096
v 0.023410 0.590695 0.112168
v 0.008832 0.336686 0.014334
v 0.008700 0.336433 0.014340
v 0.008783 0.336906 0.014358
v 0.005048 0.576849 0.011174
v 0.005755 0.574445 0.011044
v 0.004765 0.575241 0.182640
v 0.004766 0.575269 0.182670
v 0.003104 0.553236 0.134035
v 0.003158 0.565823 0.116258
v 0.004425 0.391562 0.075135
v 0.004499 0.390477 0.074424
v 0.005246 0.550859 0.156824
v 0.006779 0.484354 -0.028161
v 0.006757 0.484408 -0.028197
v 0.006685 0.484423 -0.028196
v 0.003551 0.365426 0.080413
v 0.004145 0.569538 -0.062137
v 0.006145 0.447357 -0.013477
v 0.006839 0.445484 -0.012501
v 0.010932 0.014505 -0.015184
v 0.005994 0.632820 0.018659
v 0.005066 0.634052 0.018852
v 0.005938 0.633196 0.018679
v 0.006646 0.507995 0.125552
v 0.006575 0.507783 0.125516
v 0.006138 0.508974 0.126283
v 0.014385 0.113564 -0.004652
v 0.004908 0.664020 0.358881
v 0.007703 0.566328 0.009752
v 0.007489 0.566095 0.009764
v 0.008161 0.522541 0.135862
v 0.005034 0.612917 0.220048
v 0.031541 0.383038 0.117790
v 0.005283 0.516987 0.110748
v 0.016832 0.048699 -0.005843
v 0.016805 0.048085 -0.005858
v 0.040983 0.412980 0.076270
v 0.005787 0.581313 0.223332
v 0.007819 0.649440 0.020726
v 0.007862 0.649451 0.020559
v 0.006714 0.058149 -0.004588
v 0.008133 0.522228 0.136176
v 0.007300 0.059921 0.017026
v 0.008489 0.569790 0.177835
v 0.008354 0.568405 0.176317
v 0.014110 0.239434 -0.027438
v 0.014161 0.239606 -0.027458
v 0.008227 0.501164 0.118328
v 0.008202 0.501169 0.118282
v 0.007350 0.499638 -0.010956
v 0.007130 0.708238 0.061180
v 0.021390 0.013881 -0.007088
v 0.018811 0.061144 -0.005502
v 0.018349 0.060919 -0.005495
v 0.007784 0.543851 0.237945
v 0.013794 0.114141 -0.005567
v 0.014381 0.114371 -0.003207
v 0.009500 0.012577 0.002814
v 0.008652 0.638845 0.268961
v 0.008739 0.586755 -0.024216
v 0.008949 0.072529 0.016738
v 0.011853 0.592534 0.012155
v 0.009159 0.660525 0.357149
v 0.017032 0.254300 -0.029478
v 0.009610 0.255659 -0.028061
v 0.009205 0.537773 0.192061
v 0.019523 0.100140 -0.004782
v 0.019360 0.100875 -0.004775
v 0.014590 0.360367 0.012144
v 0.015942 0.355376 0.012238
v 0.009412 0.699102 -0.011541
v 0.009469 0.459785 -0.103474
v 0.009491 0.497834 -0.026409
v 0.019294 0.003558 -0.012977
v 0.010376 0.533188 -0.122111
v 0.011610 0.503838 0.132091
v 0.016257 0.349184 0.014354
v 0.015923 0.348811 0.014326
v 0.014528 0.716103 0.030210
v 0.021955 0.014015 -0.007099
v 0.012478 0.519608 0.136502
v 0.012333 0.519881 0.136298
v 0.012716 0.480073 -0.017569
v 0.012714 0.480038 -0.017566
v 0.012196 0.481350 -0.017796
v 0.039630 0.768374 0.069279
v 0.018092 0.447199 -0.006982
v 0.011401 0.724782 0.149854
v 0.011612 0.478696 -0.035289
v 0.011601 0.502967 0.131126
v 0.011697 0.405473 0.071134
v 0.014193 0.716090 0.030544
v 0.012537 0.596455 0.230999
v 0.043397 0.506690 0.089548
v 0.012717 0.589058 0.183455
v 0.016782 0.540884 0.052416
v 0.014605 0.473143 -0.031232
v 0.014254 0.474253 -0.031856
v 0.014983 0.491343 -0.018369
v 0.014893 0.491365 -0.018295
v 0.013113 0.742457 0.021010
v 0.014371 0.732731 0.033735
v 0.014833 0.731736 0.033500
v 0.017339 0.254433 -0.029368
v 0.013361 0.704724 0.178410
v 0.015405 0.490762 -0.020411
v 0.015141 0.490952 -0.019962
v 0.013502 0.531306 -0.047619
v 0.017766 0.490557 -0.158293
v 0.025141 0.001388 -0.007534
v 0.013858 0.422029 -0.001634
v 0.019660 0.275727 -0.032311
v 0.015768 0.531803 0.164421
v 0.015141 0.460238 -0.090049
v 0.015260 0.514168 -0.061514
v 0.017911 0.576403 0.008890
v 0.017656 0.573723 0.008673
v 0.015296 0.626981 0.402988
v 0.014394 0.500465 -0.035004
v 0.015453 0.567835 0.086357
v 0.016896 0.482012 -0.038603
v 0.017219 0.481034 -0.037993
v 0.018652 0.511326 -0.017366
v 0.016598 0.777358 0.043293
v 0.016194 0.487428 0.008073
v 0.016294 0.506066 0.137940
v 0.016763 0.484789 -0.110941
v 0.016831 0.522770 -0.033055
v 0.016984 0.462598 0.109451
v 0.023171 0.539728 0.156639
v 0.017285 0.254366 -0.029489
v 0.012693 0.730932 0.063590
v 0.017471 0.738720 0.079178
v 0.018229 0.406297 0.095937
v 0.025012 0.427272 -0.001654
v 0.017589 0.728105 0.177871
v 0.018014 0.677127 0.397007
v 0.017955 0.553329 -0.085299
v 0.020178 0.273593 -0.032270
v 0.018516 0.585428 0.034560
v 0.018754 0.578021 0.233953
v 0.018826 0.424927 -0.013821
v 0.018977 0.501425 -0.101854
v 0.018985 0.755163 0.022471
v 0.018991 0.482415 0.081023
v 0.019041 0.600435 0.006642
v 0.044107 0.414290 0.103096
v 0.019383 0.453081 -0.010362
v 0.015718 0.533644 0.191496
v 0.019586 0.594189 0.222133
v 0.019626 0.469427 -0.057218
v 0.026994 0.532471 -0.033739
v 0.025448 0.362078 0.015762
v 0.024720 0.357374 0.015470
v 0.020396 0.616075 0.393086
v 0.021024 0.515750 -0.035440
v 0.021670 0.507950 0.169147
v 0.021067 0.536247 -0.043302
v 0.021071 0.556332 -0.011692
v 0.025294 0.427053 -0.001725
v 0.023401 0.536516 -0.020553
v 0.023403 0.536529 -0.020554
v 0.022280 0.074560 -0.005256
v 0.022280 0.074560 -0.005256
v 0.026249 0.410220 0.002219
v 0.026207 0.409754 0.002267
v 0.024992 0.412436 0.001682
v 0.022489 0.372891 0.011019
v 0.022615 0.613608 0.253302
v 0.022949 0.481588 0.121404
v 0.023034 0.500160 0.065560
v 0.023361 0.534838 0.147238
v 0.023403 0.619577 0.341302
v 0.023484 0.494444 0.177481
v 0.023722 0.406931 0.092400
v 0.025103 0.550405 -0.022864
v 0.025391 0.549330 -0.022818
v 0.024007 0.558600 0.242188
v 0.024760 0.503392 -0.059090
v 0.024255 0.368540 0.091389
v 0.024505 0.367395 -0.107823
v 0.027774 0.452148 0.006478
v 0.027556 0.454790 0.007041
v 0.027706 0.452134 0.006484
v 0.026686 0.532437 -0.034052
v 0.025070 0.468670 0.168934
v 0.025377 0.436490 -0.165856
v 0.025471 0.717300 0.154681
v 0.050322 0.398687 0.068582
v 0.026191 0.602737 0.208496
v 0.025549 0.625123 0.350445
v 0.025675 0.491009 0.195857
v 0.026115 0.558028 -0.074820
v 0.030501 0.425111 -0.002482
v 0.030499 0.425107 -0.002481
v 0.026921 0.483803 0.040494
v 0.048288 0.496060 -0.002894
v 0.027259 0.457082 0.146824
v 0.027266 0.554932 -0.012242
v 0.027279 0.458915 -0.000866
v 0.027834 0.577522 -0.078664
v 0.027964 0.673327 0.058401
v 0.030636 0.489228 -0.089446
v 0.029479 0.544789 -0.040019
v 0.029705 0.543763 -0.039618
v 0.028789 0.559694 -0.116551
v 0.028924 0.464952 0.145338
v 0.029034 0.567740 -0.058026
v 0.029467 0.458840 -0.051469
v 0.029912 0.673097 -0.012009
v 0.036462 0.445551 -0.010838
v 0.030109 0.469939 -0.092755
v 0.030369 0.645514 0.389742
v 0.030602 0.488169 0.051729
v 0.033838 0.463123 0.011677
v 0.033828 0.463111 0.011659
v 0.030844 0.492880 0.117325
v 0.031004 0.533105 -0.035846
v 0.031060 0.468896 0.088134
v 0.036992 0.305645 -0.038500
v 0.031095 0.508653 -0.019756
v 0.037001 0.305430 -0.038539
v 0.036841 0.305224 -0.038516
v 0.031860 0.586709 -0.030223
v 0.032177 0.490066 0.122392
v 0.032555 0.491173 0.123098
v 0.031341 0.579479 0.297780
v 0.031730 0.465345 -0.146924
v 0.031801 0.523230 -0.070120
v 0.031940 0.514905 0.249328
v 0.032301 0.565543 0.184019
v 0.032319 0.638216 0.380841
v 0.032347 0.709330 0.037863
v 0.032519 0.553714 0.208798
v 0.032773 0.444604 0.068633
v 0.032931 0.598440 0.265906
v 0.032953 0.526807 -0.034567
v 0.033115 0.484785 -0.093871
v 0.033411 0.448860 -0.079518
v 0.036406 0.469301 0.010637
v 0.036515 0.466868 0.010202
v 0.033742 0.469742 -0.031349
v 0.033826 0.690588 0.024315
v 0.033892 0.507591 -0.020764
v 0.030921 0.576859 0.168388
v 0.034197 0.393748 0.044008
v 0.035069 0.493679 -0.121743
v 0.035108 0.515441 -0.038791
v 0.036226 0.593857 0.220890
v 0.036383 0.594854 0.221772
v 0.037915 0.473125 0.019019
v 0.037867 0.471086 0.018275
v 0.036026 0.573919 -0.076439
v 0.037095 0.560494 0.185777
v 0.037089 0.560488 0.185765
v 0.036681 0.405071 -0.030001
v 0.039006 0.552199 -0.057372
v 0.037062 0.584991 -0.029147
v 0.037270 0.573028 -0.054398
v 0.037404 0.531382 -0.010634
v 0.037567 0.585575 -0.030481
v 0.037866 0.550814 0.157309
v 0.038960 0.575756 -0.058311
v 0.038405 0.492754 -0.076239
v 0.038641 0.527096 -0.009890
v 0.038752 0.535053 -0.051167
v 0.038845 0.434254 -0.101899
v 0.039690 0.532221 0.128670
v 0.044640 0.323944 -0.041403
v 0.045753 0.318558 -0.040843
v 0.040703 0.598114 0.216378
v 0.040664 0.598079 0.216369
v 0.040774 0.599246 0.217165
v 0.044679 0.314599 -0.039328
v 0.044306 0.314299 -0.039346
v 0.039756 0.382625 0.085821
v 0.040422 0.488124 -0.121888
v 0.040408 0.497649 0.074737
v 0.042631 0.528027 0.153261
v 0.040959 0.385995 0.039721
v 0.041055 0.525753 -0.050555
v 0.041108 0.534845 0.167635
v 0.041404 0.555009 0.016107
v 0.041473 0.533639 -0.126925
v 0.041807 0.504816 0.118551
v 0.061632 0.549275 -0.080604
v 0.042155 0.550842 -0.100466
v 0.042237 0.551722 -0.043903
v 0.043518 0.497187 0.132972
v 0.042429 0.483073 0.112943
v 0.042600 0.542678 0.185965
v 0.042706 0.427140 0.132948
v 0.045110 0.480673 0.013988
v 0.043942 0.570120 0.201565
v 0.043975 0.569246 0.200757
v 0.043083 0.496150 0.132394
v 0.043314 0.522470 -0.009275
v 0.043339 0.596742 -0.026929
v 0.043557 0.496790 0.018018
v 0.043583 0.459945 0.079378
v 0.047340 0.624696 0.228752
v 0.044115 0.479403 -0.058877
v 0.044142 0.573604 -0.041083
v 0.045399 0.600947 0.236959
v 0.044558 0.651234 0.300927
v 0.044611 0.544166 -0.046797
v 0.044626 0.455068 0.104935
v 0.044772 0.490677 0.105513
v 0.048959 0.469857 -0.096801
v 0.044824 0.410687 -0.127514
v 0.044901 0.415150 -0.155378
v 0.045158 0.494272 -0.081595
v 0.045123 0.600024 0.236204
v 0.045368 0.496263 0.159586
v 0.045692 0.737636 0.051006
v 0.048370 0.561292 -0.013967
v 0.059659 0.545237 0.064401
v 0.046264 0.539176 0.279666
v 0.046278 0.608924 0.280467
v 0.046450 0.509814 0.011791
v 0.048148 0.470208 -0.097577
v 0.047902 0.409124 -0.096028
v 0.048164 0.562340 -0.124211
v 0.053514 0.324617 -0.038262
v 0.052247 0.320177 -0.037605
v 0.052157 0.616870 0.230033
v 0.048378 0.656512 0.290125
v 0.048417 0.512232 -0.105957
v 0.051776 0.483794 -0.014909
v 0.051769 0.483781 -0.014910
v 0.051709 0.483788 -0.014905
v 0.048771 0.518779 0.187815
v 0.048831 0.443256 -0.137555
v 0.051161 0.608973 0.229029
v 0.051190 0.608977 0.229003
v 0.049941 0.460897 -0.128494
v 0.051608 0.462991 -0.088706
v 0.050750 0.463576 -0.089439
v 0.051492 0.607575 0.229943
v 0.051506 0.607922 0.229696
v 0.050408 0.498353 0.118163
v 0.051057 0.353479 -0.105738
v 0.051205 0.445677 0.143937
v 0.051290 0.560458 -0.049720
v 0.051463 0.461484 -0.089251
v 0.053975 0.530706 -0.078377
v 0.051606 0.458891 0.113964
v 0.052219 0.410219 0.039468
v 0.052306 0.475493 -0.072510
v 0.079342 0.493978 0.065332
v 0.052686 0.580222 0.294195
v 0.052701 0.484307 0.141147
v 0.069477 0.582430 -0.054405
v 0.052882 0.486084 -0.024477
v 0.052984 0.387453 0.060987
v 0.053024 0.607037 0.296362
v 0.055307 0.602310 0.034247
v 0.053488 0.489545 0.185526
v 0.053517 0.349062 0.059976
v 0.053575 0.525970 -0.017617
v 0.053739 0.455037 -0.094795
v 0.057242 0.496147 -0.014423
v 0.057214 0.496097 -0.014438
v 0.055116 0.609132 0.008656
v 0.055541 0.610464 0.008667
v 0.054148 0.511692 -0.050571
v 0.056687 0.447391 -0.074135
v 0.056691 0.447367 -0.074122
v 0.054239 0.487239 -0.034480
v 0.054336 0.504050 0.161106
v 0.054421 0.470751 0.078197
v 0.054692 0.591856 -0.047017
v 0.057380 0.393183 0.020391
v 0.057958 0.395845 0.020627
v 0.057278 0.393181 0.020389
v 0.055092 0.645257 0.254294
v 0.055343 0.538777 -0.063401
v 0.055375 0.499074 -0.072358
v 0.055471 0.480539 0.189991
v 0.055601 0.467918 0.018593
v 0.056210 0.582358 -0.081447
v 0.055744 0.582481 -0.087399
v 0.058676 0.502137 -0.017039
v 0.059026 0.499694 -0.016819
v 0.056116 0.531322 0.245320
v 0.056426 0.549818 -0.042493
v 0.057972 0.500993 0.041341
v 0.058012 0.502179 0.041940
v 0.058147 0.440474 -0.066139
v 0.059718 0.439696 -0.064756
v 0.056798 0.533200 0.233032
v 0.060516 0.584679 0.227107
v 0.061157 0.360780 -0.046796
v 0.060976 0.360298 -0.046840
v 0.060420 0.363333 -0.047125
v 0.077693 0.552642 -0.063681
v 0.058230 0.569590 0.035123
v 0.058352 0.620401 -0.037575
v 0.061784 0.433888 -0.058200
v 0.061769 0.433980 -0.058257
v 0.061971 0.546967 -0.071865
v 0.053288 0.530746 -0.093119
v 0.061481 0.451039 -0.061481
v 0.062038 0.542917 -0.027799
v 0.063548 0.463484 -0.118518
v 0.068114 0.626143 0.248512
v 0.061464 0.507619 -0.011655
v 0.061502 0.505435 -0.011848
v 0.061106 0.440646 -0.057583
v 0.062538 0.438787 -0.056984
v 0.059145 0.409745 -0.087156
v 0.059305 0.551128 -0.026729
v 0.063312 0.395707 -0.042900
v 0.059513 0.539165 -0.051981
v 0.059576 0.557843 0.227282
v 0.059587 0.591760 -0.069783
v 0.063244 0.424433 -0.052586
v 0.063223 0.424552 -0.052644
v 0.059765 0.470443 0.103490
v 0.063210 0.424445 -0.052590
v 0.059878 0.611920 0.202858
v 0.063900 0.374776 -0.046316
v 0.064481 0.374817 -0.045696
v 0.060334 0.624997 -0.036288
v 0.061334 0.547846 -0.072123
v 0.060664 0.470214 -0.047921
v 0.060767 0.405151 -0.141325
v 0.061165 0.402727 -0.083175
v 0.066304 0.534141 -0.041991
v 0.063345 0.478391 -0.060412
v 0.062679 0.479586 -0.060368
v 0.063333 0.478322 -0.060416
v 0.061763 0.498577 -0.071653
v 0.063525 0.534692 -0.069105
v 0.063523 0.534723 -0.069111
v 0.066082 0.605441 0.289162
v 0.063854 0.489731 -0.061932
v 0.064452 0.489741 -0.061674
v 0.062011 0.564523 -0.033967
v 0.063900 0.507885 0.012693
v 0.063876 0.507846 0.012694
v 0.063938 0.509263 0.012656
v 0.064916 0.489177 -0.057801
v 0.065067 0.489122 -0.057865
v 0.063018 0.476899 -0.110691
v 0.067778 0.671651 0.289168
v 0.063212 0.424427 -0.096261
v 0.063558 0.601061 0.249729
v 0.057062 0.483025 -0.011544
v 0.066423 0.514890 -0.018395
v 0.063876 0.556612 -0.035856
v 0.064716 0.591044 0.246875
v 0.064106 0.433485 -0.116144
v 0.065905 0.511942 0.052010
v 0.065812 0.510944 0.051397
v 0.064889 0.556948 0.266992
v 0.067636 0.403112 0.022486
v 0.067622 0.403101 0.022482
v 0.068459 0.372363 -0.046963
v 0.068407 0.372286 -0.046972
v 0.069477 0.632070 0.271054
v 0.065462 0.554899 -0.096575
v 0.065479 0.407327 -0.106132
v 0.065790 0.497975 -0.015372
v 0.068566 0.494045 -0.159447
v 0.065981 0.553518 0.030268
v 0.067251 0.660645 0.242458
v 0.066819 0.584513 -0.124152
v 0.066829 0.524165 -0.064783
v 0.066895 0.486967 -0.054758
v 0.067084 0.397071 -0.063242
v 0.067133 0.410610 0.008884
v 0.068780 0.619615 0.008289
v 0.068306 0.618471 0.008307
v 0.067604 0.458771 -0.179608
v 0.068361 0.545281 -0.073739
v 0.071525 0.407190 0.022846
v 0.070628 0.405028 0.022849
v 0.090149 0.635970 0.241247
v 0.070054 0.604106 0.310746
v 0.069372 0.609727 -0.110320
v 0.073110 0.527497 -0.036533
v 0.070034 0.552744 0.251675
v 0.071762 0.519766 0.009982
v 0.071702 0.519838 0.010019
v 0.070745 0.587861 -0.057367
v 0.072344 0.518986 0.013982
v 0.072266 0.519043 0.013954
v 0.072537 0.527946 -0.037159
v 0.070908 0.538774 -0.125227
v 0.070911 0.592401 -0.034342
v 0.070963 0.577121 -0.076295
v 0.071211 0.568704 0.009960
v 0.071978 0.615334 0.281987
v 0.076718 0.383715 -0.044501
v 0.071788 0.563196 0.024809
v 0.071811 0.499917 0.126595
v 0.071931 0.578438 0.285102
v 0.071947 0.431290 -0.030940
v 0.073304 0.537440 -0.030846
v 0.073746 0.536518 -0.031375
v 0.072217 0.562144 -0.008356
v 0.072313 0.578203 -0.003109
v 0.072471 0.546080 -0.054885
v 0.072622 0.635404 0.297889
v 0.072707 0.630730 0.351129
v 0.084740 0.505738 0.189788
v 0.073157 0.584442 -0.075967
v 0.073302 0.545392 0.021499
v 0.076920 0.597438 -0.076286
v 0.073339 0.363638 -0.070936
v 0.072749 0.624954 0.256571
v 0.076493 0.413645 0.024847
v 0.075554 0.411900 0.024497
v 0.074034 0.536893 -0.050736
v 0.081127 0.549278 0.008025
v 0.074154 0.505796 -0.063775
v 0.074208 0.523188 0.042820
v 0.079798 0.535186 0.015675
v 0.074370 0.460548 0.187954
v 0.074614 0.656850 0.349839
v 0.074709 0.533918 -0.056298
v 0.075064 0.632013 0.002739
v 0.075994 0.512576 0.162125
v 0.075792 0.669604 0.326070
v 0.076471 0.560843 -0.012894
v 0.075842 0.498704 -0.078957
v 0.076085 0.551655 0.060945
v 0.076174 0.611273 0.037933
v 0.076271 0.503026 0.091747
v 0.076656 0.648243 0.346158
v 0.076964 0.387783 -0.108357
v 0.077562 0.585271 0.050392
v 0.079877 0.345240 -0.047909
v 0.080622 0.347737 -0.048645
v 0.079806 0.345246 -0.047910
v 0.079562 0.543015 -0.030152
v 0.079542 0.542957 -0.030143
v 0.079337 0.544307 -0.030557
v 0.078098 0.589207 0.221715
v 0.089258 0.412539 -0.138130
v 0.078488 0.558915 -0.088415
v 0.079012 0.553878 0.073296
v 0.079062 0.539442 0.025610
v 0.079149 0.490915 -0.047628
v 0.079417 0.614908 -0.142953
v 0.079420 0.450500 0.045062
v 0.079442 0.636770 0.004170
v 0.086311 0.536425 0.015823
v 0.080638 0.613448 -0.034608
v 0.082396 0.540633 -0.001664
v 0.082454 0.541955 -0.001390
v 0.081271 0.612710 0.038957
v 0.081443 0.345651 -0.040666
v 0.081584 0.548593 -0.065658
v 0.081591 0.659884 -0.115962
v 0.081676 0.548235 0.001671
v 0.081797 0.391826 -0.046214
v 0.081856 0.565218 -0.004496
v 0.081900 0.581905 0.031929
v 0.082185 0.485118 0.141673
v 0.084472 0.554576 -0.037081
v 0.083261 0.555519 -0.036590
v 0.082848 0.579192 0.297934
v 0.083099 0.678379 0.308294
v 0.083221 0.455060 -0.117036
v 0.083551 0.565569 0.002195
v 0.083741 0.312665 -0.081716
v 0.084372 0.554914 -0.036718
v 0.085980 0.554921 -0.033946
v 0.085850 0.554972 -0.034012
v 0.084438 0.598153 0.266060
v 0.086739 0.350905 -0.052450
v 0.086752 0.350914 -0.052446
v 0.084437 0.539720 0.000199
v 0.084539 0.428677 -0.158704
v 0.084556 0.554661 -0.036958
v 0.084652 0.448662 0.000066
v 0.089640 0.658074 -0.146558
v 0.085673 0.523469 -0.027985
v 0.086031 0.545512 0.228855
v 0.086303 0.362816 -0.115573
v 0.086624 0.665918 0.349122
v 0.092694 0.643109 -0.041783
v 0.087693 0.551316 -0.096772
v 0.091115 0.534251 0.108858
v 0.090720 0.355248 -0.052602
v 0.089523 0.353175 -0.053026
v 0.092191 0.414193 -0.057720
v 0.092211 0.414279 -0.057776
v 0.092122 0.414106 -0.057715
v 0.089848 0.537776 0.082715
v 0.091691 0.357296 -0.058824
v 0.091049 0.355404 -0.057957
v 0.089519 0.633941 -0.039904
v 0.090916 0.552929 0.004241
v 0.090776 0.551732 0.003988
v 0.089654 0.581406 0.237663
v 0.088435 0.620145 -0.045432
v 0.090344 0.638373 0.250450
v 0.098055 0.576566 -0.041215
v 0.090858 0.412757 0.051310
v 0.090996 0.601962 -0.029974
v 0.104036 0.579568 0.068874
v 0.091677 0.487253 0.163504
v 0.095241 0.423131 -0.064771
v 0.095272 0.423252 -0.064885
v 0.092165 0.496079 0.036938
v 0.092232 0.596374 0.270811
v 0.094163 0.429861 -0.074074
v 0.094826 0.428298 -0.072860
v 0.092287 0.469394 0.172077
v 0.092326 0.545264 -0.030748
v 0.096986 0.615796 0.302954
v 0.092650 0.569263 0.011028
v 0.092693 0.470920 0.129023
v 0.092923 0.653341 0.283598
v 0.093272 0.601223 -0.050374
v 0.098499 0.695187 0.345787
v 0.095081 0.645777 0.282635
v 0.095072 0.645770 0.282622
v 0.095664 0.638978 0.287200
v 0.095652 0.638972 0.287184
v 0.094911 0.549142 -0.031951
v 0.097354 0.570335 0.042135
v 0.095897 0.624120 0.357106
v 0.096105 0.476886 -0.124035
v 0.099178 0.429476 -0.065338
v 0.099443 0.427202 -0.064494
v 0.096528 0.655096 0.373133
v 0.096582 0.565093 0.004141
v 0.096631 0.452739 -0.106606
v 0.096644 0.497450 0.012155
v 0.096856 0.577296 0.352834
v 0.099361 0.450937 -0.101430
v 0.098918 0.451792 -0.102266
v 0.119331 0.577058 -0.092810
v 0.097984 0.600403 -0.049684
v 0.098238 0.325877 -0.132860
v 0.102146 0.487686 -0.124196
v 0.106506 0.406145 -0.106162
v 0.100169 0.458426 -0.112752
v 0.100625 0.457786 -0.111901
v 0.099460 0.410855 0.050064
v 0.099575 0.487172 0.087035
v 0.099781 0.596683 -0.030638
v 0.100056 0.358466 -0.127634
v 0.100061 0.534045 0.052424
v 0.100077 0.564058 -0.016444
v 0.100135 0.527981 -0.009067
v 0.101681 0.593352 -0.074141
v 0.101675 0.593340 -0.074128
v 0.100186 0.373877 -0.085445
v 0.100503 0.425383 -0.073588
v 0.100884 0.452934 -0.168150
v 0.101064 0.514551 -0.003299
v 0.101760 0.523774 -0.025333
v 0.101961 0.571623 0.001732
v 0.103433 0.563051 -0.010297
v 0.103426 0.563044 -0.010293
v 0.102396 0.518995 0.037886
v 0.105075 0.437869 -0.070964
v 0.103947 0.476096 -0.143904
v 0.103758 0.670853 0.326895
v 0.104269 0.606954 -0.077578
v 0.104664 0.555387 -0.056696
v 0.106354 0.602631 -0.085706
v 0.106567 0.601596 -0.085004
v 0.106469 0.653405 0.298276
v 0.105492 0.434079 0.051822
v 0.105636 0.591966 -0.067710
v 0.105860 0.570905 0.028734
v 0.139395 0.424672 0.045613
v 0.111129 0.633853 0.038527
v 0.106084 0.652436 0.297605
v 0.106583 0.564964 -0.077400
v 0.106815 0.382765 -0.052298
v 0.106835 0.554573 0.052716
v 0.107060 0.421413 0.012234
v 0.107352 0.473735 -0.041650
v 0.108256 0.644479 0.006440
v 0.107519 0.416041 -0.102104
v 0.109021 0.646196 0.306092
v 0.107865 0.621821 0.035237
v 0.119907 0.362507 -0.048015
v 0.108624 0.508314 0.012473
v 0.108677 0.568735 -0.039708
v 0.109892 0.560259 0.018745
v 0.109873 0.560242 0.018742
v 0.108609 0.645281 0.305359
v 0.114215 0.410715 -0.125458
v 0.110043 0.339761 -0.066165
v 0.110275 0.591442 -0.125119
v 0.110602 0.570846 -0.054836
v 0.111625 0.371096 -0.075648
v 0.112038 0.372189 -0.076266
v 0.112350 0.574187 -0.017009
v 0.112066 0.573141 -0.016668
v 0.112023 0.436856 0.033325
v 0.112683 0.438045 0.033557
v 0.112636 0.436749 0.028065
v 0.112624 0.436740 0.028065
v 0.113106 0.438045 0.028169
v 0.111487 0.523745 -0.033001
v 0.111501 0.599707 -0.131947
v 0.140379 0.561167 0.006828
v 0.112074 0.590160 -0.003586
v 0.112380 0.612996 -0.009916
v 0.112449 0.636419 -0.098129
v 0.135858 0.557827 0.022846
v 0.112680 0.582629 -0.000830
v 0.113226 0.377836 -0.150066
v 0.113432 0.553551 0.049200
v 0.114945 0.600519 -0.049314
v 0.114932 0.600503 -0.049308
v 0.113666 0.608129 -0.059858
v 0.113669 0.434673 -0.114960
v 0.113908 0.404263 -0.158058
v 0.152469 0.616050 -0.106457
v 0.114078 0.556475 0.053456
v 0.114209 0.588936 0.024870
v 0.119649 0.688513 0.363887
v 0.114696 0.612016 -0.009370
v 0.127647 0.563463 0.064023
v 0.114713 0.642455 0.268821
v 0.114889 0.534011 -0.015806
v 0.115188 0.644106 0.351417
v 0.115340 0.438249 0.022558
v 0.115390 0.538186 -0.008081
v 0.115532 0.455505 0.021387
v 0.115757 0.528763 0.023827
v 0.115807 0.591276 0.025823
v 0.121799 0.528160 0.102735
v 0.115944 0.416637 0.007174
v 0.116811 0.582377 0.022840
v 0.128700 0.650226 -0.022782
v 0.115648 0.520720 -0.090597
v 0.118244 0.376223 -0.082097
v 0.117903 0.375224 -0.081482
v 0.134851 0.598663 0.045313
v 0.117540 0.407317 -0.081941
v 0.118134 0.627707 -0.083932
v 0.118378 0.556579 -0.066372
v 0.120412 0.570236 0.020139
v 0.120023 0.569097 0.020061
v 0.119087 0.635205 0.345984
v 0.119360 0.539393 -0.000797
v 0.119754 0.503996 -0.005829
v 0.120882 0.373516 -0.057258
v 0.121462 0.374758 -0.057318
v 0.120843 0.373501 -0.057256
v 0.120809 0.624485 -0.118219
v 0.120521 0.336036 -0.098058
v 0.123085 0.460811 0.028030
v 0.121121 0.613754 0.282550
v 0.122067 0.340994 -0.091871
v 0.122082 0.391540 0.063335
v 0.122173 0.674080 0.320924
v 0.123927 0.612748 -0.053223
v 0.123728 0.611656 -0.052806
v 0.122248 0.421721 -0.080638
v 0.124516 0.445860 0.029156
v 0.124529 0.445871 0.029157
v 0.123382 0.440956 -0.130381
v 0.124737 0.445633 0.029685
v 0.124747 0.445641 0.029687
v 0.125135 0.459878 -0.072244
v 0.125333 0.461195 -0.072286
v 0.123673 0.665635 0.309872
v 0.125043 0.459792 -0.072245
v 0.124234 0.522344 0.050188
v 0.132994 0.427301 0.014337
v 0.149010 0.702619 0.332990
v 0.125182 0.413914 -0.153219
v 0.125407 0.542930 -0.060185
v 0.134369 0.564342 -0.012624
v 0.125910 0.640080 0.373471
v 0.125946 0.541543 -0.128645
v 0.127318 0.444590 0.037301
v 0.126672 0.443421 0.037084
v 0.126348 0.536054 -0.027552
v 0.126509 0.570438 -0.000104
v 0.130786 0.612189 -0.023429
v 0.127574 0.590649 0.350736
v 0.126108 0.455033 -0.120945
v 0.127738 0.535530 -0.008047
v 0.121299 0.562949 -0.006372
v 0.128625 0.318049 -0.067788
v 0.129724 0.379272 -0.059001
v 0.129536 0.379715 -0.058622
v 0.128735 0.403640 -0.107425
v 0.128774 0.537376 -0.095080
v 0.129892 0.378670 -0.055998
v 0.129794 0.378764 -0.055901
v 0.130177 0.460992 -0.063975
v 0.130362 0.530282 -0.083974
v 0.130987 0.407656 -0.096931
v 0.132570 0.469305 -0.075013
v 0.132310 0.469719 -0.074402
v 0.131319 0.583114 -0.023963
v 0.141224 0.693468 -0.057228
v 0.132517 0.369889 -0.030401
v 0.132536 0.575258 -0.056983
v 0.132572 0.371848 -0.069689
v 0.134041 0.467734 -0.070017
v 0.133916 0.467772 -0.069991
v 0.167397 0.657045 0.329858
v 0.141506 0.459160 0.030221
v 0.133139 0.655837 0.327233
v 0.133459 0.419713 -0.087893
v 0.134717 0.453388 0.030944
v 0.134677 0.453362 0.030939
v 0.134221 0.467610 -0.107143
v 0.149944 0.599281 -0.013712
v 0.134804 0.606406 0.304498
v 0.136256 0.484542 0.063034
v 0.134974 0.604899 0.335318
v 0.136141 0.386926 -0.099524
v 0.135441 0.331593 -0.108808
v 0.135620 0.573785 -0.050671
v 0.136172 0.522474 0.030092
v 0.147631 0.387105 -0.049684
v 0.136448 0.363929 -0.127154
v 0.136595 0.570782 -0.081618
v 0.136864 0.552577 -0.047347
v 0.137079 0.418938 -0.088986
v 0.137251 0.327412 -0.096062
v 0.144470 0.435928 -0.109561
v 0.138478 0.600930 -0.036952
v 0.137874 0.534978 -0.134145
v 0.138027 0.355790 -0.098826
v 0.138114 0.455627 0.008260
v 0.138284 0.400196 0.024259
v 0.146873 0.403996 -0.007719
v 0.139409 0.669395 0.342064
v 0.141420 0.609006 -0.074271
v 0.139556 0.589265 -0.065038
v 0.140199 0.423327 0.065562
v 0.140399 0.554841 -0.090567
v 0.141902 0.428629 -0.009567
v 0.142820 0.356934 -0.083039
v 0.143459 0.626428 0.293774
v 0.170531 0.676866 0.345642
v 0.144394 0.487859 -0.047130
v 0.145158 0.619037 0.355308
v 0.145475 0.616267 0.339510
v 0.146383 0.660069 0.360293
v 0.146297 0.386144 -0.022564
v 0.146305 0.329813 -0.107875
v 0.146788 0.582019 -0.119407
v 0.165636 0.399852 -0.067630
v 0.162134 0.508288 -0.008968
v 0.164157 0.503948 -0.088675
v 0.164614 0.606529 0.039878
v 0.147912 0.567262 -0.023620
v 0.156916 0.584915 0.046517
v 0.149402 0.462583 0.032741
v 0.163880 0.570926 0.033688
v 0.148692 0.618326 0.326573
v 0.148701 0.399640 -0.067236
v 0.164652 0.651831 -0.051156
v 0.149564 0.445199 0.066995
v 0.151089 0.593889 0.023799
v 0.158554 0.425948 -0.127532
v 0.151716 0.477749 -0.058530
v 0.150915 0.589583 -0.035315
v 0.152005 0.642118 -0.064166
v 0.151257 0.549888 -0.115772
v 0.151777 0.657200 0.301514
v 0.157765 0.569309 -0.114638
v 0.152670 0.446823 0.015133
v 0.152974 0.322061 -0.079582
v 0.160761 0.596839 -0.049535
v 0.154095 0.634603 0.327197
v 0.159086 0.517128 -0.073517
v 0.156330 0.495379 -0.018741
v 0.149985 0.466187 -0.058992
v 0.157779 0.460062 0.052013
v 0.159658 0.617923 -0.019770
v 0.160016 0.427757 0.022347
v 0.160180 0.352418 -0.061667
v 0.160518 0.410015 -0.039027
v 0.160673 0.396565 -0.077784
v 0.163683 0.423125 -0.055014
v 0.161841 0.578758 0.007020
v 0.162342 0.675161 -0.046036
v 0.164185 0.503912 -0.088674
v 0.175550 0.390078 -0.028024
v 0.165637 0.399804 -0.067618
v 0.195590 0.450207 0.063064
v 0.165073 0.426004 -0.109704
v 0.166079 0.414097 -0.042866
v 0.166218 0.383302 0.005600
v 0.166912 0.394913 -0.046495
v 0.166875 0.394902 -0.046502
v 0.167285 0.401223 -0.071431
v 0.167814 0.408522 -0.135548
v 0.167933 0.629083 0.336531
v 0.163339 0.343292 -0.049953
v 0.169556 0.407516 0.079269
v 0.169589 0.521494 -0.127856
v 0.186652 0.492687 -0.033424
v 0.170059 0.564329 0.031743
v 0.170167 0.363945 -0.025524
v 0.171368 0.459976 0.048404
v 0.171655 0.425521 -0.067220
v 0.171824 0.489705 -0.050195
v 0.171784 0.489687 -0.050214
v 0.175580 0.404858 -0.129559
v 0.171612 0.452078 0.023857
v 0.171691 0.431753 0.030899
v 0.173424 0.513811 -0.094156
v 0.173051 0.512773 -0.093868
v 0.178092 0.477536 0.057231
v 0.172640 0.527954 -0.090016
v 0.173000 0.487315 -0.017260
v 0.178999 0.446700 -0.049786
v 0.175126 0.476304 0.033323
v 0.175086 0.476288 0.033320
v 0.176525 0.405274 -0.071243
v 0.175838 0.404230 -0.071079
v 0.176096 0.475270 0.035999
v 0.176053 0.475253 0.035994
v 0.175613 0.387285 -0.034341
v 0.178268 0.398834 -0.044088
v 0.177464 0.397862 -0.044331
v 0.178246 0.418071 0.079747
v 0.180553 0.477440 0.037715
v 0.180566 0.435944 0.077815
v 0.181604 0.460357 0.009644
v 0.181741 0.525557 -0.129081
v 0.184073 0.495471 -0.043474
v 0.182987 0.482208 -0.008095
v 0.183473 0.478692 -0.125144
v 0.183440 0.494410 -0.043862
v 0.184042 0.534792 -0.089779
v 0.184341 0.450442 0.019888
v 0.172121 0.410514 0.047223
v 0.185725 0.374378 -0.053378
v 0.185920 0.510466 -0.059270
v 0.186087 0.437928 -0.000943
v 0.191293 0.515083 -0.057812
v 0.188698 0.400629 0.035098
v 0.188699 0.497272 -0.083155
v 0.189029 0.458376 0.069415
v 0.190556 0.482596 0.034520
v 0.189827 0.481441 0.034385
v 0.189485 0.384657 -0.020690
v 0.192509 0.481442 0.037922
v 0.191749 0.480297 0.037788
v 0.191888 0.398153 -0.065362
v 0.192195 0.337456 -0.027695
v 0.193664 0.434678 0.059026
v 0.193675 0.488474 -0.076418
v 0.218310 0.515056 -0.102043
v 0.197382 0.458583 0.001498
v 0.197800 0.494875 -0.122219
v 0.190197 0.489729 -0.092919
v 0.200184 0.537147 -0.110169
v 0.202497 0.519593 0.055255
v 0.200970 0.436267 0.037564
v 0.201277 0.474681 0.037425
v 0.223218 0.398195 -0.062232
v 0.202757 0.475470 0.020479
v 0.202891 0.377055 -0.068256
v 0.203340 0.453322 0.063517
v 0.203384 0.421203 -0.084373
v 0.231214 0.383213 -0.042182
v 0.227873 0.383362 -0.035562
v 0.203927 0.465571 0.020590
v 0.204111 0.402089 -0.110048
v 0.206390 0.416682 -0.081124
v 0.240405 0.479468 0.065852
v 0.207128 0.426324 0.045689
v 0.209215 0.405542 -0.037973
v 0.209978 0.353323 -0.029054
v 0.212382 0.366819 -0.073726
v 0.212901 0.364313 -0.088480
v 0.213395 0.408460 -0.104597
v 0.225840 0.489553 0.001263
v 0.222523 0.508184 -0.048109
v 0.218116 0.507396 -0.024689
v 0.218361 0.468030 -0.018979
v 0.231995 0.545740 0.062691
v 0.219477 0.472340 0.002449
v 0.219932 0.466813 0.006324
v 0.221141 0.487446 0.077135
v 0.225200 0.512080 0.073425
v 0.222281 0.487931 -0.046548
v 0.222462 0.458788 0.086171
v 0.222552 0.375244 -0.091996
v 0.222555 0.461050 -0.041179
v 0.224584 0.402204 0.024839
v 0.224662 0.460007 0.025119
v 0.230861 0.454246 0.011860
v 0.230499 0.387970 -0.065626
v 0.230885 0.460973 -0.019644
v 0.232636 0.459022 0.075828
v 0.234070 0.495116 0.037495
v 0.237859 0.447912 0.061069
v 0.238925 0.493017 0.043429
v 0.264542 0.519917 0.059125
v 0.240500 0.462650 0.020133
v 0.252819 0.472940 0.067990
v 0.254443 0.529940 0.067399
v 0.241271 0.413951 0.033285
v 0.244885 0.475326 0.043838
v 0.281942 0.521733 0.043211
vn 0.0041 -0.0148 0.9999
vn 0.2424 -0.9702 -0.0000
vn -0.0026 0.0183 -0.9998
vn 0.0026 -0.0183 0.9998
vn -0.9967 -0.0777 0.0223
vn -0.9642 -0.0729 0.2550
vn -0.1434 -0.0013 -0.9897
vn -0.1589 -0.0213 0.9871
vn 0.7987 0.0049 0.6018
vn 0.7978 0.0029 0.6029
vn 0.8001 0.0043 0.5998
vn 0.4622 0.1459 -0.8747
vn 0.5950 -0.0399 0.8028
vn 0.5181 -0.0404 0.8544
vn -0.0331 -0.0275 0.9991
vn 0.1685 0.0249 -0.9854
vn 0.6186 -0.4324 0.6561
vn 0.4574 -0.0055 0.8892
vn 0.4574 -0.0077 0.8892
vn 0.4581 -0.0031 0.8889
vn 0.6237 0.0347 -0.7809
vn 0.1951 -0.0998 0.9757
vn 0.5364 0.0428 -0.8429
vn -0.2475 -0.0706 0.9663
vn -0.9876 -0.1560 -0.0145
vn -0.9747 -0.1631 0.1526
vn -0.2002 0.0219 -0.9795
vn -0.1558 -0.0787 0.9846
vn 0.2246 -0.0009 0.9745
vn 0.2223 -0.0061 0.9750
vn 0.2267 0.0047 0.9740
vn 0.3424 0.1966 -0.9188
vn 0.6311 0.1499 -0.7611
vn 0.6307 0.1450 -0.7624
vn 0.6282 0.1498 -0.7635
vn 0.3858 0.2146 -0.8973
vn 0.3435 0.2650 -0.9010
vn 0.5317 0.2625 -0.8052
vn 0.5987 0.3367 -0.7268
vn 0.5953 0.3457 -0.7253
vn 0.5992 0.3417 -0.7240
vn 0.7720 0.3298 -0.5433
vn -0.6782 -0.3201 0.6615
vn 0.6066 0.2269 -0.7619
vn 0.5832 0.2393 -0.7763
vn -0.4481 -0.2549 0.8569
vn 0.0908 0.1695 -0.9813
vn 0.0931 0.1675 -0.9815
vn 0.0929 0.1674 -0.9815
vn -0.4621 -0.3294 0.8234
vn 0.7968 0.2709 -0.5401
vn 0.7964 0.2723 -0.5399
vn 0.7561 -0.0765 0.6500
vn 0.6855 -0.0425 0.7268
vn 0.6821 -0.0481 0.7296
vn 0.6884 -0.0362 0.7245
vn 0.9351 -0.0320 0.3528
vn 0.6706 -0.0316 0.7411
vn 0.6724 -0.0315 0.7395
vn 0.6688 -0.0314 0.7428
vn 0.4597 -0.2315 -0.8573
vn 0.3843 0.5494 0.7420
vn 0.2457 0.2185 0.9444
vn -0.0706 -0.1476 -0.9865
vn 0.0706 0.1476 0.9865
vn 0.1510 0.2353 0.9601
vn 0.6636 -0.0283 0.7475
vn -0.1992 -0.1065 -0.9742
vn -0.1972 -0.1098 -0.9742
vn -0.2027 -0.1076 -0.9733
vn 0.1841 0.1205 0.9755
vn -0.0241 0.2186 0.9755
vn 0.5237 -0.1104 0.8447
vn 0.7392 -0.5463 -0.3938
vn 0.7393 -0.5462 -0.3939
vn 0.7393 -0.5464 -0.3936
vn 0.7390 -0.0962 -0.6668
vn 0.5815 0.0009 -0.8136
vn 0.9278 -0.0489 -0.3698
vn 0.8985 0.0333 -0.4376
vn 0.9532 -0.0644 -0.2954
vn -0.9914 -0.0097 -0.1304
vn 0.9125 -0.0602 0.4047
vn -0.9693 0.1210 -0.2142
vn 0.7596 0.4392 -0.4797
vn -0.9724 -0.0020 -0.2334
vn 0.8260 0.1569 -0.5413
vn -0.3123 0.9346 0.1701
vn -0.2227 0.9745 -0.0281
vn -0.3653 0.8805 0.3022
vn 0.0320 0.8727 -0.4872
vn -0.2722 0.6730 0.6878
vn 0.4336 0.4571 -0.7766
vn 0.4778 0.6414 -0.6003
vn 0.7963 0.2567 -0.5477
vn -0.3859 0.3898 0.8361
vn -0.3683 0.3990 0.8397
vn 0.3071 0.1692 0.9365
vn 0.3055 0.1694 0.9370
vn 0.3078 0.1692 0.9363
vn 0.3048 0.1695 0.9372
vn -0.5998 0.7997 -0.0269
vn -0.6118 0.7910 -0.0092
vn -0.6406 0.7670 0.0355
vn -0.5170 0.8448 -0.1380
vn -0.6724 0.6957 0.2529
vn 0.1153 0.9782 -0.1727
vn 0.1520 0.9677 -0.2010
vn -0.1579 0.9331 -0.3230
vn 0.0990 0.8364 0.5391
vn 0.7611 0.1699 -0.6260
vn 0.9234 0.2786 0.2641
vn 0.9025 0.2991 0.3099
vn 0.9861 0.0740 -0.1488
vn 0.6955 0.4120 0.5887
vn -0.0753 0.9896 -0.1222
vn -0.0553 0.9860 -0.1576
vn -0.1259 0.9916 -0.0310
vn 0.0860 0.9145 -0.3953
vn -0.1484 0.9439 0.2950
vn 0.5994 0.2889 -0.7465
vn 0.6365 0.4972 -0.5896
vn 0.9143 0.0656 -0.3996
vn 0.5559 0.3900 -0.7341
vn 0.4822 0.3684 -0.7948
vn 0.9541 -0.1825 -0.2375
vn 0.9544 -0.1827 -0.2360
vn 0.9122 -0.1581 -0.3781
vn 0.9768 -0.2072 -0.0549
vn 0.0317 0.8285 -0.5590
vn 0.0953 0.8202 -0.5641
vn -0.0738 0.8348 -0.5456
vn 0.4031 0.7284 -0.5540
vn -0.3377 0.8749 -0.3470
vn 0.9871 0.1599 -0.0005
vn 0.9191 0.3928 0.0319
vn 0.8749 0.1914 0.4449
vn -0.2469 0.8328 -0.4955
vn -0.2783 0.8472 -0.4525
vn -0.2213 0.8194 -0.5287
vn -0.3027 0.8569 -0.4173
vn 0.6572 0.1891 -0.7296
vn 0.6655 0.1145 -0.7376
vn -0.1269 0.9688 -0.2128
vn -0.1188 0.9670 -0.2254
vn -0.0661 0.9500 -0.3053
vn -0.2774 0.9599 0.0402
vn -0.3946 0.7304 0.5575
vn -0.3485 0.9185 -0.1866
vn 0.8504 0.5256 0.0241
vn -0.5424 0.7131 -0.4441
vn -0.5399 0.7137 -0.4463
vn -0.5033 0.7215 -0.4756
vn -0.6560 0.6748 -0.3381
vn -0.8705 0.4240 0.2501
vn -0.7340 0.5224 -0.4340
vn 0.3402 0.9218 0.1857
vn -0.1134 0.5717 -0.8126
vn -0.0069 0.5832 -0.8123
vn -0.2275 0.5517 -0.8024
vn 0.2705 0.5815 -0.7672
vn -0.5156 0.5982 -0.6135
vn 0.8546 0.4817 -0.1938
vn 0.7992 0.5716 -0.1857
vn 0.8258 0.5374 0.1711
vn -0.8092 0.5117 -0.2885
vn -0.8013 0.5168 -0.3014
vn -0.8570 0.4745 -0.2010
vn -0.6285 0.5841 -0.5137
vn -0.8874 0.4485 0.1066
vn 0.3561 0.6151 -0.7034
vn 0.1497 0.8137 -0.5617
vn 0.6205 0.7574 -0.2033
vn -0.4425 0.8437 -0.3038
vn -0.5441 0.7338 -0.4068
vn 0.6871 0.6738 -0.2717
vn 0.7213 0.6569 -0.2195
vn 0.5605 0.7087 -0.4285
vn 0.8312 0.5560 0.0083
vn 0.6676 0.5216 -0.5312
vn 0.6000 0.5634 -0.5680
vn -0.2221 0.4573 -0.8612
vn -0.1400 0.4659 -0.8737
vn -0.2735 0.4501 -0.8501
vn -0.0873 0.4698 -0.8785
vn -0.6020 0.6036 0.5228
vn -0.6509 0.6386 0.4106
vn -0.5370 0.5539 0.6363
vn -0.7352 0.6777 -0.0175
vn -0.1707 0.4911 0.8542
vn -0.3982 0.5386 -0.7425
vn -0.3491 0.7149 -0.6058
vn 0.0806 0.6017 -0.7947
vn -0.8058 0.5871 -0.0769
vn -0.7710 0.6196 -0.1475
vn -0.8532 0.5193 0.0494
vn -0.4673 0.7138 -0.5217
vn -0.7903 0.4242 0.4421
vn 0.2213 0.6497 -0.7273
vn 0.0121 0.8771 -0.4802
vn 0.6575 0.7203 -0.2209
vn -0.7401 0.5379 0.4037
vn -0.7401 0.5379 0.4036
vn 0.1639 0.7129 0.6818
vn -0.2496 0.4963 -0.8315
vn -0.2496 0.4962 -0.8315
vn 0.4941 0.6435 -0.5846
vn -0.8477 0.3781 0.3721
vn -0.8484 0.3794 0.3691
vn -0.8239 0.3404 0.4532
vn -0.8754 0.4621 0.1421
vn -0.6690 0.3122 0.6745
vn -0.6151 0.7775 -0.1312
vn -0.3029 0.8954 -0.3264
vn -0.1143 0.9789 -0.1694
vn -0.0593 0.9754 -0.2123
vn -0.2795 0.9596 -0.0327
vn 0.3156 0.8239 -0.4706
vn -0.3727 0.8203 0.4339
vn 0.7162 0.5174 -0.4685
vn 0.6363 0.7471 -0.1925
vn 0.9193 0.3392 0.1996
vn -0.4911 0.8709 -0.0215
vn 0.2684 0.9408 0.2072
vn -0.1957 0.8017 0.5648
vn 0.8872 0.1044 -0.4494
vn 0.8825 0.4616 0.0903
vn 0.9405 0.3387 -0.0283
vn 0.3492 0.7792 0.5206
vn 0.9656 0.2265 -0.1276
vn -0.2680 0.9633 0.0156
vn -0.1345 0.9876 -0.0813
vn -0.3893 0.9147 0.1083
vn 0.3414 0.8560 -0.3881
vn -0.4888 0.7448 0.4543
vn 0.8307 0.3385 -0.4419
vn 0.7757 0.5940 -0.2131
vn 0.9945 0.1009 0.0281
vn -0.6857 0.6567 0.3141
vn -0.6862 0.6543 0.3178
vn -0.6949 0.5982 0.3992
vn -0.6307 0.7710 0.0881
vn -0.5867 0.4833 0.6497
vn -0.0939 0.8997 -0.4262
vn -0.2037 0.9789 -0.0165
vn 0.4554 0.8895 0.0368
vn -0.7673 0.6279 0.1304
vn -0.7600 0.5703 0.3116
vn -0.7613 0.6468 0.0451
vn -0.7481 0.5384 0.3879
vn 0.0035 0.5016 -0.8651
vn 0.0109 0.5536 -0.8327
vn 0.2850 0.4911 -0.8232
vn -0.5834 0.7744 0.2447
vn -0.5314 0.8457 0.0490
vn -0.6070 0.6823 0.4074
vn -0.2421 0.8210 -0.5170
vn -0.3878 0.4949 0.7776
vn 0.0606 0.6826 -0.7283
vn -0.0139 0.9357 -0.3524
vn 0.6788 0.5901 -0.4370
vn -0.4620 0.8639 -0.2006
vn -0.4182 0.8795 -0.2269
vn -0.5841 0.8028 -0.1192
vn 0.0466 0.8980 -0.4374
vn -0.7070 0.6724 0.2189
vn 0.7299 0.5818 -0.3588
vn 0.4520 0.8867 -0.0972
vn 0.8106 0.4543 0.3695
vn -0.0173 0.8708 -0.4913
vn -0.0856 0.7434 -0.6633
vn 0.8921 0.4315 0.1340
vn 0.8921 0.4325 0.1306
vn 0.8757 0.4794 -0.0571
vn 0.8628 0.3469 0.3678
vn -0.4531 0.7922 0.4088
vn -0.4099 0.8594 0.3056
vn -0.4808 0.7322 0.4824
vn -0.2100 0.9741 -0.0833
vn -0.4132 0.5509 0.7251
vn 0.4161 0.6147 -0.6701
vn 0.3855 0.8295 -0.4041
vn 0.7759 0.4283 -0.4631
vn -0.3400 0.9273 -0.1563
vn -0.2103 0.6995 0.6830
vn 0.8170 0.4254 -0.3894
vn 0.9235 0.2381 0.3007
vn -0.1068 0.6209 0.7765
vn 0.4080 0.6514 0.6397
vn 0.4745 0.4071 0.7805
vn 0.2745 0.7963 -0.5390
vn 0.7223 0.6820 -0.1150
vn 0.7095 0.6876 -0.1546
vn 0.7782 0.5805 0.2396
vn 0.6451 0.6977 -0.3115
vn -0.4143 0.9085 0.0535
vn -0.3095 0.9493 -0.0556
vn -0.5018 0.8514 0.1527
vn 0.0898 0.9109 -0.4028
vn -0.5552 0.6490 0.5201
vn 0.6380 0.5149 -0.5725
vn 0.5686 0.7447 -0.3494
vn 0.9452 0.2790 -0.1698
vn -0.3588 0.5945 0.7196
vn 0.6388 0.7383 -0.2163
vn 0.0426 0.7485 -0.6618
vn 0.5656 0.8146 0.1288
vn 0.5651 0.8153 0.1260
vn 0.5697 0.8071 0.1553
vn 0.5641 0.8170 0.1194
vn -0.3888 0.9101 -0.1431
vn -0.3888 0.9102 -0.1431
vn -0.5740 0.6744 0.4645
vn 0.8281 0.5544 -0.0831
vn 0.7432 0.2572 0.6177
vn -0.4440 0.6205 0.6464
vn -0.4061 0.6833 0.6068
vn -0.5051 0.4948 0.7072
vn -0.0935 0.9643 0.2477
vn -0.4345 0.1808 0.8824
vn 0.4691 0.8611 -0.1963
vn 0.3737 0.8750 0.3078
vn 0.9036 0.4077 0.1317
vn -0.4322 0.5634 0.7041
vn 0.1717 0.1396 0.9752
vn 0.3290 0.8543 -0.4025
vn 0.3290 0.8542 -0.4025
vn 0.9428 0.3331 0.0128
vn 0.9916 -0.1296 -0.0046
vn 0.9913 -0.1314 -0.0031
vn 0.8955 0.1346 -0.4243
vn 0.8980 0.1302 -0.4204
vn 0.8926 0.1396 -0.4286
vn 0.9007 0.1252 -0.4160
vn -0.4506 0.3279 0.8303
vn -0.1645 0.2519 0.9537
vn -0.1849 0.1257 0.9747
vn 0.7595 0.6488 0.0476
vn 0.6671 0.3268 0.6694
vn 0.7491 0.3667 0.5518
vn 0.4550 0.2235 0.8620
vn 0.8065 0.3946 0.4403
vn -0.2682 0.6553 -0.7062
vn -0.3705 0.5478 -0.7501
vn 0.6107 0.5702 -0.5494
vn 0.5649 0.5674 -0.5991
vn 0.4507 0.5512 -0.7022
vn 0.7259 0.5639 -0.3938
vn -0.4057 0.7459 0.5283
vn -0.4057 0.7459 0.5282
vn 0.4933 0.6853 0.5357
vn 0.4933 0.6854 0.5357
vn -0.1916 0.4457 -0.8744
vn 0.5103 0.4381 -0.7400
vn 0.8040 0.5552 -0.2130
vn -0.3847 0.6713 -0.6335
vn -0.4400 0.6404 -0.6295
vn 0.0986 0.4494 -0.8879
vn 0.1208 0.4513 -0.8842
vn 0.3955 0.4557 -0.7974
vn -0.4270 0.3365 -0.8393
vn -0.7989 0.5969 0.0742
vn -0.7656 0.6432 -0.0129
vn -0.8264 0.5356 0.1735
vn -0.5503 0.7554 -0.3557
vn -0.7445 0.4290 0.5116
vn 0.2438 0.6664 -0.7046
vn 0.1205 0.8518 -0.5098
vn 0.6213 0.6904 -0.3704
vn -0.4658 0.7943 -0.3900
vn 0.3219 0.8408 -0.4352
vn 0.4352 0.4809 -0.7611
vn 0.4890 0.7392 -0.4632
vn 0.4892 0.7383 -0.4642
vn 0.4943 0.7219 -0.4842
vn 0.4873 0.7443 -0.4567
vn -0.6569 0.3892 0.6458
vn -0.0817 0.4440 0.8923
vn -0.4041 0.8267 -0.3915
vn 0.4407 0.8975 -0.0147
vn 0.1398 0.6340 0.7606
vn 0.1555 0.6257 0.7644
vn 0.2004 0.6006 0.7740
vn 0.0240 0.6883 0.7250
vn 0.4078 0.5538 0.7260
vn -0.1058 0.9883 0.1098
vn -0.0963 0.9853 -0.1414
vn -0.6004 0.4792 -0.6403
vn -0.5696 0.4952 -0.6560
vn -0.7309 0.3959 -0.5559
vn -0.1546 0.6258 -0.7645
vn -0.9338 0.3174 -0.1652
vn 0.4981 0.7190 -0.4847
vn 0.1929 0.8967 -0.3983
vn 0.4507 0.8640 0.2245
vn -0.7641 0.5204 0.3812
vn -0.7767 0.5446 0.3165
vn -0.7350 0.4747 0.4842
vn -0.7643 0.6323 -0.1269
vn -0.5220 0.4398 0.7308
vn -0.2682 0.5874 -0.7636
vn -0.3946 0.8473 -0.3555
vn 0.3423 0.7621 -0.5496
vn 0.9222 0.3722 0.1047
vn 0.9481 0.3170 0.0242
vn 0.6405 0.3126 0.7015
vn 0.6916 0.3027 0.6558
vn 0.7421 0.2906 0.6041
vn 0.5813 0.3217 0.7474
vn -0.3114 0.6265 0.7145
vn -0.3157 0.6276 0.7117
vn -0.3227 0.6294 0.7069
vn -0.2818 0.6184 0.7336
vn 0.4873 0.3524 0.7989
vn -0.2803 0.3228 0.9040
vn 0.3737 0.9182 -0.1316
vn -0.6998 0.4635 0.5435
vn -0.7086 0.4752 0.5217
vn -0.6714 0.4272 0.6056
vn -0.7608 0.5573 0.3326
vn -0.4970 0.3757 0.7822
vn -0.3060 0.6934 -0.6524
vn -0.3279 0.8282 -0.4545
vn 0.1178 0.7789 -0.6160
vn -0.2268 0.7999 -0.5557
vn -0.2090 0.8055 -0.5546
vn -0.3219 0.7646 -0.5583
vn 0.0689 0.8552 -0.5137
vn -0.5803 0.6919 -0.4296
vn 0.6882 0.7248 -0.0327
vn 0.3462 0.9348 -0.0795
vn 0.4143 0.7203 0.5563
vn -0.5895 0.4758 0.6528
vn -0.0546 0.2571 0.9648
vn 0.0346 0.9104 -0.4124
vn 0.7611 0.6472 -0.0428
vn 0.7611 0.6472 -0.0429
vn -0.3579 0.9336 -0.0151
vn -0.2050 0.9733 -0.1036
vn -0.5058 0.8591 0.0783
vn 0.2745 0.9000 -0.3385
vn -0.6301 0.6145 0.4748
vn 0.7711 0.5393 -0.3385
vn 0.6960 0.7069 -0.1258
vn 0.9493 0.2841 0.1344
vn -0.6158 0.7828 0.0895
vn -0.4756 0.8776 -0.0599
vn -0.7065 0.6766 0.2074
vn 0.0550 0.8863 -0.4599
vn -0.6796 0.4439 0.5841
vn 0.5158 0.6611 -0.5449
vn 0.3509 0.8995 -0.2604
vn 0.8763 0.4747 -0.0823
vn 0.5208 0.2473 0.8171
vn 0.2956 0.9423 -0.1568
vn 0.2862 0.9405 -0.1830
vn 0.8507 0.5202 0.0751
vn 0.8184 0.5704 -0.0694
vn 0.8614 0.4337 0.2643
vn 0.5973 0.6339 -0.4914
vn -0.6957 0.5355 0.4788
vn -0.6856 0.5887 0.4282
vn -0.7032 0.4612 0.5412
vn -0.5823 0.7991 0.1497
vn -0.5900 0.2826 0.7563
vn 0.0590 0.9033 -0.4250
vn -0.0755 0.9955 -0.0564
vn 0.5499 0.8165 -0.1761
vn -0.0245 0.8958 -0.4438
vn 0.1122 0.8863 -0.4493
vn -0.2133 0.8810 -0.4224
vn 0.5119 0.7533 -0.4129
vn -0.5713 0.8193 -0.0487
vn 0.8954 0.4405 -0.0648
vn 0.7972 0.6022 0.0429
vn 0.8044 0.3858 0.4517
vn 0.6653 0.5106 -0.5447
vn 0.5197 0.4965 -0.6952
vn 0.9637 0.2534 -0.0841
vn 0.9677 0.2461 -0.0543
vn 0.8781 0.3106 -0.3639
vn 0.9508 0.1522 0.2698
vn 0.5422 0.6546 -0.5268
vn 0.5053 0.5629 -0.6541
vn 0.8362 0.4644 0.2917
vn 0.8567 0.4707 0.2110
vn 0.8771 0.4740 0.0773
vn 0.7807 0.4433 0.4404
vn -0.4636 0.4351 -0.7719
vn -0.8334 0.4712 -0.2888
vn -0.8334 0.4712 -0.2887
vn 0.5453 0.7774 -0.3137
vn -0.0488 0.8587 0.5102
vn -0.0896 0.2109 -0.9734
vn -0.1520 0.1904 -0.9699
vn 0.0281 0.2468 -0.9687
vn -0.2668 0.1499 -0.9520
vn 0.7362 0.6407 -0.2178
vn 0.7612 0.6231 -0.1799
vn -0.4513 0.3819 -0.8065
vn -0.8875 0.4546 -0.0749
vn 0.6996 0.7112 -0.0686
vn 0.6997 0.7112 -0.0686
vn 0.1227 0.7536 0.6458
vn -0.3362 0.7033 -0.6264
vn 0.4002 0.7224 0.5640
vn 0.9015 0.4183 0.1112
vn 0.2901 0.8237 0.4872
vn 0.2879 0.8243 0.4875
vn 0.3379 0.8088 0.4813
vn 0.2744 0.8280 0.4889
vn -0.7441 0.5957 0.3024
vn -0.1729 0.6429 0.7462
vn -0.5005 0.4123 0.7612
vn 0.7960 0.5410 0.2715
vn 0.5049 0.5594 0.6574
vn 0.5586 0.5534 0.6178
vn 0.1903 0.5492 0.8137
vn 0.6292 0.5410 0.5581
vn 0.4369 0.8515 -0.2898
vn 0.5123 0.7700 -0.3802
vn 0.3755 0.6893 0.6196
vn 0.3999 0.6963 0.5960
vn 0.4784 0.7139 0.5114
vn 0.2670 0.6501 0.7114
vn 0.9678 0.2330 0.0952
vn 0.9912 0.1281 0.0342
vn 0.7047 0.1286 0.6977
vn 0.7122 0.1230 0.6911
vn 0.7417 0.0998 0.6632
vn 0.6699 0.1538 0.7263
vn 0.4551 -0.0048 0.8904
vn 0.8252 -0.1272 0.5503
vn 0.6909 -0.2369 0.6831
vn 0.8555 0.2126 -0.4721
vn 0.9938 -0.0361 -0.1053
vn 0.9845 -0.0071 -0.1751
vn 0.9837 -0.1288 0.1253
vn 0.9687 0.0234 -0.2471
vn 0.1937 0.9567 -0.2174
vn 0.1611 0.9665 -0.1999
vn 0.2476 0.9371 -0.2459
vn -0.0557 0.9953 -0.0797
vn -0.5836 0.7103 0.3934
vn -0.2172 0.9560 -0.1973
vn 0.9077 0.3391 0.2470
vn 0.1310 0.8728 0.4701
vn 0.1313 0.8715 0.4725
vn 0.0881 0.9888 0.1206
vn 0.1603 0.4977 0.8524
vn 0.6639 -0.1714 0.7279
vn 0.7116 0.6179 -0.3344
vn 0.9968 0.0059 -0.0802
vn 0.2007 0.0678 0.9773
vn 0.1773 0.1485 0.9729
vn 0.2282 -0.0348 0.9730
vn 0.0427 0.5306 0.8466
vn 0.4135 -0.2735 0.8685
vn -0.0733 0.9789 0.1910
vn 0.2132 0.8334 0.5100
vn 0.3802 0.9020 -0.2046
vn -0.0047 0.1080 0.9941
vn 0.5555 0.2682 0.7871
vn 0.5095 -0.0941 0.8553
vn 0.2790 0.8283 -0.4859
vn 0.7912 0.6014 -0.1110
vn 0.7176 0.6528 -0.2428
vn 0.8793 0.2880 0.3794
vn 0.6263 0.6875 -0.3675
vn -0.2594 0.9005 0.3489
vn -0.2540 0.9053 0.3405
vn -0.2443 0.9134 0.3257
vn -0.2980 0.8628 0.4084
vn -0.4201 0.3135 0.8516
vn -0.5552 0.7704 0.3134
vn 0.5983 0.4505 0.6626
vn 0.0935 0.2049 0.9743
vn 0.9026 0.1928 0.3848
vn 0.7492 -0.2558 0.6110
vn 0.3913 0.7538 -0.5280
vn 0.9810 0.1931 -0.0166
vn 0.9275 0.3159 -0.2000
vn 0.8509 -0.1956 0.4875
vn 0.8278 0.4210 -0.3709
vn -0.1013 0.3491 0.9316
vn -0.1049 0.3607 0.9267
vn -0.1063 0.3654 0.9247
vn -0.0998 0.3441 0.9336
vn 0.0508 0.1429 0.9884
vn 0.0270 -0.0903 0.9956
vn 0.6710 -0.1739 0.7208
vn -0.4655 0.8673 0.1764
vn 0.8013 0.4755 0.3629
vn 0.8503 0.3794 -0.3647
vn 0.5953 0.6525 0.4689
vn 0.5805 0.6551 0.4836
vn 0.6921 0.6262 0.3590
vn 0.5540 0.6589 0.5089
vn 0.6571 0.5586 0.5062
vn 0.7602 0.4229 0.4933
vn -0.1758 0.4537 0.8736
vn -0.1408 0.4466 0.8836
vn -0.0446 0.4240 0.9045
vn -0.2901 0.4730 0.8319
vn -0.3517 0.8208 -0.4502
vn -0.7110 0.6628 0.2349
vn -0.7109 0.6628 0.2349
vn 0.7813 0.6218 0.0538
vn 0.4792 0.4573 0.7492
vn 0.4792 0.4572 0.7492
vn -0.2290 0.2684 0.9357
vn -0.2926 0.4083 0.8647
vn -0.3426 0.5239 0.7798
vn -0.1442 0.0911 0.9853
vn 0.2228 -0.1200 0.9675
vn 0.8578 0.5078 0.0797
vn 0.8896 0.3627 0.2775
vn 0.8286 0.5598 -0.0054
vn 0.8788 0.2439 0.4101
vn -0.2648 0.5669 0.7801
vn 0.6213 0.6608 0.4211
vn 0.5744 0.1124 0.8108
vn 0.3548 0.7256 -0.5896
vn 0.7965 0.5719 -0.1965
vn 0.7780 0.5809 -0.2393
vn 0.8518 0.3151 0.4186
vn 0.6911 0.6034 -0.3979
vn 0.1386 0.2735 0.9518
vn 0.7744 0.3898 0.4983
vn 0.7048 0.0127 0.7093
vn 0.3990 0.7173 -0.5712
vn 0.7912 0.5369 -0.2928
vn 0.7595 0.5546 -0.3400
vn 0.9295 0.3645 0.0565
vn 0.6882 0.5840 -0.4305
vn 0.1877 0.8485 -0.4948
vn 0.0727 0.8342 -0.5466
vn 0.6782 0.5744 -0.4585
vn 0.6325 0.5989 -0.4911
vn 0.5894 0.6191 -0.5189
vn 0.7184 0.5495 -0.4266
vn -0.4917 0.8553 0.1635
vn -0.4015 0.9154 0.0279
vn -0.2987 0.9481 -0.1091
vn -0.5603 0.7790 0.2814
vn -0.5541 0.5012 0.6647
vn -0.5523 0.5081 0.6609
vn -0.2741 0.8169 0.5075
vn -0.2687 0.8216 0.5028
vn -0.2075 0.8695 0.4482
vn -0.4329 0.6391 0.6357
vn -0.5460 0.1614 0.8221
vn -0.3634 0.8185 0.4450
vn 0.7429 0.4036 0.5340
vn -0.1644 0.9863 0.0126
vn -0.1689 0.9817 0.0875
vn -0.1588 0.9852 -0.0648
vn -0.1773 0.9060 0.3844
vn -0.0141 0.4773 0.8786
vn -0.2706 0.9476 0.1696
vn 0.5897 0.5156 -0.6216
vn -0.3904 0.9120 0.1259
vn -0.3912 0.9097 0.1394
vn -0.3853 0.9207 0.0622
vn -0.3948 0.8468 0.3565
vn -0.1740 0.4404 0.8808
vn -0.5640 0.7332 0.3799
vn 0.5579 0.7721 -0.3044
vn -0.3779 0.7418 0.5540
vn 0.2615 0.9441 0.2006
vn 0.2815 0.6356 0.7189
vn 0.2105 0.3893 -0.8967
vn 0.5920 0.5797 -0.5599
vn 0.5544 0.5290 -0.6425
vn 0.6709 0.7389 0.0627
vn 0.4935 0.4507 -0.7438
vn 0.8403 0.3759 -0.3907
vn 0.2608 0.5572 -0.7884
vn -0.0785 0.6927 0.7169
vn -0.5352 0.8301 0.1564
vn -0.4537 0.7936 -0.4055
vn -0.4429 0.7877 -0.4283
vn -0.6828 0.5746 0.4514
vn -0.7039 0.6484 0.2902
vn -0.6393 0.4812 0.5998
vn -0.7019 0.7033 0.1122
vn 0.8236 0.3113 0.4740
vn -0.2194 0.8560 -0.4681
vn -0.6814 0.7239 0.1081
vn 0.2519 0.8752 -0.4131
vn 0.2471 0.8769 -0.4123
vn 0.2794 0.8646 -0.4177
vn 0.2411 0.8791 -0.4112
vn 0.0856 0.7968 -0.5981
vn 0.0485 0.7927 -0.6076
vn 0.8875 0.1303 -0.4420
vn 0.9211 0.0913 -0.3784
vn 0.7364 0.2513 -0.6281
vn 0.9930 -0.0747 -0.0920
vn 0.8395 -0.0295 -0.5425
vn 0.8356 0.0015 -0.5493
vn 0.4142 0.3357 -0.8460
vn 0.4151 0.3348 -0.8459
vn 0.4139 0.3360 -0.8460
vn 0.4153 0.3345 -0.8459
vn 0.8641 0.0746 0.4977
vn 0.9778 0.1690 0.1239
vn 0.9963 0.0367 0.0775
vn 0.5938 0.6807 -0.4290
vn 0.6277 0.6565 -0.4182
vn 0.5765 0.6923 -0.4341
vn 0.6440 0.6442 -0.4126
vn 0.6416 0.6930 0.3288
vn 0.7191 0.6907 -0.0766
vn 0.8380 0.5439 -0.0432
vn -0.4697 0.5854 -0.6608
vn 0.2566 0.6053 -0.7535
vn 0.1172 0.5873 -0.8008
vn 0.5639 0.5938 -0.5740
vn -0.0152 0.5589 -0.8291
vn -0.2044 0.9627 0.1772
vn -0.2592 0.9610 0.0968
vn -0.1026 0.9434 0.3155
vn -0.4883 0.8171 -0.3065
vn 0.2960 0.8508 0.4342
vn -0.4607 0.4490 -0.7656
vn -0.2257 0.7305 -0.6445
vn 0.1644 0.3237 -0.9318
vn -0.1496 0.9352 0.3210
vn -0.6452 0.2208 -0.7314
vn -0.1705 0.6552 -0.7359
vn 0.4769 0.4507 -0.7546
vn 0.5142 0.4473 -0.7318
vn 0.2935 0.4548 -0.8409
vn 0.7165 0.4091 -0.5650
vn -0.0890 0.3203 -0.9431
vn -0.1153 0.3007 -0.9467
vn 0.8127 0.3061 -0.4958
vn 0.8099 0.3051 -0.5010
vn 0.6472 0.2422 -0.7228
vn 0.9232 0.3497 -0.1595
vn 0.3895 0.9012 0.1901
vn 0.6571 0.6528 -0.3770
vn 0.7789 0.6134 -0.1307
vn -0.0652 0.1468 -0.9870
vn 0.5222 0.3393 -0.7824
vn 0.4430 0.2869 -0.8494
vn 0.7110 0.4643 -0.5282
vn 0.3510 0.2263 -0.9086
vn -0.8214 0.5606 0.1050
vn -0.8173 0.5609 0.1319
vn -0.7965 0.5584 0.2319
vn -0.8274 0.5321 -0.1798
vn -0.5981 0.6237 0.5032
vn -0.2940 0.7076 -0.6426
vn -0.3213 0.7432 -0.5869
vn 0.2652 0.9275 0.2633
vn 0.2653 0.9275 0.2633
vn 0.7283 0.5782 -0.3678
vn -0.8262 0.3270 -0.4588
vn -0.8262 0.3270 -0.4589
vn -0.4063 0.1010 -0.9082
vn -0.6604 0.3229 -0.6779
vn -0.3871 0.8391 0.3822
vn 0.6622 0.2358 -0.7113
vn 0.5004 0.8495 0.1673
vn 0.4273 0.8747 0.2286
vn 0.8006 0.5696 -0.1859
vn 0.0882 0.8871 0.4531
vn -0.1189 0.9256 0.3594
vn -0.1191 0.9257 0.3589
vn -0.1240 0.9298 0.3467
vn -0.1044 0.9128 0.3949
vn 0.1225 0.7684 0.6282
vn -0.0175 0.9822 0.1871
vn 0.5046 0.8108 -0.2966
vn 0.2402 0.9376 0.2515
vn 0.8090 0.4642 -0.3606
vn 0.8973 0.4010 0.1844
vn 0.1877 0.0734 -0.9795
vn 0.6824 0.1302 -0.7193
vn 0.6512 0.1163 -0.7499
vn 0.9197 0.2596 -0.2946
vn 0.5469 0.0722 -0.8341
vn 0.5662 0.5795 0.5863
vn 0.5237 0.6467 0.5545
vn 0.6166 0.4824 0.6222
vn 0.2254 0.9238 0.3094
vn 0.7976 0.2447 0.5513
vn -0.3129 0.8319 -0.4582
vn 0.1295 0.9349 -0.3305
vn 0.0158 0.5321 -0.8466
vn 0.2978 0.7513 0.5889
vn 0.2833 0.7716 0.5695
vn 0.3855 0.5991 0.7018
vn -0.0885 0.9958 0.0225
vn 0.6659 0.3061 0.6803
vn -0.1990 0.8797 -0.4318
vn 0.4007 0.9151 -0.0454
vn 0.5954 0.3771 -0.7095
vn 0.5514 0.7635 0.3363
vn 0.4999 0.8048 0.3200
vn 0.6521 0.6641 0.3657
vn 0.0993 0.9798 0.1735
vn 0.8903 0.3873 0.2393
vn -0.4974 0.8150 -0.2974
vn -0.1149 0.9333 -0.3401
vn -0.2835 0.4765 -0.8322
vn 0.5649 0.8190 0.1002
vn 0.9136 0.2567 -0.3155
vn 0.9277 0.3631 0.0869
vn 0.3939 -0.1687 -0.9035
vn 0.8928 0.0663 -0.4456
vn 0.8192 -0.0196 -0.5731
vn 0.9585 0.2804 -0.0512
vn 0.7549 -0.0783 -0.6511
vn -0.1443 0.9531 0.2659
vn -0.1741 0.9646 0.1980
vn -0.0878 0.9184 0.3858
vn -0.3543 0.8809 -0.3139
vn 0.1943 0.7950 0.5747
vn -0.3069 0.4815 -0.8210
vn -0.0436 0.8714 -0.4886
vn 0.4351 0.2559 -0.8633
vn -0.2617 0.9650 -0.0147
vn 0.4398 0.8711 -0.2188
vn 0.3639 0.8778 0.3116
vn 0.4485 -0.1169 -0.8861
vn 0.7560 0.0944 -0.6478
vn 0.7430 0.0699 -0.6656
vn 0.8446 0.3828 -0.3745
vn 0.6907 -0.0178 -0.7230
vn 0.9439 -0.1576 -0.2901
vn 0.9439 -0.1579 -0.2900
vn 0.9419 -0.1756 -0.2864
vn 0.9465 -0.1299 -0.2955
vn 0.9107 -0.2355 -0.3394
vn 0.5691 0.1639 -0.8058
vn 0.4929 0.1732 -0.8527
vn -0.3697 0.6850 -0.6278
vn -0.4778 0.6705 -0.5675
vn 0.2433 0.0366 -0.9693
vn 0.2084 0.0548 -0.9765
vn 0.0572 0.1303 -0.9898
vn 0.4142 -0.0561 -0.9085
vn -0.1164 0.9931 -0.0164
vn -0.0554 0.9944 -0.0895
vn -0.2240 0.9677 0.1158
vn 0.2183 0.8903 -0.3997
vn -0.2478 0.8023 0.5431
vn 0.6675 0.4815 -0.5680
vn 0.6811 0.6506 -0.3358
vn 0.9638 0.2403 -0.1153
vn -0.0680 0.1982 0.9778
vn 0.0847 0.2327 0.9688
vn 0.7683 -0.0619 0.6371
vn 0.7667 -0.0617 0.6390
vn 0.7686 -0.0619 0.6367
vn 0.7664 -0.0617 0.6394
vn -0.1734 0.7541 0.6335
vn 0.2286 0.6749 0.7015
vn 0.1594 0.5202 0.8390
vn 0.7550 0.3782 -0.5357
vn 0.9318 0.3606 -0.0416
vn 0.9321 0.3477 -0.1014
vn 0.8733 0.4052 0.2705
vn 0.9225 0.3185 -0.2183
vn 0.0561 0.8809 -0.4699
vn 0.0888 0.8756 -0.4747
vn 0.7093 0.2724 -0.6502
vn 0.6840 0.3027 -0.6638
vn 0.4964 0.4811 -0.7226
vn 0.8697 0.0043 -0.4936
vn 0.1948 0.6342 0.7483
vn 0.1650 0.7850 0.5970
vn 0.2145 0.4647 0.8591
vn 0.0344 0.9994 -0.0003
vn 0.4587 0.0634 0.8863
vn 0.0478 0.9308 -0.3624
vn 0.3545 0.9350 0.0012
vn 0.5702 0.5385 -0.6203
vn 0.0023 0.3436 0.9391
vn 0.0044 0.3302 0.9439
vn 0.0154 0.2605 0.9654
vn -0.0278 0.5230 0.8519
vn 0.1554 0.0483 0.9867
vn 0.3505 0.8145 0.4623
vn 0.5264 0.8323 0.1735
vn 0.5830 0.3427 -0.7366
vn 0.4866 0.3386 -0.8054
vn 0.8656 0.0298 -0.4998
vn 0.8457 0.0397 -0.5321
vn 0.8279 0.0481 -0.5588
vn 0.8815 0.0213 -0.4718
vn -0.2593 0.9597 0.1083
vn -0.2564 0.9617 0.0975
vn -0.1458 0.9556 -0.2560
vn -0.3492 0.7541 0.5562
vn -0.0532 0.3430 0.9378
vn 0.2104 0.8707 -0.4445
vn 0.9184 0.1266 0.3748
vn 0.9184 0.1266 0.3749
vn -0.1268 0.8186 0.5602
vn -0.1077 0.8488 0.5177
vn -0.1639 0.7504 0.6404
vn 0.0161 0.9747 0.2230
vn -0.1142 0.4992 0.8589
vn 0.4599 0.7574 -0.4635
vn 0.5165 0.8451 -0.1376
vn 0.8678 0.3840 -0.3155
vn 0.7408 0.0667 -0.6684
vn 0.7107 0.0662 -0.7004
vn 0.2299 0.1324 -0.9642
vn 0.2470 0.1286 -0.9605
vn 0.2189 0.1348 -0.9664
vn 0.2578 0.1262 -0.9579
vn -0.3888 0.9155 0.1033
vn 0.5936 0.7973 0.1097
vn 0.2789 0.7022 0.6551
vn 0.7319 0.1944 -0.6531
vn 0.8977 0.4034 -0.1774
vn 0.8994 0.3780 -0.2195
vn 0.7215 0.6141 0.3199
vn 0.8922 0.2998 -0.3378
vn 0.0213 0.7717 0.6356
vn 0.7746 0.4178 0.4747
vn 0.0639 0.6587 -0.7497
vn 0.0640 0.6587 -0.7497
vn 0.8020 0.3412 -0.4903
vn 0.7782 0.3108 -0.5457
vn 0.7937 0.3186 -0.5182
vn 0.9707 0.0798 0.2268
vn 0.9688 0.0794 0.2348
vn 0.9961 0.0885 -0.0043
vn 0.8657 0.0629 0.4966
vn -0.5801 0.7917 0.1915
vn -0.5902 0.7778 0.2162
vn -0.6253 0.7147 0.3134
vn -0.4245 0.8991 -0.1066
vn -0.5510 0.5445 0.6324
vn 0.2783 0.7919 -0.5435
vn 0.1450 0.9876 -0.0604
vn 0.7993 0.5760 0.1712
vn -0.2100 0.9511 0.2263
vn -0.2107 0.9508 0.2269
vn -0.1992 0.9560 0.2156
vn -0.2464 0.9330 0.2622
vn -0.4877 0.5038 0.7130
vn -0.2030 0.9552 0.2155
vn 0.7964 0.4635 0.3885
vn -0.2253 0.9188 -0.3241
vn -0.1121 0.9066 -0.4068
vn -0.3626 0.9081 -0.2096
vn 0.2691 0.7396 -0.6169
vn -0.4769 0.8399 0.2592
vn 0.7374 0.3796 -0.5588
vn 0.6907 0.6027 -0.3996
vn 0.9571 0.2882 -0.0294
vn -0.5949 0.7504 -0.2881
vn -0.5544 0.7454 0.3701
vn -0.5545 0.7454 0.3701
vn 0.6250 0.6234 -0.4698
vn 0.6566 0.6148 0.4370
vn 0.6565 0.6148 0.4370
vn -0.5730 0.8192 0.0233
vn -0.5407 0.8403 -0.0385
vn -0.6174 0.7775 0.1198
vn -0.3250 0.8759 -0.3567
vn -0.5891 0.6747 0.4448
vn 0.4614 0.5129 -0.7239
vn 0.3872 0.7547 -0.5296
vn 0.8380 0.4169 -0.3520
vn -0.4410 0.7714 -0.4588
vn -0.4390 0.7706 -0.4621
vn -0.2057 0.6270 -0.7514
vn -0.6390 0.7682 0.0382
vn -0.3909 0.6857 0.6140
vn 0.2246 0.5755 -0.7864
vn 0.7558 0.5450 0.3629
vn -0.2806 0.6481 -0.7080
vn -0.4472 0.5472 -0.7075
vn 0.5106 0.3842 -0.7692
vn 0.4350 0.3906 -0.8113
vn 0.3465 0.3943 -0.8511
vn 0.6023 0.3717 -0.7065
vn -0.1139 0.7115 0.6934
vn 0.4320 0.7334 0.5249
vn 0.4304 0.5437 0.7205
vn 0.3602 0.4555 -0.8141
vn 0.8032 0.5496 -0.2299
vn 0.7745 0.5191 -0.3615
vn 0.7892 0.5745 0.2170
vn 0.7241 0.4725 -0.5025
vn -0.1424 0.7899 -0.5965
vn -0.1099 0.7843 -0.6105
vn 0.3963 0.3459 -0.8505
vn 0.3241 0.4027 -0.8560
vn 0.1747 0.5040 -0.8458
vn 0.5596 0.1936 -0.8058
vn -0.2570 0.8789 0.4018
vn -0.2478 0.8886 0.3860
vn -0.3048 0.8201 0.4843
vn -0.0729 0.9935 0.0879
vn -0.2801 0.6319 0.7227
vn 0.5721 0.6202 -0.5367
vn 0.5428 0.8370 -0.0688
vn 0.9700 0.2297 -0.0800
vn 0.1032 0.8054 0.5837
vn 0.0743 0.8418 0.5346
vn 0.0440 0.8756 0.4810
vn 0.1294 0.7684 0.6267
vn 0.4314 0.5000 0.7509
vn 0.3524 0.1732 0.9197
vn 0.9838 0.0268 0.1774
vn 0.4510 0.4054 -0.7951
vn 0.3646 0.3908 -0.8452
vn 0.9414 -0.1646 -0.2944
vn 0.9331 -0.1582 -0.3230
vn 0.8758 -0.1227 -0.4669
vn 0.9741 -0.2026 -0.1000
vn 0.2413 0.7935 0.5588
vn 0.2498 0.8687 0.4278
vn 0.2278 0.7037 0.6730
vn 0.2258 0.9590 -0.1712
vn 0.3326 0.3682 0.8682
vn 0.2255 0.6696 -0.7077
vn 0.4873 0.8009 -0.3480
vn 0.6152 0.1488 -0.7742
vn 0.3097 0.6996 0.6439
vn 0.7756 0.1487 -0.6134
vn 0.1542 0.2985 -0.9419
vn 0.9184 0.2916 -0.2675
vn 0.9144 0.2919 -0.2804
vn 0.9335 0.2894 -0.2118
vn 0.9113 0.2922 -0.2902
vn -0.3343 0.8388 -0.4297
vn -0.6293 0.7765 -0.0328
vn -0.6527 0.7366 -0.1773
vn -0.2782 0.2985 0.9130
vn -0.6566 0.5040 0.5611
vn -0.5921 0.4285 0.6825
vn -0.7274 0.6014 0.3305
vn -0.5477 0.3794 0.7457
vn -0.3756 0.8940 -0.2444
vn -0.2324 0.9063 -0.3529
vn -0.1201 0.8963 -0.4268
vn -0.4678 0.8684 -0.1644
vn -0.6911 0.5159 0.5062
vn -0.6060 0.6822 0.4091
vn 0.3346 0.9082 -0.2515
vn -0.6134 0.7320 0.2966
vn 0.7292 -0.0079 0.6842
vn -0.1311 0.2181 0.9671
vn -0.3136 0.3321 0.8896
vn 0.2234 -0.0226 0.9745
vn -0.5439 0.4638 0.6993
vn -0.6519 0.5281 0.5442
vn -0.6436 0.5541 0.5280
vn -0.6825 0.3959 0.6143
vn -0.3876 0.9087 0.1548
vn -0.5614 0.1203 0.8188
vn -0.0329 0.9952 -0.0919
vn -0.2509 0.8217 0.5118
vn 0.6263 0.6030 0.4941
vn 0.6901 0.1999 -0.6956
vn 0.9387 0.3393 -0.0612
vn 0.9463 0.1699 0.2749
vn 0.9464 0.1700 0.2746
vn 0.9467 0.1707 0.2731
vn 0.9462 0.1696 0.2756
vn -0.6479 0.5943 0.4764
vn 0.0131 0.4865 0.8736
vn -0.2510 0.1987 0.9474
vn 0.8659 0.4980 -0.0461
vn 0.7206 0.3518 0.5975
vn 0.7693 0.3585 0.5289
vn 0.3426 0.2642 0.9016
vn 0.8475 0.3641 0.3863
vn -0.6949 0.5356 -0.4799
vn -0.6940 0.5356 -0.4812
vn -0.6934 0.5356 -0.4821
vn -0.6925 0.5355 -0.4834
vn -0.6022 0.5663 -0.5627
vn -0.5996 0.5688 -0.5630
vn -0.5998 0.5686 -0.5629
vn -0.5997 0.5713 -0.5603
vn -0.1638 0.9861 0.0266
vn -0.1635 0.9862 0.0267
vn -0.1581 0.9871 0.0270
vn -0.1836 0.9827 0.0253
vn -0.8559 0.5026 0.1215
vn -0.3774 0.8997 -0.2194
vn 0.1333 0.3467 0.9284
vn -0.2097 0.9445 -0.2529
vn -0.1708 0.9550 -0.2427
vn -0.3125 0.9082 -0.2784
vn 0.1809 0.9742 -0.1348
vn -0.5965 0.7776 -0.1988
vn 0.7397 0.6020 0.3006
vn 0.3746 0.8736 0.3106
vn 0.4142 0.3490 0.8406
vn -0.5055 0.8626 -0.0177
vn -0.4921 0.8691 -0.0504
vn -0.3114 0.8665 -0.3901
vn -0.6189 0.6587 0.4279
vn -0.1701 0.3456 0.9228
vn 0.4782 0.7717 -0.4194
vn 0.8043 0.3103 0.5068
vn 0.1410 0.6190 -0.7726
vn 0.1203 0.6128 -0.7810
vn 0.0156 0.5769 -0.8167
vn 0.4335 0.6702 -0.6024
vn -0.3410 0.5311 -0.7757
vn 0.4826 0.8755 0.0239
vn 0.4323 0.9010 -0.0352
vn -0.4774 0.7701 -0.4232
vn -0.4294 0.7897 -0.4383
vn -0.5956 0.7087 -0.3782
vn -0.0114 0.8600 -0.5101
vn -0.8014 0.5906 -0.0947
vn 0.7908 0.5914 -0.1576
vn 0.5528 0.8320 -0.0458
vn 0.7284 0.5128 0.4544
vn 0.8992 0.4374 -0.0108
vn -0.1124 0.6852 0.7196
vn -0.1780 0.1537 0.9720
vn -0.0853 0.7083 0.7007
vn -0.0877 0.7038 0.7050
vn -0.0669 0.7409 0.6683
vn -0.0911 0.6977 0.7106
vn 0.8192 0.5209 -0.2400
vn -0.1291 0.8957 -0.4254
vn 0.3842 0.3143 0.8681
vn -0.3644 0.6242 0.6910
vn -0.3644 0.6242 0.6911
vn 0.5550 0.6092 -0.5664
vn -0.2407 0.8471 -0.4739
vn 0.5053 0.3096 0.8055
vn -0.2305 0.5538 0.8001
vn -0.2305 0.5537 0.8002
vn 0.2325 0.7091 -0.6657
vn -0.4728 0.8223 -0.3167
vn 0.7213 0.3826 0.5773
vn -0.1576 0.5424 0.8252
vn -0.1577 0.5424 0.8252
vn 0.5458 0.6861 -0.4811
vn 0.4110 0.4368 0.8002
vn 0.8292 -0.0116 0.5588
vn 0.4322 0.5506 0.7142
vn 0.4333 0.5493 0.7145
vn 0.4565 0.5215 0.7208
vn 0.4256 0.5583 0.7122
vn 0.8758 0.4055 0.2618
vn 0.9214 0.2552 0.2931
vn 0.1900 0.5812 0.7912
vn 0.1964 0.5774 0.7925
vn 0.2560 0.5395 0.8021
vn 0.1203 0.6208 0.7747
vn -0.3489 0.9337 -0.0804
vn 0.6619 0.7496 0.0070
vn 0.8233 0.3323 -0.4602
vn 0.7930 0.6055 -0.0672
vn 0.7854 0.6167 -0.0524
vn 0.8381 0.5175 -0.1725
vn 0.7676 0.6406 -0.0198
vn 0.6884 0.7253 -0.0017
vn -0.3330 0.6559 0.6775
vn -0.0585 0.0906 0.9942
vn -0.2877 0.6995 0.6541
vn -0.2877 0.7011 0.6524
vn -0.2868 0.6721 0.6827
vn -0.2879 0.7083 0.6446
vn 0.1411 0.9511 -0.2747
vn 0.2869 0.9336 -0.2148
vn -0.0247 0.9426 -0.3330
vn 0.6462 0.7628 -0.0233
vn -0.4939 0.8497 -0.1848
vn 0.8470 0.3769 0.3748
vn 0.7044 0.5557 0.4416
vn 0.5539 0.2485 0.7947
vn -0.1038 0.9785 -0.1782
vn 0.1088 0.2073 0.9722
vn 0.7353 -0.1413 0.6628
vn 0.0068 0.4402 0.8979
vn -0.0214 0.4599 0.8877
vn 0.1519 0.3296 0.9318
vn -0.0559 0.4832 0.8737
vn 0.8031 0.0110 0.5957
vn 0.8311 -0.0031 0.5561
vn 0.3292 -0.0938 0.9396
vn 0.3995 -0.1072 0.9104
vn 0.4977 -0.1256 0.8582
vn 0.2093 -0.0705 0.9753
vn 0.4358 0.9000 -0.0043
vn 0.5796 0.8020 0.1444
vn 0.2803 0.9491 -0.1436
vn 0.7923 0.3967 0.4635
vn -0.2244 0.9593 -0.1715
vn 0.7020 0.0242 0.7117
vn 0.5756 0.3201 0.7525
vn 0.1750 -0.0646 0.9825
vn -0.6363 0.7707 0.0349
vn -0.6466 0.7619 0.0391
vn -0.6914 0.7201 0.0579
vn -0.5068 0.8619 -0.0145
vn -0.7892 0.5772 0.2099
vn 0.0368 0.9631 0.2668
vn 0.3037 0.8592 0.4118
vn -0.6896 0.7235 0.0313
vn -0.7382 0.5694 0.3618
vn -0.7893 0.5164 0.3321
vn 0.0164 0.0994 0.9949
vn -0.0862 0.1372 0.9868
vn 0.0613 0.0824 0.9947
vn -0.1325 0.1538 0.9792
vn -0.4122 0.9111 0.0066
vn -0.4190 0.9079 0.0063
vn -0.5179 0.8554 0.0020
vn -0.1197 0.9927 0.0176
vn -0.7267 0.6717 0.1440
vn 0.7249 0.5999 0.3385
vn 0.3202 0.7709 0.5506
vn 0.4100 0.2042 0.8890
vt 0.054674 0.066041
vt 0.008232 0.100465
vt 0.001953 0.075651
vt 0.082257 0.075651
vt 0.043258 0.117679
vt 0.010317 0.151017
vt 0.001953 0.118108
vt 0.082257 0.118039
vt 0.080859 0.167399
vt 0.011541 0.197714
vt 0.008937 0.167439
vt 0.062917 0.213620
vt 0.062772 0.242837
vt 0.001953 0.213872
vt 0.073725 0.313567
vt 0.010140 0.392716
vt 0.005190 0.341196
vt 0.082257 0.340665
vt 0.671731 0.104935
vt 0.651992 0.139647
vt 0.640412 0.089815
vt 0.669450 0.163090
vt 0.645947 0.205578
vt 0.638002 0.145543
vt 0.139784 0.051694
vt 0.145851 0.083763
vt 0.086164 0.051977
vt 0.166468 0.060326
vt 0.127441 0.100182
vt 0.125271 0.131389
vt 0.086164 0.100549
vt 0.166468 0.100670
vt 0.166468 0.156777
vt 0.096150 0.179323
vt 0.132864 0.148021
vt 0.147181 0.195554
vt 0.145502 0.225562
vt 0.086164 0.195718
vt 0.655516 0.271944
vt 0.652229 0.336627
vt 0.633532 0.290644
vt 0.518579 0.143204
vt 0.532605 0.199505
vt 0.507216 0.158527
vt 0.234436 0.001969
vt 0.188379 0.035161
vt 0.170374 0.002342
vt 0.231772 0.052995
vt 0.213051 0.087754
vt 0.170374 0.063104
vt 0.170374 0.105318
vt 0.190450 0.105410
vt 0.170374 0.115064
vt 0.213826 0.138976
vt 0.245470 0.105376
vt 0.229059 0.156612
vt 0.243323 0.191805
vt 0.170374 0.166993
vt 0.183080 0.315686
vt 0.245650 0.399904
vt 0.170374 0.343296
vt 0.249831 0.354001
vt 0.773215 0.156200
vt 0.760898 0.225653
vt 0.759906 0.181696
vt 0.659240 0.414490
vt 0.652661 0.489294
vt 0.640130 0.435986
vt 0.585450 0.054106
vt 0.555285 0.090051
vt 0.549322 0.068766
vt 0.334889 0.015460
vt 0.258688 0.048496
vt 0.276881 0.015300
vt 0.334889 0.072448
vt 0.259167 0.094061
vt 0.263046 0.064398
vt 0.334889 0.110428
vt 0.259104 0.138564
vt 0.277102 0.109772
vt 0.334889 0.162012
vt 0.259680 0.182901
vt 0.274202 0.154053
vt 0.678181 0.053336
vt 0.688691 0.106605
vt 0.675638 0.068026
vt 0.818924 0.295730
vt 0.802848 0.349113
vt 0.807697 0.295742
vt 0.334889 0.424075
vt 0.326727 0.456950
vt 0.268100 0.423920
vt 0.379853 0.013913
vt 0.377333 0.043476
vt 0.338795 0.022283
vt 0.419100 0.022283
vt 0.419100 0.059213
vt 0.366014 0.087410
vt 0.352025 0.059102
vt 0.417996 0.102110
vt 0.357715 0.128346
vt 0.342321 0.102199
vt 0.375950 0.222430
vt 0.341711 0.240677
vt 0.338795 0.222051
vt 0.418886 0.222051
vt 0.419100 0.238783
vt 0.405109 0.277040
vt 0.611960 0.214126
vt 0.627634 0.250949
vt 0.591427 0.223454
vt 0.403602 0.339925
vt 0.411669 0.372404
vt 0.338795 0.340033
vt 0.406547 0.388137
vt 0.412929 0.416803
vt 0.338795 0.388320
vt 0.399551 0.432356
vt 0.409370 0.460193
vt 0.338795 0.432722
vt 0.498704 0.012558
vt 0.493783 0.037231
vt 0.423006 0.018899
vt 0.481156 0.051442
vt 0.496402 0.075464
vt 0.423006 0.051778
vt 0.437375 0.129412
vt 0.496566 0.185785
vt 0.427374 0.147098
vt 0.503310 0.147130
vt 0.704287 0.200923
vt 0.688573 0.237828
vt 0.678869 0.200981
vt 0.713837 0.201300
vt 0.713837 0.254979
vt 0.693742 0.286679
vt 0.711601 0.243700
vt 0.637996 0.001937
vt 0.669224 0.040808
vt 0.633532 0.011473
vt 0.003906 0.503906
vt 0.984607 0.750000
vt 0.003906 0.750000
vt 0.500000 0.503906
vt 0.996094 0.503906
vt 0.500000 0.996094
vt 0.003906 0.996094
vt 0.996094 0.996094
vt -0.001708 0.503906
vt 0.996094 0.750000
vt 0.002744 0.750000
vt 0.003775 0.996094
vt 0.995144 0.750000
vt 0.989058 0.996094
vt 0.500000 0.750000
vt 0.996094 0.508757
vt 1.001354 0.750000
vt 0.003906 0.510633
vt 0.500000 0.508157
vt 0.996094 0.508938
vt 0.991701 0.750000
vt 1.005602 0.750000
vt 1.000146 0.503906
vt 1.001562 0.996094
vt 0.990248 0.750000
vt 0.003906 0.989775
vt 0.988906 0.750000
vt 0.003906 0.990536
vt 1.009461 0.750000
vt 0.992875 0.750000
vt 0.003906 0.511782
vt 0.500000 0.509635
vt 0.996094 0.512183
vt -0.000145 0.503906
vt -0.005004 0.750000
vt 0.000250 0.996094
vt 0.991407 0.750000
vt 0.983037 0.750000
vt 0.995159 0.750000
vt 0.005390 0.996094
vt 0.977513 0.750000
vt 0.037351 0.750000
vt 0.972208 0.750000
vt 0.991046 0.750000
vt 1.010558 0.750000
vt 0.995800 0.503906
vt 0.975647 0.750000
vt 0.971854 0.750000
vt 0.003906 0.513088
vt 0.500000 0.510696
vt 0.996094 0.510677
vt 0.986275 0.750000
vt 0.015623 0.750000
vt 0.987546 0.750000
vt 0.025661 0.750000
vt 0.996094 0.509358
vt 0.970104 0.750000
vt 0.003535 0.503906
vt 0.002903 0.750000
vt 0.001822 0.996094
vt 0.001862 0.750000
vt 0.003906 0.510727
vt 0.500000 0.506436
vt 0.996094 0.508607
vt 0.500000 0.507568
vt 0.003906 0.509722
vt 0.989044 0.750000
vt -0.000277 0.750000
vt 0.996094 0.505220
vt 0.994308 0.750000
vt 0.007323 0.996094
vt 0.979839 0.750000
vt 0.982618 0.750000
vt 0.003906 0.503501
vt 0.500000 0.497391
vt 0.996094 0.503329
vt 0.996282 0.750000
vt 0.003906 0.991434
vt 1.002113 0.750000
vt 0.992780 0.750000
vt 0.977204 0.750000
vt 0.970592 0.750000
vt 0.500000 0.505468
vt 0.003906 0.508714
vt 0.990585 0.750000
vt 0.983698 0.750000
vt 0.003906 0.506004
vt 0.500000 0.524222
vt 0.996094 0.508586
vt 0.003906 0.509185
vt 0.500000 0.502311
vt 0.996094 0.507389
vt 1.005373 0.750000
vt 1.000391 0.503906
vt 0.998363 0.996094
vt 0.028470 0.750000
vt 0.996094 0.508225
vt -0.008242 0.750000
vt 0.003906 0.511563
vt 0.500000 0.509411
vt 0.996094 0.508816
vt 0.003906 0.511493
vt 0.500000 0.508526
vt 0.996094 0.507357
vt -0.016015 0.750000
vt 0.991747 0.750000
vt 0.003906 0.988235
vt 0.003906 0.993714
vt 0.989461 0.750000
vt 0.028470 0.750000
vt 0.997104 0.750000
vt 0.003906 0.991888
vt 0.020709 0.750000
vt 0.500000 0.996044
vt 0.003906 0.995144
vt 0.017862 0.750000
vt 0.996094 0.510142
vt 0.003906 0.512178
vt 0.500000 0.509302
vt 0.996094 0.508500
vt 0.003287 0.994077
vt 0.028679 0.750000
vt 0.004320 0.750000
vt 0.003906 0.505233
vt 0.500000 0.499525
vt 0.996094 0.504361
vt 0.500000 0.996676
vt 0.003906 0.993767
vt 0.996094 0.994531
vt 0.987404 0.750000
vt 0.003906 0.990616
vt 0.982311 0.750000
vt 0.003906 0.990031
vt 0.992310 0.750000
vt 0.003906 0.989088
vt 0.038866 0.750000
vt 0.003213 0.503906
vt 0.009963 0.750000
vt -0.001212 0.996094
vt 0.028592 0.750000
vt 0.996094 0.510450
vt 0.003906 0.509365
vt 0.500000 0.507164
vt 0.996094 0.512860
vt -0.002831 0.503906
vt 0.004588 0.750000
vt 0.003872 0.996094
vt 0.000825 0.750000
vt 0.005863 0.996094
vt 0.006319 0.750000
vt 0.978125 0.750000
vt 0.500000 0.509445
vt 0.996094 0.511811
vt 0.003906 0.509017
vt 0.500000 0.506683
vt 0.996094 0.510926
vt -0.011807 0.750000
vt 0.990777 0.750000
vt 0.989772 0.996094
vt 0.996094 0.510293
vt 0.999680 0.750000
vt 0.003906 0.994708
vt 0.005448 0.750000
vt 0.971568 0.750000
vt 0.969653 0.750000
vt 0.981233 0.750000
vt -0.008560 0.750000
vt 0.979702 0.750000
vt 0.026291 0.750000
vt 0.999450 0.750000
vt 0.003559 0.996094
vt 0.003906 0.509192
vt 0.500000 0.502070
vt 0.996094 0.507990
vt 0.983188 0.750000
vt -0.002981 0.503906
vt 0.001860 0.750000
vt 0.003868 0.996094
vt 0.011250 0.750000
vt 0.003906 0.508036
vt 0.500000 0.505842
vt 0.996094 0.510710
vt 0.971560 0.750000
vt 0.992629 0.750000
vt 0.006061 0.996094
vt 0.003906 0.504523
vt 0.500000 0.500661
vt 0.996094 0.504068
vt 0.003906 0.989710
vt 0.991364 0.750000
vt 0.996052 0.503906
vt 0.003507 0.750000
vt 0.000419 0.996094
vt 0.015645 0.750000
vt 0.003906 0.506830
vt 0.500000 0.505228
vt 0.996094 0.508918
vt 0.979569 0.750000
vt 0.981760 0.750000
vt 0.003906 0.992864
vt 0.983191 0.750000
vt 0.991120 0.750000
vt 0.003906 0.989472
vt 0.003906 0.509898
vt 0.500000 0.503307
vt 0.996094 0.506978
vt 0.009034 0.750000
vt 0.003906 0.506741
vt 0.500000 0.505875
vt 0.996094 0.508062
vt 0.978787 0.750000
vt 0.500000 0.990822
vt 0.003906 0.992430
vt 0.003906 0.510019
vt 0.500000 0.506536
vt 0.996094 0.508537
vt 0.982191 0.750000
vt 0.029341 0.750000
vt 0.996094 0.509174
vt -0.015336 0.750000
vt 0.500000 0.999377
vt 0.003906 0.994182
vt 0.996094 0.993346
vt 0.996094 0.510671
vt 0.984759 0.750000
vt 0.996094 0.503042
vt 0.003715 0.502269
vt 0.010980 0.750000
vt 0.500000 0.503889
vt 0.003906 0.996076
vt 0.996094 0.503891
vt 0.986759 0.750000
vt 0.003906 0.990753
vt 0.989539 0.750000
vt 0.003906 0.991824
vt 0.991019 0.750000
vt 0.989861 0.996094
vt 0.978107 0.750000
vt 0.021243 0.750000
vt 0.996094 0.506428
vt 0.014306 0.750000
vt 0.996094 0.507759
vt 0.003906 0.512575
vt 0.500000 0.509304
vt 0.996094 0.508147
vt 0.014282 0.750000
vt 0.996094 0.506943
vt 0.020642 0.750000
vt 0.996094 0.507462
vt 0.985093 0.750000
vt 0.018572 0.750000
vt 0.996094 0.510077
vt 0.003906 0.506150
vt 0.500000 0.502683
vt 0.996094 0.505903
vt 0.974357 0.750000
vt 0.993273 0.750000
vt 0.006721 0.996094
vt -0.007059 0.750000
vt 0.004863 0.996094
vt 0.977825 0.750000
s 1
usemtl Small_na
f 1191/1/1 1204/2/2 1300/3/3
f 1301/4/4 1204/2/2 1191/1/1
f 1088/5/5 1031/6/6 1193/7/7
f 1194/8/8 1031/6/6 1088/5/5
f 1115/9/9 1066/10/10 1054/11/11
f 911/12/12 869/13/12 1058/14/12
f 825/15/13 898/16/14 818/17/15
f 909/18/16 898/16/14 825/15/13
f 1248/19/17 1320/20/17 1104/21/17
f 1022/22/18 1004/23/19 950/24/20
f 1047/25/21 1051/26/22 1180/27/23
f 1198/28/24 1051/26/22 1047/25/21
f 856/29/25 790/30/26 1012/31/27
f 1013/32/28 790/30/26 856/29/25
f 964/33/29 784/34/30 796/35/31
f 718/36/32 691/37/32 765/38/32
f 645/39/33 615/40/34 702/41/35
f 653/42/36 568/43/36 679/44/36
f 1028/45/37 874/46/37 1157/47/37
f 847/48/38 776/49/38 1016/50/38
f 794/51/39 717/52/40 737/53/41
f 717/52/42 623/54/42 737/53/42
f 689/55/43 623/54/43 717/52/43
f 607/56/44 596/57/44 701/58/44
f 525/59/45 495/60/45 599/61/45
f 544/62/46 495/60/46 525/59/46
f 68/63/47 38/64/48 66/65/49
f 485/66/50 534/67/50 472/68/50
f 554/69/51 590/70/51 626/71/52
f 948/72/53 788/73/53 792/74/53
f 996/75/54 838/76/55 814/77/56
f 912/78/57 782/79/57 786/80/57
f 991/81/58 864/82/59 811/83/60
f 1207/84/61 1304/85/61 1305/86/61
f 1706/87/62 1788/88/62 1700/89/62
f 841/90/63 755/91/63 742/92/63
f 800/93/64 931/94/64 1035/95/64
f 1036/96/65 931/94/65 800/93/65
f 1039/97/66 902/98/66 880/99/66
f 1034/100/67 1069/101/67 962/102/67
f 1202/103/68 1249/104/69 1268/105/70
f 1241/106/71 1276/107/71 1202/103/71
f 1202/103/72 1359/108/72 1249/104/72
f 1276/107/73 1359/108/73 1202/103/73
f 1632/109/74 1726/110/75 1695/111/76
f 1074/112/77 1049/113/77 1195/114/77
f 1041/115/78 1029/116/78 1178/117/78
f 997/118/79 986/119/79 1133/120/79
f 985/121/80 982/122/80 1118/123/80
f 958/124/81 942/125/81 1097/126/81
f 960/127/82 922/128/82 967/129/82
f 1082/130/83 922/128/83 960/127/83
f 821/131/84 807/132/84 781/133/84
f 844/134/85 807/132/85 821/131/85
f 1009/135/86 938/136/86 907/137/86
f 1000/138/87 955/139/87 1065/140/87
f 1037/141/88 1487/142/89 1262/143/90
f 1037/141/88 1351/144/91 1487/142/89
f 1351/144/92 1508/145/92 1487/142/92
f 1262/143/93 1517/146/93 1285/147/93
f 1262/143/94 1487/142/94 1517/146/94
f 1487/142/95 1684/148/95 1517/146/95
f 1454/149/96 1667/150/96 1741/151/96
f 1454/149/97 1356/145/97 1667/150/97
f 1741/151/98 1782/148/99 1861/152/100
f 1741/151/98 1667/150/101 1782/148/99
f 1333/141/102 1723/153/103 1655/143/104
f 1333/141/102 1415/144/105 1723/153/103
f 1415/144/106 1445/145/106 1723/153/106
f 1655/143/107 1870/154/107 1798/147/107
f 1655/143/108 1723/153/108 1870/154/108
f 1443/141/109 1786/155/109 1641/143/109
f 1443/141/109 1639/144/109 1786/155/109
f 1639/144/110 1681/156/110 1786/155/110
f 1641/143/111 1794/146/111 1654/147/111
f 1641/143/111 1786/155/111 1794/146/111
f 1786/155/112 1823/148/113 1794/146/114
f 1786/155/112 1681/156/115 1823/148/113
f 1623/141/116 1951/157/117 1808/143/118
f 1623/141/116 1783/144/119 1951/157/117
f 1783/144/120 1844/145/120 1951/157/120
f 1808/143/121 1957/146/121 1813/147/121
f 1808/143/122 1951/157/122 1957/146/122
f 1951/157/123 1992/148/123 1957/146/123
f 1736/158/124 1831/146/124 1645/147/124
f 1736/158/125 1920/159/125 1831/146/125
f 1920/159/126 1841/148/127 1831/146/128
f 1920/159/126 1924/160/129 1841/148/127
f 1717/141/130 1762/161/131 1863/143/132
f 1717/141/130 1694/144/133 1762/161/131
f 1694/144/134 1603/145/134 1762/161/134
f 1863/143/135 1868/146/135 1885/147/135
f 1863/143/136 1762/161/136 1868/146/136
f 1762/161/137 1785/148/137 1868/146/137
f 1768/141/138 1991/162/139 1919/143/140
f 1768/141/138 1877/163/141 1991/162/139
f 1919/143/142 1995/164/142 1923/147/142
f 1919/143/143 1991/162/143 1995/164/143
f 1704/141/144 1993/165/145 1913/166/146
f 1704/141/144 1809/144/147 1993/165/145
f 1809/144/148 1857/145/148 1993/165/148
f 1913/166/149 1993/165/149 2022/146/149
f 1993/165/150 2040/148/150 2022/146/150
f 386/141/151 542/167/152 493/168/153
f 386/141/151 414/144/154 542/167/152
f 414/144/155 440/145/155 542/167/155
f 493/168/156 542/167/156 715/146/156
f 542/167/157 738/148/157 715/146/157
f 413/141/158 372/169/159 499/143/160
f 413/141/158 354/144/161 372/169/159
f 354/144/162 305/145/162 372/169/162
f 499/143/163 557/146/163 676/147/163
f 499/143/164 372/169/164 557/146/164
f 372/169/165 470/148/165 557/146/165
f 309/141/166 424/170/167 396/143/168
f 309/141/166 330/144/169 424/170/167
f 330/144/170 353/145/170 424/170/170
f 396/143/171 559/146/171 530/147/171
f 396/143/172 424/170/172 559/146/172
f 424/170/173 595/148/173 559/146/173
f 180/171/174 300/146/174 183/147/174
f 180/171/175 296/172/175 300/146/175
f 296/172/176 446/148/177 300/146/178
f 296/172/176 442/173/179 446/148/177
f 227/174/180 213/150/180 130/175/180
f 227/174/181 331/145/181 213/150/181
f 130/175/182 146/148/183 82/176/184
f 130/175/182 213/150/185 146/148/183
f 87/141/186 167/177/187 89/143/188
f 87/141/186 165/144/189 167/177/187
f 165/144/190 274/145/190 167/177/190
f 89/143/191 190/146/191 103/147/191
f 89/143/192 167/177/192 190/146/192
f 167/177/193 302/148/193 190/146/193
f 202/141/194 306/178/195 264/143/196
f 202/141/194 234/144/197 306/178/195
f 234/144/198 294/145/198 306/178/198
f 264/143/199 391/146/199 352/147/199
f 264/143/200 306/178/200 391/146/200
f 306/178/201 453/148/201 391/146/201
f 77/141/202 149/155/203 81/143/202
f 77/141/202 138/144/203 149/155/203
f 138/144/204 273/150/204 149/155/204
f 138/144/204 256/145/204 273/150/204
f 81/143/205 191/146/205 109/147/205
f 81/143/206 149/155/206 191/146/206
f 149/155/207 321/148/207 191/146/207
f 149/155/207 273/150/207 321/148/207
f 76/141/208 153/179/209 92/143/210
f 76/141/208 121/144/211 153/179/209
f 121/144/212 209/145/212 153/179/212
f 92/143/213 153/179/213 135/180/213
f 153/179/214 314/148/214 135/180/214
f 1197/141/215 1494/181/216 1435/143/217
f 1197/141/215 1283/144/218 1494/181/216
f 1283/144/219 1277/145/219 1494/181/219
f 1435/143/220 1640/146/220 1576/147/220
f 1435/143/221 1494/181/221 1640/146/221
f 1494/181/222 1633/148/222 1640/146/222
f 1561/141/223 1685/144/223 1721/182/223
f 1685/144/224 1821/150/224 1721/182/224
f 1685/144/225 1690/145/225 1821/150/225
f 1721/182/226 1845/146/226 1755/147/226
f 1721/182/227 1858/148/228 1845/146/229
f 1721/182/227 1821/150/230 1858/148/228
f 1535/141/231 1811/183/232 1732/143/233
f 1535/141/231 1660/144/234 1811/183/232
f 1660/144/235 1666/145/235 1811/183/235
f 1732/143/236 1860/146/236 1775/147/236
f 1732/143/237 1811/183/237 1860/146/237
f 1811/183/238 1869/148/238 1860/146/238
f 341/141/239 631/184/240 455/143/241
f 341/141/239 441/144/242 631/184/240
f 441/144/243 561/145/243 631/184/243
f 455/143/244 770/146/244 613/147/244
f 455/143/245 631/184/245 770/146/245
f 631/184/246 1044/148/246 770/146/246
f 228/141/247 361/185/248 281/143/249
f 228/141/247 313/186/250 361/185/248
f 281/143/251 401/146/251 317/147/251
f 281/143/252 361/185/252 401/146/252
f 361/185/253 506/148/253 401/146/253
f 189/141/254 360/187/255 238/143/256
f 189/141/254 295/144/257 360/187/255
f 295/144/258 403/145/258 360/187/258
f 238/143/259 422/146/259 297/147/259
f 238/143/260 360/187/260 422/146/260
f 360/187/261 585/148/261 422/146/261
f 771/141/262 1188/188/263 1208/143/264
f 771/141/262 820/144/265 1188/188/263
f 820/144/266 762/145/266 1188/188/266
f 1208/143/267 1380/146/267 1347/147/267
f 1208/143/268 1188/188/268 1380/146/268
f 1188/188/269 1339/148/269 1380/146/269
f 725/189/270 1238/146/270 840/147/270
f 725/189/271 1092/190/271 1238/146/271
f 1092/190/272 1370/148/273 1238/146/274
f 1092/190/272 1269/191/275 1370/148/273
f 667/141/276 1223/192/277 793/143/278
f 667/141/276 990/144/279 1223/192/277
f 990/144/280 1270/145/280 1223/192/280
f 793/143/281 1281/146/281 887/147/281
f 793/143/282 1223/192/282 1281/146/282
f 1223/192/283 1452/148/283 1281/146/283
f 930/141/284 1354/155/284 1282/143/284
f 930/141/284 1113/144/284 1354/155/284
f 1113/144/285 1344/150/285 1354/155/285
f 1113/144/285 1085/145/285 1344/150/285
f 1282/143/286 1444/146/286 1372/147/286
f 1282/143/286 1354/155/286 1444/146/286
f 1354/155/287 1429/148/287 1444/146/287
f 1354/155/287 1344/150/287 1429/148/287
f 1311/141/288 1495/144/288 1416/193/288
f 1495/144/289 1742/150/289 1416/193/289
f 1495/144/290 1657/145/290 1742/150/290
f 1416/193/291 1634/146/291 1422/147/291
f 1416/193/292 1753/148/293 1634/146/294
f 1416/193/292 1742/150/295 1753/148/293
f 1307/141/296 1644/194/297 1478/143/298
f 1307/141/296 1451/144/299 1644/194/297
f 1451/144/300 1516/145/300 1644/194/300
f 1478/143/301 1698/146/301 1556/147/301
f 1478/143/302 1644/194/302 1698/146/302
f 1644/194/303 1749/148/303 1698/146/303
f 608/141/304 975/144/304 686/195/304
f 975/144/305 1286/196/305 686/195/305
f 686/195/306 1027/146/306 650/147/306
f 686/195/307 1309/148/308 1027/146/309
f 686/195/307 1286/196/310 1309/148/308
f 703/141/311 1042/155/311 1045/143/311
f 703/141/311 700/144/312 1042/155/311
f 700/144/313 867/150/313 1042/155/313
f 700/144/313 602/145/313 867/150/313
f 1045/143/314 1230/146/314 1232/147/314
f 1045/143/314 1042/155/314 1230/146/314
f 1042/155/315 1116/148/315 1230/146/315
f 1042/155/315 867/150/315 1116/148/315
f 536/141/316 988/197/317 731/143/318
f 536/141/316 709/144/319 988/197/317
f 709/144/320 787/145/320 988/197/320
f 731/143/321 1169/146/321 851/147/321
f 731/143/322 988/197/322 1169/146/322
f 988/197/323 1278/148/323 1169/146/323
f 774/141/324 1368/155/324 1084/143/324
f 774/141/324 1203/144/324 1368/155/324
f 1203/144/325 1469/150/325 1368/155/325
f 1203/144/325 1329/145/325 1469/150/325
f 1084/143/326 1399/146/326 1145/147/326
f 1084/143/327 1368/155/327 1399/146/327
f 1368/155/328 1507/148/328 1399/146/328
f 1368/155/328 1469/150/328 1507/148/328
f 1573/198/329 1552/150/329 1598/199/329
f 1573/198/330 1522/145/330 1552/150/330
f 1598/199/331 1428/148/332 1463/200/333
f 1598/199/331 1552/150/334 1428/148/332
f 1175/141/335 1315/144/335 1438/201/335
f 1315/144/336 1620/150/336 1438/201/336
f 1315/144/337 1367/145/337 1620/150/337
f 1438/201/338 1677/146/338 1558/147/338
f 1438/201/339 1718/148/340 1677/146/341
f 1438/201/339 1620/150/342 1718/148/340
f 114/202/343 245/146/343 126/147/343
f 114/202/344 221/203/344 245/146/344
f 221/203/345 384/148/346 245/146/347
f 221/203/345 366/204/348 384/148/346
f 60/141/349 131/155/349 63/143/350
f 60/141/349 128/144/349 131/155/349
f 128/144/351 254/150/351 131/155/351
f 128/144/352 249/145/352 254/150/352
f 63/143/353 148/146/353 71/147/353
f 63/143/353 131/155/353 148/146/353
f 131/155/354 272/148/354 148/146/354
f 131/155/354 254/150/354 272/148/354
f 139/205/355 280/145/355 243/150/355
f 74/206/356 116/146/356 59/147/356
f 74/206/357 139/205/357 116/146/357
f 139/205/358 216/148/359 116/146/360
f 139/205/358 243/150/361 216/148/359
f 101/141/362 194/207/363 142/143/364
f 101/141/362 144/144/365 194/207/363
f 144/144/366 206/145/366 194/207/366
f 142/143/367 266/146/367 207/147/367
f 142/143/368 194/207/368 266/146/368
f 194/207/369 340/148/369 266/146/369
f 55/141/370 90/144/370 84/208/370
f 90/144/371 151/209/371 84/208/371
f 84/208/372 201/146/372 137/147/372
f 84/208/373 289/148/374 201/146/375
f 84/208/373 151/209/376 289/148/374
f 58/141/377 122/155/377 69/143/377
f 58/141/377 112/144/377 122/155/377
f 112/144/378 222/150/378 122/155/378
f 112/144/378 211/145/378 222/150/378
f 69/143/379 162/146/379 88/147/379
f 69/143/379 122/155/379 162/146/379
f 122/155/380 285/148/380 162/146/380
f 122/155/380 222/150/380 285/148/380
f 94/141/381 113/210/382 61/143/383
f 94/141/381 168/144/384 113/210/382
f 168/144/385 268/145/385 113/210/385
f 61/143/386 113/210/386 49/211/386
f 113/210/387 175/148/387 49/211/387
f 47/141/388 46/212/389 75/143/390
f 47/141/388 37/144/391 46/212/389
f 37/144/392 33/145/392 46/212/392
f 75/143/393 105/146/393 147/147/393
f 75/143/394 46/212/394 105/146/394
f 46/212/395 93/148/395 105/146/395
f 27/141/396 45/213/397 29/143/398
f 27/141/396 44/144/399 45/213/397
f 44/144/400 91/145/400 45/213/400
f 29/143/401 73/146/401 41/147/401
f 29/143/402 45/213/402 73/146/402
f 45/213/403 154/148/403 73/146/403
f 335/214/404 390/146/404 448/147/404
f 335/214/405 291/215/405 390/146/405
f 291/215/406 337/148/407 390/146/408
f 291/215/406 229/216/409 337/148/407
f 100/141/410 120/217/411 54/218/412
f 100/141/410 171/144/413 120/217/411
f 171/144/414 257/145/414 120/217/414
f 54/218/415 120/217/415 99/146/415
f 120/217/416 179/148/416 99/146/416
f 57/141/417 115/219/418 70/143/419
f 57/141/417 104/144/420 115/219/418
f 104/144/421 192/145/421 115/219/421
f 70/143/422 156/146/422 86/147/422
f 70/143/423 115/219/423 156/146/423
f 115/219/424 244/148/424 156/146/424
f 704/141/425 558/220/426 901/143/427
f 704/141/425 556/144/428 558/220/426
f 556/144/429 429/145/429 558/220/429
f 901/143/430 868/146/430 1131/147/430
f 901/143/431 558/220/431 868/146/431
f 558/220/432 690/148/432 868/146/432
f 521/141/433 989/155/433 658/143/433
f 521/141/433 767/144/433 989/155/433
f 767/144/434 1273/150/434 989/155/434
f 767/144/434 1117/145/434 1273/150/434
f 658/143/435 1096/146/435 710/147/435
f 658/143/435 989/155/435 1096/146/435
f 989/155/436 1325/148/436 1096/146/436
f 989/155/436 1273/150/437 1325/148/436
f 684/141/438 1048/221/439 904/143/440
f 684/141/438 732/144/441 1048/221/439
f 732/144/442 745/145/442 1048/221/442
f 904/143/443 1225/146/443 1136/147/443
f 904/143/444 1048/221/444 1225/146/444
f 1048/221/445 1242/148/445 1225/146/445
f 258/141/446 416/222/447 347/143/448
f 258/141/446 325/144/449 416/222/447
f 325/144/450 380/145/450 416/222/450
f 347/143/451 503/146/451 425/147/451
f 347/143/452 416/222/452 503/146/452
f 416/222/453 605/148/453 503/146/453
f 284/223/454 387/145/454 443/150/454
f 176/224/455 362/146/455 241/147/455
f 176/224/456 284/223/456 362/146/456
f 284/223/457 488/148/458 362/146/459
f 284/223/457 443/150/460 488/148/458
f 161/141/461 322/225/462 212/143/463
f 161/141/461 253/144/464 322/225/462
f 253/144/465 363/145/465 322/225/465
f 212/143/466 382/146/466 276/147/466
f 212/143/467 322/225/467 382/146/467
f 322/225/468 527/148/468 382/146/468
f 56/141/469 65/226/470 97/143/471
f 56/141/469 48/144/472 65/226/470
f 48/144/473 43/145/473 65/226/473
f 97/143/474 117/146/474 145/147/474
f 97/143/475 65/226/475 117/146/475
f 65/226/476 96/148/476 117/146/476
f 7/227/477 20/146/477 11/147/477
f 7/227/478 14/228/478 20/146/478
f 14/228/479 35/148/480 20/146/481
f 14/228/479 32/229/482 35/148/480
f 8/230/483 28/146/483 18/147/483
f 8/230/484 13/231/484 28/146/484
f 13/231/485 34/148/486 28/146/487
f 13/231/485 15/232/488 34/148/486
f 177/141/489 174/155/489 237/143/489
f 177/141/489 111/144/489 174/155/489
f 111/144/490 106/150/490 174/155/490
f 111/144/491 72/145/491 106/150/491
f 237/143/492 231/146/492 318/147/492
f 237/143/492 174/155/492 231/146/492
f 174/155/493 169/148/493 231/146/493
f 174/155/493 106/150/493 169/148/493
f 219/141/494 129/233/495 262/143/496
f 219/141/494 110/234/497 129/233/495
f 262/143/498 184/235/498 316/147/498
f 262/143/499 129/233/499 184/235/499
f 218/141/500 197/155/500 279/143/500
f 218/141/500 155/144/500 197/155/500
f 155/144/501 140/150/501 197/155/501
f 155/144/501 102/145/501 140/150/501
f 279/143/502 250/146/502 345/147/502
f 279/143/503 197/155/503 250/146/503
f 197/155/504 196/148/504 250/146/504
f 197/155/504 140/150/504 196/148/504
f 36/141/505 31/144/505 42/236/505
f 31/144/506 25/237/506 42/236/506
f 42/236/507 62/146/507 85/147/507
f 42/236/508 50/148/509 62/146/510
f 42/236/508 25/237/511 50/148/509
f 2/141/512 3/144/512 9/238/512
f 3/144/513 12/150/513 9/238/513
f 3/144/514 5/145/514 12/150/514
f 9/238/515 17/146/515 16/147/515
f 9/238/516 24/148/517 17/146/518
f 9/238/516 12/150/519 24/148/517
f 6/239/520 21/146/520 26/147/520
f 6/239/521 1/240/521 21/146/521
f 1/240/522 23/148/523 21/146/524
f 1/240/522 4/241/525 23/148/523
f 1382/242/526 1371/146/526 1419/147/526
f 1382/242/527 1327/243/527 1371/146/527
f 1327/243/528 1192/148/529 1371/146/530
f 1327/243/528 1119/244/531 1192/148/529
f 1442/141/532 1493/144/532 1583/245/532
f 1493/144/533 1593/150/533 1583/245/533
f 1493/144/534 1455/145/534 1593/150/534
f 1583/245/535 1585/146/535 1513/147/535
f 1583/245/536 1528/148/537 1585/146/538
f 1583/245/536 1593/150/539 1528/148/537
f 1287/141/540 1617/246/541 1529/247/542
f 1287/141/540 1373/144/543 1617/246/541
f 1373/144/544 1364/145/544 1617/246/544
f 1529/247/545 1617/246/545 1709/146/545
f 1617/246/546 1701/148/546 1709/146/546
f 1464/141/547 1754/155/548 1604/248/549
f 1464/141/547 1642/144/550 1754/155/548
f 1642/144/551 1746/150/551 1754/155/551
f 1642/144/551 1635/145/551 1746/150/551
f 1604/248/552 1754/155/552 1737/146/552
f 1754/155/553 1735/148/553 1737/146/553
f 1754/155/553 1746/150/553 1735/148/553
f 1643/141/554 1944/249/555 1720/143/556
f 1643/141/554 1883/144/557 1944/249/555
f 1883/144/558 1996/145/558 1944/249/558
f 1720/143/559 1895/146/559 1662/147/559
f 1720/143/560 1944/249/560 1895/146/560
f 1944/249/561 2006/148/561 1895/146/561
f 1658/141/562 1864/144/562 1756/250/562
f 1864/144/563 2011/150/563 1756/250/563
f 1864/144/564 1954/145/564 2011/150/564
f 1756/250/565 1906/146/565 1702/147/565
f 1756/250/566 1979/148/567 1906/146/568
f 1756/250/566 2011/150/569 1979/148/567
f 1306/141/570 1751/251/571 1616/252/572
f 1306/141/570 1456/144/573 1751/251/571
f 1456/144/574 1488/145/574 1751/251/574
f 1616/252/575 1751/251/575 1862/146/575
f 1751/251/576 1892/148/576 1862/146/576
f 1767/141/577 1914/144/577 1859/253/577
f 1914/144/578 1983/150/578 1859/253/578
f 1914/144/579 1921/145/579 1983/150/579
f 1859/253/580 1946/146/580 1801/147/580
f 1859/253/581 1952/148/582 1946/146/583
f 1859/253/581 1983/150/584 1952/148/582
f 1668/141/585 1980/254/586 1910/255/587
f 1668/141/585 1763/144/588 1980/254/586
f 1763/144/589 1982/150/589 1980/254/589
f 1763/144/590 1771/145/590 1982/150/590
f 1980/254/591 1982/150/591 2035/148/591
f 185/141/592 233/144/592 267/256/592
f 233/144/593 282/257/593 267/256/593
f 267/256/594 383/146/594 320/147/594
f 267/256/595 439/148/596 383/146/597
f 267/256/595 282/257/598 439/148/596
f 248/258/599 178/146/599 298/147/599
f 248/258/600 141/259/600 178/146/600
f 141/259/601 83/148/602 178/146/603
f 141/259/601 64/260/604 83/148/602
f 123/141/605 152/155/605 195/143/605
f 123/141/605 95/144/605 152/155/605
f 95/144/606 107/150/606 152/155/606
f 95/144/607 67/145/607 107/150/607
f 195/143/608 210/146/608 265/147/608
f 195/143/608 152/155/608 210/146/608
f 152/155/609 170/148/609 210/146/609
f 152/155/609 107/150/610 170/148/609
f 421/141/611 829/155/612 591/261/613
f 421/141/611 612/144/614 829/155/612
f 612/144/615 1100/150/615 829/155/615
f 612/144/615 744/145/615 1100/150/615
f 829/155/616 1196/148/617 591/261/618
f 829/155/616 1100/150/619 1196/148/617
f 729/141/620 1105/144/620 854/262/620
f 1105/144/621 1350/150/621 854/262/621
f 1105/144/622 1255/145/622 1350/150/622
f 854/262/623 1200/146/623 798/147/623
f 854/262/624 1328/148/625 1200/146/626
f 854/262/624 1350/150/627 1328/148/625
f 748/141/628 1130/144/628 852/263/628
f 1130/144/629 1369/150/629 852/263/629
f 1130/144/630 1292/145/630 1369/150/630
f 852/263/631 1165/146/631 764/147/631
f 852/263/632 1310/148/633 1165/146/634
f 852/263/632 1369/150/635 1310/148/633
f 334/264/636 451/146/636 287/147/636
f 334/264/637 539/265/637 451/146/637
f 539/265/638 662/148/639 451/146/640
f 539/265/638 743/266/641 662/148/639
f 299/141/642 520/267/643 454/268/644
f 299/141/642 336/144/645 520/267/643
f 336/144/646 523/269/646 520/267/646
f 336/144/647 338/145/647 523/269/647
f 286/141/648 507/270/649 435/271/650
f 286/141/648 344/144/651 507/270/649
f 344/144/652 371/145/652 507/270/652
f 435/271/653 507/270/653 673/146/653
f 507/270/654 720/148/654 673/146/654
f 1485/141/655 1810/272/656 1609/273/657
f 1485/141/655 1739/144/658 1810/272/656
f 1739/144/659 1894/145/659 1810/272/659
f 1609/273/660 1810/272/660 1816/146/660
f 1810/272/661 1970/148/661 1816/146/661
f 1781/141/662 2027/274/663 1909/275/664
f 1781/141/662 1975/144/665 2027/274/663
f 1975/144/666 2037/145/666 2027/274/666
f 1909/275/667 2027/274/667 2047/146/667
f 2027/274/668 2098/148/668 2047/146/668
f 1807/141/669 1999/144/669 1891/276/669
f 1999/144/670 2090/150/670 1891/276/670
f 1999/144/671 2064/145/671 2090/150/671
f 1891/276/672 2017/146/672 1871/147/672
f 1891/276/673 2080/148/674 2017/146/675
f 1891/276/673 2090/150/676 2080/148/674
f 2111/141/677 2065/155/677 2103/143/677
f 2111/141/677 2074/144/677 2065/155/677
f 2074/144/678 1969/150/678 2065/155/678
f 2074/144/678 1977/145/678 1969/150/678
f 2103/143/679 2015/146/679 2066/147/679
f 2103/143/679 2065/155/679 2015/146/679
f 2065/155/680 1865/148/680 2015/146/680
f 2065/155/680 1969/150/680 1865/148/680
f 2145/277/681 2107/150/681 2139/278/681
f 2145/277/682 2123/145/682 2107/150/682
f 2139/278/683 2048/148/684 2110/279/685
f 2139/278/683 2107/150/686 2048/148/684
f 2135/141/687 2144/144/687 2124/280/687
f 2144/144/688 2132/281/688 2124/280/688
f 2124/280/689 2099/146/689 2082/147/689
f 2124/280/690 2093/148/691 2099/146/692
f 2124/280/690 2132/281/693 2093/148/691
f 1953/282/694 2008/146/694 1867/147/694
f 1953/282/695 2051/283/695 2008/146/695
f 2051/283/696 2030/148/697 2008/146/698
f 2051/283/696 2075/284/699 2030/148/697
f 2141/285/700 2131/150/700 2142/286/700
f 2141/285/701 2130/145/701 2131/150/701
f 2142/286/702 2101/148/703 2121/287/704
f 2142/286/702 2131/150/705 2101/148/703
f 2127/141/706 2137/144/706 2125/288/706
f 2137/144/707 2140/150/707 2125/288/707
f 2137/144/708 2143/145/708 2140/150/708
f 2125/288/709 2122/148/710 2097/289/711
f 2125/288/709 2140/150/712 2122/148/710
f 769/141/713 1078/144/713 652/290/713
f 1078/144/714 1114/150/714 652/290/714
f 1078/144/715 1288/145/715 1114/150/715
f 652/290/716 670/146/716 486/147/716
f 652/290/717 823/148/718 670/146/719
f 652/290/717 1114/150/720 823/148/718
f 437/141/721 601/291/722 417/143/723
f 437/141/721 638/144/724 601/291/722
f 638/144/725 896/145/725 601/291/725
f 417/143/726 589/146/726 406/147/726
f 417/143/727 601/291/727 589/146/727
f 601/291/728 826/148/728 589/146/728
f 460/141/729 603/292/729 428/143/729
f 428/143/730 541/146/730 381/147/730
f 428/143/731 603/292/731 541/146/731
f 603/292/732 761/148/733 541/146/734
f 603/292/732 845/293/735 761/148/733
f 370/294/736 604/146/736 392/147/736
f 370/294/737 575/295/737 604/146/737
f 575/295/738 970/148/739 604/146/740
f 575/295/738 881/296/741 970/148/739
f 293/141/742 409/144/742 251/297/742
f 409/144/743 547/150/743 251/297/743
f 409/144/744 620/145/744 547/150/744
f 251/297/745 358/146/745 240/147/745
f 251/297/746 522/148/747 358/146/748
f 251/297/746 547/150/749 522/148/747
f 269/141/750 377/298/751 312/143/752
f 269/141/750 329/144/753 377/298/751
f 329/144/754 411/145/754 377/298/754
f 312/143/755 456/299/755 385/147/755
f 312/143/756 377/298/756 456/299/756
f 574/141/757 600/155/757 458/143/757
f 574/141/757 724/144/758 600/155/757
f 724/144/759 763/150/759 600/155/759
f 724/144/759 963/145/759 763/150/759
f 458/143/760 492/146/760 395/147/760
f 458/143/761 600/155/761 492/146/761
f 600/155/762 685/148/762 492/146/762
f 600/155/762 763/150/762 685/148/762
f 327/141/763 427/155/763 408/143/763
f 327/141/763 342/144/763 427/155/763
f 342/144/764 367/300/764 427/155/764
f 408/143/765 565/146/765 543/147/765
f 408/143/765 427/155/765 565/146/765
f 427/155/766 625/148/767 565/146/768
f 427/155/766 367/300/769 625/148/767
f 271/141/770 397/301/771 263/302/772
f 271/141/770 407/144/773 397/301/771
f 407/144/774 643/145/774 397/301/774
f 263/302/775 397/301/775 410/146/775
f 397/301/776 651/148/776 410/146/776
f 1420/141/777 1646/144/777 1453/303/777
f 1646/144/778 1770/150/778 1453/303/778
f 1646/144/779 1745/145/779 1770/150/779
f 1453/303/780 1601/146/780 1381/147/780
f 1453/303/781 1715/148/782 1601/146/783
f 1453/303/781 1770/150/784 1715/148/782
f 1680/141/785 1843/304/786 1670/143/787
f 1680/141/785 1850/144/788 1843/304/786
f 1850/144/789 1958/145/789 1843/304/789
f 1670/143/790 1752/146/790 1534/147/790
f 1670/143/791 1843/304/791 1752/146/791
f 1843/304/792 1866/148/792 1752/146/792
f 1665/141/793 1847/305/794 1697/143/795
f 1665/141/793 1815/144/796 1847/305/794
f 1815/144/797 1908/145/797 1847/305/797
f 1697/143/798 1795/146/798 1630/147/798
f 1697/143/799 1847/305/799 1795/146/799
f 1847/305/800 1884/148/800 1795/146/800
f 1696/141/801 1774/306/802 1628/143/803
f 1696/141/801 1824/144/804 1774/306/802
f 1824/144/805 1912/145/805 1774/306/805
f 1628/143/806 1629/146/806 1440/147/806
f 1628/143/807 1774/306/807 1629/146/807
f 1774/306/808 1722/148/808 1629/146/808
f 1693/141/809 1846/144/809 1716/307/809
f 1846/144/810 1961/150/810 1716/307/810
f 1846/144/811 1940/145/811 1961/150/811
f 1716/307/812 1830/146/812 1683/147/812
f 1716/307/813 1933/148/814 1830/146/815
f 1716/307/813 1961/150/816 1933/148/814
f 1553/141/817 1856/308/818 1618/143/819
f 1553/141/817 1802/144/820 1856/308/818
f 1802/144/821 1974/145/821 1856/308/821
f 1618/143/822 1842/146/822 1605/147/822
f 1618/143/823 1856/308/823 1842/146/823
f 1856/308/824 1987/148/824 1842/146/824
f 1509/141/825 1740/144/825 1647/309/825
f 1740/144/826 1937/150/826 1647/309/826
f 1740/144/827 1848/145/827 1937/150/827
f 1647/309/828 1803/146/828 1613/147/828
f 1647/309/829 1918/148/830 1803/146/831
f 1647/309/829 1937/150/832 1918/148/830
f 2016/141/833 1973/310/834 2023/143/835
f 2016/141/833 2003/144/836 1973/310/834
f 2003/144/837 1962/145/837 1973/310/837
f 2023/143/838 1973/310/838 1938/311/838
f 1973/310/839 1879/148/839 1938/311/839
f 1873/312/840 1853/146/840 1687/147/840
f 1873/312/841 1998/313/841 1853/146/841
f 1998/313/842 1880/148/843 1853/146/844
f 1998/313/842 2010/314/845 1880/148/843
f 1479/141/846 1822/315/847 1719/143/848
f 1479/141/846 1648/144/849 1822/315/847
f 1648/144/850 1691/145/850 1822/315/850
f 1719/143/851 1890/146/851 1776/147/851
f 1719/143/852 1822/315/852 1890/146/852
f 1822/315/853 1925/148/853 1890/146/853
f 1778/316/854 1893/150/854 1965/317/854
f 1778/316/855 1705/145/855 1893/150/855
f 1965/317/856 1956/148/857 2001/318/858
f 1965/317/856 1893/150/859 1956/148/857
f 1669/141/860 1790/144/860 1828/319/860
f 1790/144/861 1978/150/861 1828/319/861
f 1790/144/862 1829/145/862 1978/150/862
f 1828/319/863 1960/146/863 1849/147/863
f 1828/319/864 1986/148/865 1960/146/866
f 1828/319/864 1978/150/867 1986/148/865
f 1971/320/868 1941/146/868 1814/147/868
f 1971/320/869 2025/321/869 1941/146/869
f 2025/321/870 1964/148/871 1941/146/872
f 2025/321/870 2036/322/873 1964/148/871
f 1985/141/874 2105/323/875 2019/143/876
f 1985/141/874 2085/144/877 2105/323/875
f 2085/144/878 2113/145/878 2105/323/878
f 2019/143/879 2088/146/879 1997/147/879
f 2019/143/880 2105/323/880 2088/146/880
f 2105/323/881 2114/148/881 2088/146/881
f 1939/141/882 2106/324/883 2029/143/884
f 1939/141/882 2041/144/885 2106/324/883
f 2041/144/886 2089/145/886 2106/324/886
f 2029/143/887 2106/324/887 2043/325/887
f 2106/324/888 2133/148/888 2043/325/888
f 1898/326/889 1968/146/889 1784/147/889
f 1898/326/890 2021/327/890 1968/146/890
f 2021/327/891 2009/148/892 1968/146/893
f 2021/327/891 2061/328/894 2009/148/892
f 1928/141/895 2104/155/896 2046/329/897
f 1928/141/895 2020/144/898 2104/155/896
f 2020/144/899 2102/150/899 2104/155/899
f 2020/144/899 2018/145/899 2102/150/899
f 2046/329/900 2104/155/900 2116/146/900
f 2104/155/901 2115/148/901 2116/146/902
f 2104/155/901 2102/150/901 2115/148/901
f 1934/141/903 2100/330/904 2028/143/905
f 1934/141/903 2033/144/906 2100/330/904
f 2033/144/907 2076/145/907 2100/330/907
f 2028/143/908 2108/146/908 2034/147/908
f 2028/143/909 2100/330/909 2108/146/909
f 2100/330/910 2128/148/910 2108/146/910
f 1606/141/911 1565/331/911 1483/332/911
f 1565/331/912 1459/150/912 1483/332/912
f 1483/332/913 1318/148/914 1340/333/915
f 1483/332/913 1459/150/916 1318/148/914
f 1024/141/917 1264/144/917 1246/334/917
f 1264/144/918 1498/150/918 1246/334/918
f 1264/144/919 1376/145/919 1498/150/919
f 1246/334/920 1470/146/920 1324/147/920
f 1246/334/921 1600/148/922 1470/146/923
f 1246/334/921 1498/150/924 1600/148/922
f 1008/141/925 1384/155/925 1077/143/925
f 1008/141/925 1349/144/925 1384/155/925
f 1349/144/926 1590/150/926 1384/155/926
f 1349/144/926 1548/145/926 1590/150/926
f 1077/143/927 1365/146/927 1025/147/927
f 1077/143/928 1384/155/928 1365/146/928
f 1384/155/929 1564/148/929 1365/146/929
f 1384/155/929 1590/150/929 1564/148/929
f 1394/335/930 1607/146/930 1449/147/930
f 1394/335/931 1541/336/931 1607/146/931
f 1541/336/932 1636/148/933 1607/146/934
f 1541/336/932 1586/337/935 1636/148/933
f 1293/141/936 1653/338/937 1523/143/938
f 1293/141/936 1402/144/939 1653/338/937
f 1402/144/940 1457/145/940 1653/338/940
f 1523/143/941 1750/146/941 1659/147/941
f 1523/143/942 1653/338/942 1750/146/942
f 1653/338/943 1787/148/943 1750/146/943
f 1295/141/944 1656/339/945 1533/340/946
f 1295/141/944 1397/144/947 1656/339/945
f 1397/144/948 1436/145/948 1656/339/948
f 1533/340/949 1656/339/949 1761/146/949
f 1656/339/950 1793/148/950 1761/146/950
f 1280/141/951 1566/341/952 1465/143/953
f 1280/141/951 1366/144/954 1566/341/952
f 1366/144/955 1385/145/955 1566/341/955
f 1465/143/956 1664/146/956 1582/147/956
f 1465/143/957 1566/341/957 1664/146/957
f 1566/341/958 1682/148/958 1664/146/958
f 1212/141/959 1519/155/959 1460/143/959
f 1212/141/959 1275/144/959 1519/155/959
f 1275/144/960 1481/150/960 1519/155/960
f 1275/144/961 1245/145/961 1481/150/961
f 1460/143/962 1679/146/962 1627/147/962
f 1460/143/962 1519/155/962 1679/146/962
f 1519/155/963 1652/148/964 1679/146/963
f 1519/155/963 1481/150/964 1652/148/964
f 1134/141/965 1490/342/966 1343/143/967
f 1134/141/965 1330/144/968 1490/342/966
f 1330/144/969 1425/145/969 1490/342/969
f 1343/143/970 1599/146/970 1421/147/970
f 1343/143/971 1490/342/971 1599/146/971
f 1490/342/972 1692/148/972 1599/146/972
f 1447/141/973 1769/155/974 1678/343/975
f 1447/141/973 1584/144/976 1769/155/974
f 1584/144/977 1791/150/977 1769/155/977
f 1584/144/977 1608/145/977 1791/150/977
f 1678/343/978 1769/155/978 1854/146/978
f 1769/155/979 1878/148/979 1854/146/979
f 1769/155/979 1791/150/979 1878/148/979
f 1542/344/980 1713/146/980 1448/147/980
f 1542/344/981 1777/345/981 1713/146/981
f 1777/345/982 1855/148/983 1713/146/984
f 1777/345/982 1922/346/985 1855/148/983
f 1473/141/986 1703/144/986 1602/347/986
f 1703/144/987 1901/150/987 1602/347/987
f 1703/144/988 1819/145/988 1901/150/988
f 1602/347/989 1792/146/989 1612/147/989
f 1602/347/990 1911/148/991 1792/146/992
f 1602/347/990 1901/150/993 1911/148/991
f 1989/348/994 1932/146/994 1817/147/994
f 1989/348/995 2039/349/995 1932/146/995
f 2039/349/996 1947/148/997 1932/146/998
f 2039/349/996 2054/350/999 1947/148/997
f 1981/141/1000 2117/351/1001 2077/143/1002
f 1981/141/1000 2053/144/1003 2117/351/1001
f 2053/144/1004 2067/145/1004 2117/351/1004
f 2077/143/1005 2126/146/1005 2091/147/1005
f 2077/143/1006 2117/351/1006 2126/146/1006
f 2117/351/1007 2134/148/1007 2126/146/1007
f 2013/141/1008 2118/352/1009 2079/353/1010
f 2013/141/1008 2070/144/1011 2118/352/1009
f 2070/144/1012 2120/150/1012 2118/352/1012
f 2070/144/1013 2078/145/1013 2120/150/1013
f 2118/352/1014 2120/150/1014 2129/148/1014
f 1874/354/1015 1950/146/1015 1764/147/1015
f 1874/354/1016 2012/355/1016 1950/146/1016
f 2012/355/1017 1963/148/1018 1950/146/1019
f 2012/355/1017 2014/356/1020 1963/148/1018
f 1929/141/1021 2092/357/1022 2005/143/1023
f 1929/141/1021 2052/144/1024 2092/357/1022
f 2052/144/1025 2081/145/1025 2092/357/1025
f 2005/143/1026 2068/146/1026 1967/147/1026
f 2005/143/1027 2092/357/1027 2068/146/1027
f 2092/357/1028 2094/148/1028 2068/146/1028
f 1976/141/1029 2073/144/1029 2007/358/1029
f 2073/144/1030 2095/359/1030 2007/358/1030
f 2007/358/1031 2038/146/1031 1915/147/1031
f 2007/358/1032 2071/148/1033 2038/146/1034
f 2007/358/1032 2095/359/1035 2071/148/1033
f 1383/141/1036 1091/144/1036 1174/360/1036
f 1091/144/1037 716/150/1037 1174/360/1037
f 1091/144/1038 665/145/1038 716/150/1038
f 1174/360/1039 1153/146/1039 1413/147/1039
f 1174/360/1040 698/148/1041 1153/146/1042
f 1174/360/1040 716/150/1043 698/148/1041
f 995/141/1044 1284/361/1045 1326/362/1046
f 995/141/1044 897/144/1047 1284/361/1045
f 897/144/1048 1170/363/1048 1284/361/1048
f 897/144/1049 752/145/1049 1170/363/1049
f 1417/141/1050 1312/155/1050 1492/143/1050
f 1417/141/1050 1228/144/1050 1312/155/1050
f 1228/144/1051 753/364/1051 1312/155/1051
f 1492/143/1052 1317/146/1052 1496/147/1052
f 1492/143/1052 1312/155/1052 1317/146/1052
f 1312/155/1053 878/148/1054 1317/146/1055
f 1312/155/1053 753/364/1056 878/148/1054
f 270/141/1057 452/365/1058 365/143/1059
f 270/141/1057 351/144/1060 452/365/1058
f 351/144/1061 420/145/1061 452/365/1061
f 365/143/1062 588/146/1062 447/147/1062
f 365/143/1063 452/365/1063 588/146/1063
f 452/365/1064 712/148/1064 588/146/1064
f 277/144/1065 323/366/1065 214/367/1065
f 214/367/1066 348/146/1066 292/147/1066
f 214/367/1067 394/148/1068 348/146/1069
f 214/367/1067 323/366/1070 394/148/1068
f 198/141/1071 217/144/1071 290/368/1071
f 217/144/1072 343/150/1072 290/368/1072
f 217/144/1073 242/145/1073 343/150/1073
f 290/368/1074 398/146/1074 364/147/1074
f 290/368/1075 434/148/1076 398/146/1077
f 290/368/1075 343/150/1078 434/148/1076
f 457/141/1079 633/369/1080 393/370/1081
f 393/370/1081 633/369/1080 573/146/1082
f 633/369/1083 746/148/1084 573/146/1085
f 633/369/1083 804/371/1086 746/148/1084
f 464/141/1087 462/372/1088 674/373/1089
f 464/141/1087 415/144/1090 462/372/1088
f 415/144/1091 350/145/1091 462/372/1091
f 674/373/1092 462/372/1092 727/146/1092
f 462/372/1093 618/148/1093 727/146/1093
f 594/141/1094 438/374/1095 741/143/1096
f 594/141/1094 449/144/1097 438/374/1095
f 449/144/1098 346/145/1098 438/374/1098
f 741/143/1099 697/146/1099 873/147/1099
f 741/143/1100 438/374/1100 697/146/1100
f 438/374/1101 494/148/1101 697/146/1101
f 719/141/1102 1226/155/1103 1026/375/1104
f 719/141/1102 871/144/1105 1226/155/1103
f 871/144/1106 1279/150/1106 1226/155/1106
f 871/144/1106 979/145/1106 1279/150/1106
f 1026/375/1107 1226/155/1107 1346/146/1107
f 1226/155/1108 1393/148/1108 1346/146/1108
f 1226/155/1108 1279/150/1108 1393/148/1108
f 1404/141/1109 1124/376/1110 1486/143/1111
f 1404/141/1109 1251/144/1112 1124/376/1110
f 1251/144/1113 939/145/1113 1124/376/1113
f 1486/143/1114 1210/377/1114 1563/147/1114
f 1486/143/1115 1124/376/1115 1210/377/1115
f 1209/141/1116 1256/378/1117 1375/143/1118
f 1209/141/1116 1132/144/1119 1256/378/1117
f 1132/144/1120 1007/145/1120 1256/378/1120
f 1375/143/1121 1439/146/1121 1482/147/1121
f 1375/143/1122 1256/378/1122 1439/146/1122
f 1256/378/1123 1379/148/1123 1439/146/1123
f 1491/141/1124 1374/144/1124 1334/379/1124
f 1374/144/1125 1079/380/1125 1334/379/1125
f 1334/379/1126 1187/146/1126 1337/147/1126
f 1334/379/1127 809/148/1128 1187/146/1129
f 1334/379/1127 1079/380/1130 809/148/1128
f 1551/141/1131 1395/155/1131 1549/143/1131
f 1551/141/1131 1396/144/1131 1395/155/1131
f 1396/144/1132 1081/150/1132 1395/155/1132
f 1396/144/1132 1086/145/1132 1081/150/1132
f 1549/143/1133 1296/146/1133 1434/147/1133
f 1549/143/1133 1395/155/1133 1296/146/1133
f 1395/155/1134 850/148/1134 1296/146/1134
f 1395/155/1134 1081/150/1135 850/148/1134
f 1514/141/1136 1398/155/1136 1588/143/1136
f 1514/141/1136 1345/144/1136 1398/155/1136
f 1345/144/1137 1043/150/1137 1398/155/1137
f 1345/144/1137 908/145/1137 1043/150/1137
f 1588/143/1138 1336/146/1138 1497/147/1138
f 1588/143/1138 1398/155/1138 1336/146/1138
f 1398/155/1139 889/148/1139 1336/146/1140
f 1398/155/1139 1043/150/1139 889/148/1139
f 1401/141/1141 1355/155/1141 1503/143/1141
f 1401/141/1141 1252/144/1141 1355/155/1141
f 1252/144/1142 1020/150/1142 1355/155/1142
f 1252/144/1142 805/145/1142 1020/150/1142
f 1503/143/1143 1358/146/1143 1506/147/1143
f 1503/143/1143 1355/155/1143 1358/146/1143
f 1355/155/1144 1021/148/1145 1358/146/1144
f 1355/155/1144 1020/150/1145 1021/148/1145
f 1424/141/1146 1338/144/1146 1423/381/1146
f 1338/144/1147 1154/382/1147 1423/381/1147
f 1423/381/1148 1418/146/1148 1515/147/1148
f 1423/381/1149 1265/148/1150 1418/146/1151
f 1423/381/1149 1154/382/1152 1265/148/1150
f 1539/383/1153 1403/146/1153 1570/147/1153
f 1539/383/1154 1390/384/1154 1403/146/1154
f 1390/384/1155 1135/148/1156 1403/146/1157
f 1390/384/1155 1108/385/1158 1135/148/1156
f 483/141/1159 617/144/1159 621/386/1159
f 617/144/1160 714/387/1160 621/386/1160
f 621/386/1161 797/146/1161 687/147/1161
f 621/386/1162 977/148/1163 797/146/1164
f 621/386/1162 714/387/1165 977/148/1163
f 1061/141/1166 696/144/1166 632/388/1166
f 696/144/1167 400/389/1167 632/388/1167
f 632/388/1168 537/146/1168 780/147/1168
f 632/388/1169 356/148/1170 537/146/1171
f 632/388/1169 400/389/1172 356/148/1170
f 641/141/1173 450/390/1174 749/143/1175
f 641/141/1173 482/144/1176 450/390/1174
f 482/144/1177 378/145/1177 450/390/1177
f 749/143/1178 713/146/1178 879/147/1178
f 749/143/1179 450/390/1179 713/146/1179
f 450/390/1180 538/148/1180 713/146/1180
f 1308/141/1181 1073/144/1181 1231/391/1181
f 1073/144/1182 708/392/1182 1231/391/1182
f 1231/391/1183 1266/146/1183 1437/147/1183
f 1231/391/1184 872/148/1185 1266/146/1186
f 1231/391/1184 708/392/1187 872/148/1185
f 1405/393/1188 1335/146/1188 1484/147/1188
f 1405/393/1189 1250/394/1189 1335/146/1189
f 1250/394/1190 1038/148/1191 1335/146/1192
f 1250/394/1190 855/395/1193 1038/148/1191
f 1427/141/1194 998/396/1195 1489/143/1196
f 1427/141/1194 1263/144/1197 998/396/1195
f 1263/144/1198 848/145/1198 998/396/1198
f 1489/143/1199 1323/146/1199 1480/147/1199
f 1489/143/1200 998/396/1200 1323/146/1200
f 998/396/1201 980/148/1201 1323/146/1201
f 677/141/1202 853/397/1203 1006/143/1204
f 677/141/1202 661/144/1205 853/397/1203
f 661/144/1206 593/145/1206 853/397/1206
f 1006/143/1207 853/397/1207 1233/398/1207
f 853/397/1208 1171/148/1208 1233/398/1208
f 830/141/1209 678/144/1209 916/399/1209
f 678/144/1210 688/150/1210 916/399/1210
f 678/144/1211 473/145/1211 688/150/1211
f 916/399/1212 775/148/1213 1137/400/1214
f 916/399/1212 688/150/1215 775/148/1213
f 730/141/1216 726/401/1217 1080/143/1218
f 730/141/1216 657/144/1219 726/401/1217
f 657/144/1220 500/145/1220 726/401/1220
f 1080/143/1221 1146/146/1221 1257/147/1221
f 1080/143/1222 726/401/1222 1146/146/1222
f 726/401/1223 888/148/1223 1146/146/1223
l 1217 1247
l 1164 1205
l 1032 1053
l 857 870
l 866 886
l 899 992
l 1797 1834
l 1578 1624
l 900 949
l 671 694
l 646 695
l 444 476
l 283 311
l 275 308
l 972 1003
l 1501 1610
l 560 660
l 1158 1176
l 981 1052
l 791 795
l 754 785
l 680 692
l 1362 1426
l 815 913
l 1161 1179
l 1120 1144
l 1392 1431
l 580 616
l 379 405
l 186 200
l 98 119
l 614 627
l 278 328
l 480 489
l 399 431
l 1127 1211
l 846 875
l 606 624
l 579 597
l 513 524
l 478 496
l 246 304
l 159 163
l 108 134
l 1758 1806
l 1409 1476
l 1760 1820
l 567 610
l 563 576
l 819 827
l 789 813
l 783 810
l 1139 1214
l 1510 1594
l 1512 1614
l 1838 1899
l 2060 2086
l 1297 1302
l 768 834
l 779 835
l 778 836
l 1303 1331
l 1467 1499
l 1688 1733
l 1674 1699
l 1789 1804
l 1852 1896
l 919 932
l 903 961
l 1060 1070
l 1360 1411
l 1530 1559
l 1536 1555
l 1458 1474
l 1546 1557
l 1569 1580
l 1626 1637
l 1567 1574
l 1562 1572
l 1727 1743
l 1772 1779
l 1907 1942
l 2045 2069
l 1904 1935
l 2024 2049
l 1040 1050
l 1015 1030
l 974 983
l 882 923
l 802 808
l 436 466
l 723 734
l 910 924
l 936 965
l 1234 1258
l 1109 1125
l 1299 1313
l 1221 1243
l 905 956
l 711 740
l 917 957
l 947 1001
l 945 951
l 1172 1189
l 1622 1712
l 1686 1825
l 1882 2000
l 760 926
l 655 672
l 426 471
l 592 647
l 474 592
l 310 373
l 375 423
l 307 376
l 884 894
l 884 1071
l 1167 1253
l 1254 1502
l 773 935
l 369 477
l 1018 1055
l 682 681
l 649 668
l 669 817
l 1076 1363
l 914 1056
l 1056 1163
l 1219 1267
l 1432 1589
l 504 562
l 157 205
l 199 226
l 172 187
l 182 208
l 51 80
l 628 653
l 459 517
l 326 412
l 127 215
l 515 622
l 339 374
l 518 540
l 468 479
l 301 433
l 203 247
l 150 204
l 40 53
l 19 40
l 164 188
l 10 22
l 1102 1181
l 1450 1631
l 1472 1543
l 1477 1649
l 1649 1759
l 1827 1984
l 463 509
l 143 224
l 502 532
l 502 564
l 611 747
l 747 876
l 582 584
l 526 548
l 971 1138
l 1215 1290
l 1291 1511
l 1595 1650
l 1917 2042
l 1900 1945
l 1945 2055
l 1994 2059
l 2087 2138
l 1064 1111
l 656 728
l 837 1010
l 389 481
l 634 721
l 432 498
l 1332 1348
l 1348 1466
l 1545 1689
l 1521 1587
l 1587 1676
l 1708 1738
l 1412 1461
l 1711 1730
l 1731 1833
l 1876 1955
l 1725 1887
l 2058 2109
l 1407 1532
l 1560 1550
l 1550 1554
l 1475 1505
l 1581 1619
l 1638 1663
l 1571 1575
l 1518 1538
l 1597 1632
l 1748 1773
l 1780 1800
l 1799 1905
l 1943 2002
l 2002 2044
l 2072 2119
l 2050 2096
l 824 883
l 1148 1271
l 465 566
l 663 707
l 966 1106
l 1259 1316
l 1237 1260
l 1314 1361
l 1244 1289
l 1342 1400
l 892 918
l 892 946
l 1059 1185
l 859 895
l 1173 1190
l 1014 1067
l 1319 1352
l 1524 1591
l 1321 1377
l 1577 1621
l 1826 1881
l 925 1005
l 501 546
l 445 475
l 1072 1166
l 1068 1141
l 1083 1160
l 1229 1239
l 1093 1121
l 1019 1046
l 666 683
l 640 648
l 816 920
l 1162 1218
l 642 644
l 220 255
l 357 402
l 239 260
l 225 261
l 516 569
l 528 570
l 491 514
l 706 750
l 736 777
l 510 519
l 52 79
l 230 303
l 124 132
l 30 39
l 484 497
l 535 586
l 976 1101
l 1386 1441
l 978 1128
l 1408 1471
l 533 553
l 508 552
l 288 333
l 531 555
l 877 1017
l 572 583
l 822 839
l 849 865
l 843 862
l 929 944
l 1836 1916
l 2056 2083
l 1839 1902
l 1140 1206
l 1110 1151
l 1087 1152
l 549 630
l 571 635
l 1468 1520
l 1675 1707
l 759 772
l 756 799
l 1063 1098
l 1184 1201
l 1671 1710
l 1832 1875
l 1673 1724
l 1888 1930
l 2032 2062
l 1886 1926
l 2026 2057
l 1357 1406
l 1531 1596
l 1728 1765
l 1090 1112
l 984 987
l 940 943
l 954 959
l 806 831
l 1094 1147
l 699 735
l 637 664
l 1107 1122
l 1220 1236
l 1322 1341
l 937 968
l 1186 1213
l 915 934
l 858 885
l 993 1103
l 1353 1388
l 1389 1525
l 1592 1729
l 1378 1430
l 1430 1579
l 1712 1796
l 1835 1966
l 1625 1686
l 693 760
l 545 619
l 373 419
l 181 236
l 166 223
l 893 973
l 1611 1818
l 1142 1199
l 1159 1199
l 659 773
l 1177 1216
l 1240 1261
l 609 636
l 609 639
l 921 1075
l 1433 1661
l 1149 1168
l 1143 1149
l 1023 1089
l 1267 1391
l 562 581
l 404 505
l 349 368
l 315 355
l 252 315
l 324 359
l 259 324
l 226 235
l 136 173
l 118 182
l 487 529
l 487 490
l 622 705
l 751 1057
l 430 461
l 512 511
l 433 469
l 78 150
l 193 232
l 133 193
l 125 160
l 158 160
l 587 766
l 1182 1387
l 1129 1410
l 1543 1757
l 1812 1972
l 551 590
l 418 467
l 332 418
l 1011 1274
l 577 584
l 828 842
l 863 928
l 927 971
l 1651 1837
l 1615 1840
l 2084 2136
l 1903 1948
l 1949 1994
l 1224 1272
l 1150 1224
l 833 994
l 722 758
l 629 722
l 721 757
l 1500 1544
l 1734 1872
l 1700 1714
l 1805 1889
l 1738 1851
l 1897 2004
l 1033 1062
l 1099 1183
l 1462 1672
l 1931 1959
l 1959 2031
l 2063 2112
l 1927 1988
l 1526 1537
l 1504 1527
l 1414 1446
l 1540 1547
l 1540 1568
l 1744 1747
l 1766 1799
l 1936 1990
l 941 953
l 832 890
l 891 1095
l 803 812
l 733 812
l 566 654
l 319 388
l 550 598
l 1123 1155
l 1156 1235
l 1126 1222
l 1260 1298
l 969 999
l 860 906
l 801 861
l 739 801
l 578 675
l 1002 1059
l 1227 1294
l 952 933
