# Blender 5.1.0
# www.blender.org
mtllib bush_4.mtl
o Bush_1_3
v -0.195488 0.460623 0.119731
v -0.170463 0.400809 0.109805
v -0.168443 0.460852 0.065484
v -0.167715 0.545879 0.140653
v -0.167006 0.528492 0.119246
v -0.164999 0.449026 0.052467
v -0.161285 0.456648 0.080269
v -0.159483 0.396353 0.053532
v -0.158224 0.383475 -0.002811
v -0.157096 0.546528 0.088528
v -0.157031 0.355688 0.077234
v -0.156669 0.474088 0.075668
v -0.156652 0.548597 0.064096
v -0.156640 0.552097 0.058887
v -0.154079 0.547579 0.048642
v -0.153941 0.434151 0.055636
v -0.153460 0.336519 0.027430
v -0.153181 0.551982 0.096088
v -0.153130 0.408017 0.118206
v -0.153064 0.540509 0.054126
v -0.152814 0.546288 0.127566
v -0.151610 0.468378 0.075836
v -0.150916 0.438778 0.084700
v -0.148741 0.385618 0.037274
v -0.148710 0.379757 0.074824
v -0.147917 0.554224 0.087475
v -0.147662 0.333470 0.041937
v -0.147486 0.548940 0.137754
v -0.147467 0.472964 0.098952
v -0.147070 0.473294 0.054774
v -0.121765 0.523298 0.129775
v -0.145800 0.382560 0.038107
v -0.144017 0.558585 0.099470
v -0.142726 0.469658 0.108549
v -0.142289 0.432520 0.042539
v -0.140146 0.445213 0.053601
v -0.139031 0.471642 0.041525
v -0.138180 0.403333 0.025079
v -0.137843 0.555740 -0.015016
v -0.137413 0.454847 0.084490
v -0.137391 0.394857 0.077744
v -0.137078 0.472454 0.134225
v -0.135801 0.437437 0.034149
v -0.135665 0.477213 0.074629
v -0.135092 0.317967 0.052253
v -0.134213 0.516266 -0.047874
v -0.133657 0.428862 0.058404
v -0.133556 0.281039 0.076234
v -0.131281 0.482964 0.021373
v -0.131003 0.394813 -0.004443
v -0.129564 0.566101 0.011756
v -0.129324 0.557570 -0.050314
v -0.129240 0.323476 -0.089306
v -0.127923 0.441395 0.075287
v -0.127742 0.384904 0.013623
v -0.127508 0.558343 -0.031981
v -0.100493 0.464435 0.115641
v -0.127390 0.516999 0.060582
v -0.126889 0.469184 0.082312
v -0.126875 0.399147 0.046263
v -0.124403 0.348570 0.012247
v -0.122599 0.490519 0.056023
v -0.121774 0.371408 0.028662
v -0.121689 0.356356 0.035147
v -0.121368 0.412063 0.016894
v -0.121352 0.405517 0.063464
v -0.119787 0.468212 0.010901
v -0.120061 0.471608 0.047987
v -0.119899 0.382208 -0.084812
v -0.120040 0.555581 0.114786
v -0.119369 0.375014 0.070659
v -0.119250 0.552325 0.003969
v -0.119048 0.496352 0.007942
v -0.117733 0.572855 0.138372
v -0.116000 0.477326 0.048293
v -0.115691 0.535724 0.066995
v -0.115612 0.485727 0.081586
v -0.107177 0.326439 0.077465
v -0.106441 0.326192 0.078243
v -0.115308 0.452829 0.081951
v -0.107455 0.326529 0.080944
v -0.107466 0.348785 0.076617
v -0.107560 0.348705 0.080323
v -0.115227 0.359256 0.015394
v -0.115079 0.565497 0.045579
v -0.115046 0.364331 0.055795
v -0.115009 0.467696 0.010076
v -0.092411 0.496530 0.033725
v -0.106240 0.343931 0.075810
v -0.111972 0.344249 0.075424
v -0.113938 0.568509 0.057318
v -0.108949 0.240723 0.081168
v -0.113814 0.564207 0.124503
v -0.109282 0.375295 0.077575
v -0.105619 0.371117 0.077707
v -0.112884 0.445790 0.061554
v -0.087931 0.519972 0.090100
v -0.112782 0.531939 0.003708
v -0.112508 0.473037 0.013427
v -0.106882 0.412834 0.078636
v -0.109602 0.415746 0.078697
v -0.106888 0.412708 0.078630
v -0.106726 0.430373 0.078506
v -0.108002 0.430393 0.079740
v -0.106880 0.518135 0.078091
v -0.106882 0.518110 0.078091
v -0.106587 0.499230 0.078134
v -0.106807 0.499249 0.078150
v -0.111478 0.569004 0.062355
v -0.109193 0.539171 0.078251
v -0.107447 0.536996 0.078047
v -0.105597 0.430628 0.079640
v -0.106361 0.430606 0.080491
v -0.110947 0.398785 0.083603
v -0.109197 0.573706 0.077967
v -0.110513 0.414456 -0.069740
v -0.105388 0.326538 0.079235
v -0.105115 0.326454 0.078989
v -0.105112 0.326327 0.078887
v -0.105399 0.348797 0.078360
v -0.105490 0.348668 0.078420
v -0.110242 0.554935 -0.058412
v -0.109849 0.559987 0.030380
v -0.109815 0.503391 -0.065335
v -0.092568 0.404801 -0.007602
v -0.105402 0.383591 0.073340
v -0.102161 0.379546 0.073730
v -0.106578 0.430371 0.078538
v -0.109362 0.473722 0.107973
v -0.109353 0.575906 0.053221
v -0.109284 0.376669 -0.170062
v -0.104103 0.343841 0.077654
v -0.104105 0.343683 0.077607
v -0.102487 0.501252 0.084005
v -0.108998 0.347053 0.001757
v -0.108918 0.572143 0.084411
v -0.108567 0.383611 0.075828
v -0.105241 0.430602 0.080009
v -0.102956 0.241683 0.086598
v -0.103057 0.241981 0.074926
v -0.108005 0.409602 -0.162082
v -0.107721 0.537401 0.077771
v -0.107757 0.395632 -0.125301
v -0.107752 0.376649 -0.171976
v -0.107306 0.413378 0.079069
v -0.107254 0.413388 0.078273
v -0.107545 0.438073 0.109862
v -0.107545 0.326258 -0.076067
v -0.098646 0.242682 0.078089
v -0.102376 0.501273 0.083960
v -0.102126 0.414172 0.071902
v -0.104366 0.417140 0.071746
v -0.101691 0.521194 0.084830
v -0.101693 0.521174 0.084829
v -0.106132 0.371899 0.078238
v -0.106168 0.372041 0.077120
v -0.106451 0.423926 0.072123
v -0.106281 0.395064 0.066227
v -0.101446 0.431580 0.070871
v -0.101449 0.431559 0.070872
v -0.106013 0.484933 0.060692
v -0.106007 0.572125 -0.011846
v -0.105998 0.543966 0.045920
v -0.105948 0.392049 0.104185
v -0.101688 0.479062 0.040417
v -0.104358 0.502991 -0.032020
v -0.078493 0.443071 0.080644
v -0.103233 0.543336 0.085899
v -0.101564 0.541127 0.085606
v -0.103016 0.451251 0.070047
v -0.101353 0.449010 0.069953
v -0.105149 0.486333 0.051401
v -0.104862 0.481500 0.072120
v -0.104772 0.568851 0.130977
v -0.104732 0.542676 0.124844
v -0.077138 0.396393 0.048668
v -0.104527 0.331691 -0.135448
v -0.104508 0.533812 0.111564
v -0.103936 0.343809 0.077564
v -0.102284 0.579826 0.086785
v -0.103850 0.440057 0.042838
v -0.102039 0.483071 0.068488
v -0.103642 0.324536 -0.087846
v -0.103640 0.375081 -0.082185
v -0.099917 0.220274 0.079000
v -0.094696 0.221131 0.081952
v -0.103541 0.549019 0.056380
v -0.103354 0.466562 0.082659
v -0.103200 0.578958 0.093806
v -0.103082 0.567485 0.051845
v -0.102939 0.447862 0.107325
v -0.102609 0.380330 0.074187
v -0.102637 0.380389 0.073121
v -0.102720 0.332136 -0.126527
v -0.102657 0.474985 0.089834
v -0.102532 0.415000 0.072239
v -0.102502 0.415002 0.071515
v -0.102535 0.414394 -0.029199
v -0.101164 0.503855 -0.061717
v -0.099063 0.318443 0.038956
v -0.095194 0.314712 0.039692
v -0.097485 0.242856 0.081073
v -0.101096 0.270945 0.081070
v -0.101675 0.485505 -0.075437
v -0.102106 0.416150 0.052670
v -0.101823 0.541544 0.085346
v -0.096287 0.243105 0.080165
v -0.101617 0.449422 0.069656
v -0.098503 0.282998 0.043952
v -0.099996 0.486052 0.062909
v -0.090278 0.505078 0.124584
v -0.096644 0.344936 0.036353
v -0.099014 0.347811 0.036033
v -0.096530 0.362338 0.034405
v -0.096535 0.362278 0.034410
v -0.101321 0.368984 0.003976
v -0.101303 0.578497 0.092693
v -0.101242 0.275686 -0.070893
v -0.098894 0.450783 0.060559
v -0.097096 0.448686 0.060182
v -0.100998 0.559296 0.142098
v -0.100941 0.512348 0.039780
v -0.096046 0.429484 0.058690
v -0.096047 0.429438 0.058688
v -0.077797 0.486534 0.067542
v -0.091850 0.284263 0.047513
v -0.100502 0.583325 0.037395
v -0.100484 0.445628 0.075943
v -0.098082 0.381984 0.032758
v -0.096419 0.379775 0.032753
v -0.100051 0.490714 -0.001945
v -0.100049 0.412497 0.035012
v -0.095128 0.410296 0.056702
v -0.097615 0.413051 0.056982
v -0.099836 0.550611 0.084753
v -0.099768 0.566893 0.000847
v -0.091730 0.268250 0.046987
v -0.090973 0.268285 0.047756
v -0.099683 0.316458 -0.093462
v -0.097870 0.413913 0.030010
v -0.091704 0.268424 0.050725
v -0.090969 0.289177 0.048635
v -0.091820 0.288994 0.049485
v -0.096208 0.379090 0.054160
v -0.092226 0.375553 0.053298
v -0.092038 0.174355 0.084478
v -0.100563 0.391954 0.032788
v -0.098066 0.381993 0.042206
v -0.092337 0.221545 0.079920
v -0.093404 0.339376 0.046905
v -0.093519 0.312715 0.046205
v -0.089931 0.308188 0.046412
v -0.097381 0.449101 0.059939
v -0.097336 0.410484 0.036702
v -0.090759 0.284157 0.046211
v -0.097082 0.345787 0.036630
v -0.097051 0.345747 0.035924
v -0.097042 0.418002 0.013392
v -0.096859 0.340703 0.040217
v -0.096687 0.380162 0.032436
v -0.096718 0.422797 0.084370
v -0.086895 0.188982 0.054252
v -0.096306 0.188799 0.054056
v -0.096484 0.400453 -0.060448
v -0.095697 0.315562 0.040044
v -0.095766 0.315555 0.039033
v -0.096222 0.243101 0.080215
v -0.092468 0.168156 0.052314
v -0.087230 0.168364 0.055285
v -0.096138 0.527419 -0.032011
v -0.088245 0.341107 0.041804
v -0.096020 0.404299 -0.056832
v -0.095596 0.411015 0.057154
v -0.095579 0.411146 0.056440
v -0.094470 0.488343 0.087494
v -0.090488 0.284333 0.046479
v -0.090613 0.133233 0.059308
v -0.095323 0.303775 0.064197
v -0.087115 0.346771 0.040068
v -0.087150 0.346471 0.043789
v -0.094786 0.495910 0.087026
v -0.089646 0.268417 0.049068
v -0.094598 0.551848 0.080847
v -0.090436 0.173701 0.078218
v -0.089682 0.289062 0.047702
v -0.089750 0.288918 0.047559
v -0.089635 0.268531 0.049047
v -0.089641 0.268650 0.048931
v -0.086457 0.323037 0.038870
v -0.085720 0.323229 0.039649
v -0.094375 0.549362 0.130039
v -0.085793 0.322858 0.039713
v -0.090217 0.372586 0.042665
v -0.086410 0.368259 0.042605
v -0.094142 0.557417 0.051205
v -0.091205 0.422308 -0.115207
v -0.092520 0.389826 -0.115863
v -0.068575 0.495098 0.052536
v -0.086287 0.340811 0.044215
v -0.091466 0.133023 0.058800
v -0.092884 0.376299 0.054037
v -0.092688 0.376363 0.053006
v -0.089352 0.173391 0.074870
v -0.091112 0.174331 0.044235
v -0.089648 0.174305 0.039449
v -0.091551 0.555241 -0.170137
v -0.083976 0.218866 0.039066
v -0.083109 0.218690 0.039936
v -0.092871 0.403977 0.005490
v -0.083863 0.240313 0.037306
v -0.091120 0.240335 0.036862
v -0.090692 0.284307 0.046280
v -0.090587 0.157938 0.043842
v -0.088543 0.158042 0.045688
v -0.092585 0.325221 -0.021055
v -0.092550 0.394761 0.053915
v -0.090395 0.158028 0.086243
v -0.088508 0.158504 0.088326
v -0.092396 0.453954 0.092372
v -0.092296 0.427729 0.051286
v -0.092291 0.221532 0.079849
v -0.092291 0.221532 0.079849
v -0.092201 0.420060 0.028186
v -0.092004 0.508740 0.066446
v -0.086372 0.346940 0.048363
v -0.088725 0.349994 0.048510
v -0.086450 0.346479 0.048343
v -0.091501 0.337960 -0.128334
v -0.091499 0.388506 -0.122673
v -0.091496 0.318977 -0.175009
v -0.091494 0.369522 -0.169348
v -0.091295 0.564123 0.027164
v -0.091172 0.377444 0.072069
v -0.089332 0.364767 -0.111995
v -0.087269 0.362829 -0.111818
v -0.085594 0.363000 0.048162
v -0.086881 0.363078 0.049397
v -0.086097 0.341134 0.044000
v -0.091028 0.441446 0.035301
v -0.090205 0.188926 0.048369
v -0.085400 0.188924 0.053074
v -0.090137 0.188791 0.060048
v -0.090906 0.559007 0.091755
v -0.090889 0.373474 0.012684
v -0.090824 0.327460 0.057466
v -0.090715 0.336540 -0.054900
v -0.090339 0.309062 0.046900
v -0.090437 0.309299 0.045844
v -0.090630 0.328501 0.026579
v -0.084833 0.168450 0.053212
v -0.090452 0.380566 0.001027
v -0.086289 0.120961 0.054363
v -0.088199 0.120672 0.056532
v -0.090188 0.569550 0.029609
v -0.090074 0.320818 0.085710
v -0.085768 0.112340 0.073935
v -0.087924 0.111504 0.076156
v -0.084465 0.412039 0.036570
v -0.086960 0.414982 0.036170
v -0.089995 0.459182 -0.152860
v -0.089986 0.513576 0.033582
v -0.084518 0.411713 0.036617
v -0.085028 0.346713 0.041852
v -0.085160 0.346616 0.041825
v -0.089837 0.435806 0.045446
v -0.085823 0.094466 0.066571
v -0.087770 0.093679 0.068091
v -0.084152 0.430195 0.036098
v -0.085408 0.430246 0.037288
v -0.089573 0.448321 0.057245
v -0.087946 0.132075 0.049898
v -0.089432 0.569496 -0.016118
v -0.084653 0.349313 -0.109382
v -0.084648 0.349262 -0.109374
v -0.084257 0.323112 0.040799
v -0.084329 0.323058 0.040768
v -0.084498 0.322936 0.040756
v -0.089333 0.490016 -0.032962
v -0.089238 0.538445 0.002975
v -0.086745 0.407001 -0.072963
v -0.089142 0.430843 0.045420
v -0.089094 0.291573 0.050560
v -0.086043 0.341075 0.044204
v -0.082348 0.176087 0.082592
v -0.077645 0.111599 0.043118
v -0.083566 0.501324 0.034832
v -0.083793 0.501345 0.034910
v -0.083752 0.518902 0.034795
v -0.083754 0.518875 0.034795
v -0.088541 0.374304 -0.005191
v -0.083331 0.425845 0.047532
v -0.083547 0.425869 0.047553
v -0.085458 0.363001 0.048193
v -0.085930 0.538625 0.034957
v -0.084199 0.536440 0.034753
v -0.087604 0.363178 -0.112162
v -0.087938 0.338045 0.020696
v -0.087934 0.575511 0.061623
v -0.082952 0.443128 0.047431
v -0.082956 0.443098 0.047431
v -0.087625 0.460118 0.088787
v -0.087617 0.191628 0.079071
v -0.083010 0.175832 0.081355
v -0.084374 0.131015 0.090212
v -0.085791 0.570694 0.034596
v -0.083160 0.083614 0.049887
v -0.082130 0.361278 0.050203
v -0.081883 0.361033 0.050331
v -0.087024 0.369325 0.043197
v -0.086766 0.369042 0.042126
v -0.081594 0.218921 0.041110
v -0.081609 0.218909 0.041014
v -0.081511 0.134802 0.056794
v -0.081476 0.240353 0.039448
v -0.086446 0.240877 0.043229
v -0.087069 0.412844 0.020249
v -0.087124 0.487870 0.091454
v -0.082302 0.335703 -0.106758
v -0.085050 0.338125 -0.107251
v -0.086242 0.174163 0.048440
v -0.080711 0.174127 0.041858
v -0.086926 0.569490 -0.019943
v -0.084003 0.430194 0.036104
v -0.086333 0.267319 0.030491
v -0.086749 0.347497 0.048839
v -0.086668 0.347469 0.048021
v -0.081367 0.428374 0.030940
v -0.082204 0.428816 0.031700
v -0.084463 0.462624 0.047523
v -0.082807 0.460395 0.047327
v -0.080333 0.158944 0.041454
v -0.080369 0.158791 0.041374
v -0.086499 0.517947 -0.026866
v -0.086465 0.565399 0.097532
v -0.086348 0.553926 0.055571
v -0.086306 0.566493 0.029648
v -0.080388 0.159287 0.084204
v -0.080510 0.159341 0.084187
v -0.076772 0.466378 0.078207
v -0.086202 0.427087 0.052889
v -0.085357 0.217033 0.053451
v -0.081835 0.084776 0.047459
v -0.085497 0.509099 -0.173133
v -0.085416 0.489582 -0.104735
v -0.083596 0.494153 0.047153
v -0.085305 0.491746 0.053331
v -0.085275 0.188939 0.052975
v -0.084630 0.188923 0.053979
v -0.083836 0.571053 -0.013538
v -0.085053 0.399565 0.047206
v -0.085047 0.310133 -0.168383
v -0.084774 0.412517 0.036879
v -0.084847 0.412611 0.036055
v -0.083327 0.575504 -0.051539
v -0.083427 0.580243 0.024185
v -0.084771 0.168444 0.053160
v -0.084771 0.168444 0.053160
v -0.084470 0.536849 0.034479
v -0.084413 0.474412 0.100527
v -0.078635 0.122654 0.058378
v -0.078635 0.122416 0.058224
v -0.084206 0.418810 -0.064785
v -0.084173 0.498446 0.084869
v -0.081168 0.310368 -0.102843
v -0.076732 0.307359 -0.101772
v -0.077462 0.109904 0.078228
v -0.077155 0.109605 0.078345
v -0.083875 0.501622 -0.097449
v -0.083675 0.146052 0.053895
v -0.081882 0.134590 0.056049
v -0.083430 0.502115 -0.117258
v -0.083328 0.434977 -0.048601
v -0.083248 0.471809 -0.064548
v -0.083067 0.460814 0.047049
v -0.083228 0.406476 0.088226
v -0.083203 0.429918 -0.107309
v -0.073512 0.460788 0.016246
v -0.082870 0.336495 -0.106529
v -0.082810 0.336393 -0.107232
v -0.076946 0.094078 0.071236
v -0.076515 0.093661 0.071381
v -0.075508 0.114018 0.032551
v -0.082575 0.176105 0.082105
v -0.082575 0.176105 0.082105
v -0.082430 0.423421 0.142582
v -0.082068 0.371645 0.150796
v -0.081381 0.430911 -0.066113
v -0.081747 0.399252 0.027112
v -0.081685 0.434475 0.080495
v -0.080685 0.390380 -0.026947
v -0.081479 0.380413 0.102037
v -0.081416 0.134846 0.056810
v -0.081416 0.134846 0.056810
v -0.081374 0.240379 0.039458
v -0.081374 0.240379 0.039458
v -0.081371 0.477889 0.039974
v -0.081254 0.488037 0.017995
v -0.077730 0.109846 0.078335
v -0.081110 0.428133 0.030495
v -0.080500 0.266610 0.036255
v -0.080515 0.268680 0.036268
v -0.081025 0.334918 -0.113288
v -0.080298 0.480088 -0.065133
v -0.078822 0.081428 0.058826
v -0.080087 0.174111 0.042124
v -0.080835 0.174048 0.042108
v -0.080281 0.174128 0.041933
v -0.067905 0.042679 0.057550
v -0.080625 0.454974 0.227037
v -0.077179 0.071103 0.043219
v -0.079022 0.069828 0.045148
v -0.080387 0.158864 0.041639
v -0.080387 0.158864 0.041639
v -0.075137 0.277733 -0.095174
v -0.080286 0.159331 0.084217
v -0.080286 0.159331 0.084217
v -0.080269 0.453062 0.098596
v -0.080254 0.487834 0.015419
v -0.070686 0.392923 0.056460
v -0.079940 0.404316 0.032943
v -0.079851 0.655252 -0.044914
v -0.078974 0.676016 -0.062767
v -0.079764 0.533554 -0.131213
v -0.077939 0.524634 0.002700
v -0.071269 0.391087 0.055846
v -0.077855 0.536224 -0.016530
v -0.075666 0.534397 -0.016543
v -0.073052 0.085419 0.052328
v -0.078730 0.570131 0.071511
v -0.078693 0.402854 0.022631
v -0.075434 0.113814 0.035534
v -0.077337 0.308157 -0.101506
v -0.077426 0.308084 -0.102501
v -0.078239 0.122633 0.058520
v -0.078239 0.122633 0.058520
v -0.077966 0.496181 0.005170
v -0.077664 0.393133 0.062541
v -0.077619 0.495198 0.016107
v -0.077497 0.477817 0.104401
v -0.075346 0.511483 -0.102794
v -0.077370 0.109910 0.078057
v -0.068924 0.280224 -0.091582
v -0.077182 0.094040 0.070761
v -0.077182 0.094040 0.070761
v -0.077133 0.372637 0.082585
v -0.077115 0.589371 -0.064257
v -0.073427 0.307348 -0.093391
v -0.069303 0.303187 -0.093101
v -0.065864 0.420320 0.058551
v -0.076785 0.131332 0.040218
v -0.076785 0.131332 0.040218
v -0.076736 0.468259 0.054768
v -0.076642 0.435854 0.005772
v -0.076032 0.534703 -0.016211
v -0.069106 0.285167 -0.089095
v -0.068659 0.284968 -0.089510
v -0.067728 0.280241 -0.092962
v -0.076314 0.532263 0.074755
v -0.074592 0.480519 -0.092600
v -0.074041 0.450538 -0.092011
v -0.072239 0.448390 -0.092177
v -0.071260 0.432008 -0.091863
v -0.071262 0.431979 -0.091862
v -0.076001 0.466431 -0.071121
v -0.073660 0.528548 -0.102757
v -0.075808 0.449240 -0.115821
v -0.065460 0.047995 0.048010
v -0.070953 0.515810 -0.018481
v -0.070945 0.515758 -0.018486
v -0.070628 0.415557 -0.091566
v -0.070775 0.415576 -0.091572
v -0.075007 0.483731 0.046973
v -0.073144 0.149630 0.053550
v -0.071026 0.149541 0.055572
v -0.075044 0.470715 0.055869
v -0.070042 0.355544 -0.089740
v -0.074831 0.127015 0.086159
v -0.074831 0.127015 0.086159
v -0.074828 0.097785 0.056638
v -0.074828 0.097785 0.056638
v -0.074814 0.473618 0.079633
v -0.074723 0.284346 -0.108114
v -0.074686 0.523246 0.042780
v -0.069119 0.355557 -0.090684
v -0.065807 0.265442 -0.088262
v -0.066698 0.265789 -0.087586
v -0.074364 0.526071 0.062581
v -0.068786 0.340219 -0.090439
v -0.071364 0.343091 -0.090231
v -0.068834 0.339816 -0.090470
v -0.066540 0.265282 -0.087665
v -0.072714 0.572803 -0.126692
v -0.069344 0.074009 0.047416
v -0.069437 0.074174 0.047321
v -0.073975 0.406138 0.012010
v -0.069186 0.494172 0.008634
v -0.069182 0.494188 0.008631
v -0.073933 0.480098 -0.050625
v -0.071568 0.164399 0.052775
v -0.070506 0.164347 0.053693
v -0.073784 0.497936 0.120141
v -0.073579 0.396522 0.024105
v -0.073579 0.525143 -0.092234
v -0.073558 0.645864 -0.061608
v -0.073396 0.085342 0.051720
v -0.073396 0.085342 0.051720
v -0.073396 0.085342 0.051720
v -0.071160 0.595589 -0.012464
v -0.073244 0.463971 0.019902
v -0.070550 0.583278 -0.017858
v -0.065703 0.104352 0.047090
v -0.073082 0.499794 -0.081235
v -0.068368 0.118113 0.039611
v -0.072525 0.448799 -0.092458
v -0.067527 0.280501 -0.092719
v -0.072712 0.410765 0.056745
v -0.072380 0.478777 -0.097518
v -0.072213 0.561488 0.019067
v -0.072194 0.450140 -0.088970
v -0.068976 0.355555 -0.090640
v -0.071873 0.475725 -0.135335
v -0.071842 0.460415 0.028777
v -0.071803 0.494459 0.058419
v -0.071786 0.509945 0.012144
v -0.067701 0.280444 -0.092824
v -0.066734 0.512121 0.004142
v -0.066737 0.512111 0.004142
v -0.071502 0.428165 0.033025
v -0.066104 0.354242 -0.087378
v -0.065907 0.354007 -0.087218
v -0.066633 0.285079 -0.091469
v -0.071411 0.484010 0.250106
v -0.070979 0.411698 -0.098126
v -0.070934 0.449878 -0.088728
v -0.066238 0.497115 -0.020643
v -0.069115 0.499374 -0.020369
v -0.070720 0.526128 0.182437
v -0.065786 0.420322 0.058502
v -0.069734 0.304028 -0.092638
v -0.069935 0.304326 -0.093665
v -0.070128 0.431658 0.135279
v -0.067520 0.196900 -0.083638
v -0.069993 0.466803 0.017957
v -0.066282 0.100463 0.033404
v -0.068218 0.099111 0.035115
v -0.069753 0.375178 -0.040591
v -0.070043 0.426858 0.137077
v -0.064353 0.265695 -0.089377
v -0.064305 0.265695 -0.089429
v -0.069496 0.452811 -0.188674
v -0.064474 0.265409 -0.089442
v -0.069210 0.340756 -0.089943
v -0.069107 0.340718 -0.090760
v -0.069248 0.427338 -0.055799
v -0.069175 0.415915 -0.098017
v -0.069157 0.065336 0.059355
v -0.069157 0.065336 0.059355
v -0.069150 0.451501 0.010657
v -0.055227 0.533106 0.079342
v -0.069096 0.074186 0.047473
v -0.069096 0.074186 0.047473
v -0.063118 0.149567 0.051644
v -0.063058 0.149735 0.051479
v -0.066460 0.532613 -0.000195
v -0.064998 0.530274 0.000073
v -0.068834 0.420771 -0.031479
v -0.068792 0.452894 -0.150273
v -0.068702 0.504134 0.035965
v -0.068436 0.560366 0.017134
v -0.068416 0.556356 0.063725
v -0.061489 0.158416 -0.022296
v -0.068214 0.500383 0.067697
v -0.058455 0.201338 0.044774
v -0.059288 0.201480 0.045635
v -0.058372 0.197475 -0.083833
v -0.064453 0.106668 0.038733
v -0.068023 0.118181 0.039665
v -0.068023 0.118181 0.039665
v -0.068023 0.118181 0.039665
v -0.062377 0.162991 0.051391
v -0.068145 0.162661 0.044208
v -0.067811 0.381190 0.026237
v -0.067599 0.592420 -0.084091
v -0.065440 0.044405 0.058760
v -0.062759 0.434941 0.060062
v -0.062763 0.434931 0.060062
v -0.067308 0.423632 -0.093878
v -0.067249 0.495484 -0.025847
v -0.066807 0.497714 -0.020189
v -0.066830 0.497870 -0.020915
v -0.063417 0.107493 0.036946
v -0.066260 0.413490 0.007766
v -0.057162 0.179760 -0.083942
v -0.064927 0.178724 -0.087149
v -0.062744 0.218871 -0.030014
v -0.064781 0.218977 -0.027954
v -0.066768 0.551758 -0.056974
v -0.066477 0.285188 -0.091415
v -0.065161 0.585917 0.029099
v -0.066398 0.510075 -0.176011
v -0.066254 0.422908 0.064678
v -0.066235 0.598664 0.171433
v -0.066173 0.429429 0.010576
v -0.052844 0.036675 0.050317
v -0.065921 0.419893 0.102636
v -0.063796 0.530807 -0.120126
v -0.065665 0.580475 0.163641
v -0.052597 0.410497 -0.072002
v -0.065242 0.530661 -0.000299
v -0.065018 0.597051 -0.092400
v -0.058265 0.382799 -0.078643
v -0.063165 0.565975 -0.006300
v -0.060817 0.203154 -0.142723
v -0.063040 0.203744 -0.141259
v -0.055293 0.219542 0.042714
v -0.061168 0.220243 0.039379
v -0.064806 0.520892 -0.015724
v -0.064734 0.476856 0.140199
v -0.064675 0.440029 0.150604
v -0.062561 0.464632 -0.023446
v -0.057611 0.462040 -0.024146
v -0.053838 0.551074 0.180873
v -0.064198 0.535693 -0.182410
v -0.061220 0.196925 -0.077559
v -0.064452 0.455169 0.058102
v -0.061327 0.197398 -0.089241
v -0.061798 0.452149 0.061925
v -0.060479 0.449757 0.061509
v -0.064229 0.512169 0.054296
v -0.060305 0.144781 -0.085891
v -0.062080 0.240938 -0.022294
v -0.060499 0.240662 -0.020703
v -0.056300 0.411098 -0.072462
v -0.058134 0.103416 0.038062
v -0.058289 0.103716 0.037926
v -0.057730 0.051316 0.057230
v -0.053122 0.497272 0.077484
v -0.063458 0.450924 0.014416
v -0.063405 0.352003 -0.092469
v -0.063352 0.312915 -0.155143
v -0.063233 0.528045 -0.098425
v -0.059123 0.144896 -0.087585
v -0.060934 0.158497 -0.024107
v -0.063022 0.431331 0.001156
v -0.062973 0.492094 -0.151996
v -0.062786 0.149678 0.051446
v -0.062786 0.149678 0.051446
v -0.058322 0.162740 -0.118486
v -0.062586 0.402804 0.044908
v -0.056860 0.197447 -0.085027
v -0.057028 0.200889 0.043615
v -0.056964 0.200908 0.043559
v -0.062342 0.500001 -0.011301
v -0.062694 0.499480 -0.061881
v -0.062148 0.407583 -0.147714
v -0.061725 0.506572 0.044735
v -0.058519 0.158776 -0.032733
v -0.058327 0.091362 0.036381
v -0.060047 0.090448 0.038471
v -0.061898 0.163139 0.050297
v -0.061632 0.163078 0.050798
v -0.061829 0.163002 0.050299
v -0.056404 0.108644 0.042837
v -0.061535 0.590726 -0.076772
v -0.061416 0.382809 -0.045055
v -0.057922 0.051603 0.055883
v -0.061313 0.418971 0.019796
v -0.055676 0.179691 -0.085244
v -0.055581 0.179777 -0.085255
v -0.061164 0.477277 -0.057433
v -0.056822 0.132535 -0.086200
v -0.058844 0.132420 -0.084178
v -0.059434 0.536769 -0.127350
v -0.056453 0.057380 0.018702
v -0.059125 0.055193 0.023666
v -0.050290 0.037484 0.039418
v -0.054726 0.218123 -0.025824
v -0.054617 0.218128 -0.025836
v -0.057075 0.108400 0.043428
v -0.060696 0.122567 0.047219
v -0.060667 0.450221 0.061277
v -0.056776 0.225233 -0.149811
v -0.057407 0.225535 -0.148990
v -0.060665 0.534531 -0.134091
v -0.060390 0.441620 -0.187078
v -0.060344 0.374841 -0.008139
v -0.059739 0.348868 -0.014775
v -0.059711 0.592101 -0.190909
v -0.058423 0.462694 -0.023494
v -0.058334 0.462851 -0.024444
v -0.059487 0.538939 0.223873
v -0.057547 0.479086 0.063868
v -0.054631 0.411120 -0.074062
v -0.059317 0.382204 0.003506
v -0.053850 0.219072 0.041528
v -0.057870 0.220426 0.048104
v -0.054960 0.137752 -0.028226
v -0.057120 0.137596 -0.026187
v -0.055585 0.337346 0.023425
v -0.051763 0.333605 0.024187
v -0.059028 0.418146 0.047131
v -0.057236 0.421533 0.013148
v -0.058838 0.498718 -0.095737
v -0.058837 0.464919 -0.128117
v -0.057460 0.221048 -0.083906
v -0.055873 0.197430 -0.083744
v -0.052093 0.204283 -0.138452
v -0.052224 0.203700 -0.138700
v -0.056601 0.393770 0.016254
v -0.054794 0.391619 0.016330
v -0.055963 0.304838 0.027823
v -0.053827 0.376468 0.018317
v -0.053829 0.376433 0.018321
v -0.055103 0.036171 0.020360
v -0.056139 0.039175 0.013049
v -0.058562 0.103513 0.037433
v -0.058562 0.103513 0.037433
v -0.058432 0.450803 -0.020360
v -0.056982 0.145772 -0.077058
v -0.049353 0.305770 0.031289
v -0.049349 0.291340 0.033921
v -0.050146 0.291667 0.034641
v -0.053293 0.361276 0.020454
v -0.055673 0.364067 0.020067
v -0.058100 0.562969 0.000169
v -0.058076 0.384877 -0.026469
v -0.052221 0.239424 -0.024223
v -0.057755 0.240398 -0.030188
v -0.050217 0.291395 0.034604
v -0.057978 0.351106 0.063746
v -0.057875 0.304998 -0.053926
v -0.057548 0.397714 -0.003212
v -0.057364 0.052298 0.056607
v -0.057364 0.052298 0.056607
v -0.051187 0.146222 -0.083403
v -0.049394 0.309506 0.028922
v -0.049436 0.309709 0.032644
v -0.055358 0.492522 -0.146285
v -0.057083 0.506422 -0.005501
v -0.057049 0.262342 -0.149970
v -0.052253 0.426133 -0.071213
v -0.052258 0.426113 -0.071215
v -0.050982 0.160740 -0.026045
v -0.058137 0.481773 0.127621
v -0.056727 0.197470 -0.085117
v -0.054863 0.504911 -0.131554
v -0.052750 0.503017 -0.131685
v -0.047411 0.427306 -0.028527
v -0.056119 0.108815 0.042921
v -0.056119 0.108815 0.042921
v -0.055907 0.053600 0.044542
v -0.045873 0.043622 0.046772
v -0.050523 0.094114 0.040469
v -0.050508 0.094362 0.040475
v -0.055725 0.180780 -0.025341
v -0.055725 0.180780 -0.025341
v -0.048369 0.145113 -0.118995
v -0.055651 0.533141 -0.052156
v -0.048507 0.097425 -0.069547
v -0.050922 0.074444 -0.024754
v -0.051276 0.331786 0.028815
v -0.047680 0.327253 0.029150
v -0.055464 0.179760 -0.085254
v -0.055432 0.490659 0.029894
v -0.055086 0.392007 0.016001
v -0.055215 0.528814 -0.038959
v -0.049043 0.134726 -0.082068
v -0.049030 0.134784 -0.082172
v -0.055092 0.361691 0.026975
v -0.055024 0.630976 0.123417
v -0.054995 0.599381 0.210159
v -0.054150 0.551806 -0.086342
v -0.052687 0.030350 0.051584
v -0.050505 0.031069 0.053729
v -0.039812 0.380334 -0.099136
v -0.052817 0.301586 -0.026290
v -0.044986 0.299710 -0.029353
v -0.051435 0.037191 0.043545
v -0.054558 0.218123 -0.025898
v -0.054558 0.218123 -0.025898
v -0.054480 0.526120 -0.095112
v -0.048951 0.224162 -0.145794
v -0.048906 0.224327 -0.145614
v -0.054393 0.480603 0.158218
v -0.051905 0.443600 -0.067920
v -0.050492 0.441303 -0.068504
v -0.049508 0.074588 -0.026055
v -0.048176 0.305681 0.030149
v -0.052083 0.057818 0.017971
v -0.054009 0.382266 -0.109123
v -0.053951 0.464386 -0.108793
v -0.053740 0.362121 0.020713
v -0.053708 0.362066 0.020006
v -0.047459 0.055967 0.023356
v -0.051511 0.052710 0.030721
v -0.053841 0.462484 -0.146866
v -0.049096 0.485933 -0.134402
v -0.049091 0.485887 -0.134409
v -0.053765 0.409774 -0.124477
v -0.053719 0.219062 0.041432
v -0.053377 0.219013 0.041592
v -0.053105 0.503321 -0.131332
v -0.048010 0.305764 0.030375
v -0.044363 0.043612 0.014791
v -0.047978 0.291240 0.032867
v -0.047901 0.291278 0.032836
v -0.048150 0.291160 0.032788
v -0.046676 0.139213 -0.023846
v -0.046628 0.139286 -0.023916
v -0.045910 0.429573 -0.036626
v -0.052281 0.334485 0.024528
v -0.052327 0.334447 0.023523
v -0.052725 0.203721 -0.139390
v -0.052725 0.203721 -0.139390
v -0.051510 0.149203 -0.110564
v -0.049570 0.151300 -0.108753
v -0.052388 0.583527 0.197224
v -0.050936 0.146328 -0.083188
v -0.050983 0.146273 -0.083241
v -0.052347 0.432596 -0.051946
v -0.045481 0.038370 0.049959
v -0.045850 0.038623 0.050102
v -0.052318 0.404847 0.063803
v -0.047314 0.309628 0.030709
v -0.047407 0.309548 0.030715
v -0.052147 0.475095 -0.082300
v -0.051985 0.401832 0.101761
v -0.051727 0.239455 -0.024135
v -0.051980 0.239469 -0.024326
v -0.051808 0.239449 -0.024168
v -0.051763 0.473309 0.079694
v -0.051746 0.552723 0.149018
v -0.049480 0.173025 0.150283
v -0.047487 0.172489 0.152259
v -0.043336 0.040506 0.018421
v -0.049301 0.193126 0.154890
v -0.047451 0.192803 0.155472
v -0.051120 0.593689 -0.031506
v -0.051074 0.437847 -0.040808
v -0.051042 0.146253 -0.083497
v -0.049320 0.097035 -0.069801
v -0.049369 0.605453 0.123374
v -0.050857 0.574006 0.178787
v -0.050765 0.470310 -0.145215
v -0.050690 0.441759 -0.068701
v -0.049087 0.244956 0.039388
v -0.046209 0.043984 0.047485
v -0.050670 0.160702 -0.026204
v -0.050670 0.160702 -0.026204
v -0.050670 0.160702 -0.026204
v -0.050659 0.392809 -0.141541
v -0.050611 0.476551 -0.044911
v -0.050824 0.432999 0.025155
v -0.048575 0.471378 -0.064244
v -0.050437 0.523663 0.224653
v -0.050399 0.169078 -0.123785
v -0.050399 0.169078 -0.123785
v -0.045601 0.468757 -0.137397
v -0.048382 0.471121 -0.136961
v -0.043288 0.119874 0.128700
v -0.040223 0.047055 0.044298
v -0.050234 0.094352 0.040575
v -0.050234 0.094352 0.040575
v -0.047564 0.447041 0.043236
v -0.050172 0.405163 -0.116591
v -0.044542 0.361769 0.029451
v -0.046887 0.364855 0.029476
v -0.044603 0.361431 0.029435
v -0.048281 0.427304 -0.029748
v -0.048074 0.305757 0.030145
v -0.049221 0.433112 -0.023325
v -0.049191 0.425298 0.029768
v -0.043436 0.299733 -0.028394
v -0.043471 0.299626 -0.028484
v -0.043641 0.376175 0.028901
v -0.044797 0.376213 0.027774
v -0.049107 0.492740 0.140286
v -0.047184 0.325860 -0.029158
v -0.039565 0.323038 -0.032068
v -0.043052 0.098057 -0.051507
v -0.044377 0.051667 -0.021643
v -0.046887 0.050932 -0.020100
v -0.047334 0.076001 -0.014962
v -0.044839 0.094231 -0.078686
v -0.048910 0.134779 -0.082174
v -0.048910 0.134779 -0.082174
v -0.048717 0.224171 -0.145819
v -0.047920 0.223906 -0.146416
v -0.048096 0.328181 0.029609
v -0.048183 0.328361 0.028558
v -0.040775 0.430696 -0.031596
v -0.040741 0.430752 -0.031317
v -0.048398 0.255502 0.037991
v -0.043776 0.051149 -0.061428
v -0.046177 0.051429 -0.060375
v -0.044089 0.136104 -0.065377
v -0.046182 0.136389 -0.063391
v -0.048120 0.393580 -0.138422
v -0.046360 0.518052 -0.107666
v -0.047721 0.504925 -0.091455
v -0.047603 0.421876 0.047299
v -0.040631 0.076345 -0.021383
v -0.038729 0.510694 0.044320
v -0.038453 0.287196 -0.152920
v -0.037655 0.286811 -0.152041
v -0.047256 0.389347 -0.030624
v -0.047220 0.456338 -0.066886
v -0.047169 0.072916 0.029977
v -0.047169 0.072916 0.029977
v -0.047154 0.055942 0.023325
v -0.047154 0.055942 0.023325
v -0.047154 0.055942 0.023325
v -0.047100 0.606915 -0.186990
v -0.045280 0.085085 -0.063905
v -0.043619 0.086633 -0.061976
v -0.043277 0.462003 -0.033048
v -0.039681 0.457276 -0.033338
v -0.042964 0.149678 -0.066301
v -0.043520 0.149668 -0.064596
v -0.047020 0.409104 -0.036375
v -0.037057 0.460510 -0.179956
v -0.046918 0.363453 -0.067025
v -0.041994 0.070904 -0.076322
v -0.042597 0.071877 -0.074411
v -0.046802 0.522960 -0.048645
v -0.046782 0.540358 -0.095432
v -0.046631 0.139247 -0.024049
v -0.046631 0.139247 -0.024049
v -0.046623 0.461935 -0.183282
v -0.041261 0.375376 0.031010
v -0.041864 0.375292 0.031814
v -0.046142 0.469374 -0.136908
v -0.046167 0.469571 -0.137609
v -0.038714 0.436431 -0.035575
v -0.039209 0.436334 -0.036075
v -0.046427 0.417343 0.028422
v -0.043902 0.441164 -0.141199
v -0.039245 0.438319 -0.142202
v -0.043478 0.376163 0.028798
v -0.046303 0.535528 -0.056504
v -0.041098 0.432634 0.027019
v -0.041393 0.432671 0.026991
v -0.041889 0.129663 -0.103821
v -0.044206 0.129973 -0.102460
v -0.041857 0.123506 0.123846
v -0.045759 0.041328 0.016660
v -0.045759 0.041328 0.016660
v -0.040932 0.447644 0.026420
v -0.040936 0.447615 0.026421
v -0.040166 0.430915 -0.032076
v -0.040726 0.152635 -0.112768
v -0.030752 0.526370 0.043788
v -0.045454 0.044489 0.048070
v -0.045454 0.044489 0.048070
v -0.045306 0.039197 0.049583
v -0.045306 0.039197 0.049583
v -0.039445 0.173584 0.148435
v -0.039577 0.173840 0.148513
v -0.037099 0.411659 -0.035736
v -0.036310 0.412327 -0.034814
v -0.045232 0.430625 0.004239
v -0.036574 0.411490 -0.035169
v -0.039115 0.192356 0.152776
v -0.044740 0.193824 0.146184
v -0.044909 0.362346 0.029892
v -0.044845 0.362313 0.029084
v -0.042674 0.464850 0.025930
v -0.040998 0.462613 0.025810
v -0.043043 0.097927 -0.051885
v -0.044628 0.432330 0.116543
v -0.041160 0.126242 0.120029
v -0.015310 0.453673 -0.081186
v -0.038983 0.099626 -0.071817
v -0.037585 0.047987 0.033765
v -0.040594 0.375021 0.031666
v -0.041387 0.027992 0.043634
v -0.042204 0.026674 0.046076
v -0.038014 0.322973 -0.031261
v -0.038128 0.322862 -0.031271
v -0.012090 0.460917 -0.052926
v -0.041968 0.492116 0.024955
v -0.041657 0.046394 0.043712
v -0.043465 0.299708 -0.028251
v -0.042140 0.691830 -0.033385
v -0.035807 0.057424 -0.016263
v -0.035252 0.056423 -0.016358
v -0.043396 0.111326 -0.077666
v -0.039234 0.099263 -0.072659
v -0.043253 0.459740 0.043656
v -0.038813 0.346647 -0.037738
v -0.041554 0.503547 -0.110503
v -0.043137 0.322036 -0.019236
v -0.033557 0.185173 -0.059193
v -0.041149 0.185399 -0.062605
v -0.041002 0.247291 0.161076
v -0.033439 0.247321 0.157756
v -0.038490 0.457379 -0.033818
v -0.042922 0.454667 -0.114414
v -0.042903 0.245823 -0.148559
v -0.039913 0.233109 -0.071279
v -0.042672 0.588404 -0.203037
v -0.033199 0.209330 -0.061373
v -0.039530 0.209314 -0.063410
v -0.039794 0.095256 -0.061083
v -0.042392 0.675943 -0.026546
v -0.040488 0.076254 -0.021788
v -0.040555 0.076236 -0.021836
v -0.042350 0.329668 -0.132874
v -0.040196 0.477559 -0.103116
v -0.038325 0.475513 -0.102618
v -0.042172 0.369177 0.141992
v -0.041666 0.015744 -0.011059
v -0.042068 0.470224 -0.143327
v -0.033855 0.056294 -0.057045
v -0.033615 0.054647 -0.057436
v -0.035996 0.136023 -0.061170
v -0.035973 0.135969 -0.061263
v -0.036104 0.286750 -0.150971
v -0.036134 0.286699 -0.151061
v -0.036947 0.461525 -0.097912
v -0.036947 0.461483 -0.097900
v -0.039172 0.105421 0.115238
v -0.036969 0.104714 0.117114
v -0.036636 0.436542 -0.033788
v -0.039565 0.311516 -0.151501
v -0.034268 0.310211 -0.149400
v -0.041264 0.463038 0.025519
v -0.041376 0.324274 0.059285
v -0.036904 0.083805 -0.052535
v -0.039067 0.084047 -0.050426
v -0.041261 0.386310 -0.006814
v -0.041217 0.152855 -0.112415
v -0.041217 0.152855 -0.112415
v -0.041217 0.152855 -0.112415
v -0.034176 0.407311 -0.148279
v -0.035062 0.148351 -0.062146
v -0.040163 0.149036 -0.055600
v -0.040012 0.438977 -0.141467
v -0.039897 0.439178 -0.142426
v -0.040890 0.486391 -0.141363
v -0.035914 0.447559 -0.092802
v -0.035918 0.447595 -0.092813
v -0.040708 0.076220 -0.021759
v -0.025900 0.412405 -0.013050
v -0.033164 0.133660 -0.099889
v -0.032885 0.134578 -0.099775
v -0.038510 0.268968 0.167112
v -0.037117 0.268136 0.168881
v -0.040468 0.430854 -0.031640
v -0.039844 0.458545 -0.032580
v -0.039634 0.458347 -0.033551
v -0.034893 0.412196 -0.034441
v -0.035044 0.412331 -0.034411
v -0.035299 0.411607 -0.034246
v -0.035034 0.087441 -0.065863
v -0.035097 0.087366 -0.065884
v -0.032507 0.049938 -0.045616
v -0.039989 0.418081 -0.047926
v -0.039939 0.453010 -0.081177
v -0.033339 0.072077 -0.072081
v -0.038349 0.076309 -0.065246
v -0.024998 -0.003098 -0.002238
v -0.033769 0.415849 -0.082324
v -0.039466 0.607451 -0.151243
v -0.039394 0.435360 0.118579
v -0.039393 0.447865 -0.118453
v -0.035138 0.295586 0.172560
v -0.039104 0.173784 0.148284
v -0.039104 0.173784 0.148284
v -0.038533 0.564200 -0.149121
v -0.038414 0.192301 0.151954
v -0.039007 0.192366 0.152795
v -0.039007 0.192366 0.152795
v -0.038998 0.099721 -0.071737
v -0.038998 0.099721 -0.071737
v -0.038631 0.475836 -0.103023
v -0.038713 0.457859 0.198115
v -0.028426 0.430690 0.037860
v -0.035681 0.033853 0.047582
v -0.035178 0.033265 0.047255
v -0.038490 0.334860 0.022515
v -0.038243 0.534746 0.235744
v -0.032764 0.100172 -0.053936
v -0.031405 0.051461 0.040470
v -0.031281 0.051582 0.040672
v -0.038098 0.322950 -0.031059
v -0.030086 0.292431 -0.055562
v -0.030745 0.291832 -0.055229
v -0.037065 0.552319 -0.209563
v -0.030105 0.292651 -0.055623
v -0.034993 0.123808 0.126174
v -0.037742 0.140888 0.135458
v -0.037459 0.476485 0.221148
v -0.029583 0.366696 -0.035151
v -0.031940 0.185302 -0.060711
v -0.031925 0.185113 -0.060792
v -0.031623 0.051189 0.041587
v -0.027463 0.410216 -0.151242
v -0.035957 0.439198 -0.002477
v -0.032000 0.388718 -0.066412
v -0.037232 0.463248 0.005385
v -0.031854 0.246781 0.159329
v -0.031940 0.246592 0.159237
v -0.032123 0.045209 -0.041972
v -0.032541 0.045406 -0.040471
v -0.036994 0.465376 -0.095810
v -0.028860 0.410005 -0.152781
v -0.036929 0.607413 -0.155748
v -0.031562 0.209331 -0.063194
v -0.031523 0.209074 -0.063222
v -0.024608 0.005992 -0.009260
v -0.036758 0.488429 0.052893
v -0.034462 0.054714 0.087180
v -0.032512 0.057505 0.082678
v -0.028828 0.315589 -0.055960
v -0.029350 0.315591 -0.056474
v -0.036588 0.436545 -0.033738
v -0.031002 0.501792 -0.037273
v -0.033094 0.504829 -0.037551
v -0.028865 0.306949 -0.048508
v -0.033751 0.309414 -0.052196
v -0.036446 0.056065 -0.017890
v -0.036446 0.056065 -0.017890
v -0.036425 0.112160 -0.058649
v -0.033310 0.099867 -0.054278
v -0.031185 0.501014 -0.037239
v -0.034497 0.036771 0.074084
v -0.032093 0.035601 0.075632
v -0.030552 0.308586 -0.153442
v -0.037160 0.310023 -0.157284
v -0.036123 0.474744 0.000486
v -0.036099 0.666555 -0.043240
v -0.029410 0.108597 0.113646
v -0.029318 0.108692 0.113420
v -0.035939 0.135983 -0.061354
v -0.035939 0.135983 -0.061354
v -0.030332 0.520263 -0.037711
v -0.030929 0.520279 -0.038256
v -0.031039 0.029967 -0.036273
v -0.033399 0.029815 -0.034729
v -0.029413 0.087387 -0.048471
v -0.029246 0.087313 -0.048429
v -0.035540 0.595044 -0.044020
v -0.033565 0.048864 -0.048143
v -0.035447 0.211240 0.153560
v -0.029921 0.390167 -0.064556
v -0.031467 0.017309 -0.032278
v -0.034963 0.087471 -0.065811
v -0.034963 0.087471 -0.065811
v -0.034866 0.148349 -0.062193
v -0.034866 0.148349 -0.062193
v -0.034382 0.148284 -0.062136
v -0.030588 0.338685 -0.050387
v -0.029530 0.334970 -0.048595
v -0.028762 0.592314 -0.039362
v -0.034746 0.054010 -0.058928
v -0.034746 0.054010 -0.058928
v -0.034705 0.477980 -0.102384
v -0.029738 0.268797 0.165825
v -0.029798 0.268450 0.165604
v -0.034510 0.034409 0.048354
v -0.034510 0.034409 0.048354
v -0.032549 0.030254 0.042782
v -0.030448 0.031249 0.045134
v -0.034453 0.484098 -0.066822
v -0.028492 0.374742 -0.058216
v -0.031185 0.377635 -0.058718
v -0.028521 0.374959 -0.058253
v -0.026188 0.414272 -0.155391
v -0.026678 0.414200 -0.155880
v -0.032126 0.392811 -0.152898
v -0.024961 0.394297 -0.155320
v -0.033845 0.478763 0.018590
v -0.023608 0.470575 0.072731
v -0.025191 0.393556 -0.155638
v -0.033691 0.453153 0.055475
v -0.033676 0.133458 -0.100662
v -0.033676 0.133458 -0.100662
v -0.028810 0.592335 -0.039196
v -0.029721 0.437170 -0.152237
v -0.025879 0.432582 -0.152377
v -0.028042 0.391235 -0.058025
v -0.029369 0.391287 -0.059343
v -0.032592 0.291702 0.180892
v -0.033476 0.125176 0.124619
v -0.033476 0.125176 0.124619
v -0.033476 0.125176 0.124619
v -0.033438 0.565274 0.168861
v -0.033434 0.335399 -0.088762
v -0.025320 0.345047 0.169682
v -0.025858 0.345807 0.170088
v -0.028601 0.430718 0.037994
v -0.017528 0.001483 0.023486
v -0.028423 0.611492 -0.039691
v -0.028426 0.611466 -0.039690
v -0.033234 0.072046 -0.072284
v -0.033234 0.072046 -0.072284
v -0.031565 0.072183 -0.071549
v -0.025405 0.345101 0.169640
v -0.028379 0.048092 -0.055842
v -0.033083 0.402946 0.035782
v -0.030061 0.520258 -0.037723
v -0.028565 0.292649 -0.058111
v -0.028362 0.293074 -0.057906
v -0.028026 0.292735 -0.057497
v -0.032917 0.433220 0.032897
v -0.027182 0.456006 -0.057713
v -0.019279 0.002240 0.003575
v -0.027251 0.410336 -0.151018
v -0.032683 0.100182 -0.053880
v -0.032683 0.100182 -0.053880
v -0.032644 0.418813 -0.015935
v -0.032558 0.521885 -0.063148
v -0.030197 0.632857 -0.040089
v -0.028506 0.630645 -0.040237
v -0.027078 0.410414 -0.151466
v -0.028231 0.007621 0.041175
v -0.029293 0.359239 0.158341
v -0.030260 0.359611 0.159100
v -0.032217 0.161039 -0.060968
v -0.032140 0.368246 -0.022278
v -0.018245 0.435254 0.008362
v -0.030703 0.001087 -0.012541
v -0.032072 -0.001019 -0.014977
v -0.021590 0.008974 -0.006869
v -0.029492 0.351987 -0.035240
v -0.031995 0.340307 -0.034006
v -0.021507 0.008773 0.014823
v -0.031803 0.398794 -0.038750
v -0.026982 0.456010 -0.057789
v -0.026790 0.033493 -0.049462
v -0.029004 0.033923 -0.047317
v -0.027114 0.307696 -0.051111
v -0.026457 0.307409 -0.050081
v -0.031695 0.185212 -0.060696
v -0.027599 0.012519 -0.015282
v -0.031668 0.598552 -0.195373
v -0.026782 0.315233 -0.054185
v -0.031633 0.246679 0.159207
v -0.030144 0.390233 -0.064647
v -0.031265 0.501525 0.054893
v -0.031509 0.449657 -0.105169
v -0.027243 0.337416 -0.028726
v -0.024200 0.333862 -0.030884
v -0.031396 0.051400 0.041428
v -0.031354 0.226274 -0.067245
v -0.030930 0.236407 -0.068181
v -0.029621 0.667903 -0.040921
v -0.026522 0.473166 -0.057975
v -0.026526 0.473132 -0.057974
v -0.031283 0.502258 -0.036922
v -0.031306 0.502319 -0.037769
v -0.022791 0.368164 0.165136
v -0.022897 0.367585 0.162850
v -0.031166 0.209236 -0.063022
v -0.031073 0.435203 -0.021622
v -0.026193 0.443455 0.039205
v -0.026201 0.443428 0.039203
v -0.027840 0.334192 -0.052000
v -0.029838 0.607802 -0.193682
v -0.028390 0.334993 -0.163148
v -0.030509 0.308569 -0.153373
v -0.030509 0.308569 -0.153373
v -0.030509 0.308569 -0.153373
v -0.030401 0.249252 -0.066897
v -0.030379 0.346756 -0.149309
v -0.028114 0.492551 -0.058099
v -0.026449 0.490328 -0.058271
v -0.030309 0.094494 -0.081203
v -0.030190 0.422258 0.021623
v -0.023119 0.046277 -0.037437
v -0.028733 0.047940 -0.030493
v -0.030140 0.613111 -0.065723
v -0.030091 0.018718 0.004587
v -0.030091 0.018718 0.004587
v -0.024055 0.036662 0.041316
v -0.024496 0.037383 0.041282
v -0.026078 0.391501 0.138605
v -0.022768 0.388014 0.140735
v -0.021980 0.034774 -0.031609
v -0.021745 0.033729 -0.031946
v -0.023593 0.038618 0.072539
v -0.023824 0.039083 0.073033
v -0.028682 0.052230 0.091032
v -0.023631 0.055420 0.085526
v -0.029754 0.463363 -0.014995
v -0.029254 0.393864 0.016529
v -0.029175 0.108687 0.113527
v -0.029175 0.108687 0.113527
v -0.029167 0.268698 0.165356
v -0.029167 0.268698 0.165356
v -0.029161 0.423070 -0.013350
v -0.027430 0.523895 -0.058547
v -0.028751 0.375205 -0.057946
v -0.028909 0.375384 -0.058751
v -0.029096 0.087444 -0.048411
v -0.029096 0.087444 -0.048411
v -0.029071 0.458428 -0.065184
v -0.029029 0.467578 -0.218481
v -0.024109 0.414241 -0.153611
v -0.028775 0.631051 -0.040526
v -0.023509 0.394046 -0.154787
v -0.023663 0.394114 -0.154735
v -0.023905 0.393562 -0.154644
v -0.028666 0.612330 -0.062619
v -0.024210 0.393440 0.158274
v -0.023242 0.388951 0.161520
v -0.022699 0.051726 -0.050295
v -0.028374 0.478938 0.038532
v -0.023542 0.517569 -0.040268
v -0.025057 0.517911 -0.041399
v -0.025687 0.458728 0.040713
v -0.024352 0.456336 0.040319
v -0.023361 0.344649 0.167875
v -0.028170 0.462785 -0.122075
v -0.023637 0.344788 0.167494
v -0.023735 0.344372 0.167448
v -0.027680 0.012562 -0.014636
v -0.027828 0.391237 -0.057902
v -0.024099 0.009301 0.016032
v -0.027676 0.335631 -0.050160
v -0.027224 0.335143 -0.051318
v -0.027721 0.283096 0.172527
v -0.027721 0.283096 0.172527
v -0.027670 0.012403 -0.014977
v -0.027618 0.065243 -0.053789
v -0.027618 0.065243 -0.053789
v -0.022733 0.364701 -0.019513
v -0.024841 0.367608 -0.018512
v -0.026454 0.523670 -0.018222
v -0.023182 0.360545 0.160444
v -0.027136 0.363268 0.165355
v -0.026931 0.485766 0.114160
v -0.026912 0.469174 -0.109450
v -0.026909 0.423674 -0.110572
v -0.026712 0.490744 -0.058554
v -0.026444 0.433761 -0.151839
v -0.026202 0.433533 -0.152843
v -0.026728 0.315217 -0.054143
v -0.010399 0.484397 0.006139
v -0.021443 0.367842 0.163882
v -0.026336 0.597261 0.200624
v -0.025989 0.307388 -0.050253
v -0.021498 0.367942 0.164032
v -0.019247 0.037619 -0.045685
v -0.019775 0.037815 -0.046384
v -0.021335 0.420483 0.130456
v -0.023462 0.423349 0.129587
v -0.020557 0.470002 -0.155907
v -0.022759 0.473039 -0.156188
v -0.021246 0.380778 -0.012740
v -0.021249 0.380752 -0.012749
v -0.020641 0.469479 -0.155893
v -0.026007 0.525483 0.200260
v -0.025808 0.303536 0.174843
v -0.025808 0.303536 0.174843
v -0.025641 0.565771 -0.002585
v -0.025629 0.540588 0.177469
v -0.019935 0.485655 -0.155996
v -0.021304 0.485711 -0.154675
v -0.020623 0.436597 0.124603
v -0.020625 0.436575 0.124608
v -0.015646 0.002389 -0.008221
v -0.021937 0.339288 -0.157648
v -0.024900 0.325354 -0.156385
v -0.025159 0.006936 0.016319
v -0.018397 -0.000242 0.020749
v -0.024779 0.437561 0.141800
v -0.024774 0.456757 -0.112711
v -0.024714 0.334427 -0.029805
v -0.024353 0.334560 -0.030941
v -0.024545 0.456811 0.040086
v -0.021361 0.389451 0.158442
v -0.024486 0.020997 -0.008748
v -0.023592 0.441652 0.038740
v -0.022099 0.455119 0.118862
v -0.020451 0.452912 0.119334
v -0.024295 0.458919 -0.097428
v -0.014688 -0.002747 0.033039
v -0.021771 0.399333 -0.005810
v -0.020236 0.397095 -0.006402
v -0.022187 0.482079 0.042222
v -0.014061 0.011193 0.020937
v -0.015990 0.011061 0.019215
v -0.024063 0.414246 -0.153559
v -0.024023 0.432103 -0.142297
v -0.018299 0.431091 0.165154
v -0.020720 0.434141 0.165562
v -0.018304 0.430994 0.165146
v -0.021801 0.000915 -0.000048
v -0.017773 0.011951 -0.002217
v -0.023642 0.394068 -0.154546
v -0.023635 0.037809 0.040594
v -0.023635 0.037809 0.040594
v -0.016036 0.004959 -0.014347
v -0.022230 0.558082 -0.165579
v -0.023207 0.517190 -0.040224
v -0.023463 0.023241 -0.028599
v -0.023463 0.023241 -0.028599
v -0.022908 0.388735 0.140808
v -0.023246 0.388706 0.139684
v -0.023347 0.046035 -0.037959
v -0.023347 0.046035 -0.037959
v -0.023347 0.046035 -0.037959
v -0.023097 0.365323 -0.018905
v -0.023059 0.365670 -0.019535
v -0.022971 0.055880 0.085257
v -0.022971 0.055880 0.085257
v -0.022971 0.055880 0.085257
v -0.018071 0.546674 -0.156384
v -0.018109 0.546679 -0.156549
v -0.022854 0.075076 0.094873
v -0.022854 0.075076 0.094873
v -0.021050 0.485294 0.110675
v -0.022708 0.039461 0.072280
v -0.022708 0.039461 0.072280
v -0.022686 0.621781 0.152164
v -0.012484 0.553893 0.151614
v -0.017086 0.448574 0.164573
v -0.021245 0.448805 0.163278
v -0.019807 0.485663 -0.155904
v -0.022574 0.033411 -0.033076
v -0.022574 0.033411 -0.033076
v -0.022507 0.051721 -0.050321
v -0.022507 0.051721 -0.050321
v -0.022507 0.051721 -0.050321
v -0.022465 0.425728 0.020904
v -0.022427 0.603754 -0.163371
v -0.022318 0.061498 -0.040595
v -0.022318 0.061498 -0.040595
v -0.022160 0.360458 0.160986
v -0.021885 0.360454 0.161063
v -0.017430 0.561241 -0.156880
v -0.017436 0.561197 -0.156878
v -0.014452 0.007165 0.028046
v -0.021997 0.360627 0.161376
v -0.014316 0.012683 0.019595
v -0.016384 0.447592 0.170486
v -0.018889 0.446720 0.172570
v -0.018821 0.001138 0.022176
v -0.021715 0.421397 0.130583
v -0.021674 0.421153 0.129893
v -0.015879 0.424097 -0.096323
v -0.021651 0.349776 -0.157375
v -0.021521 0.588575 -0.129166
v -0.019664 0.429820 0.003614
v -0.020958 0.389677 0.159428
v -0.021371 0.390281 0.158282
v -0.005790 0.008613 0.010486
v -0.016013 0.484465 -0.158504
v -0.016720 0.484774 -0.157554
v -0.021145 0.613123 0.166465
v -0.018711 0.578077 -0.157160
v -0.017097 0.575819 -0.157306
v -0.020991 0.370967 -0.001197
v -0.020842 0.470477 -0.155572
v -0.020881 0.470574 -0.156402
v -0.020726 0.453257 0.118929
v -0.020787 0.544676 -0.062681
v -0.020521 0.397396 -0.005961
v -0.020575 0.594935 0.158673
v -0.020490 0.449863 -0.148356
v -0.012316 0.014429 -0.010865
v -0.014720 0.004639 -0.014093
v -0.017078 0.004505 -0.012071
v -0.019960 0.425250 -0.031503
v -0.019892 0.427328 -0.145024
v -0.016880 0.448577 0.164746
v -0.017709 0.604618 -0.157815
v -0.019408 0.543528 0.177766
v -0.019098 0.546468 0.220946
v -0.019086 0.015078 0.039211
v -0.019086 0.015078 0.039211
v -0.018702 0.431694 0.165715
v -0.018518 0.431560 0.164888
v -0.013789 0.517207 0.162325
v -0.013937 0.517236 0.162457
v -0.018738 0.038243 -0.045401
v -0.018738 0.038243 -0.045401
v -0.018373 0.496442 0.123586
v -0.017959 -0.004106 -0.021349
v -0.018214 0.426020 0.070346
v -0.012652 0.480150 0.187290
v -0.013101 0.537223 0.161655
v -0.013104 0.537200 0.161656
v -0.017760 0.012154 -0.002232
v -0.017760 0.012154 -0.002232
v -0.017760 0.012154 -0.002232
v -0.008564 0.005169 -0.002981
v -0.011454 0.001896 -0.017916
v -0.017608 0.426212 -0.002607
v -0.017577 0.398462 -0.041763
v -0.017352 0.576246 -0.157592
v -0.017470 0.303606 -0.036447
v -0.017115 0.513527 -0.021436
v -0.005810 0.000833 0.038142
v -0.008256 0.000433 -0.015548
v -0.007717 0.495788 0.028801
v -0.016718 0.448568 0.164626
v -0.014409 0.559464 0.160879
v -0.012764 0.557225 0.160765
v -0.016590 0.489513 0.132179
v -0.010385 -0.004739 -0.001179
v -0.016485 0.516137 0.195695
v -0.016261 0.447356 0.171136
v -0.015727 0.484208 -0.158891
v -0.006773 0.010866 -0.015345
v -0.009913 0.001300 -0.013593
v -0.007354 0.010478 -0.010250
v -0.007177 0.009512 0.032058
v -0.015292 0.010272 0.018493
v -0.002875 0.513993 -0.166353
v -0.015112 0.010484 0.018424
v -0.015112 0.010484 0.018424
v -0.015112 0.010484 0.018424
v -0.012455 -0.000564 0.033469
v -0.009267 -0.000629 -0.020138
v -0.013273 0.596069 0.159669
v -0.014994 0.016373 0.041017
v -0.014994 0.016373 0.041017
v -0.014986 0.570999 -0.058825
v -0.014880 0.554685 -0.100264
v -0.014572 0.588741 -0.212742
v -0.009838 0.513493 0.191763
v -0.009838 0.513505 0.191766
v -0.014626 0.025826 -0.003834
v -0.014626 0.025826 -0.003834
v -0.014606 0.606910 0.207232
v -0.014572 0.460851 0.178913
v -0.014350 0.493097 -0.093098
v -0.014036 0.002396 -0.009330
v -0.014160 0.012149 0.019906
v -0.014133 0.529245 -0.043770
v -0.014071 0.015816 -0.019220
v -0.007549 0.012452 -0.009291
v -0.013069 0.006437 -0.019096
v -0.013513 0.637416 -0.047183
v -0.013026 0.557631 0.160468
v -0.013147 0.538599 -0.226275
v -0.013113 0.471031 -0.085864
v -0.013047 0.006555 -0.019113
v -0.007966 0.533257 0.193612
v -0.007970 0.533230 0.193616
v -0.007625 0.000460 -0.019135
v -0.012137 0.401905 -0.063054
v -0.012060 0.014039 -0.011130
v -0.012060 0.014039 -0.011130
v -0.012060 0.014039 -0.011130
v -0.011998 0.591056 0.194296
v -0.000218 -0.001147 0.015749
v -0.008715 0.434215 0.039312
v -0.008588 -0.004485 -0.002441
v -0.011733 0.408084 0.104117
v -0.011490 0.416055 -0.181829
v -0.011475 0.350131 -0.033942
v -0.011240 0.470269 -0.080154
v -0.011153 0.422221 0.108794
v -0.010990 0.402198 -0.082672
v -0.000345 0.008470 0.010259
v -0.010890 0.016427 -0.028417
v -0.010890 0.016427 -0.028417
v -0.010813 0.591754 -0.119058
v -0.010724 0.425703 -0.108246
v -0.001378 0.004509 -0.001334
v -0.003613 0.001406 -0.002629
v -0.011928 0.003774 -0.002854
v -0.008022 0.555473 0.194080
v -0.006503 0.553177 0.193844
v -0.010060 0.567126 -0.015099
v -0.002285 0.005982 0.007220
v -0.008947 -0.003986 -0.013644
v -0.009019 0.403402 -0.018231
v -0.005539 0.008569 -0.019909
v -0.003731 0.008099 -0.019694
v -0.008917 0.588529 0.190699
v -0.008842 0.387969 0.048906
v -0.008825 0.440413 -0.071871
v 0.000459 -0.001285 -0.021368
v -0.007356 -0.001772 -0.025030
v -0.008581 0.390203 -0.027422
v -0.008345 0.005751 -0.003148
v -0.003450 -0.003671 0.010719
v -0.008127 0.620940 -0.166075
v -0.008108 0.600950 0.248497
v 0.000265 0.005756 0.001064
v -0.007788 0.623014 -0.063470
v -0.002632 0.547826 -0.048148
v -0.006824 -0.003235 0.018007
v -0.006796 0.567050 -0.118736
v -0.004599 -0.004837 -0.000390
v -0.007497 -0.005304 -0.001348
v -0.007405 0.665956 -0.007692
v -0.005586 0.591898 0.196271
v -0.007265 0.010485 0.031847
v -0.007265 0.010485 0.031847
v -0.007265 0.010485 0.031847
v -0.007260 0.010871 -0.010270
v -0.007260 0.010871 -0.010270
v -0.006964 0.551804 -0.018214
v -0.006855 0.458065 0.206125
v -0.006751 0.553624 0.193560
v -0.006606 0.010618 -0.015474
v -0.006606 0.010618 -0.015474
v -0.006606 0.010618 -0.015474
v -0.006579 0.413429 -0.070983
v -0.006554 0.433759 0.057330
v 0.001761 0.005835 0.009109
v -0.006376 0.439376 -0.007550
v -0.001612 0.006123 0.000502
v -0.003513 0.004852 0.002830
v -0.005356 0.350202 0.142326
v -0.005289 0.476492 -0.077801
v -0.005284 0.425634 -0.117044
v -0.002479 -0.004759 0.007786
v -0.005619 0.661723 -0.012807
v -0.005048 0.586188 -0.135748
v -0.005003 -0.005563 -0.008176
v -0.004851 -0.005467 -0.008165
v 0.001245 0.015212 0.004881
v -0.004697 0.451196 -0.062774
v -0.004654 0.442364 -0.097322
v 0.007514 0.003571 0.021230
v -0.004416 0.563007 -0.209769
v 0.026507 0.511328 0.189183
v -0.003927 0.481839 0.006861
v -0.003553 0.494688 -0.183394
v 0.006888 0.009460 0.017317
v -0.003480 0.018499 0.026471
v -0.003469 0.006577 -0.011560
v -0.003427 0.006553 -0.011432
v -0.002507 0.490382 0.074051
v -0.003072 0.561216 -0.210016
v 0.002500 0.025317 0.028308
v 0.000314 0.024084 0.030489
v -0.002871 0.512451 -0.035938
v -0.002695 0.622639 -0.086012
v -0.002628 -0.005575 -0.018401
v -0.002628 -0.005575 -0.018401
v -0.002282 0.411758 -0.118511
v -0.002118 0.006352 0.007113
v -0.001803 0.377726 0.001658
v 0.002071 0.040313 -0.053424
v -0.002009 0.007106 -0.004767
v -0.001487 0.548739 0.222098
v 0.003233 0.543675 -0.170258
v 0.003234 0.543672 -0.170258
v -0.001277 0.004733 -0.001339
v 0.000347 0.371003 -0.009045
v 0.006337 0.012990 0.015024
v 0.000095 0.002915 -0.005242
v -0.000576 0.597240 -0.214475
v 0.002577 0.039636 -0.055436
v 0.003436 0.028663 -0.049223
v 0.004796 0.029746 -0.047938
v -0.000330 0.440879 0.184458
v 0.002323 0.002438 0.016453
v -0.000039 0.402254 -0.034937
v 0.000136 0.398008 0.039577
v 0.000321 0.005906 0.001043
v -0.000252 0.414896 -0.118468
v 0.000337 0.000702 -0.020677
v 0.000540 -0.001199 -0.021272
v 0.000540 -0.001199 -0.021272
v 0.000622 0.006196 0.019508
v 0.000720 0.006168 0.019652
v 0.008227 0.020070 0.031515
v 0.007922 0.019556 0.030410
v 0.001376 0.015155 0.004651
v 0.001376 0.015155 0.004651
v 0.001376 0.015155 0.004651
v 0.001785 0.006125 0.009148
v 0.002023 -0.001145 -0.003403
v 0.002023 -0.001145 -0.003403
v 0.002023 -0.001145 -0.003403
v 0.002023 -0.001145 -0.003403
v 0.009697 0.484155 0.112854
v 0.006682 0.035476 0.035896
v 0.005656 0.035595 0.036213
v 0.002412 0.357478 0.011428
v 0.002555 0.506880 -0.094201
v 0.007263 0.560802 -0.172678
v 0.007262 0.560804 -0.172680
v 0.002734 0.483495 -0.011303
v 0.002958 0.003634 0.010065
v 0.002958 0.003634 0.010065
v 0.003095 0.409400 -0.127110
v 0.003390 0.498304 -0.089829
v 0.003551 0.481955 -0.013519
v 0.006399 0.076116 -0.070666
v 0.008698 0.075861 -0.069224
v 0.008363 0.582633 -0.053881
v 0.008361 0.582616 -0.053879
v 0.004144 0.441662 -0.011874
v 0.004164 0.418234 -0.061405
v 0.004692 0.516758 -0.033759
v 0.005648 0.036889 -0.063782
v 0.005011 0.487514 0.006802
v 0.005094 0.584235 -0.060574
v 0.005199 0.567921 -0.102013
v 0.005408 0.315905 0.018190
v 0.006746 0.002384 -0.007365
v 0.013425 0.025390 -0.052065
v 0.012613 0.025827 -0.051494
v 0.006230 0.447505 -0.151486
v 0.005963 0.461520 0.101734
v 0.006226 0.588058 -0.131186
v 0.006301 0.455460 -0.048829
v 0.006467 0.380960 0.013402
v 0.006499 0.013411 0.014702
v 0.006499 0.013411 0.014702
v 0.013017 0.039547 -0.057921
v 0.009140 0.580623 -0.175286
v 0.010412 0.578230 -0.174817
v 0.006615 0.593055 0.195273
v 0.007221 0.453843 -0.161003
v 0.006924 0.002302 0.016289
v 0.011539 0.418289 0.142588
v 0.007057 0.599176 -0.051904
v 0.007098 0.553950 -0.186609
v 0.007099 0.561714 -0.178775
v 0.008524 0.484488 -0.012716
v 0.007383 0.006176 -0.032367
v 0.007384 0.587705 -0.038082
v 0.013797 0.031305 0.039166
v 0.007427 0.030637 0.045215
v 0.007465 0.575547 -0.178144
v 0.007581 0.382832 -0.147817
v 0.007829 0.457294 -0.041608
v 0.007948 0.524168 -0.133953
v 0.008257 -0.005983 -0.004055
v 0.008442 -0.005927 -0.003994
v 0.015526 0.071446 -0.072295
v 0.015824 0.070314 -0.073086
v 0.008596 0.596410 -0.250704
v 0.017822 0.000592 -0.024453
v 0.011070 0.001322 -0.027666
v 0.009013 -0.006882 -0.008416
v 0.009013 -0.006882 -0.008416
v 0.009311 0.592218 0.238571
v 0.012828 0.084974 -0.080015
v 0.013925 0.084946 -0.079151
v 0.009453 0.018148 0.032090
v 0.009453 0.018148 0.032090
v 0.012859 0.010387 -0.022985
v 0.010433 0.010502 -0.024433
v 0.010456 0.626610 -0.099373
v 0.009686 0.458808 -0.253726
v 0.009892 0.514802 0.220875
v 0.010211 0.578671 -0.174570
v 0.010691 0.486171 0.063745
v 0.015203 0.601800 -0.056848
v 0.015207 0.601816 -0.056852
v 0.010683 0.569552 0.196585
v 0.011040 0.425841 0.042936
v 0.011068 0.381325 0.041751
v 0.011106 0.419533 -0.021143
v 0.027244 0.614102 -0.153362
v 0.011534 0.339415 -0.004036
v 0.010895 0.039667 -0.055798
v 0.011558 0.052156 -0.061004
v 0.019510 0.078274 -0.081163
v 0.012100 0.077076 -0.085584
v 0.011899 0.408421 0.028998
v 0.015563 -0.002455 0.004757
v 0.012680 0.653329 -0.057009
v 0.014635 0.612478 -0.178327
v 0.015154 -0.004644 0.014099
v 0.019266 0.006185 0.016081
v 0.013116 0.565040 -0.019963
v 0.021657 -0.006191 -0.001438
v 0.013184 0.025723 -0.051760
v 0.013184 0.025723 -0.051760
v 0.013211 0.039459 -0.057934
v 0.013211 0.039459 -0.057934
v 0.014119 0.497717 0.180672
v 0.017428 0.586649 -0.131858
v 0.014196 0.568337 -0.080623
v 0.014780 0.029934 0.039996
v 0.014780 0.029934 0.039996
v 0.014780 0.029934 0.039996
v 0.018348 0.587577 -0.139125
v 0.015462 0.536740 0.241790
v 0.015494 0.529541 0.191258
v 0.015539 0.071464 -0.072155
v 0.015539 0.071464 -0.072155
v 0.016652 0.004161 0.015926
v 0.026433 0.536854 0.138287
v 0.018807 0.004876 -0.002388
v 0.016129 -0.005392 0.017537
v 0.016203 -0.005307 0.017589
v 0.017463 0.454625 -0.005656
v 0.019867 0.453109 -0.005280
v 0.016304 0.465267 0.119753
v 0.019511 0.012635 -0.001642
v 0.017243 0.011877 -0.003371
v 0.015010 0.673655 -0.049340
v 0.016574 0.461598 -0.058655
v 0.016741 0.552427 0.269970
v 0.025683 0.003227 -0.003083
v 0.018468 0.002950 -0.006890
v 0.019952 0.623973 -0.060004
v 0.020986 0.621516 -0.059516
v 0.017218 0.581181 -0.236131
v 0.019139 0.068404 0.057866
v 0.020753 0.066681 0.059599
v 0.017550 0.501614 -0.238098
v 0.017816 0.000031 -0.024473
v 0.017816 0.000031 -0.024473
v 0.022566 -0.001796 -0.022097
v 0.018064 0.446533 -0.008381
v 0.019745 0.009402 -0.019559
v 0.019487 0.453354 -0.005658
v 0.021729 0.106530 -0.103811
v 0.023433 0.107379 -0.102346
v 0.018560 0.449678 0.035998
v 0.021574 0.116503 -0.108428
v 0.022282 0.116949 -0.107282
v 0.019310 0.006335 0.016081
v 0.019341 0.392875 -0.138968
v 0.020240 0.075849 -0.081757
v 0.019538 0.078197 -0.080946
v 0.019538 0.078197 -0.080946
v 0.019608 0.006185 0.003906
v 0.019608 0.006185 0.003906
v 0.024904 0.082433 0.060569
v 0.018382 0.079553 0.065718
v 0.019954 0.597182 0.228076
v 0.019477 0.601840 0.180543
v 0.020023 0.546169 -0.237269
v 0.020425 0.043776 0.043756
v 0.020425 0.043776 0.043756
v 0.020465 0.527133 -0.262284
v 0.020824 0.621955 -0.059268
v 0.046090 0.487196 -0.063563
v 0.021340 -0.006758 0.017933
v 0.021407 -0.006710 0.018017
v 0.026116 0.437582 -0.000732
v 0.026142 0.437507 -0.000711
v 0.021686 -0.006467 -0.001337
v 0.023909 0.147593 -0.118978
v 0.025514 0.147964 -0.117020
v 0.024964 0.196568 -0.121758
v 0.022001 0.394928 -0.135504
v 0.024460 0.168905 -0.122042
v 0.026673 0.168843 -0.124638
v 0.022507 0.542876 -0.152192
v 0.022562 0.581328 0.215141
v 0.024577 0.006390 -0.010911
v 0.023432 0.008844 -0.007142
v 0.023116 0.548903 -0.243191
v 0.023160 0.513182 -0.247734
v 0.025762 -0.002802 -0.006190
v 0.023789 0.001278 0.000877
v 0.024036 0.357002 -0.018928
v 0.025760 0.442550 -0.108781
v 0.029475 0.066210 0.055970
v 0.029169 0.066132 0.056086
v 0.031585 0.103487 -0.106312
v 0.030994 0.104020 -0.105927
v 0.033533 -0.000259 0.021769
v 0.033348 0.000389 0.020772
v 0.025138 0.469818 -0.126758
v 0.024981 0.113539 -0.116282
v 0.026245 0.011689 0.001487
v 0.031638 0.115577 -0.110661
v 0.027266 0.116953 0.078814
v 0.029231 0.116276 0.080902
v 0.027436 0.418144 -0.114888
v 0.029345 0.416112 -0.115312
v 0.025917 0.002004 -0.013234
v 0.025508 0.422199 -0.121612
v 0.025541 0.084609 -0.091691
v 0.032654 0.078486 0.064651
v 0.025379 0.075194 0.070823
v 0.025737 0.002741 -0.003092
v 0.025737 0.002741 -0.003092
v 0.025737 0.002741 -0.003092
v 0.025865 -0.003000 -0.006246
v 0.025865 -0.003000 -0.006246
v 0.025865 -0.003000 -0.006246
v 0.026021 0.480724 0.019079
v 0.026051 0.361150 0.011093
v 0.030916 0.402952 -0.119247
v 0.030915 0.402905 -0.119260
v 0.026146 0.576900 -0.150277
v 0.026203 0.274775 -0.018205
v 0.026211 0.418522 -0.072316
v 0.026432 0.592785 -0.236300
v 0.026674 0.626475 -0.143665
v 0.026171 0.082538 0.060162
v 0.031913 0.009118 0.019450
v 0.025218 0.009229 0.023456
v 0.026893 0.602271 -0.266264
v 0.028986 0.660414 -0.063680
v 0.026854 0.325718 -0.181366
v 0.032161 0.389745 -0.123423
v 0.032160 0.389776 -0.123416
v 0.032823 0.146760 -0.120607
v 0.032707 0.146538 -0.120572
v 0.027445 0.364706 0.070104
v 0.033364 -0.002896 0.009805
v 0.028120 0.006824 0.006803
v 0.027885 0.497929 -0.153830
v 0.028115 0.301235 -0.207996
v 0.033510 0.169000 -0.123702
v 0.028159 0.516191 -0.143751
v 0.032671 0.422059 0.004244
v 0.032647 0.422109 0.004227
v 0.028520 0.608045 -0.304500
v 0.030635 0.008240 0.011875
v 0.029016 0.416416 -0.114906
v 0.029748 0.368323 -0.204219
v 0.029049 0.589050 -0.233431
v 0.031463 0.038686 -0.074077
v 0.030020 0.035254 -0.076638
v 0.031158 0.244211 -0.141375
v 0.036949 0.241124 -0.144136
v 0.029340 0.429691 -0.009289
v 0.034876 0.360456 -0.131008
v 0.037698 0.242101 -0.143927
v 0.029504 0.524077 -0.051066
v 0.029509 0.066176 0.056054
v 0.029509 0.066176 0.056054
v 0.030062 0.009976 -0.041049
v 0.030994 0.382085 -0.173697
v 0.033312 0.130762 0.077568
v 0.034155 0.129303 0.072467
v 0.034302 0.052012 -0.092316
v 0.031094 0.104057 -0.105789
v 0.031094 0.104057 -0.105789
v 0.031216 0.363770 -0.076261
v 0.033486 0.051077 -0.093033
v 0.031026 0.115718 -0.110388
v 0.031326 0.115782 -0.110309
v 0.036658 0.113973 0.077101
v 0.036807 0.114230 0.076935
v 0.031576 0.455735 0.033719
v 0.031576 0.115649 -0.110490
v 0.031579 0.438859 -0.110687
v 0.038762 0.262396 -0.151274
v 0.038891 0.263637 -0.146780
v 0.031738 0.375480 -0.082823
v 0.031918 0.441958 -0.106687
v 0.031967 0.507018 -0.195213
v 0.038184 0.332996 -0.144774
v 0.030790 0.500947 0.028061
v 0.032204 0.380242 -0.035417
v 0.032421 0.078998 0.064179
v 0.032421 0.078998 0.064179
v 0.032421 0.078998 0.064179
v 0.032490 0.359035 0.028040
v 0.034981 0.257474 -0.150466
v 0.036143 0.257631 -0.149644
v 0.032557 0.090724 0.072390
v 0.032557 0.090724 0.072390
v 0.037351 0.060114 -0.068368
v 0.056392 0.345434 -0.137160
v 0.052658 0.537642 -0.089582
v 0.033167 0.146578 -0.120807
v 0.033167 0.146578 -0.120807
v 0.033614 0.193215 -0.124381
v 0.033245 0.184749 -0.123408
v 0.033334 -0.001324 0.021871
v 0.033334 -0.001324 0.021871
v 0.033347 -0.003108 0.009796
v 0.033347 -0.003108 0.009796
v 0.033333 -0.002676 0.009499
v 0.033499 0.480840 -0.001302
v 0.033531 0.384368 -0.116006
v 0.038764 0.242033 -0.142224
v 0.039133 0.242011 -0.142745
v 0.033869 0.168871 -0.123929
v 0.033869 0.168871 -0.123929
v 0.033869 0.168871 -0.123929
v 0.042829 0.031442 -0.075933
v 0.033938 0.486456 0.032156
v 0.034092 0.440547 0.000344
v 0.039043 0.242172 -0.142771
v 0.039558 0.334024 -0.146360
v 0.038671 0.284424 -0.155602
v 0.039469 0.280609 -0.156855
v 0.034695 0.668332 -0.028265
v 0.034537 0.204698 -0.127628
v 0.036341 0.360356 -0.232918
v 0.034146 0.005408 0.019381
v 0.035466 0.270875 -0.193837
v 0.038512 0.059909 -0.068630
v 0.041156 0.318842 -0.150995
v 0.038508 0.321818 -0.150756
v 0.041145 0.319113 -0.150963
v 0.035752 0.538253 -0.154424
v 0.039369 0.089356 -0.147455
v 0.037801 0.091186 -0.146027
v 0.035996 0.607706 -0.273730
v 0.036203 0.508161 -0.152379
v 0.041694 0.126594 0.076115
v 0.041880 0.334263 -0.152612
v 0.041151 0.334230 -0.153338
v 0.037949 0.045489 -0.051765
v 0.036993 0.042124 -0.054416
v 0.036380 0.548508 -0.063467
v 0.041861 0.254294 -0.151215
v 0.036272 0.252048 -0.155666
v 0.036485 0.532194 -0.104906
v 0.036999 0.393563 -0.111433
v 0.037783 0.129598 0.081520
v 0.037179 0.114006 0.076752
v 0.037179 0.114006 0.076752
v 0.037183 0.013558 -0.019959
v 0.037183 0.013558 -0.019959
v 0.036763 0.043331 -0.098918
v 0.037481 0.441593 0.040079
v 0.044078 0.394950 -0.157391
v 0.043052 0.033735 -0.075240
v 0.037520 0.493949 0.047405
v 0.039830 0.333938 -0.145912
v 0.045393 0.047745 -0.094819
v 0.037987 0.455145 -0.178694
v 0.038243 0.586620 -0.109065
v 0.041070 0.280048 -0.153347
v 0.038449 0.473810 -0.013042
v 0.043587 0.393565 0.013532
v 0.080402 0.560243 -0.052093
v 0.041776 0.110648 -0.110509
v 0.039732 0.112350 -0.109375
v 0.043977 0.394976 -0.157140
v 0.042011 0.334237 -0.152942
v 0.039352 0.491989 -0.174501
v 0.040854 0.053080 -0.076473
v 0.039374 0.241843 -0.142767
v 0.039603 0.010168 0.045575
v 0.042181 0.213662 0.057318
v 0.044724 0.409450 -0.157770
v 0.044718 0.409406 -0.157770
v 0.040050 0.353454 -0.150785
v 0.040296 0.425724 -0.116754
v 0.040341 0.463974 -0.180199
v 0.040397 0.414729 -0.074771
v 0.040455 0.498546 0.054640
v 0.040714 0.319496 -0.150487
v 0.040922 0.319307 -0.151286
v 0.040727 0.477830 0.005062
v 0.040930 0.601589 -0.201807
v 0.051043 0.165415 0.067509
v 0.042824 0.165993 0.064543
v 0.045610 0.277917 -0.177017
v 0.048021 0.274315 -0.174305
v 0.043524 0.426215 -0.158070
v 0.045127 0.423952 -0.158213
v 0.041414 0.584967 -0.230019
v 0.041878 0.280892 -0.154189
v 0.041443 0.281481 -0.155404
v 0.042594 0.511974 -0.057786
v 0.041467 0.262805 -0.149043
v 0.041467 0.262805 -0.149043
v 0.051251 0.038962 -0.054134
v 0.042125 0.000540 -0.003378
v 0.042125 0.000540 -0.003378
v 0.042198 0.033012 -0.075442
v 0.042198 0.033012 -0.075442
v 0.046079 0.189871 0.057051
v 0.044295 0.190150 0.058445
v 0.042881 0.126292 0.075610
v 0.042352 0.126459 0.075590
v 0.042352 0.126459 0.075590
v 0.042546 0.253294 -0.152239
v 0.042356 0.253946 -0.151665
v 0.041707 0.253424 -0.152360
v 0.042766 0.318061 -0.172488
v 0.044631 0.452608 -0.159152
v 0.049662 0.058871 -0.071164
v 0.048959 0.089806 -0.144293
v 0.048398 0.089035 -0.144438
v 0.043565 0.568557 -0.207971
v 0.044048 0.602100 -0.080433
v 0.051550 0.042931 -0.052379
v 0.044987 0.471620 0.011936
v 0.041810 0.050638 -0.092762
v 0.044248 0.063659 -0.112820
v 0.044297 0.500338 -0.099374
v 0.046906 0.108600 -0.159305
v 0.046864 0.104112 -0.163211
v 0.044362 0.354923 -0.111488
v 0.044401 0.529314 -0.022856
v 0.047561 0.470318 -0.023502
v 0.044878 0.424373 -0.158497
v 0.044859 0.048515 -0.094508
v 0.044859 0.048515 -0.094508
v 0.045361 0.001506 0.003668
v 0.045361 0.001506 0.003668
v 0.072203 0.382569 -0.183983
v 0.045671 0.218893 0.047780
v 0.045581 0.009136 0.010110
v 0.045609 0.480281 -0.261079
v 0.045918 0.500372 -0.103004
v 0.045967 0.077080 -0.085063
v 0.045967 0.077080 -0.085063
v 0.046041 0.551507 -0.243611
v 0.053103 0.110073 -0.105676
v 0.052307 0.108280 -0.105800
v 0.052494 0.165215 0.066768
v 0.052735 0.165460 0.066819
v 0.054868 0.102490 -0.160387
v 0.047617 0.007660 0.040168
v 0.047617 0.007660 0.040168
v 0.047759 0.139417 0.071632
v 0.048000 0.275018 -0.174355
v 0.047633 0.274914 -0.175535
v 0.047937 0.276578 -0.222481
v 0.047977 0.088938 -0.145013
v 0.047977 0.088938 -0.145013
v 0.054054 0.191081 0.061030
v 0.054136 0.191457 0.060946
v 0.048243 0.464006 -0.179879
v 0.050080 0.564030 -0.125154
v 0.050275 0.605124 -0.254753
v 0.049089 0.528915 -0.252654
v 0.049222 0.059221 -0.070795
v 0.049222 0.059221 -0.070795
v 0.049222 0.059221 -0.070795
v 0.054021 0.300740 -0.189928
v 0.052407 0.303743 -0.191373
v 0.049623 0.451217 -0.163485
v 0.049770 0.041383 -0.053149
v 0.049770 0.041383 -0.053149
v 0.049911 0.451567 -0.162076
v 0.050163 0.341275 -0.096330
v 0.060159 0.368831 0.026249
v 0.050510 0.108411 -0.108081
v 0.050510 0.108411 -0.108081
v 0.050516 0.560199 -0.266216
v 0.052019 0.480590 -0.050367
v 0.054365 0.479042 -0.050030
v 0.050744 0.595802 -0.259575
v 0.051089 0.606058 -0.260153
v 0.051288 0.208395 0.055834
v 0.051217 0.212814 0.054891
v 0.051711 0.596763 -0.308519
v 0.054405 0.128722 -0.118928
v 0.056558 0.129050 -0.116395
v 0.055824 0.102241 -0.159502
v 0.056998 0.312254 -0.197744
v 0.056990 0.312236 -0.197734
v 0.055345 0.533389 -0.205768
v 0.052460 0.165286 0.066473
v 0.052716 0.611831 -0.298388
v 0.053073 0.583041 -0.246840
v 0.055017 0.566743 -0.253267
v 0.057073 0.564809 -0.253387
v 0.064837 0.269100 -0.213715
v 0.053996 0.479283 -0.050402
v 0.060763 0.120802 -0.120393
v 0.060472 0.121133 -0.120007
v 0.053618 0.617310 -0.080062
v 0.053771 0.191133 0.060482
v 0.053771 0.191133 0.060482
v 0.053832 0.604081 -0.259325
v 0.053826 0.301738 -0.190009
v 0.053780 0.301369 -0.190627
v 0.055667 0.537345 -0.133838
v 0.057882 0.535653 -0.134410
v 0.054436 0.230246 0.051991
v 0.062501 0.370816 0.026990
v 0.063085 0.370620 0.025838
v 0.055019 0.102064 -0.160335
v 0.055309 0.102292 -0.160091
v 0.057579 0.027779 0.008690
v 0.059386 0.026441 0.009625
v 0.055564 0.585152 -0.189899
v 0.058162 0.326126 -0.206670
v 0.059437 0.324089 -0.205344
v 0.055649 0.468612 -0.259537
v 0.055716 0.572597 -0.273744
v 0.060404 0.462468 -0.045547
v 0.060438 0.462361 -0.045519
v 0.060792 0.544126 -0.252545
v 0.060799 0.544072 -0.252543
v 0.056251 0.262572 -0.161033
v 0.056745 0.565166 -0.253678
v 0.056530 0.367417 -0.196450
v 0.061215 0.581459 -0.143813
v 0.060481 0.589393 -0.144095
v 0.057518 0.535871 -0.133985
v 0.057288 0.590247 -0.270708
v 0.061932 0.521612 -0.139863
v 0.061942 0.521554 -0.139883
v 0.057343 0.578371 -0.311979
v 0.057793 0.466568 -0.119104
v 0.058304 0.525631 -0.259782
v 0.058541 0.384129 0.049164
v 0.057194 0.427199 0.014138
v 0.058617 0.673185 -0.047377
v 0.063663 0.371081 0.026352
v 0.064747 0.044117 0.006144
v 0.057138 0.043686 0.011597
v 0.059288 0.324573 -0.205295
v 0.059610 0.602942 -0.173940
v 0.067324 0.275411 0.050859
v 0.068421 0.274408 0.049661
v 0.067364 0.274332 0.050551
v 0.064618 0.523338 -0.251532
v 0.064613 0.523373 -0.251534
v 0.060694 0.120848 -0.120036
v 0.060694 0.120848 -0.120036
v 0.060782 0.295458 -0.207479
v 0.062818 0.348778 -0.218415
v 0.061124 0.585376 -0.196331
v 0.065919 0.507578 -0.145819
v 0.065913 0.507625 -0.145802
v 0.063578 0.377592 -0.228388
v 0.061136 0.467049 0.012704
v 0.068202 0.021951 0.003026
v 0.068946 0.023586 0.003173
v 0.067238 0.446262 -0.040327
v 0.067231 0.446268 -0.040330
v 0.063270 0.396003 -0.121074
v 0.063317 0.549898 -0.238095
v 0.063643 0.019856 -0.009147
v 0.063495 0.476152 -0.162843
v 0.065706 0.150901 -0.197174
v 0.067964 0.151480 -0.195693
v 0.063814 0.593081 -0.244084
v 0.064411 0.516525 -0.060333
v 0.064523 0.517556 -0.174404
v 0.069403 0.273773 0.049555
v 0.069385 0.273526 0.049541
v 0.086103 0.470363 -0.078525
v 0.064598 0.528751 -0.276522
v 0.069283 0.274541 0.049261
v 0.064186 0.133135 -0.135370
v 0.064836 0.510032 -0.168891
v 0.070472 0.355907 0.031995
v 0.067316 0.358651 0.031199
v 0.068152 0.169748 -0.207471
v 0.070261 0.356854 0.031911
v 0.065092 0.409920 -0.046687
v 0.065277 0.115331 -0.175522
v 0.070640 0.488646 -0.249895
v 0.072812 0.298082 0.044313
v 0.072643 0.298465 0.048091
v 0.072812 0.040482 0.011313
v 0.063780 0.040305 0.017378
v 0.067970 0.169485 -0.207993
v 0.071408 0.371982 0.029234
v 0.070508 0.372160 0.030088
v 0.070302 0.045128 0.059455
v 0.068666 0.045498 0.061633
v 0.066231 0.549255 -0.301005
v 0.064843 0.044593 0.004466
v 0.066428 0.536937 -0.268095
v 0.066546 0.457702 0.019027
v 0.066708 0.023104 0.005375
v 0.066708 0.023104 0.005375
v 0.066785 0.242313 -0.181989
v 0.069498 0.287006 -0.240308
v 0.066943 0.395474 -0.134657
v 0.067169 0.450171 -0.027843
v 0.067171 0.498703 0.016418
v 0.098659 0.322957 -0.216704
v 0.067776 0.354176 -0.137369
v 0.067834 0.017358 -0.000033
v 0.068203 0.279630 -0.218606
v 0.072165 0.478237 -0.158408
v 0.071625 0.291271 0.046049
v 0.070939 0.291434 0.047553
v 0.071528 0.371980 0.029222
v 0.068769 0.352611 -0.233417
v 0.068857 0.504911 -0.144725
v 0.078845 0.254693 -0.229579
v 0.070457 0.254348 -0.229576
v 0.076033 0.147037 -0.199474
v 0.075644 0.147564 -0.199272
v 0.073922 0.435981 0.020498
v 0.073723 0.436049 0.020828
v 0.069036 0.401758 -0.138587
v 0.071018 0.229979 -0.223572
v 0.079097 0.229132 -0.226542
v 0.069122 0.522985 -0.253545
v 0.069216 0.480599 -0.032646
v 0.069340 0.412663 -0.110150
v 0.074218 0.452192 0.019069
v 0.074214 0.452164 0.019072
v 0.070107 0.356513 0.032215
v 0.069969 0.356553 0.031456
v 0.069546 0.593137 -0.294115
v 0.074904 0.297765 0.046087
v 0.076310 0.039280 0.062655
v 0.075595 0.038679 0.062238
v 0.070128 0.382131 0.046885
v 0.072542 0.470589 0.017423
v 0.074214 0.468350 0.017435
v 0.074784 0.297701 0.046115
v 0.073553 0.479399 -0.156687
v 0.075695 0.320156 0.042997
v 0.078258 0.316472 0.043333
v 0.070715 0.453840 0.024341
v 0.070754 0.506197 0.031667
v 0.070798 0.433355 -0.081058
v 0.070873 0.301854 -0.108148
v 0.070668 0.165778 -0.216493
v 0.073291 0.500096 0.014860
v 0.078032 0.168299 -0.210096
v 0.075405 0.132523 -0.134708
v 0.072006 0.488739 -0.166847
v 0.074254 0.308692 -0.166564
v 0.082043 0.453750 -0.247641
v 0.076952 0.286739 0.049781
v 0.077151 0.286151 0.050118
v 0.072609 0.040876 0.010731
v 0.072609 0.040876 0.010731
v 0.072609 0.040876 0.010731
v 0.073576 0.442545 -0.201423
v 0.076087 0.170827 -0.148639
v 0.077972 0.171187 -0.146793
v 0.073769 0.465010 -0.047214
v 0.073945 0.468754 0.017117
v 0.073916 0.057199 0.016586
v 0.073916 0.057199 0.016586
v 0.076453 0.191523 -0.152244
v 0.077614 0.191748 -0.150482
v 0.080294 0.254661 -0.230457
v 0.080368 0.254821 -0.230517
v 0.076206 0.087182 0.025601
v 0.077883 0.085875 0.026866
v 0.078293 0.416923 -0.029058
v 0.079433 0.316470 0.044302
v 0.080620 0.228985 -0.225650
v 0.080540 0.229185 -0.225711
v 0.075341 0.132283 -0.134692
v 0.075391 0.632155 -0.051399
v 0.075425 0.500514 0.039948
v 0.075599 0.147637 -0.198980
v 0.075599 0.147637 -0.198980
v 0.077631 0.276548 -0.163820
v 0.079459 0.276698 -0.161861
v 0.076575 0.569399 0.189612
v 0.076728 0.037836 0.063557
v 0.076728 0.037836 0.063557
v 0.076798 0.286787 0.049420
v 0.076798 0.286787 0.049420
v 0.076875 0.189573 -0.216770
v 0.077153 0.168222 -0.210421
v 0.076958 0.213623 -0.202441
v 0.076990 0.617341 0.176426
v 0.079254 0.251245 -0.162766
v 0.081043 0.251499 -0.160810
v 0.077597 0.391546 -0.042087
v 0.083307 0.454293 -0.246247
v 0.077843 0.451142 -0.193755
v 0.077118 0.302671 -0.157405
v 0.077991 0.168369 -0.209945
v 0.077991 0.168369 -0.209945
v 0.086908 0.346338 -0.239993
v 0.085853 0.346051 -0.239119
v 0.086537 0.346623 -0.241746
v 0.078158 0.388533 -0.074233
v 0.078169 0.572742 -0.184787
v 0.078207 0.339043 0.118990
v 0.078227 0.273627 -0.235053
v 0.077871 0.277808 -0.236056
v 0.078025 0.317225 0.044098
v 0.078174 0.316893 0.042956
v 0.083645 0.454253 -0.246248
v 0.078650 0.462458 -0.098604
v 0.085327 0.455591 -0.174553
v 0.079176 0.417122 -0.091125
v 0.083269 0.413990 -0.027470
v 0.086200 0.168448 -0.151150
v 0.085681 0.168732 -0.150759
v 0.079787 0.299105 -0.238556
v 0.080311 0.254702 -0.230681
v 0.080681 0.457621 -0.234218
v 0.086876 0.456554 -0.174759
v 0.086700 0.190949 -0.154448
v 0.080431 0.190290 -0.159966
v 0.080539 0.229134 -0.225462
v 0.080559 0.476852 -0.247402
v 0.086251 0.082036 0.021902
v 0.085824 0.081650 0.021846
v 0.080879 0.470345 -0.110092
v 0.084882 0.065336 0.063015
v 0.083102 0.066330 0.065420
v 0.086164 0.456576 -0.175645
v 0.081218 0.628909 0.187933
v 0.086845 0.277874 -0.165626
v 0.086794 0.277771 -0.165678
v 0.089020 0.370240 -0.243162
v 0.088484 0.370248 -0.243696
v 0.081583 0.377600 0.102131
v 0.081754 0.454980 0.015404
v 0.081792 0.582519 0.204136
v 0.084044 0.363789 -0.178290
v 0.086038 0.363705 -0.176918
v 0.090517 0.361495 -0.180984
v 0.088072 0.435670 -0.245047
v 0.085121 0.438555 -0.245292
v 0.088016 0.436218 -0.245044
v 0.082561 0.360346 -0.236606
v 0.087801 0.346408 -0.240809
v 0.088000 0.345806 -0.240433
v 0.088070 0.345658 -0.240427
v 0.088573 0.251135 -0.164613
v 0.088463 0.251055 -0.164606
v 0.088698 0.453540 -0.245573
v 0.084545 0.453649 -0.246837
v 0.082834 0.304124 -0.163329
v 0.083588 0.295319 -0.163361
v 0.083799 0.322021 0.087504
v 0.083817 0.510799 -0.039607
v 0.083826 0.582552 0.176795
v 0.084110 0.317188 -0.166076
v 0.093098 0.362389 -0.238653
v 0.087227 0.365194 -0.241428
v 0.089672 0.396603 -0.241308
v 0.092948 0.392600 -0.241343
v 0.090293 0.523999 -0.247535
v 0.089985 0.524023 -0.247586
v 0.090685 0.441712 -0.182133
v 0.087687 0.444513 -0.181713
v 0.092837 0.383891 -0.186392
v 0.092788 0.384526 -0.182659
v 0.085212 0.438616 -0.186214
v 0.090602 0.442280 -0.182092
v 0.085367 0.082072 0.022758
v 0.085367 0.082072 0.022758
v 0.090195 0.541377 -0.248310
v 0.090192 0.541351 -0.248308
v 0.091071 0.457638 -0.182733
v 0.090140 0.457685 -0.181789
v 0.085660 0.398562 -0.214995
v 0.086962 0.100499 0.027707
v 0.088472 0.098767 0.029613
v 0.085890 0.168735 -0.150727
v 0.085890 0.168735 -0.150727
v 0.088180 0.560922 -0.249041
v 0.089894 0.558713 -0.249146
v 0.088919 0.453543 -0.245382
v 0.091858 0.520494 -0.184638
v 0.091094 0.370033 -0.241358
v 0.086283 0.586620 -0.278797
v 0.086283 0.297080 0.052327
v 0.091850 0.360804 -0.179712
v 0.092171 0.360437 -0.180244
v 0.086617 0.604364 -0.080919
v 0.086359 0.191038 -0.153762
v 0.086712 0.190954 -0.154337
v 0.086438 0.191105 -0.153889
v 0.088540 0.592614 -0.250181
v 0.086858 0.438602 -0.109863
v 0.092293 0.060931 0.067140
v 0.086509 0.063866 0.071799
v 0.091705 0.520514 -0.184631
v 0.091843 0.361394 -0.179867
v 0.087036 0.277853 -0.165700
v 0.087036 0.277853 -0.165700
v 0.091889 0.535815 -0.185140
v 0.091885 0.535782 -0.185139
v 0.087676 0.436225 -0.244706
v 0.087632 0.436292 -0.245474
v 0.100505 0.395693 -0.016990
v 0.087413 0.438735 -0.175633
v 0.086897 0.400732 0.081641
v 0.089913 0.553314 -0.185548
v 0.091619 0.551103 -0.185680
v 0.087906 0.474072 -0.031106
v 0.090292 0.377532 -0.186186
v 0.091545 0.377149 -0.185332
v 0.088296 0.356493 0.132375
v 0.091207 0.457640 -0.182689
v 0.088478 0.417110 0.075340
v 0.090246 0.581198 -0.186447
v 0.088709 0.251101 -0.164630
v 0.088709 0.251101 -0.164630
v 0.093371 0.406021 -0.189515
v 0.091085 0.402105 -0.185906
v 0.088896 0.453536 -0.245536
v 0.089002 0.431335 0.059693
v 0.094163 0.361738 -0.239094
v 0.094306 0.361400 -0.239033
v 0.089620 0.559122 -0.249442
v 0.090184 0.442343 -0.181623
v 0.090420 0.442218 -0.182405
v 0.090019 0.350585 -0.258463
v 0.094971 0.383939 -0.184646
v 0.090018 0.449431 -0.280077
v 0.104303 0.536548 -0.057605
v 0.090137 0.407129 -0.004605
v 0.094818 0.383838 -0.184628
v 0.090443 0.538868 0.179134
v 0.090463 0.595824 -0.201796
v 0.094892 0.093493 0.025486
v 0.095258 0.093219 0.024786
v 0.090886 0.536825 -0.257563
v 0.090939 0.521814 -0.125590
v 0.096968 0.372512 -0.187550
v 0.090857 0.372460 -0.191738
v 0.091027 0.293009 0.075418
v 0.091149 0.370009 -0.241316
v 0.091348 0.551522 -0.185968
v 0.099749 0.396323 -0.014555
v 0.091233 0.272305 -0.209045
v 0.097096 0.318349 0.054796
v 0.097878 0.313697 0.054327
v 0.095157 0.559026 -0.151655
v 0.093444 0.237031 0.002373
v 0.092057 0.360739 -0.179834
v 0.092057 0.360739 -0.179834
v 0.092311 0.546271 -0.246185
v 0.092411 0.393403 -0.240662
v 0.092541 0.393264 -0.241837
v 0.092486 0.462383 -0.172421
v 0.092540 0.603712 -0.264483
v 0.092779 0.060359 0.067594
v 0.092779 0.060359 0.067594
v 0.092779 0.060359 0.067594
v 0.096179 0.401773 -0.188125
v 0.092808 0.589454 -0.252174
v 0.092984 0.593015 -0.200919
v 0.093255 0.522202 -0.246105
v 0.093311 0.339508 -0.160122
v 0.093694 0.084268 0.060998
v 0.093927 0.541726 -0.145095
v 0.094521 0.361572 -0.239353
v 0.094869 0.590951 -0.251748
v 0.094996 0.093441 0.025506
v 0.094996 0.093441 0.025506
v 0.095188 0.579750 -0.187414
v 0.095275 0.484902 -0.007042
v 0.095655 0.579851 -0.188668
v 0.096371 0.402584 -0.188340
v 0.095991 0.403258 -0.189556
v 0.096266 0.481811 -0.002678
v 0.096464 0.253297 -0.247582
v 0.101423 0.114586 0.029842
v 0.096627 0.525470 -0.178690
v 0.096634 0.519074 -0.183734
v 0.096802 0.522928 -0.052450
v 0.096829 0.401999 -0.188606
v 0.097138 0.371529 -0.188250
v 0.096927 0.372588 -0.187358
v 0.095283 0.372161 -0.189088
v 0.101546 0.396950 -0.015604
v 0.114682 0.465129 -0.050843
v 0.096124 0.242106 -0.006903
v 0.097922 0.476944 -0.135484
v 0.097824 0.314612 0.055136
v 0.097890 0.314268 0.053991
v 0.102311 0.214658 0.003111
v 0.100409 0.214579 0.004581
v 0.098445 0.437096 -0.246578
v 0.098462 0.429777 0.091941
v 0.099220 0.329458 -0.234983
v 0.099549 0.525323 -0.262845
v 0.099759 0.529468 -0.199860
v 0.100044 0.520963 -0.180542
v 0.100286 0.461276 -0.275190
v 0.100477 0.365594 0.086610
v 0.100521 0.394435 0.032837
v 0.100798 0.517756 -0.288636
v 0.101072 0.460773 -0.157606
v 0.101660 0.418935 -0.257414
v 0.105914 0.149856 0.018007
v 0.106039 0.190374 0.008868
v 0.103962 0.190565 0.010480
v 0.107755 0.398814 -0.234181
v 0.109440 0.394185 -0.234641
v 0.106743 0.136396 0.020631
v 0.104858 0.137069 0.022688
v 0.103191 0.253157 -0.001867
v 0.102547 0.237109 0.000083
v 0.103492 0.503805 -0.274086
v 0.103493 0.232949 0.001161
v 0.109756 0.217660 0.007102
v 0.109710 0.217944 0.006965
v 0.111274 0.298273 0.000925
v 0.107010 0.299649 -0.004251
v 0.105226 0.300251 -0.002873
v 0.107823 0.149873 0.017789
v 0.108886 0.398057 -0.210183
v 0.108360 0.394116 -0.209499
v 0.104124 0.441299 -0.214349
v 0.109745 0.382239 -0.009672
v 0.106472 0.384888 -0.010273
v 0.104241 0.445379 0.013196
v 0.104263 0.490719 0.013224
v 0.109432 0.383226 -0.009781
v 0.109993 0.398884 -0.011046
v 0.108725 0.398985 -0.009866
v 0.104445 0.382642 -0.148214
v 0.109029 0.343596 0.051953
v 0.107956 0.347130 0.051730
v 0.104625 0.389158 -0.161316
v 0.104742 0.487444 0.010846
v 0.104894 0.478668 -0.256830
v 0.105116 0.375077 -0.220495
v 0.105145 0.084877 0.064618
v 0.105145 0.084877 0.064618
v 0.110426 0.464817 -0.015385
v 0.110200 0.464844 -0.015243
v 0.110278 0.483900 -0.016217
v 0.110276 0.483874 -0.016216
v 0.105671 0.508367 0.160447
v 0.108165 0.505140 -0.016993
v 0.109891 0.502946 -0.017101
v 0.106070 0.348572 0.055124
v 0.107251 0.446127 -0.231067
v 0.106245 0.416393 -0.244658
v 0.109706 0.394128 -0.207138
v 0.108351 0.540008 -0.018451
v 0.110107 0.398885 -0.011014
v 0.115761 0.322338 0.000053
v 0.114833 0.322186 0.000887
v 0.107499 0.106024 0.026649
v 0.107499 0.106024 0.026649
v 0.109049 0.152361 0.026545
v 0.113761 0.191678 0.012864
v 0.113873 0.191948 0.012834
v 0.107806 0.445856 0.021147
v 0.107845 0.498213 0.028473
v 0.113493 0.296890 -0.000351
v 0.113488 0.296608 -0.000379
v 0.108103 0.461408 0.005668
v 0.113303 0.297815 -0.000698
v 0.109378 0.382800 -0.009410
v 0.109221 0.382892 -0.010165
v 0.114759 0.135724 0.024741
v 0.115113 0.135762 0.024949
v 0.108937 0.344530 0.052274
v 0.108960 0.344484 0.051550
v 0.109615 0.503346 -0.017397
v 0.109468 0.217611 0.006572
v 0.109468 0.217611 0.006572
v 0.109556 0.480182 -0.274558
v 0.109185 0.395029 -0.233933
v 0.109299 0.394945 -0.235048
v 0.109631 0.462510 -0.245898
v 0.116673 0.151215 0.022065
v 0.124255 0.484128 -0.013356
v 0.110169 0.481579 -0.246977
v 0.110322 0.394391 -0.207829
v 0.110043 0.394641 -0.209102
v 0.115877 0.360762 0.050033
v 0.115892 0.360802 0.050031
v 0.123227 0.558918 -0.016705
v 0.116658 0.345673 -0.000405
v 0.113225 0.341372 -0.002243
v 0.112024 0.450422 -0.243549
v 0.115517 0.314884 -0.001527
v 0.114690 0.314946 -0.000178
v 0.117022 0.322054 -0.000944
v 0.117029 0.321983 -0.001019
v 0.112669 0.565900 -0.294552
v 0.138290 0.552402 0.011848
v 0.113120 0.488191 0.034117
v 0.113228 0.296896 -0.000820
v 0.113228 0.296896 -0.000820
v 0.113297 0.319560 0.043038
v 0.118062 0.428410 -0.233473
v 0.116620 0.431872 -0.233379
v 0.113566 0.191702 0.012415
v 0.113566 0.191702 0.012415
v 0.113615 0.462885 0.032199
v 0.113685 0.165214 0.016914
v 0.115497 0.151014 0.020811
v 0.113963 0.492081 -0.268851
v 0.116642 0.129649 0.076504
v 0.117130 0.128509 0.078388
v 0.114945 0.135688 0.024684
v 0.114945 0.135688 0.024684
v 0.120612 0.309844 0.002347
v 0.120681 0.309143 0.002515
v 0.120227 0.341859 -0.000153
v 0.116138 0.151245 0.021256
v 0.116138 0.151245 0.021256
v 0.116190 0.374768 0.073393
v 0.116310 0.603620 0.196319
v 0.116842 0.376385 0.039437
v 0.116853 0.301715 0.043256
v 0.116983 0.561159 0.181663
v 0.117398 0.609100 0.168477
v 0.120273 0.381000 0.046875
v 0.121244 0.378430 0.047018
v 0.117868 0.429270 -0.233074
v 0.117913 0.429356 -0.233789
v 0.122601 0.420922 -0.218606
v 0.121706 0.424358 -0.219584
v 0.118343 0.603653 0.168979
v 0.123288 0.444996 -0.232668
v 0.123285 0.444988 -0.232667
v 0.118697 0.525550 -0.261939
v 0.119194 0.568734 -0.267928
v 0.119136 0.342845 0.000222
v 0.119411 0.342386 -0.000960
v 0.119957 0.513670 0.137814
v 0.119941 0.341673 -0.000511
v 0.120351 0.309998 0.001845
v 0.121715 0.309279 0.001350
v 0.135632 0.470091 0.024141
v 0.121210 0.457943 -0.240623
v 0.121225 0.343711 -0.229651
v 0.121082 0.378894 0.046655
v 0.124515 0.126945 0.076237
v 0.123959 0.125962 0.075740
v 0.121627 0.620668 0.179984
v 0.122265 0.539363 0.168250
v 0.163538 0.408739 -0.243407
v 0.124076 0.148454 0.090902
v 0.125049 0.146630 0.092380
v 0.122598 0.421907 -0.218514
v 0.122535 0.421711 -0.219210
v 0.124194 0.606178 0.169520
v 0.123084 0.414278 0.046603
v 0.123299 0.361084 -0.240919
v 0.140384 0.386556 -0.227334
v 0.123618 0.365503 0.098799
v 0.123649 0.490754 0.021982
v 0.123791 0.429236 -0.281851
v 0.126721 0.464398 -0.231785
v 0.127795 0.461909 -0.232070
v 0.124323 0.440345 0.026117
v 0.124675 0.578907 -0.207772
v 0.124719 0.495772 -0.242252
v 0.124960 0.559969 0.171317
v 0.125142 0.578358 -0.216756
v 0.125365 0.349937 0.044933
v 0.129793 0.436195 -0.225270
v 0.129800 0.436212 -0.225281
v 0.125899 0.554568 -0.027285
v 0.126104 0.126261 0.074628
v 0.126104 0.126261 0.074628
v 0.126185 0.366932 0.095023
v 0.126880 0.565642 -0.194268
v 0.129523 0.413584 0.044111
v 0.127638 0.462364 -0.232336
v 0.128318 0.511362 -0.185544
v 0.136570 0.517068 -0.262515
v 0.128847 0.519606 -0.273739
v 0.130483 0.578199 0.161720
v 0.132738 0.576516 0.161284
v 0.132795 0.167087 0.112700
v 0.129763 0.433206 -0.238112
v 0.142735 0.535508 0.021890
v 0.133422 0.145807 0.090052
v 0.133434 0.145498 0.089549
v 0.130333 0.562385 -0.203628
v 0.130502 0.586492 -0.280660
v 0.131013 0.498893 -0.258992
v 0.131778 0.349910 0.063537
v 0.133893 0.495395 -0.230907
v 0.132370 0.576747 0.161685
v 0.131958 0.618528 0.144248
v 0.135230 0.454725 -0.232019
v 0.136090 0.452310 -0.231129
v 0.137271 0.561711 0.156610
v 0.137284 0.561648 0.156593
v 0.132831 0.573731 -0.267925
v 0.133068 0.426945 0.063204
v 0.134225 0.145679 0.089420
v 0.134225 0.145679 0.089420
v 0.141446 0.521406 -0.218344
v 0.134722 0.503497 -0.195502
v 0.140771 0.339488 0.013306
v 0.141511 0.334993 0.012185
v 0.136103 0.434347 -0.227442
v 0.141058 0.162210 0.107929
v 0.135986 0.452796 -0.230963
v 0.136214 0.437452 -0.167387
v 0.136536 0.354566 0.057013
v 0.136332 0.652537 0.122039
v 0.141824 0.546993 0.151184
v 0.141818 0.547033 0.151197
v 0.137852 0.560720 0.142407
v 0.139006 0.320898 0.051451
v 0.139060 0.318069 0.018195
v 0.139193 0.606165 0.116872
v 0.139336 0.494079 -0.226858
v 0.139372 0.437335 -0.240815
v 0.139678 0.373080 0.073705
v 0.140268 0.401207 -0.204161
v 0.140362 0.494143 -0.178700
v 0.140860 0.627213 0.160403
v 0.140912 0.345525 0.039870
v 0.141141 0.162270 0.108125
v 0.141636 0.556073 0.183696
v 0.141403 0.335769 0.013113
v 0.141525 0.335536 0.011905
v 0.145731 0.207017 0.112525
v 0.143897 0.207283 0.114638
v 0.141737 0.390524 -0.246296
v 0.141826 0.484674 -0.270538
v 0.142202 0.472661 0.145318
v 0.143142 0.398609 0.045905
v 0.145582 0.484815 -0.241349
v 0.143487 0.504537 -0.194826
v 0.152794 0.489175 -0.184795
v 0.150728 0.516519 0.140731
v 0.150821 0.516300 0.140633
v 0.156268 0.226323 0.117845
v 0.149169 0.227579 0.113170
v 0.153334 0.204839 0.116495
v 0.153152 0.204617 0.116249
v 0.147571 0.366292 0.019872
v 0.147784 0.439791 -0.240006
v 0.148405 0.507492 -0.238879
v 0.148776 0.503335 0.149416
v 0.153348 0.365912 0.016111
v 0.152319 0.369493 0.016451
v 0.147078 0.557172 0.145201
v 0.149895 0.645003 0.146438
v 0.150483 0.480421 -0.268796
v 0.151096 0.481818 -0.241215
v 0.151171 0.485908 -0.241246
v 0.151735 0.413718 0.070082
v 0.154632 0.340229 0.122501
v 0.157869 0.226086 0.116557
v 0.157749 0.226038 0.116648
v 0.152505 0.357087 0.068659
v 0.152665 0.401320 0.069944
v 0.153282 0.563511 -0.002625
v 0.153328 0.600870 0.204695
v 0.153248 0.366746 0.016567
v 0.153329 0.366890 0.015869
v 0.155422 0.287264 0.117923
v 0.163251 0.287285 0.114782
v 0.153656 0.204612 0.116616
v 0.153656 0.204612 0.116616
v 0.155686 0.310847 0.120720
v 0.157513 0.310524 0.122685
v 0.164645 0.491291 0.121766
v 0.159662 0.380122 0.018464
v 0.159670 0.380141 0.018468
v 0.155362 0.600903 0.177355
v 0.155752 0.559557 0.164715
v 0.157318 0.382722 0.033559
v 0.157274 0.334308 0.131037
v 0.158675 0.225882 0.115779
v 0.158588 0.388831 0.064851
v 0.158743 0.370921 0.031952
v 0.158795 0.503657 0.153121
v 0.166517 0.492665 0.121526
v 0.164839 0.286946 0.116007
v 0.164770 0.286924 0.115962
v 0.164799 0.311795 0.119143
v 0.164824 0.311663 0.118983
v 0.159400 0.396597 0.041868
v 0.160499 0.438607 0.007857
v 0.160098 0.364445 0.081497
v 0.160487 0.523396 0.193757
v 0.165651 0.492709 0.120371
v 0.160902 0.571338 0.180570
v 0.164058 0.397487 0.020942
v 0.164925 0.394932 0.020460
v 0.161539 0.247323 0.115214
v 0.161709 0.438900 -0.251368
v 0.161857 0.444104 0.088390
v 0.161979 0.557219 0.179693
v 0.162424 0.315455 -0.002340
v 0.164652 0.391407 0.114834
v 0.166653 0.391433 0.116501
v 0.171228 0.389222 0.112273
v 0.163456 0.336755 0.124887
v 0.163196 0.327477 0.123948
v 0.163264 0.563299 0.156384
v 0.163798 0.342041 -0.251665
v 0.164595 0.347523 0.123871
v 0.164910 0.286934 0.116048
v 0.164821 0.395422 0.020236
v 0.165130 0.582906 0.192078
v 0.165131 0.311769 0.118916
v 0.165131 0.311769 0.118916
v 0.165590 0.637183 0.116812
v 0.171247 0.477006 0.113583
v 0.168284 0.479786 0.114117
v 0.171178 0.477659 0.113643
v 0.165854 0.368136 0.020638
v 0.171597 0.494445 0.113207
v 0.170888 0.494448 0.112540
v 0.174484 0.414452 0.110123
v 0.174334 0.413883 0.107881
v 0.166144 0.511268 0.119876
v 0.172467 0.563138 0.112356
v 0.172140 0.388608 0.113821
v 0.172575 0.388481 0.113236
v 0.172520 0.389061 0.113237
v 0.172428 0.563144 0.112536
v 0.168084 0.421221 0.026673
v 0.172960 0.582265 0.112647
v 0.172957 0.582231 0.112646
v 0.168656 0.452611 0.105397
v 0.171017 0.406686 0.106269
v 0.172323 0.406322 0.107102
v 0.168755 0.596367 0.106796
v 0.171708 0.494449 0.113014
v 0.171497 0.603608 0.113124
v 0.173155 0.601397 0.112887
v 0.169375 0.423360 0.029935
v 0.169384 0.409264 0.058469
v 0.173935 0.437926 0.103922
v 0.171667 0.433906 0.107433
v 0.170752 0.477619 0.114130
v 0.171014 0.477490 0.113331
v 0.170454 0.408327 0.082909
v 0.172247 0.638619 0.113047
v 0.175733 0.414070 0.108954
v 0.181840 0.370079 0.010793
v 0.173097 0.424507 0.024090
v 0.175745 0.414158 0.109066
v 0.171485 0.579375 0.114971
v 0.177744 0.401874 0.104982
v 0.171707 0.401545 0.100714
v 0.172679 0.388451 0.113340
v 0.172679 0.388451 0.113340
v 0.172897 0.601804 0.112617
v 0.172862 0.409920 -0.251435
v 0.176656 0.433595 0.105438
v 0.174493 0.645868 0.132966
v 0.175584 0.409760 -0.208354
v 0.177045 0.434452 0.105049
v 0.176610 0.435176 0.103842
v 0.177025 0.484490 -0.279858
v 0.177486 0.433914 0.104792
v 0.177511 0.374732 -0.000286
v 0.177606 0.423931 0.050713
v 0.178032 0.400734 0.104153
v 0.177773 0.401881 0.105070
v 0.175941 0.401348 0.103182
v 0.178166 0.520367 0.168567
v 0.178818 0.469492 -0.207770
v 0.179457 0.635204 0.136362
v 0.201942 0.566943 0.100294
v 0.182983 0.439608 -0.249326
v 0.183973 0.453007 -0.279416
v 0.184586 0.454404 -0.251835
v 0.190046 0.429038 0.079779
v 0.189598 0.425138 0.080493
v 0.186370 0.485724 -0.250566
v 0.191011 0.425200 0.082890
v 0.187886 0.482905 -0.219791
v 0.188010 0.503612 0.094743
v 0.188094 0.417970 0.042763
v 0.188762 0.556091 0.091868
v 0.189567 0.415370 -0.003909
v 0.191617 0.425458 0.082193
v 0.191312 0.425695 0.080903
v 0.193081 0.401557 0.049435
v 0.193148 0.374499 0.007213
v 0.195378 0.427583 0.013249
v 0.196350 0.456831 0.072974
v 0.204270 0.455193 0.069860
v 0.203254 0.458580 0.068851
v 0.200617 0.466426 0.065466
v 0.200759 0.615642 0.108689
v 0.202775 0.571768 0.101033
v 0.203149 0.465338 0.089980
v 0.204231 0.456185 0.069950
v 0.204169 0.455941 0.069259
v 0.204901 0.430294 0.037288
v 0.210347 0.469443 0.063144
v 0.210352 0.469456 0.063135
v 0.206281 0.510706 0.083632
v 0.208247 0.625879 0.098105
v 0.208287 0.409980 0.008918
v 0.214587 0.486744 0.055996
v 0.215541 0.484386 0.056976
v 0.213056 0.472193 0.034339
v 0.213311 0.426290 -0.010029
v 0.213477 0.610606 0.130599
v 0.214141 0.568072 0.096264
v 0.215429 0.484874 0.057117
v 0.227566 0.521062 0.009414
v 0.217149 0.634565 0.114260
v 0.221220 0.450214 0.039694
v 0.223440 0.514672 0.046466
v 0.222151 0.511246 0.090393
v 0.233723 0.520752 0.099011
v 0.228208 0.461782 -0.001681
v 0.229485 0.388968 0.030482
v 0.232472 0.454203 0.083388
v 0.232754 0.444241 0.054021
v 0.233643 0.545466 0.058776
v 0.234590 0.517013 0.059266
v 0.235700 0.503726 0.016690
v 0.239553 0.452748 0.071028
v 0.244895 0.549455 0.102471
v 0.249742 0.506602 0.023246
vn -0.6189 0.5740 -0.5362
vn -0.8421 0.3888 -0.3739
vn 0.6957 -0.6213 0.3607
vn 0.7591 -0.2696 0.5925
vn 0.4804 -0.8586 0.1789
vn -0.9608 0.0798 -0.2656
vn 0.2911 0.1330 -0.9474
vn 0.3065 0.3074 -0.9009
vn -0.0745 -0.0980 0.9924
vn -0.3031 -0.1465 0.9416
vn 0.1494 0.1785 -0.9725
vn 0.3774 0.4530 -0.8077
vn -0.0198 -0.4120 0.9110
vn -0.4606 -0.2197 0.8600
vn 0.2105 -0.0816 -0.9742
vn -0.3765 -0.2634 0.8882
vn -0.4463 0.0463 -0.8937
vn -0.2168 0.1206 -0.9688
vn -0.1325 -0.2128 0.9681
vn 0.1666 0.1489 0.9747
vn 0.1651 0.1485 0.9750
vn 0.1662 0.1481 0.9749
vn 0.6535 0.0232 0.7566
vn 0.6228 0.0287 0.7819
vn 0.6514 0.0236 0.7583
vn 0.6195 0.0292 0.7845
vn 0.6576 0.0246 -0.7530
vn 0.6552 0.0243 -0.7551
vn 0.6595 0.0265 -0.7512
vn 0.5999 0.0450 0.7988
vn 0.6052 0.0433 0.7949
vn 0.6027 0.0451 0.7967
vn 0.6263 0.0526 0.7778
vn 0.5904 0.0605 0.8048
vn 0.6263 0.0520 0.7778
vn 0.5895 0.0602 0.8055
vn 0.7643 0.6060 -0.2205
vn 0.3425 0.8668 -0.3623
vn -0.7316 -0.5580 0.3917
vn -0.3910 -0.9086 0.1471
vn -0.2226 -0.9375 -0.2675
vn -0.1298 0.9020 0.4117
vn 0.4279 0.2585 -0.8661
vn 0.5727 0.2622 -0.7767
vn -0.2776 -0.4810 0.8316
vn -0.4161 -0.2674 0.8691
vn 0.5308 0.3510 -0.7714
vn -0.3720 0.1544 -0.9153
vn -0.4406 0.0610 0.8956
vn 0.2713 -0.5967 0.7552
vn -0.7337 -0.4998 0.4604
vn -0.0770 0.9941 0.0758
vn -0.3777 -0.0444 -0.9248
vn -0.1700 0.0018 -0.9854
vn 0.4383 -0.0987 0.8934
vn 0.3330 0.0614 0.9409
vn 0.1641 -0.3156 -0.9346
vn 0.4275 -0.2247 -0.8757
vn -0.2065 0.2257 0.9520
vn -0.4613 0.3222 0.8266
vn 0.3438 -0.2137 0.9144
vn -0.9580 0.1844 -0.2196
vn 0.3100 -0.3163 -0.8966
vn 0.3628 -0.2242 0.9045
vn -0.2912 0.2799 0.9148
vn 0.6973 0.0387 0.7158
vn 0.6288 -0.3529 -0.6928
vn 0.5735 -0.3523 -0.7395
vn 0.6474 0.0626 0.7596
vn -0.5045 -0.6882 -0.5214
vn -0.6683 -0.3368 -0.6632
vn 0.4213 0.6259 0.6564
vn 0.7607 0.4042 0.5080
vn 0.0274 -0.7172 -0.6963
vn -0.2304 -0.5955 -0.7696
vn -0.1420 0.6254 0.7673
vn 0.1773 0.7482 0.6394
vn -0.1415 -0.6364 -0.7583
vn -0.4068 -0.1602 -0.8994
vn -0.0619 0.5438 0.8369
vn 0.6051 0.3853 0.6967
vn -0.5057 -0.2584 -0.8231
vn -0.2159 -0.1503 -0.9648
vn 0.4721 0.1243 0.8727
vn 0.2069 0.2677 0.9410
vn -0.5565 -0.7512 0.3549
vn -0.6768 0.7359 0.0193
vn -0.3951 -0.1400 -0.9079
vn -0.1854 -0.0485 -0.9815
vn 0.4478 0.0637 0.8919
vn 0.2369 0.1249 0.9635
vn -0.5786 -0.3238 -0.7486
vn -0.4259 -0.3385 -0.8391
vn 0.5291 0.2892 0.7978
vn 0.4413 0.4020 0.8023
vn 0.6135 -0.2449 -0.7508
vn 0.6151 -0.2452 -0.7494
vn 0.6160 -0.2440 -0.7490
vn 0.6174 -0.2442 -0.7478
vn -0.2592 0.9158 -0.3067
vn -0.7572 0.0204 -0.6529
vn 0.1246 -0.7735 0.6214
vn 0.9375 -0.1211 0.3262
vn -0.4298 0.4273 -0.7954
vn -0.1588 0.6009 -0.7834
vn 0.4714 -0.5422 0.6956
vn 0.1920 -0.4900 0.8503
vn -0.0341 0.5557 -0.8307
vn -0.5001 0.1738 -0.8484
vn 0.5374 -0.3697 0.7580
vn -0.0186 -0.3415 0.9397
vn -0.4372 0.0759 -0.8961
vn -0.1817 0.2249 -0.9573
vn 0.4453 -0.2134 0.8696
vn 0.1907 -0.1077 0.9757
vn 0.8575 0.3598 -0.3677
vn 0.7995 -0.4044 -0.4441
vn 0.5928 0.4166 -0.6892
vn -0.1331 0.2940 -0.9465
vn 0.1623 -0.3592 0.9190
vn 0.8453 0.1818 0.5024
vn 0.3114 0.6691 0.6748
vn 0.4088 -0.5393 -0.7362
vn 0.8143 0.2070 0.5423
vn -0.2438 0.5606 0.7914
vn 0.6610 0.0704 0.7471
vn 0.6554 0.0725 0.7518
vn 0.6607 0.0705 0.7474
vn 0.6549 0.0727 0.7522
vn -0.5551 -0.6960 -0.4555
vn -0.6537 -0.2948 -0.6970
vn 0.4216 0.5940 0.6851
vn 0.7816 0.4224 0.4590
vn -0.5597 -0.5767 -0.5951
vn -0.2146 -0.4092 -0.8869
vn 0.5219 0.3488 0.7784
vn 0.1892 0.6198 0.7616
vn -0.6644 -0.4260 -0.6141
vn -0.5648 -0.4441 -0.6955
vn 0.5897 0.4890 0.6428
vn 0.5874 0.4934 0.6415
vn -0.5440 -0.5393 -0.6428
vn -0.2336 -0.3574 -0.9043
vn 0.4979 0.3081 0.8107
vn 0.2122 0.5716 0.7926
vn -0.6030 -0.7011 0.3805
vn -0.5312 0.8372 -0.1302
vn -0.3901 -0.2030 -0.8981
vn -0.1777 -0.1296 -0.9755
vn 0.4567 0.1093 0.8829
vn 0.2645 0.2055 0.9422
vn 0.5873 -0.2298 -0.7760
vn -0.3152 -0.4903 -0.8126
vn 0.3209 0.3753 0.8696
vn 0.6353 -0.2913 -0.7152
vn 0.6313 -0.2939 -0.7177
vn 0.6344 -0.2921 -0.7157
vn 0.6320 -0.2929 -0.7175
vn 0.5958 -0.0813 -0.7990
vn 0.5875 0.1692 -0.7913
vn -0.5136 0.0382 0.8572
vn -0.6755 -0.1368 0.7246
vn 0.2969 -0.2020 -0.9333
vn 0.4487 -0.0760 -0.8904
vn -0.3607 0.1354 0.9228
vn -0.4845 0.1627 0.8595
vn 0.2069 -0.0489 -0.9771
vn 0.2043 -0.0485 -0.9777
vn 0.2091 -0.0474 -0.9767
vn -0.3351 -0.1514 0.9300
vn -0.3546 0.0260 -0.9346
vn -0.2039 0.0601 -0.9772
vn -0.1895 -0.1314 0.9731
vn 0.1667 0.1344 0.9768
vn 0.1742 0.1354 0.9754
vn 0.1701 0.1364 0.9759
vn 0.2013 0.0548 -0.9780
vn 0.2000 0.0555 -0.9782
vn 0.2027 0.0552 -0.9777
vn -0.3528 -0.1913 0.9159
vn -0.2888 0.2709 -0.9183
vn -0.1461 0.2637 -0.9535
vn -0.2166 -0.2186 0.9515
vn 0.1813 -0.0926 0.9791
vn 0.1855 -0.0931 0.9782
vn 0.1835 -0.0919 0.9787
vn 0.6444 0.0632 -0.7621
vn 0.0725 -0.9909 -0.1131
vn 0.3513 0.0251 -0.9359
vn -0.2407 -0.0590 -0.9688
vn 0.2017 0.0142 0.9793
vn 0.2628 0.4910 -0.8306
vn -0.2918 0.0397 -0.9557
vn 0.2774 -0.1014 0.9554
vn 0.5840 0.0369 -0.8109
vn 0.6473 0.0483 -0.7607
vn 0.5889 0.0378 -0.8073
vn 0.6499 0.0488 -0.7585
vn -0.6249 -0.1983 -0.7551
vn -0.6839 0.1055 -0.7219
vn 0.7510 0.1329 0.6467
vn 0.5799 -0.0783 0.8109
vn -0.4374 -0.1557 -0.8857
vn -0.3502 0.1876 -0.9177
vn 0.5557 0.0672 0.8286
vn 0.2900 -0.0359 0.9563
vn 0.2268 0.2688 -0.9361
vn 0.4933 0.3682 -0.7881
vn -0.2591 -0.3880 0.8845
vn -0.4968 -0.2104 0.8420
vn -0.1216 -0.4505 -0.8844
vn 0.2369 -0.2293 -0.9441
vn 0.4559 -0.0542 -0.8884
vn -0.3375 -0.5506 -0.7635
vn 0.1324 0.2654 0.9550
vn -0.2712 0.3822 0.8834
vn -0.5244 0.4245 0.7382
vn 0.4314 0.1395 0.8913
vn 0.6798 0.2483 0.6901
vn 0.7296 0.0111 -0.6838
vn 0.6620 -0.0130 -0.7494
vn 0.6073 0.2467 0.7552
vn 0.4430 -0.1267 -0.8875
vn 0.6404 -0.0915 -0.7626
vn 0.4606 -0.1251 -0.8788
vn 0.6485 -0.0905 -0.7558
vn 0.6917 0.1381 0.7089
vn 0.6991 -0.1360 -0.7020
vn 0.6381 -0.1466 -0.7559
vn 0.6297 0.1485 0.7625
vn 0.8319 0.1620 -0.5307
vn 0.8921 0.0167 -0.4515
vn -0.8565 -0.1790 0.4841
vn -0.8556 -0.0199 0.5173
vn 0.1687 -0.0694 -0.9832
vn 0.4268 -0.1442 -0.8928
vn -0.1716 -0.0874 0.9813
vn -0.3630 0.2339 0.9020
vn -0.1120 0.5559 -0.8237
vn 0.0825 0.5568 -0.8266
vn 0.1556 -0.6389 0.7534
vn -0.0198 -0.5265 0.8500
vn 0.9222 0.2309 0.3101
vn 0.6558 -0.5185 0.5487
vn 0.2065 0.0305 -0.9780
vn -0.1652 0.0222 0.9860
vn 0.3694 -0.3618 0.8559
vn 0.6225 0.3732 -0.6878
vn -0.1342 0.1437 -0.9805
vn 0.4677 0.3397 -0.8160
vn -0.1818 0.1250 -0.9754
vn 0.2014 -0.1781 0.9632
vn -0.5774 -0.3344 -0.7448
vn -0.4149 -0.3559 -0.8374
vn 0.5501 0.2765 0.7880
vn 0.4353 0.4123 0.8003
vn 0.5804 -0.1432 -0.8016
vn 0.5767 -0.1422 -0.8045
vn 0.5842 -0.1419 -0.7991
vn 0.6366 -0.0172 0.7710
vn 0.6430 -0.0193 0.7656
vn 0.6400 -0.0172 0.7682
vn -0.8835 0.4551 0.1109
vn 0.5854 0.7300 -0.3527
vn -0.0757 -0.0977 -0.9923
vn 0.2091 -0.4119 -0.8869
vn 0.0218 0.2959 0.9550
vn -0.0979 -0.1358 0.9859
vn 0.5593 0.2297 -0.7965
vn -0.5582 0.0059 -0.8297
vn -0.4174 0.2958 0.8592
vn 0.3145 -0.4040 0.8590
vn -0.3938 0.2945 -0.8708
vn -0.0049 0.2972 -0.9548
vn 0.2581 -0.4279 0.8662
vn 0.1416 -0.1442 0.9794
vn 0.1291 -0.3803 -0.9158
vn 0.4064 -0.2262 -0.8852
vn -0.1868 0.1984 0.9622
vn -0.4466 0.4081 0.7962
vn 0.2208 -0.2714 -0.9368
vn 0.4725 -0.1221 -0.8728
vn -0.2503 0.1723 0.9527
vn -0.5274 0.2153 0.8219
vn 0.2218 -0.0664 -0.9728
vn 0.5011 -0.0976 -0.8598
vn -0.3023 -0.0335 0.9526
vn -0.4370 0.2272 0.8703
vn 0.6106 -0.0857 0.7873
vn 0.6069 -0.0846 0.7903
vn 0.6104 -0.0856 0.7874
vn 0.6067 -0.0845 0.7905
vn -0.1422 0.2655 -0.9536
vn -0.5786 -0.0382 -0.8147
vn 0.4205 -0.3718 0.8276
vn 0.3142 0.1186 0.9419
vn -0.4044 0.3744 -0.8345
vn -0.7002 0.1171 -0.7042
vn 0.5665 -0.4426 0.6951
vn 0.5325 -0.0271 0.8460
vn 0.2601 0.2905 -0.9209
vn 0.4565 0.4049 -0.7923
vn -0.3276 -0.3655 0.8713
vn -0.4756 -0.2684 0.8377
vn 0.1812 0.1167 -0.9765
vn 0.3029 0.3314 -0.8936
vn -0.1657 -0.2283 0.9594
vn -0.3865 -0.2152 0.8968
vn -0.5993 -0.7267 0.3360
vn -0.7821 0.6173 0.0853
vn -0.3710 -0.0865 -0.9246
vn -0.2223 0.0258 -0.9746
vn 0.4458 -0.0145 0.8950
vn 0.2856 0.0761 0.9553
vn 0.5895 -0.0772 -0.8041
vn 0.6642 -0.0586 -0.7452
vn 0.5951 -0.0763 -0.8000
vn 0.6671 -0.0584 -0.7426
vn 0.6301 0.1801 -0.7553
vn 0.6995 0.1924 -0.6883
vn 0.6347 0.1798 -0.7515
vn 0.7005 0.1914 -0.6875
vn 0.6249 0.0461 -0.7793
vn 0.6481 0.0491 -0.7599
vn 0.6272 0.0465 -0.7775
vn 0.6497 0.0494 -0.7585
vn 0.7499 -0.5510 -0.3661
vn 0.8277 -0.3338 -0.4510
vn -0.7048 0.5035 0.4998
vn -0.8757 0.3672 0.3136
vn 0.2796 -0.2539 -0.9259
vn 0.2777 -0.2542 -0.9264
vn 0.2810 -0.2523 -0.9259
vn -0.3062 -0.0430 0.9510
vn -0.3301 -0.1504 -0.9319
vn -0.1665 -0.1050 -0.9804
vn -0.1095 0.0215 0.9938
vn 0.1130 0.2937 0.9492
vn 0.1094 0.2925 0.9500
vn 0.1120 0.2910 0.9502
vn -0.4010 -0.6353 0.6600
vn -0.9064 0.3738 -0.1967
vn -0.1769 -0.5826 -0.7933
vn -0.0608 -0.4503 -0.8908
vn 0.3115 0.4950 0.8112
vn 0.1219 0.5655 0.8157
vn -0.5837 -0.8120 -0.0059
vn -0.6816 0.5516 -0.4808
vn 0.3301 -0.1639 -0.9296
vn 0.4538 -0.0184 -0.8909
vn -0.2147 0.0644 0.9746
vn -0.3777 0.1581 0.9124
vn 0.6522 0.7452 0.1392
vn 0.7572 -0.3610 0.5444
vn 0.1838 0.1085 -0.9770
vn -0.1956 -0.0268 0.9803
vn 0.4041 -0.2730 0.8730
vn 0.5901 0.2954 0.7513
vn 0.5658 0.2999 0.7681
vn 0.6412 0.1370 0.7551
vn 0.6408 0.1354 0.7557
vn 0.6424 0.1365 0.7541
vn 0.6551 0.1418 0.7421
vn 0.6533 0.1408 0.7439
vn 0.6546 0.1404 0.7428
vn 0.7980 -0.2436 -0.5512
vn 0.8158 -0.0493 -0.5762
vn -0.7494 0.2221 0.6237
vn -0.8632 0.0462 0.5028
vn 0.2376 -0.6454 -0.7259
vn 0.4048 -0.5658 -0.7183
vn -0.3254 0.6113 0.7214
vn -0.4091 0.6291 0.6610
vn 0.2890 -0.4328 -0.8539
vn -0.0572 -0.4061 -0.9120
vn -0.3221 0.2612 0.9100
vn -0.0469 0.5536 0.8315
vn 0.1621 -0.4053 -0.8997
vn 0.3799 -0.3444 -0.8586
vn -0.2143 0.3504 0.9118
vn -0.3637 0.4340 0.8242
vn 0.6986 0.0718 -0.7119
vn 0.3437 -0.9364 -0.0706
vn 0.3905 0.0372 -0.9198
vn -0.2253 -0.0484 -0.9731
vn 0.1964 -0.0030 0.9805
vn 0.4264 0.2465 -0.8703
vn 0.5301 0.2721 -0.8030
vn 0.6110 0.0388 -0.7907
vn 0.6482 0.0440 -0.7602
vn 0.6143 0.0393 -0.7881
vn 0.6502 0.0443 -0.7585
vn -0.4476 -0.3439 -0.8255
vn -0.3040 0.1016 -0.9472
vn 0.1955 0.2671 0.9436
vn 0.5700 -0.0143 0.8215
vn -0.5718 0.1891 -0.7983
vn -0.5678 0.1904 -0.8008
vn -0.5720 0.1844 -0.7992
vn 0.5695 -0.1722 0.8038
vn -0.0584 0.8958 -0.4407
vn -0.6276 0.1348 -0.7668
vn 0.5625 -0.1840 0.8061
vn 0.6092 -0.1410 0.7804
vn -0.2847 -0.2964 -0.9116
vn -0.1751 -0.0687 -0.9821
vn 0.4168 0.1834 0.8903
vn 0.1265 0.1852 0.9745
vn -0.3209 -0.9197 -0.2264
vn -0.7924 0.5405 -0.2827
vn 0.2499 0.1452 -0.9573
vn 0.3680 0.2929 -0.8825
vn -0.1181 -0.2093 0.9707
vn -0.3170 -0.1606 0.9347
vn -0.5978 -0.6781 0.4275
vn -0.3633 0.9259 0.1036
vn -0.3473 -0.1192 -0.9301
vn -0.1488 0.0011 -0.9889
vn 0.4477 0.0047 0.8942
vn 0.2994 0.1258 0.9458
vn 0.6618 -0.0297 0.7491
vn 0.6342 -0.0153 0.7730
vn 0.6605 -0.0294 0.7502
vn 0.6319 -0.0145 0.7749
vn 0.6348 0.1341 0.7610
vn 0.5711 0.1555 0.8060
vn 0.6248 0.1401 0.7681
vn 0.5553 0.1626 0.8156
vn 0.7327 0.1731 0.6582
vn 0.7128 -0.2391 -0.6594
vn 0.6385 -0.2566 -0.7255
vn 0.6595 0.1976 0.7253
vn -0.6101 -0.6246 -0.4874
vn -0.7235 -0.2715 -0.6348
vn 0.5237 0.5822 0.6219
vn 0.8205 0.3252 0.4702
vn -0.0847 -0.7864 -0.6119
vn -0.2884 -0.6578 -0.6958
vn 0.0092 0.7186 0.6954
vn 0.2489 0.7571 0.6041
vn -0.0925 -0.7260 -0.6814
vn -0.4190 -0.4018 -0.8143
vn 0.0035 0.6052 0.7961
vn 0.5201 0.5415 0.6605
vn -0.5580 -0.4679 -0.6853
vn -0.2330 -0.4288 -0.8728
vn 0.5144 0.3538 0.7812
vn 0.2183 0.5504 0.8058
vn 0.4997 -0.0973 -0.8607
vn 0.5169 0.1060 0.8494
vn 0.4602 -0.2451 0.8533
vn 0.3132 -0.1695 0.9344
vn 0.4476 -0.2363 0.8625
vn 0.2942 -0.1573 0.9427
vn 0.5798 -0.1094 -0.8074
vn 0.6437 -0.1077 -0.7577
vn 0.5855 -0.1092 -0.8033
vn 0.6464 -0.1077 -0.7553
vn 0.8218 -0.3129 -0.4762
vn 0.8238 -0.0319 -0.5660
vn -0.7475 0.2593 0.6116
vn -0.9054 0.1024 0.4120
vn 0.2737 -0.4279 -0.8614
vn 0.4196 -0.3050 -0.8549
vn -0.3269 0.3486 0.8784
vn -0.4485 0.4107 0.7938
vn 0.2887 -0.3100 -0.9058
vn 0.2834 -0.3107 -0.9073
vn 0.2924 -0.3059 -0.9060
vn -0.4480 -0.0294 0.8936
vn -0.3957 -0.2123 -0.8935
vn -0.1621 -0.1489 -0.9755
vn -0.2125 0.0417 0.9763
vn 0.0820 0.4057 0.9103
vn 0.0910 0.4064 0.9092
vn 0.0863 0.4080 0.9089
vn -0.7971 -0.6034 -0.0234
vn -0.4905 0.7512 -0.4417
vn 0.2749 -0.1988 -0.9407
vn 0.4372 -0.0986 -0.8939
vn -0.2000 0.0844 0.9762
vn -0.3295 0.2103 0.9204
vn 0.7193 0.6663 0.1964
vn 0.8325 -0.3005 0.4654
vn 0.1984 -0.0149 -0.9800
vn -0.1889 0.0997 0.9769
vn 0.5703 -0.2090 0.7944
vn 0.7765 -0.3188 0.5435
vn 0.8276 -0.3108 0.4674
vn 0.7278 -0.0308 0.6851
vn 0.7111 -0.0497 -0.7013
vn 0.6498 -0.0473 -0.7587
vn 0.6700 -0.0264 0.7419
vn -0.0687 0.8121 -0.5794
vn 0.8110 0.4004 0.4265
vn -0.4902 0.0113 -0.8715
vn -0.0984 0.5150 -0.8515
vn 0.2918 0.7857 -0.5455
vn 0.1313 0.4922 -0.8605
vn -0.6506 -0.3293 -0.6843
vn -0.2076 -0.4388 0.8743
vn -0.0773 -0.3358 0.9387
vn -0.2784 -0.4883 0.8271
vn -0.1577 -0.4414 0.8833
vn 0.3062 0.0049 0.9519
vn 0.5992 0.4246 -0.6787
vn 0.3793 0.3978 -0.8354
vn 0.3337 0.3390 -0.8796
vn -0.7732 -0.5929 -0.2251
vn -0.4332 -0.1220 0.8930
vn 0.2811 0.1972 0.9392
vn 0.1063 0.3760 -0.9205
vn 0.8207 -0.1258 0.5573
vn -0.9673 0.0619 0.2460
vn -0.4251 -0.1427 0.8938
vn 0.4640 0.1436 -0.8741
vn 0.4342 0.1271 -0.8918
vn -0.7976 0.0121 0.6031
vn -0.4431 -0.1102 0.8897
vn 0.4563 0.0076 0.8898
vn 0.7324 -0.0293 -0.6802
vn -0.8213 -0.0649 -0.5667
vn -0.2472 0.2352 0.9400
vn 0.4500 0.1157 -0.8855
vn 0.1102 -0.0272 -0.9935
vn -0.7440 0.0126 0.6680
vn 0.3328 0.1083 0.9368
vn -0.0483 0.1804 0.9824
vn 0.6826 0.0144 -0.7307
vn 0.6886 0.0139 -0.7250
vn 0.7186 0.0003 -0.6954
vn 0.7216 0.0007 -0.6924
vn -0.9976 0.0602 0.0350
vn 0.6997 0.0148 -0.7143
vn -0.6636 -0.0256 -0.7476
vn 0.7011 0.0011 -0.7130
vn 0.0308 0.1627 0.9862
vn 0.7334 0.1245 0.6682
vn 0.3313 0.1365 0.9336
vn 0.1784 -0.1674 -0.9696
vn 0.2901 -0.1286 -0.9483
vn 0.1716 -0.1663 -0.9710
vn -0.2948 0.1272 0.9471
vn 0.1949 0.2480 0.9489
vn 0.9922 0.1195 0.0343
vn 0.9913 0.1196 0.0543
vn 0.2139 -0.0829 -0.9733
vn 0.1900 0.1295 0.9732
vn 0.3520 0.1056 0.9300
vn 0.7284 0.1445 0.6697
vn 0.2149 -0.1198 -0.9693
vn 0.0643 -0.1322 -0.9891
vn 0.6766 0.1482 0.7213
vn 0.2126 0.0890 0.9731
vn 0.9940 -0.0339 0.1036
vn 0.9992 -0.0302 0.0279
vn 0.2165 0.0427 -0.9753
vn 0.1673 -0.0542 0.9844
vn 0.4755 -0.0065 -0.8797
vn -0.5470 0.0405 0.8361
vn -0.5484 0.0413 0.8352
vn -0.5514 0.0334 0.8336
vn 0.3320 -0.1199 0.9356
vn 0.6455 -0.0123 0.7636
vn 0.6454 -0.0158 0.7636
vn 0.6465 -0.0139 0.7628
vn 0.3473 0.0224 0.9375
vn 0.8924 0.4023 -0.2047
vn 0.4341 -0.8581 0.2744
vn 0.9366 0.2370 -0.2582
vn 0.7361 0.4448 -0.5102
vn -0.3606 0.8370 -0.4117
vn -0.7656 -0.2774 0.5805
vn -0.6975 -0.3964 0.5970
vn 0.0200 -0.7960 0.6050
vn 0.4195 0.0737 -0.9047
vn 0.4213 0.0752 -0.9038
vn 0.4208 0.0740 -0.9041
vn 0.5011 -0.4112 0.7614
vn 0.2397 0.3879 -0.8900
vn -0.0330 0.5600 -0.8279
vn -0.9371 0.1932 0.2908
vn 0.6230 -0.5552 0.5510
vn 0.0902 -0.3414 0.9356
vn 0.6479 0.4319 -0.6275
vn 0.7343 -0.3951 0.5520
vn 0.9034 -0.0738 -0.4224
vn -0.6291 0.3858 -0.6748
vn -0.0091 0.4767 -0.8790
vn -0.6322 -0.1180 0.7658
vn 0.3030 -0.2333 0.9240
vn 0.1448 -0.1923 0.9706
vn 0.7553 -0.1183 0.6446
vn 0.2521 -0.2464 -0.9358
vn -0.8241 0.4708 0.3149
vn 0.4437 -0.0850 0.8921
vn 0.7011 0.0058 0.7131
vn 0.2313 -0.3482 -0.9084
vn 0.5155 -0.2306 -0.8253
vn 0.3099 -0.3203 -0.8952
vn 0.7852 -0.0532 -0.6169
vn -0.4472 0.0005 0.8944
vn -0.9750 -0.0927 -0.2021
vn -0.9151 -0.1010 -0.3903
vn -0.2492 0.0240 0.9682
vn 0.2735 0.2968 0.9149
vn 0.6404 -0.2216 -0.7354
vn -0.8877 0.3704 -0.2734
vn -0.4916 0.2257 -0.8411
vn 0.6602 -0.2465 -0.7095
vn -0.9163 0.3798 -0.1270
vn 0.2624 0.0069 0.9649
vn 0.1518 0.0596 0.9866
vn 0.1466 0.0611 0.9873
vn 0.2599 0.0070 0.9656
vn 0.3043 -0.0080 -0.9525
vn 0.2973 -0.0114 -0.9547
vn 0.2992 -0.0062 -0.9542
vn -0.3367 0.0747 0.9386
vn 0.2659 -0.0018 -0.9640
vn 0.3132 -0.0491 -0.9484
vn 0.2823 -0.0322 -0.9588
vn -0.3307 0.0681 0.9413
vn 0.0625 -0.1813 0.9814
vn 0.9576 -0.2841 0.0467
vn 0.9571 -0.2852 0.0514
vn 0.1888 -0.1325 -0.9730
vn 0.2089 0.0130 0.9779
vn 0.3971 0.0570 0.9160
vn 0.1441 -0.2454 -0.9587
vn 0.6902 0.0720 0.7200
vn 0.1846 0.1278 0.9745
vn 0.1718 -0.2309 -0.9577
vn -0.6354 0.0567 0.7701
vn 0.1780 0.3382 0.9241
vn 0.4262 -0.1712 -0.8883
vn -0.1125 0.3937 0.9123
vn 0.2388 0.3793 0.8939
vn 0.6544 0.0845 0.7514
vn 0.6540 0.0784 0.7524
vn 0.6582 0.0758 0.7491
vn 0.3531 0.1151 0.9285
vn 0.1992 -0.8807 -0.4297
vn 0.8683 -0.2641 0.4199
vn 0.0544 -0.8120 -0.5812
vn -0.9248 0.0228 -0.3798
vn -0.4064 -0.5685 -0.7153
vn -0.2422 0.8424 0.4814
vn 0.8750 0.1524 0.4596
vn 0.3300 0.7625 0.5565
vn 0.6920 -0.3694 -0.6203
vn 0.2005 0.6336 0.7473
vn 0.7109 -0.3663 -0.6004
vn 0.0692 -0.5971 -0.7991
vn -0.9483 -0.1501 -0.2796
vn -0.2776 0.6295 0.7257
vn 0.7574 0.2202 0.6147
vn -0.0224 -0.7852 -0.6188
vn -0.8789 -0.2489 -0.4069
vn 0.0399 0.9734 0.2256
vn 0.6937 0.0303 0.7196
vn 0.0230 -0.4198 -0.9073
vn -0.2863 -0.2365 -0.9285
vn -0.0367 0.3421 0.9389
vn 0.2630 0.3256 0.9082
vn 0.7239 -0.1483 -0.6737
vn -0.6691 0.1360 0.7306
vn -0.5305 0.8476 -0.0138
vn -0.9290 -0.0344 -0.3684
vn -0.1947 -0.0488 -0.9796
vn 0.3656 0.1506 0.9185
vn 0.2144 0.1881 0.9585
vn -0.3108 -0.1527 -0.9381
vn 0.2181 0.0605 -0.9741
vn 0.4146 0.1424 -0.8988
vn -0.4292 -0.1993 -0.8809
vn -0.1634 -0.1813 0.9698
vn -0.8239 -0.1668 0.5416
vn -0.9674 -0.1250 0.2203
vn 0.4553 -0.0293 0.8899
vn 0.6268 -0.0765 0.7754
vn 0.7169 0.0690 0.6937
vn 0.1922 -0.3006 -0.9342
vn -0.2364 -0.1619 -0.9581
vn -0.8671 0.2462 0.4330
vn 0.6813 0.1045 0.7245
vn 0.2837 0.2811 0.9168
vn 0.2752 -0.6821 -0.6775
vn -0.1762 -0.5797 -0.7955
vn -0.8660 0.4432 -0.2315
vn 0.7574 0.0796 0.6480
vn 0.5443 0.4150 0.7290
vn 0.0300 -0.3907 -0.9200
vn 0.7628 -0.4808 -0.4325
vn 0.2415 0.2094 0.9475
vn 0.2379 -0.3931 -0.8882
vn 0.7663 0.1786 0.6172
vn 0.1657 -0.3047 -0.9379
vn 0.0243 -0.3044 -0.9522
vn 0.7161 0.1944 0.6704
vn 0.2507 0.2238 0.9418
vn -0.3749 0.0608 -0.9251
vn 0.9581 0.2858 0.0181
vn 0.1938 0.1831 -0.9638
vn -0.4032 0.0580 -0.9133
vn 0.4231 -0.0718 0.9032
vn 0.1787 -0.0826 0.9804
vn 0.3826 -0.3785 0.8428
vn 0.3141 0.6654 -0.6772
vn 0.2971 0.6628 -0.6874
vn 0.3579 -0.3952 0.8460
vn 0.5414 0.4262 -0.7248
vn 0.2879 0.4379 -0.8517
vn 0.2747 0.4376 -0.8562
vn 0.2811 0.4385 -0.8536
vn 0.6451 0.0170 0.7639
vn 0.6454 0.0141 0.7638
vn 0.3501 0.0612 0.9347
vn -0.0673 0.9714 -0.2276
vn -0.8066 -0.5661 -0.1704
vn 0.9429 -0.2383 0.2329
vn 0.6034 -0.6024 0.5224
vn 0.7543 0.5800 -0.3077
vn -0.9861 -0.0270 -0.1639
vn -0.2107 0.8685 -0.4487
vn 0.6057 -0.6073 0.5141
vn 0.2613 -0.6973 0.6674
vn 0.3030 0.4254 -0.8528
vn 0.7659 -0.2917 0.5730
vn 0.1527 0.5055 -0.8492
vn -0.2971 0.5081 -0.8084
vn -0.9258 -0.2919 0.2401
vn 0.6309 -0.2824 0.7227
vn 0.2691 -0.3545 0.8955
vn 0.5235 -0.3829 0.7611
vn 0.2581 -0.3542 0.8989
vn 0.4832 -0.3798 0.7889
vn 0.7283 0.3330 -0.5989
vn -0.9689 -0.0126 -0.2470
vn -0.1832 0.5107 -0.8400
vn 0.2046 -0.3482 0.9148
vn 0.2019 -0.3482 0.9154
vn 0.2964 -0.0944 0.9504
vn 0.6762 0.0183 -0.7365
vn -0.9937 0.1041 0.0420
vn -0.4255 0.8780 0.2192
vn -0.9227 0.1614 -0.3502
vn -0.1656 0.2753 -0.9470
vn 0.4280 -0.1870 0.8842
vn 0.2153 -0.1301 0.9679
vn -0.2264 0.1964 -0.9540
vn 0.1565 0.2772 -0.9480
vn 0.5125 0.3065 -0.8021
vn -0.4094 0.1501 -0.8999
vn -0.2666 -0.3942 0.8795
vn -0.7433 0.0158 0.6687
vn -0.9695 0.1554 0.1895
vn 0.3896 -0.4417 0.8082
vn 0.4591 -0.4718 0.7527
vn 0.1582 0.0965 -0.9827
vn 0.7850 -0.1418 0.6030
vn 0.8442 -0.1374 0.5181
vn 0.3314 -0.1202 -0.9358
vn 0.7066 -0.0767 0.7034
vn 0.5349 0.1208 0.8363
vn -0.7841 -0.2595 -0.5637
vn -0.7112 -0.3117 -0.6301
vn 0.2437 -0.5468 -0.8010
vn 0.0601 -0.5788 -0.8133
vn -0.9120 0.2997 0.2802
vn 0.6970 0.4537 0.5552
vn 0.3647 0.6332 0.6827
vn 0.9983 0.0336 0.0479
vn 0.9996 0.0250 0.0146
vn 0.2080 -0.2906 -0.9340
vn 0.2064 0.2981 0.9319
vn 0.3659 0.3019 0.8803
vn 0.5573 -0.1226 -0.8212
vn 0.9835 -0.0011 0.1809
vn 0.1127 -0.2010 -0.9731
vn 0.6345 -0.1032 -0.7660
vn 0.1989 0.1803 0.9633
vn 0.8705 -0.0915 0.4835
vn 0.2659 0.0715 -0.9613
vn 0.1696 0.0784 -0.9824
vn 0.8562 -0.0932 0.5082
vn 0.1150 -0.1579 0.9807
vn 0.5472 -0.4207 0.7236
vn 0.9738 -0.0896 -0.2091
vn 0.0661 0.3917 -0.9177
vn 0.5106 -0.4245 0.7477
vn 0.3554 -0.0187 0.9345
vn -0.9515 0.1059 -0.2888
vn -0.5899 0.0531 -0.8057
vn 0.2832 -0.0381 -0.9583
vn -0.3178 0.0478 0.9469
vn 0.3483 0.0531 0.9359
vn 0.7478 0.2383 0.6196
vn 0.7333 0.3349 0.5916
vn 0.7418 0.2841 0.6074
vn 0.4809 -0.7754 -0.4093
vn -0.9402 0.3405 0.0089
vn -0.3830 -0.4878 -0.7845
vn 0.7273 0.3624 0.5828
vn 0.3700 0.7179 0.5897
vn 0.3793 0.2638 0.8869
vn 0.1588 0.4397 0.8840
vn 0.3208 0.3135 0.8938
vn 0.8351 -0.3444 -0.4290
vn -0.9483 -0.0371 -0.3152
vn -0.2534 -0.1625 -0.9536
vn 0.0915 0.4838 0.8704
vn 0.3324 0.3763 0.8648
vn 0.6778 0.3996 0.6171
vn 0.2166 -0.6966 -0.6840
vn -0.9595 0.2744 -0.0635
vn -0.3414 -0.4114 -0.8451
vn 0.7102 0.2689 0.6506
vn 0.3181 0.6612 0.6794
vn 0.7206 -0.2541 -0.6451
vn -0.7008 0.2572 0.6654
vn -0.4629 0.8773 -0.1267
vn -0.9046 -0.0620 -0.4217
vn -0.1867 -0.0834 -0.9789
vn 0.3371 0.2857 0.8971
vn 0.2373 0.3304 0.9135
vn 0.0969 -0.0180 -0.9951
vn 0.0979 -0.0163 -0.9951
vn 0.0981 -0.0175 -0.9950
vn -0.0978 -0.0365 0.9945
vn -0.6634 -0.1177 0.7389
vn 0.0555 -0.0998 0.9935
vn -0.9876 -0.0453 -0.1503
vn 0.4114 0.1631 0.8968
vn 0.8751 -0.2449 -0.4173
vn -0.9371 -0.0216 -0.3483
vn -0.1661 -0.2044 -0.9647
vn 0.2712 0.3328 0.9032
vn 0.2515 0.3404 0.9060
vn 0.4573 -0.6584 -0.5978
vn -0.0656 -0.7037 -0.7074
vn -0.9629 0.1872 -0.1943
vn 0.6477 0.4690 0.6005
vn 0.4688 0.6244 0.6248
vn 0.1002 -0.5103 -0.8541
vn 0.3077 0.4426 0.8422
vn 0.2493 -0.5410 -0.8032
vn 0.2334 -0.5397 -0.8089
vn 0.2415 -0.5394 -0.8067
vn 0.8313 -0.2106 -0.5144
vn 0.9664 0.1094 0.2325
vn -0.0250 -0.3908 -0.9201
vn 0.6833 0.2362 0.6909
vn 0.3325 0.3714 0.8669
vn 0.8999 0.0764 -0.4294
vn 0.9851 -0.1683 -0.0348
vn 0.1961 0.0727 -0.9779
vn 0.9257 0.0764 -0.3704
vn 0.0664 -0.1446 0.9873
vn 0.6485 -0.2773 0.7089
vn 0.3544 0.3312 -0.8745
vn 0.3514 0.3315 -0.8756
vn 0.3529 0.3316 -0.8749
vn 0.4173 -0.0805 -0.9052
vn 0.3523 0.0417 0.9350
vn 0.4494 -0.0557 -0.8916
vn 0.4555 -0.0245 -0.8899
vn -0.6574 -0.7352 0.1656
vn 0.0284 0.6479 0.7612
vn 0.4704 -0.0649 -0.8801
vn 0.4614 -0.0779 -0.8838
vn -0.7436 -0.0945 0.6619
vn -0.5354 0.0078 0.8446
vn 0.7483 0.6069 0.2678
vn -0.7573 0.0219 -0.6527
vn -0.4910 0.0165 0.8710
vn 0.2788 -0.0348 -0.9597
vn 0.4466 0.0114 -0.8947
vn -0.2921 0.1351 0.9468
vn -0.4474 0.0315 0.8938
vn 0.7075 0.0911 0.7008
vn 0.6047 0.1878 -0.7740
vn 0.6039 0.1799 -0.7765
vn 0.6013 0.1848 -0.7774
vn 0.3314 0.0429 0.9425
vn -0.8899 -0.0438 -0.4539
vn -0.0442 0.0432 -0.9981
vn 0.8246 0.0833 -0.5596
vn 0.4471 -0.0273 -0.8941
vn -0.9599 -0.0550 -0.2750
vn 0.0236 0.0539 0.9983
vn -0.4084 0.1029 0.9070
vn -0.4531 0.1036 0.8854
vn 0.4706 -0.0012 0.8823
vn 0.6903 -0.1453 -0.7088
vn 0.6898 -0.1464 -0.7090
vn 0.6893 -0.1437 -0.7100
vn -0.6314 0.1220 0.7658
vn -0.4652 0.8804 0.0923
vn -0.9274 0.0976 -0.3611
vn -0.2034 0.0786 -0.9759
vn 0.3717 0.0114 0.9283
vn 0.2299 0.0580 0.9715
vn 0.4410 -0.2233 -0.8693
vn 0.3727 -0.2357 -0.8975
vn 0.3742 -0.2333 -0.8975
vn 0.4522 -0.2219 -0.8639
vn -0.3114 0.1349 0.9407
vn -0.2438 0.0007 0.9698
vn -0.5935 0.1711 0.7864
vn 0.1945 0.0248 0.9806
vn 0.2403 0.0344 -0.9701
vn 0.5376 0.0132 -0.8431
vn 0.5035 0.0133 -0.8639
vn 0.5430 0.5090 -0.6679
vn 0.1354 0.3127 -0.9401
vn -0.9063 -0.3324 -0.2609
vn 0.3811 0.0109 0.9245
vn 0.2104 -0.0475 0.9765
vn 0.9566 0.2906 0.0237
vn 0.9537 0.2855 0.0948
vn 0.1881 0.1560 -0.9697
vn 0.2113 -0.0338 0.9768
vn 0.3301 0.1988 -0.9228
vn 0.3254 0.1986 -0.9245
vn 0.3278 0.1989 -0.9236
vn 0.6909 0.1917 -0.6971
vn 0.9999 -0.0009 -0.0172
vn 0.6214 0.1844 -0.7615
vn 0.2166 0.0833 -0.9727
vn 0.0233 -0.1135 0.9933
vn -0.3581 -0.0345 -0.9330
vn 0.9931 -0.0952 0.0683
vn 0.1980 -0.0992 -0.9752
vn -0.3773 -0.0297 -0.9256
vn 0.2013 0.0587 0.9778
vn 0.3486 -0.4471 -0.8237
vn -0.0731 0.2715 0.9597
vn -0.0731 0.2714 0.9597
vn -0.0734 0.2715 0.9596
vn 0.3214 -0.2019 -0.9252
vn 0.3149 -0.1990 -0.9280
vn 0.3184 -0.2000 -0.9266
vn 0.5230 -0.0266 -0.8519
vn 0.5229 -0.0303 -0.8519
vn 0.5208 -0.0293 -0.8532
vn 0.3468 0.0462 0.9368
vn 0.1906 0.8110 -0.5531
vn -0.7190 -0.6581 -0.2236
vn -0.5839 0.3792 -0.7178
vn 0.7766 0.1483 0.6123
vn 0.4922 -0.2202 0.8421
vn 0.4494 0.5542 -0.7006
vn 0.2209 -0.0653 0.9731
vn 0.6448 0.5099 -0.5693
vn 0.4104 0.4335 -0.8023
vn -0.8969 -0.2464 -0.3671
vn -0.4537 -0.3029 0.8381
vn 0.8398 0.0032 0.5429
vn -0.1654 -0.5568 0.8140
vn -0.2356 -0.5406 0.8076
vn 0.2589 0.5332 -0.8054
vn -0.2578 -0.5335 0.8056
vn 0.1981 -0.4233 0.8841
vn 0.8294 0.1096 -0.5478
vn -0.9764 -0.2151 0.0171
vn -0.0232 0.1403 0.9898
vn -0.9645 -0.2332 -0.1239
vn -0.2111 0.1040 -0.9719
vn 0.4323 0.1266 0.8928
vn 0.1709 0.1804 0.9686
vn 0.7092 0.0942 -0.6986
vn 0.7094 0.0927 -0.6987
vn 0.7089 0.0936 -0.6991
vn -0.8619 -0.1515 -0.4839
vn -0.2326 0.1062 0.9668
vn 0.3998 0.1694 -0.9008
vn 0.1037 0.0421 -0.9937
vn -0.7085 -0.1028 0.6982
vn 0.3117 0.0944 0.9455
vn -0.0738 0.0973 0.9925
vn 0.6741 0.0955 0.7324
vn 0.5880 0.1139 0.8008
vn -0.0654 0.0945 0.9934
vn 0.7364 0.0504 -0.6747
vn -0.9975 0.0236 0.0672
vn 0.5719 0.0652 -0.8177
vn -0.7146 -0.0144 -0.6994
vn 0.5932 0.0531 -0.8033
vn -0.7825 0.1613 0.6014
vn -0.1660 -0.0257 -0.9858
vn 0.2515 -0.0930 -0.9634
vn 0.1831 -0.0971 -0.9783
vn -0.2600 0.0943 0.9610
vn 0.2053 0.1106 0.9724
vn 0.9974 0.0603 0.0388
vn 0.9961 0.0619 0.0624
vn 0.2165 -0.0388 -0.9755
vn 0.1938 0.0630 0.9790
vn 0.3489 0.0669 0.9348
vn 0.7188 0.1173 0.6853
vn 0.2314 -0.0853 -0.9691
vn 0.1055 -0.0955 -0.9898
vn 0.6730 0.1190 0.7300
vn 0.2055 0.0603 0.9768
vn 0.9940 0.0872 0.0666
vn 0.9952 0.0878 0.0432
vn 0.1994 0.0395 -0.9791
vn 0.1715 -0.0065 0.9852
vn 0.4098 -0.0647 0.9099
vn 0.3941 -0.0672 0.9166
vn 0.7848 -0.0125 -0.6196
vn 0.3434 0.0217 -0.9390
vn 0.3409 -0.0217 0.9398
vn 0.6454 0.0067 0.7638
vn 0.6453 0.0027 0.7639
vn 0.6469 0.0045 0.7626
vn 0.3430 0.0305 0.9389
vn 0.3430 0.0304 0.9389
vn 0.3429 0.0299 0.9389
vn 0.8185 -0.2836 -0.4997
vn -0.6010 -0.6802 0.4197
vn -0.0372 -0.9264 0.3746
vn 0.8267 -0.2380 -0.5099
vn 0.5857 0.0615 -0.8082
vn -0.0124 0.7158 -0.6982
vn -0.6761 0.6097 0.4138
vn -0.5574 -0.1234 0.8211
vn 0.2382 -0.6971 0.6763
vn -0.8181 0.3758 -0.4352
vn 0.1655 -0.2122 -0.9631
vn 0.1289 -0.2683 -0.9547
vn 0.3035 -0.2642 -0.9155
vn -0.6528 0.5210 0.5499
vn 0.4939 -0.1450 0.8574
vn 0.2929 0.1269 -0.9477
vn -0.9022 0.4196 0.0994
vn -0.0542 0.3477 -0.9360
vn 0.0679 0.2917 -0.9541
vn -0.9019 0.4017 0.1590
vn 0.7320 -0.4862 0.4772
vn 0.2264 -0.1863 0.9561
vn 0.6089 -0.4124 0.6776
vn 0.1453 -0.1367 0.9799
vn -0.1313 0.7232 -0.6780
vn 0.0385 0.7313 -0.6809
vn 0.1247 -0.7647 0.6322
vn -0.0147 -0.7018 0.7122
vn 0.4683 0.0417 -0.8826
vn -0.4336 0.1366 -0.8907
vn 0.2602 -0.2363 0.9362
vn -0.3265 0.0836 0.9415
vn -0.4259 0.1419 0.8936
vn 0.3361 -0.2735 0.9012
vn 0.2609 -0.0227 -0.9651
vn -0.4320 -0.0265 0.9015
vn -0.2492 0.1031 -0.9630
vn -0.1953 0.0982 -0.9758
vn -0.3807 -0.0337 0.9241
vn 0.6882 -0.0743 0.7217
vn 0.2079 -0.0146 0.9780
vn 0.3754 -0.0343 0.9262
vn 0.1934 -0.0131 0.9810
vn -0.3148 0.0054 -0.9491
vn 0.1663 0.1783 -0.9698
vn 0.3383 0.2330 -0.9117
vn -0.4452 -0.0487 -0.8941
vn -0.2030 -0.3269 0.9230
vn -0.8423 -0.0681 0.5346
vn -0.9147 0.1391 0.3795
vn 0.4611 -0.2187 0.8600
vn 0.6040 -0.2587 0.7539
vn 0.7426 -0.0493 0.6679
vn 0.1675 -0.2325 -0.9581
vn -0.1744 -0.1124 -0.9782
vn -0.8704 0.2352 0.4325
vn 0.6225 0.0774 0.7788
vn 0.2600 0.2324 0.9372
vn 0.2745 -0.6917 -0.6680
vn -0.1692 -0.6009 -0.7812
vn -0.8810 0.4156 -0.2259
vn 0.7815 0.0806 0.6187
vn 0.7794 0.0769 0.6218
vn 0.7815 0.0726 0.6197
vn 0.5363 0.4445 0.7175
vn 0.0452 -0.4013 -0.9148
vn 0.7672 -0.4665 -0.4402
vn 0.2416 0.2296 0.9428
vn 0.2348 -0.4196 -0.8768
vn 0.5850 -0.1239 -0.8015
vn 0.9692 -0.0219 0.2451
vn 0.1345 -0.1948 -0.9716
vn 0.6623 -0.1110 -0.7409
vn 0.1960 0.1625 0.9671
vn -0.3449 0.1080 -0.9324
vn 0.9685 0.2484 0.0148
vn 0.1936 0.2150 -0.9572
vn -0.3697 0.1072 -0.9229
vn 0.4106 -0.1162 0.9044
vn 0.1724 -0.1296 0.9765
vn 0.3969 -0.4013 0.8255
vn 0.3993 -0.3999 0.8250
vn 0.3969 -0.4004 0.8260
vn 0.2881 0.3873 -0.8758
vn 0.2756 0.3866 -0.8801
vn 0.2816 0.3877 -0.8777
vn 0.5044 -0.0137 -0.8633
vn 0.4997 -0.0138 -0.8661
vn 0.4999 -0.0084 -0.8660
vn 0.3427 0.0024 0.9394
vn 0.2693 -0.7840 -0.5593
vn 0.0895 -0.8421 0.5318
vn 0.4694 -0.3263 -0.8204
vn -0.0189 0.6612 -0.7500
vn -0.0295 0.6684 -0.7432
vn -0.5845 0.5771 0.5704
vn 0.1740 -0.5152 0.8392
vn 0.1159 -0.4139 0.9029
vn 0.6717 0.2019 -0.7128
vn 0.5837 -0.3151 0.7483
vn 0.8851 -0.3830 -0.2642
vn -0.6275 0.4740 -0.6177
vn -0.0885 0.4616 -0.8826
vn -0.6452 0.0372 0.7631
vn 0.8012 -0.4629 0.3791
vn 0.1777 -0.2155 0.9602
vn -0.3670 0.3132 -0.8759
vn 0.2742 -0.3537 0.8943
vn 0.2238 -0.1971 0.9545
vn 0.3255 -0.1760 -0.9290
vn 0.4254 -0.1657 -0.8897
vn -0.9628 0.2624 0.0652
vn 0.3055 0.0361 0.9515
vn -0.2247 0.3609 0.9051
vn -0.3811 0.4370 0.8147
vn 0.4161 -0.0434 0.9083
vn 0.3273 -0.2249 -0.9178
vn 0.3254 -0.2336 -0.9163
vn 0.3229 -0.2288 -0.9184
vn -0.9809 0.1772 0.0799
vn -0.5163 0.1899 0.8351
vn 0.2868 -0.2116 -0.9343
vn 0.4429 -0.1482 -0.8843
vn -0.3065 0.3391 0.8894
vn -0.4485 0.2188 0.8666
vn 0.6744 0.1692 0.7187
vn 0.3057 -0.3257 -0.8947
vn 0.7830 0.0877 -0.6159
vn -0.8566 -0.3066 -0.4151
vn -0.2538 0.0164 0.9671
vn 0.2202 0.4015 0.8890
vn 0.6758 -0.0993 -0.7304
vn -0.9003 0.1867 -0.3931
vn -0.3525 0.1106 -0.9293
vn 0.6700 -0.0928 -0.7365
vn 0.4532 -0.0827 -0.8876
vn -0.9660 0.1908 -0.1747
vn 0.1829 -0.0165 0.9830
vn -0.3960 0.1734 0.9017
vn -0.4459 0.1891 0.8749
vn 0.2440 -0.0377 0.9690
vn 0.3308 0.1594 -0.9301
vn 0.3920 0.1140 -0.9129
vn -0.4353 -0.0318 0.8997
vn -0.0014 -0.3342 0.9425
vn 0.2468 0.0424 -0.9681
vn 0.1393 -0.1644 0.9765
vn 0.2980 -0.2082 0.9316
vn 0.2983 -0.2083 0.9315
vn 0.2979 -0.2080 0.9316
vn 0.7046 -0.0176 0.7094
vn 0.3003 -0.0738 -0.9510
vn 0.1719 -0.0674 -0.9828
vn 0.6549 -0.0093 0.7557
vn 0.1711 -0.0228 0.9850
vn -0.8498 -0.2224 -0.4778
vn 0.1537 -0.1698 -0.9734
vn 0.2529 -0.1374 -0.9577
vn 0.1687 -0.1669 -0.9714
vn -0.2918 0.1296 0.9477
vn 0.1621 0.2747 0.9478
vn 0.6839 0.7292 0.0240
vn 0.0352 0.5215 0.8525
vn -0.1123 0.3191 0.9410
vn 0.2510 0.3554 0.9004
vn 0.6402 0.0484 0.7667
vn 0.6402 0.0477 0.7668
vn 0.6405 0.0474 0.7665
vn 0.3457 0.0685 0.9358
vn 0.3459 0.0683 0.9358
vn 0.2258 -0.0973 0.9693
vn 0.0229 0.7406 -0.6716
vn 0.5872 0.3402 0.7344
vn 0.8223 0.5422 -0.1727
vn -0.8063 -0.3395 -0.4843
vn -0.5627 0.2148 -0.7982
vn -0.2142 -0.6054 0.7666
vn 0.8361 0.5446 0.0651
vn 0.3889 -0.0446 0.9202
vn 0.7547 0.2400 -0.6106
vn 0.8798 -0.1728 0.4429
vn 0.4946 0.4366 -0.7515
vn 0.3275 0.3371 -0.8827
vn -0.6416 0.0630 -0.7644
vn -0.6999 -0.1911 0.6882
vn -0.4093 -0.2533 0.8765
vn 0.4642 -0.0673 0.8832
vn 0.5187 0.3779 -0.7669
vn 0.2551 0.1297 0.9582
vn 0.9820 0.1322 -0.1351
vn -0.9584 -0.2660 -0.1035
vn 0.0556 -0.0001 0.9985
vn -0.9341 -0.2570 -0.2477
vn -0.2390 0.1640 -0.9571
vn 0.7498 0.0641 0.6585
vn 0.2073 0.0426 0.9774
vn 0.2691 -0.0127 -0.9630
vn -0.9352 0.1213 0.3326
vn 0.6964 -0.0693 -0.7143
vn 0.6496 -0.0892 -0.7550
vn -0.1771 0.2102 0.9615
vn 0.7337 0.1036 0.6716
vn -0.8336 -0.2552 -0.4898
vn -0.5549 -0.0173 -0.8318
vn 0.3345 -0.2416 -0.9109
vn 0.6919 -0.1102 -0.7136
vn 0.5997 0.0716 0.7970
vn 0.7055 0.1033 -0.7011
vn 0.6496 0.1363 -0.7480
vn 0.6526 0.1141 -0.7490
vn -0.6913 0.0392 0.7216
vn 0.6783 0.0390 0.7338
vn 0.2154 0.2975 -0.9301
vn -0.3859 0.1393 -0.9119
vn 0.1345 -0.1689 0.9764
vn -0.3748 0.1409 -0.9163
vn 0.3721 -0.1581 0.9146
vn 0.1909 -0.1633 0.9679
vn 0.9896 0.1371 0.0428
vn 0.9873 0.1341 0.0856
vn 0.2090 0.1253 -0.9699
vn 0.1970 -0.0678 0.9781
vn 0.3438 -0.0364 0.9384
vn 0.7394 0.1151 0.6634
vn 0.2745 -0.0096 -0.9615
vn 0.1381 -0.0264 -0.9901
vn 0.6939 0.1121 0.7113
vn 0.1519 -0.0024 0.9884
vn 0.9950 -0.0021 -0.1000
vn 0.9963 0.0231 0.0829
vn 0.1674 -0.1326 -0.9769
vn 0.2051 0.1359 0.9693
vn 0.7642 0.1002 0.6372
vn 0.3765 0.1869 0.9074
vn 0.6445 0.0135 0.7645
vn 0.6441 0.0099 0.7649
vn 0.6472 0.0096 0.7623
vn 0.3443 0.0302 0.9384
vn 0.9354 -0.0784 -0.3448
vn -0.4075 0.7752 0.4828
vn 0.6386 -0.2860 -0.7144
vn 0.5806 -0.3598 -0.7304
vn -0.7404 -0.6144 -0.2726
vn -0.5930 0.5264 0.6093
vn 0.3255 0.6711 0.6661
vn 0.6639 0.0598 -0.7454
vn 0.3459 0.3536 0.8691
vn 0.8685 0.0207 -0.4953
vn -0.9539 -0.2790 0.1105
vn -0.7882 0.5916 -0.1695
vn -0.8012 -0.4522 -0.3919
vn -0.1221 -0.2643 -0.9567
vn -0.0092 0.4733 0.8808
vn 0.0376 0.4761 0.8786
vn 0.7760 -0.0279 -0.6301
vn 0.5415 0.0045 -0.8407
vn 0.4661 -0.0601 -0.8827
vn -0.9095 -0.3333 -0.2486
vn -0.5096 0.2672 0.8178
vn 0.2462 0.3116 0.9178
vn -0.7651 0.1649 -0.6224
vn 0.7692 -0.1042 0.6304
vn 0.2726 0.0291 -0.9617
vn -0.2898 0.2351 0.9278
vn 0.5449 -0.0510 0.8369
vn 0.7048 0.1407 0.6953
vn 0.6659 0.0589 -0.7438
vn -0.5190 -0.0247 -0.8544
vn 0.1366 0.0250 -0.9903
vn 0.6763 0.0551 -0.7346
vn -0.6691 -0.0334 -0.7424
vn 0.0337 0.1681 0.9852
vn 0.5525 0.0536 0.8318
vn -0.6840 0.0931 0.7235
vn 0.6039 0.0386 0.7961
vn 0.7424 0.1462 0.6538
vn 0.3478 -0.1565 -0.9244
vn 0.3480 -0.1530 -0.9249
vn 0.3472 -0.1530 -0.9252
vn 0.2005 -0.2287 -0.9526
vn -0.3260 0.1571 0.9322
vn -0.3311 0.1575 0.9304
vn -0.3278 0.1587 0.9313
vn 0.1378 0.3637 0.9213
vn 0.9620 0.2698 0.0423
vn 0.9634 0.2655 0.0369
vn 0.2394 -0.1071 -0.9650
vn 0.1577 0.2143 0.9640
vn 0.3190 0.2509 0.9140
vn 0.7167 0.2642 0.6454
vn 0.2163 -0.1236 -0.9685
vn 0.0585 -0.1585 -0.9856
vn 0.6632 0.2628 0.7008
vn 0.2016 0.1451 0.9687
vn 0.9908 0.0415 0.1291
vn 0.9985 0.0502 0.0225
vn 0.2182 0.0812 -0.9725
vn 0.1652 -0.0623 0.9843
vn 0.3698 0.1737 -0.9127
vn -0.1556 -0.2226 0.9624
vn 0.3219 -0.1816 0.9292
vn 0.6443 0.0305 0.7642
vn 0.6444 0.0258 0.7642
vn 0.6447 0.0294 0.7639
vn 0.3440 0.0590 0.9371
vn 0.6816 -0.2926 -0.6707
vn 0.6246 -0.4447 -0.6420
vn -0.6866 -0.7265 0.0285
vn -0.1865 0.8138 0.5504
vn 0.6045 -0.3822 -0.6989
vn 0.3824 -0.5737 -0.7243
vn -0.8867 0.2080 0.4129
vn -0.5414 0.4270 0.7243
vn 0.8508 0.4699 0.2352
vn 0.2111 -0.3846 -0.8986
vn 0.3299 -0.4314 -0.8397
vn 0.4751 -0.3599 -0.8029
vn -0.9176 0.2630 0.2981
vn -0.5212 0.3922 0.7580
vn 0.7407 0.2971 0.6026
vn 0.7190 -0.0771 -0.6907
vn -0.8518 -0.4866 0.1941
vn 0.2068 0.6373 0.7424
vn -0.0056 0.6455 0.7637
vn 0.8490 -0.0335 -0.5273
vn 0.3768 -0.3593 -0.8538
vn -0.7192 -0.3895 -0.5754
vn -0.4399 0.4417 0.7819
vn 0.2843 0.3803 0.8801
vn 0.2417 -0.1153 -0.9635
vn -0.3351 0.1623 0.9281
vn 0.6389 -0.2398 -0.7309
vn 0.5947 -0.2319 -0.7698
vn -0.3120 0.1606 0.9364
vn 0.1803 0.0839 0.9800
vn -0.6476 -0.2957 -0.7023
vn -0.1090 -0.1111 -0.9878
vn 0.4848 -0.3367 -0.8072
vn 0.7252 -0.2893 -0.6248
vn 0.6998 -0.1071 0.7063
vn 0.6538 -0.0564 0.7546
vn 0.6247 0.0586 -0.7787
vn -0.3286 0.1544 -0.9317
vn -0.2328 0.1552 -0.9601
vn -0.9384 0.0389 0.3433
vn 0.5892 -0.0251 0.8076
vn 0.2389 0.0293 0.9706
vn 0.4751 -0.0000 0.8799
vn 0.1853 0.0368 0.9820
vn 0.1482 0.3756 -0.9149
vn -0.4243 0.0654 -0.9031
vn -0.4268 0.0660 -0.9020
vn -0.4270 0.0689 -0.9016
vn 0.4018 -0.0951 0.9108
vn 0.2277 -0.1362 0.9642
vn 0.9647 0.2616 0.0303
vn 0.9619 0.2529 0.1041
vn 0.1824 0.2045 -0.9617
vn 0.2179 -0.0945 0.9714
vn 0.3325 0.2370 -0.9129
vn 0.3277 0.2370 -0.9146
vn 0.3302 0.2373 -0.9136
vn 0.6997 0.2014 -0.6855
vn 0.9991 -0.0277 -0.0324
vn 0.6219 0.1976 -0.7578
vn 0.2356 0.1138 -0.9652
vn 0.0094 -0.1554 0.9878
vn 0.9943 -0.0827 -0.0679
vn 0.9942 -0.0691 0.0820
vn 0.1736 -0.1056 -0.9791
vn 0.2104 0.0756 0.9747
vn 0.7561 -0.1678 0.6326
vn 0.3414 -0.1551 -0.9270
vn 0.3377 -0.1540 -0.9286
vn 0.3396 -0.1542 -0.9278
vn 0.6309 -0.0118 0.7758
vn 0.6344 -0.0120 0.7729
vn 0.6345 -0.0073 0.7729
vn 0.3540 0.0424 0.9343
vn -0.2842 -0.4106 -0.8664
vn -0.2043 0.1619 0.9654
vn 0.5107 -0.5632 0.6496
vn -0.5013 0.5759 -0.6458
vn -0.2963 0.9482 0.1148
vn -0.2719 -0.3540 -0.8948
vn -0.1863 0.9222 0.3389
vn -0.1864 0.9223 0.3386
vn 0.7768 0.4018 0.4849
vn 0.3480 0.8109 -0.4704
vn -0.7717 -0.3229 -0.5479
vn -0.4683 0.4463 -0.7626
vn -0.0804 -0.6966 0.7130
vn 0.7336 0.3321 0.5929
vn 0.3728 -0.1760 0.9110
vn -0.2731 -0.0727 -0.9592
vn -0.3469 -0.1097 -0.9314
vn 0.6018 0.3316 -0.7266
vn 0.4001 0.1779 -0.8990
vn -0.8781 -0.4045 -0.2557
vn 0.2185 0.1265 0.9676
vn -0.3705 -0.0052 0.9288
vn -0.4562 -0.0275 0.8894
vn 0.3084 0.1440 0.9403
vn 0.4454 -0.1287 0.8861
vn 0.6773 0.2383 -0.6960
vn -0.9596 -0.1215 -0.2539
vn -0.1745 0.3258 -0.9292
vn 0.3870 -0.1129 0.9152
vn 0.1984 -0.1064 0.9743
vn -0.3059 0.0907 -0.9477
vn -0.3316 0.0949 -0.9386
vn 0.6950 -0.1639 -0.7001
vn -0.9319 0.2375 -0.2742
vn 0.3892 0.1084 0.9148
vn 0.5920 0.0042 0.8059
vn 0.6272 -0.0166 0.7787
vn 0.3772 0.1143 0.9190
vn 0.2477 -0.1194 -0.9615
vn 0.2465 -0.1214 -0.9615
vn 0.2461 -0.1199 -0.9618
vn 0.8163 -0.0546 0.5751
vn -0.9623 0.1970 0.1873
vn 0.6720 -0.0550 0.7385
vn 0.2311 -0.1126 -0.9664
vn -0.8769 0.2146 0.4300
vn 0.5371 -0.0110 0.8434
vn 0.4859 0.1184 0.8659
vn -0.6982 0.1044 0.7083
vn 0.1861 -0.1636 -0.9688
vn 0.2853 -0.1317 -0.9494
vn 0.1829 -0.1628 -0.9696
vn -0.2968 0.1314 0.9459
vn 0.1908 0.2464 0.9502
vn 0.9907 0.1321 0.0323
vn 0.9895 0.1340 0.0541
vn 0.2205 -0.1029 -0.9699
vn 0.1884 0.1553 0.9697
vn 0.3466 0.1655 0.9233
vn 0.7394 0.1741 0.6504
vn 0.2205 -0.1498 -0.9638
vn 0.0576 -0.1659 -0.9845
vn 0.6852 0.1795 0.7058
vn 0.2135 0.1200 0.9696
vn 0.9964 -0.0217 0.0818
vn 0.9992 -0.0213 0.0334
vn 0.2105 0.0040 -0.9776
vn 0.1739 -0.0122 0.9847
vn 0.1156 -0.1346 0.9841
vn 0.0856 -0.1249 0.9885
vn 0.5790 -0.0527 -0.8137
vn 0.4166 -0.0018 -0.9091
vn 0.3391 -0.1036 0.9350
vn 0.6116 -0.0510 -0.7895
vn 0.6113 -0.0506 -0.7898
vn 0.6115 -0.0498 -0.7897
vn 0.3519 0.0621 0.9340
vn 0.0600 -0.8749 -0.4806
vn 0.0254 -0.8555 -0.5171
vn -0.9312 0.0619 -0.3593
vn -0.4740 -0.5724 -0.6691
vn -0.1296 0.8849 0.4474
vn 0.8993 0.1320 0.4171
vn 0.4543 0.7404 0.4954
vn 0.3618 0.7243 0.5869
vn 0.8842 -0.3617 -0.2955
vn 0.1245 -0.8072 -0.5770
vn -0.9736 -0.1373 -0.1825
vn -0.2144 0.8178 0.5341
vn 0.4942 0.6309 0.5981
vn 0.1173 -0.6862 -0.7179
vn -0.3519 -0.4529 -0.8192
vn -0.1836 0.6248 0.7589
vn 0.7611 0.2039 0.6158
vn 0.3200 0.5385 0.7795
vn 0.6943 -0.1854 -0.6954
vn 0.6921 -0.1927 -0.6956
vn 0.6908 -0.1883 -0.6981
vn 0.7726 -0.2085 -0.5997
vn -0.7216 0.1917 0.6652
vn -0.5576 0.8300 0.0150
vn -0.9361 -0.0332 -0.3502
vn -0.2208 -0.1057 -0.9696
vn 0.3363 0.2081 0.9185
vn 0.2191 0.2410 0.9455
vn -0.1632 -0.3513 -0.9219
vn -0.8356 0.1044 -0.5393
vn -0.0465 -0.3001 -0.9528
vn 0.2808 -0.1866 -0.9415
vn 0.0803 0.2417 0.9670
vn 0.3331 -0.1484 -0.9311
vn 0.2585 -0.0899 -0.9618
vn 0.3836 -0.1185 0.9159
vn 0.2721 -0.0766 0.9592
vn 0.7829 -0.0769 0.6174
vn -0.8583 0.5048 0.0923
vn -0.7661 0.5397 -0.3491
vn 0.2876 0.0307 -0.9572
vn 0.2683 0.0383 -0.9626
vn -0.3236 -0.0064 0.9462
vn 0.1218 -0.1706 0.9778
vn 0.9820 -0.1856 0.0342
vn 0.9778 -0.1911 0.0865
vn 0.2195 -0.0092 -0.9756
vn 0.1802 -0.0672 0.9813
vn 0.3362 -0.1021 0.9362
vn 0.7138 0.0312 -0.6997
vn 0.9842 -0.1771 -0.0051
vn 0.6430 0.0361 -0.7650
vn 0.2447 0.0139 -0.9695
vn 0.0745 -0.0933 0.9928
vn 0.9852 0.1634 -0.0510
vn 0.9825 0.1732 0.0680
vn 0.1759 -0.0545 -0.9829
vn 0.1734 0.1136 0.9783
vn 0.6926 0.1812 -0.6982
vn 0.3267 0.1133 0.9383
vn 0.2855 -0.0328 -0.9578
vn -0.9430 0.0788 -0.3232
vn -0.9854 0.0846 0.1481
vn -0.3170 0.0347 0.9478
vn 0.3487 0.0708 0.9346
vn 0.8288 0.1875 -0.5271
vn 0.7554 0.1324 -0.6418
vn 0.4618 -0.4002 -0.7916
vn -0.5764 -0.7182 -0.3898
vn -0.5784 0.4002 0.7109
vn -0.4666 0.4560 0.7578
vn 0.2707 -0.1793 -0.9458
vn 0.8155 0.0441 0.5771
vn 0.3676 -0.2405 -0.8984
vn 0.5080 -0.1241 -0.8524
vn -0.9368 0.1316 0.3241
vn -0.5384 0.1963 0.8195
vn 0.4716 0.3724 0.7993
vn 0.7264 -0.0461 -0.6857
vn 0.6332 -0.0148 -0.7739
vn 0.4386 -0.1102 -0.8919
vn -0.9497 -0.1298 -0.2851
vn -0.4380 0.2973 0.8484
vn 0.2338 0.1988 0.9518
vn 0.2725 0.0359 -0.9615
vn -0.9449 0.3237 0.0477
vn 0.7812 -0.3023 0.5462
vn 0.2270 0.0840 -0.9703
vn -0.1774 0.1767 0.9681
vn 0.5674 -0.2329 0.7898
vn 0.7426 -0.0746 0.6655
vn -0.0689 -0.3826 -0.9214
vn -0.9939 0.0516 -0.0977
vn 0.0862 -0.2975 -0.9508
vn 0.2588 -0.2297 -0.9382
vn -0.0177 0.1788 0.9837
vn 0.4238 -0.0039 -0.9057
vn 0.8817 -0.2518 0.3990
vn 0.0148 0.2538 -0.9672
vn 0.7937 -0.2607 0.5497
vn 0.7823 -0.1415 0.6066
vn -0.8133 0.4730 -0.3388
vn -0.2598 0.6551 -0.7095
vn 0.3357 0.5580 -0.7589
vn 0.3355 0.5581 -0.7589
vn -0.3683 -0.5454 0.7529
vn 0.0530 -0.5781 0.8143
vn 0.9986 0.0018 0.0530
vn 0.9905 -0.0318 0.1335
vn 0.2383 0.3383 -0.9104
vn 0.1658 -0.3367 0.9269
vn 0.4065 0.3327 -0.8509
vn 0.4097 0.3269 -0.8517
vn 0.4075 0.3295 -0.8517
vn 0.7178 0.2132 -0.6628
vn 0.1651 -0.2431 0.9558
vn 0.6653 0.2235 -0.7123
vn 0.2792 0.1964 -0.9400
vn -0.0007 -0.2549 0.9670
vn 0.9124 0.1280 0.3887
vn 0.1942 -0.2190 -0.9562
vn 0.0812 -0.2271 -0.9705
vn 0.8996 0.1336 0.4159
vn 0.1761 0.1637 0.9707
vn 0.7722 -0.2832 -0.5687
vn 0.3350 0.3514 0.8743
vn 0.3347 0.3514 0.8744
vn 0.6838 -0.0045 -0.7297
vn 0.6830 -0.0047 -0.7304
vn 0.6833 -0.0039 -0.7302
vn 0.3483 0.0345 0.9367
vn 0.9465 0.2025 0.2512
vn 0.7983 0.5818 -0.1559
vn 0.7983 0.5817 -0.1559
vn -0.0584 0.5420 0.8384
vn -0.2055 0.7049 0.6789
vn 0.7615 0.1953 0.6181
vn 0.7615 0.1953 0.6180
vn 0.9725 0.1114 0.2043
vn 0.9726 0.1114 0.2043
vn -0.2464 0.9677 0.0529
vn -0.1461 0.9405 -0.3069
vn 0.3797 0.7081 0.5953
vn 0.3161 0.9447 -0.0872
vn -0.4447 0.7928 0.4168
vn -0.4447 0.7928 0.4169
vn -0.3809 0.9235 -0.0443
vn -0.4198 0.9072 0.0268
vn -0.4885 0.8563 0.1675
vn -0.3154 0.9364 -0.1541
vn 0.7920 0.6091 0.0414
vn 0.6293 0.5138 -0.5831
vn -0.5678 0.8202 0.0701
vn -0.5575 0.7866 -0.2654
vn -0.1679 0.7630 -0.6242
vn -0.1516 0.3261 -0.9331
vn -0.0126 0.3587 -0.9334
vn 0.1110 0.3140 -0.9429
vn 0.0843 0.3173 -0.9446
vn 0.0651 0.3195 -0.9454
vn 0.1302 0.3115 -0.9413
vn 0.4491 0.8360 0.3152
vn 0.2853 0.9172 -0.2780
vn 0.6613 0.7401 -0.1225
vn -0.5083 0.5812 -0.6355
vn -0.3506 0.6066 -0.7135
vn -0.3568 0.6040 -0.7126
vn -0.2542 0.6417 -0.7236
vn -0.3923 0.5889 -0.7066
vn 0.6920 0.6474 0.3194
vn 0.7724 0.5743 -0.2711
vn -0.5566 0.8276 -0.0731
vn -0.4954 0.8009 -0.3363
vn 0.7290 0.4208 0.5398
vn 0.8928 0.4444 0.0731
vn -0.5126 0.8463 0.1449
vn -0.4777 0.8651 -0.1529
vn 0.9077 0.2360 0.3470
vn 0.8548 0.4935 0.1604
vn 0.9460 0.3193 0.0555
vn -0.5132 0.8573 0.0409
vn -0.3558 0.9286 -0.1053
vn -0.3793 0.9201 -0.0978
vn -0.2341 0.9618 -0.1418
vn -0.4211 0.9031 -0.0841
vn 0.1041 0.8825 -0.4586
vn 0.2613 0.4259 -0.8662
vn -0.8821 0.3307 -0.3355
vn -0.8325 0.0232 -0.5535
vn -0.8325 0.0232 -0.5536
vn -0.5456 -0.4633 -0.6983
vn -0.3792 -0.6131 -0.6930
vn -0.3909 -0.6991 -0.5988
vn -0.3314 -0.6659 -0.6683
vn -0.3316 -0.6662 -0.6680
vn -0.3337 -0.6705 -0.6626
vn -0.3305 -0.6641 -0.6706
vn -0.3079 0.8366 -0.4532
vn 0.2486 0.6921 -0.6776
vn -0.6116 -0.3681 -0.7003
vn -0.3415 -0.4859 -0.8045
vn 0.4847 -0.1061 -0.8682
vn 0.6825 -0.1538 -0.7145
vn 0.6816 -0.2730 -0.6789
vn 0.7157 -0.1758 -0.6759
vn 0.7158 -0.1737 -0.6764
vn 0.7157 -0.1766 -0.6757
vn -0.2670 0.9474 -0.1767
vn 0.2433 0.9400 -0.2393
vn 0.2432 0.9400 -0.2393
vn -0.2856 -0.0225 -0.9581
vn -0.0676 -0.0707 -0.9952
vn -0.4747 0.8637 -0.1693
vn -0.4746 0.8637 -0.1693
vn 0.0303 0.9994 0.0168
vn 0.0664 -0.0397 -0.9970
vn 0.3765 -0.0323 -0.9259
vn 0.3765 -0.0323 -0.9258
vn -0.3166 -0.3817 -0.8684
vn -0.3183 -0.3828 -0.8673
vn -0.1845 -0.3806 -0.9062
vn -0.1882 -0.3824 -0.9046
vn -0.1912 -0.3839 -0.9034
vn -0.1815 -0.3791 -0.9074
vn -0.0158 0.9953 0.0957
vn 0.0959 0.9406 -0.3258
vn 0.2891 0.9478 -0.1345
vn -0.3787 -0.1214 -0.9175
vn -0.1970 0.0019 -0.9804
vn -0.2059 -0.0103 -0.9785
vn -0.1169 0.1096 -0.9871
vn -0.2353 -0.0514 -0.9706
vn -0.4532 0.8376 -0.3051
vn 0.1480 0.8734 -0.4640
vn -0.3622 -0.1898 -0.9126
vn -0.1232 -0.1820 -0.9755
vn 0.8578 0.4873 0.1632
vn 0.8276 0.4787 0.2931
vn 0.2373 -0.1579 0.9585
vn 0.2020 -0.0824 0.9759
vn 0.2011 -0.0863 0.9758
vn 0.2078 -0.0566 0.9765
vn 0.1979 -0.1002 0.9751
vn -0.0055 0.9992 -0.0403
vn -0.0055 0.9992 -0.0404
vn -0.4975 0.8588 0.1225
vn 0.2560 0.0072 0.9667
vn -0.1314 0.0363 0.9907
vn 0.6223 0.7809 -0.0534
vn 0.0013 0.9987 -0.0506
vn 0.2574 -0.0592 0.9645
vn -0.1395 0.0457 0.9892
vn -0.1396 0.0457 0.9892
vn -0.1395 0.0456 0.9892
vn 0.7048 0.6167 -0.3505
vn 0.7049 0.6167 -0.3505
vn 0.2106 0.8032 -0.5572
vn 0.2136 0.4994 0.8396
vn -0.1316 0.5767 0.8063
vn 0.4447 0.3204 0.8364
vn 0.4543 0.3110 0.8348
vn 0.2375 0.3830 0.8927
vn 0.2501 0.3751 0.8926
vn 0.2585 0.3697 0.8925
vn 0.2290 0.3883 0.8926
vn 0.6259 0.4958 0.6020
vn 0.3430 0.3290 0.8798
vn 0.2956 0.4108 0.8625
vn 0.1657 0.4525 0.8762
vn 0.1734 0.4473 0.8774
vn 0.1784 0.4439 0.8782
vn 0.1608 0.4559 0.8754
vn 0.3635 0.7494 0.5534
vn 0.3635 0.7494 0.5535
vn 0.0021 0.8403 0.5421
vn -0.0013 0.1958 0.9806
vn -0.2782 0.3081 0.9098
vn -0.2357 0.2724 0.9328
vn -0.1554 0.2042 0.9665
vn -0.3394 0.3591 0.8694
vn 0.5527 0.6290 0.5468
vn 0.5527 0.6290 0.5467
vn 0.0620 0.6457 0.7611
vn 0.4561 0.1549 0.8763
vn 0.0788 0.2394 0.9677
vn 0.1680 0.1993 0.9654
vn 0.2679 0.1513 0.9515
vn 0.0062 0.2700 0.9628
vn 0.4306 0.6780 0.5957
vn -0.0679 0.7062 0.7047
vn 0.2761 0.1596 0.9478
vn 0.2760 0.1596 0.9478
vn -0.1220 0.2605 0.9577
vn -0.0155 0.2120 0.9771
vn 0.0917 0.1604 0.9828
vn -0.1966 0.2927 0.9358
vn -0.1031 0.7328 -0.6726
vn 0.0782 0.1068 -0.9912
vn -0.2227 -0.1891 -0.9564
vn 0.0384 -0.0360 -0.9986
vn 0.0330 -0.0405 -0.9986
vn -0.0461 -0.1069 -0.9932
vn 0.0661 -0.0126 -0.9977
vn -0.2618 0.9638 -0.0502
vn 0.4331 0.8002 -0.4149
vn -0.5852 0.1583 -0.7953
vn -0.5851 0.1583 -0.7953
vn -0.3128 0.0613 -0.9478
vn -0.3481 0.8172 -0.4594
vn -0.2122 0.3213 -0.9229
vn -0.4754 -0.0206 -0.8795
vn -0.2357 0.1190 -0.9645
vn -0.2421 0.1136 -0.9636
vn -0.2999 0.0643 -0.9518
vn -0.2153 0.1359 -0.9671
vn -0.1832 0.8497 -0.4944
vn -0.0070 0.9054 -0.4245
vn -0.2642 0.8118 -0.5207
vn 0.0413 0.9145 -0.4025
vn -0.0607 0.5684 -0.8205
vn -0.6598 -0.1265 -0.7407
vn -0.5385 -0.2347 -0.8093
vn -0.0456 0.7090 -0.7038
vn 0.3446 0.9168 -0.2018
vn 0.7761 -0.2949 -0.5574
vn 0.9324 -0.1000 -0.3473
vn -0.1693 0.6062 -0.7771
vn 0.5331 0.5858 -0.6105
vn 0.0343 -0.5167 -0.8555
vn 0.0343 -0.5168 -0.8554
vn 0.3276 -0.5226 -0.7871
vn -0.5407 -0.2370 -0.8072
vn -0.5502 -0.2374 -0.8006
vn -0.4251 -0.2945 -0.8559
vn -0.4306 -0.2943 -0.8532
vn -0.4333 -0.2942 -0.8519
vn -0.4225 -0.2945 -0.8572
vn 0.6805 0.1520 -0.7169
vn 0.7524 -0.0758 -0.6543
vn 0.8565 0.1202 -0.5020
vn 0.5495 -0.3853 -0.7414
vn 0.6770 -0.2865 -0.6779
vn 0.6740 -0.2901 -0.6794
vn 0.7419 -0.2024 -0.6392
vn 0.6521 -0.3153 -0.6895
vn -0.2204 0.3783 -0.8991
vn 0.3945 0.3723 -0.8401
vn 0.0007 -0.3269 -0.9451
vn 0.4055 -0.2186 -0.8876
vn 0.3439 -0.2599 -0.9023
vn 0.2167 -0.3370 -0.9162
vn 0.4939 -0.1540 -0.8558
vn 0.5546 0.6609 -0.5055
vn 0.5822 0.6610 -0.4733
vn 0.9605 0.2389 0.1427
vn 0.9422 0.2775 0.1879
vn 0.9420 0.2779 0.1880
vn 0.9376 0.2920 0.1890
vn 0.9450 0.2683 0.1873
vn 0.5891 0.7554 0.2868
vn 0.1552 0.5991 0.7855
vn 0.1469 0.1268 0.9810
vn 0.0046 0.3591 0.9333
vn 0.0060 0.3553 0.9347
vn 0.0336 0.2760 0.9606
vn -0.0061 0.3891 0.9212
vn 0.7635 0.1215 0.6342
vn 0.7893 0.0978 0.6061
vn 0.5622 0.1169 0.8187
vn 0.5742 0.1113 0.8111
vn 0.5813 0.1080 0.8065
vn 0.5551 0.1203 0.8231
vn 0.6839 0.5144 -0.5175
vn 0.7834 0.6152 0.0879
vn 0.8921 0.4152 0.1784
vn 0.7993 0.5804 0.1557
vn 0.7970 0.5841 0.1536
vn 0.8257 0.5345 0.1804
vn 0.7855 0.6020 0.1435
vn 0.5205 0.6276 -0.5789
vn 0.0044 0.5286 -0.8488
vn 0.0044 0.5286 -0.8489
vn -0.1701 0.8271 0.5357
vn -0.4608 0.7670 0.4465
vn 0.3154 0.4373 -0.8422
vn -0.2283 0.5907 -0.7739
vn -0.2284 0.5906 -0.7739
vn 0.5228 0.7615 0.3832
vn 0.2621 0.8296 0.4930
vn -0.1743 0.7269 -0.6643
vn -0.0952 0.9366 -0.3374
vn -0.3870 0.8426 -0.3745
vn 0.7029 0.5759 0.4175
vn 0.5928 0.6500 0.4755
vn 0.5919 0.6508 0.4755
vn 0.5452 0.6920 0.4732
vn 0.6145 0.6292 0.4759
vn 0.4149 0.8379 0.3546
vn 0.0583 0.8378 0.5428
vn 0.4405 0.4987 0.7465
vn 0.1142 0.5427 0.8321
vn 0.2060 0.5187 0.8298
vn 0.2948 0.4904 0.8201
vn 0.0505 0.5563 0.8294
vn 0.3292 0.9442 -0.0080
vn -0.0113 0.9660 0.2581
vn 0.5809 0.5363 0.6123
vn 0.2559 0.6163 0.7447
vn 0.3358 0.5896 0.7345
vn 0.4614 0.5367 0.7064
vn 0.1523 0.6437 0.7499
vn -0.0502 0.8611 -0.5060
vn -0.2104 0.9730 -0.0946
vn 0.9768 0.2016 0.0720
vn 0.9234 0.2208 0.3141
vn -0.2737 0.9616 -0.0192
vn 0.0951 0.9736 0.2073
vn 0.2918 0.2969 -0.9092
vn 0.4866 0.2397 -0.8401
vn -0.0168 0.9385 -0.3449
vn 0.1889 0.9736 0.1284
vn 0.8389 0.0793 -0.5385
vn 0.9379 0.0538 -0.3427
vn -0.5420 0.7815 -0.3090
vn -0.5421 0.7815 -0.3090
vn -0.4632 0.7624 0.4519
vn 0.7175 0.6488 -0.2536
vn 0.7493 0.6435 0.1562
vn -0.6299 0.4585 -0.6269
vn -0.2279 0.2069 -0.9515
vn -0.1684 0.3345 -0.9272
vn 0.0202 0.4319 -0.9017
vn -0.0068 0.4089 -0.9126
vn -0.0311 0.3877 -0.9213
vn 0.0450 0.4524 -0.8907
vn -0.6116 0.6833 -0.3988
vn 0.1274 0.8359 -0.5339
vn 0.4418 0.4892 -0.7519
vn 0.3752 0.7145 -0.5905
vn 0.3695 0.7230 -0.5837
vn 0.4263 0.6293 -0.6498
vn 0.3495 0.7512 -0.5599
vn -0.1169 0.9924 -0.0381
vn 0.3254 0.8072 0.4925
vn 0.6825 0.4212 -0.5973
vn 0.8445 0.3852 -0.3721
vn -0.1921 0.8227 -0.5351
vn 0.4410 0.8430 -0.3078
vn 0.2165 0.3990 -0.8910
vn 0.5950 0.4654 -0.6552
vn 0.5397 0.4381 -0.7188
vn 0.4453 0.3889 -0.8065
vn 0.6529 0.4922 -0.5757
vn 0.4848 0.3811 -0.7872
vn 0.4752 0.3735 -0.7967
vn 0.7019 0.3615 -0.6137
vn 0.6917 0.3573 -0.6276
vn 0.6790 0.3520 -0.6443
vn 0.7142 0.3666 -0.5963
vn -0.4797 0.5874 -0.6518
vn -0.4745 0.5866 -0.6563
vn -0.3940 0.5170 -0.7599
vn -0.4004 0.5193 -0.7549
vn -0.4090 0.5224 -0.7482
vn -0.3853 0.5139 -0.7665
vn 0.1282 0.6694 0.7317
vn -0.4130 0.6843 0.6010
vn -0.3850 0.7715 0.5066
vn -0.4187 0.8034 0.4234
vn -0.4184 0.7991 0.4317
vn -0.4181 0.7969 0.4360
vn -0.4189 0.8055 0.4191
vn 0.9805 0.1215 0.1544
vn 0.9749 0.1457 0.1682
vn 0.9915 0.0567 0.1171
vn 0.9153 0.3084 0.2592
vn 0.9940 -0.0607 -0.0908
vn -0.1154 0.9744 0.1930
vn 0.0283 0.9962 0.0820
vn -0.1970 0.9699 -0.1432
vn 0.3734 0.9226 -0.0967
vn -0.0713 0.9820 -0.1749
vn 0.1124 0.9097 -0.3997
vn -0.5395 0.8245 0.1708
vn -0.5187 0.8536 0.0472
vn -0.5171 0.8548 0.0443
vn -0.4855 0.8742 -0.0121
vn -0.5315 0.8441 0.0713
vn 0.5628 0.7742 0.2896
vn 0.6433 0.7390 -0.2002
vn 0.6433 0.7389 -0.2003
vn -0.4759 0.8788 -0.0349
vn -0.4759 0.8788 -0.0348
vn -0.4700 0.8511 -0.2340
vn 0.8695 0.4545 0.1933
vn 0.8695 0.4546 0.1933
vn 0.7964 0.4446 -0.4100
vn -0.3895 0.9009 0.1917
vn -0.3895 0.9008 0.1917
vn -0.4332 0.8959 -0.0982
vn -0.5137 0.6867 -0.5144
vn -0.5244 0.6858 -0.5047
vn -0.4475 0.6257 -0.6390
vn -0.4528 0.6265 -0.6345
vn -0.4568 0.6271 -0.6310
vn -0.4435 0.6250 -0.6424
vn 0.7371 0.4515 0.5029
vn 0.5698 0.7458 0.3451
vn 0.7727 0.6216 0.1287
vn -0.4448 0.8276 0.3424
vn -0.3945 0.8963 0.2024
vn -0.3920 0.8978 0.2007
vn -0.3448 0.9235 0.1682
vn -0.4178 0.8818 0.2186
vn 0.9042 0.3843 0.1865
vn 0.9025 0.3774 -0.2078
vn 0.9025 0.3773 -0.2078
vn -0.4056 0.9048 0.1296
vn -0.4216 0.9026 -0.0876
vn -0.4216 0.9026 -0.0875
vn -0.4215 0.9026 -0.0876
vn -0.4339 0.8631 -0.2583
vn 0.0624 0.8824 -0.4663
vn -0.4889 0.3661 -0.7918
vn -0.3168 0.3874 -0.8658
vn -0.9200 0.3332 0.2065
vn -0.9917 0.1083 0.0685
vn -0.9667 -0.0412 0.2527
vn -0.9893 0.1236 0.0781
vn -0.9896 0.1167 0.0841
vn -0.9898 0.0723 0.1227
vn -0.9885 0.1347 0.0684
vn -0.0951 0.9849 0.1445
vn -0.4313 0.8580 -0.2790
vn -0.0556 0.9527 -0.2988
vn -0.9145 0.2481 -0.3195
vn -0.8299 0.3646 -0.4224
vn -0.8309 0.3629 -0.4217
vn -0.7726 0.4445 -0.4534
vn -0.8508 0.3308 -0.4084
vn -0.7766 0.5092 -0.3709
vn -0.4740 0.6902 -0.5467
vn -0.5200 0.8209 -0.2360
vn 0.3739 0.0332 -0.9269
vn 0.4367 0.2152 -0.8735
vn 0.4374 0.2117 -0.8740
vn 0.4165 0.3079 -0.8554
vn 0.4453 0.1682 -0.8795
vn 0.0041 0.7045 -0.7097
vn 0.5828 0.4560 -0.6726
vn -0.2365 -0.2558 -0.9374
vn -0.2366 -0.2558 -0.9373
vn 0.0375 -0.2653 -0.9634
vn -0.5275 0.8487 -0.0382
vn 0.0726 0.9973 0.0066
vn -0.1740 -0.0789 -0.9816
vn 0.2193 -0.0190 -0.9755
vn -0.2734 0.9535 -0.1266
vn -0.4430 0.8198 -0.3628
vn -0.8520 -0.0675 -0.5191
vn -0.7761 0.0010 -0.6306
vn -0.7744 0.0043 -0.6327
vn -0.7444 0.0578 -0.6652
vn -0.7879 -0.0224 -0.6154
vn 0.3430 0.9342 0.0978
vn 0.4352 0.8583 -0.2717
vn 0.5644 0.8135 -0.1406
vn -0.2952 0.0878 -0.9514
vn -0.0603 0.2045 -0.9770
vn -0.0639 0.2016 -0.9774
vn 0.0441 0.2853 -0.9574
vn -0.1080 0.1661 -0.9802
vn -0.5604 0.8178 -0.1309
vn 0.0206 0.8758 -0.4822
vn -0.6189 -0.0381 -0.7846
vn -0.4043 -0.0121 -0.9146
vn -0.4926 0.8612 0.1255
vn -0.1639 0.9623 -0.2172
vn -0.7883 0.1598 -0.5942
vn -0.3959 0.2681 -0.8783
vn -0.5172 0.2113 -0.8294
vn -0.6448 0.1399 -0.7514
vn -0.2755 0.3162 -0.9078
vn -0.5989 0.7869 0.1485
vn -0.2347 0.9719 -0.0166
vn -0.6683 0.1117 -0.7354
vn -0.4605 0.1194 -0.8796
vn -0.4605 0.1193 -0.8796
vn -0.4604 0.1194 -0.8796
vn 0.0909 0.9585 0.2702
vn 0.3038 0.9517 -0.0434
vn -0.9088 0.2392 -0.3419
vn -0.9088 0.2391 -0.3419
vn -0.8211 0.1958 -0.5361
vn -0.7423 0.6486 0.1681
vn -0.8409 0.5410 -0.0103
vn -0.9041 0.4238 0.0544
vn -0.8656 0.4993 -0.0391
vn -0.8652 0.4998 -0.0394
vn -0.8629 0.5037 -0.0421
vn -0.8663 0.4981 -0.0382
vn -0.1916 0.2427 -0.9510
vn -0.1837 0.2394 -0.9534
vn -0.1896 0.2386 -0.9524
vn -0.1816 0.2352 -0.9548
vn 0.0418 0.6134 0.7887
vn -0.4063 0.6555 0.6366
vn -0.5793 0.4475 0.6813
vn -0.5433 0.5912 0.5961
vn -0.5446 0.5890 0.5970
vn -0.5733 0.5368 0.6190
vn -0.5294 0.6144 0.5851
vn -0.8245 0.4255 0.3729
vn -0.8195 0.4088 0.4017
vn -0.8974 0.4392 0.0420
vn -0.9003 0.4261 0.0890
vn -0.9011 0.4140 0.1294
vn -0.8930 0.4501 -0.0001
vn -0.4572 0.8682 0.1928
vn -0.7312 0.6280 0.2663
vn -0.7115 0.7003 -0.0579
vn -0.6915 0.2741 0.6684
vn -0.7795 0.3374 0.5277
vn -0.7812 0.3403 0.5233
vn -0.8071 0.3891 0.4440
vn -0.7681 0.3187 0.5554
vn -0.7405 0.3760 0.5570
vn -0.7316 0.3525 0.5836
vn -0.8901 0.3949 0.2274
vn -0.8876 0.3855 0.2523
vn -0.8826 0.3710 0.2888
vn -0.8928 0.4086 0.1896
vn 0.5943 0.7837 -0.1805
vn 0.8685 0.4956 -0.0041
vn 0.3993 -0.1542 -0.9037
vn 0.5942 -0.1954 -0.7802
vn 0.5942 -0.1954 -0.7803
vn 0.5941 -0.1954 -0.7803
vn 0.2054 0.1998 -0.9581
vn 0.1066 -0.2302 -0.9673
vn -0.2319 -0.1841 -0.9552
vn 0.1419 -0.1702 -0.9751
vn 0.1256 -0.1728 -0.9769
vn 0.0016 -0.1909 -0.9816
vn 0.1731 -0.1650 -0.9710
vn -0.2494 0.9566 -0.1509
vn 0.2874 0.9530 0.0958
vn 0.1561 -0.0491 -0.9865
vn 0.4881 -0.1048 -0.8665
vn 0.8044 -0.0024 -0.5941
vn 0.7985 -0.0092 -0.6019
vn 0.9305 0.0126 -0.3660
vn 0.9255 0.0063 -0.3788
vn 0.9200 -0.0001 -0.3919
vn 0.9355 0.0190 -0.3527
vn 0.8555 0.4404 -0.2722
vn 0.9912 0.0995 0.0874
vn 0.9712 0.1927 0.1402
vn 0.9308 0.2202 0.2918
vn 0.9348 0.2143 0.2831
vn 0.9387 0.2086 0.2745
vn 0.9268 0.2258 0.3001
vn 0.9421 0.0897 -0.3231
vn 0.9387 0.0825 -0.3347
vn 0.9872 0.0969 -0.1266
vn 0.9862 0.0922 -0.1378
vn 0.9854 0.0891 -0.1451
vn 0.9878 0.0999 -0.1193
vn -0.0382 0.5585 -0.8286
vn 0.3370 0.4105 -0.8473
vn 0.2865 0.6359 -0.7166
vn 0.5865 -0.1023 -0.8035
vn 0.6443 -0.0317 -0.7641
vn 0.6435 -0.0367 -0.7646
vn 0.6496 0.0050 -0.7602
vn 0.6407 -0.0536 -0.7659
vn -0.2110 0.6851 -0.6972
vn -0.2641 0.9247 -0.2742
vn 0.9448 0.1685 -0.2811
vn 0.9672 0.2531 -0.0221
vn 0.9672 0.2531 -0.0222
vn 0.2776 0.6218 -0.7323
vn 0.7234 0.6586 -0.2070
vn 0.6772 -0.0497 -0.7342
vn 0.8361 -0.0358 -0.5474
vn 0.1377 0.8995 -0.4147
vn -0.1842 0.9782 0.0963
vn 0.9366 0.1492 0.3171
vn 0.7862 0.1591 0.5972
vn 0.9361 0.0481 -0.3485
vn 0.9654 -0.0870 -0.2458
vn 0.9833 -0.1088 -0.1460
vn 0.9826 -0.1096 -0.1503
vn 0.9820 -0.1101 -0.1533
vn 0.9838 -0.1082 -0.1431
vn 0.4231 0.8393 -0.3413
vn 0.4231 0.8394 -0.3413
vn 0.3182 0.8672 0.3830
vn 0.3183 0.8672 0.3830
vn 1.0000 -0.0001 0.0001
vn 0.9602 -0.0311 0.2776
vn 0.4627 0.7189 -0.5187
vn 0.5581 0.7237 -0.4058
vn 0.9278 0.2038 0.3125
vn 0.9010 0.2590 0.3481
vn 0.9021 0.2543 0.3487
vn 0.8960 0.2794 0.3451
vn 0.9045 0.2436 0.3502
vn 0.4466 0.6445 -0.6206
vn 0.2015 0.8735 -0.4431
vn 0.0932 0.7452 -0.6603
vn -0.0437 0.5215 0.8521
vn -0.1889 0.6426 0.7425
vn -0.1853 0.6341 0.7507
vn -0.2227 0.7210 0.6562
vn -0.1709 0.5996 0.7819
vn 0.5027 0.8645 0.0011
vn 0.4295 0.7636 0.4822
vn 0.5839 0.3000 0.7543
vn 0.4190 0.4814 0.7699
vn 0.4278 0.4703 0.7719
vn 0.4825 0.3957 0.7814
vn 0.3959 0.5098 0.7638
vn 0.7120 0.7020 -0.0170
vn 0.3621 0.7394 0.5676
vn 0.9058 0.1171 0.4073
vn 0.7778 0.1237 0.6163
vn 0.7777 0.1237 0.6163
vn 0.6543 0.7545 -0.0521
vn 0.6542 0.7545 -0.0521
vn 0.4633 0.8056 0.3692
vn 0.9263 0.1090 0.3606
vn 0.6922 0.2358 0.6821
vn 0.7762 0.1772 0.6051
vn 0.8511 0.1121 0.5129
vn 0.6181 0.2792 0.7349
vn 0.9141 0.0621 0.4008
vn 0.9165 0.0586 0.3957
vn 0.8417 0.0674 0.5358
vn 0.8456 0.0642 0.5300
vn 0.8485 0.0617 0.5256
vn 0.8387 0.0698 0.5401
vn -0.5197 0.7764 -0.3565
vn -0.3472 0.9283 -0.1330
vn -0.5634 0.8257 -0.0272
vn 0.8668 0.4966 0.0458
vn 0.8014 0.5689 0.1848
vn 0.8039 0.5659 0.1829
vn 0.7531 0.6203 0.2192
vn 0.8247 0.5405 0.1663
vn -0.1178 0.8647 -0.4883
vn -0.0178 0.9768 0.2136
vn 0.8469 0.4007 -0.3496
vn 0.9198 0.3873 -0.0624
vn 0.8416 0.2663 -0.4699
vn 0.8408 0.2653 -0.4718
vn 0.9202 0.2562 -0.2960
vn 0.9180 0.2540 -0.3045
vn 0.9165 0.2524 -0.3105
vn 0.9217 0.2577 -0.2899
vn 0.4917 0.7863 0.3740
vn 0.5665 0.7722 -0.2878
vn 0.5664 0.7706 -0.2920
vn 0.6898 0.7189 -0.0851
vn 0.6903 0.7198 -0.0730
vn 0.6905 0.7231 0.0169
vn 0.6780 0.7021 -0.2176
vn -0.0920 0.8255 -0.5569
vn 0.2448 0.7819 -0.5733
vn 0.2809 0.6402 -0.7150
vn 0.3069 0.7458 -0.5912
vn 0.3069 0.7457 -0.5914
vn 0.3071 0.7445 -0.5928
vn 0.3068 0.7462 -0.5908
vn -0.9207 0.2017 0.3340
vn -0.9222 0.2208 0.3176
vn -0.9146 0.1540 0.3739
vn -0.9181 0.3346 0.2123
vn -0.8301 0.0704 0.5531
vn 0.0170 0.9273 -0.3740
vn -0.0231 0.9664 -0.2561
vn 0.2111 0.9592 -0.1881
vn 0.3793 0.5783 -0.7223
vn 0.3612 0.5522 -0.7514
vn 0.5334 0.5785 -0.6171
vn 0.5307 0.5761 -0.6217
vn 0.5287 0.5742 -0.6251
vn 0.5354 0.5802 -0.6137
vn -0.0510 0.9987 0.0007
vn 0.5055 0.8566 0.1033
vn 0.2961 0.8519 0.4321
vn 0.7923 0.5487 -0.2667
vn 0.8056 0.5834 -0.1033
vn 0.8040 0.5868 -0.0961
vn 0.7821 0.6230 -0.0118
vn 0.8118 0.5679 -0.1355
vn -0.0403 0.9386 -0.3427
vn 0.3217 0.9318 0.1680
vn 0.5930 0.6014 -0.5354
vn 0.7227 0.5936 -0.3539
vn 0.8469 0.4896 0.2074
vn 0.8027 0.5391 -0.2549
vn 0.8028 0.5391 -0.2549
vn -0.5971 0.7821 0.1783
vn -0.5497 0.8137 -0.1887
vn -0.5497 0.8137 -0.1888
vn -0.5340 0.8348 0.1338
vn -0.5167 0.7605 -0.3933
vn -0.6535 0.5860 -0.4792
vn -0.5353 0.7033 -0.4678
vn -0.5308 0.7084 -0.4652
vn -0.5701 0.6611 -0.4877
vn -0.5165 0.7242 -0.4568
vn -0.1717 0.8708 0.4607
vn 0.1371 0.9893 -0.0499
vn -0.7292 0.6531 -0.2042
vn -0.4591 0.7485 -0.4786
vn -0.4940 0.7352 -0.4641
vn -0.6265 0.6700 -0.3983
vn -0.3380 0.7837 -0.5211
vn -0.5755 0.8117 0.0994
vn -0.2586 0.9625 -0.0821
vn -0.3252 0.9118 0.2508
vn 0.4067 0.4002 -0.8212
vn 0.4661 0.5014 -0.7289
vn 0.4674 0.4833 -0.7402
vn 0.4604 0.5610 -0.6880
vn 0.4685 0.4617 -0.7532
vn -0.1880 0.7653 -0.6156
vn 0.2241 0.8681 -0.4429
vn 0.3418 0.3295 -0.8801
vn 0.6162 0.4012 -0.6777
vn 0.5775 0.3682 -0.7286
vn 0.5198 0.3201 -0.7921
vn 0.6553 0.4352 -0.6174
vn 0.0486 0.4109 -0.9104
vn 0.0095 0.3871 -0.9220
vn 0.3097 0.3854 -0.8692
vn 0.2932 0.3799 -0.8773
vn 0.2782 0.3749 -0.8843
vn 0.3245 0.3901 -0.8617
vn -0.3441 0.8222 -0.4534
vn -0.1500 0.4452 -0.8828
vn -0.0317 0.5264 -0.8497
vn 0.0746 0.5222 -0.8495
vn 0.0596 0.5189 -0.8528
vn 0.0463 0.5158 -0.8555
vn 0.0879 0.5251 -0.8465
vn -0.7017 0.4438 -0.5574
vn -0.6951 0.4469 -0.5632
vn -0.4903 0.4608 -0.7398
vn -0.5267 0.4538 -0.7188
vn -0.5673 0.4447 -0.6931
vn -0.4460 0.4680 -0.7629
vn -0.5349 0.7474 -0.3940
vn -0.4543 0.4580 -0.7641
vn -0.3251 0.5267 -0.7854
vn -0.1818 0.5308 -0.8278
vn -0.2235 0.5241 -0.8218
vn -0.2459 0.5201 -0.8179
vn -0.1589 0.5340 -0.8304
vn 0.3594 0.2585 0.8967
vn 0.1550 0.0776 0.9849
vn 0.2017 -0.1196 0.9721
vn 0.0991 -0.0261 0.9947
vn 0.1000 -0.0275 0.9946
vn 0.1059 -0.0375 0.9937
vn 0.0970 -0.0226 0.9950
vn -0.9371 0.0576 0.3443
vn -0.9330 0.0435 0.3574
vn -0.9876 0.1163 0.1057
vn -0.9872 0.1087 0.1167
vn -0.9868 0.1026 0.1254
vn -0.9877 0.1223 0.0970
vn 0.0398 0.6518 0.7573
vn -0.6126 0.7154 0.3361
vn -0.4280 0.0143 0.9037
vn -0.6634 0.0286 0.7477
vn 0.6279 0.6166 0.4749
vn 0.6279 0.6165 0.4749
vn -0.0643 0.7143 0.6969
vn -0.0643 0.7143 0.6968
vn 0.4174 -0.2011 0.8862
vn 0.1547 -0.1460 0.9771
vn -0.1873 0.9724 0.1389
vn -0.1872 0.9725 0.1389
vn -0.2555 0.8287 0.4980
vn 0.9918 0.1131 0.0593
vn 0.9509 0.0058 0.3094
vn 0.3140 0.9370 -0.1529
vn -0.0918 0.9328 0.3484
vn 0.8860 -0.1365 0.4432
vn 0.8860 -0.1365 0.4431
vn 0.6734 -0.1641 0.7208
vn 0.5758 0.7370 0.3539
vn 0.0215 0.9813 0.1911
vn 0.0215 0.9814 0.1910
vn -0.1178 0.0046 0.9930
vn -0.3572 0.0734 0.9311
vn -0.3572 0.0734 0.9312
vn 0.5203 0.8264 -0.2155
vn 0.0882 0.9880 -0.1268
vn 0.5700 0.1064 0.8147
vn 0.2814 0.1286 0.9509
vn 0.5280 0.6463 0.5510
vn -0.0491 0.7010 0.7114
vn 0.3403 -0.1252 0.9319
vn 0.3404 -0.1252 0.9319
vn 0.1374 -0.1158 0.9837
vn 0.3023 0.4906 -0.8172
vn 0.3790 0.7048 -0.5997
vn 0.2701 0.4085 -0.8719
vn 0.6156 0.6683 -0.4176
vn 0.6156 0.6683 -0.4175
vn 0.3796 0.3694 -0.8482
vn 0.2067 0.2540 -0.9449
vn 0.5273 0.2944 -0.7971
vn -0.0482 0.8149 -0.5776
vn -0.2493 0.7900 -0.5601
vn 0.0486 0.8149 -0.5775
vn -0.3020 0.7777 -0.5514
vn 0.0605 0.9839 -0.1681
vn 0.8628 0.4951 0.1020
vn 0.8158 0.5220 0.2487
vn 0.8158 0.5221 0.2487
vn 0.3327 0.6487 -0.6845
vn 0.8340 0.3028 -0.4613
vn 0.8179 0.4286 -0.3838
vn 0.8391 0.4601 -0.2902
vn 0.8395 0.4537 -0.2990
vn 0.8399 0.4458 -0.3096
vn 0.8385 0.4678 -0.2794
vn 0.1754 0.5780 -0.7969
vn 0.0983 0.4634 -0.8807
vn -0.1125 0.4874 -0.8659
vn 0.2079 0.5187 -0.8293
vn 0.1973 0.5182 -0.8322
vn 0.0827 0.5082 -0.8572
vn 0.2321 0.5198 -0.8222
vn -0.0947 0.9953 0.0226
vn 0.2741 0.8387 -0.4706
vn 0.0706 0.6303 -0.7731
vn 0.2897 0.7225 -0.6277
vn 0.2828 0.7187 -0.6352
vn 0.2290 0.6865 -0.6901
vn 0.3080 0.7324 -0.6073
vn 0.7171 0.5112 0.4738
vn 0.6552 0.4473 0.6088
vn 0.7049 0.4597 -0.5402
vn 0.8349 0.4171 -0.3592
vn 0.8359 0.4170 -0.3569
vn 0.8787 0.4093 -0.2458
vn 0.8151 0.4184 -0.4006
vn -0.1101 0.9929 -0.0449
vn -0.1440 0.8760 0.4604
vn -0.1441 0.8759 0.4604
vn 0.8959 0.4394 0.0656
vn 0.8774 0.4055 0.2565
vn -0.3115 0.8749 -0.3708
vn -0.3114 0.8749 -0.3708
vn 0.1975 0.9727 0.1218
vn 0.4622 0.5030 -0.7303
vn 0.6658 0.5014 -0.5526
vn 0.6658 0.5014 -0.5525
vn 0.3578 0.8836 -0.3022
vn 0.7658 0.6083 -0.2086
vn 0.8325 0.3793 -0.4039
vn 0.8364 0.4986 -0.2275
vn 0.8367 0.4975 -0.2288
vn 0.8434 0.4709 -0.2587
vn 0.8339 0.5073 -0.2175
vt 0.026290 0.001953
vt 0.002134 0.008435
vt 0.001953 0.001953
vt 0.035851 0.008435
vt 0.060397 0.001953
vt 0.060547 0.008435
vt 0.025816 0.040195
vt 0.021818 0.046155
vt 0.001953 0.040195
vt 0.001953 0.046155
vt 0.060293 0.040195
vt 0.060194 0.046155
vt 0.026320 0.077518
vt 0.020996 0.082944
vt 0.001953 0.077518
vt 0.001953 0.082944
vt 0.060395 0.077518
vt 0.060288 0.082944
vt 0.026321 0.112736
vt 0.002099 0.117196
vt 0.001953 0.112736
vt 0.036161 0.117196
vt 0.060392 0.112736
vt 0.060547 0.117196
vt 0.060402 0.144601
vt 0.060259 0.154420
vt 0.006966 0.144601
vt 0.003963 0.154420
vt 0.058447 0.211368
vt 0.004006 0.217974
vt 0.002248 0.211368
vt 0.060260 0.217974
vt 0.060398 0.245528
vt 0.060257 0.255532
vt 0.006780 0.245528
vt 0.003921 0.255532
vt 0.028159 0.275135
vt 0.029979 0.281469
vt 0.001953 0.275135
vt 0.001953 0.281469
vt 0.060547 0.275135
vt 0.060547 0.281469
vt 0.025724 0.313028
vt 0.022124 0.319150
vt 0.001953 0.313028
vt 0.001953 0.319150
vt 0.060225 0.313028
vt 0.060171 0.319150
vt 0.002192 0.350974
vt 0.020595 0.356663
vt 0.001953 0.356663
vt 0.040939 0.350974
vt 0.060120 0.356663
vt 0.060547 0.350974
vt 0.041005 0.386891
vt 0.036395 0.392413
vt 0.002243 0.386891
vt 0.002152 0.392413
vt 0.060547 0.386891
vt 0.060547 0.392413
vt 0.026421 0.422779
vt 0.021966 0.435942
vt 0.001953 0.422779
vt 0.001953 0.435942
vt 0.060380 0.422779
vt 0.060246 0.435942
vt 0.068696 0.001953
vt 0.083993 0.008861
vt 0.064453 0.008861
vt 0.122885 0.001953
vt 0.122759 0.008861
vt 0.069402 0.037970
vt 0.117993 0.049988
vt 0.064598 0.049988
vt 0.122900 0.037970
vt 0.088863 0.068567
vt 0.064622 0.080678
vt 0.064453 0.068567
vt 0.098952 0.080678
vt 0.122902 0.068567
vt 0.123047 0.080678
vt 0.090418 0.127970
vt 0.064603 0.139832
vt 0.064453 0.127970
vt 0.100102 0.139832
vt 0.122546 0.127970
vt 0.123047 0.139832
vt 0.090565 0.186965
vt 0.064677 0.197689
vt 0.064453 0.186965
vt 0.098579 0.197689
vt 0.122435 0.186965
vt 0.123047 0.197689
vt 0.103537 0.242458
vt 0.098687 0.253033
vt 0.064746 0.242458
vt 0.064598 0.253033
vt 0.123047 0.242458
vt 0.123047 0.253033
vt 0.103510 0.297471
vt 0.098652 0.310951
vt 0.064744 0.297471
vt 0.064600 0.310951
vt 0.123047 0.297471
vt 0.123047 0.310951
vt 0.103447 0.373829
vt 0.098871 0.380514
vt 0.064854 0.373829
vt 0.064607 0.380514
vt 0.123047 0.373829
vt 0.123047 0.380514
vt 0.120917 0.408555
vt 0.118001 0.420045
vt 0.064742 0.408555
vt 0.064598 0.420045
vt 0.064856 0.438667
vt 0.083531 0.450386
vt 0.064453 0.450386
vt 0.103336 0.438667
vt 0.122715 0.450386
vt 0.123047 0.438667
vt 0.165509 0.001953
vt 0.161016 0.012244
vt 0.127376 0.001953
vt 0.127150 0.012244
vt 0.185547 0.001953
vt 0.185547 0.012244
vt 0.127240 0.055518
vt 0.153693 0.064992
vt 0.126953 0.064992
vt 0.165995 0.055518
vt 0.185547 0.055518
vt 0.185547 0.064992
vt 0.165829 0.106339
vt 0.161135 0.115623
vt 0.127276 0.106339
vt 0.127099 0.115623
vt 0.185547 0.106339
vt 0.185547 0.115623
vt 0.183250 0.156386
vt 0.161396 0.167757
vt 0.127260 0.156386
vt 0.127151 0.167757
vt 0.185547 0.167757
vt 0.133362 0.223856
vt 0.146856 0.231366
vt 0.126953 0.231366
vt 0.185334 0.223856
vt 0.185109 0.231366
vt 0.185402 0.260672
vt 0.185254 0.272497
vt 0.131945 0.260672
vt 0.129023 0.272497
vt 0.151288 0.293590
vt 0.127100 0.299414
vt 0.126953 0.293590
vt 0.161778 0.299414
vt 0.185394 0.293590
vt 0.185547 0.299414
vt 0.166602 0.329839
vt 0.162330 0.335207
vt 0.127326 0.329839
vt 0.127107 0.335207
vt 0.185547 0.329839
vt 0.185547 0.335207
vt 0.165651 0.364545
vt 0.161996 0.369305
vt 0.127709 0.364545
vt 0.127159 0.369305
vt 0.185547 0.364545
vt 0.185547 0.369305
vt 0.166098 0.397343
vt 0.161574 0.401246
vt 0.127236 0.397343
vt 0.127098 0.401246
vt 0.185547 0.397343
vt 0.185547 0.401246
vt 0.165974 0.427111
vt 0.161270 0.437921
vt 0.127265 0.427111
vt 0.127114 0.437921
vt 0.185547 0.427111
vt 0.185547 0.437921
vt 0.245005 0.001953
vt 0.224306 0.008547
vt 0.189728 0.001953
vt 0.189619 0.008547
vt 0.248047 0.008547
vt 0.189746 0.035618
vt 0.234410 0.046059
vt 0.189453 0.046059
vt 0.245909 0.035618
vt 0.213855 0.064700
vt 0.208992 0.076399
vt 0.189453 0.064700
vt 0.189453 0.076399
vt 0.247901 0.064700
vt 0.247751 0.076399
vt 0.214121 0.123534
vt 0.209060 0.134789
vt 0.189453 0.123534
vt 0.189453 0.134789
vt 0.247829 0.123534
vt 0.247734 0.134789
vt 0.213865 0.180856
vt 0.189609 0.191239
vt 0.189453 0.180856
vt 0.223720 0.191239
vt 0.247901 0.180856
vt 0.248047 0.191239
vt 0.213867 0.235026
vt 0.189606 0.245742
vt 0.189453 0.235026
vt 0.223666 0.245742
vt 0.247902 0.235026
vt 0.248047 0.245742
vt 0.246087 0.290359
vt 0.223642 0.302823
vt 0.189749 0.290359
vt 0.189607 0.302823
vt 0.248047 0.302823
vt 0.246221 0.365542
vt 0.223938 0.373960
vt 0.189759 0.365542
vt 0.189617 0.373960
vt 0.248047 0.373960
vt 0.246093 0.404850
vt 0.243040 0.417604
vt 0.189743 0.404850
vt 0.189598 0.417604
vt 0.228435 0.438664
vt 0.224357 0.447484
vt 0.189783 0.438664
vt 0.189603 0.447484
vt 0.248047 0.438664
vt 0.248047 0.447484
vt 0.290750 0.001953
vt 0.286183 0.011037
vt 0.252294 0.001953
vt 0.252168 0.011037
vt 0.310547 0.001953
vt 0.310547 0.011037
vt 0.275391 0.050447
vt 0.271238 0.058976
vt 0.251953 0.050447
vt 0.251953 0.058976
vt 0.310384 0.050447
vt 0.310257 0.058976
vt 0.252246 0.096557
vt 0.271665 0.103725
vt 0.251953 0.103725
vt 0.290987 0.096557
vt 0.310246 0.103725
vt 0.310547 0.096557
vt 0.256916 0.139024
vt 0.305536 0.149639
vt 0.252098 0.149639
vt 0.310401 0.139024
vt 0.308653 0.210085
vt 0.305586 0.218114
vt 0.252253 0.210085
vt 0.252098 0.218114
vt 0.256842 0.248425
vt 0.305620 0.259445
vt 0.252101 0.259445
vt 0.310398 0.248425
vt 0.276299 0.280925
vt 0.272201 0.294447
vt 0.251953 0.280925
vt 0.251953 0.294447
vt 0.310399 0.280925
vt 0.310324 0.294447
vt 0.276272 0.345507
vt 0.271694 0.359553
vt 0.251953 0.345507
vt 0.251953 0.359553
vt 0.310344 0.345507
vt 0.310275 0.359553
vt 0.290226 0.412940
vt 0.286187 0.426004
vt 0.252321 0.412940
vt 0.252170 0.426004
vt 0.310547 0.412940
vt 0.310547 0.426004
vt 0.338776 0.001953
vt 0.316480 0.012352
vt 0.314453 0.001953
vt 0.372885 0.001953
vt 0.372759 0.012352
vt 0.370922 0.056564
vt 0.348627 0.068898
vt 0.314740 0.056564
vt 0.314604 0.068898
vt 0.373047 0.068898
vt 0.353790 0.127090
vt 0.348909 0.134860
vt 0.314746 0.127090
vt 0.314602 0.134860
vt 0.373047 0.127090
vt 0.373047 0.134860
vt 0.371009 0.164820
vt 0.316471 0.177831
vt 0.314740 0.164820
vt 0.372756 0.177831
vt 0.346280 0.197623
vt 0.334005 0.205376
vt 0.314453 0.197623
vt 0.314453 0.205376
vt 0.372757 0.205376
vt 0.373047 0.197623
vt 0.315498 0.239978
vt 0.332858 0.247440
vt 0.314453 0.247440
vt 0.354585 0.239978
vt 0.372636 0.247440
vt 0.373047 0.239978
vt 0.353604 0.283109
vt 0.348638 0.290023
vt 0.314755 0.283109
vt 0.314600 0.290023
vt 0.373047 0.283109
vt 0.373047 0.290023
vt 0.338822 0.323721
vt 0.334752 0.329636
vt 0.314453 0.323721
vt 0.314453 0.329636
vt 0.372900 0.323721
vt 0.372770 0.329636
vt 0.338941 0.361151
vt 0.334315 0.374441
vt 0.314453 0.361151
vt 0.314453 0.374441
vt 0.372881 0.361151
vt 0.372775 0.374441
vt 0.338484 0.435652
vt 0.333827 0.442814
vt 0.314453 0.435652
vt 0.314453 0.442814
vt 0.372893 0.435652
vt 0.372797 0.442814
vt 0.372898 0.471848
vt 0.372760 0.484213
vt 0.319284 0.471848
vt 0.316450 0.484213
vt 0.401361 0.017354
vt 0.377111 0.023989
vt 0.376953 0.017354
vt 0.411380 0.023989
vt 0.435402 0.017354
vt 0.435547 0.023989
vt 0.401352 0.311453
vt 0.377101 0.319763
vt 0.376953 0.311453
vt 0.411118 0.319763
vt 0.435401 0.311453
vt 0.435547 0.319763
vt 0.398618 0.357297
vt 0.396152 0.365398
vt 0.376953 0.357297
vt 0.376953 0.365398
vt 0.435282 0.357297
vt 0.435207 0.365398
vt 0.401115 0.401986
vt 0.396723 0.409320
vt 0.376953 0.401986
vt 0.376953 0.409320
vt 0.435388 0.401986
vt 0.435246 0.409320
vt 0.415967 0.444328
vt 0.411191 0.450982
vt 0.377250 0.444328
vt 0.377106 0.450982
vt 0.435547 0.444328
vt 0.435547 0.450982
vt 0.496036 0.001953
vt 0.492966 0.012548
vt 0.439741 0.001953
vt 0.439599 0.012548
vt 0.495951 0.071455
vt 0.492602 0.079596
vt 0.439742 0.071455
vt 0.439606 0.079596
vt 0.496018 0.110307
vt 0.493032 0.122335
vt 0.439741 0.110307
vt 0.439598 0.122335
vt 0.463818 0.143491
vt 0.459023 0.150511
vt 0.439453 0.143491
vt 0.439453 0.150511
vt 0.497898 0.143491
vt 0.497741 0.150511
vt 0.463635 0.184519
vt 0.439601 0.190455
vt 0.439453 0.184519
vt 0.473615 0.190455
vt 0.497835 0.184519
vt 0.498047 0.190455
vt 0.478530 0.221736
vt 0.473615 0.227174
vt 0.439742 0.221736
vt 0.439602 0.227174
vt 0.498047 0.221736
vt 0.498047 0.227174
vt 0.463839 0.257089
vt 0.458978 0.261260
vt 0.439453 0.257089
vt 0.439453 0.261260
vt 0.497901 0.257089
vt 0.497760 0.261260
vt 0.463861 0.287853
vt 0.441506 0.295976
vt 0.439453 0.287853
vt 0.497901 0.287853
vt 0.497759 0.295976
vt 0.497902 0.345389
vt 0.497757 0.351527
vt 0.444878 0.345389
vt 0.441662 0.351527
vt 0.497902 0.377968
vt 0.448783 0.387445
vt 0.444439 0.377968
vt 0.498047 0.387445
vt 0.463816 0.406496
vt 0.459118 0.420025
vt 0.439453 0.406496
vt 0.439453 0.420025
vt 0.497899 0.406496
vt 0.497707 0.420025
vt 0.464643 0.471563
vt 0.458418 0.483501
vt 0.439453 0.471563
vt 0.439453 0.483501
vt 0.497751 0.471563
vt 0.497731 0.483501
vt 0.526918 0.045917
vt 0.502140 0.057124
vt 0.501953 0.045917
vt 0.535847 0.057124
vt 0.560312 0.045917
vt 0.560547 0.057124
vt 0.526496 0.102785
vt 0.521378 0.114040
vt 0.501953 0.102785
vt 0.501953 0.114040
vt 0.560366 0.102785
vt 0.560264 0.114040
vt 0.558552 0.160529
vt 0.536131 0.171999
vt 0.502243 0.160529
vt 0.502098 0.171999
vt 0.560547 0.171999
vt 0.558565 0.232310
vt 0.556552 0.239124
vt 0.502250 0.232310
vt 0.502101 0.239124
vt 0.558568 0.266865
vt 0.555553 0.276743
vt 0.502240 0.266865
vt 0.502098 0.276743
vt 0.526362 0.295972
vt 0.502103 0.301872
vt 0.501953 0.295972
vt 0.536314 0.301872
vt 0.560401 0.295972
vt 0.560547 0.301872
vt 0.596304 0.060396
vt 0.564624 0.068728
vt 0.564453 0.060396
vt 0.598722 0.068728
vt 0.623047 0.060396
vt 0.623047 0.068728
vt 0.603327 0.105894
vt 0.598614 0.113285
vt 0.564798 0.105894
vt 0.564604 0.113285
vt 0.623047 0.105894
vt 0.623047 0.113285
vt 0.588836 0.148798
vt 0.584041 0.155578
vt 0.564453 0.148798
vt 0.564453 0.155578
vt 0.622887 0.148798
vt 0.622751 0.155578
vt 0.603508 0.189328
vt 0.598864 0.194745
vt 0.564741 0.189328
vt 0.564657 0.194745
vt 0.623047 0.189328
vt 0.623047 0.194745
vt 0.622902 0.224759
vt 0.622759 0.233293
vt 0.569460 0.224759
vt 0.566478 0.233293
vt 0.622902 0.285243
vt 0.622759 0.290943
vt 0.569598 0.285243
vt 0.566442 0.290943
vt 0.569495 0.316531
vt 0.618042 0.325027
vt 0.564599 0.325027
vt 0.622901 0.316531
vt 0.588837 0.343578
vt 0.564622 0.355049
vt 0.564453 0.343578
vt 0.599318 0.355049
vt 0.622900 0.343578
vt 0.623047 0.355049
vt 0.589956 0.401117
vt 0.564650 0.412942
vt 0.564453 0.401117
vt 0.598541 0.412942
vt 0.622702 0.401117
vt 0.623047 0.412942
vt 0.589209 0.460726
vt 0.564692 0.471768
vt 0.564453 0.460726
vt 0.598162 0.471768
vt 0.622822 0.460726
vt 0.623047 0.471768
vt 0.665740 0.043237
vt 0.661438 0.054378
vt 0.627216 0.043237
vt 0.627099 0.054378
vt 0.685547 0.043237
vt 0.685547 0.054378
vt 0.683636 0.100231
vt 0.628877 0.113305
vt 0.627252 0.100231
vt 0.685252 0.113305
vt 0.685397 0.180134
vt 0.685257 0.188227
vt 0.631686 0.180134
vt 0.628745 0.188227
vt 0.683587 0.218551
vt 0.680512 0.230440
vt 0.627242 0.218551
vt 0.627099 0.230440
vt 0.651347 0.251710
vt 0.646343 0.257567
vt 0.626953 0.251710
vt 0.626953 0.257567
vt 0.685400 0.251710
vt 0.685257 0.257567
vt 0.651787 0.288162
vt 0.646585 0.294363
vt 0.626953 0.288162
vt 0.626953 0.294363
vt 0.685350 0.288162
vt 0.685182 0.294363
vt 0.651255 0.326175
vt 0.627100 0.331706
vt 0.626953 0.326175
vt 0.661170 0.331706
vt 0.685394 0.326175
vt 0.685547 0.331706
vt 0.651371 0.361894
vt 0.646481 0.366669
vt 0.626953 0.361894
vt 0.626953 0.366669
vt 0.685401 0.361894
vt 0.685260 0.366669
vt 0.651263 0.394828
vt 0.629434 0.406910
vt 0.626953 0.394828
vt 0.685385 0.394828
vt 0.685237 0.406910
vt 0.685334 0.467692
vt 0.685157 0.474879
vt 0.633686 0.467692
vt 0.630377 0.474879
vt 0.694574 0.026368
vt 0.743070 0.037544
vt 0.689598 0.037544
vt 0.747899 0.026368
vt 0.001953 0.012341
vt 0.016602 0.012345
vt 0.001953 0.017761
vt 0.060547 0.012341
vt 0.060547 0.017761
vt 0.045898 0.012296
vt 0.021549 0.036288
vt 0.001953 0.036288
vt 0.031250 0.012281
vt 0.060140 0.036288
vt 0.001953 0.050062
vt 0.016602 0.050110
vt 0.001953 0.056244
vt 0.021514 0.073612
vt 0.001953 0.073612
vt 0.039716 0.050103
vt 0.060253 0.073612
vt 0.060547 0.050094
vt 0.001953 0.086850
vt 0.024533 0.086857
vt 0.001953 0.092372
vt 0.060547 0.086850
vt 0.060547 0.092372
vt 0.045898 0.086854
vt 0.021439 0.108830
vt 0.001953 0.108830
vt 0.060255 0.108830
vt 0.001953 0.121103
vt 0.016602 0.121108
vt 0.001953 0.125469
vt 0.028744 0.140695
vt 0.001953 0.140695
vt 0.039410 0.121107
vt 0.060547 0.121116
vt 0.060547 0.140695
vt 0.001953 0.158326
vt 0.016602 0.158325
vt 0.001953 0.173023
vt 0.002109 0.207461
vt 0.031250 0.158329
vt 0.055338 0.207461
vt 0.045898 0.158321
vt 0.060547 0.158333
vt 0.024722 0.221881
vt 0.029326 0.239674
vt 0.001953 0.221902
vt 0.001953 0.239394
vt 0.060349 0.221881
vt 0.060547 0.239462
vt 0.902685 0.293040
vt 0.886634 0.309345
vt 0.876953 0.309621
vt 0.904297 0.309627
vt 0.715421 0.068747
vt 0.716797 0.076557
vt 0.698498 0.075938
vt 0.007337 0.259439
vt 0.029183 0.269279
vt 0.001953 0.268860
vt 0.060386 0.259439
vt 0.060547 0.268969
vt 0.902746 0.315193
vt 0.886754 0.337076
vt 0.876953 0.337305
vt 0.904297 0.337283
vt 0.690725 0.092233
vt 0.715292 0.129437
vt 0.688967 0.109393
vt 0.718851 0.109801
vt 0.690854 0.143325
vt 0.716797 0.149445
vt 0.698659 0.148829
vt 0.716707 0.165315
vt 0.715623 0.203244
vt 0.692238 0.165315
vt 0.690853 0.218644
vt 0.716797 0.226276
vt 0.698583 0.225657
vt 0.001953 0.285375
vt 0.016602 0.285370
vt 0.001953 0.290800
vt 0.060547 0.285375
vt 0.060547 0.290800
vt 0.045898 0.285387
vt 0.020949 0.309122
vt 0.001953 0.309122
vt 0.031250 0.285444
vt 0.059848 0.309122
vt 0.001953 0.323056
vt 0.024901 0.323093
vt 0.001953 0.329348
vt 0.060547 0.323056
vt 0.060547 0.329348
vt 0.045898 0.323095
vt 0.002099 0.347068
vt 0.036170 0.347068
vt 0.060547 0.347068
vt 0.001953 0.360569
vt 0.016602 0.360586
vt 0.001953 0.366184
vt 0.060547 0.360569
vt 0.060547 0.366184
vt 0.045898 0.360575
vt 0.002110 0.382985
vt 0.031250 0.360606
vt 0.036045 0.382985
vt 0.060547 0.382985
vt 0.060547 0.396319
vt 0.060547 0.401729
vt 0.045898 0.396322
vt 0.024699 0.396338
vt 0.003977 0.418873
vt 0.001953 0.396335
vt 0.060251 0.418873
vt 0.026075 0.439848
vt 0.016602 0.455822
vt 0.001953 0.439848
vt 0.001953 0.448121
vt 0.036536 0.454004
vt 0.060360 0.439848
vt 0.060547 0.451268
vt 0.001953 0.463928
vt 0.003542 0.495248
vt 0.060234 0.495248
vt 0.064453 0.012768
vt 0.087355 0.012789
vt 0.064453 0.018614
vt 0.085526 0.032116
vt 0.064453 0.031959
vt 0.122829 0.012770
vt 0.123047 0.031807
vt 0.901164 0.342925
vt 0.886745 0.360040
vt 0.876953 0.360319
vt 0.904297 0.360321
vt 0.715464 0.243816
vt 0.716797 0.252310
vt 0.703021 0.251681
vt 0.070245 0.053894
vt 0.084492 0.062711
vt 0.064453 0.062430
vt 0.122892 0.053894
vt 0.123047 0.062359
vt 0.877745 0.365889
vt 0.890480 0.389839
vt 0.876953 0.390017
vt 0.904204 0.365889
vt 0.904297 0.390086
vt 0.703404 0.268378
vt 0.690188 0.286241
vt 0.689453 0.268411
vt 0.716797 0.268390
vt 0.715430 0.323336
vt 0.716797 0.331129
vt 0.698430 0.330505
vt 0.716641 0.347294
vt 0.715556 0.386368
vt 0.691933 0.347293
vt 0.690855 0.401095
vt 0.716797 0.408045
vt 0.698492 0.407424
vt 0.064453 0.084584
vt 0.079102 0.084649
vt 0.064453 0.095370
vt 0.123047 0.084584
vt 0.123047 0.095370
vt 0.108398 0.084571
vt 0.064798 0.124064
vt 0.093750 0.084612
vt 0.097538 0.124064
vt 0.123047 0.124064
vt 0.064453 0.143739
vt 0.079102 0.143766
vt 0.064453 0.155557
vt 0.123047 0.143739
vt 0.123047 0.155557
vt 0.101527 0.143749
vt 0.086066 0.183058
vt 0.064453 0.183058
vt 0.121045 0.183058
vt 0.064811 0.201595
vt 0.086358 0.212735
vt 0.064453 0.212735
vt 0.103603 0.201595
vt 0.122823 0.212735
vt 0.123047 0.201595
vt 0.064601 0.238552
vt 0.099059 0.238552
vt 0.123047 0.238552
vt 0.079102 0.256943
vt 0.064600 0.293565
vt 0.064453 0.256943
vt 0.101868 0.256941
vt 0.098694 0.293565
vt 0.123047 0.256983
vt 0.123047 0.293565
vt 0.064743 0.314858
vt 0.090171 0.329996
vt 0.064453 0.329145
vt 0.103508 0.314858
vt 0.108398 0.327971
vt 0.123047 0.314858
vt 0.123047 0.323060
vt 0.123047 0.338452
vt 0.064598 0.369923
vt 0.098633 0.369923
vt 0.123047 0.369923
vt 0.079102 0.384425
vt 0.090797 0.402701
vt 0.064453 0.384457
vt 0.064453 0.402337
vt 0.101919 0.384435
vt 0.123047 0.384526
vt 0.123047 0.402645
vt 0.877165 0.395688
vt 0.886774 0.412686
vt 0.876953 0.412966
vt 0.902293 0.395688
vt 0.904297 0.412974
vt 0.690661 0.425303
vt 0.699363 0.432887
vt 0.689453 0.433497
vt 0.069994 0.423951
vt 0.090324 0.432811
vt 0.064453 0.432296
vt 0.122882 0.423951
vt 0.123047 0.432666
vt 0.877099 0.418534
vt 0.887121 0.441479
vt 0.876953 0.441729
vt 0.894887 0.418534
vt 0.904297 0.418534
vt 0.904297 0.441649
vt 0.697064 0.449349
vt 0.713560 0.466407
vt 0.689553 0.466783
vt 0.716797 0.449400
vt 0.691053 0.487906
vt 0.746747 0.067531
vt 0.730823 0.073500
vt 0.720703 0.074124
vt 0.747957 0.089996
vt 0.722071 0.127933
vt 0.722554 0.089996
vt 0.746759 0.142029
vt 0.748047 0.148358
vt 0.729795 0.147738
vt 0.064453 0.454292
vt 0.079102 0.454331
vt 0.064453 0.465529
vt 0.103772 0.454292
vt 0.101354 0.465529
vt 0.123047 0.454292
vt 0.123047 0.465529
vt 0.064683 0.493757
vt 0.098341 0.493757
vt 0.123047 0.493757
vt 0.126953 0.016150
vt 0.149933 0.016157
vt 0.126953 0.026213
vt 0.185547 0.016150
vt 0.185547 0.026213
vt 0.170898 0.016162
vt 0.127099 0.051612
vt 0.161148 0.051612
vt 0.185547 0.051612
vt 0.185547 0.068898
vt 0.185547 0.078415
vt 0.164298 0.068894
vt 0.141602 0.068897
vt 0.127122 0.102433
vt 0.126953 0.068944
vt 0.161021 0.102433
vt 0.185547 0.102433
vt 0.185547 0.119529
vt 0.185547 0.128632
vt 0.164380 0.119554
vt 0.141602 0.119547
vt 0.127117 0.152479
vt 0.126953 0.119535
vt 0.161350 0.152479
vt 0.185547 0.152479
vt 0.127283 0.171663
vt 0.148988 0.184042
vt 0.126953 0.178471
vt 0.165708 0.171663
vt 0.170898 0.184580
vt 0.185547 0.171663
vt 0.185547 0.178471
vt 0.126953 0.192180
vt 0.185547 0.192180
vt 0.129795 0.219950
vt 0.185203 0.219950
vt 0.150218 0.235289
vt 0.153014 0.254818
vt 0.126953 0.235322
vt 0.126953 0.254461
vt 0.170898 0.235293
vt 0.185547 0.235299
vt 0.185547 0.254686
vt 0.902683 0.447328
vt 0.886818 0.465987
vt 0.876953 0.466270
vt 0.904297 0.466261
vt 0.722098 0.164966
vt 0.748047 0.172515
vt 0.734320 0.171888
vt 0.127240 0.276404
vt 0.152443 0.287734
vt 0.126953 0.287208
vt 0.183418 0.276404
vt 0.185547 0.287534
vt 0.880335 0.471836
vt 0.888168 0.496104
vt 0.876953 0.496353
vt 0.904157 0.471836
vt 0.904297 0.496282
vt 0.732777 0.189419
vt 0.722381 0.209920
vt 0.720703 0.196012
vt 0.748047 0.189471
vt 0.746737 0.249677
vt 0.748047 0.259093
vt 0.734316 0.258468
vt 0.731185 0.275952
vt 0.747062 0.317764
vt 0.720703 0.275958
vt 0.747882 0.275952
vt 0.746774 0.334992
vt 0.748047 0.344453
vt 0.729744 0.343834
vt 0.185547 0.303320
vt 0.185547 0.308460
vt 0.164200 0.303354
vt 0.141602 0.303395
vt 0.127107 0.325933
vt 0.126953 0.303458
vt 0.163399 0.325933
vt 0.185547 0.325933
vt 0.185547 0.339113
vt 0.185547 0.344395
vt 0.164054 0.339150
vt 0.141602 0.339143
vt 0.127106 0.360639
vt 0.126953 0.339110
vt 0.161334 0.360639
vt 0.185547 0.360639
vt 0.185547 0.373212
vt 0.185547 0.378173
vt 0.164267 0.373272
vt 0.141602 0.373255
vt 0.127106 0.393437
vt 0.126953 0.373157
vt 0.162079 0.393437
vt 0.185547 0.393437
vt 0.141602 0.405154
vt 0.127113 0.423205
vt 0.126953 0.405168
vt 0.164299 0.405153
vt 0.161377 0.423205
vt 0.185547 0.405178
vt 0.185547 0.423205
vt 0.126953 0.441827
vt 0.149090 0.441856
vt 0.126953 0.454353
vt 0.185547 0.441827
vt 0.185547 0.448562
vt 0.162208 0.454576
vt 0.185547 0.462497
vt 0.127126 0.489669
vt 0.161063 0.489669
vt 0.185547 0.489669
vt 0.204102 0.012457
vt 0.215979 0.029764
vt 0.189453 0.012484
vt 0.189453 0.029416
vt 0.227409 0.012462
vt 0.248047 0.012489
vt 0.248047 0.029672
vt 0.912758 0.001953
vt 0.918149 0.018715
vt 0.908203 0.019000
vt 0.935547 0.018994
vt 0.722122 0.359120
vt 0.735178 0.364111
vt 0.720703 0.364720
vt 0.203340 0.049965
vt 0.214959 0.058845
vt 0.189453 0.058320
vt 0.248047 0.049965
vt 0.248047 0.058681
vt 0.908406 0.024563
vt 0.918797 0.046274
vt 0.908203 0.046525
vt 0.932888 0.024563
vt 0.935547 0.046448
vt 0.748047 0.380308
vt 0.744615 0.396897
vt 0.728243 0.380283
vt 0.746753 0.430407
vt 0.730847 0.435157
vt 0.720703 0.435781
vt 0.746948 0.451325
vt 0.747380 0.487965
vt 0.720812 0.451329
vt 0.777954 0.011612
vt 0.779297 0.017413
vt 0.761096 0.016794
vt 0.213751 0.080305
vt 0.211440 0.091452
vt 0.189453 0.080305
vt 0.189453 0.091452
vt 0.233398 0.080230
vt 0.248047 0.080305
vt 0.248047 0.091452
vt 0.209653 0.119628
vt 0.189453 0.119628
vt 0.247300 0.119628
vt 0.212248 0.138699
vt 0.209020 0.176950
vt 0.189453 0.138704
vt 0.189453 0.176950
vt 0.233398 0.138700
vt 0.247759 0.176950
vt 0.248047 0.138699
vt 0.189453 0.195146
vt 0.204102 0.195159
vt 0.189453 0.205495
vt 0.248047 0.195146
vt 0.248047 0.205495
vt 0.226842 0.195166
vt 0.208986 0.231120
vt 0.189453 0.231120
vt 0.247759 0.231120
vt 0.204102 0.249648
vt 0.189602 0.286453
vt 0.189453 0.249658
vt 0.226916 0.249648
vt 0.223708 0.286453
vt 0.248047 0.249649
vt 0.248047 0.286453
vt 0.189744 0.306730
vt 0.209113 0.321453
vt 0.189453 0.322500
vt 0.246167 0.306730
vt 0.248729 0.331587
vt 0.248047 0.314967
vt 0.189609 0.361636
vt 0.243260 0.361636
vt 0.204102 0.377876
vt 0.219241 0.398997
vt 0.189453 0.377879
vt 0.189453 0.398764
vt 0.227165 0.377874
vt 0.248047 0.377916
vt 0.248047 0.398727
vt 0.919661 0.052122
vt 0.917803 0.072346
vt 0.908203 0.072614
vt 0.935547 0.072634
vt 0.777961 0.035521
vt 0.761947 0.043944
vt 0.751953 0.044564
vt 0.238253 0.421510
vt 0.207042 0.432810
vt 0.189453 0.421510
vt 0.189453 0.432475
vt 0.248047 0.432377
vt 0.908364 0.078194
vt 0.922337 0.104353
vt 0.908203 0.104556
vt 0.934631 0.078194
vt 0.935547 0.104591
vt 0.770347 0.062264
vt 0.777315 0.083250
vt 0.751953 0.062273
vt 0.779297 0.068810
vt 0.753340 0.125316
vt 0.761923 0.134537
vt 0.751953 0.135147
vt 0.778380 0.152580
vt 0.778253 0.196627
vt 0.752061 0.152583
vt 0.778021 0.213287
vt 0.779297 0.222180
vt 0.761035 0.221562
vt 0.204102 0.451400
vt 0.189631 0.482137
vt 0.189453 0.451460
vt 0.227081 0.451376
vt 0.223501 0.482137
vt 0.248047 0.451434
vt 0.248047 0.482137
vt 0.251953 0.014943
vt 0.266602 0.014973
vt 0.251953 0.023876
vt 0.310315 0.014943
vt 0.310547 0.023876
vt 0.281996 0.015549
vt 0.271198 0.046541
vt 0.251953 0.046541
vt 0.310315 0.046541
vt 0.276447 0.062882
vt 0.288616 0.071373
vt 0.251984 0.062900
vt 0.310378 0.062882
vt 0.310547 0.071373
vt 0.252099 0.092651
vt 0.251953 0.071373
vt 0.286191 0.092651
vt 0.310547 0.092651
vt 0.251953 0.107631
vt 0.266602 0.107654
vt 0.251953 0.114733
vt 0.278703 0.135118
vt 0.251953 0.135118
vt 0.289475 0.107657
vt 0.310547 0.107637
vt 0.310547 0.135118
vt 0.310547 0.153545
vt 0.310547 0.168678
vt 0.295898 0.153540
vt 0.266602 0.153541
vt 0.252103 0.206179
vt 0.251953 0.153548
vt 0.281250 0.153530
vt 0.306113 0.206179
vt 0.274942 0.222022
vt 0.279857 0.242570
vt 0.251953 0.222020
vt 0.251953 0.242303
vt 0.310344 0.222024
vt 0.310547 0.242359
vt 0.909429 0.110202
vt 0.917898 0.129243
vt 0.908203 0.129517
vt 0.935547 0.129524
vt 0.753350 0.238996
vt 0.779297 0.246749
vt 0.761046 0.246128
vt 0.257262 0.263351
vt 0.279810 0.275069
vt 0.251953 0.274672
vt 0.310387 0.263351
vt 0.310547 0.274735
vt 0.909411 0.135091
vt 0.917796 0.158869
vt 0.908203 0.159084
vt 0.935547 0.159078
vt 0.753424 0.263959
vt 0.779081 0.263957
vt 0.776818 0.307153
vt 0.751953 0.284055
vt 0.778024 0.324331
vt 0.779297 0.333742
vt 0.761117 0.333125
vt 0.779207 0.350625
vt 0.778122 0.392528
vt 0.754742 0.350625
vt 0.753348 0.409001
vt 0.779297 0.417706
vt 0.761087 0.417088
vt 0.251953 0.298353
vt 0.266602 0.298211
vt 0.251953 0.310394
vt 0.310343 0.298353
vt 0.295898 0.310394
vt 0.281250 0.298327
vt 0.310547 0.310394
vt 0.272199 0.341601
vt 0.251953 0.341601
vt 0.310428 0.341601
vt 0.276454 0.363459
vt 0.273916 0.377605
vt 0.251953 0.363459
vt 0.251953 0.377605
vt 0.295898 0.363570
vt 0.310547 0.363459
vt 0.310547 0.377605
vt 0.252224 0.409033
vt 0.286789 0.409033
vt 0.310547 0.409033
vt 0.290306 0.429910
vt 0.288598 0.443088
vt 0.252244 0.429910
vt 0.252171 0.443088
vt 0.310547 0.429910
vt 0.310547 0.443088
vt 0.271556 0.472642
vt 0.251953 0.472642
vt 0.310268 0.472642
vt 0.337249 0.016261
vt 0.314598 0.052657
vt 0.314453 0.016259
vt 0.348652 0.052657
vt 0.372483 0.016258
vt 0.373047 0.026519
vt 0.373047 0.052657
vt 0.314746 0.072804
vt 0.339366 0.086140
vt 0.314453 0.086512
vt 0.353512 0.072804
vt 0.358398 0.084887
vt 0.373047 0.072804
vt 0.373047 0.080060
vt 0.373047 0.094047
vt 0.314613 0.123184
vt 0.348564 0.123184
vt 0.373047 0.123184
vt 0.329102 0.138772
vt 0.340706 0.158965
vt 0.314453 0.138805
vt 0.314453 0.158597
vt 0.351975 0.138784
vt 0.373047 0.138890
vt 0.373047 0.158914
vt 0.908419 0.164716
vt 0.918120 0.183983
vt 0.908203 0.184265
vt 0.933509 0.164716
vt 0.935547 0.184264
vt 0.753178 0.434125
vt 0.761789 0.440867
vt 0.751953 0.441475
vt 0.314741 0.181737
vt 0.339966 0.191767
vt 0.314453 0.191237
vt 0.370908 0.181737
vt 0.373047 0.191624
vt 0.908358 0.189832
vt 0.918417 0.215274
vt 0.908203 0.215528
vt 0.926025 0.189832
vt 0.935547 0.189832
vt 0.935547 0.215437
vt 0.779297 0.458109
vt 0.753369 0.477221
vt 0.759173 0.458032
vt 0.784769 0.035289
vt 0.793235 0.041651
vt 0.783203 0.042274
vt 0.809507 0.059140
vt 0.809808 0.100970
vt 0.783311 0.059141
vt 0.809198 0.117612
vt 0.810547 0.126485
vt 0.792358 0.125868
vt 0.314453 0.209283
vt 0.329102 0.209270
vt 0.314453 0.215462
vt 0.373047 0.209283
vt 0.373047 0.215462
vt 0.358398 0.209332
vt 0.314781 0.236072
vt 0.343750 0.209281
vt 0.351181 0.236072
vt 0.373047 0.236072
vt 0.314453 0.251347
vt 0.329102 0.251384
vt 0.314453 0.259271
vt 0.373047 0.251347
vt 0.373047 0.259271
vt 0.358398 0.251391
vt 0.314639 0.279203
vt 0.343750 0.251385
vt 0.349689 0.279203
vt 0.373047 0.279203
vt 0.353484 0.293929
vt 0.351096 0.300905
vt 0.315328 0.293930
vt 0.373047 0.293929
vt 0.373047 0.300905
vt 0.333992 0.319815
vt 0.314453 0.300905
vt 0.314453 0.319815
vt 0.372754 0.319815
vt 0.314453 0.333542
vt 0.337113 0.333560
vt 0.314453 0.339350
vt 0.334197 0.357245
vt 0.314453 0.357245
vt 0.358398 0.333574
vt 0.372740 0.357245
vt 0.373047 0.333549
vt 0.338648 0.378348
vt 0.329102 0.393744
vt 0.314453 0.378348
vt 0.314453 0.386229
vt 0.348919 0.391818
vt 0.372883 0.378348
vt 0.373047 0.389318
vt 0.314453 0.400953
vt 0.333852 0.431746
vt 0.314453 0.431746
vt 0.372750 0.431746
vt 0.337452 0.446740
vt 0.335324 0.465994
vt 0.314453 0.446824
vt 0.314453 0.465844
vt 0.372852 0.446724
vt 0.373047 0.465661
vt 0.929145 0.221123
vt 0.917726 0.239151
vt 0.908203 0.239416
vt 0.935547 0.239434
vt 0.784896 0.142143
vt 0.810547 0.148736
vt 0.792358 0.148119
vt 0.382464 0.001953
vt 0.397961 0.011498
vt 0.376953 0.011268
vt 0.435398 0.001953
vt 0.435547 0.011061
vt 0.919239 0.244999
vt 0.921653 0.269290
vt 0.908203 0.244999
vt 0.908203 0.269464
vt 0.935474 0.244999
vt 0.935547 0.269536
vt 0.804053 0.164938
vt 0.789575 0.183094
vt 0.783203 0.165018
vt 0.810547 0.179414
vt 0.784447 0.205577
vt 0.809032 0.221709
vt 0.810547 0.230079
vt 0.792224 0.229458
vt 0.810391 0.246492
vt 0.783935 0.286557
vt 0.785921 0.246492
vt 0.784597 0.303158
vt 0.810547 0.311995
vt 0.792290 0.311375
vt 0.435377 0.027896
vt 0.435408 0.033546
vt 0.406250 0.027896
vt 0.376953 0.323669
vt 0.391602 0.323631
vt 0.376953 0.331377
vt 0.435547 0.323669
vt 0.435547 0.331377
vt 0.420898 0.323708
vt 0.377229 0.353391
vt 0.406250 0.323614
vt 0.413915 0.353391
vt 0.435547 0.353391
vt 0.376953 0.369305
vt 0.391602 0.369325
vt 0.376953 0.377027
vt 0.435547 0.369305
vt 0.435547 0.377027
vt 0.420898 0.369359
vt 0.396412 0.398080
vt 0.376953 0.398080
vt 0.406250 0.369338
vt 0.435166 0.398080
vt 0.376953 0.413226
vt 0.391602 0.413242
vt 0.376953 0.420777
vt 0.435547 0.413226
vt 0.435547 0.420777
vt 0.415669 0.413469
vt 0.377105 0.440421
vt 0.411333 0.440421
vt 0.435547 0.440421
vt 0.399829 0.454900
vt 0.377098 0.480706
vt 0.376953 0.454938
vt 0.430565 0.480706
vt 0.420898 0.454896
vt 0.435547 0.454940
vt 0.463783 0.016437
vt 0.454102 0.030611
vt 0.439453 0.016454
vt 0.439453 0.030010
vt 0.498047 0.016454
vt 0.498047 0.031371
vt 0.483398 0.016458
vt 0.439599 0.067549
vt 0.492890 0.067549
vt 0.439690 0.083503
vt 0.459202 0.104453
vt 0.439453 0.104247
vt 0.476692 0.083506
vt 0.498047 0.083541
vt 0.498047 0.104162
vt 0.909943 0.331110
vt 0.917856 0.350459
vt 0.908203 0.350729
vt 0.935547 0.350741
vt 0.840517 0.037858
vt 0.841797 0.046858
vt 0.823605 0.046239
vt 0.444654 0.126242
vt 0.458523 0.137636
vt 0.439453 0.137328
vt 0.497890 0.126242
vt 0.498047 0.137192
vt 0.909667 0.356306
vt 0.922086 0.381730
vt 0.908203 0.381920
vt 0.935547 0.381974
vt 0.841797 0.064073
vt 0.817185 0.083956
vt 0.822276 0.064038
vt 0.815705 0.123574
vt 0.841797 0.132119
vt 0.823356 0.131497
vt 0.841707 0.149386
vt 0.840638 0.192806
vt 0.817189 0.149386
vt 0.815850 0.208397
vt 0.841797 0.216218
vt 0.823604 0.215600
vt 0.439453 0.154417
vt 0.454102 0.154475
vt 0.439453 0.160919
vt 0.498047 0.154417
vt 0.498047 0.160919
vt 0.476158 0.154369
vt 0.458940 0.180613
vt 0.439453 0.180613
vt 0.497815 0.180613
vt 0.439453 0.194361
vt 0.454102 0.194378
vt 0.439453 0.200262
vt 0.498047 0.194361
vt 0.498047 0.200262
vt 0.476841 0.194371
vt 0.439599 0.217830
vt 0.473677 0.217830
vt 0.498047 0.217830
vt 0.439453 0.231081
vt 0.454102 0.231090
vt 0.439453 0.236519
vt 0.459021 0.253183
vt 0.439453 0.253183
vt 0.476875 0.231083
vt 0.497758 0.253183
vt 0.498047 0.231115
vt 0.462212 0.265170
vt 0.441562 0.283946
vt 0.439453 0.265188
vt 0.483398 0.265170
vt 0.497757 0.283946
vt 0.498047 0.265170
vt 0.439453 0.299883
vt 0.454102 0.299881
vt 0.439453 0.311544
vt 0.441646 0.341483
vt 0.468750 0.299889
vt 0.483398 0.299874
vt 0.497760 0.341483
vt 0.498047 0.299894
vt 0.462270 0.355435
vt 0.466582 0.372115
vt 0.439453 0.355454
vt 0.439453 0.371827
vt 0.497847 0.355434
vt 0.498047 0.371909
vt 0.909777 0.387580
vt 0.917954 0.403108
vt 0.908203 0.403391
vt 0.935547 0.403390
vt 0.840465 0.230776
vt 0.841797 0.236270
vt 0.823494 0.235646
vt 0.444734 0.391351
vt 0.466217 0.400641
vt 0.439453 0.400201
vt 0.497894 0.391351
vt 0.498047 0.400351
vt 0.909928 0.408956
vt 0.918160 0.429660
vt 0.908203 0.429894
vt 0.935547 0.429863
vt 0.815860 0.251593
vt 0.826022 0.287328
vt 0.814029 0.267875
vt 0.841804 0.287365
vt 0.840514 0.301549
vt 0.841797 0.307979
vt 0.823743 0.307366
vt 0.841707 0.323370
vt 0.815821 0.359407
vt 0.816304 0.323370
vt 0.840514 0.374253
vt 0.841797 0.381331
vt 0.823568 0.380711
vt 0.463466 0.423931
vt 0.461394 0.436320
vt 0.439453 0.423931
vt 0.439453 0.436320
vt 0.483398 0.423785
vt 0.498047 0.423931
vt 0.498047 0.436320
vt 0.460854 0.467657
vt 0.439453 0.467657
vt 0.496296 0.467657
vt 0.501953 0.001953
vt 0.524687 0.001991
vt 0.501953 0.013927
vt 0.522565 0.042010
vt 0.501953 0.042010
vt 0.545898 0.001986
vt 0.560352 0.042010
vt 0.560547 0.001981
vt 0.501953 0.061031
vt 0.516602 0.061128
vt 0.501953 0.072236
vt 0.541324 0.061031
vt 0.538497 0.072236
vt 0.560547 0.061031
vt 0.560547 0.072236
vt 0.521990 0.098879
vt 0.501953 0.098879
vt 0.559960 0.098879
vt 0.524673 0.117944
vt 0.502099 0.156623
vt 0.501953 0.117958
vt 0.555652 0.156623
vt 0.559977 0.117946
vt 0.560547 0.129029
vt 0.516902 0.176225
vt 0.516602 0.189674
vt 0.501953 0.175905
vt 0.501953 0.192810
vt 0.560547 0.175905
vt 0.560547 0.183722
vt 0.541071 0.176050
vt 0.560547 0.199455
vt 0.502102 0.228403
vt 0.536085 0.228403
vt 0.560547 0.228403
vt 0.502191 0.243033
vt 0.531671 0.261012
vt 0.501953 0.260796
vt 0.539530 0.243034
vt 0.560547 0.243060
vt 0.560547 0.260745
vt 0.913160 0.435508
vt 0.917804 0.452489
vt 0.908203 0.452761
vt 0.935547 0.452781
vt 0.840478 0.398361
vt 0.824496 0.405707
vt 0.814453 0.406328
vt 0.550694 0.280650
vt 0.520126 0.290118
vt 0.501953 0.280650
vt 0.501953 0.289807
vt 0.560547 0.289685
vt 0.915675 0.458337
vt 0.922241 0.479548
vt 0.908203 0.479748
vt 0.935547 0.479792
vt 0.841797 0.422275
vt 0.836475 0.439758
vt 0.822286 0.422239
vt 0.847018 0.001953
vt 0.855643 0.009294
vt 0.845703 0.009907
vt 0.872992 0.025478
vt 0.846597 0.062209
vt 0.848581 0.025477
vt 0.871740 0.075825
vt 0.873047 0.081675
vt 0.854771 0.081055
vt 0.501953 0.305778
vt 0.524789 0.305775
vt 0.501953 0.311237
vt 0.560321 0.305778
vt 0.545898 0.311237
vt 0.560547 0.311237
vt 0.525068 0.328919
vt 0.545898 0.328919
vt 0.623047 0.072634
vt 0.623047 0.080035
vt 0.608399 0.072666
vt 0.579102 0.072664
vt 0.564635 0.101987
vt 0.564453 0.072824
vt 0.593750 0.072625
vt 0.598320 0.101987
vt 0.623047 0.101987
vt 0.579102 0.117202
vt 0.584185 0.144892
vt 0.564453 0.117271
vt 0.564453 0.144892
vt 0.601921 0.117209
vt 0.622744 0.144892
vt 0.623047 0.117287
vt 0.623047 0.159484
vt 0.623047 0.166286
vt 0.601972 0.159483
vt 0.579102 0.159478
vt 0.564604 0.185422
vt 0.564453 0.159509
vt 0.598576 0.185422
vt 0.623047 0.185422
vt 0.579102 0.198662
vt 0.566456 0.220853
vt 0.564453 0.198717
vt 0.602053 0.198663
vt 0.622759 0.220853
vt 0.623047 0.198668
vt 0.564453 0.237199
vt 0.586916 0.237196
vt 0.564453 0.250572
vt 0.623047 0.237202
vt 0.623047 0.257505
vt 0.608399 0.237189
vt 0.566512 0.281337
vt 0.622759 0.281337
vt 0.587128 0.294849
vt 0.591989 0.310678
vt 0.564453 0.294856
vt 0.564453 0.310410
vt 0.622854 0.294849
vt 0.623047 0.310466
vt 0.965290 0.046928
vt 0.949154 0.061522
vt 0.939453 0.061804
vt 0.966797 0.061810
vt 0.871706 0.255766
vt 0.873047 0.262114
vt 0.854747 0.261492
vt 0.569622 0.328934
vt 0.591743 0.337722
vt 0.564453 0.337313
vt 0.622899 0.328934
vt 0.623047 0.337412
vt 0.965166 0.067371
vt 0.949163 0.086401
vt 0.939453 0.086626
vt 0.966797 0.086613
vt 0.847809 0.277030
vt 0.873018 0.277007
vt 0.867700 0.311120
vt 0.845703 0.292436
vt 0.871749 0.323705
vt 0.873047 0.328508
vt 0.854900 0.327890
vt 0.870699 0.343297
vt 0.872275 0.376983
vt 0.845882 0.343297
vt 0.871759 0.390864
vt 0.873047 0.396976
vt 0.854788 0.396355
vt 0.564453 0.358955
vt 0.579102 0.359059
vt 0.564453 0.369537
vt 0.564708 0.397211
vt 0.593750 0.358972
vt 0.598111 0.397211
vt 0.608399 0.358954
vt 0.623047 0.358967
vt 0.623047 0.397211
vt 0.623047 0.416848
vt 0.623047 0.428750
vt 0.601858 0.416863
vt 0.579102 0.416858
vt 0.584663 0.456820
vt 0.564453 0.416891
vt 0.564453 0.456820
vt 0.622262 0.456820
vt 0.649515 0.002008
vt 0.627113 0.039331
vt 0.626953 0.002001
vt 0.661104 0.039331
vt 0.684776 0.001954
vt 0.685547 0.012804
vt 0.685547 0.039331
vt 0.626953 0.058285
vt 0.641602 0.058279
vt 0.626953 0.069193
vt 0.627116 0.096324
vt 0.664341 0.058287
vt 0.661152 0.096324
vt 0.685547 0.058308
vt 0.685547 0.096324
vt 0.651717 0.117597
vt 0.647152 0.134589
vt 0.626953 0.117211
vt 0.626953 0.126435
vt 0.685392 0.117211
vt 0.685547 0.129353
vt 0.626953 0.144131
vt 0.628765 0.176228
vt 0.685253 0.176228
vt 0.649896 0.192142
vt 0.647727 0.212697
vt 0.626953 0.192165
vt 0.626953 0.212493
vt 0.685339 0.192135
vt 0.685547 0.212423
vt 0.964707 0.092249
vt 0.949063 0.111668
vt 0.939453 0.111935
vt 0.966797 0.111950
vt 0.847158 0.413765
vt 0.873047 0.421492
vt 0.854795 0.420876
vt 0.675564 0.234346
vt 0.647560 0.245855
vt 0.626953 0.234346
vt 0.626953 0.245531
vt 0.685547 0.245469
vt 0.962257 0.117516
vt 0.948571 0.142500
vt 0.939453 0.142693
vt 0.966797 0.142727
vt 0.867948 0.438941
vt 0.847467 0.459525
vt 0.845703 0.438960
vt 0.902931 0.016013
vt 0.904297 0.026212
vt 0.886073 0.025593
vt 0.876953 0.043375
vt 0.887435 0.043375
vt 0.877712 0.086360
vt 0.904130 0.043375
vt 0.903018 0.101824
vt 0.904297 0.109520
vt 0.886000 0.108900
vt 0.626953 0.261474
vt 0.641602 0.261532
vt 0.626953 0.266703
vt 0.647607 0.284255
vt 0.626953 0.284255
vt 0.662968 0.261459
vt 0.684554 0.284255
vt 0.685547 0.261510
vt 0.626953 0.298269
vt 0.649723 0.298310
vt 0.626953 0.304446
vt 0.685547 0.298269
vt 0.685547 0.304446
vt 0.670899 0.298300
vt 0.646325 0.322269
vt 0.626953 0.322269
vt 0.685232 0.322269
vt 0.626953 0.335613
vt 0.641602 0.335630
vt 0.626953 0.341250
vt 0.646491 0.357988
vt 0.626953 0.357988
vt 0.664241 0.335605
vt 0.685255 0.357988
vt 0.685547 0.335628
vt 0.626953 0.370575
vt 0.649699 0.370590
vt 0.626953 0.375227
vt 0.629203 0.390921
vt 0.670899 0.370592
vt 0.685246 0.390921
vt 0.685547 0.370590
vt 0.651710 0.411115
vt 0.650179 0.424871
vt 0.626953 0.410816
vt 0.626953 0.418628
vt 0.685379 0.410816
vt 0.685547 0.425437
vt 0.626953 0.434093
vt 0.630247 0.463786
vt 0.685175 0.463786
vt 0.711726 0.001963
vt 0.708392 0.020513
vt 0.689453 0.001981
vt 0.689453 0.020366
vt 0.747834 0.001979
vt 0.748047 0.020166
vt 0.963198 0.148347
vt 0.948939 0.166218
vt 0.939453 0.166481
vt 0.966797 0.166506
vt 0.903024 0.126377
vt 0.887276 0.133550
vt 0.876953 0.134174
vt 0.738129 0.041450
vt 0.708953 0.051225
vt 0.689453 0.041450
vt 0.689453 0.051000
vt 0.748047 0.050721
vt 0.943519 0.172065
vt 0.952987 0.195257
vt 0.939453 0.195429
vt 0.966674 0.172065
vt 0.966797 0.195515
vt 0.894104 0.150324
vt 0.895406 0.166898
vt 0.876953 0.150354
vt 0.902934 0.203507
vt 0.904297 0.209541
vt 0.890584 0.208913
vt 0.897642 0.225734
vt 0.902382 0.264941
vt 0.876953 0.225737
vt 0.902979 0.280270
vt 0.904297 0.287836
vt 0.886031 0.287217
vt 0.003906 0.503906
vt 0.500000 0.750000
vt 0.003906 0.750000
vt 0.500000 0.503906
vt 0.996094 0.750000
vt 0.996094 0.503906
vt 0.500000 0.996094
vt 0.003906 0.996094
vt 0.996094 0.996094
vt 0.996094 0.505506
vt 0.500000 0.502569
vt 0.996094 0.504102
vt 0.007962 0.750000
vt 0.013380 0.750000
vt -0.007267 0.750000
vt 0.996094 0.503707
vt -0.008095 0.750000
vt 0.996094 0.503747
vt 0.003906 0.503511
vt 0.500000 0.503696
vt 0.996094 0.503894
vt 0.007277 0.750000
vt 0.995989 0.503906
vt 0.006718 0.750000
vt 0.003906 0.503355
vt 0.500000 0.503034
vt 0.996094 0.503645
vt 0.500000 0.503347
vt 0.996094 0.504085
vt 0.996094 0.504992
vt 0.996094 0.504294
vt 0.996094 0.504549
vt 0.006144 0.750000
vt 0.996094 0.505270
vt 0.003034 0.750000
vt 0.996094 0.505111
vt 0.995486 0.503906
vt 0.003906 0.503202
vt 0.500000 0.503957
vt 0.996094 0.503955
vt 0.011750 0.750000
vt 0.996094 0.505003
vt 0.996959 0.503906
vt 0.000034 0.750000
vt 0.002278 0.750000
vt 0.996094 0.505361
vt 0.003906 0.502931
vt 0.500000 0.502752
vt 0.996094 0.503807
vt -0.008248 0.750000
vt 0.996094 0.504137
vt 0.009765 0.750000
vt 0.996094 0.504155
vt 0.996094 0.505129
vt 0.500000 0.501462
vt 0.996094 0.504087
vt 0.003878 0.750000
vt 0.996094 0.506033
vt 0.996094 0.504711
vt 0.003906 0.503437
vt 0.500000 0.502393
vt 0.996094 0.503348
vt 0.003906 0.503945
vt 0.500000 0.503962
vt 0.996094 0.503217
vt 0.500000 0.504485
vt 0.996094 0.504301
vt 0.989766 0.750000
vt 0.003147 0.750000
vt 0.003906 0.503456
vt 0.500000 0.503671
vt 0.996094 0.503983
vt 0.010776 0.750000
vt 0.003592 0.750000
vt 0.996094 0.502717
vt 0.002663 0.750000
vt 0.015644 0.750000
vt 0.995111 0.503906
vt 0.007035 0.750000
vt -0.007385 0.750000
vt 0.996094 0.505861
vt 0.004501 0.750000
vt 0.996094 0.503920
vt 1.009242 0.503855
vt 0.003906 0.996030
vt 1.006391 0.996094
vt -0.004972 0.750000
vt 0.996094 0.504032
vt 0.003906 0.504387
vt 0.500000 0.502281
vt 0.996094 0.503942
vt 0.005850 0.750000
vt 0.003906 0.503663
vt 0.500000 0.501252
vt 0.996094 0.503454
vt 0.007483 0.750000
vt 0.996094 0.503784
vt 0.003906 0.503344
vt 0.500000 0.502656
vt 0.996094 0.503388
vt 0.500000 0.502800
vt 0.996094 0.504152
vt 0.003906 0.503361
vt 0.500000 0.503227
vt 0.996094 0.503771
vt -0.001702 0.750000
vt 0.500000 0.503731
vt 0.996094 0.503916
vt 0.995973 0.503906
vt 0.003854 0.750000
vt 0.014525 0.750000
vt 0.004136 0.750000
vt 0.996094 0.505127
vt 0.996094 0.505199
vt 0.003906 0.503545
vt 0.500000 0.503571
vt 0.996094 0.503891
vt 0.014535 0.750000
vt 0.003906 0.503511
vt 0.500000 0.503363
vt 0.996094 0.503655
vt 0.500000 0.502037
vt 0.003906 0.504280
vt 0.005192 0.750000
vt 0.996094 0.503930
vt 0.995212 0.750000
vt 0.003906 0.502986
vt 0.500000 0.504327
vt 0.996094 0.504056
vt 0.006765 0.750000
vt -0.005891 0.750000
vt 0.996094 0.503955
vt 0.996094 0.505586
vt 0.012500 0.750000
vt 0.996094 0.504823
vt 0.003906 0.503807
vt 0.500000 0.502655
vt 0.996094 0.503953
vt 0.500000 0.503159
vt 0.996094 0.504383
vt 0.003906 0.503853
vt 0.500000 0.505282
vt 0.996094 0.502295
vt 0.500000 0.502259
vt 0.996094 0.503831
vt 0.000665 0.750000
vt 0.996094 0.504066
vt 0.003906 0.503133
vt 0.500000 0.502787
vt 0.996094 0.503615
vt 0.003906 0.504529
vt 0.995486 0.503906
vt 0.500000 0.503492
vt 0.996094 0.504539
vt 0.024477 0.750000
vt 0.996094 0.501125
vt 0.004842 0.750000
vt 0.996094 0.504949
vt 0.004913 0.503906
vt 0.003297 0.750000
vt 0.005774 0.750000
vt 0.996094 0.504280
s 1
usemtl Bright_G
f 1688/1/1 1610/2/1 1764/3/1
f 1688/1/2 1616/4/2 1610/2/2
f 1765/5/3 1616/4/3 1688/1/3
f 1765/5/4 1695/6/4 1616/4/4
f 1077/7/5 878/8/6 1262/9/7
f 1262/9/7 878/8/6 1053/10/8
f 1180/11/9 947/12/10 1077/7/5
f 1077/7/5 947/12/10 878/8/6
f 511/13/11 442/14/11 661/15/11
f 661/15/12 442/14/12 605/16/12
f 594/17/13 528/18/13 511/13/13
f 511/13/14 528/18/14 442/14/14
f 353/19/15 413/20/15 535/21/15
f 353/19/16 300/22/17 413/20/18
f 461/23/19 300/22/17 353/19/16
f 461/23/20 493/24/21 300/22/22
f 350/25/23 341/26/24 269/27/25
f 269/27/25 341/26/24 262/28/26
f 238/29/27 226/30/28 288/31/29
f 238/29/30 276/32/31 226/30/32
f 282/33/33 285/34/34 241/35/35
f 241/35/35 285/34/34 242/36/36
f 1644/37/37 1665/38/37 1737/39/37
f 1737/39/38 1665/38/38 1772/40/38
f 1738/41/39 1774/42/39 1644/37/39
f 1644/37/40 1774/42/40 1665/38/40
f 1734/43/41 1777/44/42 1843/45/43
f 1843/45/43 1777/44/42 1878/46/44
f 1767/47/45 1824/48/46 1734/43/41
f 1734/43/41 1824/48/46 1777/44/42
f 1957/49/47 1925/50/47 2048/51/47
f 1905/52/48 1925/50/48 1957/49/48
f 1905/52/49 1973/53/49 1925/50/49
f 2023/54/50 1973/53/50 1905/52/50
f 1967/55/51 2026/56/52 2036/57/53
f 2036/57/53 2026/56/52 2096/58/54
f 2108/59/55 2164/60/56 1967/55/51
f 1967/55/51 2164/60/56 2026/56/52
f 2145/61/57 2161/62/57 2245/63/57
f 2245/63/58 2161/62/58 2255/64/58
f 2202/65/59 2212/66/59 2145/61/59
f 2145/61/60 2212/66/60 2161/62/60
f 2300/67/61 2364/68/62 2439/69/63
f 2326/70/64 2407/71/65 2300/67/61
f 2300/67/61 2407/71/65 2364/68/62
f 2298/72/66 2339/73/67 2386/74/68
f 2329/75/69 2339/73/67 2298/72/66
f 1816/76/70 1899/77/70 1889/78/70
f 1816/76/71 1894/79/71 1899/77/71
f 1890/80/72 1894/79/72 1816/76/72
f 1890/80/73 1976/81/73 1894/79/73
f 2100/82/74 2171/83/74 2224/84/74
f 2100/82/75 2087/85/75 2171/83/75
f 2176/86/76 2087/85/76 2100/82/76
f 2176/86/77 2219/87/77 2087/85/77
f 2125/88/78 2252/89/78 2230/90/78
f 2125/88/79 2239/91/79 2252/89/79
f 2200/92/80 2239/91/80 2125/88/80
f 2200/92/81 2303/93/81 2239/91/81
f 2414/94/82 2419/95/82 2469/96/82
f 2469/96/83 2419/95/83 2474/97/83
f 2534/98/84 2546/99/84 2414/94/84
f 2414/94/85 2546/99/85 2419/95/85
f 2446/100/86 2434/101/87 2503/102/88
f 2503/102/88 2434/101/87 2485/103/89
f 2573/104/90 2554/105/91 2446/100/86
f 2446/100/86 2554/105/91 2434/101/87
f 2493/106/92 2566/107/92 2543/108/92
f 2543/108/93 2566/107/93 2595/109/93
f 2607/110/94 2640/111/94 2493/106/94
f 2493/106/95 2640/111/95 2566/107/95
f 2494/112/96 2520/113/97 2553/114/98
f 2553/114/98 2520/113/97 2584/115/99
f 1589/116/100 1466/117/100 1613/118/100
f 1603/119/101 1466/117/101 1589/116/101
f 1603/119/102 1611/120/102 1466/117/102
f 1681/121/103 1611/120/103 1603/119/103
f 1228/122/104 1213/123/104 1383/124/104
f 1383/124/105 1213/123/105 1385/125/105
f 1516/126/106 1508/127/106 1228/122/106
f 1228/122/107 1508/127/107 1213/123/107
f 1234/128/108 1045/129/108 1285/130/108
f 1123/131/109 1045/129/109 1234/128/109
f 1389/132/110 1286/133/110 1123/131/110
f 1123/131/111 1286/133/111 1045/129/111
f 934/134/112 936/135/112 1058/136/112
f 1058/136/113 936/135/113 1063/137/113
f 1169/138/114 1172/139/114 934/134/114
f 934/134/115 1172/139/115 936/135/115
f 1096/140/116 1147/141/117 1203/142/118
f 1203/142/118 1147/141/117 1259/143/119
f 1096/140/116 1390/144/120 1147/141/117
f 1291/145/121 1318/146/122 1536/147/123
f 1417/148/124 1431/149/125 1291/145/121
f 1291/145/121 1431/149/125 1318/146/122
f 1414/150/126 1444/151/127 1299/152/128
f 1299/152/128 1444/151/127 1353/153/129
f 1631/154/130 1678/155/130 1717/156/130
f 1631/154/131 1673/157/131 1678/155/131
f 1718/158/132 1673/157/132 1631/154/132
f 1718/158/133 1762/159/133 1673/157/133
f 1754/160/134 1752/161/134 1803/162/134
f 1803/162/135 1752/161/135 1811/163/135
f 1872/164/136 1873/165/136 1754/160/136
f 1754/160/137 1873/165/137 1752/161/137
f 1790/166/138 1840/167/138 1833/168/138
f 1833/168/139 1840/167/139 1861/169/139
f 1885/170/140 1921/171/140 1790/166/140
f 1790/166/141 1921/171/141 1840/167/141
f 1914/172/142 1916/173/142 1959/174/142
f 1959/174/143 1916/173/143 1965/175/143
f 2030/176/144 2038/177/144 1914/172/144
f 1914/172/145 2038/177/145 1916/173/145
f 1941/178/146 1944/179/147 1999/180/148
f 1999/180/148 1944/179/147 2005/181/149
f 2060/182/150 2073/183/151 1941/178/146
f 1941/178/146 2073/183/151 1944/179/147
f 2017/184/152 2052/185/152 2071/186/152
f 2071/186/153 2052/185/153 2102/187/153
f 2017/184/154 2167/188/154 2052/185/154
f 2078/189/155 2040/190/156 2154/191/157
f 2020/192/158 2040/190/156 2078/189/155
f 1867/193/159 1709/194/159 1918/195/159
f 1918/195/160 1709/194/160 1768/196/160
f 1868/197/161 1719/198/161 1867/193/161
f 1867/193/162 1719/198/162 1709/194/162
f 982/199/163 887/200/163 1223/201/163
f 1223/201/164 887/200/164 1143/202/164
f 1086/203/165 1002/204/165 982/199/165
f 982/199/166 1002/204/166 887/200/166
f 798/205/167 843/206/168 1028/207/169
f 798/205/170 743/208/171 843/206/172
f 909/209/173 743/208/171 798/205/170
f 909/209/174 949/210/175 743/208/176
f 696/211/177 827/212/178 880/213/179
f 696/211/180 731/214/181 827/212/182
f 778/215/183 731/214/181 696/211/180
f 778/215/184 929/216/185 731/214/186
f 877/217/187 978/218/188 974/219/189
f 974/219/189 978/218/188 1078/220/190
f 877/217/187 1186/221/191 978/218/188
f 1060/222/192 969/223/192 1153/224/192
f 1153/224/193 969/223/193 1050/225/193
f 1060/222/194 1149/226/194 969/223/194
f 1062/227/195 1034/228/196 1154/229/197
f 1154/229/197 1034/228/196 1124/230/198
f 1682/231/199 1540/232/199 1670/233/199
f 1670/233/200 1540/232/200 1537/234/200
f 1740/235/201 1632/236/201 1682/231/201
f 1682/231/202 1632/236/202 1540/232/202
f 874/237/203 684/238/203 922/239/203
f 922/239/204 684/238/204 736/240/204
f 1056/241/205 834/242/205 874/237/205
f 874/237/206 834/242/206 684/238/206
f 367/243/207 356/244/207 544/245/207
f 544/245/208 356/244/208 541/246/208
f 481/247/209 466/248/209 367/243/209
f 367/243/210 466/248/210 356/244/210
f 438/249/211 284/250/212 483/251/213
f 318/252/214 284/250/212 438/249/211
f 318/252/215 384/253/216 284/250/217
f 516/254/218 384/253/216 318/252/215
f 186/255/219 149/256/220 207/257/221
f 249/258/222 149/256/220 186/255/219
f 79/259/223 89/260/224 119/261/225
f 119/261/225 89/260/224 132/262/226
f 81/263/227 82/264/228 120/265/229
f 117/266/230 82/264/228 81/263/227
f 1888/267/231 1991/268/231 1939/269/231
f 1939/269/232 1991/268/232 2063/270/232
f 1870/271/233 1960/272/233 1888/267/233
f 1888/267/234 1960/272/234 1991/268/234
f 2347/273/235 2481/274/235 2438/275/235
f 2438/275/236 2481/274/236 2613/276/236
f 2388/277/237 2550/278/237 2347/273/237
f 2347/273/238 2550/278/238 2481/274/238
f 2767/279/239 2807/280/239 2803/281/239
f 2803/281/240 2807/280/240 2843/282/240
f 2830/283/241 2858/284/241 2767/279/241
f 2767/279/242 2858/284/242 2807/280/242
f 2888/285/243 2898/286/244 2926/287/245
f 2901/288/246 2915/289/247 2888/285/243
f 2888/285/243 2915/289/247 2898/286/244
f 2924/290/248 2927/291/249 2942/292/250
f 2942/292/250 2927/291/249 2943/293/251
f 2924/290/252 2969/294/252 2927/291/252
f 2959/295/253 2990/296/253 2983/297/253
f 2983/297/254 2990/296/254 3009/298/254
f 3012/299/255 3025/300/255 2959/295/255
f 2959/295/256 3025/300/256 2990/296/256
f 2960/301/257 2978/302/258 2984/303/259
f 2960/301/260 3007/304/261 2978/302/262
f 1801/305/263 1948/306/264 1837/307/265
f 1837/307/265 1948/306/264 1978/308/266
f 1801/305/263 1952/309/267 1948/306/264
f 1838/310/268 1952/309/267 1801/305/263
f 2313/311/269 2294/312/269 2409/313/269
f 2268/314/270 2294/312/270 2313/311/270
f 2268/314/271 2341/315/271 2294/312/271
f 2353/316/272 2341/315/272 2268/314/272
f 2424/317/273 2531/318/273 2479/319/273
f 2479/319/274 2531/318/274 2591/320/274
f 2525/321/275 2625/322/275 2424/317/275
f 2424/317/276 2625/322/276 2531/318/276
f 2668/323/277 2678/324/277 2769/325/277
f 2769/325/278 2678/324/278 2773/326/278
f 2727/327/279 2737/328/279 2668/323/279
f 2668/323/280 2737/328/280 2678/324/280
f 2664/329/281 2648/330/281 2761/331/281
f 2761/331/282 2648/330/282 2731/332/282
f 2717/333/283 2673/334/283 2664/329/283
f 2664/329/284 2673/334/284 2648/330/284
f 2677/335/285 2748/336/285 2756/337/285
f 2756/337/286 2748/336/286 2796/338/286
f 2721/339/287 2770/340/287 2677/335/287
f 2677/335/288 2770/340/288 2748/336/288
f 2723/341/289 2750/342/290 2675/343/291
f 2675/343/291 2750/342/290 2711/344/292
f 1581/345/293 1336/346/293 1641/347/293
f 1581/345/294 1323/348/294 1336/346/294
f 1636/349/295 1323/348/295 1581/345/295
f 1636/349/296 1425/350/296 1323/348/296
f 1671/351/297 1491/352/297 1729/353/297
f 1671/351/298 1490/354/298 1491/352/298
f 1730/355/299 1490/354/299 1671/351/299
f 1730/355/300 1587/356/300 1490/354/300
f 815/357/301 774/358/301 1046/359/301
f 1046/359/302 774/358/302 1010/360/302
f 935/361/303 894/362/303 815/357/303
f 815/357/304 894/362/304 774/358/304
f 645/363/305 531/364/305 817/365/305
f 817/365/306 531/364/306 677/366/306
f 735/367/307 613/368/307 645/363/307
f 645/363/308 613/368/308 531/364/308
f 314/369/309 304/370/310 432/371/311
f 432/371/311 304/370/310 421/372/312
f 513/373/313 506/374/314 314/369/309
f 314/369/309 506/374/314 304/370/310
f 308/375/315 310/376/316 412/377/317
f 412/377/317 310/376/316 414/378/318
f 290/379/319 271/380/320 376/381/321
f 376/381/321 271/380/320 338/382/322
f 292/383/323 279/384/324 377/385/325
f 377/385/325 279/384/324 363/386/326
f 1652/387/327 1590/388/327 1747/389/327
f 1747/389/328 1590/388/328 1702/390/328
f 1664/391/329 1607/392/329 1652/387/329
f 1652/387/330 1607/392/330 1590/388/330
f 1332/393/331 1408/394/332 1579/395/333
f 1332/393/334 1244/396/335 1408/394/336
f 1446/397/337 1244/396/335 1332/393/334
f 1446/397/338 1525/398/339 1244/396/340
f 1015/399/341 941/400/342 1156/401/343
f 1156/401/343 941/400/342 1073/402/344
f 1249/403/345 1175/404/346 1015/399/341
f 1015/399/341 1175/404/346 941/400/342
f 772/405/347 742/406/348 986/407/349
f 986/407/349 742/406/348 940/408/350
f 868/409/351 835/410/352 772/405/347
f 772/405/347 835/410/352 742/406/348
f 694/411/353 675/412/354 863/413/355
f 769/414/356 750/415/357 694/411/353
f 694/411/353 750/415/357 675/412/354
f 649/416/358 615/417/358 586/418/358
f 586/418/359 615/417/359 542/419/359
f 651/420/360 555/421/361 591/422/362
f 651/420/363 698/423/364 555/421/365
f 1714/424/366 1564/425/366 1771/426/366
f 1771/426/367 1564/425/367 1646/427/367
f 1707/428/368 1563/429/368 1714/424/368
f 1714/424/369 1563/429/369 1564/425/369
f 995/430/370 1023/431/370 1257/432/370
f 1257/432/371 1023/431/371 1296/433/371
f 1115/434/372 1160/435/372 995/430/372
f 995/430/373 1160/435/373 1023/431/373
f 1044/436/374 1051/437/374 1278/438/374
f 1044/436/375 915/439/375 1051/437/375
f 1146/440/376 915/439/376 1044/436/376
f 1146/440/377 1133/441/377 915/439/377
f 714/442/378 782/443/378 914/444/378
f 914/444/379 782/443/379 987/445/379
f 808/446/380 882/447/380 714/442/380
f 714/442/381 882/447/381 782/443/381
f 1005/448/382 1125/449/383 1119/450/384
f 1119/450/384 1125/449/383 1229/451/385
f 1005/448/382 1363/452/386 1125/449/383
f 1272/453/387 1207/454/387 1403/455/387
f 1403/455/388 1207/454/388 1316/456/388
f 1275/457/389 1269/458/390 1404/459/391
f 1404/459/391 1269/458/390 1400/460/392
f 1886/461/393 2001/462/393 1935/463/393
f 1886/461/394 2010/464/394 2001/462/394
f 1936/465/395 2010/464/395 1886/461/395
f 1936/465/396 2066/466/396 2010/464/396
f 1864/467/397 1749/468/398 1923/469/399
f 1864/467/400 1756/470/401 1749/468/402
f 1924/471/403 1809/472/404 1864/467/400
f 1864/467/400 1809/472/404 1756/470/401
f 1264/473/405 1082/474/405 1377/475/405
f 1377/475/406 1082/474/406 1197/476/406
f 1494/477/407 1345/478/407 1264/473/407
f 1264/473/408 1345/478/408 1082/474/408
f 759/479/409 676/480/410 963/481/411
f 963/481/411 676/480/410 849/482/412
f 854/483/413 763/484/414 759/479/409
f 759/479/409 763/484/414 676/480/410
f 574/485/415 599/486/416 663/487/417
f 663/487/417 599/486/416 680/488/418
f 747/489/419 761/490/420 574/485/415
f 574/485/415 761/490/420 599/486/416
f 752/491/421 795/492/422 674/493/423
f 674/493/423 795/492/422 715/494/424
f 906/495/425 903/496/426 822/497/427
f 822/497/427 903/496/426 820/498/428
f 829/499/429 836/500/430 924/501/431
f 907/502/432 836/500/430 829/499/429
f 1750/503/433 1835/504/433 1830/505/433
f 1750/503/434 1844/506/434 1835/504/434
f 1831/507/435 1844/506/435 1750/503/435
f 1831/507/436 1908/508/436 1844/506/436
f 2015/509/437 2117/510/437 2159/511/437
f 2015/509/438 2032/512/438 2117/510/438
f 2114/513/439 2032/512/439 2015/509/439
f 2114/513/440 2187/514/440 2032/512/440
f 2093/515/441 2203/516/441 2211/517/441
f 2093/515/442 2181/518/442 2203/516/442
f 2173/519/443 2181/518/443 2093/515/443
f 2173/519/444 2265/520/444 2181/518/444
f 2321/521/445 2343/522/445 2372/523/445
f 2372/523/446 2343/522/446 2402/524/446
f 2433/525/447 2452/526/447 2321/521/447
f 2321/521/448 2452/526/448 2343/522/448
f 2377/527/449 2369/528/449 2428/529/449
f 2377/527/450 2421/530/450 2369/528/450
f 2501/531/451 2578/532/452 2454/533/453
f 2454/533/453 2578/532/452 2512/534/454
f 2455/535/455 2487/536/456 2499/537/457
f 2499/537/457 2487/536/456 2539/538/458
f 1690/539/459 1608/540/459 1759/541/459
f 1759/541/460 1608/540/460 1697/542/460
f 1685/543/461 1609/544/461 1690/539/461
f 1690/539/462 1609/544/462 1608/540/462
f 1240/545/463 1204/546/463 1523/547/463
f 1523/547/464 1204/546/464 1502/548/464
f 1381/549/465 1371/550/465 1240/545/465
f 1240/545/466 1371/550/466 1204/546/466
f 1130/551/467 1183/552/468 1397/553/469
f 1130/551/470 1069/554/471 1183/552/472
f 1242/555/473 1069/554/471 1130/551/470
f 1242/555/474 1311/556/475 1069/554/476
f 997/557/477 1018/558/478 1236/559/479
f 1236/559/479 1018/558/478 1250/560/480
f 1117/561/481 1136/562/482 997/557/477
f 997/557/477 1136/562/482 1018/558/478
f 1094/563/483 1102/564/484 1335/565/485
f 1196/566/486 1209/567/487 1094/563/483
f 1094/563/483 1209/567/487 1102/564/484
f 1304/568/488 1333/569/488 1188/570/488
f 1188/570/489 1333/569/489 1220/571/489
f 1190/572/490 1215/573/491 1338/574/492
f 1305/575/493 1215/573/491 1190/572/490
f 1694/576/494 1535/577/494 1619/578/494
f 1696/579/495 1620/580/495 1596/581/495
f 1535/577/496 1076/582/497 1619/578/498
f 1619/578/499 1076/582/499 1261/583/499
f 1479/584/500 1076/582/497 1535/577/496
f 1596/581/501 1179/585/502 1479/584/503
f 1479/584/504 1179/585/504 1076/582/504
f 1620/580/505 1179/585/502 1596/581/501
f 1054/586/506 776/587/506 851/588/506
f 776/587/507 510/589/507 851/588/507
f 851/588/508 510/589/508 660/590/508
f 704/591/509 510/589/509 776/587/509
f 704/591/510 593/592/510 510/589/510
f 852/593/511 593/592/511 704/591/511
f 606/594/512 406/595/512 579/596/512
f 607/597/513 580/598/513 504/599/513
f 406/595/514 352/600/515 579/596/516
f 579/596/517 352/600/517 534/601/517
f 504/599/518 460/602/519 406/595/514
f 406/595/514 460/602/519 352/600/515
f 580/598/520 460/602/519 504/599/518
f 492/603/521 371/604/521 469/605/521
f 371/604/522 268/606/523 469/605/524
f 469/605/525 268/606/525 456/607/525
f 277/608/526 268/606/523 371/604/522
f 470/609/527 457/610/528 277/608/526
f 277/608/526 457/610/528 268/606/523
f 447/611/529 340/612/530 441/613/531
f 340/612/530 287/614/532 441/613/531
f 263/615/533 237/616/534 340/612/535
f 340/612/535 237/616/534 287/614/536
f 342/617/537 237/616/534 263/615/533
f 448/618/538 237/616/534 342/617/537
f 209/619/539 200/620/540 312/621/541
f 312/621/541 200/620/540 265/622/542
f 255/623/543 200/620/540 209/619/539
f 255/623/544 266/624/544 200/620/544
f 201/625/545 213/626/546 256/627/547
f 201/625/545 257/628/548 213/626/546
f 215/629/549 260/630/549 229/631/549
f 243/632/550 251/633/551 347/634/552
f 286/635/553 251/633/551 243/632/550
f 286/635/554 348/636/554 251/633/554
f 252/637/555 326/638/556 425/639/557
f 252/637/555 426/640/558 326/638/556
f 408/641/559 549/642/559 525/643/559
f 408/641/560 519/644/561 549/642/562
f 686/645/563 781/646/563 727/647/563
f 393/648/564 391/649/565 337/650/566
f 400/651/567 474/652/567 429/653/567
f 1773/654/568 1743/655/568 1784/656/568
f 1775/657/569 1785/658/569 1691/659/569
f 1743/655/570 1733/660/570 1784/656/570
f 1784/656/571 1733/660/571 1842/661/571
f 1666/662/572 1733/660/572 1743/655/572
f 1691/659/573 1766/663/573 1666/662/573
f 1666/662/574 1766/663/574 1733/660/574
f 1785/658/575 1766/663/575 1691/659/575
f 1879/664/576 1778/665/577 1930/666/578
f 1880/667/579 1931/668/579 1825/669/579
f 1778/665/580 1956/670/580 1930/666/580
f 1778/665/581 1904/671/581 1956/670/581
f 1825/669/582 1904/671/582 1778/665/582
f 1931/668/583 2022/672/583 1825/669/583
f 1825/669/584 2022/672/584 1904/671/584
f 2049/673/585 1990/674/585 2054/675/585
f 2050/676/586 2055/677/586 1974/678/586
f 1990/674/587 2035/679/587 2054/675/587
f 1926/680/588 1966/681/588 1990/674/588
f 1990/674/589 1966/681/589 2035/679/589
f 1974/678/590 1966/681/590 1926/680/590
f 2055/677/591 2107/682/591 1974/678/591
f 1974/678/592 2107/682/592 1966/681/592
f 2165/683/593 2206/684/593 2106/685/593
f 2027/686/594 2144/687/594 2163/688/594
f 2106/685/595 2201/689/595 2027/686/595
f 2027/686/596 2201/689/596 2144/687/596
f 2206/684/597 2201/689/597 2106/685/597
f 2162/690/598 2192/691/599 2256/692/600
f 2256/692/600 2192/691/599 2236/693/601
f 2162/690/602 2132/694/603 2192/691/604
f 2213/695/605 2132/694/603 2162/690/602
f 2213/695/606 2237/696/606 2132/694/606
f 2236/693/607 2192/691/607 2262/697/607
f 2192/691/608 2299/698/609 2262/697/610
f 2132/694/611 2299/698/609 2192/691/608
f 2132/694/612 2325/699/613 2299/698/614
f 2237/696/615 2325/699/613 2132/694/612
f 2440/700/616 2365/701/617 2541/702/618
f 2365/701/619 2602/703/620 2541/702/621
f 2541/702/622 2602/703/622 2646/704/622
f 2408/705/623 2602/703/620 2365/701/619
f 2408/705/624 2647/706/624 2602/703/624
f 2603/707/625 2691/708/626 2728/709/627
f 2603/707/625 2729/710/628 2691/708/626
f 2743/711/629 2801/712/629 2781/713/629
f 2340/714/630 2394/715/630 2461/716/630
f 2392/717/631 2394/715/631 2340/714/631
f 2392/717/632 2462/718/632 2394/715/632
f 2395/719/633 2333/720/633 2383/721/633
f 2426/722/634 2333/720/634 2395/719/634
f 2426/722/635 2384/723/635 2333/720/635
f 2228/724/636 2122/725/636 2263/726/636
f 2264/727/637 2122/725/637 2228/724/637
f 1938/728/638 1912/729/638 1891/730/638
f 2366/731/639 2373/732/640 2345/733/641
f 2382/734/642 2416/735/642 2390/736/642
f 1975/737/643 1900/738/643 2109/739/643
f 1977/740/644 2110/741/644 1964/742/644
f 1900/738/645 2156/743/645 2109/739/645
f 1895/744/646 2099/745/646 1900/738/646
f 1900/738/647 2099/745/647 2156/743/647
f 1964/742/648 2099/745/648 1895/744/648
f 2110/741/649 2225/746/649 1964/742/649
f 1964/742/650 2225/746/650 2099/745/650
f 2218/747/651 2129/748/651 2196/749/651
f 2220/750/652 2197/751/652 2056/752/652
f 2129/748/653 2124/753/653 2196/749/653
f 2196/749/654 2124/753/654 2229/754/654
f 2056/752/655 2124/753/655 2129/748/655
f 2056/752/656 2199/755/656 2124/753/656
f 2197/751/657 2199/755/657 2056/752/657
f 2253/756/658 2330/757/658 2429/758/658
f 2240/759/659 2330/757/659 2253/756/659
f 2240/759/660 2403/760/660 2330/757/660
f 2304/761/661 2403/760/661 2240/759/661
f 2330/757/662 2468/762/662 2429/758/662
f 2330/757/663 2413/763/663 2468/762/663
f 2403/760/664 2413/763/664 2330/757/664
f 2403/760/665 2533/764/665 2413/763/665
f 2475/765/666 2502/766/666 2545/767/666
f 2420/768/667 2445/769/668 2475/765/669
f 2475/765/669 2445/769/668 2502/766/670
f 2547/770/671 2572/771/672 2420/768/667
f 2420/768/667 2572/771/672 2445/769/668
f 2486/772/673 2405/773/674 2506/774/675
f 2435/775/676 2405/773/674 2486/772/673
f 2435/775/677 2450/776/678 2405/773/679
f 2555/777/680 2507/778/680 2435/775/680
f 2435/775/677 2507/778/681 2450/776/678
f 2507/778/682 2511/779/682 2450/776/682
f 2405/773/683 2542/780/683 2506/774/683
f 2405/773/684 2492/781/684 2542/780/684
f 2450/776/685 2492/781/685 2405/773/685
f 2511/779/686 2606/782/686 2450/776/686
f 2450/776/687 2606/782/687 2492/781/687
f 2596/783/688 2679/784/688 2639/785/688
f 2639/785/689 2679/784/689 2740/786/689
f 2567/787/690 2679/784/690 2596/783/690
f 2641/788/691 2741/789/691 2567/787/691
f 2567/787/692 2741/789/692 2679/784/692
f 2708/790/693 2786/791/693 2809/792/693
f 2680/793/694 2786/791/694 2708/790/694
f 2680/793/695 2810/794/695 2786/791/695
f 2827/795/696 2852/796/696 2866/797/696
f 2521/798/697 2574/799/698 2630/800/699
f 2588/801/700 2574/799/698 2521/798/697
f 2588/801/701 2631/802/701 2574/799/701
f 2616/803/702 2519/804/703 2581/805/704
f 2575/806/705 2519/804/703 2616/803/702
f 2638/807/706 2582/808/706 2575/806/706
f 2575/806/705 2582/808/707 2519/804/703
f 2465/809/708 2363/810/709 2393/811/710
f 2473/812/711 2363/810/709 2465/809/708
f 2363/810/712 2308/813/712 2393/811/712
f 2286/814/713 2260/815/714 2283/816/715
f 2569/817/716 2538/818/717 2529/819/716
f 2557/820/718 2599/821/718 2563/822/718
f 1614/823/719 1420/824/719 1572/825/719
f 1467/826/720 1317/827/720 1420/824/720
f 1615/828/721 1573/829/721 1467/826/721
f 1467/826/722 1573/829/722 1317/827/722
f 1420/824/723 1382/830/723 1572/825/723
f 1317/827/724 1227/831/724 1420/824/724
f 1420/824/725 1227/831/725 1382/830/725
f 1573/829/726 1515/832/726 1317/827/726
f 1317/827/727 1515/832/727 1227/831/727
f 1507/833/728 1214/834/728 1512/835/728
f 1509/836/729 1513/837/729 1384/838/729
f 1214/834/730 1233/839/730 1512/835/730
f 1214/834/731 1122/840/731 1233/839/731
f 1384/838/732 1122/840/732 1214/834/732
f 1513/837/733 1388/841/733 1384/838/733
f 1384/838/734 1388/841/734 1122/840/734
f 1287/842/735 1192/843/736 960/844/737
f 1071/845/738 1057/846/738 1191/847/738
f 960/844/739 933/848/739 1071/845/739
f 1071/845/740 933/848/740 1057/846/740
f 1192/843/736 1168/849/741 960/844/737
f 960/844/742 1168/849/742 933/848/742
f 1173/850/743 1245/851/743 937/852/743
f 1064/853/744 1202/854/744 1171/855/744
f 937/852/745 1095/856/746 1064/853/747
f 1064/853/747 1095/856/746 1202/854/748
f 1245/851/749 1339/857/750 937/852/745
f 937/852/745 1339/857/750 1095/856/746
f 1260/858/751 1167/859/752 1423/860/753
f 1148/861/754 1167/859/752 1260/858/751
f 1148/861/755 1284/862/756 1167/859/757
f 1391/863/758 1424/864/758 1148/861/758
f 1148/861/755 1424/864/759 1284/862/756
f 1423/860/760 1167/859/760 1455/865/760
f 1424/864/761 1456/866/761 1284/862/761
f 1167/859/757 1290/867/762 1455/865/763
f 1284/862/756 1416/868/764 1167/859/757
f 1167/859/757 1416/868/764 1290/867/762
f 1456/866/765 1416/868/764 1284/862/756
f 1319/869/766 1378/870/767 1531/871/768
f 1531/871/769 1378/870/769 1500/872/769
f 1432/873/770 1378/870/767 1319/869/766
f 1532/874/771 1501/875/771 1432/873/771
f 1432/873/772 1501/875/772 1378/870/772
f 1379/876/773 1448/877/774 1541/878/775
f 1379/876/773 1542/879/776 1448/877/774
f 1462/880/777 1558/881/777 1476/882/777
f 1441/883/778 1406/884/779 1547/885/780
f 1354/886/781 1406/884/779 1441/883/778
f 1354/886/781 1548/887/782 1406/884/779
f 1407/888/783 1488/889/784 1574/890/785
f 1473/891/786 1488/889/784 1407/888/783
f 1473/891/787 1575/892/787 1488/889/787
f 1539/893/788 1583/894/789 1629/895/790
f 1605/896/791 1583/894/789 1539/893/788
f 1643/897/792 1701/898/792 1667/899/792
f 1520/900/793 1576/901/794 1599/902/795
f 1568/903/796 1576/901/794 1520/900/793
f 1585/904/797 1638/905/797 1600/906/797
f 1763/907/798 1822/908/799 1674/909/800
f 1679/910/801 1802/911/801 1761/912/801
f 1674/909/802 1753/913/802 1679/910/802
f 1679/910/803 1753/913/803 1802/911/803
f 1822/908/799 1871/914/804 1674/909/800
f 1674/909/805 1871/914/805 1753/913/805
f 1874/915/806 1860/916/807 1742/917/808
f 1796/918/809 1832/919/809 1859/920/809
f 1742/917/810 1789/921/810 1796/918/810
f 1796/918/811 1789/921/811 1832/919/811
f 1860/916/807 1884/922/812 1742/917/808
f 1742/917/813 1884/922/813 1789/921/813
f 1922/923/814 1972/924/814 1841/925/814
f 1862/926/815 1958/927/815 1920/928/815
f 1841/925/816 1913/929/816 1862/926/816
f 1862/926/817 1913/929/817 1958/927/817
f 1972/924/818 2029/930/818 1841/925/818
f 1841/925/819 2029/930/819 1913/929/819
f 1963/931/820 1998/932/820 2033/933/820
f 1917/934/821 1940/935/822 1963/931/823
f 1963/931/823 1940/935/822 1998/932/824
f 2034/936/825 2059/937/826 1917/934/821
f 1917/934/821 2059/937/826 1940/935/822
f 2072/938/827 1945/939/828 2061/940/829
f 2074/941/830 2062/942/830 1945/939/830
f 1945/939/831 2062/942/832 1942/943/833
f 2062/942/834 2083/944/834 1942/943/834
f 1945/939/835 2070/945/835 2061/940/835
f 1942/943/833 2016/946/836 1945/939/831
f 1945/939/837 2016/946/837 2070/945/837
f 2083/944/838 2130/947/838 1942/943/838
f 1942/943/839 2130/947/839 2016/946/839
f 2103/948/840 2146/949/840 2166/950/840
f 2166/950/841 2146/949/841 2207/951/841
f 2053/952/842 2146/949/842 2103/948/842
f 2168/953/843 2208/954/843 2053/952/843
f 2053/952/844 2208/954/844 2146/949/844
f 2147/955/845 2222/956/845 2258/957/845
f 2147/955/846 2259/958/846 2222/956/846
f 2243/959/847 2270/960/848 2296/961/849
f 2041/962/850 2080/963/851 2151/964/852
f 2155/965/853 2152/966/853 2041/962/853
f 2041/962/850 2152/966/854 2080/963/851
f 2120/967/855 2089/968/856 2140/969/857
f 2081/970/858 2089/968/856 2120/967/855
f 2081/970/858 2141/971/859 2089/968/856
f 2116/972/860 2019/973/860 2045/974/860
f 1984/975/861 1968/976/862 2011/977/863
f 2098/978/864 2113/979/864 2127/980/864
f 2134/981/865 2186/982/865 2148/983/865
f 1710/984/866 1474/985/866 1769/986/866
f 1769/986/867 1474/985/867 1626/987/867
f 1710/984/868 1549/988/868 1474/985/868
f 1770/989/869 1627/990/869 1549/988/869
f 1474/985/870 981/991/870 1626/987/870
f 1626/987/871 981/991/871 1222/992/871
f 1549/988/872 1085/993/872 1474/985/872
f 1474/985/873 1085/993/873 981/991/873
f 1627/990/874 1085/993/874 1549/988/874
f 860/994/875 797/995/876 1106/996/877
f 1106/996/878 797/995/878 1027/997/878
f 983/998/879 908/999/880 860/994/875
f 860/994/875 908/999/880 797/995/876
f 1107/1000/881 908/999/880 983/998/879
f 948/1001/882 757/1002/883 855/1003/884
f 950/1004/885 856/1005/885 671/1006/885
f 757/1002/886 695/1007/887 855/1003/888
f 855/1003/889 695/1007/889 879/1008/889
f 671/1006/890 695/1007/887 757/1002/886
f 671/1006/891 777/1009/892 695/1007/893
f 856/1005/894 777/1009/892 671/1006/891
f 828/1010/895 973/1011/896 928/1012/897
f 732/1013/898 876/1014/899 828/1010/900
f 828/1010/900 876/1014/899 973/1011/901
f 930/1015/902 1083/1016/903 732/1013/898
f 732/1013/898 1083/1016/903 876/1014/899
f 1079/1017/904 1090/1018/905 1326/1019/906
f 979/1020/907 1090/1018/905 1079/1017/904
f 979/1020/908 1194/1021/909 1090/1018/910
f 979/1020/908 1327/1022/911 1194/1021/909
f 1090/1018/912 1152/1023/912 1326/1019/912
f 1090/1018/910 1059/1024/913 1152/1023/914
f 1194/1021/909 1059/1024/913 1090/1018/910
f 910/1025/915 720/1026/915 991/1027/915
f 991/1027/916 720/1026/916 789/1028/916
f 848/1029/917 720/1026/917 910/1025/917
f 992/1030/918 790/1031/918 848/1029/918
f 848/1029/919 790/1031/919 720/1026/919
f 721/1032/920 636/1033/921 689/1034/922
f 721/1032/920 690/1035/923 636/1033/921
f 569/1036/924 526/1037/925 554/1038/926
f 1035/1039/927 1016/1040/928 1217/1041/929
f 1217/1041/929 1016/1040/928 1150/1042/930
f 1035/1039/927 1151/1043/931 1016/1040/928
f 1097/1044/932 1219/1045/933 1351/1046/934
f 1017/1047/935 1219/1045/933 1097/1044/932
f 1017/1047/935 1352/1048/936 1219/1045/933
f 1411/1049/937 1687/1050/937 1497/1051/937
f 1633/1052/938 1687/1050/939 1411/1049/940
f 1852/1053/941 1901/1054/942 1933/1055/943
f 1238/1056/944 1255/1057/945 1302/1058/946
f 1295/1059/947 1401/1060/947 1314/1061/947
f 1328/1062/948 921/1063/948 1483/1064/948
f 1293/1065/949 873/1066/949 1328/1062/949
f 1328/1062/950 873/1066/950 921/1063/950
f 1484/1067/951 1055/1068/951 1293/1065/951
f 1293/1065/952 1055/1068/952 873/1066/952
f 833/1069/953 567/1070/953 656/1071/953
f 766/1072/954 657/1073/954 508/1074/954
f 567/1070/955 366/1075/955 656/1071/955
f 656/1071/956 366/1075/956 543/1076/956
f 508/1074/957 366/1075/957 567/1070/957
f 508/1074/958 480/1077/958 366/1075/958
f 657/1073/959 480/1077/959 508/1074/959
f 357/1078/960 404/1079/961 498/1080/962
f 467/1081/963 404/1079/961 357/1078/960
f 467/1081/964 578/1082/964 404/1079/964
f 498/1080/965 437/1083/965 577/1084/965
f 404/1079/966 317/1085/967 498/1080/968
f 498/1080/969 317/1085/969 437/1083/969
f 578/1082/970 515/1086/970 404/1079/970
f 404/1079/966 515/1086/971 317/1085/967
f 484/1087/972 303/1088/973 402/1089/974
f 303/1088/975 185/1090/976 402/1089/977
f 402/1089/978 185/1090/978 321/1091/978
f 246/1092/979 185/1090/976 303/1088/975
f 403/1093/980 322/1094/981 246/1092/979
f 246/1092/979 322/1094/981 185/1090/976
f 267/1095/982 203/1096/983 139/1097/984
f 140/1098/985 118/1099/985 202/1100/985
f 92/1101/986 78/1102/987 140/1098/988
f 140/1098/988 78/1102/987 118/1099/989
f 139/1097/984 78/1102/987 92/1101/986
f 203/1096/983 78/1102/987 139/1097/984
f 90/1103/990 126/1104/991 179/1105/992
f 179/1105/993 126/1104/993 192/1106/993
f 133/1107/994 126/1104/991 90/1103/990
f 133/1107/995 193/1108/995 126/1104/995
f 127/1109/996 152/1110/997 196/1111/998
f 127/1109/996 197/1112/999 152/1110/997
f 160/1113/1000 208/1114/1000 170/1115/1000
f 83/1116/1001 94/1117/1002 155/1118/1003
f 121/1119/1004 94/1117/1002 83/1116/1001
f 121/1119/1005 156/1120/1005 94/1117/1005
f 95/1121/1006 101/1122/1007 145/1123/1008
f 95/1121/1006 146/1124/1009 101/1122/1007
f 113/1125/1010 138/1126/1011 134/1127/1012
f 113/1125/1010 134/1127/1012 188/1128/1013
f 154/1129/1014 206/1130/1014 168/1131/1014
f 128/1132/1015 107/1133/1016 104/1134/1017
f 106/1135/1018 142/1136/1019 110/1137/1020
f 2064/1138/1021 2085/1139/1021 2204/1140/1021
f 1961/1141/1022 2131/1142/1022 1992/1143/1022
f 1961/1141/1023 2205/1144/1023 2131/1142/1023
f 2085/1139/1024 2346/1145/1024 2204/1140/1024
f 2204/1140/1025 2346/1145/1025 2437/1146/1025
f 1992/1143/1026 2346/1145/1026 2085/1139/1026
f 2131/1142/1027 2387/1147/1027 1992/1143/1027
f 1992/1143/1028 2387/1147/1028 2346/1145/1028
f 2205/1144/1029 2387/1147/1029 2131/1142/1029
f 2482/1148/1030 2621/1149/1031 2614/1150/1032
f 2614/1150/1032 2621/1149/1031 2696/1151/1033
f 2482/1148/1030 2551/1152/1034 2621/1149/1031
f 2615/1153/1035 2697/1154/1035 2551/1152/1035
f 2621/1149/1036 2802/1155/1036 2696/1151/1036
f 2621/1149/1037 2766/1156/1038 2802/1155/1039
f 2551/1152/1040 2766/1156/1038 2621/1149/1037
f 2697/1154/1041 2829/1157/1042 2551/1152/1043
f 2551/1152/1043 2829/1157/1042 2766/1156/1044
f 2808/1158/1045 2840/1159/1045 2844/1160/1045
f 2844/1160/1046 2840/1159/1046 2865/1161/1046
f 2859/1162/1047 2883/1163/1047 2808/1158/1047
f 2808/1158/1048 2883/1163/1048 2840/1159/1048
f 2865/1161/1049 2887/1164/1049 2925/1165/1049
f 2840/1159/1050 2887/1164/1050 2865/1161/1050
f 2840/1159/1051 2900/1166/1052 2887/1164/1053
f 2883/1163/1054 2900/1166/1052 2840/1159/1051
f 2899/1167/1055 2941/1168/1055 2936/1169/1055
f 2899/1167/1056 2923/1170/1057 2941/1168/1058
f 2916/1171/1059 2923/1170/1057 2899/1167/1056
f 2953/1172/1060 2966/1173/1061 2916/1171/1062
f 2916/1171/1062 2966/1173/1061 2923/1170/1063
f 2944/1174/1064 2914/1175/1065 2961/1176/1066
f 2928/1177/1067 2914/1175/1065 2944/1174/1064
f 2928/1177/1068 2935/1178/1069 2914/1175/1070
f 2970/1179/1071 2962/1180/1071 2928/1177/1071
f 2928/1177/1068 2962/1180/1072 2935/1178/1069
f 2962/1180/1073 2965/1181/1073 2935/1178/1073
f 2914/1175/1074 2982/1182/1074 2961/1176/1074
f 2914/1175/1075 2958/1183/1075 2982/1182/1075
f 2935/1178/1069 2958/1183/1076 2914/1175/1070
f 2965/1181/1077 3011/1184/1077 2935/1178/1077
f 2935/1178/1078 3011/1184/1078 2958/1183/1078
f 3010/1185/1079 3034/1186/1079 3024/1187/1079
f 3024/1187/1080 3034/1186/1080 3043/1188/1080
f 2991/1189/1081 3034/1186/1081 3010/1185/1081
f 3026/1190/1082 3044/1191/1083 2991/1189/1084
f 2991/1189/1085 3044/1191/1085 3034/1186/1085
f 3037/1192/1086 3050/1193/1086 3055/1194/1086
f 3035/1195/1087 3050/1193/1087 3037/1192/1087
f 3035/1195/1088 3056/1196/1088 3050/1193/1088
f 3059/1197/1089 3063/1198/1089 3069/1199/1089
f 3004/1200/1090 2998/1201/1091 3018/1202/1092
f 2979/1203/1093 2998/1201/1091 3004/1200/1090
f 2979/1203/1093 3019/1204/1094 2998/1201/1091
f 3015/1205/1095 2973/1206/1096 3000/1207/1097
f 2999/1208/1098 2973/1206/1096 3015/1205/1095
f 3021/1209/1099 3001/1210/1099 2999/1208/1099
f 2999/1208/1098 3001/1210/1100 2973/1206/1096
f 2940/1211/1101 2896/1212/1102 2929/1213/1103
f 2855/1214/1104 2838/1215/1105 2850/1216/1106
f 2977/1217/1107 2981/1218/1108 2993/1219/1109
f 2988/1220/1110 3013/1221/1110 2994/1222/1110
f 1979/1223/1111 1970/1224/1111 2157/1225/1111
f 1980/1226/1112 2158/1227/1112 1953/1228/1112
f 1970/1224/1113 2312/1229/1113 2157/1225/1113
f 1949/1230/1114 2267/1231/1114 1970/1224/1114
f 1970/1224/1115 2267/1231/1115 2312/1229/1115
f 1953/1228/1116 2267/1231/1116 1949/1230/1116
f 2158/1227/1117 2352/1232/1117 1953/1228/1117
f 1953/1228/1118 2352/1232/1118 2267/1231/1118
f 2410/1233/1119 2349/1234/1119 2417/1235/1119
f 2411/1236/1120 2418/1237/1120 2342/1238/1120
f 2349/1234/1121 2478/1239/1121 2417/1235/1121
f 2295/1240/1122 2423/1241/1122 2349/1234/1122
f 2349/1234/1123 2423/1241/1123 2478/1239/1123
f 2342/1238/1124 2423/1241/1124 2295/1240/1124
f 2418/1237/1125 2524/1242/1125 2342/1238/1125
f 2342/1238/1126 2524/1242/1126 2423/1241/1126
f 2532/1243/1127 2634/1244/1127 2592/1245/1127
f 2626/1246/1128 2714/1247/1128 2532/1243/1128
f 2532/1243/1129 2714/1247/1129 2634/1244/1129
f 2592/1245/1130 2667/1248/1130 2713/1249/1130
f 2713/1249/1131 2667/1248/1131 2768/1250/1131
f 2634/1244/1132 2667/1248/1132 2592/1245/1132
f 2634/1244/1133 2726/1251/1134 2667/1248/1135
f 2714/1247/1136 2726/1251/1134 2634/1244/1133
f 2774/1252/1137 2662/1253/1138 2763/1254/1139
f 2662/1253/1140 2663/1255/1141 2763/1254/1142
f 2763/1254/1143 2663/1255/1143 2760/1256/1143
f 2715/1257/1144 2716/1258/1145 2662/1253/1140
f 2662/1253/1140 2716/1258/1145 2663/1255/1141
f 2764/1259/1146 2716/1258/1145 2715/1257/1144
f 2649/1260/1147 2644/1261/1147 2732/1262/1147
f 2732/1262/1148 2644/1261/1148 2672/1263/1148
f 2649/1260/1149 2605/1264/1149 2644/1261/1149
f 2674/1265/1150 2605/1264/1150 2649/1260/1150
f 2674/1265/1151 2670/1266/1151 2605/1264/1151
f 2672/1263/1152 2644/1261/1152 2669/1267/1152
f 2644/1261/1153 2676/1268/1154 2669/1267/1155
f 2669/1267/1156 2676/1268/1156 2755/1269/1156
f 2605/1264/1157 2676/1268/1154 2644/1261/1153
f 2605/1264/1158 2720/1270/1159 2676/1268/1160
f 2670/1266/1161 2720/1270/1159 2605/1264/1158
f 2749/1271/1162 2862/1272/1162 2797/1273/1162
f 2797/1273/1163 2862/1272/1163 2885/1274/1163
f 2771/1275/1164 2862/1272/1164 2749/1271/1164
f 2771/1275/1165 2886/1276/1165 2862/1272/1165
f 2863/1277/1166 2907/1278/1166 2921/1279/1166
f 2863/1277/1167 2922/1280/1167 2907/1278/1167
f 2931/1281/1168 2967/1282/1169 2951/1283/1170
f 2712/1284/1171 2745/1285/1172 2792/1286/1173
f 2751/1287/1174 2745/1285/1172 2712/1284/1171
f 2751/1287/1175 2793/1288/1175 2745/1285/1175
f 2746/1289/1176 2683/1290/1177 2795/1291/1178
f 2795/1291/1178 2683/1290/1177 2724/1292/1179
f 2772/1293/1180 2683/1290/1177 2746/1289/1176
f 2772/1293/1181 2725/1294/1181 2683/1290/1181
f 2560/1295/1182 2425/1296/1182 2600/1297/1182
f 2560/1295/1183 2467/1298/1183 2425/1296/1183
f 2467/1298/1184 2314/1299/1184 2425/1296/1184
f 2275/1300/1185 2251/1301/1185 2232/1302/1185
f 2710/1303/1186 2698/1304/1187 2688/1305/1188
f 2701/1306/1189 2730/1307/1189 2703/1308/1190
f 1418/1309/1191 1112/1310/1191 1324/1311/1191
f 1586/1312/1192 1211/1313/1192 1374/1314/1192
f 1588/1315/1193 1375/1316/1193 1308/1317/1193
f 1211/1313/1194 904/1318/1194 1374/1314/1194
f 1162/1319/1195 814/1320/1195 1211/1313/1195
f 1211/1313/1196 814/1320/1196 904/1318/1196
f 1308/1317/1197 814/1320/1197 1162/1319/1197
f 1375/1316/1198 1047/1321/1198 1308/1317/1198
f 1308/1317/1199 1047/1321/1199 814/1320/1199
f 1011/1322/1200 889/1323/1200 1008/1324/1200
f 1012/1325/1201 1009/1326/1201 895/1327/1201
f 889/1323/1202 644/1328/1202 1008/1324/1202
f 1008/1324/1203 644/1328/1203 816/1329/1203
f 775/1330/1204 644/1328/1204 889/1323/1204
f 895/1327/1205 734/1331/1205 775/1330/1205
f 775/1330/1206 734/1331/1206 644/1328/1206
f 1009/1326/1207 734/1331/1207 895/1327/1207
f 678/1332/1208 482/1333/1208 550/1334/1208
f 679/1335/1209 551/1336/1209 385/1337/1209
f 482/1333/1210 431/1338/1210 550/1334/1210
f 385/1337/1211 313/1339/1212 482/1333/1213
f 482/1333/1214 313/1339/1214 431/1338/1214
f 551/1336/1215 512/1340/1215 385/1337/1215
f 385/1337/1211 512/1340/1216 313/1339/1212
f 305/1341/1217 411/1342/1217 505/1343/1217
f 305/1341/1218 307/1344/1219 411/1342/1220
f 420/1345/1221 307/1344/1219 305/1341/1218
f 507/1346/1222 307/1344/1219 420/1345/1221
f 311/1347/1223 424/1348/1224 494/1349/1225
f 494/1349/1225 424/1348/1224 500/1350/1226
f 495/1351/1227 501/1352/1227 415/1353/1227
f 424/1348/1228 375/1354/1228 500/1350/1228
f 311/1347/1223 289/1355/1229 424/1348/1224
f 424/1348/1224 289/1355/1229 375/1354/1230
f 415/1353/1231 289/1355/1229 311/1347/1223
f 501/1352/1232 289/1355/1229 415/1353/1231
f 299/1356/1233 244/1357/1233 301/1358/1233
f 250/1359/1234 244/1357/1235 299/1356/1236
f 383/1360/1237 302/1361/1237 250/1359/1237
f 250/1359/1234 302/1361/1238 244/1357/1235
f 245/1362/1239 234/1363/1240 273/1364/1241
f 245/1362/1239 274/1365/1242 234/1363/1240
f 224/1366/1243 253/1367/1243 219/1368/1243
f 280/1369/1244 293/1370/1245 409/1371/1246
f 364/1372/1247 293/1370/1245 280/1369/1244
f 364/1372/1248 410/1373/1248 293/1370/1248
f 294/1374/1249 359/1375/1250 452/1376/1251
f 294/1374/1249 453/1377/1252 359/1375/1250
f 499/1378/1253 477/1379/1253 428/1380/1253
f 627/1381/1254 709/1382/1254 664/1383/1254
f 423/1384/1255 386/1385/1256 369/1386/1257
f 389/1387/1258 458/1388/1258 394/1389/1258
f 1703/1390/1259 1617/1391/1259 1660/1392/1259
f 1704/1393/1260 1661/1394/1260 1495/1395/1260
f 1617/1391/1261 1331/1396/1261 1660/1392/1261
f 1660/1392/1262 1331/1396/1262 1578/1397/1262
f 1495/1395/1263 1331/1396/1263 1617/1391/1263
f 1495/1395/1264 1445/1398/1264 1331/1396/1264
f 1661/1394/1265 1445/1398/1265 1495/1395/1265
f 1524/1399/1266 1300/1400/1266 1426/1401/1266
f 1526/1402/1267 1427/1403/1267 1157/1404/1267
f 1300/1400/1268 1155/1405/1268 1426/1401/1268
f 1157/1404/1269 1014/1406/1270 1300/1400/1271
f 1300/1400/1271 1014/1406/1270 1155/1405/1272
f 1427/1403/1273 1248/1407/1274 1157/1404/1269
f 1157/1404/1269 1248/1407/1274 1014/1406/1270
f 1174/1408/1275 984/1409/1275 1087/1410/1275
f 984/1409/1276 771/1411/1276 1087/1410/1276
f 1087/1410/1277 771/1411/1277 985/1412/1277
f 859/1413/1278 771/1411/1278 984/1409/1278
f 859/1413/1279 867/1414/1279 771/1411/1279
f 1088/1415/1280 867/1414/1280 859/1413/1280
f 730/1416/1281 693/1417/1282 918/1418/1283
f 819/1419/1284 768/1420/1285 730/1416/1281
f 730/1416/1281 768/1420/1285 693/1417/1282
f 919/1421/1286 768/1420/1285 819/1419/1284
f 845/1422/1287 726/1423/1287 805/1424/1287
f 726/1423/1288 585/1425/1289 805/1424/1290
f 642/1426/1291 585/1425/1289 726/1423/1288
f 724/1427/1292 648/1428/1293 642/1426/1294
f 642/1426/1294 648/1428/1293 585/1425/1295
f 806/1429/1296 648/1428/1293 724/1427/1292
f 514/1430/1297 464/1431/1298 625/1432/1299
f 625/1432/1300 464/1431/1300 532/1433/1300
f 557/1434/1301 464/1431/1302 514/1430/1303
f 557/1434/1304 533/1435/1304 464/1431/1304
f 465/1436/1305 419/1437/1306 478/1438/1307
f 465/1436/1305 479/1439/1308 419/1437/1306
f 374/1440/1309 396/1441/1309 334/1442/1309
f 556/1443/1310 547/1444/1311 639/1445/1312
f 631/1446/1313 547/1444/1311 556/1443/1310
f 631/1446/1314 640/1447/1314 547/1444/1314
f 548/1448/1315 589/1449/1316 652/1450/1317
f 548/1448/1315 653/1451/1318 589/1449/1316
f 630/1452/1319 733/1453/1319 711/1454/1319
f 630/1452/1320 708/1455/1320 733/1453/1320
f 842/1456/1321 945/1457/1321 885/1458/1321
f 620/1459/1322 570/1460/1323 576/1461/1324
f 563/1462/1325 614/1463/1325 560/1464/1325
f 1565/1465/1326 1247/1466/1326 1647/1467/1326
f 1647/1467/1327 1247/1466/1327 1498/1468/1327
f 1565/1465/1328 1325/1469/1328 1247/1466/1328
f 1648/1470/1329 1499/1471/1329 1325/1469/1329
f 1247/1466/1330 994/1472/1330 1498/1468/1330
f 1498/1468/1331 994/1472/1331 1256/1473/1331
f 1325/1469/1332 1114/1474/1332 1247/1466/1332
f 1247/1466/1333 1114/1474/1333 994/1472/1333
f 1499/1471/1334 1114/1474/1334 1325/1469/1334
f 1297/1475/1335 1024/1476/1335 1369/1477/1335
f 1024/1476/1336 1043/1478/1336 1369/1477/1336
f 1369/1477/1337 1043/1478/1337 1277/1479/1337
f 1161/1480/1338 1145/1481/1338 1024/1476/1338
f 1024/1476/1339 1145/1481/1339 1043/1478/1339
f 1298/1482/1340 1145/1481/1340 1161/1480/1340
f 1132/1483/1341 857/1484/1341 956/1485/1341
f 916/1486/1342 748/1487/1342 857/1484/1342
f 1134/1488/1343 957/1489/1343 916/1486/1343
f 916/1486/1344 957/1489/1344 748/1487/1344
f 857/1484/1345 713/1490/1345 956/1485/1345
f 956/1485/1346 713/1490/1346 913/1491/1346
f 748/1487/1347 713/1490/1347 857/1484/1347
f 748/1487/1348 807/1492/1348 713/1490/1348
f 957/1489/1349 807/1492/1349 748/1487/1349
f 783/1493/1350 1118/1494/1350 988/1495/1350
f 783/1493/1351 1004/1496/1352 1118/1494/1353
f 883/1497/1354 1004/1496/1352 783/1493/1351
f 1099/1498/1355 1004/1496/1352 883/1497/1354
f 1230/1499/1356 1361/1500/1357 1362/1501/1358
f 1362/1501/1358 1361/1500/1357 1464/1502/1359
f 1364/1503/1360 1465/1504/1360 1126/1505/1360
f 1465/1504/1361 1544/1506/1361 1126/1505/1361
f 1361/1500/1362 1402/1507/1362 1464/1502/1362
f 1230/1499/1356 1271/1508/1363 1361/1500/1357
f 1361/1500/1357 1271/1508/1363 1402/1507/1364
f 1126/1505/1365 1271/1508/1363 1230/1499/1356
f 1544/1506/1366 1492/1509/1367 1126/1505/1368
f 1126/1505/1368 1492/1509/1367 1271/1508/1369
f 1198/1510/1370 1037/1511/1370 1138/1512/1370
f 1135/1513/1371 1037/1511/1372 1198/1510/1373
f 1309/1514/1374 1139/1515/1374 1135/1513/1374
f 1135/1513/1375 1139/1515/1375 1037/1511/1375
f 1038/1516/1376 959/1517/1377 1032/1518/1378
f 1038/1516/1376 1033/1519/1379 959/1517/1377
f 898/1520/1380 846/1521/1381 902/1522/1382
f 1270/1523/1383 1280/1524/1384 1485/1525/1385
f 1485/1525/1385 1280/1524/1384 1437/1526/1386
f 1270/1523/1383 1438/1527/1387 1280/1524/1384
f 1281/1528/1388 1450/1529/1389 1556/1530/1390
f 1281/1528/1388 1557/1531/1391 1450/1529/1389
f 1606/1532/1392 1612/1533/1392 1551/1534/1392
f 1782/1535/1393 1812/1536/1394 1849/1537/1395
f 1521/1538/1396 1510/1539/1397 1460/1540/1398
f 1534/1541/1399 1593/1542/1399 1553/1543/1399
f 2065/1544/1400 2002/1545/1400 2189/1546/1400
f 2067/1547/1401 2193/1548/1401 2002/1545/1401
f 2067/1547/1402 2190/1549/1402 2193/1548/1402
f 2002/1545/1403 2318/1550/1404 2189/1546/1405
f 2193/1548/1406 2361/1551/1407 2002/1545/1403
f 2002/1545/1403 2361/1551/1407 2318/1550/1404
f 1810/1552/1408 1728/1553/1408 1722/1554/1408
f 1659/1555/1409 1376/1556/1409 1727/1557/1409
f 1650/1558/1410 1263/1559/1410 1659/1555/1410
f 1659/1555/1411 1263/1559/1411 1376/1556/1411
f 1722/1554/1412 1263/1559/1412 1650/1558/1412
f 1728/1553/1413 1493/1560/1413 1722/1554/1413
f 1722/1554/1414 1493/1560/1414 1263/1559/1414
f 1074/1561/1415 758/1562/1416 1184/1563/1417
f 1184/1563/1418 758/1562/1418 962/1564/1418
f 961/1565/1419 758/1562/1416 1074/1561/1415
f 961/1565/1420 853/1566/1421 758/1562/1422
f 1185/1567/1423 853/1566/1421 961/1565/1420
f 850/1568/1424 780/1569/1424 611/1570/1424
f 691/1571/1425 662/1572/1425 779/1573/1425
f 611/1570/1426 573/1574/1426 691/1571/1426
f 691/1571/1427 573/1574/1427 662/1572/1427
f 780/1569/1428 746/1575/1428 611/1570/1428
f 611/1570/1429 746/1575/1429 573/1574/1429
f 681/1576/1430 673/1577/1431 760/1578/1432
f 600/1579/1433 673/1577/1431 681/1576/1430
f 600/1579/1434 751/1580/1435 673/1577/1436
f 762/1581/1437 751/1580/1435 600/1579/1434
f 900/1582/1438 716/1583/1439 946/1584/1440
f 901/1585/1441 993/1586/1441 796/1587/1441
f 716/1583/1442 821/1588/1443 946/1584/1444
f 796/1587/1445 905/1589/1446 716/1583/1442
f 716/1583/1442 905/1589/1446 821/1588/1443
f 993/1586/1447 905/1589/1446 796/1587/1445
f 811/1590/1448 799/1591/1449 970/1592/1450
f 970/1592/1450 799/1591/1449 911/1593/1451
f 888/1594/1452 799/1591/1449 811/1590/1448
f 888/1594/1453 912/1595/1453 799/1591/1453
f 800/1596/1454 824/1597/1455 892/1598/1456
f 800/1596/1454 893/1599/1457 824/1597/1455
f 813/1600/1458 865/1601/1458 809/1602/1458
f 837/1603/1459 861/1604/1460 989/1605/1461
f 925/1606/1462 861/1604/1460 837/1603/1459
f 925/1606/1463 990/1607/1463 861/1604/1463
f 862/1608/1464 967/1609/1465 1065/1610/1466
f 862/1608/1464 1066/1611/1467 967/1609/1465
f 1031/1612/1468 1075/1613/1469 1178/1614/1470
f 1031/1612/1468 1178/1614/1470 1301/1615/1471
f 1358/1616/1472 1472/1617/1472 1412/1618/1472
f 976/1619/1473 1041/1620/1474 1039/1621/1475
f 1049/1622/1476 1127/1623/1476 1067/1624/1476
f 1907/1625/1477 1836/1626/1477 2024/1627/1477
f 1836/1626/1478 2075/1628/1478 2024/1627/1478
f 1845/1629/1479 2014/1630/1479 1836/1626/1479
f 1836/1626/1480 2014/1630/1480 2075/1628/1480
f 1911/1631/1481 2014/1630/1481 1845/1629/1481
f 1909/1632/1482 2160/1633/1482 1911/1631/1482
f 1911/1631/1483 2160/1633/1483 2014/1630/1483
f 2188/1634/1484 2179/1635/1484 2028/1636/1484
f 2111/1637/1485 2092/1638/1485 2178/1639/1485
f 2178/1639/1486 2092/1638/1486 2210/1640/1486
f 2028/1636/1487 2092/1638/1487 2111/1637/1487
f 2028/1636/1488 2172/1641/1488 2092/1638/1488
f 2179/1635/1489 2172/1641/1489 2028/1636/1489
f 2182/1642/1490 2371/1643/1490 2266/1644/1490
f 2182/1642/1491 2320/1645/1491 2371/1643/1491
f 2241/1646/1492 2320/1645/1492 2182/1642/1492
f 2337/1647/1493 2432/1648/1493 2241/1646/1493
f 2241/1646/1494 2432/1648/1494 2320/1645/1494
f 2451/1649/1495 2400/1650/1496 2441/1651/1497
f 2400/1650/1498 2427/1652/1498 2441/1651/1498
f 2334/1653/1499 2376/1654/1500 2400/1650/1501
f 2400/1650/1501 2376/1654/1500 2427/1652/1502
f 2442/1655/1503 2476/1656/1504 2334/1653/1499
f 2334/1653/1499 2476/1656/1504 2376/1654/1500
f 2370/1657/1505 2355/1658/1506 2471/1659/1507
f 2471/1659/1507 2355/1658/1506 2459/1660/1508
f 2422/1661/1509 2460/1662/1509 2370/1657/1509
f 2459/1660/1510 2355/1658/1506 2470/1663/1511
f 2355/1658/1506 2453/1664/1512 2470/1663/1511
f 2370/1657/1505 2500/1665/1513 2355/1658/1506
f 2355/1658/1506 2500/1665/1513 2453/1664/1512
f 2460/1662/1514 2500/1665/1513 2370/1657/1505
f 2513/1666/1515 2665/1667/1516 2623/1668/1517
f 2623/1668/1518 2665/1667/1518 2734/1669/1518
f 2579/1670/1519 2665/1667/1516 2513/1666/1515
f 2579/1670/1520 2735/1671/1520 2665/1667/1520
f 2666/1672/1521 2759/1673/1522 2783/1674/1523
f 2666/1672/1521 2784/1675/1524 2759/1673/1522
f 2789/1676/1525 2834/1677/1525 2818/1678/1525
f 2488/1679/1526 2514/1680/1527 2598/1681/1528
f 2598/1681/1528 2514/1680/1527 2609/1682/1529
f 2488/1679/1526 2610/1683/1530 2514/1680/1527
f 2515/1684/1531 2496/1685/1532 2558/1686/1533
f 2515/1684/1531 2559/1687/1534 2496/1685/1532
f 2406/1688/1535 2338/1689/1535 2448/1690/1535
f 2277/1691/1536 2279/1692/1536 2248/1693/1536
f 2576/1694/1537 2505/1695/1538 2516/1696/1539
f 2537/1697/1540 2516/1696/1539 2505/1695/1538
f 2527/1698/1541 2580/1699/1541 2535/1700/1541
f 1698/1701/1542 1597/1702/1542 1634/1703/1542
f 1597/1702/1543 1239/1704/1543 1634/1703/1543
f 1634/1703/1544 1239/1704/1544 1522/1705/1544
f 1463/1706/1545 1239/1704/1545 1597/1702/1545
f 1463/1706/1546 1380/1707/1546 1239/1704/1546
f 1635/1708/1547 1380/1707/1547 1463/1706/1547
f 1503/1709/1548 1205/1710/1548 1529/1711/1548
f 1504/1712/1549 1530/1713/1549 1372/1714/1549
f 1205/1710/1550 1129/1715/1550 1529/1711/1550
f 1529/1711/1551 1129/1715/1551 1396/1716/1551
f 1372/1714/1552 1241/1717/1552 1205/1710/1552
f 1205/1710/1553 1241/1717/1553 1129/1715/1553
f 1530/1713/1554 1241/1717/1554 1372/1714/1554
f 1310/1718/1555 1104/1719/1555 1224/1720/1555
f 1104/1719/1556 996/1721/1556 1224/1720/1556
f 1224/1720/1557 996/1721/1557 1235/1722/1557
f 980/1723/1558 996/1721/1558 1104/1719/1558
f 980/1723/1559 1116/1724/1559 996/1721/1559
f 1225/1725/1560 1116/1724/1560 980/1723/1560
f 1251/1726/1561 1019/1727/1561 1320/1728/1561
f 1019/1727/1562 1093/1729/1563 1320/1728/1564
f 1137/1730/1565 1195/1731/1566 1019/1727/1562
f 1019/1727/1562 1195/1731/1566 1093/1729/1563
f 1252/1732/1567 1195/1731/1566 1137/1730/1565
f 1103/1733/1568 1100/1734/1569 1355/1735/1570
f 1355/1735/1570 1100/1734/1569 1346/1736/1571
f 1210/1737/1572 1347/1738/1572 1103/1733/1572
f 1346/1736/1573 1100/1734/1573 1365/1739/1573
f 1100/1734/1569 1187/1740/1574 1365/1739/1575
f 1103/1733/1568 1303/1741/1576 1100/1734/1569
f 1100/1734/1569 1303/1741/1576 1187/1740/1574
f 1347/1738/1577 1303/1741/1576 1103/1733/1568
f 1221/1742/1578 1343/1743/1579 1443/1744/1580
f 1443/1744/1581 1343/1743/1581 1470/1745/1581
f 1334/1746/1582 1343/1743/1579 1221/1742/1578
f 1334/1746/1583 1471/1747/1583 1343/1743/1583
f 1344/1748/1584 1429/1749/1585 1505/1750/1586
f 1344/1748/1584 1506/1751/1587 1429/1749/1585
f 1452/1752/1588 1480/1753/1589 1560/1754/1590
f 1216/1755/1591 1253/1756/1592 1439/1757/1593
f 1439/1757/1594 1253/1756/1594 1421/1758/1594
f 1216/1755/1591 1422/1759/1595 1253/1756/1592
f 1254/1760/1596 1267/1761/1597 1394/1762/1598
f 1359/1763/1599 1267/1761/1597 1254/1760/1596
f 1359/1763/1600 1395/1764/1600 1267/1761/1600
f 1200/1765/1601 1163/1766/1601 1340/1767/1601
f 1121/1768/1602 1176/1769/1602 1109/1770/1603
f 1283/1771/1604 1307/1772/1605 1419/1773/1606
f 1350/1774/1607 1436/1775/1607 1367/1776/1607
f 382/1777/1608 259/1778/1608 278/1779/1608
f 382/1777/1608 349/1780/1608 259/1778/1608
f 349/1780/1609 84/1781/1609 259/1778/1609
f 349/1780/1610 135/1782/1610 84/1781/1610
f 278/1779/1611 45/1783/1611 48/1784/1611
f 278/1779/1611 259/1778/1611 45/1783/1611
f 259/1778/1612 17/1785/1612 45/1783/1612
f 259/1778/1612 84/1781/1612 17/1785/1612
f 71/1777/1613 232/1778/1613 66/1779/1613
f 71/1777/1613 248/1780/1614 232/1778/1613
f 248/1780/1615 309/1781/1615 232/1778/1615
f 248/1780/1616 344/1782/1616 309/1781/1616
f 66/1779/1617 38/1783/1617 8/1784/1617
f 66/1779/1617 232/1778/1617 38/1783/1617
f 232/1778/1618 50/1785/1618 38/1783/1618
f 232/1778/1618 309/1781/1618 50/1785/1618
f 333/1777/1619 254/1778/1619 137/1779/1619
f 333/1777/1619 520/1780/1619 254/1778/1619
f 520/1780/1620 125/1786/1620 254/1778/1620
f 137/1779/1621 32/1783/1621 11/1784/1621
f 137/1779/1622 254/1778/1622 32/1783/1622
f 254/1778/1623 9/1785/1624 32/1783/1625
f 254/1778/1623 125/1786/1626 9/1785/1624
f 927/1777/1627 701/1778/1627 705/1779/1627
f 927/1777/1627 923/1780/1627 701/1778/1627
f 923/1780/1628 488/1781/1628 701/1778/1628
f 923/1780/1628 682/1782/1628 488/1781/1628
f 705/1779/1629 158/1783/1629 164/1784/1629
f 705/1779/1629 701/1778/1629 158/1783/1629
f 701/1778/1630 63/1785/1630 158/1783/1630
f 701/1778/1630 488/1781/1630 63/1785/1630
f 281/1777/1631 737/1787/1631 173/1779/1631
f 173/1779/1632 320/1783/1632 47/1784/1632
f 173/1779/1633 737/1787/1633 320/1783/1633
f 737/1787/1634 749/1785/1635 320/1783/1636
f 737/1787/1634 1274/1788/1637 749/1785/1635
f 539/1777/1638 931/1780/1638 417/1789/1638
f 931/1780/1639 1089/1781/1639 417/1789/1639
f 931/1780/1640 1276/1782/1640 1089/1781/1640
f 417/1789/1641 370/1783/1641 80/1784/1641
f 417/1789/1642 628/1785/1643 370/1783/1644
f 417/1789/1642 1089/1781/1645 628/1785/1643
f 475/1777/1646 440/1778/1646 261/1779/1646
f 475/1777/1646 616/1780/1646 440/1778/1646
f 616/1780/1647 416/1781/1647 440/1778/1647
f 616/1780/1647 602/1782/1647 416/1781/1647
f 261/1779/1648 60/1783/1648 41/1784/1648
f 261/1779/1648 440/1778/1648 60/1783/1648
f 440/1778/1649 55/1785/1649 60/1783/1649
f 440/1778/1649 416/1781/1649 55/1785/1649
f 319/1777/1650 446/1778/1650 195/1779/1650
f 319/1777/1650 575/1780/1650 446/1778/1650
f 575/1780/1651 518/1781/1651 446/1778/1651
f 575/1780/1651 643/1782/1651 518/1781/1651
f 195/1779/1652 68/1783/1652 40/1784/1652
f 195/1779/1652 446/1778/1652 68/1783/1652
f 446/1778/1653 87/1785/1653 68/1783/1653
f 446/1778/1653 518/1781/1653 87/1785/1653
f 401/1777/1654 552/1780/1654 275/1790/1654
f 552/1780/1655 497/1781/1655 275/1790/1655
f 552/1780/1656 609/1782/1656 497/1781/1656
f 275/1790/1657 75/1783/1657 59/1784/1657
f 275/1790/1658 99/1785/1659 75/1783/1660
f 275/1790/1658 497/1781/1661 99/1785/1659
f 2831/1777/1662 2705/1778/1662 2657/1779/1662
f 2831/1777/1662 2848/1780/1662 2705/1778/1662
f 2848/1780/1663 2757/1781/1663 2705/1778/1663
f 2848/1780/1663 2873/1782/1663 2757/1781/1663
f 2657/1779/1664 2508/1783/1664 2458/1784/1664
f 2657/1779/1664 2705/1778/1664 2508/1783/1664
f 2705/1778/1665 2597/1785/1666 2508/1783/1666
f 2705/1778/1665 2757/1781/1665 2597/1785/1666
f 2577/1777/1667 2820/1780/1667 2562/1791/1667
f 2820/1780/1668 2946/1792/1668 2562/1791/1668
f 2562/1791/1669 2815/1783/1669 2568/1784/1669
f 2562/1791/1670 2947/1785/1671 2815/1783/1672
f 2562/1791/1670 2946/1792/1673 2947/1785/1671
f 2651/1777/1674 2812/1778/1674 2570/1779/1674
f 2651/1777/1674 2857/1780/1674 2812/1778/1674
f 2857/1780/1675 2945/1781/1675 2812/1778/1675
f 2857/1780/1675 2997/1782/1675 2945/1781/1675
f 2570/1779/1676 2775/1783/1676 2489/1784/1676
f 2570/1779/1676 2812/1778/1676 2775/1783/1676
f 2812/1778/1677 2917/1785/1677 2775/1783/1677
f 2812/1778/1677 2945/1781/1677 2917/1785/1677
f 1672/1777/1678 1910/1780/1678 1748/1793/1678
f 1910/1780/1679 2177/1794/1679 1748/1793/1679
f 1748/1793/1680 2051/1783/1680 1800/1784/1680
f 1748/1793/1681 2290/1785/1681 2051/1783/1682
f 1748/1793/1681 2177/1794/1683 2290/1785/1681
f 1273/1777/1684 1783/1778/1684 1231/1779/1684
f 1273/1777/1684 1797/1780/1684 1783/1778/1684
f 1797/1780/1685 2121/1781/1685 1783/1778/1685
f 1797/1780/1686 2142/1782/1686 2121/1781/1686
f 1231/1779/1687 1708/1783/1687 1061/1784/1687
f 1231/1779/1687 1783/1778/1687 1708/1783/1687
f 1783/1778/1688 2018/1785/1688 1708/1783/1688
f 1783/1778/1688 2121/1781/1688 2018/1785/1688
f 1201/1777/1689 1788/1778/1689 1386/1779/1689
f 1201/1777/1689 1725/1780/1690 1788/1778/1689
f 1725/1780/1691 2068/1781/1691 1788/1778/1691
f 1725/1780/1691 1981/1782/1691 2068/1781/1691
f 1386/1779/1692 1793/1783/1692 1392/1784/1692
f 1386/1779/1692 1788/1778/1692 1793/1783/1692
f 1788/1778/1693 2077/1785/1693 1793/1783/1694
f 1788/1778/1693 2068/1781/1693 2077/1785/1693
f 1915/1795/1695 2389/1783/1695 2000/1784/1695
f 1915/1795/1696 2311/1796/1696 2389/1783/1696
f 2311/1796/1697 2777/1785/1698 2389/1783/1699
f 2311/1796/1697 2722/1797/1700 2777/1785/1698
f 2139/1777/1701 2431/1780/1701 2046/1798/1701
f 2431/1780/1702 2693/1781/1702 2046/1798/1702
f 2431/1780/1703 2754/1782/1703 2693/1781/1703
f 2046/1798/1704 2351/1783/1704 2037/1784/1704
f 2046/1798/1705 2684/1785/1706 2351/1783/1707
f 2046/1798/1705 2693/1781/1708 2684/1785/1706
f 2115/1777/1709 2358/1778/1709 2076/1779/1709
f 2115/1777/1709 2397/1780/1709 2358/1778/1709
f 2397/1780/1710 2685/1781/1710 2358/1778/1710
f 2397/1780/1710 2719/1782/1710 2685/1781/1710
f 2076/1779/1711 2396/1783/1711 2112/1784/1711
f 2076/1779/1711 2358/1778/1711 2396/1783/1711
f 2358/1778/1712 2718/1785/1712 2396/1783/1712
f 2358/1778/1712 2685/1781/1712 2718/1785/1712
f 2889/1777/1713 2706/1799/1713 2814/1800/1713
f 2706/1799/1714 2681/1781/1714 2814/1800/1714
f 2814/1800/1715 2695/1783/1715 2800/1784/1715
f 2814/1800/1716 2530/1785/1717 2695/1783/1718
f 2814/1800/1716 2681/1781/1719 2530/1785/1717
f 3020/1777/1720 2912/1778/1720 3036/1779/1720
f 3020/1777/1720 2890/1780/1721 2912/1778/1720
f 2890/1780/1722 2736/1781/1722 2912/1778/1722
f 2890/1780/1722 2656/1782/1722 2736/1781/1722
f 3036/1779/1723 2903/1783/1723 3031/1784/1723
f 3036/1779/1723 2912/1778/1723 2903/1783/1723
f 2912/1778/1724 2707/1785/1724 2903/1783/1724
f 2912/1778/1724 2736/1781/1724 2707/1785/1724
f 3032/1777/1725 2911/1778/1725 3033/1779/1725
f 3032/1777/1725 2910/1780/1725 2911/1778/1725
f 2910/1780/1726 2739/1781/1726 2911/1778/1726
f 2910/1780/1726 2733/1782/1726 2739/1781/1726
f 3033/1779/1727 2877/1783/1727 3014/1784/1727
f 3033/1779/1727 2911/1778/1727 2877/1783/1727
f 2911/1778/1728 2650/1785/1728 2877/1783/1729
f 2911/1778/1728 2739/1781/1730 2650/1785/1728
f 2660/1777/1731 2368/1778/1731 2645/1779/1732
f 2660/1777/1731 2404/1780/1731 2368/1778/1731
f 2404/1780/1733 2095/1781/1733 2368/1778/1733
f 2404/1780/1733 2128/1782/1733 2095/1781/1733
f 2645/1779/1734 2288/1783/1734 2549/1784/1734
f 2645/1779/1734 2368/1778/1734 2288/1783/1734
f 2368/1778/1735 1962/1785/1735 2288/1783/1735
f 2368/1778/1735 2095/1781/1735 1962/1785/1735
f 2604/1801/1736 2195/1783/1736 2480/1784/1736
f 2604/1801/1737 2282/1802/1737 2195/1783/1737
f 2282/1802/1738 1787/1785/1739 2195/1783/1740
f 2282/1802/1738 1876/1803/1741 1787/1785/1739
f 2622/1777/1742 2281/1804/1742 2594/1779/1742
f 2594/1779/1743 2180/1783/1743 2464/1784/1743
f 2594/1779/1744 2281/1804/1744 2180/1783/1744
f 2281/1804/1745 1780/1785/1746 2180/1783/1747
f 2281/1804/1745 1881/1805/1748 1780/1785/1746
f 2894/1777/1749 2636/1778/1749 2880/1779/1750
f 2894/1777/1749 2654/1780/1749 2636/1778/1749
f 2654/1780/1751 2244/1806/1751 2636/1778/1751
f 2880/1779/1752 2611/1783/1752 2867/1784/1752
f 2880/1779/1752 2636/1778/1752 2611/1783/1752
f 2636/1778/1753 2214/1785/1754 2611/1783/1755
f 2636/1778/1753 2244/1806/1756 2214/1785/1754
f 2824/1777/1757 2629/1778/1758 2845/1779/1757
f 2824/1777/1757 2590/1780/1758 2629/1778/1758
f 2590/1780/1759 2269/1807/1759 2629/1778/1759
f 2845/1779/1760 2655/1783/1760 2861/1784/1760
f 2845/1779/1760 2629/1778/1760 2655/1783/1760
f 2629/1778/1761 2331/1785/1762 2655/1783/1763
f 2629/1778/1761 2269/1807/1764 2331/1785/1762
f 2821/1777/1765 2627/1778/1765 2832/1779/1765
f 2821/1777/1765 2618/1780/1765 2627/1778/1765
f 2618/1780/1766 2307/1808/1766 2627/1778/1766
f 2832/1779/1767 2635/1783/1767 2835/1784/1767
f 2832/1779/1768 2627/1778/1768 2635/1783/1768
f 2627/1778/1769 2324/1785/1770 2635/1783/1771
f 2627/1778/1769 2307/1808/1772 2324/1785/1770
f 719/1777/1773 1468/1780/1773 647/1809/1773
f 1468/1780/1774 1817/1810/1774 647/1809/1774
f 647/1809/1775 1111/1783/1775 486/1784/1775
f 647/1809/1776 1711/1785/1777 1111/1783/1778
f 647/1809/1776 1817/1810/1779 1711/1785/1777
f 884/1777/1780 1433/1778/1780 718/1779/1780
f 884/1777/1780 1602/1780/1780 1433/1778/1780
f 1602/1780/1781 1805/1781/1781 1433/1778/1781
f 1602/1780/1781 1893/1782/1781 1805/1781/1781
f 718/1779/1782 1070/1783/1782 485/1784/1782
f 718/1779/1783 1433/1778/1783 1070/1783/1783
f 1433/1778/1784 1653/1785/1784 1070/1783/1784
f 1433/1778/1784 1805/1781/1784 1653/1785/1784
f 977/1777/1785 1580/1780/1785 844/1811/1785
f 1580/1780/1786 1776/1812/1786 844/1811/1786
f 844/1811/1787 1165/1783/1787 641/1784/1787
f 844/1811/1788 1657/1785/1789 1165/1783/1790
f 844/1811/1788 1776/1812/1791 1657/1785/1789
f 1182/1777/1792 1604/1778/1793 955/1779/1794
f 1182/1777/1792 1724/1813/1795 1604/1778/1793
f 1724/1813/1796 1875/1781/1796 1604/1778/1796
f 955/1779/1797 1193/1783/1797 632/1784/1797
f 955/1779/1797 1604/1778/1797 1193/1783/1797
f 1604/1778/1798 1700/1785/1798 1193/1783/1798
f 1604/1778/1798 1875/1781/1798 1700/1785/1798
f 943/1777/1799 1675/1778/1799 1288/1779/1799
f 943/1777/1799 1442/1780/1799 1675/1778/1799
f 1442/1780/1800 1839/1781/1800 1675/1778/1800
f 1442/1780/1800 1684/1782/1800 1839/1781/1800
f 1288/1779/1801 1744/1783/1801 1454/1784/1801
f 1288/1779/1801 1675/1778/1801 1744/1783/1801
f 1675/1778/1802 1898/1785/1802 1744/1783/1802
f 1675/1778/1802 1839/1781/1802 1898/1785/1802
f 871/1777/1803 1649/1778/1803 917/1779/1803
f 871/1777/1803 1628/1780/1803 1649/1778/1803
f 1628/1780/1804 1947/1781/1804 1649/1778/1804
f 1628/1780/1804 1927/1782/1804 1947/1781/1804
f 917/1779/1805 1571/1783/1805 791/1784/1805
f 917/1779/1806 1649/1778/1806 1571/1783/1806
f 1649/1778/1807 1882/1785/1807 1571/1783/1807
f 1649/1778/1807 1947/1781/1807 1882/1785/1807
f 722/1814/1808 1177/1783/1808 509/1784/1808
f 722/1814/1809 1518/1815/1809 1177/1783/1809
f 1518/1815/1810 1755/1785/1811 1177/1783/1812
f 1518/1815/1810 1887/1816/1813 1755/1785/1811
f 870/1777/1814 1517/1780/1814 942/1817/1814
f 1517/1780/1815 1853/1781/1815 942/1817/1815
f 1517/1780/1816 1814/1782/1816 1853/1781/1816
f 942/1817/1817 1570/1783/1817 932/1784/1817
f 942/1817/1818 1848/1785/1819 1570/1783/1820
f 942/1817/1818 1853/1781/1821 1848/1785/1819
f 702/1777/1822 1561/1778/1822 707/1779/1822
f 702/1777/1822 1552/1780/1822 1561/1778/1822
f 1552/1780/1823 1928/1818/1823 1561/1778/1823
f 707/1779/1824 1458/1783/1824 637/1784/1824
f 707/1779/1824 1561/1778/1824 1458/1783/1824
f 1561/1778/1825 1883/1785/1826 1458/1783/1827
f 1561/1778/1825 1928/1818/1828 1883/1785/1826
f 2209/1777/1829 1995/1819/1829 2250/1820/1829
f 1995/1819/1830 2169/1781/1830 2250/1820/1830
f 2250/1820/1831 2354/1783/1831 2443/1784/1831
f 2250/1820/1832 2278/1785/1833 2354/1783/1834
f 2250/1820/1832 2169/1781/1835 2278/1785/1833
f 2652/1777/1836 2367/1780/1836 2359/1821/1836
f 2367/1780/1837 2084/1822/1837 2359/1821/1837
f 2359/1821/1838 2305/1783/1838 2601/1784/1838
f 2359/1821/1839 2004/1785/1840 2305/1783/1841
f 2359/1821/1839 2084/1822/1842 2004/1785/1840
f 2583/1823/1843 2362/1783/1843 2633/1784/1843
f 2583/1823/1844 2310/1824/1844 2362/1783/1844
f 2310/1824/1845 2086/1785/1846 2362/1783/1847
f 2310/1824/1845 2012/1825/1848 2086/1785/1846
f 2135/1777/1849 1919/1780/1849 2057/1826/1849
f 1919/1780/1850 1760/1827/1850 2057/1826/1850
f 2057/1826/1851 2227/1783/1851 2399/1784/1851
f 2057/1826/1852 2031/1785/1853 2227/1783/1854
f 2057/1826/1852 1760/1827/1855 2031/1785/1853
f 2466/1777/1856 2043/1778/1856 2398/1779/1856
f 2466/1777/1856 2136/1780/1856 2043/1778/1856
f 2136/1780/1857 1713/1781/1857 2043/1778/1857
f 2136/1780/1858 1786/1782/1858 1713/1781/1858
f 2398/1779/1859 1987/1783/1859 2336/1784/1859
f 2398/1779/1859 2043/1778/1859 1987/1783/1859
f 2043/1778/1860 1658/1785/1860 1987/1783/1860
f 2043/1778/1860 1713/1781/1860 1658/1785/1860
f 2316/1777/1861 2039/1778/1861 2380/1779/1861
f 2316/1777/1861 1971/1780/1861 2039/1778/1861
f 1971/1780/1862 1721/1781/1862 2039/1778/1862
f 1971/1780/1863 1663/1782/1863 1721/1781/1863
f 2380/1779/1864 2138/1783/1864 2456/1784/1864
f 2380/1779/1864 2039/1778/1864 2138/1783/1864
f 2039/1778/1865 1794/1785/1865 2138/1783/1865
f 2039/1778/1865 1721/1781/1865 1794/1785/1865
f 2280/1777/1866 2025/1780/1866 2191/1828/1866
f 2025/1780/1867 1943/1781/1867 2191/1828/1867
f 2025/1780/1868 1827/1782/1868 1943/1781/1868
f 2191/1828/1869 2360/1783/1869 2620/1784/1869
f 2191/1828/1870 2183/1785/1871 2360/1783/1872
f 2191/1828/1870 1943/1781/1873 2183/1785/1871
f 2449/1777/1874 2226/1778/1874 2561/1779/1874
f 2449/1777/1874 2137/1780/1874 2226/1778/1874
f 2137/1780/1875 1815/1829/1875 2226/1778/1875
f 2561/1779/1876 2356/1783/1876 2689/1784/1876
f 2561/1779/1876 2226/1778/1876 2356/1783/1876
f 2226/1778/1877 2069/1785/1878 2356/1783/1879
f 2226/1778/1877 1815/1829/1880 2069/1785/1878
f 2412/1777/1881 2223/1778/1881 2522/1779/1881
f 2412/1777/1881 2118/1780/1881 2223/1778/1881
f 2118/1780/1882 1804/1830/1882 2223/1778/1882
f 2522/1779/1883 2375/1783/1883 2692/1784/1883
f 2522/1779/1883 2223/1778/1883 2375/1783/1883
f 2223/1778/1884 2105/1785/1885 2375/1783/1886
f 2223/1778/1884 1804/1830/1887 2105/1785/1885
f 473/1777/1888 688/1778/1888 770/1779/1888
f 473/1777/1888 378/1780/1888 688/1778/1888
f 378/1780/1889 536/1781/1889 688/1778/1889
f 378/1780/1889 231/1782/1889 536/1781/1889
f 770/1779/1890 818/1783/1890 920/1784/1890
f 770/1779/1890 688/1778/1890 818/1783/1890
f 688/1778/1891 658/1785/1891 818/1783/1891
f 688/1778/1891 536/1781/1891 658/1785/1891
f 39/1777/1892 372/1778/1892 56/1779/1892
f 39/1777/1892 236/1780/1892 372/1778/1892
f 236/1780/1893 825/1781/1893 372/1778/1893
f 236/1780/1893 669/1782/1893 825/1781/1893
f 56/1779/1894 270/1783/1894 46/1784/1894
f 56/1779/1894 372/1778/1894 270/1783/1894
f 372/1778/1895 717/1785/1895 270/1783/1895
f 372/1778/1895 825/1781/1895 717/1785/1895
f 52/1777/1896 422/1778/1896 122/1779/1896
f 52/1777/1896 162/1780/1896 422/1778/1896
f 162/1780/1897 618/1781/1897 422/1778/1897
f 162/1780/1897 332/1782/1897 618/1781/1897
f 122/1779/1898 433/1783/1898 124/1784/1898
f 122/1779/1898 422/1778/1898 433/1783/1898
f 422/1778/1899 624/1785/1899 433/1783/1899
f 422/1778/1899 618/1781/1899 624/1785/1899
f 1622/1777/1900 1798/1778/1900 1799/1779/1901
f 1622/1777/1900 1621/1780/1900 1798/1778/1900
f 1621/1780/1902 1869/1781/1902 1798/1778/1902
f 1621/1780/1902 1699/1782/1902 1869/1781/1902
f 1799/1779/1903 2101/1783/1903 2104/1784/1903
f 1799/1779/1903 1798/1778/1903 2101/1783/1903
f 1798/1778/1904 2184/1785/1904 2101/1783/1904
f 1798/1778/1904 1869/1781/1904 2184/1785/1904
f 1637/1777/1905 1896/1831/1905 1686/1779/1905
f 1686/1779/1906 2175/1783/1906 1877/1784/1906
f 1686/1779/1907 1896/1831/1907 2175/1783/1907
f 1896/1831/1908 2544/1785/1909 2175/1783/1910
f 1896/1831/1908 2292/1832/1911 2544/1785/1909
f 1736/1777/1912 1865/1780/1912 1846/1833/1912
f 1865/1780/1913 2082/1834/1913 1846/1833/1913
f 1846/1833/1914 2254/1783/1914 2119/1784/1914
f 1846/1833/1915 2430/1785/1916 2254/1783/1917
f 1846/1833/1915 2082/1834/1918 2430/1785/1916
f 546/1777/1919 1243/1778/1919 764/1779/1919
f 546/1777/1919 938/1780/1919 1243/1778/1919
f 938/1780/1920 1669/1781/1920 1243/1778/1920
f 938/1780/1920 1457/1782/1920 1669/1781/1920
f 764/1779/1921 1559/1783/1921 1026/1784/1921
f 764/1779/1921 1243/1778/1921 1559/1783/1921
f 1243/1778/1922 1795/1785/1922 1559/1783/1922
f 1243/1778/1922 1669/1781/1922 1795/1785/1922
f 521/1777/1923 1232/1778/1923 604/1779/1923
f 521/1777/1923 1105/1780/1923 1232/1778/1923
f 1105/1780/1924 1715/1835/1924 1232/1778/1924
f 604/1779/1925 1373/1783/1925 683/1784/1925
f 604/1779/1925 1232/1778/1925 1373/1783/1925
f 1232/1778/1926 1818/1785/1927 1373/1783/1928
f 1232/1778/1926 1715/1835/1929 1818/1785/1927
f 522/1836/1930 1405/1783/1930 710/1784/1930
f 522/1836/1931 1084/1837/1931 1405/1783/1931
f 1084/1837/1932 1823/1785/1933 1405/1783/1934
f 1084/1837/1932 1692/1838/1935 1823/1785/1933
f 57/1839/1936 25/1783/1936 2/1784/1936
f 57/1839/1937 167/1840/1937 25/1783/1937
f 167/1840/1938 27/1785/1939 25/1783/1940
f 167/1840/1938 176/1841/1941 27/1785/1939
f 517/1777/1942 225/1842/1942 191/1779/1942
f 191/1779/1943 23/1783/1943 19/1784/1943
f 191/1779/1944 225/1842/1944 23/1783/1944
f 225/1842/1945 6/1785/1946 23/1783/1947
f 225/1842/1945 88/1843/1948 6/1785/1946
f 147/1777/1949 165/1844/1950 129/1779/1951
f 147/1777/1949 228/1780/1952 165/1844/1950
f 228/1780/1953 181/1782/1953 165/1844/1953
f 129/1779/1954 44/1783/1954 34/1784/1954
f 129/1779/1955 165/1844/1955 44/1783/1955
f 165/1844/1956 37/1785/1956 44/1783/1956
f 601/1777/1957 463/1780/1957 211/1845/1957
f 463/1780/1958 62/1781/1958 211/1845/1958
f 463/1780/1959 172/1782/1959 62/1781/1959
f 211/1845/1960 29/1783/1960 42/1784/1960
f 211/1845/1961 3/1785/1962 29/1783/1963
f 211/1845/1961 62/1781/1964 3/1785/1962
f 221/1777/1965 189/1778/1965 74/1779/1965
f 221/1777/1965 434/1780/1965 189/1778/1965
f 434/1780/1966 190/1781/1966 189/1778/1966
f 434/1780/1967 435/1782/1967 190/1781/1967
f 74/1779/1968 18/1783/1968 4/1784/1968
f 74/1779/1969 189/1778/1969 18/1783/1969
f 189/1778/1970 20/1785/1970 18/1783/1970
f 189/1778/1970 190/1781/1970 20/1785/1970
f 291/1777/1971 217/1778/1971 174/1779/1972
f 291/1777/1971 343/1780/1971 217/1778/1971
f 343/1780/1973 91/1781/1973 217/1778/1973
f 343/1780/1973 187/1782/1973 91/1781/1973
f 174/1779/1974 33/1783/1974 28/1784/1974
f 174/1779/1975 217/1778/1975 33/1783/1975
f 217/1778/1976 13/1785/1976 33/1783/1976
f 217/1778/1976 91/1781/1976 13/1785/1976
f 31/1846/1977 7/1783/1977 1/1784/1977
f 31/1846/1978 97/1847/1978 7/1783/1978
f 97/1847/1979 35/1785/1980 7/1783/1981
f 97/1847/1979 298/1848/1982 35/1785/1980
f 178/1777/1983 283/1780/1983 70/1849/1983
f 283/1780/1984 130/1781/1984 70/1849/1984
f 283/1780/1985 295/1782/1985 130/1781/1985
f 70/1849/1986 10/1783/1986 5/1784/1986
f 70/1849/1987 14/1785/1988 10/1783/1989
f 70/1849/1987 130/1781/1990 14/1785/1988
f 175/1777/1991 136/1778/1991 93/1779/1991
f 175/1777/1991 235/1780/1991 136/1778/1991
f 235/1780/1992 85/1781/1992 136/1778/1992
f 235/1780/1993 163/1782/1993 85/1781/1993
f 93/1779/1994 26/1783/1994 21/1784/1994
f 93/1779/1994 136/1778/1994 26/1783/1994
f 136/1778/1995 15/1785/1995 26/1783/1996
f 136/1778/1995 85/1781/1997 15/1785/1995
f 2989/1777/1998 3048/1778/1998 2955/1779/1998
f 2989/1777/1998 3054/1780/1998 3048/1778/1998
f 3054/1780/1999 3079/1781/1999 3048/1778/1999
f 3054/1780/1999 3083/1782/1999 3079/1781/1999
f 2955/1779/2000 3045/1783/2000 2937/1784/2000
f 2955/1779/2000 3048/1778/2000 3045/1783/2000
f 3048/1778/2001 3077/1785/2001 3045/1783/2001
f 3048/1778/2001 3079/1781/2001 3077/1785/2001
f 3084/1777/2002 3080/1780/2002 3075/1850/2002
f 3080/1780/2003 3070/1851/2003 3075/1850/2003
f 3075/1850/2004 3072/1783/2004 3078/1784/2004
f 3075/1850/2005 3066/1785/2006 3072/1783/2007
f 3075/1850/2005 3070/1851/2008 3066/1785/2006
f 3074/1777/2009 3081/1780/2009 3060/1852/2009
f 3081/1780/2010 3082/1781/2010 3060/1852/2010
f 3081/1780/2011 3085/1782/2011 3082/1781/2011
f 3060/1852/2012 3065/1783/2012 3051/1784/2012
f 3060/1852/2013 3076/1785/2014 3065/1783/2015
f 3060/1852/2013 3082/1781/2016 3076/1785/2014
f 2702/1777/2017 2805/1780/2017 2794/1853/2017
f 2805/1780/2018 2933/1781/2018 2794/1853/2018
f 2805/1780/2019 2884/1782/2019 2933/1781/2019
f 2794/1853/2020 2939/1783/2020 2891/1784/2020
f 2794/1853/2021 3027/1785/2022 2939/1783/2023
f 2794/1853/2021 2933/1781/2024 3027/1785/2022
f 2484/1777/2025 2780/1778/2025 2444/1779/2025
f 2484/1777/2025 2804/1780/2025 2780/1778/2025
f 2804/1780/2026 2950/1781/2026 2780/1778/2026
f 2804/1780/2026 2968/1782/2026 2950/1781/2026
f 2444/1779/2027 2779/1783/2027 2436/1784/2027
f 2444/1779/2028 2780/1778/2028 2779/1783/2028
f 2780/1778/2029 2948/1785/2029 2779/1783/2029
f 2780/1778/2029 2950/1781/2029 2948/1785/2029
f 2491/1777/2030 2787/1778/2030 2510/1779/2030
f 2491/1777/2030 2776/1780/2030 2787/1778/2030
f 2776/1780/2031 2932/1781/2031 2787/1778/2031
f 2776/1780/2031 2920/1782/2031 2932/1781/2031
f 2510/1779/2032 2823/1783/2032 2589/1784/2032
f 2510/1779/2032 2787/1778/2032 2823/1783/2032
f 2787/1778/2033 2956/1785/2033 2823/1783/2033
f 2787/1778/2033 2932/1781/2033 2956/1785/2033
f 2963/1777/2034 3030/1854/2034 2908/1855/2034
f 3030/1854/2035 3041/1781/2035 2908/1855/2035
f 2908/1855/2036 2980/1783/2036 2905/1784/2036
f 2908/1855/2037 3039/1785/2038 2980/1783/2039
f 2908/1855/2037 3041/1781/2040 3039/1785/2038
f 2909/1777/2041 3029/1780/2041 2869/1856/2041
f 3029/1780/2042 3052/1781/2042 2869/1856/2042
f 3029/1780/2043 3067/1782/2043 3052/1781/2043
f 2869/1856/2044 2992/1783/2044 2875/1784/2044
f 2869/1856/2045 3053/1785/2046 2992/1783/2047
f 2869/1856/2045 3052/1781/2048 3053/1785/2046
f 2881/1777/2049 2971/1778/2049 2851/1779/2049
f 2881/1777/2049 3016/1780/2049 2971/1778/2049
f 3016/1780/2050 3061/1781/2050 2971/1778/2050
f 3016/1780/2050 3071/1782/2050 3061/1781/2050
f 2851/1779/2051 3008/1783/2051 2872/1784/2051
f 2851/1779/2051 2971/1778/2051 3008/1783/2051
f 2971/1778/2052 3068/1785/2052 3008/1783/2052
f 2971/1778/2052 3061/1781/2052 3068/1785/2052
f 2868/1777/2053 2902/1778/2053 2825/1779/2053
f 2868/1777/2053 2938/1780/2053 2902/1778/2053
f 2938/1780/2054 3005/1857/2054 2902/1778/2054
f 2825/1779/2055 2874/1783/2055 2778/1784/2055
f 2825/1779/2055 2902/1778/2055 2874/1783/2055
f 2902/1778/2056 2957/1785/2057 2874/1783/2058
f 2902/1778/2056 3005/1857/2059 2957/1785/2057
f 2918/1777/2060 2986/1778/2060 2892/1779/2060
f 2918/1777/2060 3023/1780/2060 2986/1778/2060
f 3023/1780/2061 3047/1781/2061 2986/1778/2061
f 3023/1780/2061 3057/1782/2061 3047/1781/2061
f 2892/1779/2062 2975/1783/2062 2882/1784/2062
f 2892/1779/2062 2986/1778/2062 2975/1783/2062
f 2986/1778/2063 3046/1785/2064 2975/1783/2064
f 2986/1778/2063 3047/1781/2065 3046/1785/2064
f 3002/1777/2066 2996/1778/2066 2913/1779/2066
f 3002/1777/2066 3040/1780/2066 2996/1778/2066
f 3040/1780/2067 3042/1781/2067 2996/1778/2067
f 3040/1780/2067 3062/1782/2067 3042/1781/2067
f 2913/1779/2068 2934/1783/2068 2878/1784/2068
f 2913/1779/2069 2996/1778/2069 2934/1783/2069
f 2996/1778/2070 3022/1785/2070 2934/1783/2070
f 2996/1778/2070 3042/1781/2070 3022/1785/2070
f 2490/1777/2071 2565/1780/2071 2291/1858/2071
f 2565/1780/2072 2327/1859/2072 2291/1858/2072
f 2291/1858/2073 2047/1783/2073 1982/1784/2073
f 2291/1858/2074 2042/1785/2075 2047/1783/2076
f 2291/1858/2074 2327/1859/2077 2042/1785/2075
f 2021/1777/2078 2123/1860/2079 1720/1861/2080
f 1720/1861/2080 2123/1860/2079 1934/1862/2081
f 2379/1777/2082 2323/1780/2082 2185/1863/2082
f 2323/1780/2083 2058/1864/2083 2185/1863/2083
f 2185/1863/2084 1807/1783/2084 1856/1784/2084
f 2185/1863/2085 1712/1785/2086 1807/1783/2087
f 2185/1863/2085 2058/1864/2088 1712/1785/2086
f 2798/1865/2089 2587/1783/2089 2658/1784/2089
f 2798/1865/2090 2738/1866/2090 2587/1783/2090
f 2738/1866/2091 2447/1785/2092 2587/1783/2093
f 2738/1866/2091 2643/1867/2094 2447/1785/2092
f 2919/1777/2095 2828/1780/2095 2753/1868/2095
f 2828/1780/2096 2509/1781/2096 2753/1868/2096
f 2828/1780/2097 2637/1782/2097 2509/1781/2097
f 2753/1868/2098 2632/1783/2098 2816/1784/2098
f 2753/1868/2099 2357/1785/2100 2632/1783/2101
f 2753/1868/2099 2509/1781/2102 2357/1785/2100
f 2842/1869/2103 2628/1783/2103 2762/1784/2103
f 2842/1869/2104 2744/1870/2104 2628/1783/2104
f 2744/1870/2105 2415/1785/2106 2628/1783/2107
f 2744/1870/2105 2586/1871/2108 2415/1785/2106
f 36/1777/2109 205/1778/2109 43/1779/2109
f 36/1777/2109 157/1780/2109 205/1778/2109
f 157/1780/2110 545/1781/2110 205/1778/2110
f 157/1780/2110 491/1782/2110 545/1781/2110
f 43/1779/2111 86/1783/2111 24/1784/2111
f 43/1779/2111 205/1778/2111 86/1783/2111
f 205/1778/2112 355/1785/2113 86/1783/2112
f 205/1778/2112 545/1781/2114 355/1785/2113
f 76/1777/2115 324/1780/2115 58/1872/2115
f 324/1780/2116 439/1873/2116 58/1872/2116
f 58/1872/2117 54/1783/2117 22/1784/2117
f 58/1872/2118 114/1785/2119 54/1783/2120
f 58/1872/2118 439/1873/2121 114/1785/2119
f 12/1777/2122 161/1778/2122 30/1779/2122
f 12/1777/2122 77/1780/2122 161/1778/2122
f 77/1780/2123 581/1781/2123 161/1778/2123
f 77/1780/2123 459/1782/2123 581/1781/2123
f 30/1779/2124 96/1783/2124 16/1784/2124
f 30/1779/2124 161/1778/2124 96/1783/2124
f 161/1778/2125 489/1785/2125 96/1783/2125
f 161/1778/2125 581/1781/2125 489/1785/2125
f 166/1874/2126 553/1783/2126 198/1784/2126
f 166/1874/2127 524/1875/2127 553/1783/2127
f 524/1875/2128 801/1785/2129 553/1783/2130
f 524/1875/2128 756/1876/2131 801/1785/2129
f 697/1777/2132 610/1877/2132 858/1779/2132
f 858/1779/2133 839/1783/2133 952/1784/2133
f 858/1779/2134 610/1877/2134 839/1783/2134
f 610/1877/2135 668/1785/2136 839/1783/2137
f 610/1877/2135 455/1878/2138 668/1785/2136
f 454/1879/2139 753/1783/2139 598/1784/2139
f 454/1879/2140 608/1880/2140 753/1783/2140
f 608/1880/2141 864/1785/2142 753/1783/2143
f 608/1880/2141 699/1881/2144 864/1785/2142
f 49/1777/2145 222/1780/2145 67/1882/2145
f 222/1780/2146 729/1781/2146 67/1882/2146
f 222/1780/2147 587/1782/2147 729/1781/2147
f 67/1882/2148 339/1783/2148 65/1784/2148
f 67/1882/2149 725/1785/2150 339/1783/2151
f 67/1882/2149 729/1781/2152 725/1785/2150
f 98/1777/2153 436/1778/2153 379/1779/2153
f 98/1777/2153 123/1780/2153 436/1778/2153
f 123/1780/2154 398/1781/2154 436/1778/2154
f 123/1780/2154 109/1782/2154 398/1781/2154
f 379/1779/2155 583/1783/2155 538/1784/2155
f 379/1779/2155 436/1778/2155 583/1783/2155
f 436/1778/2156 558/1785/2156 583/1783/2156
f 436/1778/2156 398/1781/2157 558/1785/2156
f 51/1777/2158 354/1778/2158 72/1779/2158
f 51/1777/2158 227/1780/2158 354/1778/2158
f 227/1780/2159 670/1781/2159 354/1778/2159
f 227/1780/2159 529/1782/2159 670/1781/2159
f 72/1779/2160 361/1783/2160 73/1784/2160
f 72/1779/2160 354/1778/2160 361/1783/2160
f 354/1778/2161 672/1785/2161 361/1783/2161
f 354/1778/2161 670/1781/2161 672/1785/2161
f 451/1777/2162 502/1778/2162 740/1779/2162
f 451/1777/2162 194/1780/2162 502/1778/2162
f 194/1780/2163 148/1781/2163 502/1778/2163
f 194/1780/2163 53/1782/2163 148/1781/2163
f 740/1779/2164 582/1783/2164 840/1784/2164
f 740/1779/2164 502/1778/2164 582/1783/2164
f 502/1778/2165 218/1785/2165 582/1783/2165
f 502/1778/2165 148/1781/2165 218/1785/2165
f 141/1777/2166 296/1883/2166 131/1779/2166
f 131/1779/2167 296/1883/2167 177/1783/2167
f 296/1883/2168 239/1785/2169 177/1783/2170
f 296/1883/2168 380/1884/2171 239/1785/2169
f 144/1777/2172 329/1778/2172 331/1779/2172
f 144/1777/2172 143/1780/2173 329/1778/2172
f 143/1780/2174 184/1781/2174 329/1778/2174
f 143/1780/2175 69/1782/2175 184/1781/2175
f 331/1779/2176 328/1783/2176 330/1784/2176
f 331/1779/2176 329/1778/2176 328/1783/2176
f 329/1778/2177 183/1785/2177 328/1783/2177
f 329/1778/2177 184/1781/2177 183/1785/2177
f 890/1777/2178 487/1885/2178 875/1886/2178
f 487/1885/2179 654/1781/2179 875/1886/2179
f 875/1886/2180 1022/1783/2180 1289/1784/2180
f 875/1886/2181 765/1785/2182 1022/1783/2183
f 875/1886/2181 654/1781/2184 765/1785/2182
f 1677/1777/2185 1159/1780/2185 1080/1887/2185
f 1159/1780/2186 564/1781/2186 1080/1887/2186
f 1159/1780/2187 619/1782/2187 564/1781/2187
f 1080/1887/2188 939/1783/2188 1566/1784/2188
f 1080/1887/2189 472/1785/2190 939/1783/2191
f 1080/1887/2189 564/1781/2192 472/1785/2190
f 1478/1777/2193 926/1780/2193 1072/1888/2193
f 926/1780/2194 503/1889/2194 1072/1888/2194
f 1072/1888/2195 1158/1783/2195 1645/1784/2195
f 1072/1888/2196 666/1785/2197 1158/1783/2198
f 1072/1888/2196 503/1889/2199 666/1785/2197
f 755/1777/2200 655/1778/2200 998/1779/2200
f 755/1777/2200 476/1780/2200 655/1778/2200
f 476/1780/2201 264/1781/2201 655/1778/2201
f 476/1780/2201 116/1782/2201 264/1781/2201
f 998/1779/2202 739/1783/2202 1108/1784/2202
f 998/1779/2202 655/1778/2202 739/1783/2202
f 655/1778/2203 346/1785/2203 739/1783/2204
f 655/1778/2203 264/1781/2203 346/1785/2203
f 621/1777/2205 617/1778/2206 804/1779/2205
f 621/1777/2205 444/1780/2206 617/1778/2206
f 444/1780/2207 204/1890/2207 617/1778/2207
f 804/1779/2208 687/1783/2208 899/1784/2208
f 804/1779/2208 617/1778/2208 687/1783/2208
f 617/1778/2209 462/1785/2210 687/1783/2211
f 617/1778/2209 204/1890/2212 462/1785/2210
f 838/1891/2213 633/1783/2213 951/1784/2213
f 838/1891/2214 540/1892/2214 633/1783/2214
f 540/1892/2215 272/1785/2216 633/1783/2217
f 540/1892/2215 199/1893/2218 272/1785/2216
f 785/1777/2219 667/1780/2219 1021/1894/2219
f 667/1780/2220 891/1781/2220 1021/1894/2220
f 667/1780/2221 566/1782/2221 891/1781/2221
f 1021/1894/2222 1567/1783/2222 1654/1784/2222
f 1021/1894/2223 1435/1785/2224 1567/1783/2225
f 1021/1894/2223 891/1781/2226 1435/1785/2224
f 443/1777/2227 784/1778/2227 700/1779/2227
f 443/1777/2227 523/1780/2227 784/1778/2227
f 523/1780/2228 881/1781/2228 784/1778/2228
f 523/1780/2228 603/1782/2228 881/1781/2228
f 700/1779/2229 1140/1783/2229 1029/1784/2229
f 700/1779/2229 784/1778/2229 1140/1783/2229
f 784/1778/2230 1258/1785/2230 1140/1783/2230
f 784/1778/2230 881/1781/2230 1258/1785/2230
f 306/1895/2231 944/1783/2231 650/1784/2231
f 306/1895/2232 592/1896/2232 944/1783/2232
f 592/1896/2233 1342/1785/2234 944/1783/2235
f 592/1896/2233 872/1897/2236 1342/1785/2234
f 1496/1898/2237 1829/1782/2237 2006/1781/2237
f 1189/1899/2238 2044/1783/2238 1906/1784/2238
f 1189/1899/2239 1496/1898/2239 2044/1783/2239
f 1496/1898/2240 2319/1785/2241 2044/1783/2242
f 1496/1898/2240 2006/1781/2243 2319/1785/2241
f 1337/1777/2244 1683/1780/2244 1623/1900/2244
f 1683/1780/2245 1989/1901/2245 1623/1900/2245
f 1623/1900/2246 2174/1783/2246 1929/1784/2246
f 1623/1900/2247 2457/1785/2248 2174/1783/2249
f 1623/1900/2247 1989/1901/2250 2457/1785/2248
f 1723/1777/2251 1857/1902/2252 1751/1779/2253
f 1723/1777/2251 1826/1780/2254 1857/1902/2252
f 1826/1780/2255 1985/1782/2255 1857/1902/2255
f 1751/1779/2256 2143/1783/2256 2013/1784/2256
f 1751/1779/2257 1857/1902/2257 2143/1783/2257
f 1857/1902/2258 2297/1785/2258 2143/1783/2258
f 723/1903/2259 1726/1783/2259 1399/1784/2259
f 723/1903/2260 1170/1904/2260 1726/1783/2260
f 1170/1904/2261 2003/1785/2262 1726/1783/2263
f 1170/1904/2261 1689/1905/2264 2003/1785/2262
f 1013/1777/2265 1208/1780/2265 1360/1906/2265
f 1208/1780/2266 1716/1781/2266 1360/1906/2266
f 1208/1780/2267 1545/1782/2267 1716/1781/2267
f 1360/1906/2268 1820/1783/2268 1732/1784/2268
f 1360/1906/2269 1946/1785/2270 1820/1783/2271
f 1360/1906/2269 1716/1781/2272 1946/1785/2270
f 788/1777/2273 1528/1778/2273 1101/1779/2273
f 788/1777/2273 1164/1780/2273 1528/1778/2273
f 1164/1780/2274 1806/1781/2274 1528/1778/2274
f 1164/1780/2274 1662/1782/2274 1806/1781/2274
f 1101/1779/2275 1819/1783/2275 1639/1784/2275
f 1101/1779/2275 1528/1778/2275 1819/1783/2275
f 1528/1778/2276 2091/1785/2276 1819/1783/2276
f 1528/1778/2276 1806/1781/2276 2091/1785/2276
f 1128/1777/2277 869/1778/2277 830/1779/2277
f 1128/1777/2277 1181/1780/2277 869/1778/2277
f 1181/1780/2278 787/1781/2278 869/1778/2278
f 1181/1780/2279 1092/1782/2279 787/1781/2279
f 830/1779/2280 397/1783/2280 345/1784/2280
f 830/1779/2280 869/1778/2280 397/1783/2280
f 869/1778/2281 315/1785/2281 397/1783/2282
f 869/1778/2281 787/1781/2281 315/1785/2281
f 450/1777/2283 972/1780/2283 247/1907/2283
f 972/1780/2284 1322/1908/2284 247/1907/2284
f 247/1907/2285 390/1783/2285 61/1784/2285
f 247/1907/2286 826/1785/2287 390/1783/2288
f 247/1907/2286 1322/1908/2289 826/1785/2287
f 537/1777/2290 767/1778/2290 316/1779/2290
f 537/1777/2290 1036/1780/2290 767/1778/2290
f 1036/1780/2291 1144/1909/2291 767/1778/2291
f 316/1779/2292 351/1783/2292 64/1784/2292
f 316/1779/2292 767/1778/2292 351/1783/2292
f 767/1778/2293 646/1785/2294 351/1783/2295
f 767/1778/2293 1144/1909/2296 646/1785/2294
f 530/1777/2297 1001/1780/2297 692/1910/2297
f 1001/1780/2298 1706/1781/2298 692/1910/2298
f 1001/1780/2299 1582/1782/2299 1706/1781/2299
f 692/1910/2300 1387/1783/2300 786/1784/2300
f 692/1910/2301 1758/1785/2302 1387/1783/2303
f 692/1910/2301 1706/1781/2304 1758/1785/2302
f 622/1777/2305 1409/1778/2305 738/1779/2305
f 622/1777/2305 1212/1780/2305 1409/1778/2305
f 1212/1780/2306 1731/1911/2306 1409/1778/2306
f 738/1779/2307 1527/1783/2307 832/1784/2307
f 738/1779/2307 1409/1778/2307 1527/1783/2307
f 1409/1778/2308 1854/1785/2309 1527/1783/2310
f 1409/1778/2308 1731/1911/2311 1854/1785/2309
f 572/1912/2312 1370/1783/2312 595/1784/2312
f 572/1912/2313 1341/1913/2313 1370/1783/2313
f 1341/1913/2314 1863/1785/2315 1370/1783/2316
f 1341/1913/2314 1850/1914/2317 1863/1785/2315
f 381/1777/2318 964/1915/2318 323/1779/2318
f 323/1779/2319 794/1783/2319 216/1784/2319
f 323/1779/2320 964/1915/2320 794/1783/2320
f 964/1915/2321 1555/1785/2322 794/1783/2323
f 964/1915/2321 1651/1916/2324 1555/1785/2322
f 659/1917/2325 703/1783/2325 365/1784/2325
f 659/1917/2326 1052/1918/2326 703/1783/2326
f 1052/1918/2327 1006/1785/2328 703/1783/2329
f 1052/1918/2327 1440/1919/2330 1006/1785/2328
f 623/1777/2331 1003/1920/2331 496/1779/2331
f 496/1779/2332 744/1783/2332 258/1784/2332
f 496/1779/2333 1003/1920/2333 744/1783/2333
f 1003/1920/2334 1312/1785/2335 744/1783/2336
f 1003/1920/2334 1598/1921/2337 1312/1785/2335
f 2954/1777/2338 2799/1780/2338 2806/1922/2338
f 2799/1780/2339 2472/1923/2339 2806/1922/2339
f 2806/1922/2340 2813/1783/2340 2964/1784/2340
f 2806/1922/2341 2498/1785/2342 2813/1783/2343
f 2806/1922/2341 2472/1923/2344 2498/1785/2342
f 2895/1924/2345 2841/1783/2345 2879/1784/2345
f 2895/1924/2346 2860/1925/2346 2841/1783/2346
f 2860/1925/2347 2817/1785/2348 2841/1783/2349
f 2860/1925/2347 2836/1926/2350 2817/1785/2348
f 3038/1777/2351 2876/1778/2351 3028/1779/2351
f 3038/1777/2351 2904/1780/2351 2876/1778/2351
f 2904/1780/2352 2694/1781/2352 2876/1778/2352
f 2904/1780/2352 2765/1782/2352 2694/1781/2352
f 3028/1779/2353 2864/1783/2353 3017/1784/2353
f 3028/1779/2353 2876/1778/2353 2864/1783/2353
f 2876/1778/2354 2661/1785/2354 2864/1783/2354
f 2876/1778/2354 2694/1781/2354 2661/1785/2354
f 2659/1777/2355 2378/1778/2355 2671/1779/2355
f 2659/1777/2355 2350/1780/2356 2378/1778/2355
f 2350/1780/2357 1951/1781/2357 2378/1778/2357
f 2350/1780/2358 1932/1782/2358 1951/1781/2358
f 2671/1779/2359 2272/1783/2359 2585/1784/2359
f 2671/1779/2359 2378/1778/2359 2272/1783/2359
f 2378/1778/2360 1847/1785/2360 2272/1783/2360
f 2378/1778/2360 1951/1781/2360 1847/1785/2360
f 2009/1777/2361 2235/1778/2361 2246/1779/2362
f 2009/1777/2361 1993/1780/2361 2235/1778/2361
f 1993/1780/2363 2150/1781/2363 2235/1778/2363
f 1993/1780/2363 1903/1782/2363 2150/1781/2363
f 2246/1779/2364 2273/1783/2364 2287/1784/2364
f 2246/1779/2364 2235/1778/2364 2273/1783/2364
f 2235/1778/2365 2198/1785/2365 2273/1783/2365
f 2235/1778/2365 2150/1781/2365 2198/1785/2365
f 2238/1777/2366 2257/1778/2366 2385/1779/2366
f 2238/1777/2366 2094/1780/2366 2257/1778/2366
f 2094/1780/2367 1988/1781/2367 2257/1778/2367
f 2094/1780/2367 1834/1782/2367 1988/1781/2367
f 2385/1779/2368 2231/1783/2368 2348/1784/2368
f 2385/1779/2369 2257/1778/2369 2231/1783/2369
f 2257/1778/2370 1950/1785/2370 2231/1783/2370
f 2257/1778/2370 1988/1781/2370 1950/1785/2370
f 2847/1777/2371 2619/1778/2371 2822/1779/2371
f 2847/1777/2371 2653/1780/2371 2619/1778/2371
f 2653/1780/2372 2289/1781/2372 2619/1778/2372
f 2653/1780/2373 2328/1782/2373 2289/1781/2373
f 2822/1779/2374 2477/1783/2374 2747/1784/2374
f 2822/1779/2374 2619/1778/2374 2477/1783/2374
f 2619/1778/2375 2194/1785/2375 2477/1783/2375
f 2619/1778/2375 2289/1781/2376 2194/1785/2375
f 2752/1777/2377 2617/1778/2377 2791/1779/2377
f 2752/1777/2377 2540/1780/2377 2617/1778/2377
f 2540/1780/2378 2322/1781/2378 2617/1778/2378
f 2540/1780/2378 2284/1782/2378 2322/1781/2378
f 2791/1779/2379 2608/1783/2379 2790/1784/2379
f 2791/1779/2379 2617/1778/2379 2608/1783/2379
f 2617/1778/2380 2317/1785/2380 2608/1783/2380
f 2617/1778/2380 2322/1781/2380 2317/1785/2380
f 2846/1777/2381 2624/1778/2381 2856/1779/2381
f 2846/1777/2381 2612/1780/2381 2624/1778/2381
f 2612/1780/2382 2247/1781/2382 2624/1778/2382
f 2612/1780/2382 2234/1782/2382 2247/1781/2382
f 2856/1779/2383 2593/1783/2383 2837/1784/2383
f 2856/1779/2384 2624/1778/2384 2593/1783/2384
f 2624/1778/2385 2217/1785/2385 2593/1783/2385
f 2624/1778/2385 2247/1781/2385 2217/1785/2385
f 490/1927/2386 1131/1780/2387 1321/1778/2388
f 1131/1780/2389 1858/1781/2389 1321/1778/2389
f 1131/1780/2390 1779/1782/2390 1858/1781/2390
f 490/1927/2391 1594/1783/2391 831/1784/2391
f 490/1927/2386 1321/1778/2388 1594/1783/2392
f 1321/1778/2393 1986/1785/2393 1594/1783/2393
f 1321/1778/2393 1858/1781/2393 1986/1785/2393
f 1592/1777/2394 1591/1778/2395 1757/1779/2396
f 1592/1777/2394 953/1928/2397 1591/1778/2395
f 953/1928/2398 1306/1781/2398 1591/1778/2398
f 1757/1779/2399 1808/1783/2399 1954/1784/2399
f 1757/1779/2399 1591/1778/2399 1808/1783/2399
f 1591/1778/2400 1676/1785/2400 1808/1783/2400
f 1591/1778/2400 1306/1781/2401 1676/1785/2400
f 1020/1777/2402 1199/1929/2402 1329/1779/2402
f 1329/1779/2403 1741/1783/2403 1655/1784/2403
f 1329/1779/2404 1199/1929/2404 1741/1783/2404
f 1199/1929/2405 1855/1785/2406 1741/1783/2407
f 1199/1929/2405 1475/1930/2408 1855/1785/2406
f 866/1777/2409 1265/1780/2409 754/1931/2409
f 1265/1780/2410 1543/1932/2410 754/1931/2410
f 754/1931/2411 965/1783/2411 634/1784/2411
f 754/1931/2412 1366/1785/2413 965/1783/2414
f 754/1931/2412 1543/1932/2415 1366/1785/2413
f 468/1777/2416 1000/1780/2416 471/1933/2416
f 1000/1780/2417 1630/1934/2417 471/1933/2417
f 471/1933/2418 896/1783/2418 360/1784/2418
f 471/1933/2419 1562/1785/2420 896/1783/2421
f 471/1933/2419 1630/1934/2422 1562/1785/2420
f 565/1935/2423 1434/1781/2423 706/1936/2423
f 565/1935/2424 1206/1782/2424 1434/1781/2424
f 706/1936/2425 1113/1783/2425 745/1784/2425
f 706/1936/2426 1486/1785/2427 1113/1783/2428
f 706/1936/2426 1434/1781/2429 1486/1785/2427
f 1098/1777/2430 1398/1778/2430 1469/1779/2430
f 1098/1777/2430 1007/1780/2430 1398/1778/2430
f 1007/1780/2431 1356/1781/2431 1398/1778/2431
f 1007/1780/2432 971/1782/2432 1356/1781/2432
f 1469/1779/2433 1705/1783/2433 1739/1784/2433
f 1469/1779/2433 1398/1778/2433 1705/1783/2433
f 1398/1778/2434 1680/1785/2434 1705/1783/2434
f 1398/1778/2434 1356/1781/2434 1680/1785/2434
f 612/1777/2435 1313/1778/2435 803/1779/2436
f 612/1777/2435 1025/1780/2435 1313/1778/2435
f 1025/1780/2437 1735/1781/2437 1313/1778/2437
f 1025/1780/2437 1595/1782/2437 1735/1781/2437
f 803/1779/2438 1640/1783/2438 1166/1784/2438
f 803/1779/2438 1313/1778/2438 1640/1783/2438
f 1313/1778/2439 1897/1785/2439 1640/1783/2439
f 1313/1778/2439 1735/1781/2440 1897/1785/2439
f 741/1777/2441 1040/1780/2441 999/1937/2441
f 1040/1780/2442 1430/1938/2442 999/1937/2442
f 999/1937/2443 1656/1783/2443 1415/1784/2443
f 999/1937/2444 1828/1785/2445 1656/1783/2446
f 999/1937/2444 1430/1938/2447 1828/1785/2445
l 212 214
l 327 407
l 638 685
l 325 336
l 2690 2742
l 2293 2335
l 1937 2008
l 2332 2344
l 2552 2556
l 1447 1461
l 1489 1538
l 1487 1519
l 1577 1584
l 568 635
l 1792 1851
l 1218 1237
l 1279 1294
l 151 159
l 102 112
l 100 103
l 2949 2974
l 2854 2871
l 2642 2686
l 2682 2687
l 362 427
l 597 626
l 358 368
l 387 388
l 590 629
l 793 841
l 562 571
l 897 958
l 1453 1550
l 1449 1459
l 812 823
l 2463 2497
l 2495 2504
l 2517 2526
l 230 240
l 728 792
l 430 445
l 2782 2833
l 1821 1892
l 2853 2893
l 2564 2571
l 1583 1624
l 1668 1693
l 1601 1618
l 1996 2019
l 2149 2170
l 1687 1791
l 1902 1994
l 1315 1348
l 169 180
l 111 115
l 2811 2839
l 2153 2233
l 2704 2709
l 477 596
l 559 561
l 773 847
l 1612 1745
l 1813 1866
l 802 810
l 2819 2849
l 2301 2338
l 2216 2249
l 1091 1110
l 1368 1393
l 392 399
l 2374 2381
l 2785 2826
l 2483 2523
l 2285 2309
l 2518 2528
l 1625 1642
l 2221 2242
l 2079 2090
l 1983 1997
l 2088 2097
l 2126 2133
l 1226 1410
l 150 153
l 105 108
l 3049 3058
l 2972 2976
l 2985 2987
l 2906 2930
l 2274 2315
l 2699 2700
l 223 233
l 373 418
l 584 588
l 1746 1781
l 1511 1533
l 968 1030
l 1292 1357
l 966 975
l 1042 1048
l 2758 2788
l 2276 2302
l 1428 1451
l 1246 1268
l 1120 1142
l 1266 1282
l 1330 1349
l 2007 2122
l 2391 2401
l 2215 2261
l 1477 1514
l 2271 2306
l 1955 1969
l 449 527
l 171 182
l 3064 3073
l 2870 2897
l 2995 3003
l 2952 3006
l 210 220
l 665 712
l 395 405
l 297 335
l 886 954
l 1554 1569
l 1413 1482
l 1068 1081
l 2536 2548
l 1481 1546
l 1141 1163
