# Blender 5.1.0
# www.blender.org
mtllib bush_0.mtl
o Bush_1_0
v -0.205273 0.500127 0.022867
v -0.203018 0.479665 0.011835
v -0.202974 0.479450 0.011743
v -0.204243 0.378985 -0.012314
v -0.205312 0.377028 -0.014581
v -0.204222 0.379026 -0.012314
v -0.202982 0.500885 0.020870
v -0.201692 0.531439 0.029842
v -0.199854 0.454539 0.002941
v -0.200253 0.433962 0.064243
v -0.196179 0.453982 0.002239
v -0.198472 0.458565 0.062428
v -0.197089 0.454770 0.003044
v -0.197350 0.454858 0.002433
v -0.198187 0.381959 -0.047685
v -0.195378 0.454339 0.003322
v -0.190957 0.374739 -0.024292
v -0.185422 0.365738 -0.010394
v -0.184368 0.367819 -0.008302
v -0.183664 0.537558 0.035845
v -0.181780 0.486716 -0.069013
v -0.183771 0.369334 -0.083562
v -0.177341 0.362245 -0.080138
v -0.179279 0.423381 -0.099926
v -0.178699 0.436648 0.042752
v -0.178103 0.320345 0.083327
v -0.166825 0.355715 -0.007576
v -0.175328 0.365050 -0.016025
v -0.177258 0.436168 0.037664
v -0.175305 0.411020 -0.099465
v -0.172540 0.355909 -0.004797
v -0.172427 0.355807 -0.004765
v -0.175188 0.365030 -0.015951
v -0.174963 0.414016 -0.047479
v -0.174269 0.513102 -0.110159
v -0.173296 0.538052 0.027415
v -0.173641 0.353303 0.053903
v -0.170538 0.452512 0.036295
v -0.166293 0.357508 -0.006082
v -0.168632 0.391435 0.025214
v -0.166984 0.452924 0.036352
v -0.167454 0.453044 0.035539
v -0.167931 0.439119 0.044658
v -0.168300 0.404011 -0.022397
v -0.167050 0.489633 0.090050
v -0.166297 0.389100 0.018676
v -0.166167 0.357825 -0.006033
v -0.165459 0.304886 -0.074061
v -0.164968 0.432771 0.013748
v -0.164525 0.496455 0.093721
v -0.164464 0.311601 0.052018
v -0.162468 0.369436 -0.017165
v -0.158846 0.348043 -0.080056
v -0.158814 0.348016 -0.080059
v -0.160090 0.374886 -0.107232
v -0.159640 0.343568 -0.000624
v -0.156183 0.343727 -0.000288
v -0.159156 0.488379 -0.117667
v -0.156475 0.344068 -0.000404
v -0.158907 0.367159 -0.068226
v -0.157112 0.344064 -0.000102
v -0.156889 0.344061 -0.000722
v -0.157224 0.353713 0.108532
v -0.156280 0.519467 0.030793
v -0.154037 0.519138 0.030718
v -0.156132 0.370168 -0.045007
v -0.155263 0.353814 -0.076124
v -0.154486 0.519239 0.031027
v -0.151826 0.415239 0.109482
v -0.151767 0.454190 -0.130191
v -0.151604 0.344832 0.115683
v -0.150752 0.415382 -0.003637
v -0.150750 0.466684 -0.010043
v -0.150743 0.450643 0.050261
v -0.146199 0.416102 -0.003339
v -0.149213 0.449820 0.052659
v -0.146796 0.416187 -0.002972
v -0.147160 0.416171 -0.003840
v -0.148129 0.477527 -0.110710
v -0.148006 0.440789 0.043967
v -0.147832 0.327250 -0.081311
v -0.147194 0.480952 0.111756
v -0.147132 0.288591 -0.088423
v -0.146588 0.361050 0.118049
v -0.143674 0.509636 0.028568
v -0.143701 0.509665 0.028582
v -0.145938 0.498566 0.040389
v -0.145354 0.409604 0.034631
v -0.145744 0.414088 0.042525
v -0.143110 0.409146 0.034454
v -0.144584 0.326164 -0.077642
v -0.143579 0.409331 0.034231
v -0.144110 0.363456 0.082311
v -0.143918 0.529699 0.099486
v -0.143918 0.328079 -0.088979
v -0.143639 0.468832 -0.109493
v -0.143075 0.362402 0.078088
v -0.142317 0.510449 -0.109627
v -0.139128 0.391739 -0.075445
v -0.141824 0.499035 0.035319
v -0.141352 0.386712 0.082909
v -0.140924 0.358077 0.074084
v -0.140851 0.346391 -0.004052
v -0.140564 0.318718 0.070489
v -0.139453 0.340058 0.043155
v -0.139161 0.348497 -0.082008
v -0.138583 0.266015 -0.057567
v -0.138044 0.369427 0.066021
v -0.137624 0.377677 0.113466
v -0.137701 0.515543 0.084540
v -0.141812 0.427458 0.030879
v -0.134345 0.499102 0.024830
v -0.134377 0.499145 0.024849
v -0.137227 0.294558 0.089007
v -0.135871 0.440194 0.109679
v -0.135936 0.370028 0.080727
v -0.135423 0.386006 -0.049536
v -0.134817 0.327935 -0.003872
v -0.133046 0.427351 0.031035
v -0.134460 0.306657 0.061787
v -0.134381 0.376813 -0.080019
v -0.134044 0.419354 0.048230
v -0.133939 0.377377 -0.125556
v -0.133879 0.371292 -0.137268
v -0.133626 0.351701 -0.010243
v -0.133136 0.427470 0.031001
v -0.133032 0.506454 0.106200
v -0.133009 0.501289 0.117756
v -0.132921 0.368108 -0.015352
v -0.132837 0.464440 0.086290
v -0.132795 0.508287 -0.108903
v -0.132786 0.546081 0.119038
v -0.131610 0.383281 0.108317
v -0.128198 0.393857 0.034777
v -0.128241 0.393909 0.034779
v -0.131021 0.273304 0.001450
v -0.128544 0.279833 -0.045297
v -0.128535 0.380873 0.109555
v -0.127879 0.423333 0.012365
v -0.127389 0.399630 -0.051922
v -0.127128 0.395753 0.035302
v -0.127022 0.497242 -0.035549
v -0.126528 0.305396 -0.013468
v -0.126087 0.319941 -0.086487
v -0.126318 0.379523 -0.002290
v -0.126256 0.448411 -0.012100
v -0.124209 0.320110 -0.085925
v -0.125584 0.464033 0.076084
v -0.124510 0.320101 -0.085770
v -0.124953 0.376719 -0.046401
v -0.124821 0.376250 -0.038112
v -0.124641 0.465616 -0.037843
v -0.111726 0.355271 -0.054289
v -0.123931 0.429639 0.035067
v -0.124242 0.377308 0.021353
v -0.123918 0.469731 0.041080
v -0.122193 0.429859 0.034222
v -0.121689 0.321852 -0.093223
v -0.123773 0.512311 0.129134
v -0.122463 0.429864 0.034107
v -0.123042 0.428270 -0.014561
v -0.122859 0.566183 0.093632
v -0.119091 0.398293 -0.001426
v -0.119052 0.399244 -0.000941
v -0.121650 0.458089 0.029942
v -0.109487 0.356849 -0.053753
v -0.121064 0.372220 -0.063828
v -0.108308 0.311075 -0.093845
v -0.117221 0.476994 0.015716
v -0.120535 0.566645 0.094095
v -0.120529 0.379002 0.009536
v -0.120518 0.423490 -0.012207
v -0.119906 0.546123 0.082922
v -0.118452 0.400393 0.000263
v -0.118484 0.400101 0.000470
v -0.119689 0.349892 -0.093982
v -0.119556 0.330297 -0.146685
v -0.119436 0.556111 0.074812
v -0.118221 0.573916 0.086820
v -0.117729 0.478304 0.015329
v -0.115425 0.313146 -0.083365
v -0.115539 0.313270 -0.083384
v -0.117346 0.377600 0.034340
v -0.117993 0.412332 -0.091694
v -0.114768 0.376658 0.034112
v -0.117024 0.315658 0.004681
v -0.117245 0.477639 -0.027480
v -0.117043 0.259019 -0.063847
v -0.116835 0.345027 0.070865
v -0.116296 0.387735 -0.056244
v -0.115889 0.265983 -0.121282
v -0.115330 0.376949 0.034522
v -0.115276 0.376978 0.033886
v -0.113138 0.315548 0.002913
v -0.113536 0.316658 0.004794
v -0.113164 0.316821 0.003892
v -0.113511 0.404855 0.021909
v -0.112139 0.405692 0.022844
v -0.115366 0.482623 0.079059
v -0.114816 0.376159 0.129962
v -0.110726 0.356531 -0.052922
v -0.112782 0.316779 0.004317
v -0.111219 0.420552 0.027650
v -0.111213 0.420550 0.027648
v -0.113685 0.362186 0.077623
v -0.113739 0.510843 0.038469
v -0.113486 0.266454 -0.008615
v -0.113474 0.242312 -0.027740
v -0.113398 0.370458 0.102338
v -0.113166 0.391261 -0.060586
v -0.111709 0.362503 0.077482
v -0.112876 0.442400 0.083099
v -0.112100 0.362469 0.077205
v -0.108335 0.410204 0.019447
v -0.108758 0.410546 0.019523
v -0.112218 0.374084 0.047752
v -0.112031 0.522061 0.050279
v -0.107517 0.359569 -0.027565
v -0.110935 0.357971 -0.026441
v -0.108535 0.304188 -0.082277
v -0.108597 0.304284 -0.082269
v -0.110786 0.229543 -0.014882
v -0.110592 0.497873 0.018443
v -0.109769 0.359515 0.100699
v -0.109961 0.476310 0.111565
v -0.109843 0.403032 0.067995
v -0.108327 0.555684 0.063884
v -0.106854 0.554809 0.062846
v -0.107838 0.359639 0.099910
v -0.107327 0.359491 -0.027581
v -0.096531 0.456513 0.013841
v -0.108963 0.310430 -0.042758
v -0.108878 0.301709 0.026580
v -0.108840 0.409766 0.020282
v -0.108840 0.409766 0.020282
v -0.108202 0.359675 0.099791
v -0.104817 0.527151 0.042061
v -0.104801 0.526999 0.041949
v -0.104230 0.540456 0.052986
v -0.104211 0.540546 0.053056
v -0.107996 0.338426 -0.069791
v -0.107830 0.297786 0.025296
v -0.107810 0.299102 0.081999
v -0.107805 0.515856 0.051469
v -0.107382 0.316875 -0.075589
v -0.107130 0.555161 0.062752
v -0.107020 0.385019 -0.128927
v -0.107001 0.402732 -0.050972
v -0.106999 0.410674 -0.046099
v -0.106916 0.505339 0.100277
v -0.106565 0.287570 -0.024101
v -0.106322 0.453374 -0.000708
v -0.106002 0.404986 0.004336
v -0.105967 0.465277 0.013877
v -0.105811 0.442117 0.056409
v -0.104082 0.375557 -0.006504
v -0.105782 0.320856 -0.005947
v -0.105659 0.323498 -0.047470
v -0.104381 0.336130 -0.042973
v -0.103759 0.333039 -0.040821
v -0.101351 0.335107 -0.042485
v -0.105011 0.291017 -0.127912
v -0.088209 0.284894 -0.091142
v -0.104179 0.375398 -0.006567
v -0.103854 0.408550 -0.106683
v -0.100910 0.410618 0.020827
v -0.100894 0.410710 0.020803
v -0.103476 0.362519 -0.134440
v -0.099845 0.352872 0.143230
v -0.103110 0.365533 -0.115366
v -0.102056 0.335282 -0.043126
v -0.087135 0.285824 -0.090351
v -0.101955 0.335482 -0.042254
v -0.101584 0.335248 -0.042810
v -0.102223 0.439038 0.042438
v -0.100445 0.355566 0.077528
v -0.100292 0.355474 0.077526
v -0.098820 0.351190 0.129216
v -0.098826 0.351197 0.129230
v -0.096402 0.480013 0.016543
v -0.101449 0.355289 0.021054
v -0.101240 0.451652 0.120693
v -0.101220 0.301563 -0.092226
v -0.098102 0.285538 -0.083553
v -0.100961 0.394236 0.039967
v -0.100889 0.348651 0.122772
v -0.100572 0.331122 0.102089
v -0.100407 0.316530 0.024226
v -0.100361 0.276759 -0.115244
v -0.100196 0.229285 -0.037179
v -0.099973 0.433091 -0.105836
v -0.099604 0.515068 -0.044873
v -0.099447 0.315850 -0.038935
v -0.096414 0.456592 0.013866
v -0.097641 0.340466 0.031066
v -0.093935 0.339146 0.029975
v -0.098712 0.283576 -0.068579
v -0.094648 0.395246 0.020681
v -0.098576 0.389912 0.040503
v -0.098379 0.519616 -0.011659
v -0.097806 0.395118 0.086160
v -0.097805 0.343221 0.074869
v -0.093650 0.341842 0.088056
v -0.094714 0.283657 -0.084963
v -0.093814 0.480426 0.016499
v -0.097296 0.497724 0.024524
v -0.097201 0.402314 -0.136126
v -0.096337 0.332314 -0.130959
v -0.097157 0.374268 0.047757
v -0.096724 0.452305 0.065433
v -0.096684 0.412947 0.031411
v -0.093811 0.347811 0.092419
v -0.093823 0.347823 0.092435
v -0.095938 0.486508 -0.031129
v -0.094024 0.375301 0.007847
v -0.094417 0.374966 0.009264
v -0.095678 0.512714 0.128929
v -0.094580 0.339414 0.030734
v -0.094273 0.339484 0.029803
v -0.094205 0.374090 0.009158
v -0.094717 0.343981 -0.126122
v -0.094571 0.346845 0.099852
v -0.094571 0.346845 0.099852
v -0.093940 0.274730 0.015916
v -0.093704 0.398090 0.000355
v -0.093670 0.401820 0.025280
v -0.093637 0.453978 0.097270
v -0.093558 0.310989 -0.090083
v -0.093485 0.506638 0.030395
v -0.089192 0.463120 0.017197
v -0.089215 0.463215 0.017207
v -0.089591 0.379712 0.011158
v -0.092326 0.300236 0.001012
v -0.089740 0.305009 -0.001010
v -0.092898 0.376685 0.095109
v -0.092758 0.528449 0.114394
v -0.090088 0.377420 0.009447
v -0.090534 0.378290 0.009424
v -0.092074 0.503933 0.018313
v -0.091316 0.436252 -0.073816
v -0.091742 0.449003 -0.130295
v -0.091730 0.301248 -0.088885
v -0.091666 0.390591 0.120699
v -0.081084 0.273935 -0.084664
v -0.091471 0.355209 0.137022
v -0.088927 0.305792 -0.000327
v -0.088969 0.305597 -0.000219
v -0.091197 0.337917 -0.125133
v -0.091138 0.427129 -0.054235
v -0.090845 0.290097 -0.131763
v -0.087295 0.285747 -0.090066
v -0.090115 0.505247 -0.120647
v -0.089918 0.365934 0.141066
v -0.089732 0.379076 0.010574
v -0.088421 0.350412 0.075642
v -0.088343 0.350378 0.075629
v -0.089461 0.451246 -0.119476
v -0.089210 0.355634 0.131204
v -0.089155 0.533931 0.075555
v -0.089146 0.378617 0.010574
v -0.089146 0.378617 0.010574
v -0.080010 0.298537 0.014536
v -0.088224 0.311020 -0.115978
v -0.089007 0.342201 0.083120
v -0.089007 0.342201 0.083120
v -0.088899 0.305828 -0.000295
v -0.086091 0.310263 -0.115279
v -0.088744 0.278995 -0.085010
v -0.087844 0.446176 0.014342
v -0.084555 0.444992 0.014112
v -0.088443 0.303179 -0.032375
v -0.085002 0.445745 0.014143
v -0.088271 0.556495 0.076037
v -0.088234 0.246187 -0.057461
v -0.088109 0.438667 -0.061343
v -0.087844 0.399472 0.081989
v -0.086552 0.303685 -0.031640
v -0.087745 0.420064 -0.145867
v -0.087631 0.509775 0.010669
v -0.086981 0.303629 -0.031483
v -0.070677 0.379244 -0.016088
v -0.087549 0.261463 -0.065105
v -0.087447 0.410263 -0.061400
v -0.087277 0.335135 0.141791
v -0.086324 0.310340 -0.115605
v -0.086607 0.437873 0.079286
v -0.075781 0.302436 0.011888
v -0.086395 0.442597 -0.062861
v -0.085473 0.445821 0.014579
v -0.085371 0.445838 0.013892
v -0.085941 0.331757 0.028914
v -0.085612 0.299893 0.001209
v -0.070893 0.379307 -0.015958
v -0.085476 0.311689 0.135546
v -0.085467 0.225187 -0.060574
v -0.081848 0.336507 0.072855
v -0.081910 0.336553 0.072933
v -0.084902 0.395231 0.004119
v -0.084902 0.395231 0.004119
v -0.084232 0.336019 0.083360
v -0.081685 0.335941 0.081997
v -0.084371 0.506994 -0.029843
v -0.084215 0.530298 -0.021045
v -0.084120 0.457135 -0.123287
v -0.084016 0.350568 0.081852
v -0.080879 0.273967 -0.084655
v -0.083174 0.515699 0.009119
v -0.077550 0.302228 0.011270
v -0.082150 0.335919 0.082647
v -0.082318 0.336189 0.082119
v -0.082773 0.312389 -0.065382
v -0.082726 0.471058 -0.133171
v -0.081193 0.477855 -0.109934
v -0.082564 0.317716 0.020606
v -0.075703 0.302321 0.012400
v -0.082239 0.437905 -0.062937
v -0.080338 0.441647 -0.093224
v -0.078933 0.441044 -0.091655
v -0.078274 0.436678 -0.078256
v -0.078256 0.436662 -0.078152
v -0.081797 0.474511 -0.132290
v -0.080443 0.444997 -0.118682
v -0.081753 0.326451 -0.056980
v -0.078242 0.299403 -0.108529
v -0.078268 0.299448 -0.108563
v -0.081464 0.420279 0.047406
v -0.081327 0.372719 -0.154320
v -0.080807 0.492462 0.054257
v -0.080562 0.315824 0.045431
v -0.075537 0.302910 0.011838
v -0.073758 0.377620 -0.016933
v -0.079761 0.476440 -0.109871
v -0.080017 0.525817 -0.014526
v -0.080012 0.388975 0.063620
v -0.079759 0.362783 0.098921
v -0.079737 0.334337 -0.049177
v -0.075926 0.428652 -0.066318
v -0.075936 0.428725 -0.066417
v -0.079559 0.255081 0.082252
v -0.079552 0.367479 0.113778
v -0.079480 0.263886 0.079103
v -0.079022 0.440898 -0.091866
v -0.078866 0.338587 -0.034815
v -0.078862 0.447371 0.023424
v -0.074949 0.452137 -0.102200
v -0.074909 0.451987 -0.102152
v -0.075591 0.409807 -0.040484
v -0.074136 0.326534 0.060875
v -0.078339 0.298988 -0.094031
v -0.077247 0.328374 0.061942
v -0.077992 0.514184 0.016956
v -0.078142 0.459104 0.131415
v -0.074528 0.327717 0.061051
v -0.077933 0.393234 0.106124
v -0.077516 0.399280 0.090255
v -0.075013 0.297508 -0.026834
v -0.075190 0.297653 -0.026937
v -0.077416 0.561144 0.140505
v -0.076655 0.438582 -0.143868
v -0.076635 0.421701 0.159129
v -0.075160 0.288471 -0.101565
v -0.075517 0.266168 -0.084716
v -0.074603 0.327800 0.061271
v -0.075247 0.328241 0.060953
v -0.075454 0.395639 0.070386
v -0.072238 0.287965 -0.100437
v -0.071939 0.439406 0.046180
v -0.071892 0.439485 0.046234
v -0.072136 0.266558 -0.083860
v -0.075141 0.377246 -0.043007
v -0.071150 0.339121 0.066286
v -0.073977 0.339877 0.067880
v -0.072403 0.266729 -0.083911
v -0.074915 0.387890 -0.079482
v -0.074893 0.304334 0.029031
v -0.074885 0.344820 0.025565
v -0.073810 0.516444 0.128986
v -0.073843 0.408560 -0.062858
v -0.072084 0.407831 -0.062096
v -0.074633 0.410964 -0.078654
v -0.070899 0.378875 -0.015950
v -0.074405 0.303448 -0.013038
v -0.074128 0.482006 -0.117669
v -0.072785 0.266886 -0.083770
v -0.073037 0.266776 -0.084407
v -0.073947 0.409395 -0.041778
v -0.073921 0.581426 0.108688
v -0.073811 0.308963 -0.009170
v -0.069506 0.380564 -0.026369
v -0.073683 0.518553 0.050890
v -0.073008 0.288377 -0.100556
v -0.072723 0.288157 -0.100960
v -0.073581 0.391685 -0.072332
v -0.071735 0.280209 -0.031416
v -0.068689 0.381249 -0.025673
v -0.072398 0.408008 -0.061964
v -0.069262 0.278805 -0.028007
v -0.070696 0.338618 0.065628
v -0.072227 0.478983 0.071662
v -0.072028 0.411605 0.011610
v -0.070805 0.472418 -0.131137
v -0.071343 0.358667 0.105015
v -0.068594 0.381388 -0.025357
v -0.071342 0.393594 -0.031598
v -0.070371 0.338258 0.066665
v -0.070968 0.376377 -0.058109
v -0.070811 0.466958 0.003221
v -0.069421 0.283655 -0.002286
v -0.069764 0.282818 -0.000731
v -0.067849 0.279379 -0.030302
v -0.070582 0.539634 -0.025056
v -0.070441 0.336778 -0.117325
v -0.070352 0.383551 -0.072146
v -0.066604 0.428629 -0.093508
v -0.068684 0.430262 -0.094206
v -0.065769 0.286719 -0.000353
v -0.070068 0.366436 -0.056355
v -0.069617 0.288598 -0.021542
v -0.069846 0.377971 0.008561
v -0.069511 0.418233 -0.114720
v -0.069383 0.527028 0.133626
v -0.069348 0.289480 -0.060765
v -0.067979 0.279817 -0.029717
v -0.068208 0.279674 -0.030637
v -0.066634 0.288455 -0.020983
v -0.069254 0.536011 -0.005494
v -0.069051 0.315432 -0.050568
v -0.065031 0.391276 -0.055090
v -0.065042 0.391304 -0.055114
v -0.066882 0.450851 -0.121239
v -0.065452 0.449473 -0.120501
v -0.064643 0.438301 -0.113611
v -0.064617 0.438079 -0.113490
v -0.068245 0.527739 0.129103
v -0.067483 0.288743 -0.020874
v -0.067140 0.288610 -0.021359
v -0.064398 0.461260 0.065972
v -0.064371 0.461335 0.066033
v -0.068082 0.343706 -0.085040
v -0.066355 0.415201 0.011063
v -0.067748 0.305371 -0.018465
v -0.065089 0.287461 0.000121
v -0.067563 0.474936 -0.069085
v -0.062245 0.413936 0.011176
v -0.063255 0.366116 -0.020074
v -0.065807 0.367690 -0.020191
v -0.063383 0.366350 -0.019914
v -0.067042 0.429159 -0.093359
v -0.066966 0.428985 -0.093971
v -0.067196 0.383136 0.090266
v -0.067120 0.477642 -0.079801
v -0.065512 0.285857 -0.000977
v -0.066352 0.286873 -0.000753
v -0.066950 0.302192 0.009280
v -0.066370 0.472276 -0.145014
v -0.065892 0.472806 0.061229
v -0.065881 0.261239 -0.036227
v -0.065677 0.449595 -0.120889
v -0.063783 0.343122 0.070059
v -0.063900 0.343158 0.070095
v -0.065341 0.393681 -0.082999
v -0.063219 0.385552 -0.078169
v -0.060580 0.382584 -0.079136
v -0.054391 0.361763 0.069062
v -0.064577 0.287102 0.000345
v -0.064577 0.287102 0.000345
v -0.062560 0.485531 0.086196
v -0.061414 0.484472 0.085100
v -0.061079 0.426797 -0.108327
v -0.061001 0.426613 -0.108225
v -0.064393 0.302945 0.057918
v -0.064223 0.350695 0.027278
v -0.063241 0.311813 0.059013
v -0.064181 0.546513 0.054474
v -0.063738 0.366557 -0.019668
v -0.063443 0.366318 -0.020296
v -0.064066 0.571174 0.096279
v -0.064043 0.523087 0.122044
v -0.062827 0.414184 0.011580
v -0.063011 0.414325 0.010668
v -0.063832 0.405997 0.154642
v -0.063602 0.305860 -0.024357
v -0.063545 0.467324 -0.056482
v -0.059275 0.311963 0.057359
v -0.063466 0.344829 -0.031995
v -0.059771 0.375594 -0.044978
v -0.062062 0.377117 -0.045793
v -0.063187 0.347722 0.068109
v -0.062799 0.476287 0.096896
v -0.062605 0.437366 -0.087706
v -0.062513 0.378362 -0.077312
v -0.062339 0.497293 -0.005685
v -0.062334 0.382577 -0.133573
v -0.062104 0.427276 0.011316
v -0.061992 0.442002 0.046325
v -0.059406 0.383490 -0.078100
v -0.061920 0.503330 -0.014979
v -0.061892 0.369352 -0.081596
v -0.061564 0.484863 0.084999
v -0.061526 0.416628 -0.107679
v -0.061524 0.305981 0.082187
v -0.061351 0.225658 -0.013130
v -0.061313 0.325940 -0.090058
v -0.061216 0.370723 0.074008
v -0.059702 0.311885 0.057993
v -0.060192 0.312258 0.057415
v -0.061127 0.309820 -0.056280
v -0.060151 0.383985 -0.077661
v -0.059642 0.383653 -0.078407
v -0.059781 0.295615 0.044744
v -0.060316 0.376229 -0.044892
v -0.060110 0.375899 -0.045396
v -0.060267 0.368381 0.130990
v -0.060097 0.526546 -0.003213
v -0.055234 0.294994 0.043888
v -0.059341 0.516118 0.130130
v -0.059373 0.311221 0.045027
v -0.059252 0.257754 -0.095083
v -0.057735 0.269206 -0.088144
v -0.052769 0.394670 0.010558
v -0.052208 0.395336 0.011221
v -0.058256 0.325736 -0.141092
v -0.053786 0.269131 -0.086645
v -0.058034 0.477791 -0.055748
v -0.057939 0.278826 -0.076948
v -0.057801 0.402398 0.089372
v -0.055172 0.327099 -0.017722
v -0.051575 0.324639 -0.017194
v -0.057605 0.517765 0.119154
v -0.057558 0.293113 -0.020174
v -0.057365 0.289902 0.005446
v -0.055572 0.295722 0.044201
v -0.056016 0.295984 0.043602
v -0.057257 0.232213 -0.080555
v -0.052120 0.257575 -0.015227
v -0.051593 0.257685 -0.014536
v -0.032637 0.442551 -0.015153
v -0.056923 0.442021 0.149476
v -0.054114 0.456074 -0.036724
v -0.051122 0.453350 -0.034764
v -0.056779 0.553463 0.029782
v -0.053992 0.295946 0.044409
v -0.056501 0.371178 0.095912
v -0.056087 0.360201 -0.080911
v -0.055827 0.445981 0.010461
v -0.055748 0.315060 0.015679
v -0.055737 0.527883 0.004138
v -0.054588 0.269386 -0.086560
v -0.054386 0.269152 -0.087335
v -0.055236 0.362321 -0.032041
v -0.051734 0.402651 0.001242
v -0.055177 0.373775 -0.076795
v -0.054984 0.574379 0.069867
v -0.054982 0.401868 -0.026436
v -0.043255 0.337603 -0.072893
v -0.052691 0.341717 -0.031058
v -0.049293 0.339502 -0.030276
v -0.054900 0.428948 0.105155
v -0.051218 0.395593 0.011586
v -0.051463 0.395561 0.011746
v -0.054742 0.424740 -0.083002
v -0.054191 0.254157 -0.074600
v -0.053622 0.572443 0.096199
v -0.054392 0.361904 0.069264
v -0.054319 0.414644 0.003121
v -0.048093 0.303598 -0.015050
v -0.047567 0.303217 -0.014544
v -0.047045 0.404062 0.003703
v -0.053391 0.448982 -0.001857
v -0.049982 0.254968 -0.073712
v -0.051036 0.258793 -0.014729
v -0.050668 0.258568 -0.014855
v -0.052822 0.389977 -0.164364
v -0.052083 0.325132 -0.016858
v -0.052159 0.325160 -0.017772
v -0.052253 0.494342 0.009687
v -0.052511 0.319338 -0.065240
v -0.042085 0.328850 0.058887
v -0.046636 0.399047 -0.085608
v -0.050946 0.254995 -0.073426
v -0.050665 0.254942 -0.074269
v -0.051575 0.571618 0.096058
v -0.051616 0.571788 0.095440
v -0.050173 0.494418 0.009037
v -0.050704 0.373664 0.015868
v -0.049511 0.374206 0.017278
v -0.051982 0.482941 -0.131699
v -0.051464 0.454127 -0.034839
v -0.051448 0.453642 -0.035441
v -0.049621 0.405609 0.006403
v -0.045101 0.374449 0.013970
v -0.050211 0.300655 -0.014451
v -0.048916 0.301201 -0.013038
v -0.040917 0.336735 -0.079428
v -0.051461 0.348435 -0.074546
v -0.051439 0.345502 -0.118293
v -0.037755 0.391821 -0.071643
v -0.051326 0.459396 0.001392
v -0.050525 0.494461 0.008903
v -0.050590 0.256860 -0.116703
v -0.047392 0.299326 -0.019652
v -0.049917 0.340109 -0.029969
v -0.049556 0.339335 -0.030747
v -0.050225 0.407892 0.134518
v -0.046441 0.303953 -0.013728
v -0.046315 0.303906 -0.013910
v -0.049920 0.379431 0.100899
v -0.049918 0.336518 0.064418
v -0.049918 0.336518 0.064418
v -0.049909 0.534086 -0.039047
v -0.045711 0.403659 0.002041
v -0.049364 0.467261 -0.065301
v -0.049312 0.483662 0.031372
v -0.049097 0.509016 -0.063180
v -0.047980 0.271184 -0.015791
v -0.048867 0.246059 0.002940
v -0.044119 0.401446 -0.084508
v -0.043678 0.398801 -0.084134
v -0.048596 0.419103 0.051627
v -0.048594 0.357606 -0.078136
v -0.037559 0.340306 -0.074749
v -0.044390 0.270992 -0.014444
v -0.035342 0.282691 0.038052
v -0.044850 0.403718 0.002316
v -0.048060 0.425654 -0.012674
v -0.047972 0.552033 0.108018
v -0.047920 0.477945 0.097567
v -0.044313 0.374031 0.014929
v -0.044289 0.374204 0.014760
v -0.044148 0.374696 0.014376
v -0.044154 0.378718 -0.164827
v -0.038569 0.244531 -0.073089
v -0.047617 0.332788 0.049864
v -0.047564 0.359511 0.012022
v -0.047487 0.317038 0.108979
v -0.043831 0.301011 -0.015428
v -0.035730 0.285542 0.032155
v -0.046693 0.342714 0.065999
v -0.046451 0.446440 0.043698
v -0.046378 0.547881 0.019781
v -0.046318 0.405210 0.039276
v -0.042486 0.501386 -0.068821
v -0.043950 0.503413 -0.070084
v -0.044521 0.341613 -0.087213
v -0.034108 0.249211 -0.071212
v -0.044657 0.340348 -0.083999
v -0.046131 0.223310 -0.029850
v -0.044837 0.271153 -0.014300
v -0.045132 0.271162 -0.015301
v -0.038776 0.281477 -0.012952
v -0.044023 0.278833 -0.014734
v -0.041987 0.328854 0.058776
v -0.043770 0.365385 -0.133332
v -0.045265 0.403699 0.002349
v -0.041435 0.525273 -0.087700
v -0.039884 0.280708 -0.011708
v -0.039683 0.284707 0.037553
v -0.040350 0.284345 0.038335
v -0.044882 0.328870 0.057067
v -0.044668 0.351136 0.015075
v -0.044615 0.455206 0.057482
v -0.044525 0.311737 -0.014298
v -0.044413 0.455644 0.031909
v -0.044385 0.240379 -0.012259
v -0.044102 0.255409 0.068565
v -0.044061 0.270064 0.110091
v -0.039593 0.362190 -0.121906
v -0.039652 0.362221 -0.121764
v -0.040218 0.327640 0.066694
v -0.040241 0.327460 0.066659
v -0.043943 0.374108 0.014621
v -0.043943 0.374108 0.014621
v -0.043914 0.584758 0.056957
v -0.040099 0.315161 0.061106
v -0.042197 0.316946 0.062408
v -0.042746 0.338068 -0.072456
v -0.043653 0.465633 -0.036969
v -0.041740 0.300234 -0.017258
v -0.043532 0.301092 -0.015675
v -0.043532 0.301092 -0.015675
v -0.043510 0.351326 0.115463
v -0.031113 0.286755 0.035376
v -0.043409 0.298202 0.044537
v -0.043316 0.316413 -0.024172
v -0.038784 0.358097 -0.110421
v -0.040688 0.359457 -0.112196
v -0.040591 0.357168 -0.111824
v -0.042897 0.450580 -0.052417
v -0.042398 0.306181 0.030380
v -0.042763 0.461901 -0.002501
v -0.042716 0.502099 -0.068865
v -0.042698 0.501659 -0.069336
v -0.038804 0.364642 -0.131382
v -0.034133 0.249077 -0.071312
v -0.038949 0.339581 -0.085599
v -0.037981 0.245588 -0.070920
v -0.037849 0.246708 -0.070334
v -0.041921 0.316103 0.057190
v -0.041164 0.341276 -0.085452
v -0.040349 0.340528 -0.085320
v -0.037780 0.281607 -0.013280
v -0.037636 0.281542 -0.013227
v -0.038326 0.281537 -0.013726
v -0.041558 0.463545 0.003574
v -0.041513 0.452288 0.001803
v -0.039041 0.285179 0.038186
v -0.039347 0.285398 0.038060
v -0.041196 0.236987 -0.030909
v -0.039382 0.292460 0.045266
v -0.035534 0.290785 0.043583
v -0.041038 0.370634 0.072871
v -0.041010 0.371865 -0.143605
v -0.041010 0.371865 -0.143605
v -0.038810 0.342626 0.069078
v -0.037848 0.340615 0.068628
v -0.035171 0.248563 -0.070687
v -0.040506 0.315551 0.061766
v -0.040462 0.315854 0.061308
v -0.040030 0.340664 -0.085001
v -0.033540 0.244858 -0.002995
v -0.039979 0.436822 0.081385
v -0.034433 0.332708 -0.074064
v -0.034121 0.331265 -0.075803
v -0.036787 0.341147 -0.073727
v -0.039520 0.345366 0.008714
v -0.035107 0.317989 0.049964
v -0.039385 0.368384 0.080868
v -0.036671 0.382799 0.071006
v -0.036745 0.382723 0.071018
v -0.039330 0.379553 0.061409
v -0.039300 0.361388 0.105557
v -0.035250 0.319259 0.050166
v -0.037651 0.320355 0.051047
v -0.039092 0.358809 -0.110636
v -0.038800 0.357962 -0.110561
v -0.039053 0.247617 0.019555
v -0.036041 0.483260 0.003801
v -0.036164 0.483402 0.003818
v -0.037097 0.247532 -0.069930
v -0.037445 0.247302 -0.069639
v -0.038725 0.364819 -0.131720
v -0.038701 0.357351 -0.110334
v -0.034198 0.249002 -0.071185
v -0.035518 0.392240 -0.073143
v -0.034569 0.305226 0.028158
v -0.038530 0.507868 0.055650
v -0.038526 0.208017 -0.039661
v -0.038474 0.490631 0.051905
v -0.036603 0.282218 0.037687
v -0.038095 0.246989 -0.107821
v -0.037981 0.341132 0.068478
v -0.033336 0.332993 -0.074788
v -0.037787 0.281525 -0.013471
v -0.037739 0.256232 -0.111847
v -0.028629 0.247790 -0.000860
v -0.037507 0.385310 -0.143794
v -0.035940 0.290990 0.044256
v -0.036345 0.291637 0.043862
v -0.036343 0.299348 0.025033
v -0.036670 0.341174 -0.073751
v -0.036670 0.341174 -0.073751
v -0.036631 0.408340 -0.095227
v -0.036533 0.373487 0.078336
v -0.036364 0.440147 -0.017562
v -0.036291 0.408908 -0.013150
v -0.036143 0.518108 0.070893
v -0.030286 0.246576 -0.003024
v -0.035457 0.319297 0.050453
v -0.035720 0.319706 0.049945
v -0.032754 0.369416 -0.115017
v -0.033255 0.369050 -0.114521
v -0.035698 0.347333 0.116962
v -0.035060 0.495337 0.104613
v -0.030455 0.286576 0.035003
v -0.035534 0.157643 0.030601
v -0.035522 0.400102 -0.065916
v -0.035440 0.392352 -0.073166
v -0.033131 0.495364 0.103606
v -0.035167 0.253557 0.054463
v -0.035555 0.370593 -0.117449
v -0.027430 0.431065 0.090030
v -0.028493 0.430403 0.090609
v -0.034551 0.305356 0.028219
v -0.032773 0.364853 0.077574
v -0.026583 0.264820 0.028036
v -0.034194 0.396144 0.085939
v -0.033557 0.495480 0.103539
v -0.029534 0.248087 -0.000172
v -0.033818 0.258359 -0.006890
v -0.033702 0.348765 -0.041941
v -0.029438 0.334471 0.057032
v -0.029400 0.334596 0.056942
v -0.027826 0.319691 -0.063387
v -0.028249 0.319316 -0.062718
v -0.033239 0.333004 -0.074841
v -0.027094 0.318768 -0.064915
v -0.027447 0.236811 -0.063222
v -0.026963 0.236126 -0.064364
v -0.027250 0.266066 0.027318
v -0.026511 0.265687 0.027653
v -0.030566 0.290188 0.035597
v -0.026781 0.287961 0.034412
v -0.032803 0.369004 -0.114915
v -0.027543 0.236319 -0.064664
v -0.026527 0.265914 0.029420
v -0.028076 0.293775 0.027507
v -0.032470 0.340080 -0.105676
v -0.032443 0.227756 0.071246
v -0.026452 0.269082 0.022718
v -0.021389 0.214399 0.016396
v -0.032051 0.494441 -0.015548
v -0.031945 0.139264 0.001920
v -0.028989 0.247616 -0.000965
v -0.030908 0.382213 -0.064336
v -0.030796 0.384121 -0.064552
v -0.028065 0.263751 0.041965
v -0.031143 0.286120 0.036023
v -0.031143 0.286120 0.036023
v -0.027896 0.383987 -0.063531
v -0.024402 0.392278 0.073658
v -0.023751 0.391780 0.074236
v -0.022530 0.230511 0.000671
v -0.026514 0.237231 -0.063637
v -0.024373 0.392626 0.073893
v -0.028091 0.216822 0.017105
v -0.029227 0.216174 0.018672
v -0.026528 0.430945 0.090092
v -0.026305 0.430585 0.090139
v -0.026564 0.319453 -0.064438
v -0.026411 0.319740 -0.064389
v -0.030549 0.386767 0.064388
v -0.030407 0.251599 -0.001987
v -0.030374 0.404168 -0.085724
v -0.030296 0.338756 0.022362
v -0.030270 0.287870 0.044570
v -0.027093 0.231231 0.000197
v -0.028378 0.231123 0.001580
v -0.025337 0.265959 0.028552
v -0.025270 0.266040 0.028376
v -0.026024 0.467810 0.104832
v -0.027108 0.383003 -0.063369
v -0.023976 0.235240 0.002443
v -0.029192 0.352936 -0.008467
v -0.028596 0.384249 -0.063410
v -0.028135 0.384023 -0.063877
v -0.027412 0.265634 0.026554
v -0.023360 0.272090 0.026605
v -0.022747 0.271662 0.026865
v -0.026490 0.319722 -0.064331
v -0.028596 0.320463 -0.007630
v -0.026941 0.237209 -0.063829
v -0.026283 0.236957 -0.063968
v -0.025695 0.266606 0.028723
v -0.027271 0.288257 0.035031
v -0.027500 0.288753 0.034322
v -0.022389 0.267960 0.026659
v -0.028096 0.277686 0.034447
v -0.028059 0.294021 0.027443
v -0.015591 0.215281 0.013324
v -0.027902 0.252488 -0.114590
v -0.024629 0.468062 0.003384
v -0.024696 0.468174 0.003402
v -0.020883 0.369581 0.066909
v -0.025336 0.392671 0.068480
v -0.025459 0.392584 0.068516
v -0.027698 0.478999 -0.004926
v -0.027572 0.462932 -0.064632
v -0.027542 0.371288 0.148628
v -0.007157 0.222741 -0.000300
v -0.024395 0.248315 0.002343
v -0.027216 0.383084 -0.063512
v -0.022970 0.234704 0.002720
v -0.022881 0.234861 0.002760
v -0.027068 0.494277 0.063577
v -0.023257 0.392169 0.074905
v -0.025778 0.258062 0.047696
v -0.022697 0.391911 0.074626
v -0.022748 0.391775 0.074565
v -0.022256 0.269213 0.026025
v -0.022291 0.402482 -0.056855
v -0.022343 0.402284 -0.056962
v -0.022579 0.216330 0.019411
v -0.022586 0.216867 0.019541
v -0.019536 0.430167 0.082774
v -0.024534 0.431155 0.080072
v -0.023226 0.509561 0.075282
v -0.023899 0.506064 0.077604
v -0.022323 0.359835 0.063968
v -0.022306 0.089454 0.018408
v -0.021445 0.271654 0.028127
v -0.021406 0.271839 0.028021
v -0.020450 0.087424 0.020384
v -0.025152 0.326190 -0.011086
v -0.023156 0.235721 0.002229
v -0.025016 0.292583 -0.047972
v -0.017253 0.118716 0.018578
v -0.017919 0.118576 0.019225
v -0.018094 0.121122 0.015110
v -0.017525 0.120884 0.015743
v -0.023191 0.038491 0.016358
v -0.021621 0.038564 0.018051
v -0.024647 0.540879 0.006942
v -0.021427 -0.000116 0.018223
v -0.024407 0.403459 -0.039398
v -0.017291 0.091349 0.013228
v -0.020100 0.007663 0.014348
v -0.024136 0.313951 0.116257
v -0.022343 0.049710 0.014673
v -0.021513 0.048754 0.010010
v -0.022287 0.214409 0.014510
v -0.023491 0.464269 0.103831
v -0.023938 0.465519 0.103561
v -0.023862 0.247733 0.002235
v -0.017081 0.132040 0.013337
v -0.021597 0.132197 0.012408
v -0.019954 0.010894 0.019505
v -0.020920 0.010187 0.021326
v -0.023319 0.253624 0.020998
v -0.023319 0.253624 0.020998
v -0.015819 0.129982 0.018730
v -0.020651 0.130718 0.016001
v -0.016731 0.377529 -0.121552
v -0.022095 0.374167 -0.119886
v -0.021531 0.079516 0.013661
v -0.020244 0.079364 0.015191
v -0.023145 0.348020 -0.096870
v -0.023062 0.424202 -0.116377
v -0.021481 0.252875 0.019351
v -0.017027 0.255708 0.017148
v -0.020200 0.507183 0.075718
v -0.017578 0.255655 0.016767
v -0.021451 0.245045 0.023668
v -0.019818 0.245246 0.024910
v -0.013207 0.215164 -0.000764
v -0.022795 0.234903 0.002778
v -0.022795 0.234903 0.002778
v -0.022536 0.209474 0.016667
v -0.020782 0.008164 0.012498
v -0.022376 0.250501 0.039178
v -0.021640 0.249650 0.039357
v -0.022303 0.403130 -0.079158
v -0.020667 0.164751 0.013131
v -0.019090 0.164743 0.014574
v -0.020113 0.471362 0.081287
v -0.014076 0.208782 0.023586
v -0.014763 0.208656 0.024279
v -0.018252 0.430471 0.081068
v -0.018337 0.430158 0.080913
v -0.021829 0.454410 -0.105913
v -0.021823 0.269594 0.025538
v -0.021823 0.269594 0.025538
v -0.021764 0.216465 0.020067
v -0.021764 0.216465 0.020067
v -0.018546 0.481705 0.092230
v -0.018658 0.481860 0.092332
v -0.021617 0.267520 -0.070901
v -0.018490 0.038280 0.024287
v -0.019712 0.038377 0.025962
v -0.014179 0.089459 0.018833
v -0.018267 0.048511 0.022770
v -0.018883 0.049339 0.027570
v -0.021297 0.439100 -0.093420
v -0.020161 0.091528 0.011389
v -0.020427 0.507602 0.075864
v -0.020848 0.508048 0.074963
v -0.018473 0.088068 0.013012
v -0.017942 0.079880 0.022727
v -0.018946 0.079621 0.024152
v -0.020619 0.506601 -0.037997
v -0.012775 0.163836 0.018764
v -0.019103 0.163706 0.016284
v -0.016163 0.118605 0.017966
v -0.016104 0.118449 0.017955
v -0.016302 0.121020 0.016890
v -0.016295 0.121108 0.016796
v -0.020344 0.490081 -0.027741
v -0.013108 0.090134 0.027519
v -0.017694 0.088415 0.032915
v -0.018657 -0.000155 0.005103
v -0.020000 0.507341 0.075594
v -0.015543 0.038147 0.015107
v -0.015483 0.038366 0.014951
v -0.015443 0.091183 0.014836
v -0.019855 0.300716 0.053851
v -0.019851 0.451239 -0.090541
v -0.018121 0.036161 0.018284
v -0.016471 0.036091 0.019344
v -0.015598 0.255587 0.018317
v -0.015603 0.255420 0.018271
v -0.015950 0.254940 0.018473
v -0.015264 0.132060 0.014976
v -0.015523 0.215649 0.013521
v -0.015636 0.132003 0.014854
v -0.018080 0.010947 0.006804
v -0.014441 0.048752 0.013083
v -0.019255 0.515922 -0.065276
v -0.019226 0.397923 0.094273
v -0.012031 0.119591 0.033093
v -0.017594 0.119484 0.030361
v -0.014885 0.048693 0.012943
v -0.011675 0.130827 0.030393
v -0.017126 0.129835 0.026527
v -0.014716 0.129780 0.017960
v -0.018361 0.130305 0.022289
v -0.012017 0.218767 0.005941
v -0.014431 0.080281 0.012363
v -0.014512 0.080116 0.012345
v -0.017127 0.162923 0.025793
v -0.010743 0.163033 0.023278
v -0.013684 0.008901 0.022475
v -0.018185 0.006879 0.028022
v -0.018546 0.375052 -0.045520
v -0.018513 0.364130 0.058145
v -0.016946 0.047749 0.018751
v -0.015379 0.047742 0.015104
v -0.015550 0.077724 0.015108
v -0.017007 0.077420 0.016208
v -0.013520 0.246218 0.021522
v -0.013596 0.246530 0.021462
v -0.017350 0.430198 0.080870
v -0.008675 0.440372 -0.037429
v -0.018368 0.332125 -0.077724
v -0.018335 0.555368 0.011555
v -0.012877 0.010371 0.010972
v -0.017928 0.302001 -0.091684
v -0.017731 0.468899 -0.034490
v -0.013214 0.165383 0.011617
v -0.013143 0.165351 0.011458
v -0.012900 0.208782 0.022711
v -0.012857 0.208744 0.022665
v -0.013083 0.089830 0.017951
v -0.017284 0.539860 -0.048325
v -0.010656 0.005832 0.013934
v -0.016926 0.441209 -0.028640
v -0.012494 0.038397 0.027213
v -0.012523 0.038003 0.027121
v -0.017035 0.048027 0.020138
v -0.011921 0.049111 0.026020
v -0.015766 0.090969 0.015918
v -0.016614 0.101571 0.017829
v -0.016327 0.260393 -0.103841
v -0.016552 0.099804 0.017822
v -0.016552 0.099804 0.017822
v -0.015055 0.000119 -0.010201
v -0.016021 0.261668 -0.102630
v -0.016425 0.469146 0.074682
v -0.016341 0.501664 -0.093940
v -0.012353 0.078994 0.025081
v -0.012257 0.079416 0.025163
v -0.011673 0.163950 0.017835
v -0.011541 0.163938 0.017879
v -0.015808 0.261995 -0.102681
v -0.014397 0.000073 -0.008712
v -0.011250 0.089566 0.029105
v -0.011710 0.089441 0.029287
v -0.011784 0.501510 -0.023702
v -0.011800 0.501318 -0.023773
v -0.015377 0.255667 0.018154
v -0.015366 0.091167 0.014846
v -0.014923 0.131952 0.014205
v -0.015124 0.038254 0.014790
v -0.015124 0.038254 0.014790
v -0.014951 0.215569 0.013062
v -0.014951 0.215569 0.013062
v -0.009640 0.036771 0.015676
v -0.009690 0.036420 0.015598
v -0.012638 0.403053 0.064369
v -0.013481 0.400958 0.065034
v -0.010743 0.119621 0.031709
v -0.010780 0.119382 0.031633
v -0.014803 0.480729 -0.076944
v -0.014799 0.462909 0.080138
v -0.014799 0.462909 0.080138
v -0.010411 0.001196 0.006717
v -0.014708 -0.000690 0.017566
v -0.014708 -0.000690 0.017566
v -0.014141 0.129735 0.017913
v -0.014277 0.129725 0.017732
v -0.011128 0.130359 0.028814
v -0.010485 0.130667 0.029249
v -0.014571 0.308478 -0.020171
v -0.010727 0.481321 -0.029508
v -0.010734 0.481306 -0.029512
v -0.014448 0.236383 -0.001843
v -0.005919 0.214951 0.001713
v -0.010882 0.398376 0.083958
v -0.010937 0.398249 0.083882
v -0.014033 0.048671 0.012146
v -0.014364 0.048770 0.013100
v -0.013178 0.010197 0.011831
v -0.014294 0.019318 0.013887
v -0.014195 0.080248 0.012216
v -0.014195 0.080248 0.012216
v -0.012401 0.011075 -0.011595
v -0.011113 0.010907 -0.011514
v -0.014163 0.417312 -0.048085
v -0.007617 0.436108 -0.040066
v -0.009567 0.162947 0.024044
v -0.009580 0.163020 0.023962
v -0.009366 0.078870 0.018345
v -0.009381 0.079189 0.018307
v -0.014030 0.384414 -0.136031
v -0.014018 0.143294 0.012357
v -0.013922 0.246289 0.022019
v -0.013922 0.246289 0.022019
v -0.012061 0.010524 -0.009680
v -0.011104 0.010599 -0.009092
v -0.008566 0.046544 0.017820
v -0.008935 0.046750 0.017014
v -0.013615 0.404093 0.006773
v -0.013543 0.059931 0.010816
v -0.002909 0.198301 -0.002725
v -0.013397 0.008739 0.022529
v -0.013397 0.008739 0.022529
v -0.013407 0.008623 0.023212
v -0.013153 0.401419 0.065114
v -0.013088 0.355539 0.127362
v -0.013050 0.165356 0.011543
v -0.013050 0.165356 0.011543
v -0.013011 0.089877 0.017857
v -0.013011 0.089877 0.017857
v -0.012975 0.428767 0.140037
v -0.009797 0.212532 0.005276
v -0.012727 0.010481 0.010929
v -0.012727 0.010481 0.010929
v -0.009403 0.009270 0.006094
v -0.012468 0.018439 0.026044
v -0.010719 0.006132 0.012624
v -0.008770 0.463681 0.081385
v -0.008786 0.463756 0.081436
v -0.012051 0.059658 0.023734
v -0.012051 0.059658 0.023734
v -0.011949 0.558721 0.002596
v -0.011911 0.038208 0.027585
v -0.011911 0.038208 0.027585
v -0.009891 0.522125 -0.015196
v -0.008819 0.520474 -0.015966
v -0.011802 0.049070 0.025954
v -0.011802 0.049070 0.025954
v -0.011802 0.049070 0.025954
v -0.011678 0.386915 0.040035
v -0.011643 0.079086 0.025598
v -0.011643 0.079086 0.025598
v -0.011518 0.163930 0.017812
v -0.011484 0.443589 -0.101954
v -0.011254 0.254983 -0.085979
v -0.011188 0.089524 0.029119
v -0.006795 -0.001123 -0.008598
v -0.006884 0.177333 0.011986
v -0.009081 0.038431 -0.014097
v -0.008182 0.038120 -0.012550
v -0.008478 0.046226 -0.008943
v -0.009331 0.047102 -0.011202
v -0.010810 0.326530 0.057401
v -0.010789 0.099945 0.033126
v -0.010789 0.099945 0.033126
v -0.006886 0.088701 0.008694
v -0.006118 -0.001024 -0.007097
v -0.010475 0.141394 0.025579
v -0.010475 0.141394 0.025579
v -0.010469 0.119523 0.031813
v -0.008934 0.185124 0.000440
v -0.002577 0.186691 -0.001897
v -0.010447 0.293689 -0.014313
v -0.010389 0.001223 0.006648
v -0.010282 0.130611 0.029291
v -0.008812 0.359617 -0.049021
v -0.010194 0.328654 0.126330
v -0.008762 0.173339 -0.002817
v -0.007126 0.173105 -0.001668
v -0.008522 0.074531 -0.007640
v -0.007193 0.074634 -0.006070
v -0.010095 0.036533 0.016225
v -0.010095 0.036533 0.016225
v -0.008668 0.553154 0.006342
v -0.010058 0.357792 0.082181
v -0.010034 0.517040 0.043093
v -0.005963 0.358052 -0.048071
v 0.005244 0.198371 0.002694
v -0.001087 0.198508 -0.009807
v -0.002907 0.118972 0.004903
v -0.002275 0.118727 0.005566
v -0.009660 0.078976 0.017870
v -0.009660 0.078976 0.017870
v -0.004449 0.008830 -0.013192
v -0.009670 0.007651 -0.018840
v -0.009581 0.162978 0.024148
v 0.000938 0.417497 -0.009404
v -0.003295 0.188325 0.026315
v -0.007676 0.177476 0.010176
v -0.001600 0.083353 -0.010081
v -0.007145 0.082861 -0.014091
v -0.004113 0.008551 -0.011259
v -0.009491 0.007582 -0.016506
v -0.008129 0.264805 -0.096364
v -0.008259 0.264817 -0.096504
v -0.009138 0.583235 0.026948
v -0.002286 0.199077 -0.037813
v -0.008994 0.520971 -0.016077
v -0.007364 0.039374 0.008687
v -0.005679 0.039437 0.010086
v -0.008952 0.467475 -0.106464
v -0.008920 0.046732 0.017092
v -0.008920 0.046732 0.017092
v -0.003709 0.010962 0.010708
v -0.005721 0.037875 -0.020011
v -0.007262 0.038402 -0.018404
v -0.007251 0.142469 -0.007030
v -0.000985 0.142963 -0.009579
v -0.008681 0.456166 -0.040857
v -0.001624 0.090206 0.004002
v -0.001724 0.128424 0.004032
v -0.006114 0.128941 0.003453
v -0.004070 0.218495 0.008035
v -0.005788 0.117826 -0.008740
v -0.001349 0.118789 -0.013167
v -0.001300 0.110116 -0.014631
v -0.000724 0.110312 -0.014018
v -0.002997 0.008603 0.009824
v -0.006012 0.001492 0.004548
v -0.006162 0.050175 0.007282
v -0.005012 0.049450 0.003064
v -0.004228 0.010661 0.010947
v -0.007572 0.018591 0.013468
v 0.016807 0.399112 -0.010306
v -0.007320 0.367716 0.024009
v -0.003173 0.089875 -0.018845
v -0.007183 0.058117 0.017601
v -0.007183 0.058117 0.017601
v -0.007123 0.305478 0.093495
v -0.007121 0.414113 0.002913
v -0.005318 0.078792 0.006005
v 0.000916 0.079814 0.003696
v -0.006774 -0.001165 -0.008658
v -0.006697 0.409976 0.019170
v -0.005630 0.359782 -0.046788
v -0.005811 0.359519 -0.047850
v -0.004795 0.178574 0.004874
v -0.005483 -0.001428 0.005778
v -0.006357 0.313790 -0.150224
v -0.005583 0.359308 -0.046235
v -0.002901 0.412555 0.092948
v -0.002857 0.412627 0.092994
v -0.004866 0.156639 0.005466
v -0.003347 0.156538 0.007020
v -0.005979 0.048929 -0.016088
v -0.006273 0.244527 -0.070344
v 0.000118 0.192319 0.031122
v -0.006229 0.377003 0.013639
v -0.004855 0.089935 0.001479
v -0.002123 0.038601 -0.015011
v -0.002286 0.038066 -0.015052
v -0.001462 0.187141 -0.001401
v -0.001447 0.186932 -0.001486
v -0.001433 0.047738 -0.012597
v -0.006097 -0.001064 -0.007158
v -0.006056 0.384336 -0.085777
v -0.005945 0.220379 -0.000052
v 0.002483 0.421251 -0.007678
v 0.006164 0.415803 -0.008882
v -0.001601 0.073774 -0.008703
v -0.001564 0.074052 -0.008839
v -0.000674 0.172903 -0.005022
v -0.000757 0.172550 -0.005092
v -0.003898 0.049370 -0.015629
v -0.002432 0.048865 -0.019043
v -0.001112 0.118820 0.006378
v -0.001119 0.118776 0.006298
v 0.002143 0.120997 -0.021663
v -0.003964 0.121800 -0.023979
v -0.001742 0.011062 0.007139
v -0.002504 0.010541 0.008986
v -0.005012 0.421510 -0.142330
v -0.005005 0.221968 0.003374
v -0.005005 0.221968 0.003374
v -0.003336 0.008560 0.008461
v -0.000599 0.178391 0.008893
v -0.001524 0.049503 0.013395
v -0.004780 0.208517 0.001491
v 0.005672 0.187730 0.025835
v -0.000429 0.083093 -0.011071
v -0.000889 0.082952 -0.011349
v 0.002493 0.090506 -0.022407
v -0.004387 0.008815 -0.013153
v -0.004387 0.008815 -0.013153
v -0.004387 0.008815 -0.013153
v 0.000073 0.128243 0.005546
v 0.016992 0.171266 -0.029497
v 0.000223 0.090384 0.005623
v 0.000185 0.142844 -0.008454
v 0.000204 0.142772 -0.008566
v -0.000035 0.128181 0.005816
v 0.000817 0.039113 0.006770
v 0.000841 0.038968 0.006652
v -0.003756 0.119218 -0.015236
v -0.004190 0.008499 -0.011657
v -0.004016 0.008500 -0.011252
v -0.003886 0.008435 -0.011532
v 0.000552 0.036662 -0.016669
v 0.000607 0.036615 -0.016696
v -0.003953 0.218338 0.007971
v 0.003746 0.080902 0.010628
v -0.002318 0.081375 0.008035
v 0.000453 0.118622 -0.011486
v -0.003745 0.010820 0.010888
v -0.003745 0.010820 0.010888
v -0.000402 0.048635 0.008473
v 0.000552 0.110128 -0.012853
v 0.000471 0.110007 -0.012869
v 0.001746 -0.001332 0.006082
v -0.003314 0.370660 0.097772
v 0.001458 0.345844 -0.035584
v 0.000539 0.348303 -0.032308
v -0.003267 0.360763 -0.041997
v -0.003245 0.384597 -0.083185
v 0.001753 0.048961 0.005649
v -0.001241 0.163573 0.010750
v -0.000122 0.163711 0.012272
v 0.004249 0.132133 -0.020701
v -0.000334 0.133292 -0.023063
v -0.000122 0.196350 -0.000306
v 0.000147 0.196451 -0.001061
v -0.000933 0.010040 0.001830
v -0.002989 0.374834 -0.078340
v 0.001707 0.048905 0.005967
v 0.001199 0.049100 -0.000826
v -0.002878 0.482677 -0.055176
v 0.000337 0.038208 0.010345
v -0.001115 0.038321 0.012024
v -0.002840 0.460868 0.109584
v 0.004886 0.091666 0.011944
v -0.000407 0.092474 0.009678
v -0.002773 0.018122 -0.016251
v -0.002773 0.018122 -0.016251
v -0.001153 0.089129 -0.026082
v -0.000908 0.265196 -0.088974
v -0.001050 0.265282 -0.089201
v 0.000212 0.134043 0.013036
v -0.000933 0.157876 -0.003138
v 0.000659 0.158052 -0.001925
v 0.002182 0.079684 0.004382
v 0.002095 0.079741 0.004379
v 0.000714 0.078807 -0.021665
v -0.000864 0.078828 -0.020433
v 0.005397 0.134163 0.012002
v 0.001005 0.080299 -0.006103
v -0.000559 0.080378 -0.004688
v -0.000370 0.178569 0.009416
v -0.002007 0.195315 0.009700
v -0.001972 0.323830 -0.072553
v 0.002343 0.157255 0.004298
v 0.002437 0.157055 0.004113
v -0.001714 0.209257 -0.044313
v 0.007971 0.195570 -0.036808
v -0.000574 0.090162 0.006295
v -0.001695 0.100277 0.007004
v 0.005784 0.123782 0.012982
v 0.005125 0.123980 0.013617
v -0.001651 0.056942 -0.008757
v -0.001651 0.056942 -0.008757
v -0.001582 0.186972 -0.001155
v -0.001484 0.205941 0.021337
v 0.006156 0.188576 0.026601
v 0.001734 0.002803 0.007466
v 0.002395 0.130160 -0.000415
v -0.001357 0.038429 -0.015679
v -0.001357 0.038429 -0.015679
v -0.001312 0.319857 0.098302
v 0.003026 0.347720 -0.034076
v -0.001264 0.047708 -0.012682
v -0.001264 0.047708 -0.012682
v -0.001264 0.047708 -0.012682
v -0.001244 0.317305 -0.055003
v -0.001221 0.543994 0.125936
v 0.002077 -0.000514 -0.003007
v -0.001136 0.172736 -0.004486
v -0.001136 0.172736 -0.004486
v -0.001120 0.073857 -0.009081
v -0.001120 0.073857 -0.009081
v 0.003211 0.120757 -0.022346
v 0.003275 0.120686 -0.022359
v 0.000864 0.172092 0.020115
v 0.001379 0.171839 0.021304
v 0.002362 0.009210 0.002521
v 0.001151 0.007620 0.004123
v 0.003668 0.091060 0.003546
v 0.003744 0.047111 -0.017241
v 0.002202 -0.000731 0.006420
v 0.000213 0.048217 -0.011814
v 0.004351 0.008476 0.010294
v -0.000011 0.007418 0.015897
v 0.003818 0.046373 0.019031
v 0.001115 0.204321 0.001353
v 0.002358 0.204715 0.002892
v 0.002645 0.049114 -0.006341
v -0.000464 0.319025 0.069524
v 0.007392 0.148908 0.018941
v 0.007442 0.148868 0.016891
v 0.004565 0.011576 0.006511
v -0.000309 0.178557 0.008704
v -0.000309 0.178557 0.008704
v -0.000307 0.083022 -0.011110
v 0.001313 0.074274 0.019558
v 0.007755 0.073694 0.017154
v 0.006661 0.124519 0.000675
v 0.007314 0.124254 0.001342
v 0.003409 0.259368 -0.025136
v 0.000445 0.048192 0.005903
v 0.002108 0.430152 0.102114
v 0.002792 0.428239 0.101157
v 0.000323 0.118479 -0.010980
v 0.000175 0.118688 -0.011176
v 0.000525 0.128114 0.005254
v 0.004394 0.091221 -0.020867
v 0.007717 0.089682 -0.000715
v 0.003030 0.090968 -0.002986
v 0.000280 0.090388 0.005655
v 0.000361 0.142796 -0.008541
v 0.000417 0.460902 0.004723
v 0.002084 0.201348 -0.024258
v 0.003562 0.201668 -0.022749
v 0.003920 0.119963 0.020584
v 0.000528 0.092591 -0.013786
v 0.000528 0.092591 -0.013786
v 0.000535 0.457771 0.125169
v 0.007937 0.130914 -0.001472
v 0.000607 0.036628 -0.016797
v 0.000607 0.036628 -0.016797
v 0.004931 0.080735 0.009488
v 0.005004 0.080834 0.009475
v 0.000719 0.039074 0.006970
v 0.000719 0.039074 0.006970
v 0.003742 0.166205 -0.022976
v 0.002517 0.166333 -0.021426
v 0.005867 0.049899 0.011732
v 0.005339 0.131872 -0.021554
v 0.001909 0.132151 -0.016782
v 0.007920 0.134959 -0.000204
v 0.003594 0.135438 -0.000832
v 0.002792 0.033084 0.018441
v 0.004041 0.032677 0.020167
v 0.004438 -0.000116 -0.009416
v 0.001231 0.464062 0.014563
v 0.005619 0.198418 0.002960
v 0.008302 0.083102 0.016521
v 0.004004 0.083857 0.016261
v 0.001336 0.387572 0.039446
v 0.002436 0.378473 -0.091748
v 0.005728 0.163086 0.009438
v 0.005610 0.163304 0.009450
v 0.004798 0.038915 -0.005808
v 0.003145 0.038680 -0.004272
v 0.002550 0.002072 -0.011315
v 0.006058 0.091636 0.011008
v 0.002202 0.091270 0.016226
v 0.001627 0.481360 -0.022952
v 0.002075 0.133426 0.006435
v 0.001736 0.138072 0.004469
v 0.001743 0.002823 0.007385
v 0.001744 0.101510 -0.022577
v 0.003979 0.091294 -0.020648
v 0.003277 0.049123 -0.008533
v 0.002584 0.048752 0.005075
v 0.001796 0.048933 0.005704
v 0.001824 -0.001334 0.006064
v 0.009337 0.120586 0.019191
v 0.009373 0.120849 -0.000207
v 0.003327 0.120253 -0.002561
v 0.003784 0.011257 0.007114
v 0.001935 0.020383 0.007462
v 0.001959 0.450325 0.124772
v 0.006471 0.038673 0.013461
v 0.006498 0.038480 0.013408
v 0.005347 0.011008 -0.009715
v 0.004614 0.010567 -0.008118
v 0.006639 0.159093 -0.005040
v 0.006713 0.159243 -0.005223
v 0.005107 0.047367 0.013034
v 0.003860 0.001230 0.003959
v 0.006879 0.079752 -0.018480
v 0.006935 0.080007 -0.018507
v 0.002121 0.079711 0.004532
v 0.003664 0.037463 0.000496
v 0.005348 0.037320 0.002047
v 0.009088 0.093306 -0.001330
v 0.006532 0.134176 0.011109
v 0.005683 0.082039 0.023034
v 0.006956 0.079380 -0.002874
v 0.007044 0.079248 -0.002866
v 0.006815 0.006553 -0.004295
v 0.002540 0.436022 0.022738
v 0.006531 0.425847 0.050637
v 0.006955 0.123846 0.012076
v 0.006980 0.123822 0.012017
v 0.002757 0.157175 0.003973
v 0.002757 0.157175 0.003973
v 0.007267 0.089684 0.009202
v 0.004322 0.129506 -0.007095
v 0.004506 0.043793 0.018665
v 0.005526 0.043408 0.014283
v 0.010389 0.110409 0.019297
v 0.009737 0.110539 0.019936
v 0.002770 0.428771 0.101131
v 0.009741 0.112293 0.020228
v 0.010383 0.112128 0.020880
v 0.002969 0.339201 -0.066116
v 0.003162 0.398831 0.124704
v 0.003240 0.120730 -0.022486
v 0.003263 0.059788 0.004241
v 0.010816 0.120440 0.006555
v 0.010139 0.120303 0.007215
v 0.003314 0.348543 -0.033772
v 0.006784 0.173217 0.019882
v 0.006820 0.172234 0.019749
v 0.004929 0.166079 0.001527
v 0.006527 0.166164 0.002648
v 0.006727 0.260607 -0.019230
v 0.005628 0.092902 -0.003689
v 0.010463 0.122308 0.019583
v 0.005897 0.122572 0.019030
v 0.010733 0.083541 0.018241
v 0.003820 0.047057 -0.017231
v 0.003820 0.047057 -0.017231
v 0.004342 0.047031 -0.017396
v 0.008121 0.203176 0.000239
v 0.008541 0.203113 -0.000440
v 0.005539 0.049513 -0.000230
v 0.006924 0.048896 -0.004607
v 0.007345 0.010991 0.006286
v 0.006781 0.010573 0.007724
v 0.005812 0.047722 0.011318
v 0.008693 0.006845 0.004747
v 0.004123 0.002116 0.009310
v 0.005331 0.236216 -0.037479
v 0.008810 0.050653 -0.003031
v 0.004131 0.194675 -0.004811
v 0.004131 0.194675 -0.004811
v 0.008480 0.124357 0.002145
v 0.008471 0.124316 0.002068
v 0.008650 0.148838 0.017774
v 0.008619 0.148863 0.017980
v 0.007452 0.038475 0.012119
v 0.005843 0.038053 0.013339
v 0.008919 0.073832 0.017555
v 0.008859 0.073635 0.017499
v 0.011845 0.131648 0.006868
v 0.006840 0.132255 0.004218
v 0.004376 0.091273 -0.020776
v 0.008855 0.089533 -0.001628
v 0.005514 0.089490 0.003692
v 0.004473 0.430061 0.059909
v 0.004495 0.011452 0.006717
v 0.004495 0.011452 0.006717
v 0.004515 0.008405 0.010262
v 0.004515 0.008405 0.010262
v 0.004957 0.008122 0.011034
v 0.004519 0.060838 0.009074
v 0.005626 0.049726 0.010967
v 0.006338 0.007247 -0.006088
v 0.009057 0.131070 -0.002272
v 0.005832 0.120103 0.013885
v 0.006282 0.072372 0.019421
v 0.012463 0.073214 0.017057
v 0.006265 0.080698 -0.000166
v 0.007822 0.080761 0.001305
v 0.004764 0.440262 0.118783
v 0.012567 0.151865 0.020946
v 0.006376 0.151952 0.018345
v 0.009198 0.200429 -0.025410
v 0.009297 0.200527 -0.025614
v 0.004900 0.311651 -0.026662
v 0.005142 0.080775 0.009521
v 0.009718 0.134769 0.001303
v 0.005426 0.131857 -0.021637
v 0.005880 0.131725 -0.021379
v 0.009560 0.166384 -0.020248
v 0.009682 0.166152 -0.020194
v 0.009620 0.134700 0.001589
v 0.005516 0.198448 0.002689
v 0.005516 0.198448 0.002689
v 0.005728 0.234055 -0.035115
v 0.006461 0.083184 0.022958
v 0.008139 0.330149 -0.025480
v 0.007403 0.330553 -0.024012
v 0.010167 0.082697 0.018096
v 0.006264 0.134233 0.010754
v 0.006420 0.134119 0.010772
v 0.008825 -0.003399 -0.009595
v 0.012776 0.090662 0.005400
v 0.009222 0.038685 0.005055
v 0.007508 0.038771 0.006476
v 0.005967 0.049893 0.011642
v 0.005967 0.049893 0.011642
v 0.006015 0.163144 0.009243
v 0.006015 0.163144 0.009243
v 0.009885 0.032015 0.017535
v 0.009948 0.032532 0.017517
v 0.006028 0.433048 -0.111758
v 0.006166 0.091657 0.010940
v 0.006421 0.091572 0.011508
v 0.010452 0.120735 0.018370
v 0.010542 0.121029 -0.000952
v 0.010591 0.121094 -0.000987
v 0.007935 0.331512 -0.021082
v 0.009362 0.165172 0.003497
v 0.007786 0.165166 0.004976
v 0.011175 0.039691 -0.002437
v 0.011169 0.039751 -0.002531
v 0.009308 0.196999 0.019218
v 0.008064 0.196839 0.020753
v 0.010901 0.093485 0.000278
v 0.006416 0.060688 -0.003902
v 0.008433 0.050636 -0.003087
v 0.006424 0.018246 0.013157
v 0.006577 0.159117 -0.004889
v 0.006577 0.159117 -0.004889
v 0.010407 0.335668 -0.077439
v 0.010404 0.335592 -0.077425
v 0.011837 -0.000960 0.005520
v 0.006656 0.079805 -0.018889
v 0.006656 0.079805 -0.018889
v 0.011325 0.009037 0.012271
v 0.008400 0.352722 -0.080979
v 0.009759 0.351275 -0.080519
v 0.007748 0.083652 0.015957
v 0.006808 0.038600 0.013609
v 0.006808 0.038600 0.013609
v 0.008520 0.411402 0.049020
v 0.011314 0.048711 0.016323
v 0.006883 0.058498 -0.017109
v 0.011760 0.009660 -0.006542
v 0.007456 0.008256 -0.001104
v 0.006912 0.079350 -0.003096
v 0.006912 0.079350 -0.003096
v 0.006943 0.140390 -0.004036
v 0.008685 0.130993 -0.002560
v 0.011611 0.036978 -0.001095
v 0.011655 0.037057 -0.001223
v 0.011512 0.110519 0.018530
v 0.011563 0.110625 0.018501
v 0.008673 0.010704 -0.011586
v 0.011555 0.112173 0.021842
v 0.011538 0.112202 0.021776
v 0.009300 0.089405 0.001954
v 0.007314 0.103021 0.012756
v 0.008711 -0.000191 -0.014348
v 0.010409 0.169037 -0.031825
v 0.009174 0.169048 -0.030324
v 0.010759 0.049785 0.005393
v 0.010572 0.049716 0.006838
v 0.012215 0.042347 0.017104
v 0.011915 0.120329 0.005796
v 0.011974 0.120263 0.005774
v 0.012073 0.042330 0.017102
v 0.011640 0.320444 -0.072581
v 0.011637 0.320455 -0.072584
v 0.012754 0.166727 -0.000659
v 0.012750 0.166987 -0.000772
v 0.012281 0.122220 0.021162
v 0.008016 0.173152 0.018733
v 0.008016 0.173152 0.018733
v 0.008186 0.122901 0.025216
v 0.009851 0.093058 0.001193
v 0.008063 0.104254 0.002554
v 0.012578 0.083467 0.019837
v 0.010142 0.233893 -0.042452
v 0.011311 0.079348 0.005377
v 0.009762 0.079223 0.006652
v 0.008349 0.143520 -0.020120
v 0.008426 0.001899 0.005673
v 0.008426 0.001899 0.005673
v 0.008431 0.266922 -0.026452
v 0.008431 0.266922 -0.026452
v 0.008433 0.390098 -0.056292
v 0.008478 0.203172 -0.000035
v 0.008478 0.203172 -0.000035
v 0.013587 0.008937 0.009426
v 0.009350 0.007813 0.014643
v 0.013391 0.048073 -0.001855
v 0.008627 0.448824 -0.065358
v 0.008656 0.057415 0.017040
v 0.008656 0.057415 0.017040
v 0.012958 0.131498 0.006046
v 0.013326 0.131391 0.006165
v 0.008736 0.073741 0.017828
v 0.013396 0.048028 -0.001550
v 0.010247 0.010279 -0.010094
v 0.011232 0.008700 -0.013831
v 0.010824 0.236214 -0.033561
v 0.008833 -0.000204 -0.003474
v 0.008833 -0.000204 -0.003474
v 0.008834 -0.003436 -0.009659
v 0.014069 0.009969 -0.007532
v 0.009995 0.120787 0.018228
v 0.010159 0.120790 0.018378
v 0.008913 0.050665 -0.003117
v 0.008913 0.050665 -0.003117
v 0.008963 0.089519 -0.001696
v 0.009545 0.089371 -0.001374
v 0.009110 0.006583 0.004786
v 0.009110 0.006583 0.004786
v 0.009110 0.006583 0.004786
v 0.009111 0.131092 -0.002389
v 0.014138 0.038899 0.015647
v 0.014064 0.039182 0.015531
v 0.013779 0.081982 -0.001861
v 0.013696 0.082082 -0.001870
v 0.011801 0.230777 0.027886
v 0.013711 0.073001 0.017894
v 0.013651 0.073018 0.017869
v 0.009278 0.013853 0.011381
v 0.009278 0.013853 0.011381
v 0.012092 0.194695 0.006741
v 0.010908 0.194401 0.008351
v 0.013829 0.151715 0.019941
v 0.013836 0.151774 0.019861
v 0.009491 0.351635 -0.080278
v 0.012790 0.008765 0.006538
v 0.009514 0.200436 -0.025648
v 0.009514 0.200436 -0.025648
v 0.010232 0.134627 0.000972
v 0.012280 0.357336 -0.023741
v 0.011728 0.357465 -0.022462
v 0.011850 0.286589 -0.062688
v 0.012657 0.330001 -0.023667
v 0.012738 0.331268 -0.024104
v 0.010018 0.166265 -0.019970
v 0.010018 0.166265 -0.019970
v 0.010183 0.082665 0.018164
v 0.010538 0.082751 0.017838
v 0.014618 0.091322 0.006975
v 0.012117 0.452833 0.124274
v 0.010548 0.188706 -0.034608
v 0.010560 0.121050 -0.001106
v 0.010637 0.434041 0.024045
v 0.014321 0.332451 -0.023717
v 0.010727 0.032277 0.016918
v 0.010727 0.032277 0.016918
v 0.015822 0.038438 0.008643
v 0.015893 0.038186 0.008629
v 0.015260 0.164620 0.006593
v 0.015272 0.164645 0.006517
v 0.014986 0.196118 0.021961
v 0.015088 0.196382 0.021996
v 0.010907 0.420446 0.048701
v 0.010926 0.381777 0.015674
v 0.010969 0.093496 0.000298
v 0.011156 0.039728 -0.002644
v 0.011156 0.039728 -0.002644
v 0.011181 -0.000406 -0.010119
v 0.011181 -0.000406 -0.010119
v 0.011204 0.262014 -0.072025
v 0.011205 0.282880 -0.004144
v 0.012045 0.083250 0.020672
v 0.011315 0.093501 0.021954
v 0.011408 0.048735 0.016230
v 0.011408 0.048735 0.016230
v 0.011408 0.048735 0.016230
v 0.011479 0.100605 -0.000067
v 0.011546 0.145602 0.000133
v 0.015723 0.171182 -0.029083
v 0.015969 0.171037 -0.028942
v 0.013661 0.008779 0.004414
v 0.011738 0.101436 0.005824
v 0.014278 0.091433 0.007331
v 0.011747 0.230428 -0.011594
v 0.011747 0.230428 -0.011594
v 0.014181 0.001658 0.021855
v 0.011804 0.037026 -0.001185
v 0.011804 0.037026 -0.001185
v 0.016869 0.252303 -0.053152
v 0.011906 -0.000953 0.005493
v 0.016282 0.044231 -0.017355
v 0.011992 0.009561 -0.006531
v 0.011992 0.009561 -0.006531
v 0.012310 0.009445 -0.006099
v 0.016550 0.004492 -0.012028
v 0.012125 0.475799 0.040312
v 0.012129 0.554024 0.081710
v 0.012182 0.092505 0.018450
v 0.015302 0.147467 -0.029595
v 0.013668 0.147330 -0.028107
v 0.017014 0.048630 0.008711
v 0.013246 0.048989 0.013997
v 0.012537 0.122177 0.020865
v 0.012553 0.122244 0.020960
v 0.013470 0.009565 -0.006511
v 0.012337 0.018459 -0.003745
v 0.013122 0.042220 0.016270
v 0.012386 0.042393 0.017046
v 0.012470 0.166803 -0.000280
v 0.012470 0.166803 -0.000280
v 0.012564 0.019690 -0.004121
v 0.012637 0.083469 0.019867
v 0.017351 0.080475 0.008539
v 0.017380 0.080680 0.008500
v 0.014382 0.395732 -0.128052
v 0.014216 0.395666 -0.128017
v 0.016933 0.001458 -0.012803
v 0.020831 0.072838 -0.022602
v 0.014415 0.073276 -0.024900
v 0.017059 0.398926 -0.010321
v 0.013009 0.223598 -0.035840
v 0.013009 0.223598 -0.035840
v 0.013404 0.131497 0.006103
v 0.019473 0.224805 0.022553
v 0.014184 0.007922 -0.006239
v 0.014920 -0.001421 0.009683
v 0.016892 0.120852 -0.023027
v 0.017327 0.411377 0.024654
v 0.016428 0.411030 -0.034003
v 0.014305 0.408479 -0.034174
v 0.014583 0.047839 -0.002659
v 0.013464 0.048081 -0.001830
v 0.013555 0.332353 -0.022857
v 0.017135 0.192931 0.008805
v 0.017288 0.193682 0.008955
v 0.013661 0.082003 -0.001648
v 0.013661 0.082003 -0.001648
v 0.018154 0.226383 0.030250
v 0.013729 0.073009 0.017967
v 0.013803 0.008829 0.009436
v 0.013803 0.008829 0.009436
v 0.013994 0.008878 0.009313
v 0.013814 0.039068 0.015140
v 0.013814 0.039068 0.015140
v 0.017339 0.357100 -0.021438
v 0.017733 0.356736 -0.020864
v 0.013929 0.151729 0.019861
v 0.013974 0.330900 -0.022857
v 0.013974 0.330900 -0.022857
v 0.018981 0.011285 0.009997
v 0.014077 0.053386 0.016105
v 0.017679 -0.003918 0.018470
v 0.014242 0.010128 -0.007594
v 0.014242 0.010128 -0.007594
v 0.015761 0.283457 -0.061922
v 0.015719 0.284999 -0.061392
v 0.014622 0.091369 0.007047
v 0.016163 0.044079 -0.018076
v 0.022398 0.082523 -0.022581
v 0.017533 0.083379 -0.025371
v 0.022364 0.121599 -0.024304
v 0.015158 0.018938 0.012082
v 0.017500 0.271713 0.021656
v 0.015219 0.317147 -0.048237
v 0.024173 0.259970 -0.054301
v 0.018772 0.252346 -0.054035
v 0.015346 0.164618 0.006500
v 0.015346 0.164618 0.006500
v 0.017501 0.401507 0.002117
v 0.018739 0.399078 0.004489
v 0.015404 0.060134 -0.003083
v 0.018951 0.252422 -0.054005
v 0.015467 0.196184 0.022254
v 0.015467 0.196184 0.022254
v 0.015601 0.038333 0.008219
v 0.015601 0.038333 0.008219
v 0.016120 0.416898 -0.098675
v 0.023680 0.112015 -0.023648
v 0.022995 0.112217 -0.023015
v 0.016208 0.171241 -0.028783
v 0.019145 0.034148 -0.019767
v 0.017514 0.034374 -0.018790
v 0.019589 0.407172 -0.032775
v 0.016514 0.004698 -0.011779
v 0.016514 0.004698 -0.011779
v 0.016514 0.004698 -0.011779
v 0.016576 0.020054 0.008734
v 0.018696 0.011173 0.009870
v 0.018552 0.042966 -0.024998
v 0.021315 0.148397 -0.026233
v 0.021448 0.148592 -0.026170
v 0.023334 0.222236 0.028071
v 0.016945 0.001491 -0.012877
v 0.017036 0.392262 -0.155301
v 0.017107 0.048604 0.008616
v 0.017107 0.048604 0.008616
v 0.017580 0.048614 0.008545
v 0.017201 0.080530 0.008208
v 0.017201 0.080530 0.008208
v 0.018885 0.400431 0.004524
v 0.021956 0.072572 -0.023129
v 0.021989 0.072444 -0.023167
v 0.018815 0.120647 -0.029728
v 0.022540 0.001768 0.011356
v 0.017756 -0.004017 0.018541
v 0.018439 0.401816 0.003204
v 0.017902 0.356866 -0.020999
v 0.018518 0.356841 -0.020952
v 0.023456 0.222497 0.018712
v 0.018189 0.226532 0.030134
v 0.018257 0.192856 0.009723
v 0.018257 0.192856 0.009723
v 0.018924 0.407811 -0.033075
v 0.018690 0.408096 -0.033798
v 0.018520 0.419968 0.117152
v 0.018755 0.419239 0.045386
v 0.018788 0.300440 -0.012130
v 0.018928 0.059851 0.009190
v 0.018984 0.011194 0.009779
v 0.018984 0.011194 0.009779
v 0.023475 0.121747 -0.025104
v 0.023348 0.378085 -0.010192
v 0.023542 0.082243 -0.023489
v 0.020052 0.082935 -0.018639
v 0.020460 0.379601 -0.009531
v 0.023332 0.378220 -0.010052
v 0.019257 0.407376 -0.033233
v 0.019272 0.389577 0.050082
v 0.019676 0.513146 0.015570
v 0.024301 0.266433 0.021245
v 0.020989 0.008850 0.018729
v 0.021659 0.007305 0.014857
v 0.020582 0.243228 -0.047387
v 0.024466 0.045405 -0.019905
v 0.020843 0.244974 -0.048719
v 0.023547 0.245426 -0.046813
v 0.024799 0.112128 -0.024364
v 0.024860 0.112256 -0.024383
v 0.020571 0.443385 0.025772
v 0.025073 0.259881 -0.053642
v 0.026560 0.034708 -0.016342
v 0.026819 0.035420 -0.016203
v 0.021211 0.055111 -0.021878
v 0.023968 0.045739 -0.019203
v 0.021223 0.148435 -0.026507
v 0.021223 0.148435 -0.026507
v 0.024228 0.244918 -0.046582
v 0.021500 0.392315 -0.122938
v 0.021543 0.321265 -0.057990
v 0.023042 0.121860 -0.025502
v 0.023165 0.121774 -0.025189
v 0.021693 0.208550 0.018771
v 0.021693 0.208550 0.018771
v 0.021785 0.255984 -0.041226
v 0.021785 0.255984 -0.041226
v 0.021896 0.072508 -0.023364
v 0.021935 0.396194 -0.087888
v 0.022827 0.378541 -0.009583
v 0.023100 0.378501 -0.010245
v 0.023142 0.245665 -0.046900
v 0.022899 0.245411 -0.047714
v 0.026360 0.002014 0.016608
v 0.022599 0.001791 0.011319
v 0.022785 0.013607 -0.013187
v 0.022785 0.013607 -0.013187
v 0.025825 0.260208 -0.054537
v 0.023263 0.391758 0.019443
v 0.023393 0.419751 0.004568
v 0.024290 0.005899 0.022376
v 0.023629 0.082226 -0.023577
v 0.024084 0.082261 -0.023785
v 0.023700 0.255689 -0.059318
v 0.023794 0.321893 -0.116082
v 0.023839 0.430366 0.055279
v 0.024071 0.244825 -0.046852
v 0.024225 0.045541 -0.019619
v 0.024225 0.045541 -0.019619
v 0.024282 0.266608 0.021341
v 0.025427 0.256399 0.030790
v 0.025774 0.092814 -0.023475
v 0.025914 0.034837 -0.017192
v 0.025914 0.034837 -0.017192
v 0.027177 0.399749 -0.130773
v 0.027227 0.399766 -0.130777
v 0.026107 0.426976 0.088327
v 0.026327 0.002357 0.016989
v 0.026327 0.002357 0.016989
v 0.026327 0.002357 0.016989
v 0.026931 0.249911 0.049315
v 0.027325 0.482329 0.079939
v 0.030416 0.336224 -0.042585
v 0.032771 0.186546 0.003459
v 0.030923 0.406879 -0.078615
v 0.030976 0.369022 0.025829
v 0.031451 0.405444 -0.019584
v 0.031759 0.431197 -0.032806
v 0.033398 0.225654 -0.012861
v 0.033885 0.226764 -0.011522
v 0.034861 0.235939 -0.025871
v 0.033793 0.231634 -0.024319
v 0.032259 0.228978 0.021916
v 0.032259 0.228978 0.021916
v 0.035872 0.030547 0.009591
v 0.034442 0.031432 0.011067
v 0.039868 0.211062 -0.005367
v 0.033550 0.249101 -0.121533
v 0.035667 0.210511 -0.008188
v 0.033806 0.212116 -0.007194
v 0.038292 0.236591 -0.023145
v 0.034139 0.010535 0.015682
v 0.034139 0.010535 0.015682
v 0.034819 0.480976 -0.053390
v 0.035026 0.331808 -0.122333
v 0.039521 0.183648 0.006640
v 0.036649 0.040722 0.011529
v 0.037760 0.040579 0.011806
v 0.042352 0.273907 0.004761
v 0.041750 0.274658 0.005102
v 0.042388 0.155253 0.010462
v 0.041786 0.274550 0.004882
v 0.038628 0.225681 -0.012766
v 0.037995 0.226105 -0.013405
v 0.039616 0.452944 -0.032311
v 0.038999 0.455943 -0.032292
v 0.040381 0.336446 -0.059319
v 0.040382 0.336379 -0.059215
v 0.040551 0.327008 -0.048135
v 0.038520 0.328601 -0.049700
v 0.036783 0.464318 -0.025630
v 0.037005 0.235756 -0.023577
v 0.037221 0.235703 -0.024696
v 0.037115 0.265360 -0.107520
v 0.041661 0.210697 -0.006047
v 0.039785 0.406788 -0.136803
v 0.039540 0.345618 -0.072647
v 0.040658 0.343966 -0.071180
v 0.037952 0.235226 -0.023437
v 0.040662 0.307510 -0.031093
v 0.043764 0.305746 -0.028812
v 0.042256 0.029090 0.012856
v 0.042489 0.029210 0.012920
v 0.042969 0.209597 -0.004343
v 0.042978 0.207558 -0.003624
v 0.041081 0.284966 -0.006435
v 0.040843 0.284807 -0.006341
v 0.038865 0.405170 -0.136597
v 0.041343 0.313253 -0.057519
v 0.040483 0.313802 -0.056035
v 0.044729 0.311630 -0.053219
v 0.042134 0.066644 0.004358
v 0.040997 0.066718 0.005833
v 0.044690 0.038572 0.009771
v 0.039318 0.038203 0.004525
v 0.040830 0.172286 0.010856
v 0.039604 0.453727 -0.031996
v 0.039637 0.453573 -0.032579
v 0.039825 0.225516 -0.013794
v 0.039825 0.225516 -0.013794
v 0.039894 0.442368 -0.079935
v 0.045972 0.303674 -0.013311
v 0.046896 0.304103 -0.012776
v 0.039955 0.367090 -0.098268
v 0.040124 0.327724 -0.048405
v 0.040267 0.327230 -0.048710
v 0.047881 0.157014 0.007660
v 0.043688 0.273493 0.003781
v 0.048380 0.157502 0.006983
v 0.043436 0.273276 0.003522
v 0.043535 0.273119 0.003641
v 0.043382 0.329925 -0.025254
v 0.042022 0.326868 -0.021744
v 0.040567 0.344092 -0.071569
v 0.048111 0.075300 0.007372
v 0.043468 0.076028 0.007954
v 0.041108 0.208519 -0.006323
v 0.041108 0.208519 -0.006323
v 0.042216 0.029131 0.012612
v 0.042216 0.029131 0.012612
v 0.045838 0.285737 -0.004395
v 0.042822 0.392984 -0.063957
v 0.045520 0.310651 -0.055364
v 0.045810 0.311140 -0.055421
v 0.043320 0.306373 -0.028934
v 0.043282 0.305930 -0.029662
v 0.042971 0.340038 -0.028267
v 0.044776 0.219454 -0.008806
v 0.045451 0.218816 -0.007813
v 0.046164 0.310867 -0.054836
v 0.044595 0.139492 0.006527
v 0.046196 0.139552 0.007884
v 0.045278 0.111305 0.005782
v 0.045672 0.286170 -0.005097
v 0.050874 0.112072 0.009215
v 0.050781 0.102188 0.011043
v 0.050129 0.102561 0.011639
v 0.045804 0.327107 -0.022999
v 0.047586 0.213795 -0.010084
v 0.043964 0.215855 -0.013312
v 0.047978 0.304019 -0.012430
v 0.047833 0.304240 -0.012416
v 0.047715 0.065329 0.006980
v 0.047853 0.065618 0.007005
v 0.043983 0.366946 -0.100859
v 0.044440 0.169287 0.008626
v 0.048936 0.157382 0.007389
v 0.044598 0.038762 0.009974
v 0.044598 0.038762 0.009974
v 0.045325 0.038813 0.009926
v 0.044744 0.500555 0.038718
v 0.044990 0.240664 -0.035159
v 0.045991 0.074256 0.014450
v 0.045406 0.351092 0.014105
v 0.046403 0.327973 -0.023785
v 0.045649 0.328611 -0.024928
v 0.045651 0.392666 0.049873
v 0.049916 0.074726 0.009008
v 0.045699 0.048125 0.007408
v 0.046134 0.529036 -0.009199
v 0.047411 0.285570 -0.004760
v 0.046172 0.293883 -0.015751
v 0.046328 0.456292 0.019834
v 0.046333 0.310528 -0.054763
v 0.046333 0.310528 -0.054763
v 0.046585 0.327739 -0.023770
v 0.046610 0.522100 -0.019145
v 0.046881 0.286297 -0.004237
v 0.048638 0.359695 -0.092508
v 0.047476 0.112627 0.011792
v 0.047472 0.313361 0.025377
v 0.047783 0.213843 -0.009661
v 0.047523 0.213925 -0.009825
v 0.047523 0.213925 -0.009825
v 0.052112 0.140227 0.004861
v 0.052173 0.140244 0.004708
v 0.052026 0.112000 0.008276
v 0.052016 0.102207 0.009986
v 0.052023 0.102118 0.009923
v 0.048245 0.065375 0.007304
v 0.048245 0.065375 0.007304
v 0.048734 0.157494 0.007034
v 0.049381 0.331311 -0.106623
v 0.050895 0.332196 -0.055187
v 0.052047 0.331435 -0.054303
v 0.049975 0.074690 0.009029
v 0.050066 0.074635 0.009666
v 0.053976 0.476065 -0.035453
v 0.053818 0.475879 -0.035434
v 0.051541 0.084377 0.011203
v 0.051547 0.523730 -0.007627
v 0.051640 0.121487 0.005883
v 0.052063 0.111908 0.007808
v 0.052142 0.111975 0.008224
v 0.052201 0.140220 0.004863
v 0.052201 0.140220 0.004863
v 0.052288 0.351004 -0.010109
v 0.056249 0.327985 -0.056821
v 0.056201 0.327637 -0.057057
v 0.052794 0.268633 -0.102231
v 0.058918 0.329919 -0.050187
v 0.054176 0.333772 -0.050954
v 0.053810 0.216801 0.024710
v 0.054146 0.217290 -0.015684
v 0.055011 0.348814 -0.096329
v 0.055807 0.549966 -0.003752
v 0.059650 0.329283 -0.050494
v 0.055603 0.331259 -0.045287
v 0.056040 0.328083 -0.056499
v 0.056040 0.328083 -0.056499
v 0.058500 0.431217 -0.007072
v 0.062254 0.228527 -0.024764
v 0.060143 0.225726 -0.024804
v 0.059034 0.466402 0.018249
v 0.059550 0.329328 -0.050777
v 0.059550 0.329328 -0.050777
v 0.059865 0.476163 -0.002066
v 0.061807 0.281584 -0.006813
v 0.061851 0.451726 -0.002482
v 0.062191 0.225107 -0.022973
v 0.062061 0.225427 -0.023905
v 0.062075 0.224494 -0.023012
v 0.062276 0.438050 0.002589
v 0.067582 0.345524 -0.061932
v 0.067536 0.341158 -0.061091
v 0.063130 0.320016 -0.085358
v 0.065019 0.310790 -0.041238
v 0.066176 0.430794 -0.016137
v 0.067795 0.342162 -0.060821
v 0.067591 0.341641 -0.061598
v 0.067889 0.380392 -0.040809
v 0.069277 0.362521 -0.099836
v 0.070045 0.310173 -0.064689
v 0.073424 0.497015 -0.036974
v 0.071433 0.340620 -0.065539
v 0.072314 0.343416 -0.046782
v 0.072314 0.343416 -0.046782
v 0.072451 0.289616 -0.059752
v 0.073116 0.495202 -0.036473
v 0.073830 0.212477 -0.042610
v 0.077745 0.235676 -0.029607
v 0.078693 0.238460 -0.030368
v 0.076239 0.344322 -0.033256
v 0.078253 0.236400 -0.029589
v 0.078057 0.236190 -0.030055
v 0.078026 0.257229 -0.072883
v 0.080150 0.199841 -0.022314
v 0.082432 0.202804 -0.062161
v 0.085271 0.304534 -0.052910
v 0.087220 0.240574 -0.034311
v 0.087150 0.240551 -0.034263
v 0.089572 0.368830 -0.076505
v 0.088147 0.396330 -0.004608
v 0.092241 0.365785 -0.048864
v 0.089579 0.365995 -0.075489
v 0.089500 0.366136 -0.076082
v 0.091899 0.362392 -0.048206
v 0.091746 0.361864 -0.048953
v 0.096819 0.246578 -0.041278
v 0.096100 0.245039 -0.040913
v 0.099898 0.272009 -0.040407
vn -0.4466 -0.8944 0.0260
vn -0.7979 0.3707 -0.4753
vn 0.3558 -0.1337 -0.9250
vn 0.4545 0.0289 -0.8903
vn -0.2343 0.0509 0.9708
vn -0.4144 0.1097 0.9034
vn -0.9062 -0.4179 -0.0646
vn -0.4852 0.7957 -0.3625
vn 0.2915 -0.1115 -0.9500
vn 0.4479 -0.0311 -0.8935
vn -0.2474 0.0190 0.9687
vn -0.3571 0.1348 0.9243
vn 0.2145 -0.0601 -0.9749
vn 0.2095 -0.0595 -0.9760
vn 0.2180 -0.0564 -0.9743
vn -0.1864 0.1584 0.9696
vn 0.8239 -0.2757 -0.4952
vn 0.6794 -0.2543 -0.6883
vn -0.2633 0.1732 0.9490
vn 0.6150 -0.0729 0.7852
vn 0.5912 -0.0651 0.8039
vn 0.6124 -0.0718 0.7873
vn 0.5872 -0.0636 0.8069
vn 0.1996 0.0294 -0.9794
vn 0.4028 0.0510 -0.9139
vn 0.2405 0.0337 -0.9701
vn 0.4481 0.0556 -0.8922
vn -0.2055 -0.0655 0.9765
vn -0.3506 -0.0110 0.9365
vn -0.2320 -0.0557 0.9711
vn -0.3787 -0.0001 0.9255
vn 0.3919 -0.6747 -0.6255
vn 0.7421 0.2848 0.6068
vn -0.3636 0.6841 0.6323
vn 0.4162 -0.5240 -0.7431
vn 0.6083 0.3558 0.7095
vn 0.8636 0.3860 -0.3242
vn 0.0392 0.5424 -0.8392
vn -0.3533 0.6425 -0.6800
vn 0.0219 -0.7398 0.6724
vn 0.3141 -0.4154 0.8537
vn -0.6504 -0.6317 0.4219
vn -0.6001 0.7982 0.0526
vn -0.3727 -0.1095 -0.9214
vn -0.2067 -0.0235 -0.9781
vn 0.4471 -0.0150 0.8943
vn 0.3014 0.1137 0.9467
vn -0.4461 -0.1407 -0.8839
vn 0.6191 0.2892 -0.7301
vn 0.4217 0.1455 0.8950
vn 0.5315 -0.1504 -0.8336
vn 0.6229 -0.1314 -0.7712
vn 0.5420 -0.1496 -0.8270
vn 0.6286 -0.1311 -0.7666
vn -0.3600 -0.1427 -0.9220
vn 0.3131 0.1524 -0.9374
vn 0.4040 0.1913 -0.8946
vn -0.4545 -0.1854 -0.8713
vn 0.3456 0.0008 0.9384
vn -0.3840 -0.0205 0.9231
vn -0.4883 -0.0222 0.8724
vn 0.4417 0.0038 0.8972
vn -0.2136 0.4732 -0.8546
vn 0.0536 0.5406 -0.8396
vn 0.4204 -0.3491 0.8375
vn 0.2018 0.4826 -0.8523
vn 0.9797 -0.1668 -0.1109
vn 0.1301 0.3422 -0.9306
vn -0.1109 -0.1682 -0.9795
vn 0.1273 0.1511 0.9803
vn -0.7407 -0.6588 -0.1319
vn -0.5081 0.8591 -0.0609
vn 0.1274 0.2191 -0.9674
vn 0.4851 0.3536 -0.7998
vn -0.2895 -0.1927 0.9376
vn 0.0475 -0.4592 0.8871
vn -0.5465 -0.8168 0.1851
vn -0.5923 0.6396 -0.4901
vn 0.2919 -0.2513 -0.9229
vn 0.4471 -0.1372 -0.8839
vn -0.1530 0.1057 0.9826
vn -0.3435 0.2447 0.9067
vn 0.2064 0.3035 -0.9302
vn 0.2042 0.3042 -0.9305
vn 0.2086 0.3043 -0.9294
vn -0.0579 -0.2771 0.9591
vn 0.7511 -0.2160 -0.6238
vn 0.6279 -0.1015 -0.7717
vn -0.1524 -0.2237 0.9627
vn 0.8315 0.5120 0.2157
vn 0.7969 -0.4170 0.4371
vn 0.2011 -0.0998 -0.9745
vn -0.1764 0.2078 0.9621
vn 0.4284 -0.1845 0.8846
vn 0.5068 0.0427 -0.8610
vn 0.5059 0.0430 -0.8615
vn 0.5077 0.0430 -0.8604
vn 0.5961 0.0379 0.8020
vn 0.5970 0.0380 0.8013
vn 0.5965 0.0380 0.8017
vn -0.4069 -0.3500 -0.8438
vn -0.4042 -0.3572 -0.8421
vn -0.4139 -0.3504 -0.8402
vn 0.4318 0.3703 0.8225
vn 0.7446 0.2280 0.6274
vn 0.7873 0.2002 0.5832
vn 0.4040 0.3787 0.8327
vn 0.3926 -0.0063 -0.9197
vn 0.5246 0.0642 -0.8489
vn 0.1005 -0.4303 -0.8971
vn -0.2158 -0.0716 -0.9738
vn -0.1642 0.1635 0.9728
vn 0.2721 0.3457 0.8980
vn -0.5280 0.0596 -0.8471
vn 0.0704 -0.1393 0.9877
vn -0.3884 0.0880 -0.9173
vn -0.1882 0.2572 -0.9479
vn 0.4101 -0.2840 0.8667
vn 0.1880 -0.1223 0.9745
vn -0.4482 -0.1200 -0.8858
vn -0.4460 -0.1227 -0.8866
vn -0.4510 -0.1216 -0.8842
vn 0.4785 0.1303 0.8684
vn 0.5708 0.0281 0.8206
vn 0.6372 -0.0551 0.7687
vn 0.4547 0.1549 0.8771
vn 0.7037 0.1221 -0.6999
vn 0.6876 0.1191 -0.7162
vn 0.6983 0.1196 -0.7057
vn 0.6832 0.1171 -0.7208
vn 0.6437 0.3196 -0.6954
vn -0.2297 0.1138 -0.9666
vn 0.5369 0.3055 -0.7864
vn -0.2563 0.1055 -0.9608
vn 0.1945 -0.1663 0.9667
vn 0.2029 -0.1650 0.9652
vn 0.1985 -0.1643 0.9662
vn 0.2605 0.6122 -0.7466
vn -0.4856 0.1550 -0.8603
vn 0.4426 -0.2522 0.8606
vn 0.6192 0.0456 0.7839
vn -0.3342 -0.5615 0.7570
vn -0.5450 0.1580 -0.8234
vn -0.3850 0.1186 -0.9153
vn -0.4192 0.1265 -0.8990
vn -0.2663 0.0885 -0.9598
vn 0.3707 -0.2831 0.8846
vn 0.3749 -0.0883 0.9229
vn 0.3745 -0.1352 0.9173
vn 0.3686 0.0544 0.9280
vn 0.0963 -0.3098 -0.9459
vn -0.1887 0.0934 -0.9776
vn -0.2232 0.0046 0.9748
vn 0.2424 0.2367 0.9409
vn 0.2213 0.1365 -0.9656
vn 0.2205 0.1370 -0.9657
vn 0.2220 0.1370 -0.9654
vn -0.0812 -0.1116 0.9904
vn 0.6881 -0.4706 -0.5523
vn 0.5707 -0.3390 -0.7480
vn -0.1735 -0.0327 0.9843
vn 0.6818 0.1201 0.7216
vn 0.6425 0.1380 0.7537
vn 0.6745 0.1255 0.7275
vn 0.6308 0.1448 0.7623
vn -0.4719 0.0343 -0.8810
vn 0.2531 -0.0121 0.9674
vn 0.4529 -0.0449 0.8904
vn -0.1264 -0.4683 -0.8745
vn -0.2170 0.1113 -0.9698
vn -0.1444 0.4134 0.8990
vn 0.6765 0.2057 0.7071
vn 0.0185 -0.4503 -0.8927
vn 0.3917 0.5518 0.7362
vn 0.1366 0.4722 0.8709
vn 0.3177 -0.4073 -0.8563
vn -0.3745 0.4128 0.8303
vn 0.0920 0.4459 -0.8904
vn -0.3083 0.5868 -0.7487
vn -0.0357 -0.6690 0.7424
vn 0.2731 -0.3401 0.8999
vn -0.5373 -0.6666 0.5167
vn -0.6592 0.7516 -0.0244
vn -0.3610 -0.2401 -0.9011
vn -0.2127 -0.1523 -0.9652
vn 0.4501 0.1099 0.8862
vn 0.2989 0.2360 0.9246
vn -0.7324 0.0724 -0.6770
vn 0.6705 0.2250 -0.7069
vn -0.3289 -0.0101 -0.9443
vn 0.6517 0.2183 -0.7264
vn 0.4363 0.0397 0.8989
vn 0.6585 -0.1835 -0.7299
vn 0.6623 -0.1811 -0.7270
vn 0.6556 -0.1857 -0.7319
vn 0.6597 -0.1832 -0.7289
vn -0.3971 -0.0189 -0.9176
vn 0.3587 0.2082 -0.9099
vn 0.4239 0.2195 -0.8787
vn -0.4609 -0.0366 -0.8867
vn 0.4053 -0.0623 0.9120
vn -0.3396 -0.1064 0.9345
vn -0.3922 -0.1121 0.9130
vn 0.4522 -0.0529 0.8903
vn 0.3080 0.1742 -0.9353
vn 0.7950 -0.2153 0.5671
vn 0.8017 -0.2134 0.5583
vn 0.7982 -0.2130 0.5634
vn 0.7051 0.3214 -0.6321
vn -0.1154 -0.3923 0.9126
vn 0.2404 0.1523 -0.9587
vn 0.5085 0.2185 -0.8329
vn -0.2920 -0.3109 0.9045
vn -0.4695 -0.0294 0.8824
vn -0.6140 -0.7798 0.1219
vn -0.6435 0.2886 0.7090
vn 0.1963 -0.3314 -0.9229
vn 0.4611 -0.1188 -0.8794
vn -0.1800 0.1331 0.9746
vn -0.3671 0.2443 0.8975
vn 0.8433 0.4993 0.1990
vn 0.6848 -0.6229 0.3782
vn 0.2094 0.2180 -0.9532
vn -0.2000 -0.1185 0.9726
vn 0.3012 -0.4840 0.8216
vn 0.6550 0.0941 0.7498
vn 0.6214 0.1049 0.7765
vn 0.6504 0.0963 0.7534
vn 0.6139 0.1076 0.7820
vn -0.4724 -0.2154 -0.8547
vn 0.1903 0.2495 0.9495
vn -0.4434 -0.2201 -0.8689
vn -0.1868 -0.2099 -0.9597
vn 0.4487 0.1755 0.8763
vn 0.2166 0.2473 0.9444
vn 0.4924 0.6697 0.5558
vn 0.0661 -0.4193 -0.9055
vn 0.0352 -0.4390 -0.8978
vn 0.4214 0.6527 0.6296
vn -0.0079 0.3970 0.9178
vn -0.0075 0.3973 0.9177
vn 0.7368 -0.0544 -0.6740
vn 0.3077 0.6300 0.7130
vn 0.5578 -0.5246 -0.6432
vn 0.0008 -0.2870 -0.9579
vn -0.4116 0.2511 0.8761
vn -0.2842 0.4007 -0.8710
vn -0.0887 0.2275 -0.9697
vn -0.2165 0.0581 0.9746
vn 0.2599 0.0106 0.9656
vn 0.2674 0.0009 0.9636
vn 0.2659 0.0076 0.9640
vn 0.1940 -0.2189 -0.9563
vn -0.2212 0.0409 -0.9744
vn -0.2552 -0.1062 0.9610
vn 0.1159 0.3442 0.9317
vn 0.6613 0.7155 0.2252
vn 0.6231 -0.6486 0.4371
vn 0.2054 0.0650 -0.9765
vn -0.2156 0.0662 0.9742
vn 0.2288 -0.3737 0.8989
vn 0.5832 0.1458 0.7991
vn 0.5700 0.1473 0.8083
vn 0.5793 0.1479 0.8016
vn 0.5648 0.1495 0.8116
vn 0.2238 -0.1318 -0.9657
vn 0.4117 -0.0187 -0.9111
vn 0.2775 -0.1010 -0.9554
vn 0.4607 0.0127 -0.8875
vn -0.2505 0.0611 0.9662
vn -0.4259 0.0738 0.9018
vn -0.2963 0.0644 0.9529
vn -0.4817 0.0772 0.8729
vn 0.5539 -0.0567 -0.8306
vn 0.5556 -0.0576 -0.8295
vn 0.5532 -0.0586 -0.8310
vn 0.1796 0.5393 0.8227
vn 0.1772 0.5372 0.8246
vn 0.1795 0.5374 0.8240
vn 0.6472 0.2408 -0.7233
vn 0.6025 0.1271 -0.7879
vn -0.7094 -0.7044 -0.0261
vn -0.5561 0.8102 -0.1854
vn 0.1099 0.0909 -0.9898
vn 0.4631 0.2666 -0.8453
vn -0.2693 -0.0800 0.9597
vn 0.0833 -0.3379 0.9375
vn -0.6277 -0.7761 -0.0608
vn -0.7096 0.5566 -0.4321
vn 0.3099 -0.0920 -0.9463
vn 0.4464 0.0529 -0.8933
vn -0.2118 -0.0011 0.9773
vn -0.3816 0.0852 0.9204
vn 0.6012 0.7256 0.3346
vn 0.6116 -0.7008 0.3672
vn 0.2356 0.2035 -0.9503
vn -0.2427 -0.0737 0.9673
vn 0.2261 -0.5099 0.8300
vn 0.5692 0.8214 0.0376
vn 0.7799 -0.3875 0.4916
vn 0.1999 0.0201 -0.9796
vn -0.2209 0.0911 0.9710
vn 0.3159 -0.1922 0.9291
vn -0.4729 -0.7978 0.3739
vn -0.9358 0.3350 0.1100
vn -0.4279 -0.0613 -0.9017
vn -0.2535 0.0580 -0.9656
vn 0.4462 0.0107 0.8949
vn 0.2471 -0.0067 0.9690
vn -0.2118 0.0324 0.9768
vn 0.1496 0.0296 0.9883
vn 0.2010 0.0696 -0.9771
vn -0.1667 -0.1718 -0.9709
vn 0.7164 0.3449 0.6065
vn 0.6655 0.1318 -0.7347
vn 0.6078 0.1030 -0.7874
vn 0.6731 0.3375 0.6581
vn -0.0119 0.3711 -0.9285
vn -0.4796 0.3828 -0.7896
vn 0.1659 -0.5963 0.7854
vn 0.3401 -0.1629 0.9262
vn -0.6506 -0.0650 -0.7567
vn 0.0123 0.0513 0.9986
vn -0.4802 -0.0641 -0.8748
vn -0.1920 0.1471 -0.9703
vn 0.4430 -0.1265 0.8876
vn 0.2091 0.0582 0.9762
vn 0.1423 0.9867 -0.0789
vn 0.8577 -0.2940 0.4219
vn 0.1826 0.1672 -0.9689
vn -0.2529 -0.0557 0.9659
vn 0.3732 -0.2437 0.8952
vn 0.5687 -0.0701 0.8195
vn 0.5630 -0.0680 0.8237
vn 0.5682 -0.0699 0.8199
vn 0.5622 -0.0677 0.8242
vn 0.1989 -0.0657 -0.9778
vn -0.2392 0.0196 0.9708
vn -0.1697 -0.0422 -0.9846
vn -0.1367 -0.0432 -0.9897
vn -0.2069 0.0212 0.9781
vn 0.1719 0.1001 0.9800
vn 0.1827 0.1025 0.9778
vn 0.1769 0.1030 0.9788
vn 0.0363 0.2906 -0.9562
vn -0.4809 0.0628 -0.8745
vn 0.1955 -0.2735 0.9418
vn 0.4024 -0.0806 0.9119
vn 0.3236 -0.0216 -0.9460
vn 0.6370 0.3560 -0.6837
vn -0.3942 -0.0035 0.9190
vn -0.6632 -0.4104 0.6259
vn -0.1327 0.0328 -0.9906
vn -0.1363 0.0322 -0.9901
vn -0.1307 0.0360 -0.9908
vn 0.1227 -0.0576 0.9908
vn -0.8640 -0.5006 -0.0537
vn -0.2597 0.0570 -0.9640
vn 0.1400 -0.0505 0.9889
vn 0.2079 -0.0630 0.9761
vn -0.6956 -0.5651 0.4437
vn -0.6586 0.7524 -0.0146
vn -0.3743 -0.1821 -0.9093
vn -0.2129 -0.0783 -0.9739
vn 0.4399 0.0669 0.8955
vn 0.3019 0.1932 0.9336
vn 0.5026 0.1479 -0.8518
vn 0.6277 0.1971 -0.7531
vn 0.5220 0.1541 -0.8389
vn 0.6355 0.1989 -0.7460
vn 0.5330 -0.1617 -0.8305
vn 0.6230 -0.1403 -0.7695
vn 0.5447 -0.1602 -0.8232
vn 0.6297 -0.1400 -0.7641
vn -0.4849 -0.8714 0.0750
vn -0.4916 0.7943 0.3569
vn -0.4055 0.0698 -0.9114
vn -0.1986 0.1873 -0.9620
vn 0.4537 -0.1300 0.8816
vn 0.2511 -0.1084 0.9619
vn 0.4507 0.8155 -0.3630
vn -0.3258 0.3390 -0.8826
vn 0.4099 -0.3638 0.8365
vn 0.7141 0.5270 -0.4608
vn 0.6060 0.5392 -0.5849
vn 0.7052 0.5287 -0.4724
vn 0.5960 0.5396 -0.5947
vn -0.8305 -0.4624 -0.3107
vn -0.4362 0.8965 -0.0774
vn 0.3261 0.1865 -0.9268
vn 0.4897 0.2426 -0.8375
vn -0.2645 -0.3132 0.9121
vn -0.3862 -0.1578 0.9088
vn 0.2221 -0.0144 -0.9749
vn 0.4078 0.2019 -0.8905
vn -0.2358 -0.1479 0.9605
vn -0.4669 -0.0079 0.8843
vn 0.2933 -0.0811 -0.9526
vn 0.6115 -0.0471 -0.7899
vn 0.3531 -0.0748 -0.9326
vn 0.6392 -0.0417 -0.7679
vn 0.6138 0.0777 0.7856
vn 0.5884 0.0823 0.8044
vn 0.6112 0.0782 0.7876
vn 0.5839 0.0831 0.8075
vn 0.5727 0.2697 -0.7741
vn -0.0311 0.0896 -0.9955
vn 0.4929 0.2490 -0.8337
vn -0.0547 0.0819 -0.9951
vn 0.1987 -0.0795 0.9768
vn 0.2019 -0.0793 0.9762
vn 0.2003 -0.0788 0.9765
vn 0.2944 -0.1351 -0.9461
vn 0.8557 -0.0479 -0.5153
vn -0.3498 0.2276 0.9088
vn 0.0979 -0.5386 -0.8368
vn 0.4724 -0.0755 -0.8781
vn 0.1105 -0.5268 -0.8428
vn 0.4775 -0.0669 -0.8761
vn 0.8540 -0.1306 0.5036
vn -0.6668 -0.6193 -0.4146
vn -0.5929 0.7567 0.2754
vn 0.1211 0.5910 -0.7976
vn 0.4571 0.6796 -0.5738
vn -0.2762 -0.5678 0.7754
vn 0.0796 -0.7560 0.6497
vn -0.4480 -0.7920 0.4148
vn -0.5400 0.8326 0.1230
vn -0.3305 -0.0637 -0.9417
vn -0.1977 0.0044 -0.9803
vn 0.4316 -0.0822 0.8983
vn 0.3022 0.0463 0.9521
vn 0.5753 0.1876 -0.7961
vn 0.6429 0.2063 -0.7376
vn 0.5824 0.1875 -0.7910
vn 0.6450 0.2048 -0.7362
vn 0.6137 -0.1045 -0.7826
vn 0.6477 -0.0947 -0.7560
vn 0.6181 -0.1038 -0.7792
vn 0.6503 -0.0944 -0.7538
vn 0.6098 0.7567 0.2357
vn -0.2215 -0.0092 0.9751
vn 0.1871 -0.8908 0.4141
vn -0.4454 -0.0328 0.8947
vn 0.1999 0.0412 -0.9789
vn 0.4111 -0.0047 -0.9116
vn -0.1741 0.0218 0.9845
vn -0.2106 0.0156 0.9774
vn -0.4002 0.0084 0.9164
vn -0.4383 0.0020 0.8988
vn -0.0317 0.1082 -0.9936
vn 0.0378 0.0792 -0.9961
vn 0.3592 -0.0401 -0.9324
vn 0.4110 -0.0657 -0.9093
vn 0.6867 0.0155 -0.7268
vn -0.1622 -0.7371 -0.6560
vn 0.1040 0.7303 0.6752
vn 0.1431 0.2885 -0.9467
vn -0.1841 -0.2705 0.9450
vn 0.1134 -0.4095 -0.9052
vn -0.2054 -0.0446 -0.9777
vn -0.1734 0.1292 0.9763
vn 0.2615 0.3369 0.9045
vn 0.1785 -0.0949 -0.9793
vn 0.1797 -0.0969 -0.9789
vn 0.1763 -0.0953 -0.9797
vn -0.4697 -0.0796 0.8792
vn -0.3519 0.3308 -0.8756
vn -0.1190 0.2777 -0.9533
vn -0.2450 -0.1665 0.9551
vn 0.2014 -0.0102 0.9795
vn 0.1989 -0.0099 0.9800
vn 0.2000 -0.0114 0.9797
vn 0.2152 -0.1252 -0.9685
vn 0.6662 -0.3064 -0.6799
vn -0.2664 0.2346 0.9349
vn 0.6975 0.6679 0.2597
vn 0.6052 -0.6338 0.4817
vn 0.2229 0.1331 -0.9657
vn -0.2226 -0.0290 0.9745
vn 0.2480 -0.4376 0.8643
vn 0.1871 -0.1501 -0.9708
vn 0.1891 -0.1586 -0.9691
vn 0.1787 -0.1523 -0.9721
vn -0.2060 0.0748 0.9757
vn -0.2136 -0.0801 -0.9736
vn -0.1696 -0.0815 -0.9821
vn -0.1671 0.0774 0.9829
vn 0.2021 0.1625 0.9658
vn 0.1921 0.1562 0.9689
vn 0.2000 0.1549 0.9675
vn 0.2571 0.0559 -0.9648
vn 0.1052 -0.4433 0.8902
vn 0.2478 0.0673 -0.9665
vn -0.1772 -0.1297 0.9756
vn 0.0480 -0.3887 0.9201
vn -0.2943 -0.0032 -0.9557
vn 0.7051 -0.1450 0.6942
vn 0.2220 -0.0332 0.9745
vn 0.6833 0.1004 -0.7232
vn -0.7988 -0.1059 -0.5923
vn -0.1812 -0.0073 -0.9834
vn 0.6600 0.1139 -0.7426
vn 0.4443 -0.0015 -0.8959
vn -0.9510 -0.1352 -0.2782
vn 0.1644 0.0960 0.9817
vn -0.3704 0.1703 0.9131
vn -0.4648 0.1781 0.8673
vn 0.2896 0.0735 0.9543
vn 0.2635 0.0066 -0.9646
vn -0.9793 0.1918 0.0643
vn -0.5128 0.0551 0.8567
vn 0.3314 -0.0547 -0.9419
vn 0.4343 -0.0065 -0.9008
vn -0.1002 0.1785 0.9788
vn -0.4275 0.0768 0.9008
vn 0.7830 0.0057 0.6220
vn 0.6663 0.0992 -0.7390
vn 0.6669 0.1051 -0.7377
vn 0.6679 0.1018 -0.7372
vn -0.9092 0.1042 -0.4031
vn -0.5973 0.1461 -0.7886
vn 0.7468 0.0617 -0.6622
vn -0.9583 0.0872 -0.2722
vn 0.2559 0.0683 0.9643
vn 0.5246 0.0156 0.8512
vn 0.5688 0.0052 0.8225
vn 0.2407 0.0711 0.9680
vn -0.7958 -0.6056 -0.0056
vn -0.4868 0.0564 0.8717
vn 0.2712 -0.0419 -0.9616
vn 0.4473 -0.0155 -0.8942
vn -0.2870 0.0044 0.9579
vn -0.4388 0.0483 0.8973
vn 0.2276 0.2458 -0.9422
vn 0.9799 -0.1245 -0.1561
vn -0.4497 0.4789 -0.7540
vn -0.1389 -0.5304 0.8363
vn -0.8256 -0.0306 0.5634
vn 0.0894 -0.5671 0.8188
vn 0.3747 -0.0513 -0.9257
vn 0.7119 -0.4511 0.5383
vn 0.5599 -0.4023 -0.7243
vn -0.6781 0.0502 -0.7333
vn -0.5608 0.5277 0.6380
vn 0.7258 -0.0911 0.6819
vn 0.4066 0.2609 0.8755
vn 0.2412 -0.7143 -0.6570
vn 0.2258 -0.7192 -0.6571
vn -0.3723 0.6826 0.6289
vn 0.4509 0.7189 0.5289
vn 0.1377 0.7805 0.6098
vn 0.2609 -0.6180 -0.7416
vn 0.1316 0.6851 0.7165
vn 0.5673 0.6947 0.4422
vn 0.1642 -0.4181 -0.8934
vn 0.3796 -0.3601 -0.8522
vn 0.1311 0.4457 0.8855
vn 0.1125 0.2975 -0.9481
vn -0.3188 0.0882 -0.9437
vn 0.4134 -0.0510 0.9091
vn 0.2030 -0.1414 0.9689
vn 0.9939 0.1103 0.0024
vn 0.5830 -0.0303 0.8119
vn 0.9521 0.2407 0.1886
vn -0.7223 -0.4594 -0.5170
vn 0.2929 0.2974 -0.9087
vn -0.2503 -0.1150 0.9613
vn 0.2073 0.3371 -0.9184
vn 0.8039 0.5348 -0.2604
vn 0.4047 0.1080 0.9080
vn 0.4959 -0.2682 0.8259
vn 0.7348 0.1791 -0.6543
vn -0.9596 -0.0550 -0.2758
vn -0.1591 0.3814 -0.9106
vn 0.1815 -0.1292 0.9749
vn 0.1938 -0.1310 0.9723
vn 0.2501 0.0285 -0.9678
vn -0.5199 -0.1318 0.8440
vn -0.3202 0.1272 -0.9388
vn -0.2392 0.1294 -0.9623
vn -0.4378 -0.1332 0.8891
vn 0.6164 -0.0025 0.7874
vn 0.2243 0.0021 0.9745
vn 0.4045 0.0041 0.9145
vn 0.1962 0.0013 0.9806
vn 0.4259 -0.0741 0.9017
vn 0.7545 0.0529 -0.6542
vn -0.9949 0.0837 -0.0565
vn 0.5611 0.1183 -0.8193
vn -0.9551 0.0721 -0.2875
vn 0.6309 0.0858 -0.7711
vn -0.0433 0.0893 0.9951
vn 0.2538 -0.0690 -0.9648
vn -0.4780 -0.0458 0.8771
vn -0.3566 0.0864 -0.9302
vn -0.2746 0.0857 -0.9577
vn -0.3781 -0.0547 0.9242
vn 0.6507 -0.0136 0.7592
vn 0.2466 0.0348 0.9685
vn 0.3726 0.0222 0.9277
vn 0.2296 0.0363 0.9726
vn 0.5244 0.1724 -0.8339
vn 0.5241 0.1647 -0.8356
vn 0.5214 0.1691 -0.8364
vn -0.5503 -0.4100 0.7274
vn -0.4645 -0.3562 0.8108
vn -0.2462 -0.1183 -0.9620
vn -0.0563 0.0133 -0.9983
vn -0.2011 -0.1125 0.9731
vn -0.1837 -0.1104 0.9768
vn -0.1941 -0.1179 0.9739
vn 0.7293 0.4365 0.5268
vn 0.3363 0.3148 -0.8876
vn 0.3038 0.2704 -0.9136
vn -0.1594 -0.1945 -0.9679
vn -0.2364 -0.1552 0.9592
vn -0.2349 -0.1538 0.9598
vn -0.5375 0.1152 -0.8353
vn -0.2714 0.3025 -0.9137
vn 0.3683 0.5787 -0.7277
vn 0.0572 0.4481 -0.8922
vn -0.5789 0.0766 -0.8118
vn 0.5290 -0.1285 0.8388
vn 0.2751 -0.2502 0.9283
vn 0.8538 0.5112 0.0987
vn 0.8554 0.5178 0.0111
vn 0.1528 0.2028 -0.9672
vn 0.2213 0.0241 0.9749
vn 0.2523 0.2838 0.9251
vn 0.1288 0.7013 -0.7011
vn 0.4116 0.9109 -0.0287
vn -0.0567 0.3049 -0.9507
vn 0.1565 0.7465 -0.6467
vn 0.2020 -0.0059 0.9794
vn 0.4220 0.6149 -0.6662
vn 0.5656 0.8247 0.0010
vn 0.1764 0.1286 -0.9759
vn 0.4318 0.6359 -0.6397
vn 0.0098 0.1412 0.9899
vn 0.7896 0.1822 -0.5859
vn -0.0402 -0.6875 -0.7251
vn -0.0398 -0.6874 -0.7252
vn -0.0400 -0.6875 -0.7251
vn 0.0530 0.6963 0.7158
vn 0.6018 0.3936 -0.6949
vn 0.4454 0.5123 -0.7342
vn 0.4523 0.5499 -0.7021
vn 0.2088 0.3155 -0.9257
vn -0.9463 0.2378 0.2191
vn -0.4345 -0.0572 0.8989
vn 0.4446 0.0558 -0.8940
vn 0.4479 0.0569 -0.8923
vn -0.1431 0.0524 0.9883
vn -0.4038 -0.0339 0.9142
vn 0.7251 -0.1135 0.6792
vn 0.7469 -0.1213 -0.6538
vn 0.7486 -0.1160 -0.6528
vn 0.7486 -0.1191 -0.6522
vn 0.2252 0.2050 0.9525
vn -0.8247 0.0225 -0.5651
vn -0.3337 0.0664 -0.9403
vn 0.4446 0.0851 -0.8917
vn 0.4216 0.0778 -0.9034
vn -0.9707 -0.0081 -0.2400
vn 0.2824 0.0177 0.9591
vn -0.2379 0.1339 0.9620
vn -0.3621 0.1569 0.9188
vn 0.5451 -0.0498 0.8369
vn 0.5173 -0.3243 0.7920
vn -0.3997 0.1101 -0.9100
vn 0.0354 0.1227 -0.9918
vn 0.9234 0.0577 -0.3794
vn -0.5283 0.1008 -0.8431
vn -0.0151 0.0357 0.9993
vn 0.6440 -0.1077 0.7574
vn 0.7268 -0.1359 0.6733
vn -0.1493 0.0714 0.9862
vn 0.3844 -0.2953 -0.8746
vn 0.3862 -0.2918 -0.8750
vn 0.3864 -0.2940 -0.8742
vn -0.0202 -0.0702 -0.9973
vn -0.4483 0.0170 0.8937
vn -0.2999 -0.0183 -0.9538
vn -0.2253 -0.0216 -0.9741
vn -0.3577 0.0207 0.9336
vn 0.9963 -0.0361 0.0778
vn 0.2541 0.1259 0.9589
vn 0.6273 0.0843 0.7742
vn 0.2104 0.1286 0.9691
vn 0.6859 0.1377 0.7145
vn -0.2341 -0.0573 -0.9705
vn -0.2521 -0.0626 -0.9657
vn 0.6372 0.1299 0.7597
vn 0.2110 0.0264 0.9771
vn 0.2068 0.0233 0.9781
vn 0.2103 0.0228 0.9774
vn -0.3998 -0.1106 -0.9099
vn 0.2878 0.1873 -0.9392
vn 0.4080 0.2353 -0.8821
vn -0.4582 -0.1380 -0.8781
vn -0.3521 -0.1096 0.9295
vn 0.4364 0.0261 0.8994
vn 0.2126 -0.1087 -0.9711
vn -0.1355 -0.1470 -0.9798
vn -0.2405 0.0729 0.9679
vn 0.1662 0.1881 0.9680
vn 0.7047 0.4596 0.5406
vn 0.2118 -0.5599 -0.8011
vn 0.1511 -0.5736 -0.8051
vn -0.9423 0.1650 0.2913
vn 0.4595 0.5933 0.6610
vn 0.2361 0.6434 0.7282
vn 0.2364 0.6433 0.7282
vn 0.1633 -0.5843 -0.7950
vn 0.2624 0.5309 0.8058
vn 0.4546 0.3159 -0.8328
vn 0.8297 0.5496 0.0972
vn 0.1713 0.0958 -0.9805
vn 0.5010 0.3505 -0.7913
vn 0.1452 0.1113 0.9831
vn 0.7807 0.6096 0.1376
vn 0.7843 0.6203 0.0022
vn 0.1266 0.1960 -0.9724
vn 0.1853 0.0508 0.9814
vn -0.0081 -0.0439 -0.9990
vn -0.0117 -0.0450 -0.9989
vn -0.0102 -0.0438 -0.9990
vn -0.0891 0.4618 -0.8825
vn 0.5480 -0.3202 0.7728
vn 0.5481 -0.3204 0.7726
vn 0.5476 -0.3203 0.7730
vn 0.5382 -0.3886 0.7479
vn -0.4400 -0.5126 0.7373
vn 0.4692 0.4019 0.7863
vn -0.6037 -0.6519 0.4589
vn 0.4810 0.4158 0.7718
vn 0.7904 0.4340 0.4322
vn 0.7904 0.4347 0.4316
vn 0.7904 0.4335 0.4329
vn 0.1627 0.4215 -0.8921
vn 0.1765 0.4187 -0.8908
vn 0.1695 0.4188 -0.8921
vn 0.7247 -0.3275 -0.6062
vn 0.3027 0.2533 0.9188
vn 0.2851 0.0489 -0.9572
vn -0.9739 0.0557 0.2201
vn -0.3048 0.9522 0.0193
vn -0.9183 0.0777 -0.3882
vn -0.1324 0.1534 -0.9792
vn 0.5323 -0.0609 0.8444
vn 0.2719 0.0492 0.9611
vn 0.6043 0.3302 -0.7251
vn 0.6071 0.3370 -0.7196
vn 0.6074 0.3322 -0.7216
vn 0.4869 -0.3243 0.8110
vn 0.8616 -0.0009 -0.5076
vn -0.9911 0.0138 0.1325
vn -0.3816 0.8906 0.2476
vn -0.8940 0.0569 -0.4444
vn -0.1124 0.3013 -0.9469
vn -0.0601 0.0210 0.9980
vn 0.1478 -0.0339 0.9884
vn 0.3894 -0.2792 -0.8777
vn 0.3893 -0.2799 -0.8776
vn 0.3892 -0.2794 -0.8778
vn -0.0278 0.0532 -0.9982
vn -0.3806 0.0964 0.9197
vn 0.7746 -0.1579 -0.6124
vn 0.6841 -0.1608 -0.7115
vn -0.2968 0.1116 0.9484
vn 0.6281 0.1027 0.7714
vn 0.7264 0.0749 -0.6831
vn -0.6502 -0.1488 0.7451
vn -0.5694 0.7867 0.2386
vn -0.8906 0.0263 -0.4540
vn -0.1940 0.3004 -0.9339
vn 0.3888 -0.1031 0.9155
vn 0.2285 -0.0639 0.9715
vn -0.2591 -0.1741 -0.9500
vn -0.5507 -0.1579 -0.8197
vn 0.6340 -0.1304 -0.7622
vn -0.5197 0.0512 -0.8528
vn 0.2257 0.0031 0.9742
vn -0.4703 0.0417 -0.8815
vn -0.9664 -0.0578 -0.2503
vn 0.4197 -0.0874 0.9035
vn 0.2809 -0.0067 0.9597
vn 0.7698 0.4055 -0.4929
vn 0.1642 -0.2325 0.9586
vn -0.0311 0.4857 -0.8736
vn -0.9501 -0.2762 -0.1446
vn 0.4883 0.5612 -0.6683
vn -0.9376 -0.2118 -0.2757
vn 0.4717 0.5579 -0.6828
vn 0.5583 -0.1603 0.8140
vn 0.4984 -0.1007 0.8611
vn -0.4806 0.3235 -0.8151
vn 0.4429 -0.1766 0.8790
vn 0.1942 0.7933 -0.5771
vn -0.2530 0.4721 -0.8444
vn -0.7758 -0.5976 -0.2024
vn 0.5942 -0.0270 0.8039
vn 0.4765 -0.1650 0.8635
vn 0.7453 0.6582 0.1061
vn 0.7082 0.7053 0.0301
vn -0.2362 0.5897 -0.7723
vn 0.5379 -0.2949 0.7898
vn 0.4956 0.0637 0.8662
vn -0.1293 0.3123 -0.9411
vn 0.2961 -0.0324 0.9546
vn 0.2934 -0.0382 0.9552
vn -0.1443 0.3954 -0.9071
vn -0.0026 -0.4771 0.8789
vn 0.4273 -0.1733 0.8873
vn 0.6662 -0.3735 -0.6456
vn -0.4055 0.4071 -0.8184
vn -0.4078 0.4099 -0.8159
vn -0.5070 0.4902 -0.7090
vn 0.2089 -0.2452 0.9467
vn -0.6716 0.6065 -0.4256
vn 0.4072 -0.4133 0.8145
vn 0.0596 -0.4299 -0.9009
vn -0.7098 0.2766 -0.6478
vn -0.7097 0.2763 -0.6481
vn -0.7097 0.2765 -0.6479
vn 0.7100 -0.2762 0.6478
vn -0.4624 0.8027 -0.3766
vn 0.4624 -0.8027 0.3766
vn -0.9575 0.2309 -0.1727
vn 0.9575 -0.2309 0.1727
vn 0.1356 -0.2814 -0.9500
vn 0.6344 -0.5137 0.5777
vn 0.1399 -0.2994 -0.9438
vn 0.3547 -0.3002 -0.8855
vn -0.6628 0.6592 0.3552
vn -0.3426 0.4019 0.8492
vn 0.6016 -0.1435 0.7858
vn 0.7094 -0.2600 -0.6551
vn 0.7070 -0.2675 -0.6547
vn 0.7062 -0.2632 -0.6573
vn -0.7891 0.0747 -0.6097
vn -0.3023 0.0232 -0.9529
vn 0.4777 -0.0524 -0.8769
vn 0.4217 -0.0677 -0.9042
vn -0.9668 0.0943 -0.2377
vn 0.1775 0.1191 0.9769
vn -0.2511 0.2822 0.9259
vn -0.3431 0.3108 0.8864
vn 0.2588 0.0836 0.9623
vn 0.1969 0.1843 -0.9630
vn -0.9335 0.3106 0.1790
vn 0.7566 -0.2812 0.5903
vn 0.3668 0.0073 -0.9303
vn -0.1085 0.1799 0.9777
vn 0.5361 -0.2020 0.8196
vn 0.7622 -0.0614 0.6444
vn 0.3448 -0.2077 -0.9154
vn 0.3457 -0.2056 -0.9155
vn 0.3459 -0.2070 -0.9152
vn 0.1068 -0.0568 -0.9927
vn -0.9866 -0.0293 0.1607
vn -0.3557 0.0172 -0.9345
vn -0.2182 0.0205 -0.9757
vn -0.9364 -0.0319 0.3494
vn 0.6606 0.0745 0.7471
vn 0.2585 0.1941 0.9463
vn 0.5986 0.0967 0.7952
vn 0.1899 0.2084 0.9594
vn 0.4615 0.0485 0.8858
vn 0.8823 0.4667 -0.0615
vn -0.3864 -0.3129 -0.8676
vn -0.3954 0.0832 0.9147
vn -0.0150 0.1319 0.9911
vn 0.0427 -0.4409 -0.8965
vn 0.1506 -0.4245 -0.8928
vn -0.2415 0.4053 0.8817
vn -0.3742 0.4416 0.8155
vn 0.6688 -0.0223 0.7431
vn 0.1641 -0.7812 -0.6023
vn -0.4210 -0.4147 -0.8067
vn -0.6448 0.7321 -0.2198
vn 0.6767 0.0812 0.7318
vn 0.6518 0.1644 0.7403
vn 0.2395 -0.6600 -0.7121
vn -0.1422 -0.3236 -0.9355
vn 0.2459 0.0644 0.9672
vn 0.6278 -0.1105 0.7705
vn 0.5818 -0.5610 -0.5889
vn -0.3621 -0.7740 -0.5195
vn 0.3746 0.7204 0.5837
vn -0.1762 0.8347 0.5217
vn 0.5899 -0.5344 -0.6053
vn 0.6281 -0.4820 -0.6109
vn -0.6585 0.4559 0.5988
vn -0.4148 0.7422 0.5263
vn -0.0843 -0.3346 -0.9386
vn -0.0856 -0.3353 -0.9382
vn -0.2416 0.1881 0.9520
vn -0.0369 -0.2805 -0.9591
vn -0.2026 0.2735 0.9403
vn 0.4382 -0.1332 -0.8890
vn 0.1689 0.8976 0.4071
vn 0.1700 0.8961 0.4101
vn 0.1732 0.8961 0.4086
vn 0.3237 0.6097 -0.7235
vn 0.4747 -0.2025 0.8565
vn 0.7192 0.1406 -0.6804
vn -0.9784 -0.1092 0.1753
vn -0.4846 0.8356 0.2586
vn -0.9082 -0.0224 -0.4179
vn -0.1407 0.3010 -0.9432
vn 0.1589 -0.0401 0.9865
vn 0.1883 -0.0451 0.9811
vn 0.2747 0.0100 -0.9615
vn -0.4852 -0.1047 0.8681
vn -0.2748 0.1143 -0.9547
vn -0.1906 0.1156 -0.9748
vn -0.4031 -0.1081 0.9088
vn 0.8625 -0.0072 0.5060
vn 0.2392 0.0182 0.9708
vn 0.5361 0.0113 0.8441
vn 0.1914 0.0184 0.9813
vn 0.4847 -0.1869 0.8545
vn 0.7194 0.0353 -0.6937
vn -0.9910 0.1337 -0.0001
vn 0.6611 0.0842 -0.7455
vn -0.9476 0.1035 -0.3023
vn 0.7053 0.0397 -0.7078
vn -0.1639 0.1237 0.9787
vn 0.2560 -0.0876 -0.9627
vn -0.4635 -0.0054 0.8861
vn -0.2733 0.0282 -0.9615
vn -0.2012 0.0275 -0.9792
vn -0.3798 -0.0097 0.9250
vn 0.8799 -0.0211 0.4746
vn 0.2326 0.0785 0.9694
vn 0.4885 0.0499 0.8711
vn 0.1972 0.0817 0.9770
vn 0.1494 0.4318 -0.8895
vn 0.5946 0.4018 -0.6965
vn -0.0485 -0.5662 0.8229
vn -0.9559 -0.1100 0.2723
vn -0.2341 -0.2358 0.9432
vn -0.9515 -0.0745 0.2986
vn 0.5328 -0.4490 0.7173
vn 0.1621 0.2693 -0.9493
vn 0.3387 0.2190 -0.9150
vn 0.5221 0.1912 -0.8312
vn 0.5151 0.1913 -0.8355
vn 0.8411 -0.1110 0.5294
vn -0.8908 0.0904 0.4453
vn -0.0481 0.0357 -0.9982
vn 0.1127 0.0176 -0.9935
vn -0.1372 -0.0147 0.9904
vn 0.2118 0.0002 0.9773
vn -0.2201 -0.0870 -0.9716
vn 0.2023 0.1769 0.9632
vn 0.3009 -0.0448 -0.9526
vn 0.1521 -0.0751 -0.9855
vn -0.9923 -0.0642 0.1059
vn 0.4461 0.1607 0.8804
vn 0.2365 0.1697 0.9567
vn 0.0685 0.3305 -0.9413
vn -0.4635 0.0404 -0.8852
vn 0.4686 -0.0419 0.8824
vn 0.3158 -0.1222 0.9409
vn 0.1161 0.3463 -0.9309
vn 0.2244 -0.3592 0.9059
vn 0.1602 -0.3635 0.9177
vn 0.2414 0.2305 -0.9426
vn -0.9501 0.2742 0.1485
vn -0.4632 0.0040 0.8862
vn 0.4224 0.0011 -0.9064
vn 0.4498 0.0113 -0.8931
vn -0.1004 0.0990 0.9900
vn -0.4186 0.0270 0.9078
vn 0.7032 -0.0909 0.7052
vn 0.7252 -0.0678 -0.6852
vn 0.7275 -0.0580 -0.6837
vn 0.7285 -0.0637 -0.6821
vn -0.8872 0.1526 -0.4354
vn -0.6128 0.1721 -0.7713
vn 0.4314 0.0862 -0.8980
vn -0.9521 0.1357 -0.2740
vn 0.3359 0.0481 0.9407
vn 0.6430 -0.0370 0.7649
vn 0.6883 -0.0518 0.7236
vn 0.3197 0.0523 0.9461
vn 0.1992 0.1329 -0.9709
vn 0.2036 0.1387 -0.9692
vn 0.2030 0.1345 -0.9699
vn -0.9582 0.2242 0.1775
vn 0.7170 -0.2119 0.6640
vn 0.3291 0.0345 -0.9437
vn -0.1477 0.1463 0.9781
vn 0.5187 -0.1596 0.8399
vn 0.7461 -0.0241 0.6654
vn 0.7238 -0.0173 -0.6898
vn 0.7203 -0.0215 -0.6933
vn 0.7175 -0.0119 -0.6964
vn -0.6940 -0.0102 0.7199
vn -0.4734 0.8696 0.1403
vn -0.9146 -0.0432 -0.4020
vn -0.1755 0.1205 -0.9771
vn 0.3415 0.0542 0.9383
vn 0.2251 0.0817 0.9709
vn -0.5130 -0.3839 -0.7678
vn -0.8669 0.2405 0.4365
vn 0.4717 0.2957 0.8307
vn 0.4826 0.2894 0.8266
vn 0.1340 -0.3881 -0.9118
vn 0.2769 -0.3406 -0.8985
vn 0.8690 0.2523 0.4257
vn 0.3361 -0.3741 -0.8644
vn -0.8585 -0.0992 0.5031
vn 0.5636 0.6304 0.5339
vn 0.2997 0.6820 0.6671
vn 0.6497 0.2839 -0.7052
vn -0.2572 -0.1225 -0.9586
vn 0.4061 0.1972 -0.8923
vn -0.6899 -0.3013 -0.6582
vn 0.2184 0.1131 -0.9693
vn -0.8803 -0.3954 -0.2624
vn 0.2201 0.1928 0.9562
vn 0.1561 0.1720 0.9726
vn 0.6969 -0.1088 -0.7089
vn 0.9844 0.1552 0.0834
vn 0.3011 -0.2565 -0.9185
vn 0.7136 -0.0979 -0.6936
vn 0.1062 0.3160 0.9428
vn 0.2969 0.3406 0.8921
vn 0.2972 0.3409 0.8919
vn 0.2970 0.3407 0.8920
vn 0.7384 -0.0014 -0.6744
vn 0.3144 -0.6204 -0.7185
vn -0.1674 0.6495 0.7417
vn 0.2650 -0.7640 -0.5883
vn -0.2637 -0.7809 -0.5663
vn 0.0652 0.8249 0.5614
vn 0.1475 0.8090 0.5690
vn 0.1427 -0.7614 -0.6324
vn -0.2271 0.0406 -0.9730
vn -0.2546 0.7586 0.5997
vn 0.5318 -0.7523 0.3888
vn 0.5057 -0.1804 0.8437
vn -0.0469 -0.9677 -0.2478
vn -0.0470 -0.9677 -0.2476
vn -0.0469 -0.9677 -0.2477
vn 0.7372 0.6338 0.2340
vn 0.9870 0.1191 -0.1078
vn 0.0154 -0.9207 -0.3900
vn -0.3719 0.8532 0.3657
vn -0.7735 0.5606 0.2956
vn 0.1664 -0.2671 -0.9492
vn 0.7219 -0.4214 0.5488
vn 0.1689 -0.2734 -0.9470
vn 0.3663 -0.2243 -0.9030
vn -0.7889 0.4995 0.3580
vn -0.4165 0.3273 0.8482
vn 0.6266 0.0044 0.7793
vn 0.6748 0.0349 -0.7371
vn 0.6756 0.0461 -0.7358
vn 0.6778 0.0402 -0.7341
vn 0.7780 -0.0090 -0.6281
vn -0.9497 0.0964 -0.2979
vn 0.4401 0.0938 0.8930
vn 0.2017 0.1566 0.9668
vn 0.2763 -0.0452 -0.9600
vn 0.2744 -0.0488 -0.9604
vn 0.2740 -0.0463 -0.9606
vn -0.9659 0.2533 0.0543
vn 0.6575 -0.1851 0.7303
vn 0.2090 0.0140 -0.9778
vn -0.0988 0.2026 0.9743
vn 0.4553 -0.1144 0.8829
vn 0.7868 -0.0069 0.6172
vn -0.2810 -0.0323 -0.9592
vn -0.3576 -0.0422 -0.9329
vn 0.6903 0.0940 -0.7174
vn 0.4627 -0.0018 -0.8865
vn -0.9548 -0.1237 -0.2702
vn 0.1901 0.0828 0.9783
vn -0.3958 0.1686 0.9027
vn -0.5011 0.1790 0.8467
vn 0.3175 0.0591 0.9464
vn 0.1546 -0.1831 -0.9709
vn -0.2385 0.1483 0.9597
vn 0.0125 0.3090 0.9510
vn 0.6193 -0.0013 -0.7852
vn -0.2974 -0.5902 -0.7505
vn -0.0136 -0.4628 -0.8863
vn 0.5565 -0.0494 -0.8294
vn -0.8124 -0.5803 -0.0573
vn 0.1271 0.6118 0.7807
vn 0.0960 0.5989 0.7951
vn 0.0876 0.5959 0.7982
vn 0.1329 0.6121 0.7796
vn -0.5273 -0.6992 -0.4828
vn -0.7805 -0.2644 0.5665
vn 0.4909 -0.1430 -0.8594
vn 0.4495 -0.2008 -0.8704
vn -0.5002 0.1335 0.8556
vn -0.1975 0.4870 0.8508
vn 0.4039 -0.2356 -0.8840
vn -0.1481 0.4962 0.8555
vn 0.0390 0.5627 0.8258
vn 0.3175 0.0927 -0.9437
vn 0.4352 0.5436 -0.7177
vn -0.1430 0.2366 0.9610
vn 0.5023 0.7815 -0.3702
vn 0.3635 0.9263 0.0992
vn 0.3515 -0.1118 -0.9295
vn -0.2095 0.3993 0.8925
vn 0.3529 0.2670 -0.8967
vn -0.3679 -0.4322 -0.8233
vn -0.3926 -0.4409 -0.8071
vn 0.4022 0.3160 -0.8593
vn 0.0690 0.1182 0.9906
vn 0.6151 0.7495 0.2448
vn -0.2326 -0.4255 0.8746
vn 0.5324 0.7426 0.4064
vn -0.5492 -0.8206 0.1578
vn 0.5528 0.7837 0.2830
vn 0.4707 0.2046 0.8583
vn 0.3895 0.1973 -0.8997
vn 0.2331 0.2126 -0.9489
vn -0.9730 0.1779 0.1470
vn -0.4846 -0.0679 0.8721
vn 0.3802 0.0727 -0.9220
vn 0.4335 0.0965 -0.8959
vn -0.1544 0.0616 0.9861
vn -0.4276 -0.0421 0.9030
vn 0.7226 -0.0563 0.6889
vn 0.6728 0.1103 -0.7315
vn -0.8481 -0.0239 -0.5293
vn -0.2259 0.0615 -0.9722
vn 0.6798 0.1061 -0.7257
vn 0.4568 0.0263 -0.8892
vn -0.9643 -0.0500 -0.2602
vn 0.1829 0.0321 0.9826
vn -0.3608 0.1304 0.9235
vn -0.4543 0.1458 0.8788
vn 0.2967 0.0082 0.9549
vn 0.2275 0.0878 -0.9698
vn 0.2342 0.0948 -0.9676
vn 0.2325 0.0895 -0.9685
vn -0.9625 0.2454 0.1156
vn 0.6692 -0.2084 0.7133
vn 0.3012 0.0247 -0.9533
vn -0.0633 0.1530 0.9862
vn 0.4600 -0.1455 0.8759
vn 0.7816 -0.0329 0.6229
vn 0.6931 0.0323 -0.7201
vn 0.6939 0.0378 -0.7191
vn 0.6947 0.0347 -0.7185
vn 0.7930 -0.0198 -0.6089
vn -0.7199 -0.0428 0.6927
vn -0.6791 0.7166 0.1593
vn -0.9052 -0.1106 -0.4104
vn -0.2557 0.0869 -0.9628
vn 0.3090 0.1015 0.9456
vn 0.2173 0.1192 0.9688
vn 0.3223 0.1563 -0.9337
vn 0.3821 0.1839 -0.9056
vn 0.3872 0.1844 -0.9034
vn 0.3092 0.1528 -0.9386
vn -0.2821 -0.3053 0.9095
vn -0.1808 0.0539 0.9820
vn -0.9048 -0.3400 0.2564
vn 0.5517 -0.0412 0.8330
vn 0.2318 -0.0359 -0.9721
vn 0.3265 0.2912 0.8992
vn 0.3764 -0.0251 -0.9261
vn 0.2360 0.2687 0.9339
vn 0.6818 0.4548 0.5730
vn -0.9999 -0.0155 -0.0010
vn -0.0596 0.4173 0.9068
vn -0.9751 -0.1067 -0.1946
vn 0.4022 0.4397 0.8031
vn 0.5323 0.3654 0.7636
vn 0.4086 -0.1892 -0.8929
vn 0.2220 -0.2545 -0.9412
vn 0.1114 0.2712 0.9561
vn 0.3354 -0.2597 -0.9056
vn 0.0630 0.3988 0.9149
vn 0.4815 -0.1426 -0.8648
vn 0.4815 -0.1430 -0.8647
vn 0.4815 -0.1428 -0.8647
vn 0.4280 0.0141 -0.9037
vn 0.9591 0.2748 0.0684
vn 0.2245 -0.0740 -0.9717
vn 0.4784 0.0356 -0.8774
vn 0.1260 0.1701 0.9773
vn 0.8947 0.3171 0.3144
vn 0.9495 0.3125 -0.0264
vn 0.2537 0.0165 -0.9671
vn 0.1035 0.1031 0.9893
vn -0.1636 0.6816 -0.7132
vn 0.1599 -0.6835 0.7122
vn 0.4242 0.8315 -0.3585
vn 0.4248 0.8313 -0.3585
vn 0.4246 0.8314 -0.3585
vn -0.4084 -0.8322 0.3751
vn 0.5386 0.0681 0.8398
vn 0.7865 -0.1281 -0.6042
vn 0.7867 -0.1278 -0.6040
vn 0.7864 -0.1282 -0.6042
vn -0.9902 -0.1004 0.0975
vn 0.6204 0.4419 0.6479
vn 0.5523 0.6769 0.4866
vn 0.2464 0.9298 0.2734
vn 0.4474 -0.0756 0.8912
vn 0.6215 0.2625 -0.7381
vn -0.9502 -0.1996 -0.2393
vn -0.2997 0.3116 -0.9017
vn 0.4442 -0.0747 0.8928
vn 0.2511 -0.0766 0.9649
vn 0.2939 -0.0021 -0.9558
vn -0.4450 -0.0354 0.8948
vn -0.5143 -0.0031 0.8576
vn 0.2894 0.0018 -0.9572
vn 0.4131 0.0608 -0.9086
vn -0.3205 -0.0231 0.9470
vn -0.4189 -0.0064 0.9080
vn 0.2367 -0.0099 0.9715
vn 0.6099 0.2174 -0.7621
vn 0.6104 0.2103 -0.7637
vn 0.6076 0.2140 -0.7649
vn 0.2882 0.1062 0.9517
vn -0.9248 0.1009 -0.3668
vn -0.5648 0.1706 -0.8074
vn 0.8777 0.0516 -0.4764
vn -0.9643 0.0840 -0.2513
vn 0.5746 -0.0197 0.8182
vn 0.5000 0.0030 0.8660
vn 0.4897 0.0003 0.8719
vn 0.5892 -0.0184 0.8078
vn -0.7023 0.2671 -0.6598
vn 0.7132 -0.2250 0.6638
vn 0.2834 0.0126 -0.9589
vn -0.1725 0.1619 0.9716
vn 0.5610 -0.1731 0.8095
vn 0.7397 -0.0583 0.6704
vn 0.4698 -0.0800 0.8792
vn 0.9378 0.2394 -0.2516
vn -0.4814 0.0233 -0.8762
vn 0.2426 -0.0916 0.9658
vn -0.4711 0.0265 -0.8817
vn -0.2598 0.1035 -0.9601
vn 0.1306 -0.1092 0.9854
vn 0.2558 -0.0881 0.9627
vn 0.4300 0.1049 -0.8967
vn -0.2929 -0.4870 -0.8229
vn 0.2675 0.4307 0.8620
vn -0.3612 0.0337 0.9319
vn -0.3833 0.0148 0.9235
vn 0.2811 0.4389 0.8534
vn 0.0107 0.5718 -0.8203
vn -0.4370 -0.2803 -0.8547
vn -0.0210 -0.3714 0.9282
vn 0.4882 0.1458 0.8605
vn -0.6007 -0.7512 0.2736
vn -0.5520 -0.4900 -0.6747
vn 0.0133 0.2258 -0.9741
vn -0.0072 0.1965 -0.9805
vn -0.0201 -0.2332 0.9722
vn 0.2167 0.1204 0.9688
vn 0.3997 0.6789 -0.6159
vn 0.5229 0.8446 0.1154
vn 0.1537 0.0594 -0.9863
vn 0.4140 0.7203 -0.5566
vn 0.0136 0.1907 0.9816
vn 0.5647 0.8143 -0.1341
vn 0.5884 0.8021 0.1023
vn 0.0208 0.1895 -0.9817
vn 0.1858 0.0994 0.9775
vn -0.6816 0.2864 -0.6734
vn -0.6816 0.2325 -0.6938
vn 0.3732 0.0296 0.9273
vn 0.7361 0.0701 -0.6732
vn -0.9820 -0.1415 0.1255
vn -0.6490 0.7411 0.1720
vn -0.9056 -0.1025 -0.4114
vn -0.2192 0.1763 -0.9596
vn 0.3384 0.0468 0.9399
vn 0.2229 0.0643 0.9727
vn 0.2542 -0.0184 -0.9670
vn -0.4949 -0.0918 0.8641
vn -0.3155 0.0914 -0.9445
vn -0.2214 0.0950 -0.9706
vn -0.4013 -0.0955 0.9109
vn 0.6539 0.0264 0.7561
vn 0.2201 0.0422 0.9746
vn 0.3880 0.0373 0.9209
vn 0.1889 0.0432 0.9810
vn 0.3991 -0.0452 0.9158
vn 0.7470 0.0159 -0.6646
vn -0.9915 0.1268 -0.0279
vn 0.5818 0.0898 -0.8084
vn -0.9493 0.0992 -0.2984
vn 0.6366 0.0481 -0.7697
vn 0.0649 0.1156 0.9912
vn -0.2560 0.0476 0.9655
vn 0.4487 0.0443 -0.8926
vn 0.1660 -0.0789 0.9830
vn 0.2413 -0.0808 0.9671
vn 0.3675 0.0510 -0.9286
vn -0.6595 0.0157 -0.7515
vn -0.3324 -0.0279 -0.9427
vn -0.2084 -0.0420 -0.9771
vn -0.1890 -0.0442 -0.9810
vn 0.4477 -0.0078 0.8941
vn -0.2361 -0.0241 -0.9714
vn -0.3510 -0.0402 -0.9355
vn 0.7117 0.1131 -0.6933
vn 0.4152 0.0044 -0.9097
vn -0.9440 -0.1355 -0.3010
vn -0.1787 0.1075 0.9780
vn -0.4312 0.1145 0.8950
vn -0.5272 0.1168 0.8417
vn 0.1512 0.0842 0.9849
vn 0.1333 0.3037 -0.9434
vn -0.2760 0.2444 -0.9296
vn -0.0850 -0.3501 0.9329
vn 0.2666 -0.1768 0.9475
vn 0.6493 -0.2766 0.7084
vn 0.5827 0.7076 -0.3996
vn 0.0344 0.6195 -0.7843
vn -0.9290 -0.2774 -0.2451
vn 0.3215 -0.3917 0.8621
vn 0.2908 -0.4056 0.8666
vn 0.2080 0.6057 -0.7681
vn 0.1768 -0.5448 0.8197
vn 0.3437 -0.1794 0.9218
vn 0.0896 0.4180 -0.9040
vn 0.5106 0.5334 -0.6744
vn 0.2224 -0.3373 0.9147
vn -0.0248 0.4501 -0.8926
vn 0.3889 -0.3142 0.8660
vn -0.1655 0.3096 -0.9364
vn 0.8083 0.0579 -0.5859
vn -0.1006 0.2991 -0.9489
vn 0.8231 0.0491 -0.5657
vn 0.2108 -0.4976 0.8414
vn -0.1053 0.5087 -0.8545
vn 0.1053 -0.5087 0.8545
vn 0.1809 0.3475 0.9201
vn 0.2801 0.2078 -0.9372
vn 0.3452 0.1379 -0.9283
vn 0.4106 0.1637 -0.8970
vn -0.9120 0.1279 0.3897
vn -0.4564 -0.1277 0.8805
vn 0.7603 -0.1376 0.6349
vn 0.6091 0.2629 -0.7482
vn 0.3406 0.0203 0.9400
vn 0.8958 -0.0004 -0.4446
vn -0.9926 -0.0875 -0.0841
vn 0.0330 -0.0159 0.9993
vn -0.9614 -0.0813 -0.2628
vn -0.2328 0.2521 -0.9393
vn 0.4662 -0.0449 0.8835
vn 0.2272 0.0020 0.9739
vn 0.2894 -0.0305 -0.9567
vn 0.2887 -0.0308 -0.9569
vn -0.9586 0.2807 0.0471
vn 0.6829 -0.2430 0.6889
vn 0.1927 0.0656 -0.9791
vn -0.1223 0.1795 0.9761
vn 0.4682 -0.1677 0.8675
vn 0.7798 -0.0429 0.6246
vn -0.3259 0.1805 -0.9280
vn -0.3530 0.1802 -0.9181
vn 0.7129 0.0836 -0.6963
vn -0.9574 0.0994 -0.2713
vn 0.3418 0.0291 0.9393
vn 0.5799 -0.0205 0.8144
vn 0.6157 -0.0292 0.7874
vn 0.3294 0.0315 0.9437
vn -0.2828 0.2046 -0.9371
vn -0.0257 0.3638 -0.9311
vn -0.0701 -0.2853 -0.9559
vn 0.0422 0.0443 -0.9981
vn -0.5728 -0.3827 0.7248
vn -0.1049 0.3850 0.9170
vn -0.6849 -0.2357 0.6895
vn 0.3986 -0.3782 0.8355
vn 0.3935 -0.3776 0.8382
vn 0.5413 -0.1264 -0.8313
vn 0.6855 0.0832 -0.7233
vn 0.5733 -0.0993 -0.8133
vn -0.5602 0.1847 0.8075
vn -0.6021 0.1441 0.7853
vn 0.6771 0.6270 0.3852
vn 0.6044 -0.0548 -0.7948
vn 0.4116 -0.2617 -0.8730
vn -0.4730 0.1615 0.8661
vn -0.1959 0.4116 0.8901
vn -0.1488 0.4416 0.8848
vn 0.5342 0.8278 0.1712
vn 0.5921 0.7980 -0.1127
vn 0.2960 0.0393 -0.9544
vn -0.0718 0.2825 0.9566
vn 0.4519 0.2377 -0.8598
vn 0.3631 -0.3170 -0.8762
vn 0.1711 -0.4883 -0.8557
vn -0.1039 0.5353 0.8383
vn 0.2602 -0.0915 -0.9612
vn 0.6508 0.5384 0.5353
vn 0.0149 0.2270 0.9738
vn 0.4653 -0.7379 0.4888
vn -0.9400 -0.0200 0.3407
vn 0.9273 0.0616 -0.3692
vn 0.4183 -0.5998 0.6821
vn -0.0766 0.4566 0.8864
vn -0.0768 0.4564 0.8864
vn -0.0769 0.4572 0.8861
vn 0.3794 -0.2342 -0.8951
vn 0.1494 0.6635 -0.7331
vn 0.1487 0.6610 -0.7355
vn 0.1475 0.6627 -0.7342
vn 0.7868 -0.4246 0.4480
vn 0.5266 0.2570 -0.8103
vn -0.9621 -0.0878 0.2582
vn -0.2041 0.4933 -0.8456
vn -0.0371 0.4916 -0.8700
vn -0.9177 -0.1482 0.3687
vn 0.3108 -0.2959 0.9032
vn 0.1738 -0.2776 0.9448
vn 0.2202 -0.2847 0.9330
vn 0.1544 -0.2733 0.9494
vn 0.2595 0.0459 -0.9646
vn -0.4976 -0.1378 0.8564
vn -0.2996 0.1768 -0.9375
vn -0.2124 0.1760 -0.9612
vn -0.4116 -0.1487 0.8991
vn 0.6799 -0.0573 0.7311
vn 0.2223 -0.0380 0.9742
vn 0.4098 -0.0425 0.9112
vn 0.1946 -0.0381 0.9801
vn 0.4328 -0.1286 0.8923
vn 0.7403 0.0397 -0.6711
vn -0.9911 0.1333 0.0045
vn 0.6212 0.1087 -0.7761
vn -0.9471 0.1113 -0.3011
vn 0.6657 0.0646 -0.7434
vn 0.0042 0.0918 0.9958
vn -0.6960 0.2591 -0.6697
vn 0.6898 -0.2025 0.6951
vn 0.2665 0.0024 -0.9638
vn -0.2506 0.2216 0.9424
vn 0.5117 -0.1394 0.8478
vn 0.6975 -0.0054 0.7165
vn 0.2106 0.1788 -0.9611
vn 0.3972 0.1878 -0.8983
vn 0.2398 0.1807 -0.9538
vn 0.4355 0.1894 -0.8800
vn -0.1843 -0.2432 0.9523
vn -0.4035 -0.1517 0.9023
vn -0.2220 -0.2287 0.9478
vn -0.4290 -0.1403 0.8923
vn 0.1766 -0.2397 -0.9546
vn -0.1579 -0.1270 -0.9792
vn -0.2327 0.1779 0.9561
vn 0.1846 0.1856 0.9651
vn 0.4116 -0.4687 -0.7816
vn -0.4976 -0.5915 -0.6345
vn 0.4449 0.5714 0.6897
vn -0.2604 0.5796 0.7722
vn -0.2892 0.5725 0.7672
vn 0.4597 0.5686 0.6821
vn 0.1847 -0.2245 -0.9568
vn 0.1921 -0.2228 -0.9558
vn 0.1871 -0.2231 -0.9567
vn 0.0626 -0.2314 -0.9708
vn -0.2281 0.2251 0.9473
vn -0.2251 0.2241 0.9482
vn -0.2280 0.2254 0.9472
vn 0.2181 0.2345 0.9473
vn -0.8871 0.4599 0.0402
vn 0.2121 -0.0711 -0.9746
vn 0.1674 -0.0489 -0.9847
vn 0.2192 -0.0702 -0.9732
vn -0.2355 0.0841 0.9682
vn 0.1637 -0.0749 0.9837
vn 0.2476 -0.2968 -0.9223
vn 0.4923 -0.5678 -0.6598
vn 0.4304 0.8408 0.3284
vn -0.2592 0.6451 0.7188
vn 0.4616 -0.1731 -0.8700
vn 0.4619 -0.1733 -0.8699
vn 0.4617 -0.1732 -0.8700
vn 0.7696 0.4416 -0.4612
vn -0.2159 0.3665 0.9050
vn 0.6563 0.1443 -0.7406
vn 0.1493 -0.4931 0.8570
vn 0.2657 -0.5137 0.8158
vn 0.3671 0.3168 -0.8746
vn 0.9060 -0.0362 0.4218
vn 0.3463 -0.3845 0.8557
vn 0.6619 -0.4053 -0.6306
vn 0.0935 0.8873 0.4515
vn 0.6034 -0.2931 -0.7416
vn -0.8438 0.0002 0.5367
vn 0.9024 0.3696 -0.2213
vn 0.3276 0.5319 0.7809
vn -0.2271 -0.0823 -0.9704
vn -0.3836 -0.0625 -0.9214
vn 0.6810 -0.1673 -0.7129
vn 0.4041 -0.2307 -0.8851
vn -0.9647 0.0915 -0.2471
vn 0.2561 0.1615 0.9531
vn -0.2727 0.3805 0.8837
vn -0.3669 0.4072 0.8364
vn 0.3488 0.1144 0.9302
vn 0.2648 -0.0592 -0.9625
vn 0.2625 -0.0629 -0.9629
vn 0.2619 -0.0598 -0.9632
vn 0.3151 -0.1156 -0.9420
vn 0.4320 -0.0705 -0.8991
vn -0.8978 0.2643 0.3523
vn -0.4705 0.1259 0.8734
vn 0.7990 -0.0421 0.5999
vn 0.6786 0.0421 -0.7333
vn 0.6800 0.0533 -0.7313
vn 0.6821 0.0470 -0.7298
vn -0.9078 0.1483 -0.3922
vn -0.6604 0.1697 -0.7315
vn 0.7417 0.0163 -0.6705
vn -0.9503 0.1370 -0.2795
vn 0.2462 0.0593 0.9674
vn 0.4964 -0.0035 0.8681
vn 0.5362 -0.0152 0.8439
vn 0.2323 0.0620 0.9707
vn 0.2515 0.0611 -0.9659
vn 0.2553 0.0647 -0.9647
vn 0.2544 0.0618 -0.9651
vn -0.9547 0.2683 0.1286
vn -0.4401 0.0521 0.8964
vn 0.3656 -0.0428 -0.9298
vn 0.4320 -0.0258 -0.9015
vn -0.1257 0.1277 0.9838
vn -0.4032 0.0643 0.9129
vn 0.7483 -0.1008 0.6557
vn 0.3733 -0.4255 -0.8244
vn -0.4736 -0.3248 -0.8187
vn -0.7520 -0.2817 -0.5959
vn -0.5433 0.3527 0.7619
vn 0.4671 0.2961 0.8331
vn 0.7895 0.0259 0.6132
vn 0.6265 -0.2901 -0.7234
vn 0.6152 -0.0357 0.7875
vn 0.8046 -0.3997 -0.4392
vn 0.2967 -0.3537 -0.8870
vn -0.6813 0.1311 -0.7202
vn -0.5174 0.4537 0.7256
vn -0.2476 0.3507 0.9032
vn 0.7246 -0.1401 0.6748
vn 0.1496 0.1420 -0.9785
vn 0.5098 -0.6285 0.5875
vn -0.6089 0.6991 0.3747
vn 0.0187 0.0387 -0.9991
vn 0.4195 -0.4472 -0.7900
vn 0.1241 -0.2009 -0.9717
vn -0.5901 0.6724 0.4468
vn 0.0165 0.0997 0.9949
vn 0.1339 -0.0394 0.9902
vn 0.0788 -0.3085 -0.9480
vn -0.4979 0.0815 -0.8634
vn 0.4501 -0.0481 0.8917
vn 0.3799 0.0802 0.9216
vn -0.2277 -0.3292 -0.9164
vn 0.4574 0.1261 0.8803
vn 0.0130 0.9068 -0.4214
vn 0.5418 0.5652 -0.6221
vn -0.3677 0.4011 -0.8390
vn 0.7749 0.6253 -0.0928
vn 0.8232 0.5286 0.2074
vn 0.9083 0.0871 -0.4091
vn 0.9627 0.0898 -0.2551
vn 0.6034 0.4591 -0.6520
vn 0.6034 0.4590 -0.6520
vn 0.6034 0.4590 -0.6521
vn 0.8606 0.3688 -0.3512
vn 0.8606 0.3688 -0.3511
vn 0.5845 0.0573 -0.8093
vn 0.7346 0.0411 -0.6773
vn 0.3185 0.9450 0.0749
vn 0.5186 0.7394 0.4294
vn 0.7697 0.4766 -0.4247
vn 0.2976 0.9529 -0.0591
vn 0.7722 0.6208 0.1352
vn -0.1178 0.7730 0.6234
vn 0.7196 0.6843 0.1179
vn 0.2234 0.4588 0.8600
vn 0.2235 0.4588 0.8600
vn 0.7462 0.5163 0.4203
vn 0.6702 0.4165 0.6143
vn -0.4138 0.8079 -0.4197
vn -0.0554 0.9944 -0.0902
vn -0.0016 0.7401 -0.6725
vn 0.1442 0.8344 -0.5320
vn 0.1442 0.8343 -0.5320
vn -0.5046 0.8513 0.1436
vn -0.2363 0.7103 0.6630
vn 0.3359 0.9351 -0.1131
vn 0.4074 0.9071 0.1059
vn 0.2763 0.9324 -0.2331
vn 0.2670 0.9626 0.0457
vn 0.6527 0.6531 -0.3839
vn 0.0793 0.7046 -0.7052
vn 0.1753 0.1080 -0.9786
vn -0.0960 0.9954 -0.0005
vn 0.4003 0.6407 -0.6551
vn 0.2845 0.9300 -0.2326
vn 0.5712 0.5692 -0.5914
vn -0.6692 0.2679 -0.6931
vn -0.4900 0.1579 -0.8573
vn -0.7379 0.5287 0.4196
vn -0.3943 0.9160 -0.0733
vn -0.9405 0.1486 -0.3056
vn -0.7882 0.3232 -0.5237
vn -0.9247 0.0031 -0.3806
vn -0.9247 0.0032 -0.3806
vn -0.8368 0.2020 -0.5089
vn -0.9504 -0.1266 -0.2842
vn -0.9503 -0.1267 -0.2842
vn -0.9228 -0.0070 -0.3853
vn -0.4269 0.9033 -0.0416
vn -0.2725 0.8936 -0.3567
vn -0.2726 0.8936 -0.3567
vn -0.9086 0.0065 -0.4177
vn -0.8025 0.1388 -0.5803
vn 0.5112 0.3403 0.7892
vn 0.0158 0.0249 0.9996
vn -0.0804 0.0020 0.9968
vn 0.0396 0.0305 0.9987
vn -0.0886 -0.0000 0.9961
vn 0.0171 0.0167 0.9997
vn 0.3975 0.0387 0.9168
vn -0.5226 0.7482 -0.4087
vn 0.1847 0.6700 0.7190
vn 0.0272 0.9791 0.2015
vn 0.2485 0.4724 0.8457
vn 0.6564 0.5640 0.5010
vn 0.3225 0.4977 0.8052
vn 0.3224 0.4977 0.8052
vn 0.7486 -0.1282 0.6505
vn 0.6165 -0.1530 0.7723
vn -0.9351 0.0731 0.3467
vn -0.9351 0.0731 0.3466
vn -0.8422 0.4809 0.2438
vn -0.4168 0.1452 0.8973
vn -0.4129 0.3563 0.8382
vn -0.4129 0.3562 0.8382
vn -0.2302 0.6256 0.7454
vn -0.2302 0.6255 0.7454
vn -0.2276 0.7450 0.6270
vn -0.1008 0.8139 -0.5722
vn 0.0878 0.8447 -0.5280
vn 0.7114 -0.2130 0.6697
vn -0.2966 -0.1135 -0.9482
vn 0.1194 -0.1096 -0.9868
vn -0.2421 -0.3911 -0.8880
vn -0.0189 -0.3862 -0.9222
vn -0.8327 0.2664 -0.4854
vn -0.6769 0.0537 -0.7341
vn -0.9126 -0.1714 -0.3711
vn -0.8429 -0.2631 -0.4693
vn -0.7835 -0.1297 -0.6077
vn -0.5594 -0.2778 -0.7810
vn -0.7668 -0.3741 -0.5217
vn -0.6563 -0.4473 -0.6076
vn -0.2386 0.9017 0.3606
vn -0.4939 0.5585 0.6664
vn -0.4962 0.8510 0.1719
vn 0.4949 0.7843 -0.3740
vn 0.1806 0.6101 -0.7715
vn -0.0292 0.6903 -0.7229
vn -0.4961 0.7219 -0.4824
vn -0.3044 0.9446 0.1223
vn 0.2624 0.9210 0.2881
vn -0.1110 0.9252 -0.3627
vn -0.1111 0.9252 -0.3628
vn 0.1669 0.9538 -0.2498
vn -0.4754 0.8320 -0.2859
vn -0.5211 0.5463 -0.6557
vn -0.7283 0.6771 -0.1052
vn -0.7615 0.5570 -0.3315
vn -0.1973 0.3964 0.8966
vn -0.1809 0.6219 0.7619
vn -0.5659 0.0993 -0.8185
vn -0.8592 -0.3525 -0.3709
vn -0.7251 -0.5249 -0.4457
vn -0.9844 0.1419 -0.1036
vn -0.9361 -0.2962 0.1898
vn 0.0784 0.8639 -0.4976
vn -0.7842 0.4962 0.3726
vn -0.9089 0.4169 -0.0066
vn -0.9089 0.4170 -0.0067
vn -0.9504 0.1272 0.2837
vn -0.6748 0.5582 0.4828
vn -0.6747 0.5582 0.4828
vn -0.0324 -0.3517 0.9355
vn -0.0325 -0.3517 0.9355
vn -0.1605 -0.5073 0.8467
vn -0.7689 0.0676 0.6357
vn -0.7689 0.0675 0.6357
vn -0.7689 0.0675 0.6358
vn -0.3777 -0.2754 0.8840
vn -0.3776 -0.2754 0.8840
vn -0.9233 -0.3558 0.1446
vn -0.9084 -0.2385 -0.3436
vn -0.9084 -0.2384 -0.3436
vn -0.6327 -0.7711 -0.0715
vn -0.6328 -0.7710 -0.0715
vn 0.6678 0.5623 -0.4877
vn 0.4738 0.7338 -0.4869
vn 0.5497 0.7352 -0.3966
vn -0.7402 0.5359 -0.4061
vn -0.8330 0.4468 -0.3263
vn -0.7862 0.4208 -0.4527
vn -0.8970 0.2746 0.3464
vn -0.9402 0.2775 0.1975
vn -0.9404 0.2776 0.1965
vn -0.9488 0.2869 0.1323
vn -0.9351 0.2728 0.2263
vn -0.7786 0.5626 0.2779
vn -0.8919 0.4399 -0.1049
vn -0.8784 0.0064 0.4778
vn -0.8785 0.0064 0.4778
vn -0.9496 -0.0189 0.3129
vn -0.7771 0.5169 0.3592
vn -0.8745 0.4694 -0.1219
vn -0.9427 -0.0405 0.3311
vn -0.9882 -0.0503 0.1446
vn -0.6848 0.4815 0.5470
vn -0.8735 0.4760 0.1023
vn -0.8312 -0.0093 0.5559
vn -0.9284 0.0082 0.3714
vn -0.5666 0.4710 -0.6761
vn -0.5666 0.4710 -0.6762
vn -0.4793 0.2722 -0.8344
vn -0.9765 -0.1766 -0.1235
vn -0.9240 -0.2069 -0.3216
vn -0.9978 0.0668 -0.0011
vn -0.9344 -0.0266 -0.3552
vn -0.9344 -0.0266 -0.3553
vn -0.9493 -0.2636 0.1713
vn -0.9545 -0.2978 -0.0167
vn -0.4035 0.3851 -0.8300
vn -0.4036 0.3851 -0.8300
vn -0.1873 0.1313 -0.9735
vn -0.7134 -0.0031 -0.7008
vn -0.6276 -0.0980 -0.7723
vn -0.1477 0.4680 0.8713
vn 0.4543 0.5387 0.7095
vn -0.0995 0.1077 -0.9892
vn 0.3371 -0.1131 -0.9346
vn -0.3666 -0.5741 -0.7322
vn -0.1912 -0.6508 -0.7348
vn 0.9265 0.3588 -0.1136
vn 0.9265 0.3588 -0.1137
vn 0.9801 0.1403 0.1404
vn 0.9397 0.2142 -0.2667
vn 0.9867 0.1038 -0.1254
vn 0.2557 0.8463 0.4674
vn 0.2557 0.8462 0.4674
vn 0.8573 0.4781 0.1912
vn 0.8573 0.4780 0.1912
vn -0.0217 0.8262 -0.5630
vn 0.3158 0.6189 -0.7192
vn 0.4299 0.8914 -0.1435
vn 0.7749 0.6302 0.0478
vn 0.5405 0.2543 -0.8020
vn 0.6610 0.1488 -0.7355
vn 0.0402 0.9974 -0.0593
vn -0.7012 0.6696 -0.2450
vn -0.5150 0.7795 -0.3566
vn 0.0518 0.8846 0.4634
vn 0.3104 0.9477 -0.0746
vn 0.5702 0.8215 -0.0039
vn -0.4540 0.6883 0.5658
vn -0.3080 0.9419 -0.1338
vn -0.0803 0.9871 -0.1388
vn -0.7271 0.6517 0.2158
vn -0.4331 0.8392 0.3290
vn -0.4354 0.6568 -0.6157
vn -0.3541 0.7765 -0.5213
vn -0.4197 0.9071 0.0320
vn -0.4197 0.9071 0.0319
vn -0.5183 0.3908 -0.7607
vn -0.4023 0.6030 -0.6888
vn -0.4929 0.8699 0.0192
vn -0.3952 0.5456 -0.7390
vn -0.2930 0.7261 -0.6220
vn -0.1309 0.8948 0.4269
vn -0.1309 0.8948 0.4270
vn -0.6515 0.6619 0.3707
vn -0.1315 0.3530 0.9264
vn -0.1315 0.3530 0.9263
vn -0.3302 0.7158 0.6152
vn -0.7595 0.4065 0.5079
vn -0.3706 0.2655 0.8900
vn -0.3706 0.2655 0.8901
vn -0.3802 0.5339 0.7553
vn -0.5689 0.2970 0.7669
vn -0.1209 0.4372 0.8912
vn -0.1209 0.4373 0.8912
vn -0.2371 0.3299 0.9138
vn 0.1486 0.9797 0.1343
vn 0.1486 0.9797 0.1342
vn -0.2981 0.9530 0.0545
vn -0.0296 0.6746 0.7376
vn -0.1961 0.6830 0.7036
vn -0.6586 0.2056 0.7238
vn -0.6587 0.2056 0.7238
vn -0.5196 0.1320 0.8442
vn -0.8537 0.4298 -0.2941
vn -0.9323 0.1445 0.3316
vn -0.9870 0.0373 -0.1563
vn -0.9857 -0.1037 0.1327
vn -0.9498 -0.3128 -0.0110
vn 0.6860 0.5944 -0.4196
vn 0.7236 0.3732 -0.5806
vn -0.3519 0.5286 -0.7725
vn -0.2461 0.4425 -0.8623
vn -0.2461 0.4425 -0.8624
vn 0.4424 0.3193 0.8380
vn 0.7269 0.4350 0.5314
vn 0.6018 0.4774 0.6402
vn -0.6339 0.5236 -0.5691
vn -0.6340 0.5236 -0.5691
vn -0.1375 0.5133 -0.8471
vn -0.6569 -0.1650 -0.7357
vn -0.4777 -0.1310 -0.8687
vn -0.4345 0.6857 -0.5839
vn -0.5096 -0.0830 -0.8564
vn -0.2229 -0.0494 -0.9736
vn -0.0846 0.3779 -0.9220
vn 0.1254 0.6858 -0.7170
vn 0.1254 0.6857 -0.7170
vn 0.7219 -0.2063 -0.6605
vn 0.7882 -0.0524 -0.6132
vn -0.3465 0.0080 -0.9380
vn -0.2326 -0.5853 -0.7767
vn 0.0959 -0.5774 -0.8108
vn -0.1185 0.3189 -0.9404
vn 0.3305 0.3868 -0.8609
vn 0.0923 -0.5270 -0.8448
vn 0.2784 -0.4777 -0.8332
vt 0.024834 0.001953
vt 0.020319 0.006518
vt 0.001953 0.001953
vt 0.001953 0.006518
vt 0.056734 0.001953
vt 0.056592 0.006518
vt 0.024706 0.034218
vt 0.020262 0.039172
vt 0.001953 0.034218
vt 0.001953 0.039172
vt 0.056712 0.034218
vt 0.056600 0.039172
vt 0.024818 0.067987
vt 0.002093 0.072803
vt 0.001953 0.067987
vt 0.052101 0.072803
vt 0.056717 0.067987
vt 0.056731 0.101674
vt 0.056600 0.107096
vt 0.006509 0.101674
vt 0.003789 0.107096
vt 0.024827 0.137791
vt 0.020631 0.157397
vt 0.001953 0.137791
vt 0.001953 0.157397
vt 0.056733 0.137791
vt 0.056457 0.157397
vt 0.007840 0.235233
vt 0.019877 0.243681
vt 0.001953 0.243681
vt 0.056712 0.235233
vt 0.056253 0.243681
vt 0.007496 0.275242
vt 0.051991 0.299261
vt 0.002123 0.299261
vt 0.056732 0.275242
vt 0.673050 0.044467
vt 0.669656 0.062493
vt 0.649199 0.062493
vt 0.024829 0.326305
vt 0.002097 0.331041
vt 0.001953 0.326305
vt 0.033942 0.331041
vt 0.056734 0.326305
vt 0.056870 0.331041
vt 0.038565 0.358999
vt 0.033996 0.364555
vt 0.002222 0.358999
vt 0.002090 0.364555
vt 0.056870 0.358999
vt 0.056870 0.364555
vt 0.038586 0.395066
vt 0.052330 0.400522
vt 0.002232 0.395066
vt 0.002089 0.400522
vt 0.056870 0.395066
vt 0.054997 0.431086
vt 0.052281 0.435971
vt 0.002225 0.431086
vt 0.002090 0.435971
vt 0.061083 0.027280
vt 0.079070 0.048817
vt 0.060777 0.048817
vt 0.097362 0.027280
vt 0.115415 0.048817
vt 0.115694 0.027280
vt 0.083955 0.144053
vt 0.060926 0.158856
vt 0.060777 0.144053
vt 0.111243 0.158856
vt 0.115399 0.144053
vt 0.113965 0.201619
vt 0.092812 0.221663
vt 0.061065 0.201619
vt 0.060913 0.221663
vt 0.115694 0.221663
vt 0.090636 0.249518
vt 0.079228 0.254236
vt 0.060777 0.249518
vt 0.060777 0.254236
vt 0.115415 0.254236
vt 0.115694 0.249518
vt 0.083272 0.282261
vt 0.079087 0.287175
vt 0.060777 0.282261
vt 0.060777 0.287175
vt 0.115502 0.282261
vt 0.115423 0.287175
vt 0.083425 0.315811
vt 0.060916 0.320859
vt 0.060777 0.315811
vt 0.110982 0.320859
vt 0.115487 0.315811
vt 0.083428 0.349661
vt 0.062879 0.354928
vt 0.060777 0.349661
vt 0.115524 0.349661
vt 0.115413 0.354928
vt 0.113910 0.385518
vt 0.062619 0.418748
vt 0.061052 0.385518
vt 0.115424 0.418748
vt 0.156177 0.109672
vt 0.122415 0.131906
vt 0.119870 0.109672
vt 0.174226 0.131906
vt 0.174517 0.109672
vt 0.172801 0.189126
vt 0.169876 0.202863
vt 0.119881 0.189126
vt 0.119743 0.202863
vt 0.142480 0.226222
vt 0.119737 0.231280
vt 0.119600 0.226222
vt 0.151676 0.231280
vt 0.174381 0.226222
vt 0.174517 0.231280
vt 0.155657 0.259134
vt 0.151580 0.262943
vt 0.119918 0.259134
vt 0.119743 0.262943
vt 0.174517 0.259134
vt 0.174517 0.262943
vt 0.156096 0.288972
vt 0.121549 0.292787
vt 0.119898 0.288972
vt 0.174242 0.292787
vt 0.174517 0.288972
vt 0.172366 0.318667
vt 0.169704 0.321653
vt 0.119879 0.318667
vt 0.119741 0.321653
vt 0.172563 0.345408
vt 0.151763 0.366476
vt 0.119874 0.345408
vt 0.119757 0.366476
vt 0.174517 0.366476
vt 0.231061 0.001953
vt 0.211444 0.015571
vt 0.178715 0.001953
vt 0.178636 0.015571
vt 0.233341 0.015571
vt 0.233195 0.056726
vt 0.232856 0.072262
vt 0.181174 0.056726
vt 0.179502 0.072262
vt 0.215033 0.094766
vt 0.210495 0.099279
vt 0.178694 0.094766
vt 0.178597 0.099279
vt 0.233341 0.094766
vt 0.233341 0.099279
vt 0.201402 0.126968
vt 0.178588 0.130851
vt 0.178424 0.126968
vt 0.210308 0.130851
vt 0.233195 0.126968
vt 0.233341 0.130851
vt 0.201149 0.156744
vt 0.178561 0.160654
vt 0.178424 0.156744
vt 0.228629 0.160654
vt 0.233166 0.156744
vt 0.233200 0.186631
vt 0.233070 0.190664
vt 0.183547 0.186631
vt 0.180351 0.190664
vt 0.215051 0.217455
vt 0.179976 0.227277
vt 0.178697 0.217455
vt 0.233026 0.227277
vt 0.233341 0.217455
vt 0.204374 0.278936
vt 0.178582 0.283977
vt 0.178424 0.278936
vt 0.211433 0.283977
vt 0.232720 0.278936
vt 0.233341 0.283977
vt 0.182609 0.308434
vt 0.210604 0.317982
vt 0.178746 0.317982
vt 0.233167 0.308434
vt 0.233341 0.317982
vt 0.718533 0.135887
vt 0.725202 0.145792
vt 0.707835 0.135887
vt 0.733271 0.135887
vt 0.201302 0.335019
vt 0.178565 0.339734
vt 0.178424 0.335019
vt 0.210432 0.339734
vt 0.233205 0.335019
vt 0.233341 0.339734
vt 0.215023 0.367581
vt 0.210493 0.372574
vt 0.178700 0.367581
vt 0.178561 0.372574
vt 0.233341 0.367581
vt 0.233341 0.372574
vt 0.214914 0.401721
vt 0.228747 0.406801
vt 0.178699 0.401721
vt 0.178561 0.406801
vt 0.233341 0.401721
vt 0.231230 0.435978
vt 0.228580 0.441309
vt 0.178696 0.435978
vt 0.178562 0.441309
vt 0.237516 0.028649
vt 0.255725 0.067238
vt 0.237247 0.067238
vt 0.273858 0.028649
vt 0.291828 0.067238
vt 0.292165 0.028649
vt 0.290513 0.221551
vt 0.239978 0.249744
vt 0.237523 0.221551
vt 0.291828 0.249744
vt 0.289947 0.318103
vt 0.238627 0.348169
vt 0.237541 0.318103
vt 0.291881 0.348169
vt 0.260124 0.384532
vt 0.255601 0.389350
vt 0.237247 0.384532
vt 0.237247 0.389350
vt 0.292029 0.384532
vt 0.291896 0.389350
vt 0.259971 0.417221
vt 0.255551 0.422358
vt 0.237247 0.417221
vt 0.237247 0.422358
vt 0.292018 0.417221
vt 0.291896 0.422358
vt 0.318942 0.001953
vt 0.297949 0.007095
vt 0.296071 0.001953
vt 0.350847 0.001953
vt 0.350717 0.007095
vt 0.350851 0.036832
vt 0.350719 0.041246
vt 0.300874 0.036832
vt 0.297944 0.041246
vt 0.332585 0.069008
vt 0.328243 0.098706
vt 0.296351 0.069008
vt 0.296227 0.098706
vt 0.350988 0.069008
vt 0.350988 0.098706
vt 0.301471 0.216576
vt 0.328109 0.233348
vt 0.296208 0.233348
vt 0.350848 0.216576
vt 0.350988 0.233348
vt 0.349105 0.279906
vt 0.298163 0.290713
vt 0.296341 0.279906
vt 0.350718 0.290713
vt 0.756265 0.245712
vt 0.757366 0.253801
vt 0.737247 0.245712
vt 0.318950 0.309321
vt 0.296221 0.314381
vt 0.296071 0.309321
vt 0.328095 0.314381
vt 0.350852 0.309321
vt 0.350988 0.314381
vt 0.319376 0.342153
vt 0.296236 0.346422
vt 0.296071 0.342153
vt 0.327891 0.346422
vt 0.350725 0.342153
vt 0.350988 0.346422
vt 0.318926 0.374059
vt 0.297944 0.378443
vt 0.296071 0.374059
vt 0.350844 0.374059
vt 0.350719 0.378443
vt 0.350843 0.405851
vt 0.350715 0.409558
vt 0.300600 0.405851
vt 0.297906 0.409558
vt 0.318908 0.435353
vt 0.314436 0.449975
vt 0.296071 0.435353
vt 0.296071 0.449975
vt 0.350835 0.435353
vt 0.350678 0.449975
vt 0.408084 0.071226
vt 0.356635 0.080396
vt 0.355186 0.071226
vt 0.409527 0.080396
vt 0.407806 0.112425
vt 0.404403 0.120905
vt 0.355171 0.112425
vt 0.355036 0.120905
vt 0.384739 0.139404
vt 0.373286 0.144065
vt 0.354894 0.139404
vt 0.354894 0.144065
vt 0.409533 0.144065
vt 0.409812 0.139404
vt 0.377775 0.171956
vt 0.373200 0.176793
vt 0.354894 0.171956
vt 0.354894 0.176793
vt 0.409675 0.171956
vt 0.409543 0.176793
vt 0.377687 0.205476
vt 0.356735 0.210405
vt 0.354894 0.205476
vt 0.409670 0.205476
vt 0.409542 0.210405
vt 0.377789 0.239144
vt 0.356753 0.243226
vt 0.354894 0.239144
vt 0.409674 0.239144
vt 0.409541 0.243226
vt 0.391479 0.270204
vt 0.387070 0.289822
vt 0.355171 0.270204
vt 0.355057 0.289822
vt 0.409812 0.270204
vt 0.409812 0.289822
vt 0.377854 0.377233
vt 0.354894 0.377233
vt 0.355033 0.390765
vt 0.387062 0.390765
vt 0.409665 0.377233
vt 0.409812 0.390765
vt 0.360843 0.431025
vt 0.404977 0.446907
vt 0.355030 0.446907
vt 0.409661 0.431025
vt 0.436590 0.022245
vt 0.413856 0.026986
vt 0.413718 0.022245
vt 0.445900 0.026986
vt 0.468498 0.022245
vt 0.468635 0.026986
vt 0.450313 0.055095
vt 0.445790 0.060131
vt 0.414012 0.055095
vt 0.413854 0.060131
vt 0.468635 0.055095
vt 0.468635 0.060131
vt 0.436368 0.089124
vt 0.415557 0.094054
vt 0.413718 0.089124
vt 0.468453 0.089124
vt 0.468364 0.094054
vt 0.468482 0.123127
vt 0.468360 0.128687
vt 0.418020 0.123127
vt 0.415535 0.128687
vt 0.436598 0.159862
vt 0.413878 0.197645
vt 0.413718 0.159862
vt 0.445882 0.197645
vt 0.468499 0.159862
vt 0.468635 0.197645
vt 0.436001 0.350885
vt 0.413922 0.377424
vt 0.413718 0.350885
vt 0.446409 0.377424
vt 0.468363 0.350885
vt 0.468635 0.377424
vt 0.495373 0.001953
vt 0.472685 0.027583
vt 0.472541 0.001953
vt 0.521048 0.027583
vt 0.527277 0.001953
vt 0.821480 0.001953
vt 0.806711 0.021193
vt 0.796943 0.001953
vt 0.502361 0.060239
vt 0.472688 0.064979
vt 0.472541 0.060239
vt 0.504676 0.064979
vt 0.527459 0.060239
vt 0.527459 0.064979
vt 0.509073 0.093068
vt 0.504564 0.097675
vt 0.472825 0.093068
vt 0.472679 0.097675
vt 0.527459 0.093068
vt 0.527459 0.097675
vt 0.525591 0.125828
vt 0.522834 0.130490
vt 0.472813 0.125828
vt 0.472677 0.130490
vt 0.525591 0.158641
vt 0.522867 0.162707
vt 0.472813 0.158641
vt 0.472678 0.162707
vt 0.509098 0.189553
vt 0.504723 0.203326
vt 0.472809 0.189553
vt 0.472697 0.203326
vt 0.527459 0.189553
vt 0.527459 0.203326
vt 0.524814 0.271588
vt 0.504375 0.281021
vt 0.472765 0.271588
vt 0.472699 0.281021
vt 0.527459 0.281021
vt 0.524276 0.313207
vt 0.522033 0.325535
vt 0.472877 0.313207
vt 0.472692 0.325535
vt 0.495421 0.346971
vt 0.490929 0.351645
vt 0.472541 0.346971
vt 0.472541 0.351645
vt 0.527323 0.346971
vt 0.527186 0.351645
vt 0.495094 0.379398
vt 0.490848 0.383181
vt 0.472541 0.379398
vt 0.472541 0.383181
vt 0.527299 0.379398
vt 0.527190 0.383181
vt 0.525851 0.409058
vt 0.522790 0.412833
vt 0.472836 0.409058
vt 0.472679 0.412833
vt 0.586139 0.001953
vt 0.586010 0.006143
vt 0.535888 0.001953
vt 0.533199 0.006143
vt 0.584413 0.033267
vt 0.563838 0.048854
vt 0.531639 0.033267
vt 0.531595 0.048854
vt 0.586282 0.048854
vt 0.554191 0.113644
vt 0.531536 0.121995
vt 0.531365 0.113644
vt 0.581012 0.121995
vt 0.586146 0.113644
vt 0.584925 0.152684
vt 0.582663 0.181199
vt 0.531687 0.152684
vt 0.531530 0.181199
vt 0.850862 0.069228
vt 0.848473 0.089531
vt 0.833525 0.069228
vt 0.561217 0.213046
vt 0.549926 0.217786
vt 0.531365 0.213046
vt 0.531365 0.217786
vt 0.585982 0.217786
vt 0.586282 0.213046
vt 0.567723 0.245629
vt 0.563500 0.250192
vt 0.531698 0.245629
vt 0.531514 0.250192
vt 0.586282 0.245629
vt 0.586282 0.250192
vt 0.584370 0.278299
vt 0.581718 0.282841
vt 0.531635 0.278299
vt 0.531501 0.282841
vt 0.584368 0.310870
vt 0.581591 0.315266
vt 0.531634 0.310870
vt 0.531501 0.315266
vt 0.554219 0.342986
vt 0.531365 0.342986
vt 0.549823 0.375323
vt 0.531365 0.375323
vt 0.586141 0.342986
vt 0.585978 0.375323
vt 0.612864 0.001953
vt 0.590188 0.001953
vt 0.608766 0.019714
vt 0.590188 0.019714
vt 0.644886 0.001953
vt 0.644839 0.019714
vt 0.590307 0.068472
vt 0.624512 0.081858
vt 0.590188 0.081858
vt 0.625446 0.068472
vt 0.645106 0.068472
vt 0.836026 0.428886
vt 0.845596 0.442961
vt 0.825483 0.428886
vt 0.850924 0.428886
vt 0.613068 0.103590
vt 0.590326 0.108159
vt 0.590188 0.103590
vt 0.622298 0.108159
vt 0.644970 0.103590
vt 0.645106 0.108159
vt 0.613073 0.135899
vt 0.590326 0.141042
vt 0.590188 0.135899
vt 0.622219 0.141042
vt 0.644969 0.135899
vt 0.645106 0.141042
vt 0.613101 0.170431
vt 0.590329 0.175690
vt 0.590188 0.170431
vt 0.640227 0.175690
vt 0.644948 0.170431
vt 0.613040 0.205214
vt 0.592056 0.210839
vt 0.590188 0.205214
vt 0.644968 0.205214
vt 0.644837 0.210839
vt 0.613044 0.242358
vt 0.590331 0.266695
vt 0.590188 0.242358
vt 0.622284 0.266695
vt 0.644955 0.242358
vt 0.645106 0.266695
vt 0.613016 0.370171
vt 0.591758 0.385715
vt 0.590188 0.370171
vt 0.644926 0.370171
vt 0.644826 0.385715
vt 0.595193 0.430000
vt 0.622211 0.442796
vt 0.590335 0.442796
vt 0.644967 0.430000
vt 0.645106 0.442796
vt 0.001953 0.010424
vt 0.015682 0.010418
vt 0.001953 0.014657
vt 0.020254 0.030312
vt 0.001953 0.030312
vt 0.036903 0.010415
vt 0.056576 0.030312
vt 0.056870 0.010444
vt 0.001953 0.043078
vt 0.023312 0.043087
vt 0.001953 0.048007
vt 0.020501 0.064081
vt 0.001953 0.064081
vt 0.043141 0.043084
vt 0.056589 0.064081
vt 0.056870 0.043113
vt 0.001953 0.076710
vt 0.015682 0.076721
vt 0.001953 0.081808
vt 0.003751 0.097768
vt 0.037028 0.076715
vt 0.056598 0.097768
vt 0.056870 0.076769
vt 0.023320 0.111009
vt 0.020212 0.133885
vt 0.001953 0.111041
vt 0.001953 0.133885
vt 0.056681 0.111008
vt 0.056601 0.133885
vt 0.024863 0.161304
vt 0.015682 0.184343
vt 0.001953 0.161304
vt 0.001953 0.172985
vt 0.029412 0.185028
vt 0.056636 0.161304
vt 0.043141 0.184492
vt 0.056870 0.172985
vt 0.001953 0.191872
vt 0.056870 0.191872
vt 0.004200 0.231327
vt 0.056567 0.231327
vt 0.022886 0.247678
vt 0.027789 0.269388
vt 0.001953 0.247592
vt 0.001953 0.269157
vt 0.055944 0.247591
vt 0.056870 0.254476
vt 0.056870 0.269259
vt 0.908588 0.027021
vt 0.894012 0.046482
vt 0.884306 0.046819
vt 0.909812 0.046762
vt 0.650231 0.031448
vt 0.674518 0.039288
vt 0.661707 0.038622
vt 0.002208 0.303167
vt 0.024885 0.320451
vt 0.001953 0.319914
vt 0.055374 0.303167
vt 0.056870 0.320515
vt 0.884493 0.052329
vt 0.895235 0.094393
vt 0.884306 0.094691
vt 0.900844 0.052329
vt 0.909812 0.052329
vt 0.909812 0.094590
vt 0.674307 0.066399
vt 0.673618 0.081522
vt 0.651528 0.066399
vt 0.672472 0.171068
vt 0.674518 0.185511
vt 0.661703 0.184852
vt 0.656862 0.208156
vt 0.657945 0.224381
vt 0.649012 0.225675
vt 0.672904 0.270513
vt 0.674518 0.220241
vt 0.651129 0.289589
vt 0.674518 0.300653
vt 0.657915 0.300014
vt 0.056870 0.334947
vt 0.056870 0.339174
vt 0.036925 0.334929
vt 0.015682 0.334940
vt 0.002092 0.355093
vt 0.001953 0.334993
vt 0.033967 0.355093
vt 0.056870 0.355093
vt 0.023338 0.368475
vt 0.002095 0.391160
vt 0.001953 0.368472
vt 0.033964 0.391160
vt 0.056324 0.368461
vt 0.056870 0.374091
vt 0.056870 0.391160
vt 0.056870 0.404429
vt 0.056870 0.410205
vt 0.037014 0.404435
vt 0.015682 0.404435
vt 0.002089 0.427180
vt 0.001953 0.404454
vt 0.052276 0.427180
vt 0.082177 0.001961
vt 0.060927 0.023374
vt 0.060777 0.001955
vt 0.093249 0.023374
vt 0.115145 0.001953
vt 0.115694 0.006873
vt 0.115694 0.023374
vt 0.060777 0.052723
vt 0.079141 0.052735
vt 0.061863 0.070395
vt 0.115128 0.052724
vt 0.088235 0.082538
vt 0.115488 0.094343
vt 0.115694 0.068338
vt 0.079905 0.140146
vt 0.060777 0.094343
vt 0.060777 0.140146
vt 0.115149 0.140146
vt 0.061450 0.162764
vt 0.078903 0.195766
vt 0.060777 0.174308
vt 0.060777 0.195663
vt 0.095713 0.162762
vt 0.115694 0.162763
vt 0.115694 0.195467
vt 0.906626 0.100242
vt 0.894536 0.130933
vt 0.884306 0.131260
vt 0.909812 0.131236
vt 0.673047 0.323430
vt 0.674518 0.336870
vt 0.661365 0.336190
vt 0.061042 0.225570
vt 0.079446 0.243663
vt 0.060777 0.243434
vt 0.113586 0.225570
vt 0.115694 0.243231
vt 0.884440 0.136783
vt 0.893921 0.174968
vt 0.884306 0.175243
vt 0.908391 0.136783
vt 0.909812 0.175195
vt 0.649012 0.356727
vt 0.663998 0.356868
vt 0.649012 0.364865
vt 0.673226 0.381243
vt 0.674419 0.364865
vt 0.701226 0.036203
vt 0.689759 0.046146
vt 0.678424 0.046146
vt 0.684800 0.064759
vt 0.678424 0.064759
vt 0.060777 0.258142
vt 0.082157 0.258132
vt 0.060777 0.262439
vt 0.079158 0.278355
vt 0.060777 0.278355
vt 0.101965 0.258131
vt 0.115379 0.278355
vt 0.115694 0.258193
vt 0.060777 0.291082
vt 0.074506 0.291086
vt 0.060777 0.295983
vt 0.115694 0.291082
vt 0.115694 0.295983
vt 0.095898 0.291094
vt 0.079689 0.311905
vt 0.060777 0.311905
vt 0.115351 0.311905
vt 0.115694 0.324766
vt 0.115694 0.329882
vt 0.095797 0.324777
vt 0.061569 0.324767
vt 0.063082 0.345755
vt 0.060777 0.329882
vt 0.115399 0.345755
vt 0.060777 0.358834
vt 0.082177 0.358846
vt 0.060777 0.364188
vt 0.060915 0.381611
vt 0.093057 0.381611
vt 0.114763 0.358835
vt 0.115694 0.364188
vt 0.115694 0.381611
vt 0.065454 0.422654
vt 0.092929 0.448789
vt 0.060935 0.448789
vt 0.115557 0.422654
vt 0.115694 0.448789
vt 0.119911 0.001953
vt 0.140182 0.038350
vt 0.119600 0.038350
vt 0.156114 0.001953
vt 0.174315 0.038350
vt 0.174517 0.001953
vt 0.119748 0.105766
vt 0.151630 0.105766
vt 0.174517 0.105766
vt 0.174517 0.135812
vt 0.174517 0.153532
vt 0.160788 0.135792
vt 0.141052 0.135796
vt 0.145132 0.183272
vt 0.119600 0.135806
vt 0.119600 0.183042
vt 0.174517 0.183031
vt 0.902915 0.180816
vt 0.893731 0.225018
vt 0.884306 0.225339
vt 0.909812 0.225308
vt 0.119870 0.206769
vt 0.145685 0.220367
vt 0.119600 0.220010
vt 0.172961 0.206769
vt 0.174517 0.220121
vt 0.885635 0.230866
vt 0.894397 0.258281
vt 0.884306 0.258566
vt 0.909812 0.258528
vt 0.702686 0.193388
vt 0.696907 0.204503
vt 0.678424 0.203826
vt 0.696731 0.248011
vt 0.703929 0.219558
vt 0.702202 0.266063
vt 0.703929 0.276097
vt 0.690956 0.275439
vt 0.703237 0.293933
vt 0.679439 0.314170
vt 0.678424 0.300563
vt 0.704115 0.314844
vt 0.702338 0.337909
vt 0.702605 0.353522
vt 0.688154 0.360485
vt 0.678424 0.361164
vt 0.119600 0.235186
vt 0.133330 0.235175
vt 0.119600 0.239034
vt 0.174517 0.235186
vt 0.174517 0.239034
vt 0.154689 0.235184
vt 0.119798 0.255228
vt 0.152136 0.255228
vt 0.174517 0.255228
vt 0.119600 0.266850
vt 0.133330 0.266874
vt 0.119600 0.271140
vt 0.174517 0.266850
vt 0.174517 0.271140
vt 0.154604 0.266859
vt 0.119771 0.285066
vt 0.151670 0.285066
vt 0.174517 0.285066
vt 0.119600 0.296693
vt 0.140931 0.296701
vt 0.119600 0.300744
vt 0.119745 0.314761
vt 0.169510 0.314761
vt 0.173838 0.296694
vt 0.174517 0.300744
vt 0.133330 0.325566
vt 0.119741 0.341502
vt 0.119600 0.325572
vt 0.154633 0.325561
vt 0.151573 0.341502
vt 0.174517 0.325630
vt 0.174517 0.341502
vt 0.119903 0.370383
vt 0.133330 0.386699
vt 0.119600 0.384285
vt 0.155997 0.370383
vt 0.153732 0.387315
vt 0.174517 0.370383
vt 0.174517 0.384285
vt 0.119600 0.407371
vt 0.174517 0.407371
vt 0.119736 0.451714
vt 0.169655 0.451714
vt 0.233341 0.019477
vt 0.233341 0.030337
vt 0.214159 0.019452
vt 0.192153 0.019488
vt 0.204135 0.050872
vt 0.178424 0.019530
vt 0.178424 0.050631
vt 0.233341 0.050724
vt 0.908298 0.264131
vt 0.893845 0.293339
vt 0.884306 0.293663
vt 0.909812 0.293638
vt 0.702005 0.382424
vt 0.703929 0.394456
vt 0.687024 0.393819
vt 0.181306 0.076169
vt 0.203213 0.088913
vt 0.178424 0.088529
vt 0.233178 0.076169
vt 0.233341 0.088655
vt 0.885746 0.299187
vt 0.896499 0.328906
vt 0.884306 0.329094
vt 0.909708 0.299187
vt 0.909812 0.329267
vt 0.678538 0.411510
vt 0.678530 0.431046
vt 0.678424 0.417600
vt 0.693523 0.411507
vt 0.703929 0.411543
vt 0.703929 0.431165
vt 0.679869 0.453626
vt 0.713069 0.014489
vt 0.717916 0.022296
vt 0.707835 0.022984
vt 0.714389 0.041311
vt 0.719629 0.054014
vt 0.707835 0.048408
vt 0.733341 0.048408
vt 0.707835 0.063253
vt 0.733341 0.063253
vt 0.732070 0.087633
vt 0.178424 0.103185
vt 0.199902 0.103177
vt 0.178424 0.107473
vt 0.233341 0.103185
vt 0.233341 0.107473
vt 0.219612 0.103163
vt 0.196917 0.123062
vt 0.178424 0.123062
vt 0.233083 0.123062
vt 0.178424 0.134757
vt 0.192153 0.134755
vt 0.178424 0.138610
vt 0.197164 0.152838
vt 0.178424 0.152838
vt 0.213549 0.134763
vt 0.233031 0.152838
vt 0.233341 0.134814
vt 0.178424 0.164560
vt 0.199727 0.164567
vt 0.178424 0.168549
vt 0.180495 0.182724
vt 0.219612 0.164566
vt 0.233068 0.182724
vt 0.233341 0.164599
vt 0.178424 0.194570
vt 0.199793 0.194574
vt 0.178424 0.198637
vt 0.178560 0.213549
vt 0.210582 0.213549
vt 0.219612 0.194580
vt 0.233341 0.194586
vt 0.233341 0.213549
vt 0.233341 0.231183
vt 0.233341 0.237331
vt 0.213483 0.231189
vt 0.179136 0.231183
vt 0.198909 0.250537
vt 0.178424 0.240476
vt 0.233145 0.250537
vt 0.198455 0.275030
vt 0.178424 0.275030
vt 0.231043 0.275030
vt 0.233341 0.287883
vt 0.233341 0.291771
vt 0.213550 0.287899
vt 0.192153 0.287896
vt 0.202784 0.302581
vt 0.178424 0.287904
vt 0.178424 0.302284
vt 0.233341 0.302553
vt 0.901657 0.334756
vt 0.893823 0.347448
vt 0.884306 0.334756
vt 0.884306 0.347788
vt 0.909812 0.347750
vt 0.709146 0.125229
vt 0.733341 0.130723
vt 0.720558 0.130059
vt 0.180141 0.321889
vt 0.196910 0.329163
vt 0.178424 0.328867
vt 0.214617 0.321889
vt 0.233341 0.321889
vt 0.233341 0.329202
vt 0.894401 0.353296
vt 0.896656 0.372646
vt 0.884306 0.353296
vt 0.884306 0.372842
vt 0.909706 0.353296
vt 0.909812 0.373044
vt 0.707928 0.149699
vt 0.721861 0.169133
vt 0.707835 0.167175
vt 0.731046 0.149704
vt 0.733341 0.168229
vt 0.732090 0.198897
vt 0.731969 0.215807
vt 0.718687 0.224098
vt 0.707835 0.224759
vt 0.733341 0.238906
vt 0.708685 0.252312
vt 0.715959 0.238891
vt 0.709991 0.281117
vt 0.717322 0.284580
vt 0.707835 0.285223
vt 0.233341 0.343640
vt 0.233341 0.347807
vt 0.213445 0.343626
vt 0.192153 0.343634
vt 0.178576 0.363674
vt 0.178424 0.343680
vt 0.210392 0.363674
vt 0.233341 0.363674
vt 0.199815 0.376489
vt 0.178569 0.397815
vt 0.178424 0.376533
vt 0.210609 0.397815
vt 0.232719 0.376481
vt 0.233341 0.381656
vt 0.233341 0.397815
vt 0.233341 0.410707
vt 0.233341 0.415883
vt 0.213492 0.410712
vt 0.192153 0.410716
vt 0.178566 0.432071
vt 0.178424 0.410778
vt 0.228397 0.432071
vt 0.258645 0.001962
vt 0.237384 0.024743
vt 0.237247 0.001989
vt 0.269294 0.024743
vt 0.291543 0.001953
vt 0.292165 0.007337
vt 0.292165 0.024743
vt 0.260031 0.071144
vt 0.257184 0.106244
vt 0.237247 0.071144
vt 0.237247 0.099261
vt 0.291979 0.071144
vt 0.278435 0.107365
vt 0.292165 0.098669
vt 0.237247 0.141703
vt 0.237394 0.217645
vt 0.288027 0.217645
vt 0.260244 0.253650
vt 0.271578 0.276007
vt 0.237254 0.253661
vt 0.291974 0.253650
vt 0.292165 0.276007
vt 0.261689 0.312250
vt 0.237247 0.276007
vt 0.237247 0.311932
vt 0.292165 0.312221
vt 0.884414 0.378494
vt 0.893430 0.433897
vt 0.884306 0.434202
vt 0.901231 0.378494
vt 0.909812 0.378494
vt 0.909812 0.434196
vt 0.241986 0.352076
vt 0.259210 0.378679
vt 0.237247 0.378151
vt 0.291975 0.352076
vt 0.292165 0.378619
vt 0.237247 0.393256
vt 0.258612 0.393246
vt 0.237247 0.397332
vt 0.255525 0.413315
vt 0.237247 0.413315
vt 0.278435 0.393249
vt 0.291890 0.413315
vt 0.292165 0.393267
vt 0.237247 0.426265
vt 0.250977 0.426274
vt 0.237247 0.431759
vt 0.239331 0.448322
vt 0.272396 0.426276
vt 0.291891 0.448322
vt 0.292165 0.426282
vt 0.296071 0.011001
vt 0.317414 0.011006
vt 0.296071 0.016290
vt 0.297992 0.032925
vt 0.337259 0.011007
vt 0.350719 0.032925
vt 0.350988 0.011015
vt 0.309800 0.045153
vt 0.296223 0.065101
vt 0.296071 0.045208
vt 0.331190 0.045155
vt 0.328587 0.065101
vt 0.350988 0.045153
vt 0.350988 0.065101
vt 0.332505 0.102613
vt 0.318649 0.148965
vt 0.296839 0.102614
vt 0.337259 0.147191
vt 0.350988 0.102613
vt 0.350988 0.122606
vt 0.296071 0.122606
vt 0.296071 0.153521
vt 0.350988 0.153521
vt 0.298368 0.212670
vt 0.350593 0.212670
vt 0.296071 0.237255
vt 0.309800 0.237242
vt 0.296071 0.250284
vt 0.325383 0.274054
vt 0.296071 0.273949
vt 0.332484 0.237439
vt 0.350988 0.237276
vt 0.350988 0.273725
vt 0.913848 0.063134
vt 0.922903 0.098298
vt 0.913718 0.098611
vt 0.937519 0.063134
vt 0.939223 0.098614
vt 0.760105 0.223328
vt 0.762753 0.240536
vt 0.750033 0.239877
vt 0.345144 0.294619
vt 0.326203 0.303469
vt 0.296071 0.294619
vt 0.296071 0.303319
vt 0.350988 0.302949
vt 0.914427 0.104146
vt 0.924463 0.125588
vt 0.913718 0.125920
vt 0.929821 0.104146
vt 0.939223 0.104146
vt 0.939223 0.125738
vt 0.737247 0.257707
vt 0.743650 0.257818
vt 0.737247 0.269991
vt 0.742779 0.299769
vt 0.761477 0.257710
vt 0.762753 0.264703
vt 0.760806 0.314960
vt 0.762753 0.322211
vt 0.750057 0.321550
vt 0.761060 0.337293
vt 0.750000 0.343300
vt 0.736933 0.341567
vt 0.762753 0.341652
vt 0.762753 0.352795
vt 0.738488 0.371066
vt 0.737247 0.352795
vt 0.296071 0.318288
vt 0.317609 0.318291
vt 0.296071 0.322082
vt 0.350988 0.318288
vt 0.350988 0.322082
vt 0.337259 0.318267
vt 0.315638 0.338246
vt 0.296071 0.338246
vt 0.350770 0.338246
vt 0.296071 0.350328
vt 0.309800 0.350348
vt 0.296071 0.355138
vt 0.297841 0.370153
vt 0.331264 0.350341
vt 0.350704 0.370153
vt 0.350988 0.350407
vt 0.296071 0.382350
vt 0.317419 0.382355
vt 0.296071 0.386804
vt 0.297936 0.401944
vt 0.337259 0.382356
vt 0.350710 0.401944
vt 0.350988 0.382401
vt 0.309800 0.413468
vt 0.314183 0.431447
vt 0.296071 0.413544
vt 0.296071 0.431447
vt 0.331205 0.413468
vt 0.350710 0.431447
vt 0.350988 0.413490
vt 0.377379 0.001953
vt 0.394010 0.022046
vt 0.354895 0.001955
vt 0.409661 0.001953
vt 0.409812 0.018994
vt 0.354894 0.013102
vt 0.354894 0.033356
vt 0.356496 0.067320
vt 0.409526 0.067320
vt 0.376105 0.084302
vt 0.371628 0.106573
vt 0.354894 0.084303
vt 0.354894 0.106368
vt 0.409625 0.084301
vt 0.409812 0.106407
vt 0.938024 0.131439
vt 0.927529 0.151751
vt 0.913718 0.152074
vt 0.939223 0.152031
vt 0.738587 0.407409
vt 0.762753 0.415766
vt 0.750955 0.415122
vt 0.355180 0.124811
vt 0.373229 0.133549
vt 0.354894 0.133281
vt 0.408158 0.124811
vt 0.409812 0.133254
vt 0.937758 0.157597
vt 0.925910 0.175819
vt 0.913718 0.176019
vt 0.939223 0.176139
vt 0.767005 0.001952
vt 0.788152 0.038263
vt 0.766659 0.024602
vt 0.788767 0.001947
vt 0.792165 0.015134
vt 0.768926 0.076426
vt 0.789741 0.128354
vt 0.772670 0.141177
vt 0.766659 0.132011
vt 0.792165 0.138400
vt 0.790881 0.158960
vt 0.789665 0.171870
vt 0.780706 0.176241
vt 0.766659 0.176869
vt 0.354894 0.147971
vt 0.376271 0.147965
vt 0.354894 0.152234
vt 0.373226 0.168050
vt 0.354894 0.168050
vt 0.396082 0.147966
vt 0.409538 0.168050
vt 0.409812 0.147973
vt 0.354894 0.180699
vt 0.368624 0.180705
vt 0.354894 0.185637
vt 0.373140 0.201569
vt 0.354894 0.201569
vt 0.390016 0.180703
vt 0.409540 0.201569
vt 0.409812 0.180740
vt 0.354894 0.214311
vt 0.376239 0.214318
vt 0.354894 0.219287
vt 0.356838 0.235237
vt 0.396082 0.214322
vt 0.409542 0.235237
vt 0.409812 0.214324
vt 0.354894 0.247132
vt 0.368624 0.247138
vt 0.354894 0.251257
vt 0.355032 0.266298
vt 0.390062 0.247138
vt 0.387228 0.266298
vt 0.409812 0.247145
vt 0.409812 0.266298
vt 0.355190 0.293728
vt 0.375198 0.314309
vt 0.354894 0.307523
vt 0.408129 0.293728
vt 0.396082 0.316662
vt 0.409812 0.312574
vt 0.354894 0.331004
vt 0.356649 0.373327
vt 0.409538 0.373327
vt 0.391778 0.394671
vt 0.409521 0.424552
vt 0.368732 0.394835
vt 0.409812 0.394671
vt 0.409812 0.405115
vt 0.373316 0.425173
vt 0.354894 0.394695
vt 0.354894 0.425010
vt 0.937923 0.181667
vt 0.923668 0.210255
vt 0.913718 0.210596
vt 0.939223 0.210541
vt 0.768719 0.197727
vt 0.776132 0.208673
vt 0.766659 0.209307
vt 0.413994 0.001953
vt 0.439758 0.016390
vt 0.413718 0.016034
vt 0.466072 0.001953
vt 0.468635 0.016120
vt 0.914912 0.216104
vt 0.924481 0.246932
vt 0.913718 0.247242
vt 0.939223 0.247147
vt 0.776408 0.226578
vt 0.790800 0.268821
vt 0.766660 0.226584
vt 0.791478 0.226579
vt 0.766659 0.246330
vt 0.792165 0.246330
vt 0.767911 0.285537
vt 0.792165 0.294227
vt 0.776010 0.293606
vt 0.787957 0.313219
vt 0.774833 0.335994
vt 0.766659 0.313234
vt 0.792165 0.320822
vt 0.792165 0.336310
vt 0.788797 0.361670
vt 0.767804 0.377282
vt 0.792165 0.384927
vt 0.776182 0.384303
vt 0.468635 0.030892
vt 0.468635 0.035227
vt 0.448833 0.030877
vt 0.427447 0.030875
vt 0.413881 0.051189
vt 0.413718 0.030933
vt 0.446465 0.051189
vt 0.468635 0.051189
vt 0.413718 0.064037
vt 0.435130 0.064048
vt 0.413718 0.069059
vt 0.432419 0.085218
vt 0.413718 0.085218
vt 0.467855 0.064037
vt 0.468314 0.085218
vt 0.468635 0.069059
vt 0.413718 0.097961
vt 0.427447 0.097971
vt 0.413718 0.103186
vt 0.468635 0.097961
vt 0.468635 0.103186
vt 0.448780 0.097968
vt 0.415449 0.119220
vt 0.468353 0.119220
vt 0.435099 0.132601
vt 0.415590 0.155955
vt 0.413718 0.132641
vt 0.454906 0.132598
vt 0.468365 0.155955
vt 0.468635 0.132625
vt 0.468635 0.201552
vt 0.468635 0.229620
vt 0.448772 0.201594
vt 0.414506 0.201554
vt 0.413920 0.272180
vt 0.413718 0.229620
vt 0.448039 0.272180
vt 0.468635 0.272180
vt 0.432764 0.346979
vt 0.413718 0.346979
vt 0.468061 0.346979
vt 0.414210 0.381330
vt 0.434335 0.402761
vt 0.413718 0.402761
vt 0.450702 0.381330
vt 0.468433 0.402761
vt 0.468635 0.381330
vt 0.439145 0.437447
vt 0.413718 0.437170
vt 0.468635 0.437329
vt 0.472833 0.031490
vt 0.497454 0.054385
vt 0.472541 0.053965
vt 0.524943 0.031490
vt 0.527459 0.054146
vt 0.937947 0.310811
vt 0.926630 0.358693
vt 0.913718 0.358918
vt 0.939223 0.358980
vt 0.814627 0.025099
vt 0.806751 0.040231
vt 0.821576 0.040231
vt 0.821576 0.066032
vt 0.527459 0.068885
vt 0.527459 0.073207
vt 0.507628 0.068876
vt 0.486271 0.068878
vt 0.472682 0.089162
vt 0.472541 0.068904
vt 0.504696 0.089162
vt 0.527459 0.089162
vt 0.493924 0.101590
vt 0.472680 0.121922
vt 0.472541 0.101585
vt 0.504547 0.121922
vt 0.526923 0.101581
vt 0.527459 0.106341
vt 0.527459 0.121922
vt 0.527459 0.134397
vt 0.527459 0.139120
vt 0.507617 0.134401
vt 0.486271 0.134400
vt 0.472678 0.154735
vt 0.472541 0.134411
vt 0.522914 0.154735
vt 0.493943 0.166619
vt 0.472541 0.166614
vt 0.472686 0.185647
vt 0.504451 0.185647
vt 0.526915 0.166613
vt 0.527459 0.170706
vt 0.527459 0.185647
vt 0.527459 0.207232
vt 0.527459 0.217116
vt 0.507601 0.207215
vt 0.486271 0.207217
vt 0.493141 0.235567
vt 0.472541 0.207267
vt 0.472541 0.235567
vt 0.527256 0.235567
vt 0.472682 0.267682
vt 0.504671 0.267682
vt 0.527459 0.267682
vt 0.527459 0.284927
vt 0.527459 0.291955
vt 0.507291 0.284956
vt 0.486271 0.284963
vt 0.497852 0.307354
vt 0.472541 0.284939
vt 0.472541 0.307101
vt 0.527459 0.307282
vt 0.931363 0.364543
vt 0.927687 0.385385
vt 0.913718 0.385718
vt 0.939223 0.385707
vt 0.798023 0.298521
vt 0.821576 0.305727
vt 0.808636 0.305051
vt 0.472820 0.329442
vt 0.498347 0.341117
vt 0.472541 0.340758
vt 0.525081 0.329442
vt 0.527459 0.340872
vt 0.914945 0.391231
vt 0.926733 0.416051
vt 0.913718 0.416282
vt 0.939223 0.416348
vt 0.820924 0.326333
vt 0.820993 0.352142
vt 0.796071 0.344463
vt 0.811282 0.380954
vt 0.819915 0.400084
vt 0.821576 0.411191
vt 0.808497 0.410514
vt 0.803845 0.427955
vt 0.819772 0.446515
vt 0.796071 0.433580
vt 0.821576 0.433580
vt 0.830096 0.034033
vt 0.850988 0.040888
vt 0.838166 0.040232
vt 0.472541 0.355552
vt 0.493930 0.355543
vt 0.472541 0.359695
vt 0.491000 0.375492
vt 0.472541 0.375492
vt 0.513729 0.355550
vt 0.527123 0.375492
vt 0.527459 0.355568
vt 0.472541 0.387087
vt 0.486271 0.387091
vt 0.472541 0.391075
vt 0.527459 0.387087
vt 0.527459 0.391075
vt 0.507671 0.387090
vt 0.472698 0.405152
vt 0.505022 0.405152
vt 0.527459 0.405152
vt 0.472541 0.416739
vt 0.493889 0.416743
vt 0.472541 0.420636
vt 0.474409 0.434745
vt 0.513729 0.416744
vt 0.527182 0.434745
vt 0.527459 0.416795
vt 0.545094 0.010051
vt 0.533267 0.029361
vt 0.531365 0.010093
vt 0.566487 0.010051
vt 0.586012 0.029361
vt 0.586282 0.010081
vt 0.566433 0.052760
vt 0.558824 0.063856
vt 0.531492 0.052760
vt 0.531345 0.061685
vt 0.572553 0.065951
vt 0.586282 0.052760
vt 0.586282 0.061897
vt 0.549739 0.109737
vt 0.531365 0.077045
vt 0.531365 0.109737
vt 0.586005 0.109737
vt 0.552945 0.125918
vt 0.556920 0.146831
vt 0.531365 0.125962
vt 0.531365 0.146556
vt 0.585602 0.125901
vt 0.586282 0.132282
vt 0.586282 0.146829
vt 0.915961 0.421901
vt 0.923540 0.441379
vt 0.913718 0.441728
vt 0.939223 0.441654
vt 0.848245 0.057068
vt 0.835393 0.063405
vt 0.825483 0.064058
vt 0.531864 0.185105
vt 0.555489 0.207191
vt 0.531365 0.206736
vt 0.584197 0.185105
vt 0.586282 0.206956
vt 0.946389 0.001953
vt 0.952785 0.051890
vt 0.943130 0.052182
vt 0.968545 0.001953
vt 0.968635 0.052089
vt 0.850914 0.093437
vt 0.850988 0.111507
vt 0.833290 0.093486
vt 0.849139 0.140073
vt 0.825565 0.111507
vt 0.849504 0.213704
vt 0.850988 0.233910
vt 0.837958 0.233261
vt 0.840277 0.259895
vt 0.850988 0.273207
vt 0.848179 0.295839
vt 0.825483 0.259812
vt 0.531365 0.221692
vt 0.552660 0.221677
vt 0.531365 0.225829
vt 0.586282 0.221692
vt 0.586282 0.225829
vt 0.572553 0.221668
vt 0.531560 0.241723
vt 0.563418 0.241723
vt 0.586282 0.241723
vt 0.552792 0.254110
vt 0.531501 0.274392
vt 0.531365 0.254102
vt 0.563397 0.274392
vt 0.585730 0.254099
vt 0.586282 0.258918
vt 0.586282 0.274392
vt 0.586282 0.286747
vt 0.586282 0.291450
vt 0.566438 0.286750
vt 0.545094 0.286750
vt 0.531502 0.306964
vt 0.531365 0.286759
vt 0.581538 0.306964
vt 0.552761 0.319175
vt 0.533329 0.339080
vt 0.531365 0.319175
vt 0.572553 0.319175
vt 0.586011 0.339080
vt 0.586282 0.319199
vt 0.554031 0.379229
vt 0.551961 0.401050
vt 0.531365 0.379229
vt 0.531365 0.401050
vt 0.586117 0.379229
vt 0.586078 0.401050
vt 0.531571 0.434292
vt 0.565674 0.434292
vt 0.586282 0.434292
vt 0.550251 0.498047
vt 0.531365 0.498047
vt 0.585806 0.498047
vt 0.611712 0.023607
vt 0.613841 0.062620
vt 0.590188 0.023617
vt 0.590188 0.062305
vt 0.644904 0.023619
vt 0.645106 0.062489
vt 0.953881 0.057739
vt 0.956941 0.094808
vt 0.943130 0.057739
vt 0.943130 0.095129
vt 0.968562 0.057739
vt 0.968635 0.095084
vt 0.841631 0.405563
vt 0.839906 0.423049
vt 0.825483 0.423720
vt 0.597274 0.085764
vt 0.614972 0.097736
vt 0.590188 0.097300
vt 0.644885 0.085764
vt 0.645106 0.097612
vt 0.943324 0.100655
vt 0.953896 0.126793
vt 0.943130 0.127097
vt 0.966869 0.100655
vt 0.968635 0.127020
vt 0.857882 0.001955
vt 0.880400 0.030581
vt 0.857372 0.033233
vt 0.854894 0.013601
vt 0.879165 0.067884
vt 0.875504 0.088949
vt 0.880400 0.102007
vt 0.867416 0.101337
vt 0.866155 0.119122
vt 0.863970 0.128478
vt 0.854894 0.129173
vt 0.880400 0.119131
vt 0.880400 0.127479
vt 0.875781 0.160765
vt 0.867019 0.175657
vt 0.880400 0.182623
vt 0.867653 0.181965
vt 0.603918 0.112060
vt 0.608481 0.131993
vt 0.590188 0.112103
vt 0.590188 0.131993
vt 0.625272 0.112061
vt 0.644836 0.131993
vt 0.645106 0.112080
vt 0.590188 0.144949
vt 0.611473 0.144955
vt 0.590188 0.150074
vt 0.608811 0.166525
vt 0.590188 0.166525
vt 0.631376 0.144950
vt 0.644833 0.166525
vt 0.645106 0.144996
vt 0.590188 0.179596
vt 0.603918 0.179611
vt 0.590188 0.184889
vt 0.591992 0.201308
vt 0.625252 0.179602
vt 0.644834 0.201308
vt 0.645106 0.179643
vt 0.590188 0.214745
vt 0.611531 0.214758
vt 0.590188 0.220437
vt 0.608844 0.238452
vt 0.590188 0.238452
vt 0.631376 0.214756
vt 0.644816 0.238452
vt 0.645106 0.214752
vt 0.590443 0.270601
vt 0.603918 0.296638
vt 0.590188 0.287895
vt 0.626844 0.270601
vt 0.617647 0.296496
vt 0.631376 0.296756
vt 0.645106 0.270601
vt 0.645106 0.287895
vt 0.590188 0.315949
vt 0.645106 0.315949
vt 0.608821 0.366265
vt 0.590188 0.366265
vt 0.644841 0.366265
vt 0.590188 0.389621
vt 0.613349 0.389600
vt 0.590188 0.401827
vt 0.645106 0.389621
vt 0.645106 0.401827
vt 0.631376 0.389616
vt 0.609257 0.424146
vt 0.590188 0.424028
vt 0.645106 0.423837
vt 0.649357 0.001953
vt 0.667999 0.013697
vt 0.649012 0.013456
vt 0.684983 0.001953
vt 0.703929 0.001953
vt 0.703929 0.013303
vt 0.966188 0.170529
vt 0.955445 0.195803
vt 0.943130 0.196010
vt 0.968635 0.196094
vt 0.003906 0.503906
vt 0.500000 0.750000
vt 0.003906 0.750000
vt 0.500000 0.503906
vt 0.996094 0.750000
vt 0.996094 0.503906
vt 0.500000 0.996094
vt 0.003906 0.996094
vt 0.996094 0.996094
vt -0.000309 0.503906
vt 0.500000 0.503999
vt 0.008855 0.750000
s 1
usemtl Autumn_L
f 1908/1/1 1818/2/2 2045/3/3
f 2045/3/3 1818/2/2 2001/4/4
f 1986/5/5 1932/6/6 1908/1/1
f 1908/1/1 1932/6/6 1818/2/2
f 1691/7/7 1749/8/8 1958/9/9
f 1958/9/9 1749/8/8 1977/10/10
f 1840/11/11 1883/12/12 1691/7/7
f 1691/7/7 1883/12/12 1749/8/8
f 1768/13/13 1831/14/14 1981/15/15
f 1768/13/16 1689/16/17 1831/14/18
f 1896/17/19 1689/16/17 1768/13/16
f 1753/18/20 1783/19/21 1611/20/22
f 1611/20/22 1783/19/21 1646/21/23
f 1706/22/24 1813/23/25 1950/24/26
f 1950/24/26 1813/23/25 1993/25/27
f 1842/26/28 1916/27/29 1706/22/30
f 1706/22/30 1916/27/29 1813/23/31
f 2100/28/32 2126/29/32 2208/30/32
f 2151/31/33 2174/32/33 2100/28/33
f 2100/28/34 2174/32/34 2126/29/34
f 2102/33/35 2142/34/35 2181/35/35
f 2148/36/36 2142/34/36 2102/33/36
f 2004/37/37 1951/38/37 1982/39/37
f 1746/40/38 1793/41/38 1975/42/38
f 1746/40/39 1659/43/39 1793/41/39
f 1899/44/40 1659/43/40 1746/40/40
f 1899/44/41 1935/45/41 1659/43/41
f 1584/46/42 1627/47/43 1738/48/44
f 1738/48/44 1627/47/43 1779/49/45
f 1870/50/46 1914/51/47 1584/46/42
f 1584/46/42 1914/51/47 1627/47/43
f 1665/52/48 1585/53/48 1807/54/48
f 1807/54/49 1585/53/49 1711/55/49
f 1919/56/50 1585/53/50 1665/52/50
f 1506/57/51 1538/58/52 1639/59/53
f 1639/59/53 1538/58/52 1673/60/54
f 1758/61/55 1421/62/56 1679/63/57
f 1616/64/58 1421/62/56 1758/61/55
f 1616/64/59 1544/65/60 1421/62/61
f 1892/66/62 1544/65/60 1616/64/59
f 509/67/63 430/68/63 566/69/63
f 509/67/64 408/70/64 430/68/64
f 553/71/65 408/70/65 509/67/65
f 516/72/66 333/73/67 542/74/68
f 542/74/68 333/73/67 346/75/69
f 516/72/66 366/76/70 333/73/67
f 1003/77/71 1016/78/72 1175/79/73
f 1175/79/73 1016/78/72 1213/80/74
f 1003/77/71 1110/81/75 1016/78/72
f 1176/82/76 1110/81/75 1003/77/71
f 1058/83/77 1060/84/78 1235/85/79
f 1235/85/79 1060/84/78 1238/86/80
f 1136/87/81 1138/88/82 1058/83/77
f 1058/83/77 1138/88/82 1060/84/78
f 1068/89/83 1154/90/84 1243/91/85
f 1068/89/86 1077/92/87 1154/90/88
f 1149/93/89 1077/92/87 1068/89/86
f 1099/94/90 1101/95/91 1261/96/92
f 1170/97/93 1180/98/94 1099/94/90
f 1099/94/90 1180/98/94 1101/95/91
f 1109/99/95 1045/100/96 1199/101/97
f 1109/99/98 1129/102/99 1045/100/100
f 686/103/101 668/104/102 729/105/103
f 686/103/104 711/106/105 668/104/106
f 772/107/107 711/106/105 686/103/104
f 691/108/108 620/109/108 730/110/108
f 730/110/109 620/109/109 659/111/109
f 1144/112/110 1285/113/110 1334/114/110
f 1144/112/111 1194/115/111 1285/113/111
f 1248/116/112 1194/115/112 1144/112/112
f 1248/116/113 1385/117/113 1194/115/113
f 1251/118/114 1253/119/115 1352/120/116
f 1352/120/117 1253/119/117 1355/121/117
f 1467/122/118 1471/123/118 1251/118/118
f 1251/118/114 1471/123/119 1253/119/115
f 1272/124/120 1291/125/121 1362/126/122
f 1272/124/123 1381/127/124 1291/125/125
f 1479/128/126 1381/127/124 1272/124/123
f 1318/129/127 1316/130/128 1409/131/129
f 1409/131/129 1316/130/128 1404/132/130
f 1309/133/131 1269/134/132 1391/135/133
f 1391/135/133 1269/134/132 1363/136/134
f 1309/133/135 1476/137/136 1269/134/137
f 900/138/138 849/139/138 939/140/138
f 939/140/139 849/139/139 874/141/139
f 900/138/140 917/142/140 849/139/140
f 953/143/141 806/144/141 905/145/141
f 905/145/142 806/144/142 757/146/142
f 1868/147/143 2013/148/144 1934/149/145
f 1934/149/145 2013/148/144 2044/150/146
f 1987/151/147 2069/152/148 1868/147/149
f 1868/147/149 2069/152/148 2013/148/150
f 2086/153/151 2134/154/151 2160/155/151
f 2086/153/152 2097/156/152 2134/154/152
f 2123/157/153 2097/156/153 2086/153/153
f 2123/157/154 2189/158/154 2097/156/154
f 2133/159/155 2198/160/156 2221/161/157
f 2133/159/158 2155/162/159 2198/160/160
f 2184/163/161 2155/162/159 2133/159/158
f 2219/164/162 2217/165/163 2177/166/164
f 2177/166/164 2217/165/163 2175/167/165
f 2172/168/166 2147/169/166 2216/170/166
f 2172/168/167 2187/171/167 2147/169/167
f 2236/172/168 2187/171/168 2172/168/168
f 2090/173/169 2179/174/169 2158/175/169
f 2090/173/170 2168/176/170 2179/174/170
f 2125/177/171 2168/176/171 2090/173/171
f 2125/177/172 2213/178/172 2168/176/172
f 2087/179/173 2079/180/173 2103/181/173
f 2115/182/174 2079/180/174 2087/179/174
f 2115/182/175 2139/183/175 2079/180/175
f 2015/184/176 2022/185/176 2057/186/176
f 2029/187/177 2022/185/177 2015/184/177
f 1079/188/178 1124/189/178 1265/190/178
f 1079/188/179 1038/191/179 1124/189/179
f 1174/192/180 1038/191/180 1079/188/180
f 1174/192/181 1224/193/181 1038/191/181
f 1001/194/182 1008/195/183 1082/196/184
f 1082/196/184 1008/195/183 1095/197/185
f 1162/198/186 1189/199/187 1001/194/182
f 1001/194/182 1189/199/187 1008/195/183
f 1025/200/188 1005/201/189 1107/202/190
f 1107/202/190 1005/201/189 1083/203/191
f 1193/204/192 1005/201/189 1025/200/188
f 999/205/193 1014/206/194 1075/207/195
f 1075/207/195 1014/206/194 1091/208/196
f 1128/209/197 925/210/198 1052/211/199
f 1043/212/200 925/210/198 1128/209/197
f 1043/212/201 982/213/202 925/210/203
f 1219/214/204 982/213/202 1043/212/201
f 921/215/205 984/216/205 978/217/205
f 921/215/206 1047/218/207 984/216/208
f 924/219/209 881/220/209 975/221/209
f 924/219/210 927/222/210 881/220/210
f 1320/223/211 1371/224/211 1565/225/211
f 1565/225/212 1371/224/212 1654/226/212
f 1410/227/213 1490/228/213 1320/223/213
f 1320/223/214 1490/228/214 1371/224/214
f 1429/229/215 1407/230/216 1727/231/217
f 1727/231/218 1407/230/218 1692/232/218
f 1573/233/219 1535/234/220 1429/229/215
f 1429/229/215 1535/234/220 1407/230/216
f 1403/235/221 1431/236/222 1672/237/223
f 1530/238/224 1554/239/225 1403/235/221
f 1403/235/221 1554/239/225 1431/236/222
f 1594/240/226 1586/241/227 1458/242/228
f 1458/242/228 1586/241/227 1445/243/229
f 1418/244/230 1493/245/231 1550/246/232
f 1550/246/233 1493/245/233 1625/247/233
f 1695/248/234 1775/249/234 1418/244/234
f 1418/244/230 1775/249/235 1493/245/231
f 894/250/236 776/251/237 824/252/238
f 930/253/239 776/251/237 894/250/236
f 930/253/240 861/254/241 776/251/241
f 896/255/242 822/256/242 949/257/242
f 896/255/243 852/258/243 822/256/243
f 787/259/244 870/260/244 842/261/244
f 1553/262/245 1877/263/245 1792/264/245
f 1553/262/246 1787/265/247 1877/263/248
f 1688/266/249 1787/265/247 1553/262/246
f 1688/266/250 1967/267/251 1787/265/252
f 1964/268/253 2016/269/253 2064/270/253
f 1964/268/254 1940/271/254 2016/269/254
f 2024/272/255 1940/271/255 1964/268/255
f 2024/272/256 2059/273/256 1940/271/256
f 1901/274/257 1941/275/258 2038/276/259
f 1984/277/260 2005/278/261 1901/274/257
f 1901/274/257 2005/278/261 1941/275/258
f 2020/279/262 2003/280/263 1961/281/264
f 1961/281/264 2003/280/263 1943/282/265
f 1882/283/266 1747/284/267 2028/285/268
f 2028/285/268 1747/284/267 1962/286/269
f 1973/287/270 1861/288/271 1882/283/272
f 1882/283/272 1861/288/271 1747/284/273
f 898/289/274 816/290/275 952/291/276
f 898/289/277 843/292/278 816/290/279
f 904/293/280 796/294/280 951/295/280
f 951/295/281 796/294/281 839/296/281
f 1542/297/282 1574/298/283 1850/299/284
f 1850/299/284 1574/298/283 1874/300/285
f 1542/297/282 1731/301/286 1574/298/283
f 1851/302/287 1731/301/286 1542/297/282
f 1552/303/288 1495/304/289 1849/305/290
f 1849/305/290 1495/304/289 1796/306/291
f 1708/307/292 1635/308/293 1552/303/288
f 1552/303/288 1635/308/293 1495/304/289
f 1447/309/294 1515/310/295 1734/311/296
f 1589/312/297 1649/313/298 1447/309/294
f 1447/309/294 1649/313/298 1515/310/295
f 1568/314/299 1526/315/300 1834/316/301
f 1703/317/302 1660/318/303 1568/314/299
f 1568/314/299 1660/318/303 1526/315/300
f 1440/319/304 1262/320/305 1577/321/306
f 1577/321/306 1262/320/305 1353/322/307
f 1716/323/308 1461/324/309 1440/319/304
f 1440/319/304 1461/324/309 1262/320/305
f 751/325/310 853/326/310 736/327/310
f 751/325/311 736/327/311 692/328/311
f 802/329/312 751/325/312 692/328/312
f 802/329/313 692/328/313 779/330/313
f 756/331/314 666/332/315 705/333/316
f 803/334/317 666/332/315 756/331/314
f 1339/335/318 1305/336/318 1559/337/318
f 1339/335/319 1228/338/319 1305/336/319
f 1464/339/320 1228/338/320 1339/335/320
f 1464/339/321 1405/340/321 1228/338/321
f 1087/341/322 1114/342/323 1166/343/324
f 1166/343/325 1114/342/325 1209/344/325
f 1274/345/326 1304/346/326 1087/341/326
f 1087/341/322 1304/346/327 1114/342/323
f 1117/347/328 1059/348/329 1284/349/330
f 1201/350/331 1131/351/332 1117/347/328
f 1117/347/328 1131/351/332 1059/348/329
f 1073/352/333 1103/353/334 997/354/335
f 997/354/335 1103/353/334 1020/355/336
f 1071/356/337 1092/357/337 1244/358/337
f 1071/356/338 1010/359/339 1092/357/340
f 1151/360/341 1010/359/339 1071/356/338
f 1151/360/342 1163/361/343 1010/359/344
f 316/362/345 214/363/345 361/364/345
f 316/362/346 197/365/346 214/363/346
f 338/366/347 197/365/347 316/362/347
f 338/366/348 234/367/348 197/365/348
f 320/368/349 174/369/349 354/370/349
f 320/368/350 163/371/350 174/369/350
f 332/372/351 163/371/351 320/368/351
f 16/373/352 2/374/352 11/375/352
f 1488/376/353 1499/377/354 1770/378/355
f 1488/376/356 1376/379/357 1499/377/358
f 1771/380/359 1652/381/360 1488/376/356
f 1488/376/356 1652/381/360 1376/379/357
f 1301/382/361 1321/383/362 1394/384/363
f 1394/384/363 1321/383/362 1416/385/364
f 1532/386/365 1564/387/366 1301/382/361
f 1301/382/361 1564/387/366 1321/383/362
f 1333/388/367 1311/389/368 1442/390/369
f 1442/390/369 1311/389/368 1389/391/370
f 1282/392/371 1312/393/372 1368/394/373
f 1368/394/373 1312/393/372 1387/395/374
f 1345/396/375 1290/397/376 1452/398/377
f 1452/398/377 1290/397/376 1377/399/378
f 1596/400/379 1500/401/380 1345/396/375
f 1345/396/375 1500/401/380 1290/397/376
f 1029/402/381 946/403/381 1089/404/381
f 1089/404/382 946/403/382 979/405/382
f 1029/402/383 1050/406/383 946/403/383
f 1031/407/384 947/408/385 1090/409/386
f 1090/409/386 947/408/385 990/410/387
f 1579/411/388 1629/412/389 1872/413/390
f 1872/413/390 1629/412/389 1922/414/391
f 1719/415/392 1777/416/393 1579/411/388
f 1579/411/388 1777/416/393 1629/412/389
f 1643/417/394 1578/418/394 1926/419/394
f 1926/419/395 1578/418/395 1856/420/395
f 1805/421/396 1729/422/396 1643/417/396
f 1643/417/397 1729/422/397 1578/418/397
f 1504/423/398 1545/424/399 1645/425/400
f 1645/425/400 1545/424/399 1685/426/401
f 1740/427/402 1701/428/403 1602/429/404
f 1602/429/404 1701/428/403 1566/430/405
f 1498/431/406 1482/432/407 1640/433/408
f 1640/433/408 1482/432/407 1613/434/409
f 1498/431/410 1760/435/411 1482/432/412
f 937/436/413 913/437/413 1036/438/413
f 937/436/414 867/439/414 913/437/414
f 973/440/415 867/439/415 937/436/415
f 942/441/416 635/442/417 994/443/418
f 994/443/418 635/442/417 671/444/419
f 271/445/420 218/446/420 260/447/420
f 1475/448/421 1484/449/422 1790/450/423
f 1790/450/423 1484/449/422 1800/451/424
f 1475/448/421 1632/452/425 1484/449/422
f 1791/453/426 1632/452/425 1475/448/421
f 1541/454/427 1599/455/428 1697/456/429
f 1697/456/429 1599/455/428 1751/457/430
f 1838/458/431 1890/459/432 1541/454/427
f 1541/454/427 1890/459/432 1599/455/428
f 1663/460/433 1621/461/434 1810/462/435
f 1810/462/435 1621/461/434 1765/463/436
f 1605/464/437 1619/465/438 1743/466/439
f 1743/466/439 1619/465/438 1759/467/440
f 1668/468/441 1929/469/442 1709/470/443
f 1929/469/442 1955/471/444 1709/470/443
f 1816/472/445 1668/468/441 1843/473/446
f 1668/468/441 1709/470/443 1843/473/446
f 1684/474/447 1931/475/448 1822/476/449
f 1931/475/448 1989/477/450 1822/476/449
f 1826/478/451 1684/474/452 1927/479/453
f 1684/474/452 1822/476/454 1927/479/453
f 1836/480/455 1412/481/455 1612/482/455
f 1704/483/456 1412/481/456 1836/480/456
f 1915/484/457 1412/481/457 1704/483/457
f 914/485/458 980/486/458 971/487/458
f 941/488/459 980/486/459 914/485/459
f 1153/489/460 1293/490/460 1356/491/460
f 1153/489/461 1206/492/461 1293/490/461
f 1258/493/462 1206/492/462 1153/489/462
f 1258/493/463 1397/494/463 1206/492/463
f 1307/495/464 1487/496/465 1528/497/466
f 1307/495/467 1365/498/468 1487/496/469
f 1400/499/470 1365/498/468 1307/495/467
f 1400/499/471 1623/500/472 1365/498/473
f 1444/501/474 1514/502/474 1721/503/474
f 1444/501/475 1383/504/475 1514/502/475
f 1581/505/476 1383/504/476 1444/501/476
f 1370/506/477 1419/507/478 1608/508/479
f 1481/509/480 1536/510/481 1370/506/477
f 1370/506/477 1536/510/481 1419/507/478
f 1534/511/482 1669/512/483 1828/513/484
f 1534/511/485 1520/514/486 1669/512/487
f 1677/515/488 1520/514/486 1534/511/485
f 1677/515/489 1819/516/490 1520/514/491
f 2130/517/492 2241/518/493 2205/519/494
f 2164/520/495 2247/521/495 2130/517/495
f 2130/517/492 2247/521/496 2241/518/493
f 2131/522/497 2224/523/497 2238/524/497
f 2170/525/498 2224/523/498 2131/522/498
f 2170/525/499 2249/526/499 2224/523/499
f 2002/527/500 1863/528/500 1969/529/500
f 1863/528/501 1690/530/502 1969/529/503
f 1969/529/504 1690/530/504 1957/531/504
f 1722/532/505 1690/530/502 1863/528/501
f 1722/532/506 1839/533/507 1690/530/508
f 1970/534/509 1839/533/507 1722/532/506
f 1978/535/510 1750/536/510 2000/537/510
f 1750/536/511 1767/538/512 2000/537/513
f 2000/537/514 1767/538/514 1980/539/514
f 1884/540/515 1895/541/516 1750/536/511
f 1750/536/511 1895/541/516 1767/538/512
f 1979/542/517 1895/541/516 1884/540/515
f 1939/543/518 1744/544/519 1864/545/520
f 1744/544/521 1610/546/522 1864/545/523
f 1597/547/524 1610/546/522 1744/544/521
f 1597/547/525 1752/548/526 1610/546/527
f 1865/549/528 1752/548/526 1597/547/525
f 1647/550/529 1705/551/530 1905/552/531
f 1905/552/532 1705/551/532 1949/553/532
f 1784/554/533 1841/555/534 1647/550/529
f 1647/550/529 1841/555/534 1705/551/530
f 1814/556/535 1991/557/535 1994/558/535
f 1994/558/536 1991/557/536 2034/559/536
f 1814/556/537 1906/560/537 1991/557/537
f 1917/561/538 1974/562/538 1814/556/538
f 1814/556/539 1974/562/539 1906/560/539
f 1917/561/540 2035/563/540 1974/562/540
f 2034/559/541 1991/557/541 2083/564/541
f 2035/563/542 2084/565/542 1974/562/542
f 1991/557/543 2099/566/543 2083/564/543
f 1906/560/544 2099/566/544 1991/557/544
f 1974/562/545 2150/567/545 1906/560/545
f 1906/560/546 2150/567/546 2099/566/546
f 2084/565/547 2150/567/547 1974/562/547
f 2127/568/548 2120/569/548 2201/570/548
f 2201/570/549 2120/569/549 2165/571/549
f 2161/572/550 2120/569/550 2127/568/550
f 2202/573/551 2166/574/551 2161/572/551
f 2161/572/552 2166/574/552 2120/569/552
f 2121/575/553 2110/576/553 2145/577/553
f 2121/575/554 2146/578/554 2110/576/554
f 2108/579/555 2154/580/555 2117/581/555
f 2182/582/556 2152/583/556 2195/584/556
f 2143/585/557 2152/583/557 2182/582/557
f 2143/585/558 2196/586/558 2152/583/558
f 2178/587/559 2007/588/559 2040/589/559
f 2153/590/560 2007/588/560 2178/587/560
f 2206/591/561 2041/592/561 2153/590/561
f 2153/590/562 2041/592/562 2007/588/562
f 1988/593/563 1910/594/563 1952/595/563
f 1055/596/564 887/597/564 873/598/564
f 1325/599/565 1288/600/566 1359/601/567
f 1288/600/566 961/602/568 1359/601/569
f 1325/599/565 961/602/568 1288/600/566
f 1360/603/570 961/602/568 1325/599/565
f 838/604/571 699/605/571 676/606/571
f 1936/607/572 1888/608/572 1590/609/572
f 1741/610/573 1737/611/573 1887/612/573
f 1590/609/574 1583/613/574 1741/610/574
f 1741/610/575 1583/613/575 1737/611/575
f 1888/608/576 1869/614/576 1590/609/576
f 1590/609/577 1869/614/577 1583/613/577
f 1628/615/578 1806/616/578 1913/617/578
f 1628/615/579 1664/618/580 1806/616/581
f 1786/619/582 1664/618/580 1628/615/579
f 1953/620/583 1918/621/584 1786/619/585
f 1786/619/585 1918/621/584 1664/618/586
f 1847/622/587 1764/623/587 1486/624/587
f 1618/625/588 1638/626/588 1763/627/588
f 1486/624/589 1505/628/590 1618/625/591
f 1618/625/591 1505/628/590 1638/626/592
f 1764/623/593 1505/628/590 1486/624/589
f 1539/629/594 1757/630/594 1821/631/594
f 1539/629/595 1615/632/596 1757/630/597
f 1678/633/598 1615/632/596 1539/629/595
f 1860/634/599 1891/635/600 1678/633/601
f 1678/633/601 1891/635/600 1615/632/602
f 1680/636/603 1422/637/604 969/638/605
f 1422/637/606 1279/639/607 922/640/608
f 1422/637/606 922/640/608 969/638/609
f 1279/639/610 970/641/611 922/640/612
f 1358/642/613 970/641/613 1279/639/613
f 969/638/614 508/643/614 1013/644/614
f 1013/644/615 508/643/615 565/645/615
f 922/640/616 508/643/616 969/638/616
f 970/641/611 552/646/617 922/640/612
f 922/640/612 552/646/617 508/643/618
f 387/647/619 295/648/620 414/649/621
f 414/649/622 295/648/622 318/650/622
f 362/651/623 295/648/620 387/647/619
f 415/652/624 319/653/624 362/651/624
f 362/651/625 319/653/625 295/648/625
f 296/654/626 183/655/627 192/656/628
f 296/654/626 193/657/629 183/655/627
f 135/658/630 92/659/630 88/660/630
f 347/661/631 186/662/632 195/663/633
f 334/664/634 186/662/632 347/661/631
f 334/664/634 196/665/635 186/662/632
f 202/666/636 56/667/637 61/668/638
f 194/669/639 56/667/637 202/666/636
f 194/669/639 62/670/640 56/667/637
f 47/671/641 27/672/641 33/673/641
f 27/672/642 17/674/643 33/673/644
f 28/675/645 17/674/645 27/672/645
f 32/676/646 18/677/646 19/678/646
f 18/677/647 5/679/647 19/678/647
f 19/678/648 5/679/648 6/680/648
f 1214/681/649 1017/682/649 1227/683/649
f 1017/682/650 1057/684/651 1227/683/652
f 1227/683/653 1057/684/653 1234/685/653
f 1111/686/654 1135/687/655 1017/682/650
f 1017/682/650 1135/687/655 1057/684/651
f 1215/688/656 1135/687/655 1111/686/654
f 1239/689/657 1137/690/658 1231/691/659
f 1240/692/660 1232/693/660 1061/694/660
f 1137/690/661 1067/695/662 1231/691/663
f 1231/691/664 1067/695/664 1242/696/664
f 1061/694/665 1067/695/662 1137/690/661
f 1061/694/666 1148/697/667 1067/695/668
f 1232/693/669 1148/697/667 1061/694/666
f 1247/698/670 1256/699/670 1078/700/670
f 1155/701/671 1098/702/672 1255/703/673
f 1078/700/674 1098/702/672 1155/701/671
f 1078/700/675 1169/704/676 1098/702/677
f 1256/699/678 1169/704/676 1078/700/675
f 1266/705/679 1102/706/680 1259/707/681
f 1102/706/682 1198/708/682 1259/707/682
f 1102/706/683 1108/709/684 1198/708/685
f 1179/710/686 1108/709/684 1102/706/683
f 1260/711/687 1287/712/688 1179/710/689
f 1179/710/689 1287/712/688 1108/709/690
f 1046/713/691 1032/714/692 1118/715/693
f 1130/716/694 1032/714/692 1046/713/691
f 1130/716/695 1204/717/696 1032/714/697
f 1119/718/698 859/719/699 958/720/700
f 1033/721/701 859/719/699 1119/718/698
f 1033/721/702 906/722/702 859/719/702
f 1205/723/703 906/722/703 1033/721/703
f 859/719/704 728/724/704 958/720/704
f 859/719/705 685/725/705 728/724/705
f 906/722/706 685/725/706 859/719/706
f 906/722/707 771/726/707 685/725/707
f 754/727/708 725/728/708 690/729/708
f 651/730/709 639/731/709 724/732/709
f 724/732/710 639/731/710 688/733/710
f 690/729/711 639/731/711 651/730/711
f 725/728/712 689/734/712 690/729/712
f 690/729/713 689/734/714 639/731/714
f 640/735/715 743/736/715 791/737/715
f 640/735/716 792/738/716 743/736/716
f 660/739/717 540/740/718 579/741/719
f 621/742/720 540/740/718 660/739/717
f 621/742/720 580/743/721 540/740/718
f 544/744/722 369/745/723 389/746/724
f 544/744/722 390/747/725 369/745/723
f 331/748/726 280/749/727 305/750/728
f 280/749/729 237/751/729 305/750/729
f 306/752/730 237/751/731 280/749/732
f 240/753/733 246/754/733 227/755/733
f 231/756/734 169/757/735 254/758/736
f 231/756/734 180/759/737 169/757/735
f 180/759/738 112/760/739 169/757/740
f 86/761/741 64/762/742 68/763/743
f 1384/764/744 1286/765/744 1433/766/744
f 1386/767/745 1434/768/745 1195/769/745
f 1286/765/746 1351/770/746 1433/766/746
f 1195/769/747 1250/771/748 1286/765/749
f 1286/765/749 1250/771/748 1351/770/750
f 1434/768/751 1466/772/752 1195/769/747
f 1195/769/747 1466/772/752 1250/771/748
f 1470/773/753 1346/774/754 1459/775/755
f 1472/776/756 1460/777/756 1252/778/756
f 1346/774/757 1361/779/757 1459/775/757
f 1252/778/758 1271/780/759 1346/774/760
f 1346/774/760 1271/780/759 1361/779/761
f 1460/777/762 1478/781/763 1252/778/758
f 1252/778/758 1478/781/763 1271/780/759
f 1502/782/764 1292/783/765 1523/784/766
f 1292/783/767 1408/785/767 1523/784/767
f 1292/783/768 1317/786/769 1408/785/770
f 1382/787/771 1317/786/769 1292/783/768
f 1524/788/772 1317/786/769 1382/787/771
f 1395/789/773 1390/790/773 1511/791/773
f 1315/792/774 1308/793/775 1395/789/776
f 1395/789/776 1308/793/775 1390/790/777
f 1512/794/778 1518/795/779 1315/792/774
f 1315/792/774 1518/795/779 1308/793/775
f 1364/796/780 1280/797/781 1636/798/782
f 1270/799/783 1212/800/784 1364/796/785
f 1364/796/780 1212/800/786 1280/797/781
f 1477/801/787 1637/802/787 1270/799/787
f 1270/799/783 1637/802/788 1212/800/784
f 1636/798/789 1280/797/789 1374/803/789
f 1637/802/790 1375/804/790 1212/800/790
f 1280/797/791 938/805/791 1374/803/791
f 1212/800/792 899/806/793 1280/797/794
f 1280/797/794 899/806/793 938/805/795
f 1375/804/796 899/806/793 1212/800/792
f 918/807/797 783/808/797 723/809/797
f 737/810/798 573/811/799 782/812/800
f 782/812/801 573/811/801 605/813/801
f 723/809/802 573/811/799 737/810/798
f 783/808/803 606/814/803 723/809/803
f 723/809/802 606/814/804 573/811/799
f 584/815/805 400/816/806 409/817/807
f 584/815/805 410/818/808 400/816/806
f 313/819/809 236/820/809 224/821/809
f 758/822/810 610/823/810 632/824/810
f 807/825/811 610/823/811 758/822/811
f 807/825/812 633/826/812 610/823/812
f 615/827/813 450/828/813 463/829/813
f 642/830/814 450/828/814 615/827/814
f 642/830/815 464/831/815 450/828/815
f 498/832/816 564/833/816 588/834/816
f 498/832/817 472/835/818 564/833/819
f 505/836/820 664/837/820 472/835/820
f 472/835/818 828/838/821 564/833/819
f 664/837/822 828/838/821 472/835/818
f 965/839/823 1167/840/823 1216/841/823
f 397/842/824 303/843/825 364/844/826
f 397/842/827 365/845/827 303/843/827
f 364/844/828 303/843/828 322/846/828
f 365/845/829 323/847/829 303/843/829
f 303/843/830 278/848/830 322/846/830
f 323/847/831 278/848/831 303/843/831
f 2068/849/832 2014/850/832 2092/851/832
f 2070/852/833 2093/853/833 2051/854/833
f 2014/850/834 2085/855/834 2092/851/834
f 2092/851/835 2085/855/835 2159/856/835
f 2051/854/836 2122/857/836 2014/850/836
f 2014/850/837 2122/857/837 2085/855/837
f 2093/853/838 2122/857/838 2051/854/838
f 2188/858/839 2135/859/840 2199/860/841
f 2135/859/842 2132/861/843 2199/860/844
f 2199/860/845 2132/861/845 2220/862/845
f 2098/863/846 2132/861/843 2135/859/842
f 2098/863/847 2183/864/848 2132/861/849
f 2190/865/850 2183/864/848 2098/863/847
f 2226/866/851 2156/867/851 2230/868/851
f 2156/867/852 2176/869/853 2230/868/854
f 2193/870/855 2218/871/856 2156/867/852
f 2156/867/852 2218/871/856 2176/869/853
f 2227/872/857 2218/871/856 2193/870/855
f 2234/873/858 2173/874/859 2232/875/860
f 2173/874/861 2215/876/861 2232/875/861
f 2173/874/862 2171/877/863 2215/876/864
f 2210/878/865 2171/877/863 2173/874/862
f 2233/879/866 2235/880/867 2210/878/868
f 2210/878/868 2235/880/867 2171/877/869
f 2222/881/870 2186/882/870 2101/883/870
f 2149/884/871 2074/885/871 2136/886/871
f 2101/883/872 2074/885/872 2149/884/872
f 2101/883/873 2096/887/873 2074/885/873
f 2186/882/874 2096/887/874 2101/883/874
f 2074/885/875 2089/888/875 2136/886/875
f 2136/886/876 2089/888/876 2157/889/876
f 2096/887/877 2124/890/877 2074/885/877
f 2074/885/878 2124/890/878 2089/888/878
f 2214/891/879 2244/892/879 2169/893/879
f 2180/894/880 2252/895/880 2212/896/880
f 2212/896/881 2252/895/881 2260/897/881
f 2169/893/882 2252/895/882 2180/894/882
f 2244/892/883 2261/898/883 2169/893/883
f 2169/893/884 2261/898/884 2252/895/884
f 2253/899/885 2282/900/885 2262/901/885
f 2262/901/886 2282/900/886 2284/902/886
f 2253/899/887 2285/903/887 2282/900/887
f 2291/904/888 2300/905/888 2299/906/888
f 2104/907/889 2081/908/889 2112/909/889
f 2080/910/890 2081/908/890 2104/907/890
f 2140/911/891 2113/912/891 2080/910/891
f 2080/910/892 2113/912/892 2081/908/892
f 2082/913/893 2017/914/893 2119/915/893
f 2119/915/894 2017/914/894 2042/916/894
f 2091/917/895 2017/914/895 2082/913/895
f 2091/917/896 2043/918/896 2017/914/896
f 2048/919/897 1824/920/897 1937/921/897
f 2048/919/898 1947/922/898 1824/920/898
f 1947/922/899 1938/923/899 1824/920/899
f 1824/920/900 1755/924/900 1937/921/900
f 1938/923/901 1755/924/901 1824/920/901
f 1718/925/902 1723/926/902 1817/927/902
f 1948/928/903 1852/929/904 1871/930/905
f 1296/931/906 1141/932/906 1145/933/906
f 1225/934/907 1191/935/907 1006/936/907
f 1094/937/908 1081/938/908 1190/939/908
f 1006/936/909 1000/940/910 1094/937/911
f 1094/937/911 1000/940/910 1081/938/912
f 1191/935/913 1161/941/914 1006/936/909
f 1006/936/909 1161/941/914 1000/940/910
f 1009/942/915 1106/943/915 1188/944/915
f 1009/942/916 1024/945/917 1106/943/918
f 1100/946/919 1024/945/917 1009/942/916
f 1211/947/920 1192/948/921 1100/946/922
f 1100/946/922 1192/948/921 1024/945/923
f 1159/949/924 1140/950/924 989/951/924
f 1063/952/925 1074/953/925 1139/954/925
f 989/951/926 998/955/927 1063/952/928
f 1063/952/928 998/955/927 1074/953/929
f 1140/950/930 998/955/927 989/951/926
f 1015/956/931 1127/957/931 1160/958/931
f 1015/956/932 1042/959/933 1127/957/934
f 1093/960/935 1042/959/933 1015/956/932
f 1203/961/936 1218/962/937 1093/960/938
f 1093/960/938 1218/962/937 1042/959/939
f 926/963/940 916/964/940 1053/965/940
f 1053/965/941 916/964/941 1039/966/941
f 983/967/942 976/968/942 926/963/942
f 926/963/943 976/968/944 916/964/945
f 983/967/946 1040/969/946 976/968/946
f 1039/966/947 916/964/947 1084/970/947
f 916/964/948 977/971/948 1084/970/948
f 916/964/945 920/972/949 977/971/950
f 976/968/944 920/972/949 916/964/945
f 1040/969/951 920/972/949 976/968/944
f 985/973/952 1044/974/953 1120/975/954
f 1048/976/955 1044/974/953 985/973/952
f 1048/976/956 1173/977/956 1044/974/956
f 1120/975/957 986/978/958 1172/979/959
f 1172/979/960 986/978/960 1064/980/960
f 1044/974/961 986/978/958 1120/975/957
f 1173/977/962 1065/981/962 1044/974/962
f 1044/974/961 1065/981/963 986/978/958
f 1030/982/964 663/983/964 682/984/964
f 987/985/965 663/983/965 1030/982/965
f 1080/986/966 683/987/966 987/985/966
f 987/985/967 683/987/967 663/983/967
f 882/988/968 940/989/968 1011/990/968
f 928/991/969 940/989/969 882/988/969
f 928/991/970 1012/992/970 940/989/970
f 1655/993/971 1372/994/971 1714/995/971
f 1372/994/972 1428/996/973 1714/995/974
f 1714/995/975 1428/996/975 1726/997/975
f 1491/998/976 1572/999/977 1372/994/972
f 1372/994/972 1572/999/977 1428/996/973
f 1656/1000/978 1572/999/977 1491/998/976
f 1693/1001/979 1508/1002/980 1657/1003/981
f 1508/1002/982 1402/1004/983 1657/1003/984
f 1378/1005/985 1402/1004/983 1508/1002/982
f 1378/1005/986 1529/1006/987 1402/1004/988
f 1658/1007/989 1529/1006/987 1378/1005/986
f 1699/1008/990 1432/1009/991 1745/1010/992
f 1432/1009/993 1457/1011/994 1745/1010/995
f 1555/1012/996 1593/1013/997 1432/1009/993
f 1432/1009/993 1593/1013/997 1457/1011/994
f 1700/1014/998 1593/1013/997 1555/1012/996
f 1557/1015/999 1549/1016/1000 1686/1017/1001
f 1438/1018/1002 1417/1019/1003 1557/1015/1004
f 1557/1015/1004 1417/1019/1003 1549/1016/1005
f 1687/1020/1006 1694/1021/1007 1438/1018/1002
f 1438/1018/1002 1694/1021/1007 1417/1019/1003
f 1494/1022/1008 1507/1023/1008 1626/1024/1008
f 1494/1022/1009 1617/1025/1009 1507/1023/1009
f 1776/1026/1010 1867/1027/1010 1494/1022/1010
f 1494/1022/1011 1867/1027/1011 1617/1025/1011
f 1626/1024/1012 1507/1023/1012 1866/1028/1012
f 1866/1028/1013 1507/1023/1013 1772/1029/1013
f 1867/1027/1014 1773/1030/1014 1617/1025/1014
f 1507/1023/1015 893/1031/1015 1772/1029/1015
f 1617/1025/1016 929/1032/1016 1507/1023/1016
f 1507/1023/1017 929/1032/1017 893/1031/1017
f 1773/1030/1018 929/1032/1018 1617/1025/1018
f 860/1033/1019 694/1034/1020 720/1035/1021
f 694/1034/1020 562/1036/1022 720/1035/1021
f 720/1035/1023 562/1036/1023 608/1037/1023
f 655/1038/1024 562/1036/1022 694/1034/1020
f 721/1039/1025 609/1040/1025 655/1038/1025
f 655/1038/1026 609/1040/1026 562/1036/1026
f 596/1041/1027 515/1042/1028 548/1043/1029
f 563/1044/1030 515/1042/1028 596/1041/1027
f 563/1044/1030 549/1045/1031 515/1042/1028
f 446/1046/1032 432/1047/1033 413/1048/1034
f 823/1049/1035 744/1050/1035 895/1051/1035
f 895/1051/1036 744/1050/1036 799/1052/1036
f 823/1049/1037 800/1053/1037 744/1050/1037
f 795/1054/1038 786/1055/1038 834/1056/1038
f 746/1057/1039 786/1055/1039 795/1054/1039
f 819/1058/1040 835/1059/1040 746/1057/1040
f 746/1057/1041 835/1059/1041 786/1055/1041
f 903/1060/1042 880/1061/1042 1022/1062/1042
f 880/1061/1043 1897/1063/1043 1022/1062/1043
f 871/1064/1044 1897/1063/1044 880/1061/1044
f 1023/1065/1045 1897/1063/1045 871/1064/1045
f 2066/1066/1046 2128/1067/1046 2116/1068/1046
f 768/1069/1047 753/1070/1048 793/1071/1049
f 841/1072/1050 813/1073/1050 768/1069/1050
f 793/1071/1051 731/1074/1051 812/1075/1051
f 753/1070/1052 731/1074/1052 793/1071/1052
f 768/1069/1053 731/1074/1053 753/1070/1053
f 813/1073/1054 731/1074/1054 768/1069/1054
f 1966/1076/1055 1788/1077/1055 2046/1078/1055
f 1968/1079/1056 2047/1080/1056 1907/1081/1056
f 1788/1077/1057 1963/1082/1057 2046/1078/1057
f 2046/1078/1058 1963/1082/1058 2063/1083/1058
f 1907/1081/1059 2023/1084/1059 1788/1077/1059
f 1788/1077/1060 2023/1084/1060 1963/1082/1060
f 2047/1080/1061 2023/1084/1061 1907/1081/1061
f 2058/1085/1062 1971/1086/1063 2025/1087/1064
f 1971/1086/1065 1900/1088/1065 2025/1087/1065
f 1873/1089/1066 1900/1088/1066 1971/1086/1066
f 1873/1089/1067 1983/1090/1067 1900/1088/1067
f 2026/1091/1068 1983/1090/1068 1873/1089/1068
f 2052/1092/1069 1942/1093/1070 2062/1094/1071
f 1942/1093/1072 1960/1095/1073 2062/1094/1074
f 2006/1096/1075 2019/1097/1076 1942/1093/1072
f 1942/1093/1072 2019/1097/1076 1960/1095/1073
f 2053/1098/1077 2019/1097/1076 2006/1096/1075
f 1985/1099/1078 1881/1100/1079 2032/1101/1080
f 2032/1101/1081 1881/1100/1081 2027/1102/1081
f 1909/1103/1082 1881/1100/1079 1985/1099/1078
f 1909/1103/1083 1972/1104/1084 1881/1100/1085
f 2033/1105/1086 1972/1104/1084 1909/1103/1083
f 1748/1106/1087 1298/1107/1087 1388/1108/1087
f 1862/1109/1088 1298/1107/1088 1748/1106/1088
f 1862/1109/1089 1454/1110/1089 1298/1107/1089
f 1833/1111/1090 1388/1108/1090 1453/1112/1090
f 1388/1108/1091 897/1113/1092 1453/1112/1093
f 1298/1107/1094 897/1113/1092 1388/1108/1091
f 1298/1107/1095 923/1114/1096 897/1113/1097
f 1454/1110/1098 923/1114/1096 1298/1107/1095
f 732/1115/1099 619/1116/1100 794/1117/1101
f 794/1117/1102 619/1116/1102 648/1118/1102
f 745/1119/1103 619/1116/1100 732/1115/1099
f 745/1119/1104 649/1120/1104 619/1116/1104
f 623/1121/1105 461/1122/1105 491/1123/1105
f 623/1121/1106 492/1124/1106 461/1122/1106
f 425/1125/1107 385/1126/1107 363/1127/1107
f 840/1128/1108 662/1129/1108 680/1130/1108
f 797/1131/1109 662/1129/1109 840/1128/1109
f 797/1131/1110 681/1132/1110 662/1129/1110
f 670/1133/1111 462/1134/1112 484/1135/1113
f 670/1133/1111 485/1136/1114 462/1134/1112
f 272/1137/1115 158/1138/1116 168/1139/1117
f 263/1140/1118 158/1138/1116 272/1137/1115
f 283/1141/1119 158/1138/1116 263/1140/1118
f 158/1138/1120 53/1142/1120 168/1139/1120
f 344/1143/1121 284/1144/1122 368/1145/1123
f 344/1143/1121 304/1146/1124 284/1144/1122
f 304/1146/1125 220/1147/1125 284/1144/1125
f 182/1148/1126 144/1149/1126 149/1150/1126
f 1875/1151/1127 1575/1152/1127 1893/1153/1127
f 1575/1152/1128 1551/1154/1129 1893/1153/1130
f 1893/1153/1131 1551/1154/1131 1848/1155/1131
f 1732/1156/1132 1707/1157/1133 1575/1152/1128
f 1575/1152/1128 1707/1157/1133 1551/1154/1129
f 1876/1158/1134 1707/1157/1133 1732/1156/1132
f 1797/1159/1135 1562/1160/1135 1712/1161/1135
f 1562/1160/1136 1446/1162/1137 1712/1161/1138
f 1712/1161/1139 1446/1162/1139 1733/1163/1139
f 1426/1164/1140 1446/1162/1137 1562/1160/1136
f 1426/1164/1141 1588/1165/1142 1446/1162/1143
f 1713/1166/1144 1588/1165/1142 1426/1164/1141
f 1798/1167/1145 1516/1168/1146 1859/1169/1147
f 1516/1168/1148 1567/1170/1149 1859/1169/1150
f 1650/1171/1151 1702/1172/1152 1516/1168/1148
f 1516/1168/1148 1702/1172/1152 1567/1170/1149
f 1799/1173/1153 1702/1172/1152 1650/1171/1151
f 1803/1174/1154 1598/1175/1155 1735/1176/1156
f 1598/1175/1157 1576/1177/1157 1735/1176/1157
f 1465/1178/1158 1439/1179/1159 1598/1175/1160
f 1598/1175/1160 1439/1179/1159 1576/1177/1161
f 1736/1180/1162 1715/1181/1163 1465/1178/1158
f 1465/1178/1158 1715/1181/1163 1439/1179/1159
f 1354/1182/1164 1034/1183/1165 1379/1184/1166
f 1263/1185/1167 1034/1183/1165 1354/1182/1164
f 1263/1185/1168 1105/1186/1169 1034/1183/1170
f 1263/1185/1168 1185/1187/1171 1105/1186/1169
f 1379/1184/1172 1034/1183/1172 1184/1188/1172
f 1034/1183/1170 750/1189/1173 1184/1188/1174
f 1105/1186/1169 801/1190/1175 1034/1183/1170
f 1034/1183/1170 801/1190/1175 750/1189/1173
f 1185/1187/1176 801/1190/1175 1105/1186/1169
f 693/1191/1177 703/1192/1178 701/1193/1179
f 780/1194/1180 784/1195/1180 693/1191/1180
f 693/1191/1177 784/1195/1181 703/1192/1178
f 701/1193/1182 656/1196/1182 778/1197/1182
f 778/1197/1183 656/1196/1183 702/1198/1183
f 703/1192/1184 656/1196/1184 701/1193/1184
f 657/1199/1185 587/1200/1185 611/1201/1185
f 657/1199/1186 612/1202/1186 587/1200/1186
f 529/1203/1187 478/1204/1188 496/1205/1189
f 706/1206/1190 627/1207/1191 674/1208/1192
f 667/1209/1193 627/1207/1191 706/1206/1190
f 667/1209/1193 675/1210/1194 627/1207/1191
f 628/1211/1195 546/1212/1196 575/1213/1197
f 628/1211/1195 576/1214/1198 546/1212/1196
f 431/1215/1199 266/1216/1199 381/1217/1199
f 431/1215/1200 393/1218/1200 266/1216/1200
f 381/1217/1201 266/1216/1202 398/1219/1203
f 399/1220/1204 266/1216/1204 393/1218/1204
f 204/1221/1205 160/1222/1205 154/1223/1205
f 489/1224/1206 447/1225/1207 503/1226/1208
f 504/1227/1209 486/1228/1209 489/1224/1209
f 489/1224/1210 486/1228/1210 447/1225/1210
f 486/1228/1211 437/1229/1211 447/1225/1211
f 420/1230/1212 442/1231/1212 417/1232/1212
f 1406/1233/1213 1324/1234/1213 1133/1235/1213
f 1226/1236/1214 1165/1237/1214 1323/1238/1214
f 1133/1235/1215 1086/1239/1215 1226/1236/1215
f 1226/1236/1216 1086/1239/1216 1165/1237/1216
f 1324/1234/1217 1273/1240/1217 1133/1235/1217
f 1133/1235/1218 1273/1240/1218 1086/1239/1218
f 1303/1241/1219 1115/1242/1219 1328/1243/1219
f 1115/1242/1220 1116/1244/1221 1328/1243/1222
f 1328/1243/1223 1116/1244/1223 1283/1245/1223
f 1208/1246/1224 1200/1247/1225 1115/1242/1220
f 1115/1242/1220 1200/1247/1225 1116/1244/1221
f 1329/1248/1226 1200/1247/1225 1208/1246/1224
f 1220/1249/1227 1066/1250/1228 1142/1251/1229
f 1221/1252/1230 1143/1253/1230 992/1254/1230
f 1066/1250/1231 996/1255/1232 1142/1251/1233
f 992/1254/1234 996/1255/1232 1066/1250/1231
f 992/1254/1235 1072/1256/1236 996/1255/1237
f 1143/1253/1238 1072/1256/1236 992/1254/1235
f 1021/1257/1239 1070/1258/1240 1177/1259/1241
f 1104/1260/1242 1150/1261/1243 1021/1257/1239
f 1021/1257/1239 1150/1261/1243 1070/1258/1240
f 1178/1262/1244 1150/1261/1243 1104/1260/1242
f 1164/1263/1245 1019/1264/1245 910/1265/1245
f 959/1266/1246 845/1267/1246 1018/1268/1246
f 910/1265/1247 789/1269/1248 959/1266/1249
f 959/1266/1250 789/1269/1250 845/1267/1250
f 1019/1264/1251 883/1270/1251 910/1265/1251
f 910/1265/1247 883/1270/1252 789/1269/1248
f 845/1267/1253 315/1271/1253 360/1272/1253
f 789/1269/1254 315/1271/1254 845/1267/1254
f 789/1269/1255 337/1273/1256 315/1271/1257
f 883/1270/1258 337/1273/1256 789/1269/1255
f 215/1274/1259 111/1275/1259 126/1276/1259
f 198/1277/1260 111/1275/1260 215/1274/1260
f 198/1277/1261 119/1278/1261 111/1275/1261
f 235/1279/1262 119/1278/1262 198/1277/1262
f 111/1275/1263 38/1280/1264 126/1276/1265
f 126/1276/1266 38/1280/1266 41/1281/1266
f 119/1278/1267 38/1280/1264 111/1275/1263
f 119/1278/1268 42/1282/1268 38/1280/1268
f 175/1283/1269 72/1284/1270 77/1285/1271
f 164/1286/1272 72/1284/1270 175/1283/1269
f 164/1286/1272 78/1287/1273 72/1284/1270
f 75/1288/1274 9/1289/1275 13/1290/1276
f 75/1288/1274 14/1291/1277 9/1289/1275
f 3/1292/1278 1/1293/1278 7/1294/1278
f 7/1294/1279 1/1293/1279 8/1295/1279
f 1653/1296/1280 1570/1297/1280 1319/1298/1280
f 1423/1299/1281 1393/1300/1281 1569/1301/1281
f 1319/1298/1282 1300/1302/1283 1423/1299/1284
f 1423/1299/1284 1300/1302/1283 1393/1300/1285
f 1570/1297/1286 1531/1303/1287 1319/1298/1282
f 1319/1298/1282 1531/1303/1287 1300/1302/1283
f 1322/1304/1288 1441/1305/1288 1563/1306/1288
f 1322/1304/1289 1332/1307/1290 1441/1305/1291
f 1425/1308/1292 1332/1307/1290 1322/1304/1289
f 1609/1309/1293 1582/1310/1294 1425/1308/1295
f 1425/1308/1295 1582/1310/1294 1332/1307/1296
f 1517/1311/1297 1456/1312/1297 1257/1313/1297
f 1350/1314/1298 1367/1315/1298 1455/1316/1298
f 1257/1313/1299 1281/1317/1300 1350/1314/1301
f 1350/1314/1301 1281/1317/1300 1367/1315/1302
f 1456/1312/1303 1281/1317/1300 1257/1313/1299
f 1313/1318/1304 1513/1319/1304 1451/1320/1304
f 1313/1318/1305 1451/1320/1306 1344/1321/1307
f 1392/1322/1308 1313/1318/1305 1344/1321/1307
f 1558/1323/1309 1392/1322/1310 1595/1324/1311
f 1392/1322/1310 1344/1321/1312 1595/1324/1311
f 1501/1325/1313 1449/1326/1313 1249/1327/1313
f 1338/1328/1314 1223/1329/1315 1448/1330/1316
f 1448/1330/1317 1223/1329/1317 1401/1331/1317
f 1249/1327/1318 1223/1329/1315 1338/1328/1314
f 1249/1327/1319 1314/1332/1320 1223/1329/1321
f 1449/1326/1322 1314/1332/1320 1249/1327/1319
f 1223/1329/1323 1088/1333/1323 1401/1331/1323
f 1223/1329/1324 1028/1334/1324 1088/1333/1324
f 1314/1332/1325 1028/1334/1325 1223/1329/1325
f 1314/1332/1326 1158/1335/1326 1028/1334/1326
f 1051/1336/1327 957/1337/1327 885/1338/1327
f 909/1339/1328 809/1340/1328 956/1341/1328
f 956/1341/1329 809/1340/1329 857/1342/1329
f 885/1338/1330 809/1340/1330 909/1339/1330
f 957/1337/1331 858/1343/1331 885/1338/1331
f 885/1338/1332 858/1343/1332 809/1340/1332
f 810/1344/1333 775/1345/1333 817/1346/1333
f 810/1344/1334 818/1347/1334 775/1345/1334
f 770/1348/1335 851/1349/1335 814/1350/1335
f 991/1351/1336 901/1352/1336 954/1353/1336
f 948/1354/1337 901/1352/1337 991/1351/1337
f 948/1354/1338 955/1355/1338 901/1352/1338
f 902/1356/1339 833/1357/1339 868/1358/1339
f 902/1356/1340 869/1359/1340 833/1357/1340
f 892/1360/1341 963/1361/1342 988/1362/1343
f 963/1361/1342 1186/1363/1344 988/1362/1343
f 1343/1364/1345 1603/1365/1345 1509/1366/1345
f 678/1367/1346 559/1368/1346 708/1369/1346
f 709/1370/1347 559/1368/1347 678/1367/1347
f 277/1371/1348 213/1372/1348 205/1373/1348
f 1923/1374/1349 1630/1375/1349 1944/1376/1349
f 1630/1375/1350 1642/1377/1350 1944/1376/1350
f 1944/1376/1351 1642/1377/1351 1925/1378/1351
f 1778/1379/1352 1804/1380/1352 1630/1375/1352
f 1630/1375/1353 1804/1380/1353 1642/1377/1353
f 1924/1381/1354 1804/1380/1354 1778/1379/1354
f 1857/1382/1355 1631/1383/1355 1781/1384/1355
f 1858/1385/1356 1782/1386/1356 1492/1387/1356
f 1631/1383/1357 1644/1388/1357 1781/1384/1357
f 1492/1387/1358 1503/1389/1359 1631/1383/1360
f 1631/1383/1361 1503/1389/1361 1644/1388/1361
f 1782/1386/1362 1785/1390/1362 1492/1387/1362
f 1492/1387/1358 1785/1390/1363 1503/1389/1359
f 1829/1391/1364 1546/1392/1365 1880/1393/1365
f 1546/1392/1366 1601/1394/1367 1880/1393/1368
f 1682/1395/1369 1739/1396/1370 1546/1392/1366
f 1546/1392/1366 1739/1396/1370 1601/1394/1367
f 1830/1397/1371 1739/1396/1370 1682/1395/1369
f 1661/1398/1372 1497/1399/1373 1794/1400/1374
f 1522/1401/1375 1497/1399/1373 1661/1398/1372
f 1522/1401/1376 1641/1402/1377 1497/1399/1378
f 1795/1403/1379 1641/1402/1377 1522/1401/1376
f 1483/1404/1380 1289/1405/1380 1614/1406/1380
f 1614/1406/1381 1289/1405/1382 1380/1407/1383
f 1483/1404/1384 1348/1408/1385 1289/1405/1386
f 1761/1409/1387 1463/1410/1387 1483/1404/1387
f 1483/1404/1388 1463/1410/1388 1348/1408/1388
f 1380/1407/1383 936/1411/1389 1462/1412/1390
f 1462/1412/1390 936/1411/1389 1035/1413/1391
f 1289/1405/1382 936/1411/1389 1380/1407/1383
f 1348/1408/1385 972/1414/1392 1289/1405/1386
f 1289/1405/1386 972/1414/1392 936/1411/1393
f 1463/1410/1394 972/1414/1392 1348/1408/1385
f 820/1415/1395 715/1416/1395 888/1417/1395
f 888/1417/1396 715/1416/1396 748/1418/1396
f 855/1419/1397 715/1416/1397 820/1415/1397
f 889/1420/1398 749/1421/1398 855/1419/1398
f 855/1419/1399 749/1421/1399 715/1416/1399
f 722/1422/1400 518/1423/1401 535/1424/1402
f 722/1422/1400 536/1425/1403 518/1423/1401
f 457/1426/1404 371/1427/1404 380/1428/1404
f 672/1429/1405 494/1430/1405 523/1431/1405
f 636/1432/1406 494/1430/1406 672/1429/1406
f 636/1432/1407 524/1433/1407 494/1430/1407
f 497/1434/1408 259/1435/1408 273/1436/1408
f 510/1437/1409 259/1435/1409 497/1434/1409
f 510/1437/1410 274/1438/1410 259/1435/1410
f 230/1439/1411 264/1440/1411 219/1441/1411
f 219/1441/1412 298/1442/1412 256/1443/1412
f 264/1440/1413 298/1442/1413 219/1441/1413
f 538/1444/1414 599/1445/1414 567/1446/1414
f 153/1447/1415 167/1448/1416 99/1449/1417
f 153/1447/1418 99/1449/1418 166/1450/1418
f 1801/1451/1419 1485/1452/1420 1811/1453/1421
f 1802/1454/1422 1812/1455/1422 1633/1456/1422
f 1485/1452/1423 1696/1457/1423 1811/1453/1423
f 1485/1452/1424 1540/1458/1425 1696/1457/1426
f 1633/1456/1427 1540/1458/1425 1485/1452/1424
f 1812/1455/1428 1837/1459/1429 1633/1456/1430
f 1633/1456/1430 1837/1459/1429 1540/1458/1431
f 1600/1460/1432 1809/1461/1432 1889/1462/1432
f 1600/1460/1433 1662/1463/1434 1809/1461/1435
f 1754/1464/1436 1662/1463/1434 1600/1460/1433
f 1933/1465/1437 1921/1466/1438 1754/1464/1439
f 1754/1464/1439 1921/1466/1438 1662/1463/1440
f 1894/1467/1441 1855/1468/1441 1587/1469/1441
f 1725/1470/1442 1742/1471/1442 1854/1472/1442
f 1587/1469/1443 1604/1473/1444 1725/1470/1445
f 1725/1470/1445 1604/1473/1444 1742/1471/1446
f 1855/1468/1447 1604/1473/1444 1587/1469/1443
f 1620/1474/1448 1667/1475/1449 1885/1476/1450
f 1762/1477/1451 1815/1478/1452 1620/1474/1448
f 1620/1474/1448 1815/1478/1452 1667/1475/1449
f 1886/1479/1453 1815/1478/1452 1762/1477/1451
f 1710/1480/1454 1808/1481/1455 1956/1482/1456
f 1956/1482/1456 1808/1481/1455 1992/1483/1457
f 1844/1484/1458 1920/1485/1459 1710/1480/1460
f 1710/1480/1460 1920/1485/1459 1808/1481/1461
f 1808/1481/1462 2012/1486/1462 1992/1483/1462
f 1808/1481/1463 1945/1487/1463 2012/1486/1463
f 1920/1485/1464 1945/1487/1464 1808/1481/1464
f 1920/1485/1465 2060/1488/1465 1945/1487/1465
f 2012/1486/1466 1683/1489/1466 1930/1490/1466
f 1945/1487/1467 1683/1489/1467 2012/1486/1467
f 1945/1487/1468 1825/1491/1469 1683/1489/1470
f 2060/1488/1471 1825/1491/1469 1945/1487/1468
f 1823/1492/1472 1911/1493/1473 1990/1494/1474
f 1990/1494/1475 1911/1493/1475 1995/1495/1475
f 1928/1496/1476 1911/1493/1477 1823/1492/1478
f 1928/1496/1479 1996/1497/1479 1911/1493/1479
f 1912/1498/1480 2106/1499/1481 2009/1500/1482
f 2009/1500/1482 2106/1499/1481 2137/1501/1483
f 1965/1502/1484 2106/1499/1481 1912/1498/1480
f 1965/1502/1485 2138/1503/1485 2106/1499/1485
f 2229/1504/1486 2274/1505/1486 2279/1506/1486
f 1413/1507/1487 1267/1508/1487 1336/1509/1487
f 1469/1510/1488 1267/1508/1488 1413/1507/1488
f 1469/1510/1489 1337/1511/1489 1267/1508/1489
f 1341/1512/1490 915/1513/1491 944/1514/1492
f 1278/1515/1493 915/1513/1493 1341/1512/1493
f 1278/1515/1494 945/1516/1494 915/1513/1494
f 981/1517/1495 1197/1518/1496 1121/1519/1497
f 981/1517/1495 1121/1519/1497 1196/1520/1498
f 1197/1518/1499 1182/1521/1499 1121/1519/1499
f 1157/1522/1500 1299/1523/1500 1236/1524/1500
f 697/1525/1501 679/1526/1501 717/1527/1501
f 877/1528/1502 718/1529/1502 697/1525/1502
f 679/1526/1503 569/1530/1503 717/1527/1503
f 697/1525/1504 569/1530/1504 679/1526/1504
f 718/1529/1505 569/1530/1505 697/1525/1505
f 533/1531/1506 558/1532/1506 530/1533/1506
f 1294/1534/1507 1306/1535/1508 1396/1536/1509
f 1396/1536/1510 1306/1535/1510 1527/1537/1510
f 1207/1538/1511 1306/1535/1508 1294/1534/1507
f 1207/1538/1512 1399/1539/1513 1306/1535/1514
f 1398/1540/1515 1399/1539/1513 1207/1538/1512
f 1622/1541/1516 1366/1542/1517 1730/1543/1518
f 1366/1542/1519 1443/1544/1519 1730/1543/1519
f 1730/1543/1520 1443/1544/1520 1720/1545/1520
f 1489/1546/1521 1580/1547/1521 1366/1542/1521
f 1366/1542/1522 1580/1547/1522 1443/1544/1522
f 1624/1548/1523 1580/1547/1523 1489/1546/1523
f 1648/1549/1524 1435/1550/1525 1560/1551/1526
f 1435/1550/1527 1369/1552/1528 1560/1551/1529
f 1327/1553/1530 1369/1552/1528 1435/1550/1527
f 1327/1553/1531 1480/1554/1532 1369/1552/1533
f 1561/1555/1534 1480/1554/1532 1327/1553/1531
f 1674/1556/1535 1420/1557/1536 1769/1558/1537
f 1420/1557/1538 1533/1559/1539 1769/1558/1540
f 1769/1558/1541 1533/1559/1541 1827/1560/1541
f 1537/1561/1542 1676/1562/1543 1420/1557/1538
f 1420/1557/1538 1676/1562/1543 1533/1559/1539
f 1675/1563/1544 1676/1562/1543 1537/1561/1542
f 1670/1564/1545 1766/1565/1545 1903/1566/1545
f 1521/1567/1546 1634/1568/1546 1670/1564/1546
f 1670/1564/1547 1634/1568/1547 1766/1565/1547
f 1521/1567/1548 1789/1569/1548 1634/1568/1548
f 1820/1570/1549 1904/1571/1549 1521/1567/1549
f 1521/1567/1550 1904/1571/1550 1789/1569/1550
f 1903/1566/1551 1766/1565/1551 2036/1572/1551
f 1904/1571/1552 2037/1573/1552 1789/1569/1552
f 1766/1565/1553 2129/1574/1553 2036/1572/1553
f 2036/1572/1554 2129/1574/1554 2204/1575/1554
f 1634/1568/1555 2129/1574/1555 1766/1565/1555
f 1789/1569/1556 2163/1576/1556 1634/1568/1556
f 1634/1568/1557 2163/1576/1557 2129/1574/1557
f 2037/1573/1558 2163/1576/1558 1789/1569/1558
f 2255/1577/1559 2242/1578/1559 2276/1579/1559
f 2256/1580/1560 2277/1581/1560 2248/1582/1560
f 2242/1578/1561 2294/1583/1562 2276/1579/1563
f 2276/1579/1564 2294/1583/1564 2297/1584/1564
f 2248/1582/1565 2294/1583/1562 2242/1578/1561
f 2277/1581/1566 2298/1585/1566 2248/1582/1566
f 2248/1582/1567 2298/1585/1567 2294/1583/1567
f 2239/1586/1568 2264/1587/1568 2269/1588/1568
f 2225/1589/1569 2264/1587/1569 2239/1586/1569
f 2250/1590/1570 2270/1591/1570 2225/1589/1570
f 2225/1589/1571 2270/1591/1571 2264/1587/1571
f 2265/1592/1572 2292/1593/1572 2295/1594/1572
f 2265/1592/1573 2296/1595/1573 2292/1593/1573
f 1326/1596/1574 2073/1597/1574 943/1598/1574
f 1326/1596/1574 2237/1599/1574 2073/1597/1574
f 2237/1599/1575 2286/1600/1575 2073/1597/1575
f 2237/1599/1575 2301/1601/1575 2286/1600/1575
f 943/1598/1576 1347/1602/1576 557/1603/1576
f 943/1598/1576 2073/1597/1576 1347/1602/1576
f 1373/1596/1577 2185/1597/1577 1976/1598/1577
f 1373/1596/1577 2039/1599/1577 2185/1597/1577
f 2039/1599/1578 2267/1600/1578 2185/1597/1578
f 2039/1599/1578 2167/1601/1578 2267/1600/1578
f 1976/1598/1579 2185/1597/1579 2240/1602/1579
f 2185/1597/1580 2280/1604/1580 2240/1602/1580
f 2185/1597/1580 2267/1600/1580 2280/1604/1580
f 1027/1596/1581 2144/1597/1582 1202/1598/1581
f 1027/1596/1581 2075/1599/1583 2144/1597/1582
f 2075/1599/1584 2289/1600/1584 2144/1597/1584
f 2075/1599/1585 2283/1601/1585 2289/1600/1585
f 1202/1598/1586 2144/1597/1586 2114/1602/1586
f 2144/1597/1587 2288/1604/1587 2114/1602/1587
f 2144/1597/1587 2289/1600/1587 2288/1604/1587
f 428/1596/1588 1146/1597/1588 713/1598/1588
f 428/1596/1588 727/1599/1588 1146/1597/1588
f 727/1599/1589 1997/1600/1589 1146/1597/1589
f 727/1599/1589 1222/1601/1589 1997/1600/1589
f 713/1598/1590 2010/1602/1590 1210/1603/1590
f 713/1598/1590 1146/1597/1590 2010/1602/1590
f 490/1596/1591 629/1597/1591 846/1598/1591
f 490/1596/1591 336/1599/1591 629/1597/1591
f 846/1598/1592 1666/1602/1592 2056/1603/1592
f 846/1598/1592 629/1597/1592 1666/1602/1592
f 173/1596/1593 578/1597/1593 373/1598/1593
f 173/1596/1593 317/1599/1593 578/1597/1593
f 373/1598/1594 1430/1602/1594 974/1603/1594
f 373/1598/1594 578/1597/1594 1430/1602/1594
f 592/1599/1595 1241/1600/1595 966/1597/1595
f 592/1599/1596 741/1601/1596 1241/1600/1596
f 1096/1598/1597 2077/1602/1597 2141/1603/1597
f 1096/1598/1597 966/1597/1597 2077/1602/1597
f 966/1597/1598 2211/1604/1598 2077/1602/1598
f 966/1597/1598 1241/1600/1598 2211/1604/1598
f 73/1596/1599 379/1597/1599 152/1598/1599
f 73/1596/1599 206/1599/1599 379/1597/1599
f 206/1599/1600 1277/1600/1600 379/1597/1600
f 206/1599/1600 866/1601/1600 1277/1600/1600
f 152/1598/1601 1126/1602/1601 661/1603/1601
f 152/1598/1601 379/1597/1601 1126/1602/1601
f 379/1597/1602 2257/1604/1602 1126/1602/1602
f 379/1597/1602 1277/1600/1603 2257/1604/1602
f 142/1596/1604 407/1597/1604 292/1598/1604
f 142/1596/1604 223/1599/1604 407/1597/1604
f 223/1599/1605 848/1600/1605 407/1597/1605
f 223/1599/1605 556/1601/1605 848/1600/1605
f 292/1598/1606 1556/1602/1606 1171/1603/1606
f 292/1598/1606 407/1597/1606 1556/1602/1606
f 407/1597/1607 2203/1604/1607 1556/1602/1607
f 407/1597/1607 848/1600/1607 2203/1604/1607
f 15/1596/1608 155/1597/1608 66/1598/1608
f 15/1596/1608 46/1599/1608 155/1597/1608
f 46/1599/1609 502/1600/1609 155/1597/1609
f 46/1599/1609 209/1601/1609 502/1600/1609
f 66/1598/1610 798/1602/1610 488/1603/1610
f 66/1598/1610 155/1597/1610 798/1602/1610
f 12/1599/1611 255/1600/1611 25/1597/1611
f 12/1599/1611 148/1601/1611 255/1600/1611
f 25/1597/1612 830/1604/1612 216/1602/1612
f 25/1597/1612 255/1600/1612 830/1604/1612
f 10/1599/1613 212/1600/1613 29/1597/1613
f 10/1599/1613 115/1601/1613 212/1600/1613
f 29/1597/1614 886/1604/1614 299/1602/1614
f 29/1597/1614 212/1600/1614 886/1604/1614
f 647/1596/1615 714/1597/1615 403/1598/1615
f 647/1596/1615 1069/1599/1615 714/1597/1615
f 1069/1599/1616 1085/1600/1616 714/1597/1616
f 1069/1599/1616 1780/1601/1616 1085/1600/1616
f 403/1598/1617 349/1602/1617 146/1603/1617
f 403/1598/1617 714/1597/1617 349/1602/1617
f 714/1597/1618 598/1604/1618 349/1602/1618
f 714/1597/1618 1085/1600/1618 598/1604/1618
f 225/1596/1619 217/1597/1619 130/1598/1619
f 225/1596/1619 359/1599/1619 217/1597/1619
f 359/1599/1620 526/1600/1620 217/1597/1620
f 359/1599/1620 740/1601/1620 526/1600/1620
f 130/1598/1621 252/1602/1621 141/1603/1621
f 130/1598/1621 217/1597/1621 252/1602/1621
f 217/1597/1622 583/1604/1622 252/1602/1622
f 217/1597/1622 526/1600/1622 583/1604/1622
f 128/1598/1623 339/1602/1623 275/1603/1623
f 128/1598/1624 162/1597/1624 339/1602/1624
f 162/1597/1625 710/1604/1625 339/1602/1625
f 159/1598/1626 329/1602/1626 310/1603/1626
f 159/1598/1627 170/1597/1627 329/1602/1627
f 170/1597/1628 511/1604/1628 329/1602/1628
f 127/1596/1629 100/1597/1629 45/1598/1629
f 127/1596/1629 244/1599/1629 100/1597/1629
f 244/1599/1630 314/1600/1630 100/1597/1630
f 244/1599/1631 597/1601/1631 314/1600/1631
f 45/1598/1632 172/1602/1632 89/1603/1632
f 45/1598/1632 100/1597/1632 172/1602/1632
f 100/1597/1633 480/1604/1633 172/1602/1633
f 100/1597/1633 314/1600/1633 480/1604/1633
f 20/1597/1634 165/1602/1634 864/1604/1634
f 20/1597/1634 864/1604/1634 300/1600/1634
f 199/1605/1635 405/1597/1636 386/1598/1637
f 199/1605/1635 439/1600/1638 405/1597/1636
f 199/1605/1639 243/1601/1639 439/1600/1639
f 386/1598/1640 765/1602/1640 738/1603/1640
f 386/1598/1640 405/1597/1640 765/1602/1640
f 309/1596/1641 133/1597/1641 376/1598/1641
f 309/1596/1641 102/1599/1641 133/1597/1641
f 376/1598/1642 384/1602/1642 781/1603/1642
f 376/1598/1642 133/1597/1642 384/1602/1642
f 434/1596/1643 138/1597/1643 550/1598/1643
f 434/1596/1643 101/1599/1643 138/1597/1643
f 550/1598/1644 394/1602/1644 1007/1603/1644
f 550/1598/1644 138/1597/1644 394/1602/1644
f 1331/1596/1645 931/1597/1645 1846/1598/1645
f 1331/1596/1645 719/1599/1645 931/1597/1645
f 719/1599/1646 435/1600/1646 931/1597/1646
f 719/1599/1647 301/1601/1647 435/1600/1647
f 1846/1598/1648 935/1602/1648 1853/1603/1648
f 1846/1598/1648 931/1597/1648 935/1602/1648
f 931/1597/1649 441/1604/1649 935/1602/1649
f 931/1597/1649 435/1600/1649 441/1604/1649
f 2072/1596/1650 1878/1598/1651 1845/1597/1650
f 2072/1596/1650 1845/1597/1650 2067/1599/1650
f 2067/1599/1652 1845/1597/1652 1113/1600/1652
f 2067/1599/1652 1113/1600/1652 1411/1601/1652
f 1878/1598/1653 507/1603/1653 500/1602/1653
f 1878/1598/1653 500/1602/1653 1845/1597/1653
f 1845/1597/1654 500/1602/1654 281/1604/1654
f 1845/1597/1654 281/1604/1654 1113/1600/1655
f 2254/1598/1656 669/1603/1656 326/1602/1656
f 2254/1598/1657 326/1602/1657 1998/1597/1657
f 1998/1597/1658 326/1602/1658 37/1604/1658
f 1998/1597/1658 37/1604/1658 604/1600/1658
f 968/1598/1659 1496/1603/1659 571/1602/1659
f 968/1598/1659 571/1602/1659 345/1597/1659
f 345/1597/1660 571/1602/1660 207/1604/1660
f 345/1597/1660 207/1604/1660 104/1600/1660
f 581/1598/1661 735/1602/1661 1276/1603/1661
f 517/1596/1662 1450/1597/1662 527/1598/1662
f 517/1596/1662 1424/1599/1662 1450/1597/1662
f 1424/1599/1663 2278/1600/1663 1450/1597/1663
f 1424/1599/1663 2275/1601/1663 2278/1600/1663
f 527/1598/1664 1681/1602/1664 602/1603/1664
f 527/1598/1664 1450/1597/1664 1681/1602/1664
f 1450/1597/1665 2287/1604/1665 1681/1602/1665
f 1450/1597/1665 2278/1600/1665 2287/1604/1665
f 1134/1596/1666 1415/1597/1666 865/1598/1666
f 1134/1596/1666 1959/1599/1666 1415/1597/1666
f 1959/1599/1667 2095/1600/1667 1415/1597/1667
f 865/1598/1668 1181/1602/1668 733/1603/1668
f 865/1598/1668 1415/1597/1668 1181/1602/1668
f 1415/1597/1669 2054/1604/1669 1181/1602/1669
f 1415/1597/1669 2095/1600/1669 2054/1604/1669
f 788/1596/1670 1357/1597/1670 654/1598/1670
f 788/1596/1670 1698/1599/1670 1357/1597/1670
f 1698/1599/1671 2223/1600/1671 1357/1597/1671
f 654/1598/1672 1264/1602/1672 617/1603/1672
f 654/1598/1672 1357/1597/1672 1264/1602/1672
f 1357/1597/1673 2192/1604/1673 1264/1602/1673
f 1357/1597/1673 2223/1600/1673 2192/1604/1673
f 395/1596/1674 747/1598/1674 1246/1597/1674
f 395/1596/1674 1246/1597/1674 700/1599/1674
f 700/1599/1675 1246/1597/1675 2266/1600/1675
f 700/1599/1675 2266/1600/1675 2055/1601/1675
f 747/1598/1676 2071/1603/1676 2258/1602/1676
f 747/1598/1676 2258/1602/1676 1246/1597/1676
f 262/1596/1677 342/1598/1677 854/1597/1677
f 342/1598/1678 650/1603/1678 1473/1602/1678
f 342/1598/1678 1473/1602/1678 854/1597/1678
f 854/1597/1679 1473/1602/1679 2273/1604/1679
f 854/1597/1679 2273/1604/1679 2088/1600/1679
f 374/1598/1680 950/1603/1680 2031/1602/1680
f 374/1598/1680 2031/1602/1680 850/1597/1680
f 132/1596/1681 577/1597/1681 178/1598/1681
f 132/1596/1681 458/1599/1681 577/1597/1681
f 458/1599/1682 1879/1600/1682 577/1597/1682
f 458/1599/1682 1474/1601/1682 1879/1600/1682
f 178/1598/1683 1002/1602/1683 433/1603/1683
f 178/1598/1684 577/1597/1684 1002/1602/1684
f 577/1597/1685 2231/1604/1685 1002/1602/1685
f 577/1597/1685 1879/1600/1685 2231/1604/1685
f 1427/1596/1686 590/1597/1686 777/1598/1686
f 1427/1596/1686 1049/1599/1686 590/1597/1686
f 1049/1599/1687 270/1600/1687 590/1597/1687
f 1049/1599/1687 593/1601/1687 270/1600/1687
f 777/1598/1688 150/1602/1688 253/1603/1688
f 777/1598/1688 590/1597/1688 150/1602/1688
f 590/1597/1689 48/1604/1689 150/1602/1689
f 590/1597/1689 270/1600/1689 48/1604/1689
f 2245/1598/1690 696/1602/1690 1125/1603/1690
f 2245/1598/1690 2030/1597/1690 696/1602/1690
f 2272/1598/1691 856/1602/1691 907/1603/1691
f 555/1596/1692 673/1597/1692 341/1598/1692
f 341/1598/1693 539/1602/1693 248/1603/1693
f 341/1598/1693 673/1597/1693 539/1602/1693
f 673/1597/1694 1056/1604/1694 539/1602/1694
f 673/1597/1694 1340/1600/1694 1056/1604/1694
f 506/1596/1695 449/1597/1695 443/1598/1695
f 506/1596/1695 512/1599/1695 449/1597/1695
f 443/1598/1696 847/1602/1696 836/1603/1696
f 443/1598/1696 449/1597/1696 847/1602/1696
f 1026/1596/1697 348/1597/1697 644/1598/1697
f 1026/1596/1697 622/1599/1697 348/1597/1697
f 644/1598/1698 297/1602/1698 582/1603/1698
f 644/1598/1698 348/1597/1698 297/1602/1698
f 600/1596/1699 321/1597/1700 474/1598/1699
f 600/1596/1699 427/1599/1700 321/1597/1700
f 474/1598/1701 382/1602/1701 541/1603/1701
f 474/1598/1701 321/1597/1701 382/1602/1701
f 184/1596/1702 67/1597/1702 210/1598/1702
f 184/1596/1702 55/1599/1703 67/1597/1702
f 210/1598/1704 328/1602/1704 695/1603/1704
f 210/1598/1705 67/1597/1705 328/1602/1705
f 67/1597/1706 191/1604/1706 328/1602/1706
f 383/1596/1707 245/1597/1708 470/1598/1707
f 383/1596/1707 176/1599/1709 245/1597/1708
f 470/1598/1710 634/1602/1710 995/1603/1710
f 470/1598/1711 245/1597/1711 634/1602/1711
f 103/1596/1712 91/1597/1712 143/1598/1712
f 103/1596/1712 60/1599/1712 91/1597/1712
f 60/1599/1713 177/1600/1713 91/1597/1713
f 60/1599/1714 124/1601/1714 177/1600/1714
f 143/1598/1715 618/1602/1715 808/1603/1715
f 143/1598/1716 91/1597/1716 618/1602/1716
f 44/1596/1717 129/1598/1717 22/1606/1717
f 129/1598/1718 762/1603/1718 625/1602/1718
f 129/1598/1719 625/1602/1719 22/1606/1719
f 1310/1596/1720 876/1599/1720 637/1607/1720
f 876/1599/1721 411/1600/1721 637/1607/1721
f 876/1599/1722 603/1601/1722 411/1600/1722
f 637/1607/1723 482/1602/1723 734/1603/1723
f 637/1607/1724 290/1604/1725 482/1602/1726
f 637/1607/1724 411/1600/1727 290/1604/1725
f 911/1596/1728 388/1597/1728 698/1598/1728
f 911/1596/1728 551/1599/1728 388/1597/1728
f 551/1599/1729 247/1600/1729 388/1597/1729
f 551/1599/1729 378/1601/1729 247/1600/1729
f 698/1598/1730 436/1602/1730 760/1603/1730
f 698/1598/1731 388/1597/1731 436/1602/1731
f 388/1597/1732 289/1604/1732 436/1602/1732
f 388/1597/1732 247/1600/1732 289/1604/1732
f 804/1596/1733 375/1597/1733 594/1598/1733
f 804/1596/1733 543/1599/1733 375/1597/1733
f 543/1599/1734 307/1600/1734 375/1597/1734
f 543/1599/1734 459/1601/1734 307/1600/1734
f 594/1598/1735 423/1602/1735 646/1603/1735
f 594/1598/1735 375/1597/1735 423/1602/1735
f 375/1597/1736 350/1604/1736 423/1602/1736
f 375/1597/1736 307/1600/1736 350/1604/1736
f 821/1596/1737 311/1597/1737 626/1598/1737
f 821/1596/1737 444/1599/1737 311/1597/1737
f 444/1599/1738 151/1600/1738 311/1597/1738
f 444/1599/1738 249/1601/1738 151/1600/1738
f 626/1598/1739 288/1602/1739 601/1603/1739
f 626/1598/1739 311/1597/1739 288/1602/1739
f 311/1597/1740 137/1604/1740 288/1602/1740
f 311/1597/1740 151/1600/1740 137/1604/1740
f 110/1596/1741 74/1597/1742 50/1598/1741
f 110/1596/1741 156/1599/1742 74/1597/1742
f 156/1599/1743 171/1600/1743 74/1597/1743
f 156/1599/1743 325/1601/1743 171/1600/1743
f 50/1598/1744 108/1602/1744 69/1603/1744
f 50/1598/1744 74/1597/1744 108/1602/1744
f 74/1597/1745 242/1604/1745 108/1602/1745
f 74/1597/1745 171/1600/1745 242/1604/1745
f 94/1596/1746 76/1597/1746 82/1598/1746
f 94/1596/1746 87/1599/1746 76/1597/1746
f 87/1599/1747 145/1600/1747 76/1597/1747
f 87/1599/1748 161/1601/1748 145/1600/1748
f 82/1598/1749 189/1602/1749 200/1603/1749
f 82/1598/1749 76/1597/1749 189/1602/1749
f 76/1597/1750 324/1604/1750 189/1602/1750
f 76/1597/1750 145/1600/1750 324/1604/1750
f 402/1596/1751 416/1597/1752 187/1598/1751
f 402/1596/1751 712/1599/1752 416/1597/1752
f 712/1599/1753 652/1600/1753 416/1597/1753
f 712/1599/1753 1041/1601/1753 652/1600/1753
f 187/1598/1754 125/1602/1754 40/1603/1754
f 187/1598/1754 416/1597/1754 125/1602/1754
f 416/1597/1755 251/1604/1755 125/1602/1755
f 416/1597/1755 652/1600/1755 251/1604/1755
f 687/1599/1756 404/1597/1756 591/1600/1756
f 687/1599/1756 591/1600/1756 933/1601/1756
f 404/1597/1757 140/1602/1757 257/1604/1757
f 404/1597/1757 257/1604/1757 591/1600/1757
f 131/1596/1758 357/1597/1758 79/1598/1758
f 131/1596/1758 483/1599/1758 357/1597/1758
f 483/1599/1759 862/1600/1759 357/1597/1759
f 483/1599/1759 1062/1601/1759 862/1600/1759
f 79/1598/1760 190/1602/1760 34/1603/1760
f 79/1598/1760 357/1597/1760 190/1602/1760
f 357/1597/1761 585/1604/1761 190/1602/1761
f 357/1597/1761 862/1600/1761 585/1604/1761
f 426/1596/1762 759/1597/1762 519/1598/1763
f 426/1596/1762 643/1599/1762 759/1597/1762
f 643/1599/1764 908/1600/1764 759/1597/1764
f 643/1599/1764 766/1601/1764 908/1600/1764
f 519/1598/1765 764/1602/1765 522/1603/1765
f 519/1598/1765 759/1597/1765 764/1602/1765
f 759/1597/1766 912/1604/1766 764/1602/1766
f 759/1597/1766 908/1600/1766 912/1604/1766
f 358/1596/1767 827/1597/1767 335/1598/1767
f 358/1596/1767 872/1599/1768 827/1597/1767
f 872/1599/1769 1254/1600/1769 827/1597/1769
f 872/1599/1770 1330/1601/1770 1254/1600/1770
f 335/1598/1771 391/1602/1771 105/1603/1771
f 335/1598/1771 827/1597/1771 391/1602/1771
f 827/1597/1772 631/1604/1772 391/1602/1772
f 827/1597/1772 1254/1600/1772 631/1604/1772
f 226/1596/1773 811/1597/1773 285/1598/1773
f 226/1596/1773 707/1599/1773 811/1597/1773
f 707/1599/1774 1468/1600/1774 811/1597/1774
f 707/1599/1774 1268/1601/1774 1468/1600/1774
f 285/1598/1775 475/1602/1775 118/1603/1775
f 285/1598/1775 811/1597/1775 475/1602/1775
f 811/1597/1776 879/1604/1776 475/1602/1776
f 811/1597/1776 1468/1600/1776 879/1604/1776
f 1607/1599/1777 2049/1600/1777 1097/1597/1777
f 1607/1599/1777 2197/1601/1777 2049/1600/1777
f 613/1598/1778 825/1602/1778 429/1603/1778
f 613/1598/1778 1097/1597/1778 825/1602/1778
f 1097/1597/1779 1606/1604/1779 825/1602/1779
f 1097/1597/1779 2049/1600/1779 1606/1604/1779
f 452/1596/1780 1525/1597/1780 589/1598/1780
f 589/1598/1781 2021/1602/1781 790/1603/1781
f 589/1598/1781 1525/1597/1781 2021/1602/1781
f 1525/1597/1782 2293/1604/1782 2021/1602/1782
f 704/1596/1783 1571/1597/1783 658/1598/1783
f 658/1598/1784 1591/1602/1784 665/1603/1784
f 658/1598/1784 1571/1597/1784 1591/1602/1784
f 1571/1597/1785 2263/1604/1785 1591/1602/1785
f 114/1596/1786 302/1597/1786 120/1598/1786
f 114/1596/1786 287/1599/1786 302/1597/1786
f 287/1599/1787 863/1600/1787 302/1597/1787
f 287/1599/1787 831/1601/1787 863/1600/1787
f 120/1598/1788 934/1602/1788 554/1603/1788
f 120/1598/1788 302/1597/1788 934/1602/1788
f 302/1597/1789 2076/1604/1789 934/1602/1789
f 302/1597/1789 863/1600/1789 2076/1604/1789
f 84/1599/1790 465/1600/1790 93/1597/1790
f 84/1599/1791 454/1601/1791 465/1600/1791
f 26/1598/1792 476/1602/1792 233/1603/1792
f 26/1598/1792 93/1597/1792 476/1602/1792
f 93/1597/1793 1349/1604/1793 476/1602/1793
f 93/1597/1793 465/1600/1793 1349/1604/1793
f 63/1599/1794 455/1600/1794 97/1597/1794
f 63/1599/1794 343/1601/1794 455/1600/1794
f 51/1598/1795 572/1602/1795 392/1603/1795
f 51/1598/1795 97/1597/1795 572/1602/1795
f 97/1597/1796 1547/1604/1796 572/1602/1796
f 97/1597/1796 455/1600/1796 1547/1604/1796
f 1946/1596/1797 630/1597/1798 1999/1598/1797
f 1946/1596/1797 607/1599/1798 630/1597/1798
f 607/1599/1799 208/1600/1799 630/1597/1799
f 607/1599/1799 188/1601/1799 208/1600/1799
f 1999/1598/1800 1037/1602/1800 2243/1603/1800
f 1999/1598/1801 630/1597/1801 1037/1602/1801
f 890/1596/1802 293/1597/1802 993/1598/1802
f 890/1596/1802 241/1599/1802 293/1597/1802
f 241/1599/1803 107/1600/1803 293/1597/1803
f 241/1599/1803 83/1601/1803 107/1600/1803
f 993/1598/1804 716/1602/1804 2061/1603/1804
f 993/1598/1805 293/1597/1805 716/1602/1805
f 265/1596/1806 258/1597/1806 513/1598/1806
f 265/1596/1806 106/1599/1806 258/1597/1806
f 106/1599/1807 222/1600/1807 258/1597/1807
f 513/1598/1808 932/1602/1808 1671/1603/1808
f 513/1598/1809 258/1597/1809 932/1602/1809
f 258/1597/1810 875/1604/1810 932/1602/1810
f 258/1597/1810 222/1600/1810 875/1604/1810
f 1835/1596/1811 595/1597/1812 1651/1598/1811
f 1835/1596/1811 645/1599/1812 595/1597/1812
f 645/1599/1813 122/1600/1813 595/1597/1813
f 645/1599/1813 139/1601/1813 122/1600/1813
f 1651/1598/1814 440/1602/1814 1217/1603/1814
f 1651/1598/1814 595/1597/1814 440/1602/1814
f 595/1597/1815 71/1604/1815 440/1602/1815
f 595/1597/1815 122/1600/1815 71/1604/1815
f 487/1599/1816 282/1600/1816 534/1597/1816
f 487/1599/1817 250/1601/1817 282/1600/1817
f 534/1597/1818 353/1604/1818 638/1602/1818
f 534/1597/1818 282/1600/1818 353/1604/1818
f 726/1599/1819 327/1600/1819 521/1597/1819
f 726/1599/1819 499/1601/1819 327/1600/1819
f 521/1597/1820 286/1604/1820 460/1602/1820
f 521/1597/1820 327/1600/1820 286/1604/1820
f 35/1596/1821 24/1597/1821 21/1598/1821
f 21/1598/1822 52/1602/1822 49/1603/1822
f 21/1598/1822 24/1597/1822 52/1602/1822
f 24/1597/1823 136/1604/1823 52/1602/1823
f 24/1597/1823 81/1600/1823 136/1604/1823
f 2191/1596/1824 2111/1597/1824 2011/1598/1824
f 2191/1596/1824 2259/1599/1824 2111/1597/1824
f 2259/1599/1825 2162/1600/1825 2111/1597/1825
f 2259/1599/1825 2271/1601/1825 2162/1600/1825
f 2011/1598/1826 1004/1602/1826 805/1603/1826
f 2011/1598/1826 2111/1597/1826 1004/1602/1826
f 2111/1597/1827 1122/1604/1828 1004/1602/1828
f 2111/1597/1827 2162/1600/1827 1122/1604/1828
f 1132/1599/1829 1076/1597/1829 2078/1600/1829
f 1132/1599/1829 2078/1600/1829 2094/1601/1829
f 614/1598/1830 739/1603/1830 1335/1602/1830
f 614/1598/1830 1335/1602/1830 1076/1597/1830
f 1076/1597/1831 1335/1602/1831 2194/1604/1831
f 1076/1597/1831 2194/1604/1831 2078/1600/1831
f 653/1596/1832 1123/1597/1833 574/1598/1832
f 653/1596/1832 1297/1599/1833 1123/1597/1833
f 1297/1599/1834 2207/1600/1834 1123/1597/1834
f 1297/1599/1834 2246/1601/1834 2207/1600/1834
f 574/1598/1835 1543/1602/1835 761/1603/1835
f 574/1598/1835 1123/1597/1835 1543/1602/1835
f 1123/1597/1836 2268/1604/1836 1543/1602/1836
f 1123/1597/1836 2207/1600/1836 2268/1604/1836
f 773/1596/1837 1233/1597/1837 641/1598/1837
f 641/1598/1838 1519/1602/1838 763/1603/1838
f 641/1598/1838 1233/1597/1838 1519/1602/1838
f 1233/1597/1839 2251/1604/1839 1519/1602/1839
f 1233/1597/1839 2200/1600/1839 2251/1604/1839
f 123/1596/1840 520/1597/1840 268/1598/1840
f 123/1596/1840 291/1599/1840 520/1597/1840
f 291/1599/1841 967/1600/1841 520/1597/1841
f 291/1599/1842 624/1601/1842 967/1600/1842
f 268/1598/1843 1112/1602/1843 677/1603/1843
f 268/1598/1843 520/1597/1843 1112/1602/1843
f 520/1597/1844 2050/1604/1844 1112/1602/1844
f 520/1597/1844 967/1600/1844 2050/1604/1844
f 98/1596/1845 421/1597/1845 96/1598/1845
f 96/1598/1846 493/1602/1846 117/1603/1846
f 96/1598/1846 421/1597/1846 493/1602/1846
f 421/1597/1847 1414/1604/1847 493/1602/1847
f 421/1597/1847 1245/1600/1847 1414/1604/1847
f 58/1596/1848 412/1597/1848 70/1598/1848
f 58/1596/1848 352/1599/1848 412/1597/1848
f 352/1599/1849 1302/1600/1849 412/1597/1849
f 352/1599/1849 1147/1601/1849 1302/1600/1849
f 70/1598/1850 561/1602/1850 121/1603/1850
f 70/1598/1850 412/1597/1850 561/1602/1850
f 412/1597/1851 1774/1604/1851 561/1602/1851
f 412/1597/1851 1302/1600/1851 1774/1604/1851
l 2107 2109
l 1054 1230
l 1902 2008
l 39 57
l 238 239
l 85 113
l 448 471
l 396 453
l 269 279
l 1954 2018
l 445 514
l 767 785
l 424 466
l 23 54
l 406 473
l 528 586
l 203 267
l 769 774
l 826 891
l 276 356
l 201 261
l 1156 1183
l 532 570
l 2118 2209
l 1229 1592
l 43 90
l 109 229
l 960 1152
l 308 367
l 340 479
l 418 422
l 815 884
l 1510 1832
l 232 377
l 477 568
l 30 99
l 501 531
l 837 962
l 134 185
l 31 59
l 742 755
l 330 370
l 294 372
l 312 401
l 829 964
l 2281 2290
l 1717 1756
l 1295 1437
l 1898 2065
l 351 469
l 181 221
l 481 547
l 495 545
l 419 438
l 1187 1342
l 752 832
l 456 525
l 468 537
l 2105 2228
l 844 919
l 1592 1910
l 616 878
l 451 684
l 4 18
l 179 228
l 36 65
l 1168 1728
l 1548 1724
l 1436 1852
l 95 147
l 80 157
l 355 560
l 116 211
l 298 467
l 1237 1275
