# Blender 5.1.0
# www.blender.org
mtllib bush_2.mtl
o Bush_1_2
v -0.332843 0.059671 0.065466
v -0.300565 0.055675 0.072315
v -0.302883 0.103244 0.073302
v -0.278194 0.078925 0.039921
v -0.270367 0.120713 0.074033
v -0.266479 0.042962 0.085757
v -0.255150 0.004393 0.006953
v -0.253737 0.079302 0.032978
v -0.253178 0.079846 0.032731
v -0.256504 0.072146 0.016987
v -0.212813 0.043867 0.049515
v -0.234638 -0.015232 -0.005143
v -0.244018 0.008939 0.011538
v -0.245681 0.016707 -0.051754
v -0.241303 0.111899 0.001554
v -0.240763 0.024122 -0.094788
v -0.236730 0.036584 0.053033
v -0.241853 0.010282 -0.046172
v -0.241145 0.082709 0.027569
v -0.241107 0.082717 0.027556
v -0.218665 -0.030582 -0.047773
v -0.233954 0.028549 -0.048397
v -0.233836 0.029270 -0.048191
v -0.201381 0.056874 -0.122126
v -0.216154 0.124212 -0.153831
v -0.229014 0.087192 0.024291
v -0.229067 0.087177 0.024299
v -0.227906 0.035603 -0.045178
v -0.227945 0.035571 -0.045190
v -0.227564 -0.023896 -0.016439
v -0.224798 0.049737 -0.075680
v -0.206158 -0.000217 -0.045241
v -0.220692 0.040761 -0.043506
v -0.220707 0.040753 -0.043510
v -0.207296 0.101025 0.056625
v -0.198818 0.032759 0.004902
v -0.215675 0.052291 0.032806
v -0.215722 0.064181 -0.013735
v -0.216607 0.074381 0.036554
v -0.192561 0.055640 -0.042710
v -0.171810 0.123781 -0.119411
v -0.191318 0.079548 0.051334
v -0.215425 0.055225 -0.032387
v -0.182545 0.039939 -0.116071
v -0.190825 0.043969 -0.043511
v -0.211247 0.117544 -0.101148
v -0.209163 0.103810 -0.083181
v -0.208623 0.103489 -0.082704
v -0.209526 0.018380 -0.065638
v -0.185703 0.016046 0.025861
v -0.208035 0.053348 0.012407
v -0.164984 0.090082 -0.078348
v -0.157459 0.034587 -0.091508
v -0.205827 0.095784 -0.073971
v -0.205802 0.095736 -0.073910
v -0.206702 0.049907 -0.039015
v -0.188610 0.024473 -0.043224
v -0.187669 0.001877 -0.062807
v -0.199988 0.122300 -0.006317
v -0.203525 0.091833 0.021788
v -0.172202 0.101757 -0.092237
v -0.201328 0.090366 -0.064353
v -0.201323 0.090379 -0.064356
v -0.200380 0.013214 0.014052
v -0.199121 0.035665 -0.031335
v -0.189966 0.052394 -0.035468
v -0.175329 0.107862 -0.011331
v -0.162362 0.005205 0.000242
v -0.184813 0.081367 -0.102388
v -0.166056 0.001724 0.012925
v -0.186114 0.086201 -0.073027
v -0.192043 0.059866 -0.018154
v -0.191319 0.146288 0.032321
v -0.190009 0.075855 -0.052542
v -0.157857 0.167658 0.002514
v -0.190038 0.051940 -0.035217
v -0.188996 0.086318 -0.090865
v -0.188901 0.091098 0.017607
v -0.188106 0.020244 -0.043012
v -0.185749 0.067742 -0.044211
v -0.184728 0.061041 -0.039250
v -0.184706 0.060960 -0.039206
v -0.185438 0.132779 0.026382
v -0.184918 0.132336 0.026293
v -0.156243 0.046436 -0.050698
v -0.166020 0.082231 -0.038407
v -0.179512 0.103815 -0.021202
v -0.173352 0.125863 -0.183554
v -0.182830 0.124204 0.024894
v -0.182826 0.124198 0.024893
v -0.182479 0.052750 -0.034077
v -0.167338 0.061625 -0.138132
v -0.143842 0.085410 -0.005010
v -0.181257 0.053033 -0.033566
v -0.180953 0.116408 0.023613
v -0.180909 0.116308 0.023590
v -0.181793 0.053271 -0.033675
v -0.163380 0.093001 -0.139472
v -0.181673 0.060566 -0.018029
v -0.181071 0.060943 -0.018067
v -0.178345 0.088202 0.016694
v -0.178372 0.088210 0.016698
v -0.177818 0.066638 0.011241
v -0.178760 -0.066397 -0.183089
v -0.176619 0.093460 -0.018834
v -0.175976 0.048582 -0.036589
v -0.175461 0.060707 -0.018395
v -0.175445 0.060706 -0.018394
v -0.167732 0.118395 -0.111238
v -0.171655 0.103453 0.019493
v -0.172981 0.078449 0.052667
v -0.148917 0.105121 0.065966
v -0.172737 0.029002 -0.042962
v -0.172337 0.068539 0.053503
v -0.172323 0.068088 -0.063964
v -0.170576 0.089208 0.016683
v -0.170091 0.089169 0.016262
v -0.125314 0.002554 -0.124702
v -0.165282 0.074259 -0.158618
v -0.170955 0.060121 -0.019585
v -0.170609 0.027811 0.019630
v -0.129767 0.029321 -0.053703
v -0.170089 0.060532 -0.019629
v -0.155813 0.002512 0.015249
v -0.169209 0.119000 -0.139391
v -0.119721 0.003816 -0.119795
v -0.167504 0.083896 0.014128
v -0.166438 0.083700 0.013903
v -0.166671 0.083888 0.013931
v -0.127129 0.109914 0.043354
v -0.167657 0.102733 -0.017345
v -0.131104 0.031939 -0.041111
v -0.165811 0.051939 0.094493
v -0.166847 0.009731 -0.105424
v -0.165571 0.064466 0.006178
v -0.164897 0.064776 0.006015
v -0.165145 0.051924 -0.024462
v -0.164067 0.112557 -0.127663
v -0.163503 0.112542 -0.127148
v -0.163879 0.052824 -0.024365
v -0.160474 0.109272 -0.120955
v -0.160458 0.109253 -0.120918
v -0.152525 0.059286 -0.021832
v -0.157157 0.020071 -0.178625
v -0.114091 0.123496 -0.118375
v -0.157519 0.108133 -0.114082
v -0.158123 0.063780 0.004234
v -0.158054 0.063774 0.004214
v -0.158265 0.039296 -0.048670
v -0.157906 0.024323 -0.198464
v -0.157533 0.106969 -0.114385
v -0.125160 0.098414 -0.035788
v -0.156450 0.111843 -0.103745
v -0.157900 0.058050 0.044973
v -0.155009 0.064238 0.052530
v -0.154899 0.054309 -0.024263
v -0.154854 0.054315 -0.024259
v -0.157613 0.045185 -0.068910
v -0.154028 0.058744 -0.021824
v -0.154353 0.040361 -0.213119
v -0.133749 0.032157 -0.001640
v -0.148327 0.101177 -0.093023
v -0.152221 0.063825 0.002274
v -0.151694 0.110535 -0.090017
v -0.151355 0.110807 -0.089441
v -0.151302 0.009650 -0.167628
v -0.110844 0.107350 -0.076669
v -0.151458 0.064200 0.002009
v -0.135186 0.075831 -0.114899
v -0.149140 0.109451 -0.082017
v -0.149143 0.109454 -0.082029
v -0.144996 0.032284 -0.156168
v -0.148547 0.058272 -0.024223
v -0.148594 0.058308 -0.024224
v -0.107635 0.057917 0.046080
v -0.144267 0.147202 -0.110252
v -0.113284 -0.016804 -0.162775
v -0.146563 0.096786 -0.086993
v -0.146570 0.096777 -0.086980
v -0.147031 0.107351 -0.075795
v -0.146372 0.107218 -0.075190
v -0.144947 0.093158 -0.080137
v -0.144992 0.093524 -0.080128
v -0.145700 0.093599 -0.080933
v -0.146291 0.073059 -0.083223
v -0.138633 0.009251 0.024716
v -0.146201 0.063683 0.006679
v -0.147497 0.030967 -0.154850
v -0.144464 0.064188 0.006227
v -0.145372 0.037735 -0.070026
v -0.140100 -0.027171 -0.157889
v -0.143872 0.102185 -0.088955
v -0.143913 0.102077 -0.088838
v -0.144251 0.056161 -0.025368
v -0.143856 0.056135 -0.025468
v -0.144398 0.056127 -0.025433
v -0.152525 0.056807 -0.086694
v -0.098941 0.068629 -0.098671
v -0.119044 -0.015495 -0.168639
v -0.145756 0.025210 -0.157000
v -0.142246 0.086865 -0.064791
v -0.140978 0.087215 -0.063662
v -0.142138 -0.040175 -0.096364
v -0.139605 0.053945 -0.147715
v -0.136265 0.093267 -0.056062
v -0.106131 -0.082265 -0.149496
v -0.139635 0.106855 -0.097203
v -0.139261 0.079644 0.019348
v -0.137601 0.093698 -0.056818
v -0.137816 0.062320 -0.002850
v -0.119025 0.018092 -0.144087
v -0.135629 0.085525 -0.057405
v -0.135661 0.085564 -0.057460
v -0.137081 -0.059736 -0.126869
v -0.136910 0.051206 -0.072675
v -0.132520 0.087860 -0.054107
v -0.132558 0.087909 -0.054137
v -0.118141 -0.066478 -0.202291
v -0.134186 0.070076 0.070305
v -0.133919 0.111570 -0.110368
v -0.133929 0.111558 -0.110345
v -0.133596 0.128495 0.032079
v -0.133533 0.072353 -0.095319
v -0.132965 0.063365 0.002296
v -0.132956 0.063354 0.002291
v -0.130830 0.047868 -0.115132
v -0.132987 0.072753 -0.095666
v -0.109889 0.033565 -0.220440
v -0.130065 0.081868 -0.050405
v -0.129884 0.081636 -0.050219
v -0.117437 0.016971 -0.079080
v -0.130296 0.081953 -0.050310
v -0.132239 0.068067 -0.115528
v -0.131249 0.099124 -0.019412
v -0.129771 0.060185 -0.029525
v -0.104657 0.074169 -0.064471
v -0.123425 -0.038105 -0.132945
v -0.130543 0.061620 -0.002458
v -0.108575 0.169763 -0.146608
v -0.129704 -0.035109 -0.195448
v -0.092237 0.035277 -0.160664
v -0.129543 0.024986 -0.136779
v -0.129154 0.062660 -0.002265
v -0.095324 -0.014577 -0.094699
v -0.098157 0.175517 -0.138428
v -0.118025 0.022490 -0.184508
v -0.123112 -0.061844 -0.128394
v -0.127377 0.096419 0.041426
v -0.122227 0.097839 -0.036348
v -0.127048 0.097295 -0.131849
v -0.126359 0.102707 -0.028410
v -0.124881 0.117442 -0.134404
v -0.124910 0.117434 -0.134350
v -0.125574 -0.008624 -0.128203
v -0.125004 0.072770 -0.100745
v -0.125028 0.072770 -0.100733
v -0.125129 0.070007 -0.113375
v -0.115839 0.016702 -0.211055
v -0.123498 -0.045197 -0.114917
v -0.123171 0.028814 -0.166281
v -0.084417 0.008969 -0.102952
v -0.122640 0.063205 -0.001473
v -0.122801 0.063228 -0.001445
v -0.117587 0.057526 -0.026768
v -0.122350 0.097733 0.054741
v -0.087507 0.102943 -0.124405
v -0.114727 0.065888 -0.077740
v -0.106050 0.016348 -0.048371
v -0.120266 -0.015489 -0.073524
v -0.120136 -0.026595 -0.179471
v -0.098655 0.094064 -0.137537
v -0.120218 -0.025967 -0.178962
v -0.092351 -0.019998 -0.156336
v -0.120212 0.099970 0.060870
v -0.119557 0.091508 -0.070853
v -0.117347 0.073916 -0.041137
v -0.117391 0.074166 -0.041345
v -0.119162 -0.022190 -0.087445
v -0.118136 0.056964 -0.026269
v -0.118672 0.129005 -0.008439
v -0.118714 0.027706 -0.132880
v -0.118009 0.118504 -0.148279
v -0.090072 0.001241 -0.178334
v -0.118397 0.067339 -0.070993
v -0.118191 0.028046 -0.132799
v -0.104523 0.035332 -0.252174
v -0.089821 0.072073 -0.084166
v -0.118000 0.118498 -0.148293
v -0.118150 0.060727 -0.002735
v -0.117483 -0.046193 -0.119392
v -0.115750 0.051156 -0.136773
v -0.116599 0.071585 -0.104789
v -0.116654 0.071604 -0.104759
v -0.112986 0.061267 -0.027988
v -0.118689 0.020423 -0.052061
v -0.116355 0.061709 -0.003169
v -0.116213 0.061741 -0.003181
v -0.116768 0.078073 -0.164701
v -0.116525 -0.019974 -0.170651
v -0.116533 -0.019971 -0.170658
v -0.116213 -0.017284 -0.154795
v -0.113386 0.061051 -0.028478
v -0.060087 0.055374 -0.163490
v -0.115565 -0.024665 -0.151420
v -0.114405 0.005714 -0.067536
v -0.113364 0.039698 -0.142295
v -0.083723 -0.008895 -0.094711
v -0.112866 0.081781 -0.207386
v -0.113498 0.036013 -0.205545
v -0.085482 0.043962 -0.090239
v -0.113197 -0.010432 -0.130179
v -0.113140 0.054681 -0.024648
v -0.112837 -0.014787 -0.161894
v -0.112859 -0.014805 -0.161936
v -0.110721 0.054824 -0.023576
v -0.112405 0.040342 -0.222408
v -0.111365 0.055374 -0.023793
v -0.111985 0.027529 -0.131701
v -0.111928 0.027524 -0.131691
v -0.110064 0.055706 -0.158420
v -0.103493 0.017470 -0.180495
v -0.101388 0.001596 -0.146837
v -0.111125 0.020410 -0.102107
v -0.101084 0.055610 -0.104218
v -0.109783 0.119328 -0.161909
v -0.109527 0.119760 -0.162432
v -0.109218 0.066588 -0.184299
v -0.109212 0.012217 -0.091686
v -0.100336 0.029092 -0.177732
v -0.109006 0.117522 -0.119030
v -0.108526 0.033112 -0.177201
v -0.111388 0.092336 -0.153223
v -0.108212 0.030874 -0.012819
v -0.088035 0.013480 -0.090714
v -0.108794 0.140011 -0.143523
v -0.088083 0.021267 -0.097036
v -0.108426 0.021592 -0.179787
v -0.108690 0.135100 -0.153477
v -0.078123 0.162702 -0.203342
v -0.106311 -0.017534 -0.050115
v -0.106295 0.071405 -0.071455
v -0.105987 0.027888 -0.130628
v -0.105967 0.027887 -0.130623
v -0.111512 0.032822 -0.145194
v -0.077470 0.010298 -0.182430
v -0.094591 -0.002042 -0.132174
v -0.073587 0.124271 -0.080848
v -0.104007 0.020272 -0.189798
v -0.103475 0.059942 -0.170518
v -0.102879 0.059880 -0.170064
v -0.083053 0.073840 -0.074203
v -0.103221 0.024098 -0.165860
v -0.102630 0.024057 -0.165326
v -0.099864 0.002441 -0.107394
v -0.103328 0.017983 -0.144719
v -0.102453 0.068858 -0.111303
v -0.054447 0.034911 -0.098201
v -0.092240 0.018767 -0.095700
v -0.102379 0.050784 -0.151885
v -0.102880 0.059381 -0.107608
v -0.101601 0.065780 -0.113689
v -0.094301 0.029672 -0.182249
v -0.101765 0.067647 -0.172210
v -0.102479 0.045212 -0.223435
v -0.101595 0.066369 -0.138190
v -0.071497 0.173110 -0.177966
v -0.078673 0.018522 -0.098390
v -0.101042 -0.011077 -0.048079
v -0.101307 0.050817 -0.017201
v -0.089571 0.011329 -0.116664
v -0.099351 0.020670 -0.158543
v -0.099353 0.020692 -0.158564
v -0.100027 0.107031 -0.079440
v -0.098433 0.052174 -0.016270
v -0.098753 0.055333 -0.163807
v -0.098752 0.055338 -0.163816
v -0.092812 0.060527 -0.009223
v -0.102796 0.040920 -0.169413
v -0.098316 0.101295 0.007479
v -0.076815 -0.046022 -0.074528
v -0.098286 0.114410 -0.110051
v -0.102970 -0.021413 -0.168336
v -0.096217 0.016032 -0.152492
v -0.096248 0.016074 -0.152556
v -0.095729 0.051456 -0.156690
v -0.095740 0.051463 -0.156711
v -0.082517 0.081077 -0.118705
v -0.096619 0.048518 -0.092856
v -0.094726 0.029682 -0.125951
v -0.096478 -0.010098 -0.195596
v -0.095589 0.060124 -0.008490
v -0.087545 -0.018086 -0.109420
v -0.094337 0.008038 -0.141870
v -0.095012 0.042791 -0.045895
v -0.096454 0.145739 -0.142892
v -0.074488 0.024595 -0.079714
v -0.064151 0.035523 -0.236447
v -0.094199 -0.002896 -0.132196
v -0.090238 0.055939 -0.011628
v -0.089535 0.055478 -0.010490
v -0.093771 -0.012132 -0.142629
v -0.093516 0.064707 -0.162970
v -0.093103 0.065036 -0.162400
v -0.086904 0.062917 -0.122990
v -0.089344 0.029736 -0.101581
v -0.066120 0.063543 -0.072280
v -0.058404 0.064529 -0.157576
v -0.087634 0.067562 -0.153774
v -0.092997 0.065729 -0.131170
v -0.093136 -0.009804 -0.095227
v -0.092596 0.065990 -0.130690
v -0.091817 0.052115 -0.014210
v -0.091833 0.052119 -0.014208
v -0.090119 0.002376 -0.130449
v -0.092837 -0.004703 -0.094399
v -0.091583 0.044475 -0.141638
v -0.077580 0.019318 -0.114202
v -0.087701 0.049838 -0.101618
v -0.090313 0.002495 -0.130357
v -0.089214 0.102316 -0.149495
v -0.091104 -0.025805 -0.143798
v -0.086995 0.033731 -0.123681
v -0.090461 0.123594 -0.185220
v -0.057280 0.017239 -0.064476
v -0.093181 0.119415 -0.114964
v -0.090084 0.064663 -0.156324
v -0.090073 0.064674 -0.156322
v -0.089992 0.058364 -0.177580
v -0.089188 0.064755 -0.125874
v -0.089187 0.064749 -0.125871
v -0.089014 -0.000511 -0.124609
v -0.089777 0.002157 -0.188417
v -0.063140 0.088480 -0.094791
v -0.072382 0.138561 -0.007364
v -0.089668 -0.001276 -0.125508
v -0.089566 -0.000448 -0.124755
v -0.089582 0.043979 -0.182724
v -0.089424 0.022127 -0.072326
v -0.088654 0.021832 -0.221566
v -0.088852 0.118389 -0.106541
v -0.088823 0.038405 -0.173025
v -0.088012 0.064336 -0.149891
v -0.088014 0.064353 -0.149939
v -0.094345 0.056542 -0.130762
v -0.088265 0.049732 -0.089933
v -0.069428 0.036744 -0.164092
v -0.076328 0.054745 -0.139587
v -0.065210 0.126082 -0.109864
v -0.087713 0.050192 -0.089770
v -0.085195 0.037380 -0.127714
v -0.086858 0.062688 -0.123043
v -0.087611 0.061970 -0.210352
v -0.063630 -0.043465 -0.184747
v -0.087371 -0.005991 -0.098062
v -0.087267 0.079002 -0.063847
v -0.086898 0.033833 -0.123622
v -0.086951 0.022000 -0.106189
v -0.086712 0.007036 -0.107550
v -0.086596 0.029816 -0.122153
v -0.085888 0.063760 -0.121087
v -0.085835 0.063398 -0.121261
v -0.085353 0.037121 -0.127864
v -0.052157 0.033182 -0.117575
v -0.074524 0.078630 -0.036199
v -0.086383 0.048739 -0.059886
v -0.086169 0.044691 0.062081
v -0.083250 0.051443 -0.013705
v -0.083425 0.050462 -0.012107
v -0.054841 0.075211 -0.193574
v -0.084351 0.050741 -0.012082
v -0.082365 0.059318 -0.128688
v -0.085097 0.039181 -0.134157
v -0.084696 0.079137 -0.118560
v -0.041498 0.031829 -0.220976
v -0.084427 0.103065 -0.149322
v -0.081641 0.055662 -0.088781
v -0.086774 0.083605 -0.077157
v -0.083866 -0.025218 -0.117760
v -0.045436 0.058289 -0.191778
v -0.026655 0.066508 -0.184664
v -0.082232 0.058634 -0.129040
v -0.083300 0.033636 -0.121466
v -0.083479 -0.091786 -0.174046
v -0.083454 0.031464 -0.155128
v -0.085279 0.053801 -0.201374
v -0.083324 -0.030674 -0.181935
v -0.049593 0.076659 -0.110541
v -0.082452 0.034191 -0.120686
v -0.082730 0.034241 -0.120811
v -0.083120 0.050652 -0.088503
v -0.083074 0.050657 -0.088491
v -0.082877 0.049148 -0.174511
v -0.072122 -0.015195 -0.191053
v -0.078853 0.127749 -0.149192
v -0.052126 0.095249 -0.078494
v -0.082138 0.060263 -0.149542
v -0.081914 0.056327 -0.124782
v -0.081876 -0.019815 0.007288
v -0.080968 0.056631 -0.124051
v -0.081793 -0.009030 -0.221183
v -0.068285 -0.013886 -0.099041
v -0.094698 -0.025361 -0.100824
v -0.080912 0.056465 -0.124306
v -0.077134 0.065706 -0.062516
v -0.071210 0.066360 -0.079328
v -0.081267 0.064351 -0.102542
v -0.080440 -0.033216 -0.179837
v -0.092319 -0.014893 -0.203013
v -0.080914 0.097909 -0.060591
v -0.029934 0.091998 -0.127203
v -0.031988 0.090790 -0.203482
v -0.078502 0.055847 -0.077114
v -0.080191 0.040186 -0.127528
v -0.080407 0.006212 -0.108617
v -0.080427 0.039602 -0.128085
v -0.080187 0.007287 -0.107674
v -0.081194 -0.068002 -0.180501
v -0.064691 0.192214 -0.131762
v -0.067938 0.009539 -0.130920
v -0.049355 0.065029 -0.255753
v -0.077704 0.062927 -0.089684
v -0.073057 0.057457 -0.105766
v -0.079222 0.181699 -0.106520
v -0.079232 0.050977 -0.088081
v -0.077865 0.074176 -0.188351
v -0.077777 0.074653 -0.188045
v -0.077702 0.077796 -0.195526
v -0.077711 0.077775 -0.195486
v -0.078910 0.056324 -0.061191
v -0.082654 0.002019 -0.116475
v -0.078219 0.062832 -0.200028
v -0.077824 0.062676 -0.199399
v -0.078854 0.010256 0.039601
v -0.077815 0.062372 -0.192439
v -0.077792 0.062322 -0.192357
v -0.078528 0.051594 -0.087810
v -0.078199 0.041452 -0.124169
v -0.078189 0.041441 -0.124181
v -0.077724 0.064158 -0.213046
v -0.065798 0.045232 -0.132065
v -0.056022 0.077984 -0.220023
v -0.077348 0.081501 -0.203549
v -0.077002 0.081186 -0.202995
v -0.072360 0.121846 -0.118987
v -0.077862 0.048203 -0.175754
v -0.076892 0.061823 -0.185602
v -0.077551 0.048665 -0.175324
v -0.077588 0.074025 -0.113929
v -0.045718 0.032431 -0.199394
v -0.064100 0.110476 -0.115653
v -0.076895 0.073980 -0.113697
v -0.076811 0.088960 -0.217019
v -0.079985 0.082908 -0.129852
v -0.076853 0.061807 -0.185571
v -0.063832 0.072459 -0.235780
v -0.066163 0.069060 -0.142484
v -0.051552 0.060837 -0.068121
v -0.075339 0.042963 -0.121396
v -0.075414 0.042946 -0.121473
v -0.073686 0.009492 0.183279
v -0.044815 0.068894 -0.060763
v -0.075389 0.030170 -0.089848
v -0.075153 0.060964 -0.172271
v -0.077283 0.024505 -0.171283
v -0.082226 0.045830 -0.133823
v -0.074823 0.023929 -0.133571
v -0.074707 0.048654 -0.186405
v -0.074313 0.010764 -0.099446
v -0.074319 0.010773 -0.099460
v -0.076771 0.059323 -0.225071
v -0.070848 0.062314 -0.161788
v -0.074121 0.111905 -0.092796
v -0.073988 0.047027 -0.134744
v -0.072976 0.070751 -0.111672
v -0.073013 0.070792 -0.111688
v -0.037791 0.079873 -0.109505
v -0.073491 0.045405 -0.159380
v -0.073354 0.057456 -0.105552
v -0.073248 0.059163 -0.117879
v -0.073102 0.099352 -0.076807
v -0.071709 0.057687 -0.104884
v -0.071644 0.057208 -0.104876
v -0.055962 0.108221 -0.186104
v -0.072162 0.049767 -0.169912
v -0.072175 0.049766 -0.169931
v -0.073051 0.027044 -0.129101
v -0.049661 0.083228 -0.104741
v -0.069639 0.030105 0.172736
v -0.069828 0.051264 -0.110494
v -0.069854 0.051182 -0.110399
v -0.048006 -0.000331 -0.136391
v -0.093209 -0.057511 -0.115202
v -0.069455 0.063389 -0.161024
v -0.072049 -0.029342 -0.161135
v -0.071101 0.054008 -0.116535
v -0.070746 0.054141 -0.115570
v -0.070011 0.062744 -0.121166
v -0.070516 0.062553 -0.121224
v -0.045308 0.080849 -0.181332
v -0.070643 0.062355 -0.161877
v -0.071337 0.055365 -0.102326
v -0.070469 0.055539 -0.101462
v -0.070152 0.063468 -0.125214
v -0.070152 0.063471 -0.125224
v -0.070685 0.064369 -0.129960
v -0.070279 0.064155 -0.129311
v -0.062413 0.048726 -0.160913
v -0.058529 0.040811 -0.004434
v -0.055498 0.147716 -0.126215
v -0.069831 0.066620 -0.110363
v -0.069851 0.066649 -0.110367
v -0.011480 0.032032 -0.153353
v -0.070676 0.055761 -0.101492
v -0.068081 0.047833 -0.103327
v -0.068122 0.047722 -0.103238
v -0.068103 0.048463 -0.103287
v -0.069971 0.065712 -0.137448
v -0.067443 0.038627 -0.083713
v -0.069360 0.062747 -0.160874
v -0.070057 0.062414 -0.113515
v -0.069800 0.047745 -0.221719
v -0.049927 0.054208 -0.105040
v -0.064710 0.053626 -0.083696
v -0.069912 -0.037438 -0.127429
v -0.067251 0.015530 -0.093132
v -0.067192 0.014953 -0.093413
v -0.067878 0.012988 -0.090742
v -0.067566 0.012677 -0.090187
v -0.068724 0.013607 -0.090506
v -0.085076 0.057793 -0.064674
v -0.062971 0.043272 -0.109085
v -0.069304 0.005367 -0.164669
v -0.069296 0.065779 -0.124567
v -0.069272 0.023729 -0.115769
v -0.057771 0.084850 -0.110533
v -0.069072 -0.009558 -0.143624
v -0.068526 0.034821 -0.107287
v -0.067950 0.034766 -0.106721
v -0.068990 0.121159 -0.099433
v -0.060636 0.090478 -0.146345
v -0.043569 0.051310 -0.199702
v -0.069010 0.012374 0.192028
v -0.068687 0.059249 -0.156377
v -0.068903 0.023346 0.052268
v -0.067254 0.019569 -0.095107
v -0.066796 0.018173 -0.094336
v -0.067831 0.059582 -0.155593
v -0.068729 0.119349 -0.112929
v -0.067732 0.059487 -0.155577
v -0.059811 0.067071 -0.077847
v -0.046074 -0.012722 -0.090997
v -0.068531 0.033562 -0.185804
v -0.066075 0.054405 -0.108772
v -0.066091 0.054318 -0.108537
v -0.068359 -0.023475 -0.145380
v -0.068094 0.049557 -0.164593
v -0.068265 0.062947 0.063788
v -0.067695 0.050038 -0.163860
v -0.068048 0.038638 -0.216346
v -0.067941 -0.015313 -0.156162
v -0.072213 0.023648 -0.045398
v -0.067828 -0.005102 -0.005464
v -0.067494 0.051022 -0.207795
v -0.067789 0.051294 -0.207170
v -0.065389 0.017905 0.145677
v -0.069391 0.030061 0.086480
v -0.043994 0.022550 -0.072791
v -0.033513 0.066761 -0.146794
v -0.067569 0.051655 -0.199421
v -0.067565 0.051653 -0.199411
v -0.077934 0.031459 -0.100468
v -0.067554 0.032756 -0.138417
v -0.026909 0.050091 -0.159715
v -0.067453 0.072524 0.068515
v -0.065002 0.028547 -0.100430
v -0.065022 0.028461 -0.100379
v -0.067205 -0.074156 -0.148296
v -0.066661 0.054236 -0.091258
v -0.066889 0.052510 -0.191867
v -0.066886 0.052510 -0.191864
v -0.061572 0.023696 -0.079290
v -0.038829 0.014525 -0.179909
v -0.063988 0.059153 -0.193006
v -0.065491 0.054647 -0.090486
v -0.066499 0.041430 -0.027341
v -0.066105 0.052615 -0.083863
v -0.068126 0.035533 -0.059924
v -0.064213 0.056562 -0.117488
v -0.065719 -0.006281 -0.119500
v -0.060361 0.044501 -0.099683
v -0.023162 0.038992 -0.129773
v -0.055430 0.050381 -0.139200
v -0.063909 0.057132 -0.109984
v -0.049318 0.149810 -0.140015
v -0.043549 0.096076 -0.088570
v -0.064003 0.057087 -0.173804
v -0.054187 0.035503 -0.119646
v -0.064844 0.001801 0.080866
v -0.064558 0.086445 -0.111132
v -0.017032 0.052942 -0.097003
v -0.064626 0.062311 -0.093149
v -0.064267 0.055535 -0.116196
v -0.064041 0.072704 -0.145682
v -0.063926 0.069430 -0.164239
v -0.027119 0.066494 -0.143383
v -0.064543 0.056626 -0.060107
v -0.062647 0.069555 -0.153071
v -0.062639 0.069524 -0.153015
v -0.063894 0.023284 -0.150176
v -0.059136 0.015905 -0.077390
v -0.061266 0.046413 -0.107789
v -0.063005 0.042775 -0.109076
v -0.033269 0.097556 -0.203545
v -0.062984 0.074355 -0.162514
v -0.062595 0.074009 -0.161948
v -0.060982 0.021511 -0.091208
v -0.062293 0.022798 -0.092666
v -0.054095 0.023201 0.076500
v -0.061055 0.022375 -0.091199
v -0.063338 -0.040107 -0.164847
v -0.060885 0.023812 -0.080304
v -0.057838 0.025935 0.122229
v -0.061246 0.046440 -0.107623
v -0.061739 0.025207 -0.103604
v -0.061716 0.025960 -0.104234
v -0.053318 0.082990 -0.139303
v -0.061373 0.067153 -0.143581
v -0.061899 0.067460 -0.144286
v -0.060699 0.057638 -0.126843
v -0.062315 0.012116 -0.189646
v -0.060932 0.053389 -0.087059
v -0.061004 0.053452 -0.087145
v -0.059132 0.040658 -0.004199
v -0.062139 0.059013 -0.148689
v -0.061384 0.058596 -0.166572
v -0.061352 0.058631 -0.166662
v -0.061977 0.035585 -0.142683
v -0.060575 0.041425 -0.105498
v -0.061422 0.041660 -0.106225
v -0.060860 0.041961 -0.105462
v -0.059118 0.027343 -0.094565
v -0.059137 0.027310 -0.094545
v -0.061174 0.085002 -0.177868
v -0.062188 0.107594 0.194324
v -0.060498 0.103028 -0.047924
v -0.060663 0.052700 -0.084038
v -0.060815 0.052788 -0.084096
v -0.061522 0.157276 -0.057137
v -0.056217 0.050038 -0.143495
v -0.061178 0.134312 -0.034849
v -0.059406 0.061813 -0.164527
v -0.059176 0.061695 -0.164529
v -0.046453 0.131896 -0.167345
v -0.059666 0.027564 -0.106297
v -0.059669 0.027560 -0.106292
v -0.042515 0.042353 -0.154569
v -0.058935 0.057886 -0.160281
v -0.059041 0.081568 -0.178057
v -0.059049 0.081514 -0.178019
v -0.058782 0.072160 -0.170360
v -0.059220 0.058112 -0.160380
v -0.059745 0.058206 -0.161028
v -0.049039 -0.009890 -0.184867
v -0.058258 0.034278 -0.097454
v -0.057235 0.032619 -0.096873
v -0.042467 0.138750 -0.104758
v -0.058800 0.016234 -0.077394
v -0.050208 0.077476 -0.030888
v -0.059291 0.014550 0.098806
v -0.060518 0.034263 -0.049264
v -0.057871 0.086469 -0.181341
v -0.057880 0.086440 -0.181313
v -0.036923 0.119381 -0.130746
v -0.028505 0.058698 -0.124274
v -0.058948 0.070571 -0.064937
v -0.058938 0.076133 -0.013135
v -0.042243 0.033867 -0.103552
v -0.058193 0.039298 -0.097843
v -0.057233 0.039793 -0.096663
v -0.058265 0.126035 -0.151538
v -0.057671 0.030704 -0.109436
v -0.057694 0.030054 -0.109025
v -0.057915 0.056571 -0.142114
v -0.057045 0.056435 -0.141454
v -0.056763 0.050629 -0.082701
v -0.056293 0.050696 -0.082994
v -0.056881 0.050689 -0.082645
v -0.057640 0.071622 -0.108351
v -0.057124 0.071198 -0.108241
v -0.054911 0.030594 0.104890
v -0.066333 0.078134 -0.056923
v -0.057169 0.015577 -0.075528
v -0.056703 0.091082 -0.186226
v -0.056491 0.090476 -0.185755
v -0.057089 0.048942 -0.144625
v -0.056123 0.016505 -0.074230
v -0.057181 0.027678 -0.115165
v -0.055136 0.016065 -0.074124
v -0.055775 0.014416 -0.070932
v -0.057033 0.011995 -0.073577
v -0.055150 0.039241 -0.092237
v -0.055104 0.039216 -0.092136
v -0.047499 0.094430 -0.113884
v -0.056479 0.020448 -0.129992
v -0.056051 0.051376 -0.147542
v -0.044918 0.124710 -0.139675
v -0.055087 0.062639 -0.106571
v -0.055091 0.062669 -0.106581
v -0.056335 0.035111 -0.146518
v -0.054872 0.051837 -0.146299
v -0.054036 0.051332 -0.136029
v -0.054007 0.051254 -0.135955
v -0.055926 0.070847 -0.155389
v -0.053523 0.037576 -0.001895
v -0.053402 0.037529 -0.001810
v -0.055519 0.071184 -0.154979
v -0.051028 0.028976 0.150853
v -0.055567 0.138220 -0.178190
v -0.054217 0.054485 -0.103692
v -0.054629 0.055243 -0.103926
v -0.035819 0.007243 -0.143794
v -0.038152 -0.018654 0.173333
v -0.020878 0.053629 -0.208003
v -0.052717 0.044705 -0.090875
v -0.052452 0.041238 -0.090209
v -0.052430 0.041068 -0.090067
v -0.053366 0.045780 -0.091691
v -0.053404 0.055792 -0.098108
v -0.053887 0.056530 -0.098632
v -0.054654 -0.025919 -0.132848
v -0.054579 0.026314 -0.147698
v -0.022559 0.118507 -0.095977
v -0.013201 0.103604 -0.176545
v -0.053091 0.059084 -0.100501
v -0.053103 0.059038 -0.100459
v -0.051895 0.037847 -0.088384
v -0.051963 0.037838 -0.087865
v -0.059250 0.034884 -0.168710
v -0.052728 0.038783 -0.087891
v -0.053980 0.037175 -0.038114
v -0.053791 0.058166 -0.144351
v -0.053250 0.117199 -0.141129
v -0.052771 0.117003 -0.140662
v -0.052261 0.018011 -0.066224
v -0.052467 0.017968 -0.066643
v -0.053595 0.136942 -0.148566
v -0.053625 -0.004323 -0.058220
v -0.052932 0.035672 -0.113043
v -0.052599 0.062556 -0.103706
v -0.052336 0.061985 -0.103278
v -0.053318 0.056050 -0.111857
v -0.029604 0.050245 -0.189061
v -0.052679 0.098011 -0.194497
v -0.051483 0.051333 -0.140674
v -0.051515 0.051379 -0.140762
v -0.051717 0.050702 -0.138783
v -0.051882 0.050778 -0.139019
v -0.052793 0.122595 -0.103830
v -0.054122 0.054077 0.080426
v -0.054133 0.128341 -0.122459
v -0.051365 0.112268 -0.134541
v -0.051373 0.112275 -0.134556
v -0.051180 0.014186 -0.068840
v -0.050178 0.016049 -0.066688
v -0.035173 0.111722 -0.142205
v -0.052112 -0.020373 0.125402
v -0.049427 0.045390 -0.128728
v -0.049523 0.045158 -0.128432
v -0.050738 0.108216 -0.128101
v -0.050737 0.108208 -0.128090
v -0.051932 0.039166 -0.125254
v -0.045991 0.039950 -0.068765
v -0.051810 0.034934 -0.039378
v -0.049637 0.046262 -0.128470
v -0.051735 0.089556 -0.132384
v -0.051615 0.002950 -0.190089
v -0.051037 0.067764 -0.109115
v -0.050979 0.070494 -0.150363
v -0.050971 0.070485 -0.150354
v -0.052123 0.121621 -0.148656
v -0.046535 0.035083 -0.001777
v -0.051310 0.037876 -0.120916
v -0.032342 0.007118 0.075398
v -0.051042 0.049141 0.050879
v -0.048932 0.017044 -0.062698
v -0.050280 0.124388 -0.058464
v -0.050612 0.031939 -0.083042
v -0.049573 0.018151 -0.058271
v -0.048659 0.017352 -0.057970
v -0.050039 0.016249 -0.063089
v -0.049988 0.089978 -0.145058
v -0.047764 0.049254 -0.131929
v -0.047908 0.049042 -0.131724
v -0.028792 0.011426 -0.071917
v -0.045863 0.090170 -0.107460
v -0.040405 0.087472 -0.115945
v -0.049368 0.016785 -0.057871
v -0.049248 0.106658 -0.090950
v -0.049480 0.032209 -0.192629
v -0.046572 0.035046 -0.001715
v -0.047836 0.048669 -0.133187
v -0.047835 0.048631 -0.133183
v -0.047789 0.048557 -0.133139
v -0.027736 0.091487 -0.115646
v -0.045027 -0.009029 0.147619
v -0.048558 0.118246 -0.069179
v -0.048080 0.118024 -0.069710
v -0.046740 0.039322 -0.116204
v -0.028531 -0.035023 0.154056
v -0.048938 0.042715 0.091428
v -0.048836 0.071385 -0.107027
v -0.022488 0.056043 0.030812
v -0.038048 0.127847 -0.108758
v -0.047221 0.114632 -0.075391
v -0.047220 0.114611 -0.075423
v -0.048441 0.038980 -0.163496
v -0.005450 0.105725 -0.201028
v -0.046079 0.040116 -0.068557
v -0.045147 0.036698 -0.070629
v -0.046195 0.067080 -0.142672
v -0.047878 0.106013 -0.165331
v -0.019109 0.082435 -0.105823
v -0.047628 0.057790 -0.111678
v -0.047471 0.032904 -0.108014
v -0.047287 0.069309 -0.146456
v -0.045946 0.101803 -0.091263
v -0.045937 0.101762 -0.091312
v -0.044194 0.033844 -0.001772
v -0.044265 0.033882 -0.001760
v -0.046683 0.069834 -0.145772
v -0.023308 0.066176 -0.201060
v -0.047111 0.128301 -0.123554
v -0.045795 0.111084 -0.080921
v -0.045797 0.111133 -0.080861
v -0.042096 0.073930 0.169121
v -0.046994 0.072763 0.045000
v -0.045331 0.037111 -0.070415
v -0.044600 0.053469 -0.134169
v -0.044490 0.051970 -0.133134
v -0.045345 0.090435 -0.107589
v -0.033136 -0.007536 -0.064323
v -0.046331 0.053872 -0.075394
v -0.045817 0.099500 -0.089731
v -0.045230 0.099085 -0.089655
v -0.006709 0.092466 -0.119430
v -0.043446 0.093018 -0.101192
v -0.045608 0.099897 -0.173047
v -0.044274 0.036693 -0.065893
v -0.044902 0.035323 -0.067655
v -0.040960 0.037439 -0.106754
v -0.045517 0.017481 -0.154276
v -0.018505 0.080244 -0.095765
v -0.032031 0.061177 -0.114559
v -0.045396 0.011568 -0.146675
v -0.016492 0.085950 -0.126244
v -0.043287 0.035946 -0.066074
v -0.036895 0.151488 0.173538
v -0.045009 0.006089 -0.071569
v -0.044893 0.081948 -0.207873
v -0.043727 0.095131 -0.089132
v -0.043691 0.095050 -0.089116
v -0.045170 -0.020179 0.129022
v -0.043346 0.092951 -0.101121
v -0.043569 0.074214 -0.099074
v -0.043851 -0.000644 -0.103643
v -0.043790 0.073767 -0.099563
v -0.043715 0.023904 -0.070914
v -0.038181 0.030578 -0.002958
v -0.043708 0.069520 -0.044800
v -0.009386 0.017118 -0.120385
v -0.017309 0.129037 -0.126461
v -0.023268 0.027587 -0.141337
v -0.043016 0.111394 -0.177415
v -0.043220 0.032355 -0.146073
v -0.043180 0.063141 -0.143248
v -0.042943 0.087164 -0.102966
v -0.020674 0.077356 -0.205388
v -0.041812 0.086733 -0.102826
v -0.041950 0.086957 -0.102718
v -0.037782 0.111365 -0.117578
v -0.042912 0.023242 0.036649
v -0.052524 0.058876 0.083237
v -0.042395 0.098469 -0.165651
v -0.042003 0.098524 -0.165140
v -0.041201 0.037270 -0.057801
v -0.040039 0.038088 -0.055933
v -0.042488 0.053641 -0.041746
v -0.041427 0.091781 -0.088010
v -0.041415 0.091765 -0.088004
v -0.042406 0.034401 0.022158
v -0.041117 0.096643 -0.161048
v -0.041154 0.096647 -0.161091
v -0.042356 0.078727 -0.134643
v -0.042239 0.043908 -0.092345
v -0.040959 0.094577 -0.157266
v -0.040958 0.094558 -0.157233
v -0.042061 0.037473 0.065614
v -0.042030 0.014635 -0.083146
v -0.040657 0.037736 -0.106896
v -0.038277 0.030535 -0.003116
v -0.041342 0.104644 -0.169706
v -0.040767 0.104439 -0.169171
v -0.036609 0.033394 -0.046436
v -0.036828 0.033231 -0.045796
v -0.037488 0.036216 -0.051101
v -0.037669 0.036127 -0.051260
v -0.041371 0.009320 -0.108232
v -0.015446 0.124228 -0.095234
v -0.036900 0.035327 -0.045602
v -0.040572 0.074650 -0.094940
v -0.000034 0.141355 -0.132708
v -0.038146 0.109290 0.104093
v -0.039542 0.090793 -0.150215
v -0.020079 0.043928 -0.120386
v -0.038432 0.119528 0.142098
v -0.035807 0.037800 -0.048979
v -0.034991 0.036909 -0.048447
v -0.040520 0.074637 -0.094860
v -0.025870 0.042041 -0.102071
v -0.026027 0.074792 -0.092341
v -0.017588 0.058708 -0.127625
v -0.039089 0.101628 -0.164650
v -0.039084 0.101643 -0.164660
v -0.040877 0.072306 -0.209607
v -0.038854 0.085242 -0.152266
v -0.040184 -0.001150 -0.038285
v -0.036279 0.029114 -0.003645
v -0.036339 0.029168 -0.003661
v -0.051434 0.144454 -0.087427
v -0.040165 -0.002339 -0.123876
v -0.037966 0.084607 -0.144802
v -0.033974 0.023021 -0.028955
v -0.019115 0.082628 -0.023663
v -0.038334 0.128002 -0.150348
v -0.038333 0.127953 -0.150329
v -0.046981 0.037153 -0.044963
v -0.039145 0.070632 -0.136200
v -0.037928 0.084531 -0.144912
v -0.039382 0.183217 -0.127443
v -0.037973 0.083646 -0.147194
v -0.037990 0.083630 -0.147209
v -0.039264 0.040503 -0.168055
v -0.039084 0.053992 -0.097204
v -0.037796 0.137196 -0.153450
v -0.037798 0.137176 -0.153438
v -0.039071 0.037661 0.091590
v -0.038936 0.046531 -0.132655
v -0.017697 0.058848 -0.171796
v -0.037537 0.098049 -0.160579
v -0.037557 0.098096 -0.160637
v -0.037947 0.087516 -0.168361
v -0.038696 0.014947 -0.158968
v -0.038670 0.083023 0.026147
v -0.019246 0.020527 0.050482
v -0.037198 0.081610 -0.142204
v -0.037201 0.081718 -0.142201
v -0.037923 0.081834 -0.143004
v -0.038184 0.073513 -0.091564
v -0.036709 0.090914 -0.152321
v -0.037463 0.073523 -0.091079
v -0.042268 0.035003 -0.131676
v -0.038094 0.087499 -0.168252
v -0.037187 0.146121 -0.159054
v -0.036865 0.145541 -0.158712
v -0.037889 0.020229 -0.154909
v -0.037833 0.085075 -0.106111
v -0.004505 0.109595 -0.038716
v -0.037740 0.043428 -0.076101
v -0.031907 0.079128 -0.086407
v -0.036244 0.043634 -0.117555
v -0.022263 0.101630 -0.124654
v -0.036083 0.110288 -0.142154
v -0.034681 0.041472 -0.108302
v -0.034922 0.041108 -0.108445
v -0.033925 0.044290 -0.050486
v -0.032873 0.040533 -0.049704
v -0.016875 -0.022302 0.107845
v -0.034446 0.086482 -0.145618
v 0.000426 0.023899 0.016461
v -0.033442 0.073694 0.146226
v -0.030550 0.025135 -0.003582
v -0.038564 0.139645 -0.075803
v -0.036369 0.035265 -0.103400
v -0.035728 0.065798 -0.142555
v -0.035745 0.066714 -0.143030
v -0.035201 0.036418 -0.101825
v -0.036531 0.087383 -0.173669
v -0.036629 0.087408 -0.173547
v -0.034357 0.035516 -0.101647
v -0.051972 0.002100 -0.130093
v -0.034728 0.092545 -0.144843
v -0.036179 0.004616 -0.181574
v -0.036151 0.054806 -0.027823
v -0.035312 0.076945 -0.132356
v -0.034260 0.076885 -0.131197
v -0.036002 0.135930 -0.129310
v -0.035438 0.157625 -0.173539
v -0.034549 0.092561 -0.145198
v -0.038388 0.077541 -0.153979
v -0.035474 0.072709 -0.131829
v -0.034344 0.086484 -0.145569
v -0.035513 0.074075 -0.130666
v -0.035115 0.086233 -0.179585
v -0.035588 0.086195 -0.178981
v -0.034731 0.009988 0.183583
v -0.030596 0.025116 -0.003403
v -0.033797 0.084180 -0.141315
v -0.033761 0.084279 -0.141322
v -0.034411 0.084656 -0.142023
v -0.035152 0.048407 -0.055379
v -0.033194 0.088054 0.105463
v -0.031515 0.021142 -0.021936
v -0.031321 0.021140 -0.021468
v -0.032457 0.074589 -0.125455
v -0.032424 0.074603 -0.125474
v -0.016122 0.033578 -0.083588
v -0.031778 0.031481 -0.022912
v -0.022229 0.088328 0.082232
v -0.012893 0.015360 0.052947
v -0.005645 0.079816 -0.210527
v -0.003088 0.043032 0.133624
v -0.034054 0.022719 -0.028804
v -0.033036 0.077431 -0.132956
v -0.032075 0.077587 -0.131630
v -0.028755 0.023395 -0.003253
v -0.028843 0.023472 -0.003239
v -0.033614 -0.000775 -0.150138
v -0.000261 0.041361 -0.190311
v -0.030884 0.071713 -0.119624
v -0.030910 0.071659 -0.119562
v -0.030448 0.066093 -0.104007
v -0.033394 0.075593 -0.125961
v -0.033242 0.076623 -0.126192
v -0.033123 0.082427 -0.189221
v -0.031018 0.072163 -0.119663
v 0.016895 0.082291 -0.186210
v -0.032057 0.079010 -0.086107
v -0.033361 -0.011957 -0.155506
v -0.005492 0.087321 0.113574
v -0.029013 0.021213 -0.016300
v -0.030470 0.075529 -0.123971
v -0.030518 0.075412 -0.123804
v -0.031196 0.077994 -0.126780
v -0.031129 0.078090 -0.126896
v -0.030585 0.075957 -0.120219
v -0.031848 0.070783 -0.145286
v -0.031841 0.070796 -0.145292
v -0.032887 0.029005 -0.220608
v -0.030708 0.076221 -0.120140
v -0.030847 0.075265 -0.120357
v -0.032802 0.056233 -0.111543
v -0.032643 0.059956 -0.053051
v -0.028181 0.067048 -0.080930
v -0.030761 0.075365 -0.084603
v -0.030778 0.075617 -0.084569
v -0.031606 0.076221 -0.084802
v -0.030347 0.079071 -0.084487
v -0.030069 0.078943 -0.084157
v -0.009063 0.090009 0.086350
v 0.001137 0.025138 0.141115
v -0.029979 0.079295 -0.128907
v -0.029668 0.077959 -0.127856
v -0.030825 0.076537 -0.099463
v -0.030057 0.076266 -0.098549
v 0.021270 0.103871 -0.067514
v -0.036127 0.054368 -0.052628
v -0.024579 0.035030 -0.055572
v -0.031339 0.012008 0.043681
v -0.031309 0.027335 -0.123506
v -0.027635 0.020849 -0.014308
v -0.031109 0.005334 0.101234
v -0.040913 0.046749 0.122467
v -0.031097 0.042407 0.104769
v -0.031054 0.064448 -0.162735
v -0.005601 0.027569 -0.110582
v -0.023848 0.018620 -0.004518
v -0.028306 0.087239 0.185184
v -0.026819 0.060634 -0.092790
v -0.030805 0.000362 -0.151868
v -0.030327 0.032135 -0.022957
v -0.027394 0.039088 0.163626
v -0.030227 0.079965 -0.110754
v -0.027886 0.071595 -0.093231
v -0.027869 0.071527 -0.093160
v -0.011628 0.117613 -0.072503
v -0.032529 0.003908 -0.091444
v -0.029698 0.067069 -0.081725
v -0.029149 0.159795 0.150007
v -0.032745 0.037602 -0.100178
v -0.007063 0.010842 0.098434
v -0.028971 0.036424 -0.090899
v -0.027308 0.056747 -0.058008
v -0.027825 0.058706 -0.058793
v -0.027308 0.056902 -0.058016
v -0.024010 0.018620 -0.004696
v -0.029694 0.047234 -0.021196
v -0.026702 0.062261 -0.094327
v -0.026202 0.062963 -0.093504
v -0.029597 -0.005648 -0.110590
v -0.027231 0.037204 -0.089167
v -0.028632 0.076549 -0.149202
v -0.028571 0.075904 -0.148891
v -0.029479 0.027465 -0.034824
v -0.028731 0.067559 -0.083082
v -0.027568 0.067091 -0.082142
v -0.026692 0.060672 -0.092742
v -0.029067 0.012438 0.182212
v -0.029133 0.049969 0.063071
v -0.029064 0.005952 -0.010519
v 0.001409 -0.001668 0.124233
v -0.025562 0.030816 -0.018184
v -0.025894 0.030865 -0.018513
v 0.002879 0.108429 -0.191825
v -0.028799 0.021099 -0.016108
v -0.030356 0.082263 -0.152239
v 0.006926 0.111975 -0.149965
v -0.025491 0.093609 -0.082767
v -0.029053 0.039367 0.139910
v -0.000190 0.042585 -0.160401
v -0.022570 0.016717 -0.005238
v -0.022613 0.016783 -0.005268
v -0.025899 0.061631 -0.059557
v -0.025925 0.061570 -0.059505
v -0.028329 -0.023326 -0.177128
v -0.023285 0.019768 -0.009580
v -0.026877 0.080134 -0.117197
v -0.027473 0.080385 -0.118102
v -0.026002 0.065469 -0.077920
v -0.026112 0.065620 -0.078097
v -0.028159 0.052098 -0.013393
v -0.028096 -0.001987 0.040274
v -0.028081 0.036209 0.163091
v -0.025713 0.065278 -0.078815
v -0.025719 0.065326 -0.078868
v -0.025457 0.060714 -0.059533
v -0.025449 0.060740 -0.059557
v -0.033517 0.057101 -0.064149
v -0.027727 -0.027771 -0.125871
v -0.027699 -0.009104 -0.190860
v -0.027770 0.020863 -0.014498
v -0.038493 0.046977 -0.147030
v -0.032634 0.028454 -0.098561
v -0.027231 0.072870 -0.112748
v -0.026989 0.086414 -0.145299
v -0.024525 0.056279 -0.087128
v -0.024591 0.056426 -0.087146
v -0.025887 0.056609 -0.088751
v 0.004096 0.005613 0.050700
v -0.025997 0.079941 -0.124447
v -0.026068 0.079955 -0.124484
v -0.026997 0.028255 -0.025761
v -0.026982 0.044668 -0.111872
v -0.024245 0.065327 -0.087337
v -0.025802 0.066665 -0.088465
v -0.025621 0.093625 -0.082794
v -0.024472 0.062214 -0.074896
v -0.025875 0.062690 -0.076282
v -0.024461 0.062157 -0.074882
v -0.020993 0.033124 -0.175720
v -0.024520 0.045026 -0.128969
v -0.024415 0.065798 -0.087460
v 0.004752 0.084961 -0.092753
v -0.025331 0.073841 -0.097618
v -0.023949 0.073289 -0.096371
v -0.026009 0.081961 -0.132274
v -0.025613 0.081830 -0.131686
v -0.026617 0.067581 0.078589
v -0.026598 0.033899 0.129830
v -0.026215 0.111536 -0.083065
v -0.023920 0.070621 -0.091522
v -0.023940 0.070651 -0.091561
v -0.026504 0.025154 -0.104238
v -0.021576 0.029050 -0.014230
v -0.010002 0.048824 -0.169944
v -0.024854 0.067207 -0.062842
v -0.024557 0.065732 -0.062178
v -0.024621 0.066249 -0.059958
v -0.024523 0.064500 -0.059867
v -0.023026 0.019588 -0.009602
v -0.023058 0.035284 -0.083976
v -0.022992 0.035196 -0.083842
v -0.026128 0.092031 0.054210
v -0.026055 0.003860 -0.115925
v -0.025980 0.068565 -0.097562
v -0.018181 0.011584 -0.004794
v -0.018224 0.094364 0.140544
v -0.024447 0.097973 -0.082909
v -0.024435 0.098024 -0.082909
v -0.025662 0.075876 0.120014
v -0.006608 0.008008 0.125710
v -0.023337 0.051560 -0.073742
v -0.021637 0.050020 -0.072142
v -0.024620 0.103234 -0.082389
v -0.024254 0.102682 -0.082459
v -0.021597 0.029023 -0.014297
v -0.030765 0.063521 -0.117113
v -0.025141 0.046805 -0.033683
v -0.031099 0.102641 0.106453
v -0.020066 0.044176 -0.066897
v -0.020046 0.043969 -0.066732
v -0.024991 0.118894 -0.115390
v 0.005487 0.070403 -0.120995
v -0.021279 0.018794 -0.007951
v -0.021485 0.018939 -0.008209
v -0.018200 0.011576 -0.004585
v -0.024160 0.085387 -0.157740
v -0.024461 0.003368 0.041150
v -0.038508 -0.003706 -0.073184
v -0.018775 0.050060 -0.062227
v -0.023987 0.021390 0.170238
v -0.024172 0.021956 0.169753
v -0.024191 0.008878 0.096247
v -0.020394 0.028269 -0.012813
v -0.022831 0.088899 -0.141554
v -0.022898 0.089664 -0.142163
v -0.019380 0.042102 -0.144905
v -0.016890 0.009346 -0.004306
v -0.016997 0.009531 -0.004290
v -0.018517 0.037993 -0.080583
v -0.018585 0.037810 -0.080341
v -0.020965 0.052013 -0.063437
v -0.018270 0.043908 -0.062990
v -0.018286 0.043850 -0.063041
v -0.010804 0.138458 -0.149368
v -0.023527 0.040618 0.100437
v -0.019466 0.054669 -0.079221
v 0.004775 0.084956 -0.120577
v -0.016885 0.031217 -0.078829
v -0.018524 0.031854 -0.076702
v -0.018052 0.038481 -0.060608
v -0.018074 0.038406 -0.060556
v -0.022851 0.040885 0.100220
v -0.018075 0.038961 -0.060608
v -0.017387 0.017179 -0.002883
v -0.019714 0.033979 -0.076725
v -0.022794 0.011208 -0.165790
v -0.019700 0.048088 -0.079410
v -0.018018 0.045450 -0.079625
v -0.029511 0.036413 0.115473
v -0.016438 0.029725 -0.049970
v -0.016384 0.029544 -0.049696
v -0.022244 0.190000 -0.081644
v -0.022135 0.017180 -0.153691
v -0.016958 0.026435 -0.008084
v -0.022008 0.126295 -0.154136
v -0.022011 -0.000065 0.168181
v -0.013483 0.003575 -0.005299
v -0.021848 0.026959 0.163314
v -0.021846 0.026950 0.163324
v -0.013278 0.072437 -0.092403
v -0.020547 0.092341 -0.147519
v -0.020545 0.092340 -0.147519
v 0.007504 0.048775 -0.169686
v -0.011361 0.073895 0.179574
v -0.019953 0.073691 -0.066297
v 0.001371 0.081172 -0.140443
v -0.019972 0.073628 -0.066292
v -0.020013 0.074669 -0.066668
v -0.013600 0.003608 -0.005411
v -0.021191 0.036510 -0.121911
v -0.021019 0.059877 0.105366
v -0.020997 0.074562 0.017651
v -0.020686 0.098276 -0.213316
v -0.006169 0.039278 0.069680
v -0.016452 0.016405 -0.000723
v -0.016476 0.016432 -0.000707
v -0.014606 0.025026 -0.038424
v 0.012251 0.016470 -0.069798
v -0.018039 0.136598 -0.097204
v -0.012736 0.001523 -0.006080
v -0.020432 0.028299 -0.012861
v -0.004642 0.125184 0.080269
v -0.020206 -0.003939 -0.183674
v -0.020184 0.041435 -0.131612
v 0.023220 0.039575 -0.075599
v -0.014907 0.025746 -0.038526
v -0.019717 0.030203 0.155877
v -0.019721 0.030190 0.155891
v -0.014293 -0.003045 -0.014661
v -0.014700 0.064195 -0.161259
v -0.015235 0.025044 -0.006124
v -0.015645 0.022684 -0.007961
v -0.019477 0.045864 -0.132403
v -0.018213 0.076718 -0.066936
v -0.018249 0.076665 -0.066913
v 0.022961 0.063821 -0.130393
v -0.018694 0.096377 -0.154212
v -0.018538 0.095837 -0.153673
v 0.009789 0.075260 -0.026528
v -0.018898 -0.001906 -0.157476
v -0.017589 0.076848 -0.068200
v -0.017574 0.076864 -0.068220
v -0.005069 0.115533 -0.203877
v -0.018456 0.039991 0.098622
v -0.018420 0.039982 0.098609
v -0.012681 0.022337 -0.026704
v -0.012388 0.022228 -0.026376
v -0.018549 0.064923 -0.096668
v -0.014713 -0.005025 0.121793
v -0.013932 0.023994 -0.031753
v -0.013630 0.024305 -0.032130
v -0.005735 0.055696 -0.162359
v -0.012597 0.014047 0.003213
v 0.007903 0.187964 0.065570
v -0.012771 0.022214 -0.024935
v -0.012568 0.022075 -0.024129
v -0.012678 -0.001675 -0.013840
v -0.012694 -0.001786 -0.013798
v -0.017879 0.029115 -0.152633
v -0.011124 0.021485 -0.002297
v -0.002300 0.045630 0.136637
v 0.025042 0.088740 -0.152429
v -0.015970 0.079252 -0.068337
v -0.017474 0.045548 -0.080417
v -0.017254 0.057091 0.099130
v -0.004502 0.074899 -0.115578
v -0.016687 0.057158 0.098648
v -0.017449 0.017179 -0.002709
v -0.017189 0.022753 -0.194837
v 0.006111 0.042391 0.147626
v -0.010377 0.016617 -0.012524
v -0.009721 0.016107 -0.012005
v -0.011952 0.022016 -0.018959
v 0.002436 0.105521 -0.172916
v -0.010525 0.016119 -0.011035
v -0.010426 0.015524 -0.009570
v -0.016906 0.008643 -0.030525
v -0.012371 0.013752 0.003211
v -0.011131 0.021367 -0.002453
v -0.016808 0.025964 -0.007467
v -0.016414 0.033266 0.141303
v -0.016725 0.067534 -0.045186
v -0.016692 0.007380 -0.139558
v -0.015726 0.076119 -0.061826
v -0.015530 0.077112 -0.061939
v -0.011526 0.019473 -0.016469
v -0.014308 0.018473 -0.018024
v -0.016468 -0.009161 0.021557
v 0.036572 0.067341 -0.159782
v 0.011294 0.066752 0.062343
v -0.016097 0.026042 0.044444
v -0.039831 0.042941 0.119822
v -0.007988 0.006090 0.001774
v -0.008323 0.005291 0.002272
v -0.008916 0.014788 -0.005269
v -0.007257 0.002337 0.005389
v -0.010837 0.012353 0.004547
v -0.011122 0.012686 0.004236
v -0.008233 -0.001775 0.000203
v -0.010037 0.019921 -0.001277
v -0.009987 0.019848 -0.001213
v -0.014541 0.103921 -0.175255
v -0.007248 0.002327 0.005249
v -0.014538 0.055493 0.095400
v -0.014532 0.055492 0.095395
v -0.007879 0.007090 0.000470
v -0.007464 0.006561 0.000621
v 0.033190 0.044138 -0.073161
v -0.006967 0.000685 0.006166
v -0.014675 0.059979 0.054492
v -0.007969 0.145934 0.100352
v -0.014919 -0.007588 -0.158408
v -0.014902 0.059366 -0.066165
v -0.014856 -0.013374 0.105668
v -0.014789 0.039069 0.097656
v -0.014202 0.101976 -0.165927
v -0.014687 0.079905 -0.053762
v -0.014655 0.027965 0.222550
v -0.008797 0.011463 -0.003103
v -0.012793 0.011152 -0.004596
v -0.007284 0.000129 0.000775
v -0.007243 0.000053 0.000658
v -0.014575 0.080365 -0.158280
v -0.014504 0.091395 -0.115133
v -0.014281 -0.028304 -0.187196
v -0.013941 0.039454 0.097339
v 0.003368 0.048610 -0.051926
v -0.014552 0.079211 0.102782
v -0.007232 0.009242 0.008513
v -0.013999 0.024257 0.144953
v -0.010456 0.089106 -0.079255
v -0.013829 0.049629 0.104632
v -0.007149 0.016804 0.002547
v -0.007239 0.009191 0.008656
v -0.013179 0.055164 0.055425
v -0.012502 0.054737 0.055592
v -0.007766 0.002748 -0.011840
v -0.007600 0.002904 -0.011772
v -0.012598 0.011457 -0.004283
v -0.012607 0.053880 0.092162
v -0.012594 0.053868 0.092140
v -0.010566 0.034607 0.127984
v -0.012129 0.079869 -0.062909
v -0.012172 0.079834 -0.062895
v 0.019121 0.033875 0.100424
v -0.010851 0.030847 -0.046563
v -0.012840 -0.005820 -0.125018
v -0.012450 0.030982 -0.046564
v -0.006356 0.007905 0.010237
v -0.006388 0.007982 0.010222
v -0.012744 0.048400 0.116714
v -0.007084 0.016156 0.003135
v -0.004489 -0.001023 -0.000426
v 0.010863 0.172494 0.125980
v -0.011178 0.052403 0.056314
v -0.011177 0.052397 0.056311
v -0.005868 0.005067 -0.011322
v -0.006056 0.005228 -0.011433
v 0.023258 -0.004460 0.159213
v -0.005120 -0.002129 0.017788
v -0.004705 0.005765 0.003115
v -0.006515 0.007683 0.000961
v -0.012061 0.027780 0.198050
v -0.005803 0.014662 0.004063
v -0.007406 0.012432 0.001674
v -0.004082 0.000493 0.000511
v -0.004024 0.000427 0.000405
v -0.007047 0.030900 -0.036772
v -0.006945 0.031300 -0.036787
v -0.003976 0.007811 0.004365
v -0.004173 0.008034 0.004522
v -0.013948 0.020965 -0.017314
v -0.011601 0.018072 -0.018601
v -0.001195 0.004746 0.128693
v -0.010489 0.089478 -0.078861
v -0.004429 -0.001983 -0.008879
v -0.005291 0.028507 -0.031518
v -0.005602 0.028698 -0.031901
v -0.011002 0.050607 0.057222
v -0.011350 0.036431 0.154032
v -0.010119 0.050094 0.057436
v -0.011262 0.067206 -0.167783
v -0.004144 -0.000552 0.017337
v -0.004302 -0.000676 0.017347
v -0.010330 0.034171 0.128085
v -0.010783 0.036730 0.153810
v -0.013925 0.006372 0.004708
v -0.003207 0.007086 0.005381
v -0.003099 0.005213 0.003794
v -0.003181 0.003991 0.013645
v -0.009754 0.110856 -0.131907
v -0.005536 0.028312 -0.030162
v -0.005324 0.028030 -0.029461
v -0.002795 0.009584 0.006507
v -0.003347 -0.000058 -0.009277
v -0.003309 -0.000166 -0.009303
v -0.002917 0.009634 0.006272
v -0.010261 0.110836 0.043512
v -0.003578 0.008777 0.008753
v -0.004691 0.008618 0.010394
v 0.011072 0.043096 -0.055373
v -0.010116 0.019948 -0.220324
v 0.013815 0.063008 0.020286
v -0.010076 0.006361 0.068272
v -0.008887 0.093622 -0.081913
v -0.008924 0.093561 -0.081866
v -0.003087 0.003763 0.013633
v -0.010017 0.104113 -0.110177
v -0.009919 0.018781 -0.059557
v -0.011632 0.014020 -0.003040
v -0.002305 0.007879 0.006872
v -0.002253 0.007715 0.006915
v -0.004355 0.011442 0.008563
v -0.002824 0.009194 0.010239
v -0.003193 0.011285 0.007874
v -0.003014 0.011383 0.008062
v -0.003910 0.027043 -0.024459
v -0.004419 0.063484 0.229946
v -0.009180 0.032989 0.050556
v 0.036386 0.053680 0.055003
v -0.002075 0.002169 0.014569
v 0.001328 0.084384 -0.037031
v -0.006186 0.086261 0.137914
v -0.007592 0.033053 0.121113
v -0.007983 0.033801 0.121118
v -0.008216 0.033244 0.121994
v -0.003220 0.051936 -0.116780
v -0.005203 0.043500 0.059374
v 0.029419 0.072598 0.097858
v -0.007839 0.083773 -0.064487
v -0.008072 0.083090 -0.064320
v -0.005565 0.049382 0.080986
v -0.009646 0.009997 -0.006033
v -0.001638 0.015445 0.016557
v 0.023294 0.092663 -0.041934
v -0.009734 0.014475 0.015232
v -0.001385 0.013676 0.014576
v -0.000025 0.003414 0.009463
v 0.000646 0.106970 -0.121261
v -0.006772 0.036418 0.124235
v -0.006831 0.036287 0.124371
v -0.008128 -0.002012 0.038982
v -0.001102 0.020597 -0.017993
v -0.000818 0.020441 -0.017944
v -0.008109 0.049387 0.149449
v -0.006218 0.023554 -0.023623
v -0.002341 0.012365 0.008954
v -0.002169 0.012349 0.008943
v 0.021385 0.043272 0.074685
v -0.002979 0.024494 -0.022233
v -0.001104 0.019734 -0.016540
v -0.001050 0.019245 -0.016031
v -0.000478 0.005798 -0.010142
v -0.000249 0.006245 -0.010208
v -0.000498 0.071218 -0.096571
v -0.007710 -0.005704 -0.128104
v -0.007189 0.083309 -0.071877
v -0.007177 0.083316 -0.071882
v -0.002388 0.015597 0.020204
v -0.003258 0.015129 0.021950
v -0.000004 0.003332 0.009525
v 0.000435 0.008539 -0.010311
v 0.000246 0.008643 -0.010198
v -0.007322 0.001065 0.008939
v 0.000441 -0.023359 0.092653
v -0.006642 0.044003 0.058988
v -0.006006 0.049327 0.080841
v 0.000318 0.016697 -0.011858
v -0.006182 0.046521 0.068621
v -0.005274 0.046031 0.067490
v -0.006233 0.097962 -0.085167
v -0.006214 0.097303 -0.084835
v -0.001358 0.007946 0.002791
v -0.001531 0.002833 0.016185
v -0.003033 0.003845 0.014534
v -0.006547 0.032308 0.104449
v -0.012148 0.039112 -0.141154
v -0.032353 0.094858 0.025681
v 0.000748 0.001673 0.010426
v -0.013214 -0.014743 0.147083
v -0.002386 0.017783 0.020976
v -0.001504 0.015268 0.022354
v -0.005849 0.033118 0.103486
v -0.006536 0.062853 -0.123895
v 0.014092 0.069596 0.174157
v -0.002510 0.016628 -0.009664
v 0.001562 0.008142 -0.005552
v 0.001313 0.007435 -0.005530
v 0.001431 0.009347 -0.006653
v 0.001792 0.008909 -0.006618
v -0.006269 0.051586 -0.087927
v 0.018540 0.046066 -0.079204
v -0.003711 0.043354 0.063275
v -0.003732 0.043342 0.063267
v 0.000778 0.014048 -0.010204
v -0.001216 0.012713 -0.012827
v -0.004541 0.047014 0.078151
v -0.005043 0.047256 0.079012
v -0.002520 0.008521 -0.009851
v -0.002657 0.009210 -0.010508
v -0.005926 0.111390 -0.080763
v -0.004663 0.047523 0.078149
v -0.003627 0.041818 0.059807
v -0.003633 0.041940 0.060304
v -0.000860 0.038346 0.092986
v -0.005728 0.052485 -0.096617
v -0.007553 0.021494 0.028011
v 0.000657 0.019234 0.028696
v -0.000165 -0.012326 0.168540
v 0.002897 0.003186 -0.002098
v -0.004139 0.049274 0.082210
v -0.004441 0.049165 0.082311
v -0.005579 0.090373 -0.031550
v 0.000174 0.017986 0.027344
v -0.004328 0.020141 0.012748
v -0.005246 0.109005 0.194967
v -0.004338 0.009638 0.017189
v 0.026316 0.136364 0.066935
v -0.005089 0.027499 0.067381
v 0.002936 0.003146 -0.002206
v 0.000892 0.016459 0.012334
v 0.000817 0.016435 0.012195
v -0.000424 0.003361 0.016279
v -0.000638 0.003308 0.016295
v -0.000162 0.019394 0.033000
v 0.000003 0.019317 0.033787
v -0.002290 0.039343 0.059663
v -0.003356 0.040375 0.060501
v -0.002157 0.039143 0.059790
v -0.017964 0.067175 0.098158
v -0.027330 -0.033046 0.087137
v 0.003515 0.001108 -0.001308
v 0.003558 -0.001051 -0.013288
v 0.001818 0.017985 0.013896
v 0.001658 0.017933 0.014016
v -0.003786 0.084857 -0.073656
v -0.003783 0.084857 -0.073657
v 0.000621 0.030149 0.055114
v -0.004275 0.081680 0.148858
v -0.002804 0.043886 0.127638
v -0.001911 0.058340 0.098172
v -0.004079 0.021935 0.024205
v -0.004222 0.014660 0.029373
v 0.003884 0.000141 -0.011541
v 0.003856 0.000134 -0.011325
v 0.002008 0.013224 -0.010798
v 0.000488 0.014317 -0.008621
v -0.018550 0.084435 -0.023302
v 0.000191 0.018743 0.037195
v 0.010076 0.082583 -0.135776
v -0.002143 0.031414 0.056656
v -0.007115 0.026056 -0.022149
v -0.003676 0.022233 -0.025015
v -0.003533 0.080646 -0.152507
v -0.003488 0.018127 -0.138638
v 0.001666 0.028914 0.053904
v 0.002171 0.028872 0.053915
v -0.002987 0.081086 -0.152208
v 0.026783 0.019813 0.148203
v -0.003153 0.024027 -0.155152
v -0.001745 0.058217 0.098226
v -0.002939 0.041428 0.105144
v -0.002864 0.059361 -0.029020
v -0.000524 0.003652 0.006126
v -0.002763 0.024383 -0.220879
v 0.000026 0.109644 -0.122630
v 0.004737 0.003465 -0.007102
v 0.004827 0.003528 -0.006931
v -0.001445 0.008779 -0.008988
v 0.005461 -0.001127 0.002935
v 0.003652 0.025162 0.052327
v 0.002492 0.026109 0.051726
v 0.002632 0.024759 0.051705
v -0.002293 0.032244 -0.202773
v 0.028036 0.050754 0.062077
v -0.002171 0.103572 0.027213
v -0.000865 0.060723 0.102294
v -0.000868 0.060722 0.102290
v 0.001531 0.035943 0.135973
v -0.002190 0.037718 0.093727
v -0.016775 0.037273 -0.160744
v -0.001453 0.105098 -0.090731
v 0.029575 0.062841 0.092649
v 0.003068 0.013862 -0.011484
v 0.002886 0.013673 -0.011422
v 0.005923 0.000424 0.004346
v 0.005929 0.000458 0.004438
v -0.001501 0.034931 0.149832
v -0.001526 0.034938 0.149841
v 0.005446 0.004832 -0.005912
v 0.005440 0.004887 -0.006096
v -0.000198 0.025424 0.026192
v -0.001468 0.101336 0.049331
v -0.000767 0.101248 0.049656
v -0.000932 0.089345 -0.069338
v -0.001512 0.097429 0.143925
v -0.000642 0.035155 0.098092
v -0.000651 0.035146 0.098112
v -0.001330 0.128516 -0.143905
v -0.001387 0.008640 -0.009037
v -0.000458 0.063771 0.106949
v -0.000172 0.063298 0.106412
v 0.003143 0.020249 0.017751
v 0.003333 0.020265 0.017980
v 0.000183 0.016737 0.014337
v -0.000153 0.012596 0.015383
v 0.003747 0.026975 0.056090
v 0.003570 0.026321 0.056718
v -0.010160 0.124817 -0.133628
v 0.004021 0.007243 0.015539
v 0.004458 0.007901 0.015267
v -0.000076 0.087330 -0.075613
v -0.000440 0.086682 -0.075353
v -0.000516 0.063150 0.070213
v -0.000228 0.100060 0.125428
v 0.033396 0.089862 0.072759
v -0.003664 0.135590 -0.126331
v 0.036426 0.099993 -0.127336
v 0.005686 0.009255 0.015033
v 0.004959 0.010594 0.016572
v 0.007245 0.004669 0.008394
v 0.007293 0.004738 0.008488
v -0.000122 0.019344 0.036891
v 0.001272 0.050814 0.133343
v 0.001225 0.050762 0.133298
v 0.002637 0.019854 0.027392
v 0.001009 0.016289 0.028156
v 0.006825 0.008531 -0.002485
v 0.006836 0.008648 -0.002252
v 0.004206 0.020960 0.018985
v 0.004386 0.020915 0.018971
v 0.007988 0.006469 0.009756
v 0.007958 0.006580 0.009582
v 0.003229 0.031757 0.062261
v 0.004103 0.029368 0.060170
v 0.006343 0.129421 0.083172
v 0.001437 0.068647 0.114364
v 0.007319 0.009296 -0.000846
v 0.007350 0.009224 -0.000605
v 0.032487 0.054696 0.124524
v -0.007832 0.003566 0.118099
v -0.003481 -0.002339 0.097709
v 0.007276 0.018728 -0.012918
v 0.007654 0.019110 -0.013031
v 0.010999 0.106628 -0.110242
v 0.046621 0.080071 -0.097554
v 0.028671 0.028960 0.168044
v 0.001760 0.121212 0.037673
v 0.003056 0.037945 0.092358
v 0.002917 0.038072 0.092488
v 0.005566 0.011309 -0.006872
v 0.005687 0.011377 -0.006838
v -0.008140 0.060526 0.198492
v 0.008839 0.021156 -0.013293
v 0.008697 0.021326 -0.013138
v 0.002591 0.178964 -0.103355
v 0.002953 0.081424 -0.149039
v 0.002925 0.081428 -0.149054
v 0.008724 0.011679 0.003842
v 0.008764 0.011712 0.003942
v 0.002954 0.044972 0.088152
v 0.002957 0.088852 -0.046117
v -0.019318 0.009139 0.059818
v 0.004096 0.096868 0.053539
v 0.004082 0.096892 0.053525
v 0.003147 0.032182 0.073423
v 0.030129 0.018096 0.095129
v 0.009524 0.010560 0.014006
v 0.009503 0.010713 0.014323
v 0.009181 -0.002811 0.018227
v 0.003464 0.032593 -0.126762
v 0.007910 0.012920 -0.006313
v 0.007790 0.013129 -0.006368
v 0.003555 0.028353 0.024903
v 0.003670 0.052916 -0.203923
v 0.009628 0.012920 0.005403
v 0.009681 0.013089 0.005245
v 0.003742 0.056380 -0.016730
v -0.011841 0.012586 -0.077734
v 0.007884 0.023642 0.022726
v 0.007809 0.023628 0.022593
v 0.004232 0.088903 0.121078
v 0.004910 0.088580 0.120783
v 0.004726 0.053544 0.135811
v 0.004703 0.053524 0.135800
v 0.004127 0.000182 0.180610
v 0.010029 0.011339 0.015878
v 0.010139 0.011261 0.016137
v 0.005251 0.036139 0.090118
v 0.005801 0.036029 0.090261
v 0.005960 0.035987 0.090089
v 0.008958 0.024590 0.024319
v 0.008989 0.024619 0.024230
v 0.032859 0.022266 0.162436
v 0.004838 0.104378 0.091450
v 0.006635 0.031802 0.069628
v 0.006685 0.033330 0.071306
v 0.010568 -0.001422 0.019149
v 0.010564 -0.001471 0.019198
v 0.004884 0.084677 0.037373
v 0.006996 0.032096 0.069684
v 0.008848 0.011424 0.013992
v 0.007719 0.011922 0.012890
v 0.005183 0.045002 -0.108278
v 0.015721 0.035942 0.119061
v 0.020611 0.093935 0.024559
v 0.006044 0.078416 -0.101007
v 0.006745 0.044641 0.164769
v 0.005798 0.055685 0.108340
v 0.021872 0.009772 0.014377
v 0.006683 0.090042 -0.078168
v 0.010804 0.025426 0.134210
v 0.012193 0.014146 0.021647
v 0.012195 0.014154 0.021669
v 0.009865 0.025830 0.028775
v 0.011236 0.015628 0.009954
v 0.008200 0.016320 0.011327
v 0.006790 0.032930 0.113159
v 0.007486 0.031930 0.146383
v 0.007431 0.031954 0.146415
v 0.011279 0.016044 0.011467
v -0.001513 0.022852 0.136859
v 0.008225 0.083461 0.117638
v 0.008212 0.083477 0.117648
v 0.011678 0.025559 -0.014385
v 0.011188 0.025323 -0.014593
v 0.008372 0.091823 0.057055
v 0.007758 0.092170 0.056609
v 0.013156 0.015454 0.023491
v 0.013217 0.015672 0.023394
v 0.009403 0.012627 0.012973
v 0.008893 0.011924 0.012575
v 0.007518 0.096936 0.186931
v 0.009266 0.032743 0.074133
v 0.008274 0.096952 0.186623
v 0.007992 0.099857 0.087312
v 0.008565 0.099566 0.087026
v 0.023088 0.102857 -0.180871
v 0.009797 0.035133 0.075446
v 0.009707 0.035074 0.075302
v 0.009059 0.056915 0.137936
v 0.008806 0.056262 0.137712
v 0.009477 0.081636 -0.146802
v 0.008799 0.080899 -0.145994
v 0.016437 -0.001116 -0.006105
v 0.017919 0.033714 0.128400
v 0.011162 0.008088 0.216883
v 0.008721 0.074817 -0.092814
v 0.009949 0.096611 0.085239
v 0.009967 0.096567 0.085213
v 0.035857 0.116865 0.104370
v 0.008906 0.049752 -0.052056
v 0.016898 0.000529 -0.006947
v 0.016924 0.000445 -0.006995
v 0.024933 0.184837 0.161782
v 0.014808 0.002783 0.021593
v 0.014917 0.002879 0.021667
v 0.011109 -0.016997 0.180352
v 0.013483 0.017103 0.017719
v 0.009213 0.032732 0.074190
v 0.015428 -0.002721 0.018276
v 0.010746 0.078019 0.114336
v 0.010229 0.078549 0.114732
v 0.009620 0.031301 0.053909
v 0.012827 0.026212 -0.015214
v 0.012667 0.025822 -0.015289
v 0.011613 0.110896 0.109368
v 0.038307 0.034246 0.096454
v 0.009880 0.086805 0.083966
v 0.009751 0.025953 0.028706
v 0.011889 0.066186 0.107224
v 0.010022 0.041281 0.071178
v 0.011835 0.035425 0.079423
v 0.017928 0.005285 -0.008856
v 0.018040 0.005687 -0.008980
v 0.013112 0.127119 -0.172681
v 0.016550 0.004807 0.022287
v 0.016411 0.004941 0.022145
v 0.014529 0.017713 0.028820
v 0.012103 0.015469 -0.004796
v 0.012002 0.015438 -0.004844
v 0.014546 0.017978 0.019671
v 0.014641 0.018111 0.019532
v 0.012249 0.081699 0.064490
v 0.011576 0.094042 0.083096
v 0.011555 0.094072 0.083124
v 0.015031 0.019493 0.030082
v 0.012470 0.025670 0.035045
v 0.012527 0.024983 0.034986
v 0.000619 0.100880 0.138518
v 0.018380 0.007524 -0.009377
v 0.018296 0.007563 -0.009233
v 0.010522 0.068640 0.055550
v 0.016596 -0.001430 0.017564
v 0.016574 -0.001536 0.017555
v 0.010616 0.053719 0.118214
v 0.005762 -0.011245 0.150464
v 0.007919 0.102969 0.156089
v 0.015023 0.038322 0.083357
v 0.011307 0.015390 0.012054
v 0.011639 -0.006407 0.114218
v 0.048430 0.086116 -0.082596
v 0.014140 0.013725 0.010948
v 0.014570 0.013852 0.010793
v 0.019039 0.012229 -0.010964
v 0.019220 0.011924 -0.011051
v 0.013032 0.059908 0.105980
v 0.014392 0.058912 0.105581
v 0.049383 0.114540 -0.113424
v 0.005253 0.043706 0.204528
v 0.013616 0.015650 -0.004154
v 0.015466 0.082395 0.073884
v 0.012577 0.012308 -0.136587
v 0.029271 0.120542 0.064814
v 0.013044 0.147725 0.166303
v 0.012840 0.037992 0.125227
v 0.013916 0.075792 0.065904
v 0.015137 0.074754 0.065888
v 0.015289 0.015492 -0.012226
v 0.019554 0.012940 -0.012035
v 0.016079 0.014560 0.010256
v 0.016134 0.014664 0.010260
v 0.016567 0.019862 0.024891
v 0.017371 0.021777 0.076884
v 0.015885 0.048186 0.099929
v 0.015885 0.048148 0.099892
v 0.013674 0.110862 0.079318
v 0.014948 0.082037 0.072486
v 0.015844 0.047971 0.099859
v 0.017562 0.018936 0.037739
v 0.017449 0.018799 0.037398
v 0.019721 0.002424 0.015947
v 0.020032 0.002743 0.015817
v 0.013481 0.015423 -0.004161
v 0.013530 0.017147 0.017859
v 0.015160 0.082093 0.072718
v 0.016445 0.053675 0.103858
v 0.016415 0.053842 0.103953
v 0.015389 0.082088 0.074294
v 0.014604 0.104317 0.075127
v 0.015036 0.103770 0.074920
v 0.015343 0.099789 0.073514
v 0.015343 0.099777 0.073506
v 0.037340 0.045337 -0.108941
v 0.016693 0.069581 0.065849
v 0.016717 0.069489 0.065848
v 0.017955 0.029406 -0.017762
v 0.018152 0.029493 -0.017849
v 0.015582 0.095684 0.072901
v 0.014402 0.087206 0.179948
v 0.015905 0.078750 0.072611
v 0.015131 0.079425 0.073039
v 0.015837 0.078770 0.072619
v 0.011985 0.018822 0.030358
v 0.014297 0.017256 0.031032
v 0.021178 0.004336 0.015432
v 0.021029 0.004368 0.015600
v 0.014754 0.003522 0.142692
v 0.018838 0.019813 0.039485
v 0.021395 0.017609 -0.014796
v 0.021622 0.018154 -0.015076
v 0.015368 0.095628 0.073099
v 0.017256 0.050744 0.105882
v 0.017236 0.050780 0.105824
v 0.022092 0.019802 -0.015762
v 0.022041 0.019951 -0.015633
v 0.015296 -0.020336 0.141574
v 0.020370 0.043155 0.061870
v 0.016171 0.092282 0.181811
v 0.016130 0.092316 0.181845
v 0.016008 0.062096 0.142469
v 0.019745 0.030784 -0.018418
v 0.019686 0.030821 -0.018336
v 0.016952 0.072485 0.069086
v 0.017987 0.071501 0.068626
v 0.018033 0.045521 0.062984
v 0.016067 0.038726 -0.105161
v 0.049704 0.065617 0.060389
v 0.018952 0.063524 0.065442
v 0.018045 0.064782 0.065975
v 0.019609 0.007844 0.024379
v 0.018071 0.009505 0.026318
v 0.019000 0.063154 0.065490
v 0.019036 0.067332 0.067040
v 0.019034 0.067395 0.067063
v 0.020766 0.025036 0.046535
v 0.046761 0.045931 0.143290
v 0.016518 0.019895 0.024818
v 0.013438 0.028298 0.209491
v 0.022387 0.037682 0.063425
v 0.022506 0.037853 0.062335
v 0.018533 0.053524 0.112337
v 0.018273 0.052381 0.111153
v 0.020885 0.021276 0.045201
v 0.034271 -0.004711 0.183618
v 0.017584 0.086189 -0.142463
v 0.021503 0.029330 0.062621
v 0.022366 0.031547 0.061130
v 0.017677 0.001236 0.044875
v 0.023109 0.023742 -0.019101
v 0.022507 0.023152 -0.018549
v 0.016429 0.098426 -0.109594
v 0.019933 0.016037 0.008099
v 0.019554 0.016019 0.008319
v 0.020833 0.010000 0.023892
v 0.010641 -0.004686 0.086743
v 0.018163 0.065143 -0.176668
v 0.022341 0.029886 0.061216
v 0.026018 0.057228 -0.111685
v 0.020434 0.016761 -0.002399
v 0.020513 0.016786 -0.002379
v 0.018604 0.052392 0.187409
v 0.020990 0.020855 0.032155
v 0.023604 0.075828 -0.138767
v 0.033513 -0.001794 0.066148
v 0.018783 0.019728 0.039670
v 0.062208 0.088090 0.155288
v 0.020123 0.023685 0.136211
v 0.023857 0.007915 0.013820
v 0.023942 0.007993 0.013245
v 0.019251 0.026095 0.095324
v 0.019518 0.017512 0.117543
v 0.020858 0.016109 0.007514
v 0.023311 0.021789 0.050659
v 0.022411 0.021569 0.051178
v 0.023774 0.024203 -0.020409
v 0.023678 0.023492 -0.020206
v 0.019296 0.008475 0.007474
v 0.020116 0.085446 -0.048684
v 0.023528 0.030990 0.067664
v 0.022894 0.017695 -0.001843
v 0.022862 0.017845 -0.001837
v 0.020676 0.108711 -0.108138
v 0.020495 0.007856 0.025503
v 0.025395 0.096758 -0.106798
v 0.040533 0.055743 -0.012903
v 0.020853 0.030177 -0.099894
v 0.024488 0.007880 0.012687
v 0.020804 0.021357 0.045166
v 0.021728 0.019713 0.031326
v 0.024064 0.034360 -0.019891
v 0.023883 0.034260 -0.019799
v 0.021271 0.016198 0.007316
v 0.021126 0.084079 -0.050524
v 0.021204 0.010460 0.045202
v 0.023023 0.086314 0.177038
v 0.022075 0.086225 0.176163
v 0.021440 0.063879 0.087261
v 0.017359 0.208956 0.136549
v 0.021704 0.033176 0.159677
v 0.021940 0.090699 -0.166175
v 0.021757 0.130744 -0.101266
v 0.021880 0.052272 0.156262
v 0.023242 0.032259 0.073020
v 0.027008 0.027151 -0.023744
v 0.024848 0.027664 -0.025659
v 0.022415 0.052547 0.124636
v 0.032273 0.120762 0.114234
v -0.003280 0.048717 0.155580
v 0.027952 0.028789 -0.024947
v 0.028404 0.028975 -0.025385
v 0.023241 0.042061 0.069349
v 0.024324 0.034147 0.075235
v 0.026907 0.010153 0.028635
v 0.026902 0.010149 0.028627
v 0.023964 0.127222 0.163173
v 0.024596 0.126862 0.163051
v 0.023978 -0.015194 0.146681
v 0.023640 0.030736 0.067456
v 0.024059 0.005920 0.011840
v 0.024031 0.060448 -0.076663
v 0.028126 0.074495 -0.136438
v 0.025882 0.016483 0.005302
v 0.026050 0.016468 0.005256
v 0.024481 0.063606 -0.080824
v 0.029102 0.011597 0.029415
v 0.029004 0.011755 0.029283
v 0.028810 0.010846 0.009758
v 0.028838 0.010797 0.009631
v 0.025064 0.094609 0.062240
v 0.030091 0.032000 -0.030354
v 0.030089 0.032023 -0.030437
v 0.036567 0.068125 -0.094410
v 0.030802 0.011793 0.131470
v 0.021748 0.057491 0.092465
v 0.025981 0.079808 -0.037098
v 0.026361 0.086169 -0.152449
v 0.026918 0.086174 -0.151952
v 0.026207 0.027311 0.181204
v 0.026208 0.039314 -0.064818
v 0.028467 0.020143 -0.000431
v 0.028734 0.020221 -0.000363
v 0.026359 0.011947 -0.062200
v 0.020542 -0.058973 0.141116
v 0.026429 -0.030276 -0.199766
v 0.031736 0.034723 -0.038633
v 0.031681 0.034798 -0.038316
v 0.030484 0.011786 0.009028
v 0.030308 0.011662 0.009313
v 0.047210 0.007995 0.181290
v 0.026974 0.111687 0.235155
v 0.027758 0.052735 0.119889
v 0.027896 0.052777 0.119878
v 0.025455 0.080111 0.193010
v 0.028107 0.074512 -0.136457
v 0.027597 0.095905 -0.016506
v 0.029556 0.026972 0.083983
v 0.028326 0.053325 0.120453
v 0.030607 0.037087 -0.024774
v 0.029680 0.038761 -0.025974
v 0.028714 0.027053 0.083367
v 0.029474 0.027283 0.085284
v 0.052989 0.116878 0.120688
v 0.025633 0.096965 0.152360
v 0.026378 0.035547 0.103888
v 0.014260 -0.040825 0.090235
v 0.022390 0.050599 0.112690
v 0.030333 0.025938 0.090527
v 0.029997 0.115889 0.160576
v 0.029994 0.115895 0.160579
v 0.028371 0.125337 -0.160001
v 0.035116 0.147955 0.082615
v 0.030600 0.011469 0.131766
v 0.029649 0.111915 -0.039002
v 0.030452 0.082758 -0.145639
v 0.030478 0.082736 -0.145597
v 0.051488 0.052112 0.091077
v 0.042126 0.038607 -0.072453
v 0.030005 0.026036 0.100445
v 0.032056 0.016860 0.000871
v 0.029838 0.008752 0.148633
v 0.047116 0.045290 0.238366
v 0.029983 -0.008248 0.083862
v 0.030917 0.053472 0.124254
v 0.031234 0.053663 0.124048
v 0.030631 0.051186 0.143679
v 0.030283 0.027090 0.090559
v 0.030504 0.025799 0.090396
v 0.032713 0.013672 0.031634
v 0.031954 0.054631 0.122634
v 0.031891 0.054412 0.122451
v 0.031473 -0.004656 -0.013307
v 0.034704 0.014498 0.007194
v 0.034721 0.014496 0.007304
v 0.047333 -0.070007 0.166424
v 0.047886 0.045061 0.190142
v 0.032936 0.073118 -0.133479
v 0.031901 0.073500 -0.133685
v 0.033686 0.032303 0.090187
v 0.033929 0.030709 0.089717
v 0.032691 0.073647 -0.133331
v 0.033556 0.080940 -0.129508
v 0.033249 0.080715 -0.129148
v 0.027674 0.030959 0.163720
v 0.032296 -0.073426 -0.191149
v 0.035858 0.014943 0.005737
v 0.032468 0.015928 0.107484
v 0.026329 0.152130 0.128712
v 0.032745 0.011899 0.111753
v 0.032748 0.011940 0.111717
v 0.032663 0.010654 0.113222
v 0.033146 0.015322 0.107455
v 0.032600 0.015731 0.107582
v 0.032672 0.013634 0.031597
v 0.032848 0.006332 0.125450
v 0.033350 0.006188 0.126299
v 0.060184 0.128281 0.077037
v 0.035338 0.026433 0.070188
v 0.033797 0.007713 0.115907
v 0.033083 0.008614 0.114947
v 0.033924 0.006756 0.125441
v 0.029258 0.127728 -0.138033
v 0.045381 0.008132 0.154529
v 0.033224 0.003579 0.129018
v 0.033307 0.003632 0.129082
v 0.033257 0.130002 -0.115022
v 0.033658 0.060481 0.106097
v 0.036319 0.027008 0.069886
v 0.036520 0.027162 0.070057
v 0.034647 0.105221 0.156708
v 0.034633 0.105263 0.156726
v 0.028107 0.058995 0.265807
v 0.036328 0.024128 0.000062
v 0.036397 0.024190 0.000069
v 0.050035 0.044521 0.183102
v 0.033578 0.093274 -0.133695
v 0.033782 0.013708 0.032576
v 0.033640 0.013424 0.032600
v 0.034054 0.079924 -0.140256
v 0.037840 0.074350 -0.106897
v 0.034813 0.079997 -0.139647
v 0.035579 0.097383 -0.158611
v 0.034160 -0.015900 0.108855
v 0.038802 0.143395 0.008068
v 0.035855 0.016431 0.112531
v 0.034833 0.030621 -0.158527
v 0.035086 -0.001357 0.136462
v 0.041350 0.094086 -0.121753
v 0.034851 0.101734 -0.097134
v 0.052400 0.150893 0.156624
v 0.031150 -0.033174 0.106070
v 0.025885 0.070518 -0.010821
v 0.035706 0.050384 -0.155505
v 0.040828 0.054497 0.126892
v 0.035382 0.016701 0.113176
v 0.036095 0.015185 0.005722
v 0.038073 0.021456 0.060428
v 0.053812 0.098739 0.176021
v 0.040453 0.022179 0.060331
v 0.040569 0.022320 0.060510
v 0.039558 0.043874 0.161073
v 0.035005 0.015183 0.106602
v 0.036755 0.040382 -0.105914
v 0.031983 0.016453 0.000440
v 0.039832 0.017200 0.002319
v 0.038151 0.018469 0.000669
v 0.038932 0.026304 0.076457
v 0.038874 0.026301 0.076403
v 0.037434 -0.005743 0.114506
v 0.037633 0.028551 0.165321
v 0.039199 0.087681 0.148001
v 0.042194 0.032758 0.072346
v 0.042517 0.032864 0.071992
v 0.043349 0.028863 0.066297
v 0.043351 0.028881 0.066282
v 0.040220 0.014241 0.035428
v 0.040174 0.014234 0.035407
v 0.041090 0.036276 0.073211
v 0.041689 0.034614 0.070898
v 0.035808 0.095789 0.139491
v 0.038338 0.034740 -0.130274
v 0.038491 -0.005843 0.143475
v 0.038479 -0.005810 0.143432
v 0.038846 0.052843 0.144540
v 0.038842 0.052843 0.144520
v 0.050664 0.036282 -0.019710
v 0.038791 0.055170 0.017905
v 0.041335 0.017685 0.001657
v 0.041150 0.017779 0.001650
v 0.039143 0.065760 -0.053865
v 0.040090 0.017610 0.116746
v 0.039739 0.016719 0.115373
v 0.040371 0.095434 0.208709
v 0.039389 0.034890 -0.076399
v 0.039391 0.031800 0.084612
v 0.046887 0.035589 0.100278
v 0.054669 0.086692 0.065749
v 0.039554 -0.009047 0.146951
v 0.039545 -0.009035 0.146938
v 0.027019 0.103912 0.119017
v 0.037466 -0.001631 0.118379
v 0.043132 0.039177 0.075406
v 0.043181 0.036072 0.074512
v 0.071678 0.090560 0.199258
v 0.042564 0.015068 0.036238
v 0.042504 0.015193 0.036192
v 0.042034 0.036780 -0.072342
v 0.040401 0.039190 0.214371
v 0.040277 0.018059 -0.186205
v 0.038383 0.126096 -0.116361
v 0.044274 0.038513 -0.072347
v 0.041619 0.071173 0.154298
v 0.041106 -0.012910 0.150786
v 0.040605 -0.012631 0.150380
v 0.042520 0.019727 0.068974
v 0.042622 0.019686 0.069127
v 0.040854 -0.005901 0.116004
v 0.041190 -0.029329 0.153300
v 0.046408 0.070815 -0.123611
v 0.041658 0.067343 -0.127976
v 0.041536 0.051396 0.149625
v 0.041517 0.051407 0.149583
v 0.042711 0.067476 -0.127009
v 0.057980 0.020358 -0.013965
v 0.082432 0.049178 0.098123
v 0.041918 -0.020419 0.023224
v 0.044651 0.050166 0.177868
v 0.042063 0.020293 0.118077
v 0.044775 0.069104 0.144163
v 0.072038 0.105060 -0.170875
v 0.042790 0.046765 0.206562
v 0.042507 0.047245 0.206053
v 0.034579 0.054491 0.089853
v 0.077734 -0.033889 0.134227
v 0.044904 0.027381 0.083825
v 0.042961 0.026083 0.081683
v 0.047863 0.046477 -0.075954
v 0.048010 0.046511 -0.075847
v 0.036778 0.123928 -0.179753
v 0.044330 0.066092 0.147303
v 0.044337 0.066083 0.147286
v 0.043392 0.050791 0.201240
v 0.043410 0.050828 0.201192
v 0.044855 0.069260 0.143764
v 0.044675 0.020951 0.077254
v 0.044317 0.049329 0.155334
v 0.043816 0.049246 0.154809
v 0.044219 -0.018951 0.157214
v 0.044792 0.070892 -0.124546
v 0.045347 0.035128 -0.080799
v 0.044054 0.030966 0.164820
v 0.046049 0.065227 -0.122185
v 0.046027 0.065258 -0.122220
v 0.045633 0.040313 0.126386
v 0.044401 0.105928 -0.070662
v 0.046504 0.019772 -0.000289
v 0.046749 0.019836 -0.000390
v 0.044411 0.027344 0.086436
v 0.046346 0.101246 -0.082553
v 0.045899 0.022378 0.079764
v 0.047408 0.067223 -0.119217
v 0.047376 0.067221 -0.119232
v 0.045079 -0.027827 0.066736
v 0.048280 0.054566 -0.082540
v 0.048382 0.051220 -0.080956
v 0.045276 0.035175 -0.080691
v 0.042160 0.086499 0.155590
v 0.047386 0.072337 0.104260
v 0.078120 0.006362 0.111490
v 0.045680 0.070387 0.027719
v 0.046840 0.065294 0.106712
v 0.048087 0.064056 0.107235
v 0.047769 0.017095 0.038369
v 0.047147 0.061312 0.138542
v 0.047198 0.061463 0.138554
v 0.046603 0.061492 0.139350
v 0.045900 0.053536 0.196420
v 0.045886 0.053524 0.196442
v 0.068752 0.010631 0.111865
v 0.048587 0.050859 0.108093
v 0.048572 0.050839 0.108069
v 0.048514 0.050631 0.108022
v 0.046162 0.043337 0.132677
v 0.060926 0.020824 -0.083415
v 0.046973 0.018190 0.132427
v 0.046337 0.017054 0.122703
v 0.046376 0.060340 -0.047648
v 0.046600 0.004177 -0.129791
v 0.049465 0.058294 0.109246
v 0.049460 0.058465 0.109253
v 0.051608 0.069783 0.047426
v 0.052464 0.003273 -0.129508
v 0.047168 0.018716 0.133233
v 0.047031 -0.003517 0.124301
v 0.050060 0.032858 0.106302
v 0.049561 0.061452 -0.117181
v 0.049616 0.061365 -0.117136
v 0.049953 0.051143 0.099246
v 0.049937 0.051102 0.099225
v 0.049872 0.044696 0.094678
v 0.049528 0.045216 0.096084
v 0.048462 0.024720 0.095487
v 0.049761 0.032547 0.106480
v 0.048810 0.056107 0.105375
v 0.049370 0.055219 0.104275
v 0.049439 0.061723 -0.117143
v 0.065180 0.078151 0.217300
v 0.049740 0.044171 0.094743
v 0.049869 0.025312 0.095544
v 0.070431 0.119345 -0.061193
v 0.047619 0.017082 0.038303
v 0.038707 0.012517 0.131191
v 0.049037 0.053771 0.117943
v 0.049930 0.053657 0.116741
v 0.048187 0.127521 -0.133860
v 0.049340 0.053498 -0.011883
v 0.085981 0.002811 0.158914
v 0.050475 0.055084 0.111094
v 0.050458 0.055088 0.111087
v 0.067031 0.041181 0.009260
v 0.052422 0.038836 -0.125142
v 0.049279 0.025633 0.097076
v 0.035897 0.041199 0.071804
v 0.048586 -0.039157 0.169606
v 0.051059 0.022098 -0.002249
v 0.051239 0.022740 -0.001059
v 0.051321 0.049845 0.105353
v 0.051320 0.049889 0.105386
v 0.049395 0.018600 0.137474
v 0.049385 0.018600 0.137454
v 0.051340 0.018561 0.039553
v 0.051490 0.018576 0.039446
v 0.060557 0.073180 0.170035
v 0.049667 0.034396 -0.088423
v 0.049428 0.055823 -0.122570
v 0.038569 0.127716 0.122221
v 0.049484 0.050755 -0.000795
v 0.049497 0.064034 -0.143643
v 0.051984 0.035247 -0.090822
v 0.049734 -0.058290 0.138026
v 0.050245 0.044760 0.163856
v 0.049984 0.131626 -0.065809
v 0.090895 0.079419 -0.063813
v 0.050569 0.056405 0.185816
v 0.051529 0.060071 0.113730
v 0.051455 0.058337 0.112956
v 0.060619 0.049991 0.147809
v 0.050717 0.056423 0.133162
v 0.050735 0.056428 0.133173
v 0.051547 0.086903 0.099343
v 0.051310 0.087780 0.099096
v 0.041215 0.037286 0.157835
v 0.051702 0.069263 0.124542
v 0.051372 0.069938 0.125273
v 0.036530 0.083070 -0.097657
v 0.077852 0.116307 0.133081
v 0.051964 0.024407 0.101141
v 0.051954 0.024981 0.101238
v 0.088526 0.089649 -0.165013
v 0.085357 0.019762 0.106426
v 0.064063 0.084033 0.259605
v 0.053119 0.094722 0.094627
v 0.053116 0.094705 0.094639
v 0.052136 0.019240 0.143151
v 0.051884 0.018810 0.142587
v 0.051943 0.057507 -0.095928
v 0.052061 0.052386 -0.088531
v 0.052078 0.038626 0.091872
v 0.071066 0.023769 0.106325
v 0.053568 0.072214 0.132390
v 0.053573 0.072202 0.132383
v 0.075350 0.003756 0.197473
v 0.053644 0.108724 -0.119953
v 0.053619 0.108698 -0.119953
v 0.061867 0.149075 -0.082951
v 0.053557 0.083056 0.151363
v 0.083686 0.043084 0.034141
v 0.056669 0.051019 -0.105096
v 0.054710 0.102741 0.088781
v 0.054980 0.102148 0.089145
v 0.054036 -0.003724 0.113627
v 0.050304 0.089818 -0.066771
v 0.054219 -0.009092 0.079399
v 0.057883 0.057556 0.177293
v 0.057715 0.022072 0.108322
v 0.046922 0.078563 -0.112531
v 0.054859 -0.013371 0.121417
v 0.055154 0.097431 0.138231
v 0.055375 0.057672 0.135735
v 0.055375 0.057675 0.135735
v 0.047398 0.055115 0.200516
v 0.054908 0.075826 -0.160645
v 0.054963 0.064803 0.083309
v 0.055210 0.000062 0.072584
v 0.091917 0.004218 0.147054
v 0.060738 0.050262 0.081419
v 0.056375 0.077036 0.139997
v 0.056508 0.076524 0.139502
v 0.066385 0.116199 0.110303
v 0.056298 0.115182 -0.125164
v 0.056843 0.114813 -0.125053
v 0.055964 0.010166 0.054687
v 0.056161 0.061271 -0.157134
v 0.056675 0.019659 0.152710
v 0.088783 0.065187 -0.125254
v 0.059587 0.036325 -0.104415
v 0.056717 0.041230 0.071585
v 0.058929 0.028344 -0.103288
v 0.058283 0.047307 0.069613
v 0.059155 0.049082 0.069086
v 0.058293 0.047373 0.069596
v 0.057132 0.027243 -0.103586
v 0.058537 0.027322 -0.105008
v 0.058029 0.016075 0.089565
v 0.064276 0.024622 0.043866
v 0.057915 0.115934 0.077465
v 0.058618 0.016046 0.089590
v 0.058224 0.057453 0.177400
v 0.057583 0.096447 -0.068394
v 0.058229 0.018860 -0.012877
v 0.059554 0.016692 0.090656
v 0.058970 0.018891 -0.012816
v 0.058090 0.000595 0.090904
v 0.060443 0.052127 0.145935
v 0.060583 0.052306 0.146103
v 0.059037 0.061182 0.118706
v 0.059344 0.061326 0.118712
v 0.059554 0.061931 0.119155
v 0.058372 0.018278 0.174926
v 0.058373 -0.028300 0.094426
v 0.058500 -0.019735 0.068567
v 0.060241 0.051932 0.146129
v 0.058575 -0.057393 0.111187
v 0.059274 0.082789 0.155234
v 0.060018 0.106464 -0.123055
v 0.060023 0.106451 -0.123052
v 0.060188 0.036479 -0.103636
v 0.059299 0.102859 0.032886
v 0.059903 0.059167 0.138397
v 0.059772 0.054665 0.172953
v 0.060112 0.054789 0.173636
v 0.060744 0.055506 0.172917
v 0.105846 0.015283 0.152734
v 0.074395 0.012492 -0.111366
v 0.060367 0.059724 0.138734
v 0.059981 0.071067 -0.098688
v 0.060058 0.037005 0.144972
v 0.046081 0.071016 0.102783
v 0.061045 0.115557 -0.120461
v 0.061011 0.115531 -0.120463
v 0.062463 -0.022333 0.117981
v 0.061693 0.064523 0.120316
v 0.061900 0.064422 0.120382
v 0.095399 0.097289 -0.065237
v 0.060750 0.009681 0.026728
v 0.062635 0.054475 0.153491
v 0.062612 0.054462 0.153400
v 0.060936 0.118043 -0.155608
v 0.051856 0.015895 0.110006
v 0.063267 0.061318 0.151469
v 0.063159 0.061151 0.151410
v 0.061029 0.047781 0.000180
v 0.061037 0.037844 -0.101927
v 0.061290 0.116767 -0.074766
v 0.061750 0.061856 0.122112
v 0.061801 0.061947 0.121849
v 0.061821 0.053122 0.178580
v 0.062535 0.041942 -0.031203
v 0.063418 0.042182 -0.031259
v 0.062619 0.050170 0.067015
v 0.062215 0.050101 0.067212
v 0.061881 0.053259 0.178580
v 0.063113 0.098907 -0.119442
v 0.062494 0.099425 -0.119885
v 0.062306 0.041828 -0.031395
v 0.064077 0.098105 -0.101020
v 0.064224 0.023970 0.044486
v 0.064773 0.024106 0.044505
v 0.063779 0.056874 0.160141
v 0.064124 0.056339 0.159022
v 0.063323 0.015154 0.097047
v 0.062984 0.013448 0.096826
v 0.076617 0.083714 0.171218
v 0.062850 0.038021 -0.033750
v 0.051925 0.005153 0.123735
v 0.069143 0.148877 0.078774
v 0.111374 0.137127 0.077759
v 0.065953 0.109093 0.089498
v 0.064488 0.071968 0.123596
v 0.063243 0.022128 -0.109400
v 0.063234 0.022135 -0.109395
v 0.065514 0.065361 -0.100210
v 0.065762 0.066553 -0.101107
v 0.064375 0.018296 0.093996
v 0.064103 0.017938 0.093599
v 0.067615 0.041457 0.009305
v 0.063796 -0.007949 0.180790
v 0.064024 0.147727 0.111093
v 0.064073 0.097708 -0.040594
v 0.064316 0.023675 -0.141278
v 0.066973 0.023624 -0.011731
v 0.064809 0.060165 0.110155
v 0.067829 0.077573 -0.107158
v 0.066278 0.022522 -0.011356
v 0.066504 0.040798 0.009301
v 0.067886 0.026407 0.046167
v 0.067862 0.025766 0.045924
v 0.065141 0.064920 -0.100066
v 0.066615 0.078398 -0.108401
v 0.066889 0.021090 -0.013152
v 0.066906 0.021100 -0.013216
v 0.066539 0.078292 0.128536
v 0.066529 0.078272 0.128518
v 0.068089 0.071322 -0.104663
v 0.068207 0.071539 -0.104825
v 0.066490 0.107420 -0.166226
v 0.084790 0.115031 0.123225
v 0.096807 0.049658 -0.191190
v 0.066630 0.057099 0.129231
v 0.088681 0.017728 0.143132
v 0.067298 0.049298 0.065953
v 0.067308 0.052107 0.189130
v 0.079372 -0.042799 0.103061
v 0.068742 0.069203 0.151201
v 0.068381 0.067374 0.151227
v 0.069904 0.047072 -0.030877
v 0.069682 0.046982 -0.031009
v 0.052677 0.110706 -0.056219
v 0.033162 0.059385 -0.114766
v 0.068180 0.081443 0.131396
v 0.068172 0.081431 0.131381
v 0.066558 0.022729 -0.010991
v 0.068380 0.050233 0.065319
v 0.070882 0.026142 -0.015560
v 0.072228 0.026505 -0.015620
v 0.067403 0.059997 0.115718
v 0.067854 0.060464 0.145597
v 0.071086 0.030439 0.046934
v 0.069728 0.027500 0.046204
v 0.067861 0.005005 0.067995
v 0.071076 0.015653 -0.113257
v 0.079106 0.077278 0.034399
v 0.070938 0.031306 -0.022586
v 0.071609 0.028466 -0.020932
v 0.068419 0.002640 0.093856
v 0.072641 0.000686 0.134673
v 0.068479 -0.051651 0.125961
v 0.069542 0.122303 -0.119451
v 0.069345 0.121660 -0.119508
v 0.069987 0.174498 0.036098
v 0.098608 0.015178 -0.065991
v 0.068774 0.066876 -0.104177
v 0.068631 0.066852 -0.103992
v 0.076033 0.073460 0.195034
v 0.069666 0.017640 -0.017548
v 0.069542 0.017673 -0.017462
v 0.106989 0.062534 0.191875
v 0.079608 0.026656 0.027646
v 0.073563 0.050702 0.010906
v 0.073617 0.050894 0.010936
v 0.069786 0.085049 0.134984
v 0.069878 0.084407 0.134550
v 0.070699 0.055563 0.065048
v 0.070702 0.055567 0.065049
v 0.076489 0.015511 0.098841
v 0.069519 0.052460 0.083471
v 0.072053 0.026625 0.048824
v 0.072034 0.026626 0.048779
v 0.070034 0.012064 0.113527
v 0.070153 0.060927 0.037799
v 0.070879 0.051714 0.200485
v 0.070912 0.051758 0.200477
v 0.070465 0.012075 0.113361
v 0.071302 0.012084 0.113471
v 0.063667 0.013583 0.158053
v 0.071063 0.057017 0.137816
v 0.071051 0.057037 0.137785
v 0.075486 0.110176 0.146417
v 0.071338 0.042247 -0.032585
v 0.071312 0.042251 -0.032557
v 0.070695 0.013029 -0.058643
v 0.071462 0.067590 -0.108273
v 0.070915 0.043655 -0.125332
v 0.086949 0.027444 0.154247
v 0.074367 0.059751 0.016877
v 0.075248 0.056667 0.015151
v 0.069322 0.126456 0.066351
v 0.077386 0.082337 -0.068410
v 0.074907 0.026161 -0.010570
v 0.073061 0.023393 -0.010766
v 0.080543 0.084068 0.035923
v 0.072815 0.103614 0.157252
v 0.071469 0.051535 0.206181
v 0.071450 0.051502 0.206144
v 0.071409 -0.007230 0.055520
v 0.072444 0.068465 -0.109278
v 0.072090 0.056566 0.142350
v 0.072087 0.056559 0.142353
v 0.075828 0.052892 -0.027508
v 0.074520 0.050479 -0.028152
v 0.071948 -0.044720 -0.163399
v 0.071953 0.141187 0.121358
v 0.072550 0.049839 0.212331
v 0.072076 0.049905 0.211724
v 0.063095 0.022426 0.091294
v 0.072262 0.104014 -0.049414
v 0.057182 -0.033899 0.138116
v 0.072382 -0.040588 0.179207
v 0.074899 0.022506 -0.019727
v 0.075014 0.022465 -0.019802
v 0.079590 -0.035344 0.193584
v 0.072890 -0.007485 0.035030
v 0.073416 0.046468 0.222661
v 0.037071 0.083349 -0.158324
v 0.073448 0.119355 -0.008956
v 0.073862 0.090587 0.140275
v 0.071139 0.059517 0.089369
v 0.073731 0.055973 0.146814
v 0.073587 0.126176 -0.073843
v 0.075649 0.036100 -0.164493
v 0.073709 0.112758 0.053509
v 0.074163 0.056211 0.147409
v 0.073838 0.001760 0.068060
v 0.073904 0.007156 -0.143263
v 0.076437 0.036409 0.058209
v 0.091379 -0.048019 0.187252
v 0.074188 -0.009665 0.111546
v 0.075942 0.016196 0.114362
v 0.075834 0.016069 0.114338
v 0.074270 0.061586 0.010271
v 0.063996 0.044713 -0.091904
v 0.067674 0.013792 0.136331
v 0.082833 0.061408 0.040205
v 0.075540 0.037039 0.059219
v 0.074559 0.005850 0.163948
v 0.076842 0.031458 0.054475
v 0.076819 0.032262 0.055680
v 0.077415 0.034636 0.056472
v 0.077351 0.035089 0.055934
v 0.098209 0.073866 -0.116352
v 0.075995 0.030966 0.054462
v 0.076115 0.043179 0.065198
v 0.075722 0.043862 0.065797
v 0.076602 0.043807 0.011980
v 0.076688 0.043828 0.012010
v 0.094333 0.117350 0.125676
v 0.075153 0.098047 -0.035697
v 0.075272 0.020116 0.093307
v 0.076449 0.044868 0.068374
v 0.076432 0.044849 0.068307
v 0.086580 -0.000327 0.208766
v 0.098722 -0.016135 -0.168637
v 0.076424 -0.000287 0.073492
v 0.075538 -0.036828 0.080092
v 0.075554 0.005138 0.059164
v 0.077989 0.093861 0.162522
v 0.078878 0.063805 0.019078
v 0.082093 0.020073 0.176383
v 0.076654 0.006876 0.114800
v 0.076551 0.006988 0.114763
v 0.076584 0.017883 0.100381
v 0.077285 0.046445 0.072294
v 0.077411 0.045972 0.071722
v 0.079700 0.032044 0.055452
v 0.078525 0.029851 0.053981
v 0.123061 0.083735 0.113083
v 0.076844 -0.012807 -0.190716
v 0.078192 0.074959 0.150616
v 0.075050 0.193100 0.054275
v 0.067131 0.127972 -0.082752
v 0.078040 0.105054 -0.127433
v 0.078593 0.104469 -0.127210
v 0.077726 -0.007174 0.059964
v 0.077736 0.012852 -0.076160
v 0.078181 0.047663 0.079075
v 0.078282 0.116297 -0.129895
v 0.112709 0.106179 -0.143862
v 0.126356 0.107321 0.146795
v 0.078420 0.109010 -0.012658
v 0.079145 0.108716 -0.012888
v 0.079398 0.043333 -0.034743
v 0.078479 0.094664 -0.083377
v 0.080286 0.020399 0.113472
v 0.079492 0.018721 0.113749
v 0.080179 0.063474 0.059725
v 0.079792 0.062268 0.060225
v 0.078914 0.053044 0.154253
v 0.078587 0.080113 -0.012831
v 0.083286 0.074065 0.036009
v 0.080071 0.098919 -0.125066
v 0.080073 0.098929 -0.125072
v 0.081478 0.072325 -0.114164
v 0.080017 0.016023 -0.024394
v 0.080642 0.024216 -0.028424
v 0.080433 0.031672 0.058996
v 0.080365 0.031673 0.058908
v 0.079376 -0.018851 0.102947
v 0.081580 0.045135 -0.035394
v 0.079765 0.096184 0.171109
v 0.079548 0.061204 0.019782
v 0.081100 0.093352 -0.122514
v 0.081094 0.093426 -0.122548
v 0.082566 0.054610 0.097741
v 0.079904 0.008710 0.126613
v 0.079935 0.086143 -0.016336
v 0.082311 0.017227 -0.025755
v 0.099650 0.105337 0.152084
v 0.096300 -0.018809 0.175371
v 0.081462 0.066444 -0.114033
v 0.080842 0.065883 -0.114023
v 0.088973 0.060289 0.037069
v 0.082130 0.026027 -0.030534
v 0.082280 0.072154 -0.114561
v 0.081798 0.066268 -0.114515
v 0.082624 0.008300 -0.133027
v 0.082765 0.008224 -0.133445
v 0.083136 0.040241 -0.025962
v 0.083661 0.042083 -0.026224
v 0.098969 0.053186 0.114599
v 0.083045 0.040228 -0.025955
v 0.081210 0.029146 0.081607
v 0.081359 0.007960 -0.133301
v 0.083104 0.000489 0.117403
v 0.081792 0.000872 0.117085
v 0.082873 0.103857 -0.015141
v 0.082844 0.103907 -0.015124
v 0.106973 -0.010907 0.072473
v 0.091609 -0.059799 0.191916
v 0.098999 -0.002013 0.079002
v 0.082588 0.136604 -0.119144
v 0.082169 0.112279 -0.127594
v 0.082132 0.063466 -0.026410
v 0.082138 -0.026532 0.056697
v 0.109795 0.040268 -0.031912
v 0.087501 0.132719 0.004571
v 0.090518 0.084285 0.118373
v 0.083040 -0.053663 0.095909
v 0.083768 0.031922 0.062703
v 0.083661 0.002536 -0.186423
v 0.084331 0.058029 -0.185953
v 0.084515 0.032510 0.063639
v 0.084098 0.008930 0.185474
v 0.084561 0.098746 -0.016684
v 0.085368 0.098174 -0.016805
v 0.086419 0.013140 -0.137851
v 0.086607 0.013129 -0.137974
v 0.084261 0.043311 0.179008
v 0.084443 0.064374 -0.116849
v 0.084504 0.064337 -0.116818
v 0.086470 0.015464 0.121977
v 0.086647 0.015820 0.122228
v 0.057051 0.109707 -0.129395
v 0.085582 0.014936 0.122348
v 0.098159 0.025215 -0.009179
v 0.101537 -0.001386 0.045624
v 0.086674 0.044185 -0.027084
v 0.086578 0.044112 -0.027105
v 0.094740 0.054088 -0.071832
v 0.098569 0.081145 0.027205
v 0.085033 0.044014 0.092134
v 0.115497 0.009751 0.000181
v 0.085506 0.053718 0.058085
v 0.084792 0.099462 0.034302
v 0.088500 0.051288 0.014315
v 0.086838 0.048750 0.013902
v 0.087894 0.022722 0.124245
v 0.087869 0.022731 0.124210
v 0.116432 0.017394 -0.039287
v 0.093573 -0.032868 0.124174
v 0.086131 0.054375 0.057732
v 0.087192 0.029716 0.123142
v 0.087785 0.028086 0.123134
v 0.098863 0.090817 0.060675
v 0.085980 0.009296 0.109729
v 0.072081 0.052668 -0.091934
v 0.110269 0.044177 0.001287
v 0.134208 0.161072 -0.124598
v 0.088279 0.020374 -0.140113
v 0.088524 0.018519 -0.139693
v 0.086642 0.019424 0.062884
v 0.086746 0.060510 0.041912
v 0.070131 0.073761 -0.127053
v 0.116290 0.074387 0.056472
v 0.130728 0.101834 -0.097249
v 0.087085 0.071248 -0.113290
v 0.087152 -0.039107 0.116465
v 0.087378 -0.051216 0.062576
v 0.086271 -0.009380 0.114924
v 0.090202 0.118933 0.121954
v 0.054685 -0.052978 0.119867
v 0.127454 -0.019459 0.063543
v 0.070562 0.039640 0.116936
v 0.092921 0.062448 -0.121731
v 0.102946 0.087288 -0.125915
v 0.088159 0.147894 -0.090079
v 0.078163 0.047490 -0.028263
v 0.088304 0.000695 -0.146332
v 0.088310 0.000718 -0.146312
v 0.091635 0.091549 0.028834
v 0.122152 0.079145 -0.087704
v 0.090143 0.072581 0.020950
v 0.084388 0.034372 0.113625
v 0.090655 0.048422 -0.025952
v 0.090081 0.046825 -0.026211
v 0.090057 0.018970 0.107330
v 0.090259 0.019119 0.107435
v 0.088924 0.068153 0.047341
v 0.089000 0.065649 -0.019925
v 0.093188 0.079355 -0.019996
v 0.089142 0.107692 -0.124863
v 0.090998 0.047533 -0.028282
v 0.091046 0.047566 -0.028297
v 0.112038 0.043673 0.009815
v 0.089523 0.010342 -0.184734
v 0.089789 0.018837 0.107509
v 0.090109 -0.020386 0.079443
v 0.091696 0.080482 -0.019983
v 0.093100 0.073986 -0.020861
v 0.093102 0.073971 -0.020865
v 0.092952 0.067443 -0.022307
v 0.093141 0.068457 -0.022075
v 0.096034 0.045849 -0.005020
v 0.090815 0.033373 -0.151183
v 0.092526 0.066760 -0.022362
v 0.090182 0.034253 0.113657
v 0.091022 0.073900 0.003599
v 0.092221 0.014660 0.129553
v 0.092288 0.014700 0.129629
v 0.105842 0.003851 0.054103
v 0.131016 0.085284 -0.017855
v 0.091794 0.055466 0.056605
v 0.091798 0.055465 0.056608
v 0.105881 0.069604 0.094648
v 0.125094 0.066147 0.079122
v 0.093646 0.038804 0.059825
v 0.104930 0.041967 0.078613
v 0.106314 0.086454 0.141525
v 0.091968 -0.008284 0.126355
v 0.092951 -0.008404 0.126867
v 0.092301 -0.008468 0.126499
v 0.093239 0.038443 0.059869
v 0.094261 0.040336 0.060482
v 0.092876 -0.002983 -0.159121
v 0.092163 -0.003149 -0.157996
v 0.093736 0.025452 -0.141717
v 0.092083 0.020055 -0.039684
v 0.161700 0.132631 -0.175619
v 0.113579 0.035554 0.124033
v 0.132785 0.097624 -0.143005
v 0.093689 0.049136 0.118019
v 0.093523 0.050127 0.117818
v 0.092517 0.009771 -0.066526
v 0.092743 0.052428 -0.156999
v 0.092944 0.062566 -0.121570
v 0.113521 0.055996 0.171934
v 0.093849 0.124795 -0.019247
v 0.098177 0.128072 0.090184
v 0.093219 0.057450 -0.193452
v 0.093182 0.045203 0.155385
v 0.095242 0.024042 0.108940
v 0.095224 0.024035 0.108939
v 0.091372 0.048141 -0.203275
v 0.093422 0.084731 -0.057370
v 0.095343 0.047354 -0.042823
v 0.095472 0.036971 -0.006068
v 0.096143 0.038469 -0.005824
v 0.094543 0.046813 -0.042832
v 0.093727 0.060154 -0.061046
v 0.095247 0.036823 -0.006041
v 0.095241 0.050832 -0.025082
v 0.098115 0.050677 0.031855
v 0.096182 0.055349 -0.029635
v 0.095812 0.053980 -0.029350
v 0.096007 0.048293 -0.043685
v 0.096011 0.072276 0.025712
v 0.096902 0.073740 0.026300
v 0.094640 -0.062974 -0.145534
v 0.095963 0.072217 0.025792
v 0.095388 0.033975 0.063995
v 0.095253 0.033960 0.064015
v 0.095664 0.088486 0.156095
v 0.096074 0.089390 0.156290
v 0.095015 0.025215 0.049740
v 0.096019 0.034647 0.064111
v 0.101382 0.130147 -0.008755
v 0.116917 0.060263 -0.114428
v 0.095562 0.022038 0.053286
v 0.097041 0.070369 -0.020390
v 0.096937 0.070316 -0.020421
v 0.102873 0.120707 -0.048789
v 0.096774 0.055465 0.113707
v 0.096783 0.055490 0.113690
v 0.096027 0.016127 0.136274
v 0.096512 -0.007151 0.131757
v 0.096486 -0.007119 0.131724
v 0.104030 0.037368 0.060312
v 0.098330 0.044619 0.060277
v 0.097356 0.045607 0.059256
v 0.096371 0.022988 -0.156587
v 0.096921 0.022641 -0.156847
v 0.096004 -0.013086 0.129958
v 0.096017 -0.013097 0.129969
v 0.097079 0.016961 0.137395
v 0.096198 -0.023037 0.121829
v 0.096510 0.026802 0.113368
v 0.097244 0.027642 0.113302
v 0.065683 -0.016231 0.047185
v 0.097691 0.038668 0.034517
v 0.097069 0.015011 -0.042325
v 0.097974 0.015118 -0.042269
v 0.105638 0.081903 -0.031966
v 0.097079 0.062271 -0.038650
v 0.098726 0.015918 -0.043633
v 0.097188 0.077263 -0.090224
v 0.097605 0.057438 0.053806
v 0.117334 -0.000501 -0.120904
v 0.097445 -0.039790 0.092924
v 0.099517 0.030194 0.109250
v 0.099106 0.028418 0.109175
v 0.126526 0.060927 -0.111100
v 0.098126 0.058017 0.053499
v 0.098438 0.062370 0.108008
v 0.098682 0.061764 0.108411
v 0.098780 0.021165 0.113813
v 0.098845 0.021209 0.113862
v 0.118712 0.011941 0.097039
v 0.099004 0.016708 -0.159875
v 0.099011 0.016689 -0.159885
v 0.095705 0.031711 0.125187
v 0.100192 0.054060 -0.044761
v 0.100307 0.053970 -0.043981
v 0.071394 0.046987 -0.048057
v 0.099813 -0.006342 0.140195
v 0.098150 0.100409 -0.081166
v 0.099434 0.082480 0.058747
v 0.111349 0.063044 0.063922
v 0.099319 0.082326 0.058743
v 0.099540 0.083385 0.058695
v 0.100646 0.043101 -0.005978
v 0.100733 0.043225 -0.005977
v 0.104004 0.081653 0.030632
v 0.070573 0.024995 -0.045058
v 0.098588 0.137485 0.095737
v 0.110888 0.124902 -0.001682
v 0.100012 0.041269 0.062894
v 0.099630 0.041753 0.063469
v 0.107593 -0.008686 0.107024
v 0.098374 0.146924 0.166477
v 0.099575 0.034773 0.065991
v 0.099532 0.034886 0.065969
v 0.100402 0.024453 -0.040908
v 0.117646 0.064978 0.062727
v 0.100719 0.024455 -0.040913
v 0.099461 -0.016714 0.133223
v 0.104093 0.022617 -0.128132
v 0.084458 0.065501 0.032204
v 0.101124 0.040799 -0.005276
v 0.101043 0.040761 -0.005283
v 0.100000 0.063280 -0.098922
v 0.100011 0.125729 0.093763
v 0.110884 0.047737 0.154446
v 0.101335 0.010891 -0.162493
v 0.101344 0.010872 -0.162501
v 0.110940 0.068800 0.110092
v 0.101704 0.025495 -0.041731
v 0.100573 0.059312 -0.126761
v 0.100580 0.059311 -0.126765
v 0.101027 -0.066770 -0.200405
v 0.100707 -0.016905 0.141831
v 0.100761 0.025241 -0.099019
v 0.104808 0.100522 -0.091265
v 0.100908 0.026803 -0.015122
v 0.101171 0.106412 -0.094773
v 0.101836 0.036390 -0.149088
v 0.101987 0.037376 -0.149508
v 0.102612 0.074624 -0.018790
v 0.101631 0.073200 -0.019124
v 0.102502 0.076530 0.029618
v 0.102464 0.076509 0.029591
v 0.101835 0.047384 -0.046322
v 0.101740 0.047383 -0.046276
v 0.110965 -0.020797 0.044889
v 0.103237 0.051105 -0.005831
v 0.103425 0.049337 -0.005847
v 0.101371 0.059457 -0.034806
v 0.101396 0.081191 -0.081873
v 0.108011 0.112838 -0.033722
v 0.103082 0.089786 0.058769
v 0.103108 0.089865 0.058779
v 0.102026 0.027300 0.111860
v 0.102028 0.027301 0.111858
v 0.103074 0.077611 0.025353
v 0.102801 0.077513 0.025456
v 0.102578 0.037365 0.063814
v 0.102481 0.037392 0.063318
v 0.102552 0.073519 0.097714
v 0.102044 -0.047838 0.168779
v 0.102268 0.080035 -0.085333
v 0.102320 -0.046592 -0.193015
v 0.098369 -0.076357 -0.260422
v 0.102477 0.035411 -0.048725
v 0.107378 0.040305 -0.057760
v 0.104514 0.096015 0.060203
v 0.103179 0.080027 0.082768
v 0.103261 0.067467 -0.136253
v 0.104386 0.061426 -0.045037
v 0.104474 0.061207 -0.045152
v 0.104472 0.061870 -0.045854
v 0.099257 0.008795 0.121232
v 0.103734 0.027971 0.189958
v 0.103863 0.064668 0.091155
v 0.107064 0.095540 0.061585
v 0.100633 -0.025096 0.165930
v 0.093584 0.062887 -0.118611
v 0.108842 0.130190 -0.060679
v 0.091723 0.095215 -0.097012
v 0.104777 0.100057 -0.086533
v 0.105267 0.099862 -0.086063
v 0.105018 0.094344 0.155416
v 0.105025 0.094349 0.155416
v 0.104483 0.057704 -0.129093
v 0.104466 0.057714 -0.129086
v 0.105666 0.033660 0.110037
v 0.104544 0.007496 0.159376
v 0.104591 0.057655 0.049832
v 0.107094 0.060432 -0.048623
v 0.107222 0.060591 -0.048780
v 0.104680 -0.015246 0.082226
v 0.105164 0.056348 -0.027305
v 0.105817 0.057233 -0.027483
v 0.105178 0.055847 -0.004371
v 0.110046 0.184189 0.027208
v 0.107007 0.058186 0.015748
v 0.106429 0.018808 -0.045723
v 0.106674 0.019475 -0.044571
v 0.106472 0.096356 -0.081424
v 0.106480 0.096339 -0.081400
v 0.111816 0.069895 -0.179041
v 0.106650 0.057922 0.015642
v 0.107866 0.059716 0.015775
v 0.106108 0.025106 0.118424
v 0.106783 0.018480 0.204306
v 0.105566 0.035799 0.064373
v 0.106907 0.000158 -0.167747
v 0.136145 0.078312 -0.163450
v 0.105823 0.012704 -0.024637
v 0.118212 0.021442 -0.192199
v 0.104641 -0.098787 -0.248009
v 0.118115 -0.004952 0.114659
v 0.106043 0.101978 -0.054316
v 0.106058 0.040140 -0.035413
v 0.107658 0.045470 -0.004705
v 0.106619 0.044046 -0.004784
v 0.106310 0.011224 -0.047474
v 0.107455 0.067340 -0.044065
v 0.107274 0.067151 -0.043636
v 0.107812 0.026456 -0.049728
v 0.107840 0.026465 -0.049772
v 0.107813 0.109267 -0.175205
v 0.106227 0.099976 0.017944
v 0.107207 0.026398 0.119178
v 0.106284 0.011187 -0.047637
v 0.108066 0.081122 0.034019
v 0.107509 0.080007 0.033342
v 0.103422 0.023033 0.051052
v 0.126009 -0.038786 0.177403
v 0.103413 -0.018787 -0.237559
v 0.108045 0.057351 -0.006358
v 0.107971 0.057273 -0.006367
v 0.123030 0.029636 -0.068658
v 0.107486 0.047256 -0.049278
v 0.103952 0.034557 0.069647
v 0.107878 0.090348 0.057500
v 0.107238 0.090996 0.057303
v 0.106870 -0.056000 0.151137
v 0.108171 0.092690 -0.077177
v 0.107668 0.093122 -0.077727
v 0.115361 0.032061 0.076852
v 0.107347 -0.010023 0.155799
v 0.107363 -0.010029 0.155830
v 0.110661 0.080587 -0.064043
v 0.107360 0.097928 -0.114229
v 0.107996 0.097939 -0.113949
v 0.107891 0.090325 0.057548
v 0.113188 0.041227 0.134261
v 0.108358 0.041611 -0.152323
v 0.108363 0.041620 -0.152327
v 0.127652 0.118775 0.022725
v 0.107758 0.028186 0.110946
v 0.112314 0.100408 0.058434
v 0.108342 0.028673 0.110835
v 0.109054 0.029634 -0.047934
v 0.108454 0.028841 -0.048077
v 0.112901 0.043033 0.151141
v 0.109009 0.066562 -0.049098
v 0.108716 0.066526 -0.049451
v 0.107872 0.090458 0.057727
v 0.108015 0.089512 -0.052019
v 0.108427 0.057950 0.045969
v 0.109395 0.103731 0.062181
v 0.109363 0.103685 0.062172
v 0.111120 0.101724 -0.084926
v 0.101803 0.135369 0.019369
v 0.108399 -0.000676 0.078158
v 0.109047 0.078195 0.021508
v 0.116782 0.088220 0.133437
v 0.108638 -0.036478 0.140793
v 0.108619 -0.036412 0.140775
v 0.109305 0.056045 -0.131238
v 0.108643 0.055904 -0.130999
v 0.108888 0.008023 0.146211
v 0.109218 0.008060 0.146226
v 0.109609 0.008214 0.146602
v 0.108898 0.067023 0.120724
v 0.110091 -0.009504 -0.083057
v 0.110559 0.102164 0.046464
v 0.109765 0.081436 -0.064799
v 0.106143 0.082335 -0.129262
v 0.110250 0.079292 0.021342
v 0.109230 -0.008765 0.094121
v 0.104804 -0.009382 -0.110240
v 0.111274 0.084566 0.066861
v 0.111928 0.072600 -0.057567
v 0.111914 0.072680 -0.057637
v 0.111852 0.072485 -0.057561
v 0.107805 0.118536 0.066224
v 0.109834 -0.043444 0.142095
v 0.109829 -0.043413 0.142096
v 0.118577 0.137024 -0.123584
v 0.114047 -0.010168 -0.170776
v 0.120543 0.000381 0.145655
v 0.090689 -0.016166 0.132594
v 0.111575 0.106983 0.051763
v 0.110392 -0.065059 0.143823
v 0.110590 -0.010787 0.162682
v 0.110584 -0.010771 0.162652
v 0.110973 -0.051393 0.141740
v 0.110517 -0.050747 0.141756
v 0.113027 0.076991 -0.061100
v 0.113082 0.077318 -0.061381
v 0.111843 0.133911 0.054506
v 0.111842 0.133885 0.054507
v 0.112727 0.064203 0.018558
v 0.112452 0.064187 0.019064
v 0.111909 0.077393 -0.035858
v 0.113778 0.088956 -0.127252
v 0.112219 0.124044 0.053352
v 0.112220 0.124071 0.053355
v 0.111676 0.144642 0.053953
v 0.112053 0.143911 0.054003
v 0.145375 0.068940 0.007422
v 0.111363 0.052548 -0.031407
v 0.111473 0.046378 0.009020
v 0.111837 0.057645 -0.028694
v 0.111858 0.057648 -0.028698
v 0.112500 0.113732 -0.000150
v 0.112889 0.084040 0.047936
v 0.135075 0.040431 0.040693
v 0.112697 0.083548 0.048026
v 0.112737 0.084262 0.048858
v 0.112007 0.101549 0.094483
v 0.116824 0.023927 0.150785
v 0.112042 0.050276 0.159288
v 0.113278 0.075225 -0.015816
v 0.112279 -0.005917 -0.219051
v 0.154405 0.029599 0.065969
v 0.112432 -0.043018 -0.193291
v 0.112940 0.074923 -0.015955
v 0.113200 0.028400 -0.057572
v 0.115185 0.024262 -0.009897
v 0.113557 0.068237 0.102699
v 0.112640 -0.020724 0.171720
v 0.114020 -0.010285 -0.170887
v 0.113626 0.075601 -0.015737
v 0.112935 0.022281 0.072288
v 0.115651 0.091914 0.049750
v 0.137382 0.056560 0.022132
v 0.138665 0.024718 0.190113
v 0.114796 0.081531 -0.012292
v 0.114644 0.081334 -0.011992
v 0.141965 0.002313 0.155710
v 0.114254 0.047597 -0.157393
v 0.114168 0.046972 -0.157087
v 0.128664 0.053744 0.071478
v 0.114484 0.101449 0.154080
v 0.114226 0.100773 0.154150
v 0.114350 0.025447 0.158121
v 0.113839 -0.012214 0.169430
v 0.115305 0.091759 0.049620
v 0.114377 -0.012023 0.170025
v 0.113864 0.103955 0.000633
v 0.117066 0.049667 -0.123570
v 0.116209 0.080262 -0.063715
v 0.116135 0.080168 -0.063645
v 0.114739 -0.016528 -0.172237
v 0.114160 -0.017101 -0.172253
v 0.115151 -0.017077 -0.172712
v 0.114788 0.007767 0.151104
v 0.144800 0.090590 0.068112
v 0.116204 0.116358 0.022304
v 0.114512 0.005910 0.079132
v 0.118485 0.093141 -0.004983
v 0.117468 -0.015644 0.111648
v 0.135444 0.079997 0.008498
v 0.115469 0.060791 -0.131357
v 0.114475 0.008258 0.151646
v 0.115996 0.033891 -0.054300
v 0.116306 0.061609 0.015061
v 0.116441 0.061678 0.015051
v 0.116015 0.084993 0.053752
v 0.123795 0.072867 0.021526
v 0.115296 0.048082 0.078217
v 0.116105 0.011973 0.150624
v 0.115995 0.011938 0.150551
v 0.115687 0.032454 0.076428
v 0.115628 0.031786 -0.007824
v 0.148628 0.153379 -0.111014
v 0.116389 0.162610 0.049811
v 0.116806 0.043769 0.061502
v 0.116134 0.018871 0.010671
v 0.114729 0.142381 -0.058746
v 0.116440 0.024953 -0.051866
v 0.127824 0.028073 -0.057044
v 0.118340 0.080138 -0.072753
v 0.109243 0.128884 0.024667
v 0.138610 0.064355 0.067066
v 0.116922 -0.054163 0.129153
v 0.128222 0.120513 -0.048480
v 0.118983 0.063926 0.061792
v 0.117694 0.076328 -0.014305
v 0.117949 0.076079 -0.014638
v 0.127742 0.024357 0.136548
v 0.117780 0.053201 -0.132921
v 0.118743 0.063684 0.061890
v 0.117495 -0.004203 -0.008209
v 0.118033 -0.016857 0.183150
v 0.118203 0.059667 -0.031115
v 0.118428 0.029494 0.106713
v 0.118921 0.069000 -0.004840
v 0.119227 0.070029 -0.004763
v 0.125205 0.012338 0.005545
v 0.118158 0.016298 0.086354
v 0.122556 0.102626 -0.022487
v 0.118684 0.039478 0.111864
v 0.119302 0.040277 0.111981
v 0.118744 0.060230 -0.031382
v 0.118295 0.088600 -0.064378
v 0.115582 0.085355 0.053985
v 0.118947 0.083732 0.191160
v 0.120034 0.103291 0.005415
v 0.120027 0.103290 0.005413
v 0.118800 0.033122 -0.027442
v 0.116184 0.097534 -0.090945
v 0.118913 -0.016701 0.092685
v 0.119651 0.088600 -0.105984
v 0.119679 0.088579 -0.105967
v 0.131469 0.055594 0.133979
v 0.120518 0.087265 -0.068851
v 0.120090 0.085665 -0.067996
v 0.128027 0.050509 0.033447
v 0.119268 0.088173 -0.098741
v 0.119479 0.025853 0.129235
v 0.120647 0.036357 -0.066253
v 0.120883 0.036455 -0.066701
v 0.120773 0.106993 0.011247
v 0.120770 0.106977 0.011224
v 0.120638 0.088905 -0.035603
v 0.120640 0.088909 -0.035603
v 0.120585 0.116589 0.063989
v 0.120574 0.116578 0.063986
v 0.141379 0.036518 -0.016210
v 0.119846 0.035916 -0.066577
v 0.125004 -0.042288 0.179153
v 0.119999 0.075627 -0.014128
v 0.120050 0.000482 0.039824
v 0.123465 0.064766 0.142866
v 0.122271 0.069026 0.060563
v 0.122147 0.068893 0.060604
v 0.120328 0.031935 0.078782
v 0.120284 0.031947 0.078756
v 0.120487 0.045947 -0.004740
v 0.120459 0.045876 -0.004800
v 0.121194 0.046546 -0.004795
v 0.111409 0.130451 0.005274
v 0.120369 0.077521 0.037363
v 0.120545 -0.022516 -0.181247
v 0.120550 -0.022529 -0.181262
v 0.105253 -0.036924 -0.141204
v 0.120557 0.032388 -0.007540
v 0.120750 0.036253 -0.000130
v 0.120764 0.040122 0.109762
v 0.120872 -0.051183 0.072134
v 0.120357 0.127897 0.045975
v 0.121755 0.111375 0.017476
v 0.122032 0.110913 0.016975
v 0.125751 0.074330 0.059218
v 0.121179 -0.030672 0.138574
v 0.121209 0.039204 0.173627
v 0.121256 0.057723 0.127472
v 0.113143 0.140836 0.114784
v 0.122371 0.057944 -0.168463
v 0.122193 0.012406 0.155562
v 0.146774 -0.009831 -0.078188
v 0.124545 0.066783 0.014293
v 0.133817 0.070070 -0.060958
v 0.163545 0.072856 -0.038251
v 0.116395 0.103227 -0.121769
v 0.095010 0.093922 -0.048998
v 0.123341 0.021039 0.130040
v 0.111215 -0.001687 0.017019
v 0.121573 -0.013982 -0.122512
v 0.123188 0.021041 0.129973
v 0.142020 0.030604 0.025181
v 0.125183 0.041282 -0.070532
v 0.125207 0.041188 -0.070558
v 0.123981 0.021437 0.130447
v 0.118608 0.143344 -0.078191
v 0.123244 0.029727 0.135056
v 0.123289 0.057022 0.069654
v 0.123382 0.033812 -0.069943
v 0.123292 0.033905 -0.069850
v 0.176075 0.034967 0.120193
v 0.122410 0.071911 0.057946
v 0.123949 0.120006 0.027165
v 0.125652 0.031181 0.019813
v 0.130732 -0.021613 0.212240
v 0.141636 0.120465 0.041479
v 0.125236 0.068451 0.061088
v 0.125120 0.068390 0.061110
v 0.123955 0.039765 0.020888
v 0.125887 0.074033 0.059192
v 0.125272 0.072225 0.059297
v 0.132984 0.107858 0.008883
v 0.124189 0.041370 0.068002
v 0.129114 0.086952 -0.038937
v 0.103935 0.074464 0.095663
v 0.134314 0.170886 0.060181
v 0.124514 -0.016664 0.193837
v 0.124720 0.030755 0.081446
v 0.134271 0.090706 0.073524
v 0.125614 0.095488 -0.035467
v 0.125578 0.095449 -0.035464
v 0.146271 0.023830 -0.033735
v 0.124701 0.117938 -0.169104
v 0.125160 0.041729 0.114062
v 0.125169 0.041732 0.114067
v 0.125357 0.031000 0.081764
v 0.124860 -0.051659 0.136960
v 0.125059 -0.025514 -0.190218
v 0.125760 0.073764 -0.004648
v 0.125690 0.073729 -0.004652
v 0.135667 0.109101 0.037825
v 0.125532 0.016548 -0.016260
v 0.125629 0.048354 -0.107173
v 0.126081 0.005806 -0.058357
v 0.126143 0.005830 -0.058397
v 0.125804 0.014080 -0.019592
v 0.125972 0.045038 -0.064999
v 0.126433 0.047378 -0.005221
v 0.126490 0.047398 -0.005219
v 0.120893 0.113780 -0.082894
v 0.110756 -0.013181 0.166349
v 0.127410 0.031195 -0.073385
v 0.126281 0.031191 -0.072704
v 0.127305 0.123376 0.066073
v 0.127258 0.123341 0.066056
v 0.126518 0.049297 0.091466
v 0.109190 0.145467 -0.005373
v 0.128569 0.046776 -0.073759
v 0.128546 0.045332 -0.073161
v 0.133819 0.012217 -0.039047
v 0.128272 -0.008446 0.174750
v 0.126183 0.132953 -0.088246
v 0.137151 0.009415 -0.106447
v 0.130780 0.155757 0.151375
v 0.135090 0.026935 0.077476
v 0.126838 0.048935 -0.059326
v 0.127654 0.048736 -0.000973
v 0.127765 0.049150 -0.001288
v 0.128716 0.054514 0.070790
v 0.141103 -0.137534 -0.229432
v 0.128304 0.054295 0.070715
v 0.127610 0.036294 -0.022375
v 0.128084 0.111563 -0.046411
v 0.145974 0.140758 0.090573
v 0.128669 0.034344 0.004412
v 0.111357 0.104757 0.044679
v 0.159026 0.059919 -0.145609
v 0.144052 0.098005 -0.080172
v 0.157975 0.094669 -0.001098
v 0.148810 0.074508 0.097768
v 0.129393 0.060079 -0.039597
v 0.129107 -0.033113 -0.201882
v 0.129089 0.082800 0.078794
v 0.141034 0.020832 0.176115
v 0.154470 0.036841 0.037168
v 0.129304 0.009012 -0.080295
v 0.129585 0.026743 -0.076628
v 0.129806 -0.038053 -0.049362
v 0.130494 0.052183 0.065944
v 0.130484 0.052178 0.065943
v 0.129854 0.006671 -0.218318
v 0.130027 -0.007132 0.012671
v 0.153963 0.086058 0.029464
v 0.131068 0.114522 0.154302
v 0.132416 0.052253 -0.076351
v 0.130707 0.007187 0.042484
v 0.131542 0.049556 -0.004541
v 0.130818 0.097867 -0.090588
v 0.168225 0.049444 -0.007830
v 0.131698 0.102129 -0.036284
v 0.131440 0.101329 -0.036202
v 0.130950 0.061543 0.174931
v 0.130969 0.045883 0.014972
v 0.132708 0.073283 0.059545
v 0.131898 0.071989 0.059742
v 0.131098 0.072029 0.067458
v 0.131229 0.080092 0.087058
v 0.131903 0.023539 0.137697
v 0.132060 0.024098 0.137486
v 0.132074 0.085560 -0.062896
v 0.132055 0.085546 -0.062882
v 0.128542 0.108530 0.041504
v 0.131574 0.020010 0.132972
v 0.131655 0.020052 0.132755
v 0.131484 -0.028312 0.059392
v 0.132335 0.045205 0.114807
v 0.131859 0.044575 0.114733
v 0.168724 0.120715 0.074099
v 0.128068 0.131048 0.059110
v 0.133779 0.060166 0.073090
v 0.133729 0.060119 0.073073
v 0.168893 0.088197 -0.076384
v 0.141572 0.052338 0.034123
v 0.132137 -0.036822 -0.144940
v 0.132963 0.080350 -0.100404
v 0.132932 0.080374 -0.100419
v 0.132966 0.055874 0.071012
v 0.132876 0.055859 0.071020
v 0.174807 0.146297 -0.104552
v 0.133239 0.024934 -0.063385
v 0.133342 0.024962 -0.063289
v 0.133469 0.024996 -0.063361
v 0.135475 0.114552 0.110668
v 0.132916 0.028923 0.087822
v 0.159973 -0.002396 0.055813
v 0.132578 0.052282 -0.038941
v 0.125457 0.126793 0.116500
v 0.129264 0.084962 0.102677
v 0.135093 0.013371 0.209749
v 0.139873 0.159927 0.037561
v 0.134027 0.077547 -0.004047
v 0.133609 0.076938 -0.004086
v 0.133321 -0.032694 0.141732
v 0.129362 0.158694 -0.016603
v 0.135315 0.082759 0.013511
v 0.135406 0.082889 0.013432
v 0.135297 0.082827 0.013419
v 0.171585 0.095549 -0.044740
v 0.134505 0.091300 0.073053
v 0.133919 0.079099 0.006702
v 0.134608 0.027661 -0.078000
v 0.134077 0.102053 0.105183
v 0.134807 0.088464 -0.080125
v 0.134147 0.027671 -0.077842
v 0.135253 0.027748 -0.078333
v 0.135047 0.088697 -0.080102
v 0.154994 0.071857 0.014998
v 0.129663 0.129977 0.119306
v 0.140035 0.030570 0.097771
v 0.134484 -0.006575 0.112533
v 0.135335 0.129412 0.069498
v 0.134959 0.128685 0.069298
v 0.139193 0.107216 -0.124025
v 0.135295 0.089124 -0.080642
v 0.135651 0.085566 -0.008870
v 0.135692 0.085598 -0.008852
v 0.113671 0.045826 -0.059998
v 0.168748 0.071375 0.023181
v 0.135464 -0.001208 0.100296
v 0.178978 0.065488 -0.006515
v 0.136895 0.069192 -0.092377
v 0.136903 0.069177 -0.092365
v 0.164113 0.078149 0.015423
v 0.135653 -0.006974 0.104344
v 0.137559 0.044322 -0.073622
v 0.137726 0.044498 -0.073744
v 0.137024 0.062155 -0.087374
v 0.136798 0.062703 -0.087930
v 0.135801 0.062882 0.033251
v 0.136163 0.085653 0.012202
v 0.137523 0.044313 -0.073716
v 0.136636 0.076455 -0.098313
v 0.137023 0.075893 -0.097887
v 0.136956 0.086354 0.011919
v 0.136324 0.063080 -0.086824
v 0.136338 0.116367 0.011340
v 0.136440 0.057748 -0.120716
v 0.138464 0.066253 0.074740
v 0.138163 0.064658 0.074446
v 0.137069 0.094648 0.169619
v 0.136580 0.055172 -0.013631
v 0.136731 0.053775 -0.013971
v 0.136741 0.065593 0.093210
v 0.136869 0.025028 -0.079611
v 0.136817 0.024954 -0.079676
v 0.138856 0.086993 0.009324
v 0.138857 0.087003 0.009311
v 0.136985 -0.003612 0.184680
v 0.137121 0.006069 -0.089462
v 0.139599 0.088928 0.010213
v 0.139733 0.089173 0.010082
v 0.138011 0.029383 -0.082315
v 0.138282 0.028871 -0.082294
v 0.138783 0.058304 0.070645
v 0.137862 0.057238 0.070716
v 0.137308 0.096307 -0.146042
v 0.126104 -0.016445 0.222431
v 0.149625 0.081139 -0.059393
v 0.150674 0.153435 -0.071614
v 0.140838 0.108900 -0.073966
v 0.148011 -0.128558 -0.222284
v 0.149310 0.044571 -0.104816
v 0.139057 0.093887 -0.082202
v 0.138637 0.094227 -0.082713
v 0.138490 0.056561 0.066506
v 0.138486 0.056560 0.066508
v 0.139451 0.096311 0.006992
v 0.140231 0.094817 0.007606
v 0.140693 0.117097 -0.108248
v 0.137927 0.099318 -0.054854
v 0.160272 -0.015694 0.138560
v 0.138717 0.089755 -0.068346
v 0.138705 0.089748 -0.068333
v 0.138034 0.018011 -0.187924
v 0.143054 0.137556 0.045063
v 0.138235 -0.050545 -0.217090
v 0.138237 -0.050550 -0.217095
v 0.168988 0.109016 -0.004728
v 0.166901 0.081388 -0.015543
v 0.138112 0.094283 -0.083394
v 0.139288 0.052964 0.010222
v 0.139280 0.088776 -0.006630
v 0.139234 0.088747 -0.006656
v 0.155781 0.115156 -0.032829
v 0.141962 0.019430 0.155557
v 0.164875 0.089788 0.116481
v 0.138650 0.005386 -0.047159
v 0.121160 0.072149 -0.071744
v 0.139576 0.027556 -0.065645
v 0.139405 0.027518 -0.065594
v 0.139403 0.087390 -0.110189
v 0.174882 0.085385 -0.052838
v 0.139670 0.093207 0.077136
v 0.139680 0.093210 0.077145
v 0.139366 0.094081 -0.082908
v 0.139404 0.049090 0.058493
v 0.139718 0.069413 -0.107320
v 0.141570 0.092229 0.005722
v 0.141700 0.091265 0.006377
v 0.141783 0.102642 0.003776
v 0.140634 0.021216 0.176269
v 0.138748 0.155607 0.041900
v 0.144859 0.069807 -0.067931
v 0.141072 0.090782 -0.084586
v 0.141078 0.090785 -0.084590
v 0.145077 0.013352 -0.089649
v 0.142780 0.052484 -0.077764
v 0.142837 0.052549 -0.077801
v 0.140482 0.083838 0.004942
v 0.141390 0.026336 -0.067486
v 0.141431 0.026350 -0.067508
v 0.140652 -0.005230 0.022149
v 0.140970 0.022095 -0.020389
v 0.141940 0.120289 0.041876
v 0.141244 -0.027803 0.131466
v 0.141267 -0.088019 0.162709
v 0.141803 0.081605 0.055816
v 0.142368 0.082470 0.055670
v 0.141517 0.068633 0.018910
v 0.147157 0.097479 -0.061495
v 0.160137 0.137455 0.039494
v 0.143433 0.103616 0.004091
v 0.143019 0.104598 0.003912
v 0.143413 0.103584 0.004062
v 0.142067 0.065670 -0.024492
v 0.142490 0.010254 0.163273
v 0.142426 0.010259 0.163252
v 0.145192 0.091513 -0.115589
v 0.142456 0.059528 -0.057892
v 0.170951 0.085395 -0.051816
v 0.126160 0.072318 0.121658
v 0.143971 0.071324 0.076273
v 0.143889 0.071264 0.076258
v 0.144384 0.050318 -0.077743
v 0.144381 0.050306 -0.077738
v 0.142677 0.075136 -0.027110
v 0.142757 0.075393 -0.024541
v 0.143592 0.091953 -0.004070
v 0.143315 0.091302 -0.004343
v 0.142808 0.071885 -0.038735
v 0.142909 0.058800 0.030413
v 0.144462 0.108150 0.001569
v 0.144452 0.108112 0.001597
v 0.144372 0.105345 -0.080123
v 0.160431 0.074729 0.096466
v 0.130582 0.118313 -0.149912
v 0.121600 -0.000019 0.025957
v 0.156969 0.083582 -0.065315
v 0.145581 0.061723 -0.080599
v 0.145827 0.060040 -0.080128
v 0.143801 -0.060724 -0.223696
v 0.143785 -0.060692 -0.223676
v 0.146678 0.160938 0.032568
v 0.143859 -0.008342 0.145896
v 0.143931 -0.031381 -0.214188
v 0.144358 0.017969 0.157476
v 0.145607 0.111073 0.005463
v 0.145454 0.111323 0.005050
v 0.145631 0.111507 -0.001060
v 0.145643 0.111294 -0.001098
v 0.145125 0.093925 -0.075466
v 0.144910 0.093340 -0.075028
v 0.134403 0.095795 0.008651
v 0.144942 0.028383 -0.067531
v 0.144995 0.048513 0.118793
v 0.145496 0.096476 0.080843
v 0.145182 0.095888 0.080539
v 0.156831 0.002853 -0.101841
v 0.145396 0.109103 -0.040244
v 0.144893 -0.018188 -0.178957
v 0.144922 0.068211 0.031562
v 0.144973 0.010241 -0.000484
v 0.132222 -0.001090 -0.051659
v 0.146253 0.029660 -0.067577
v 0.145363 0.085433 0.007483
v 0.145314 0.085440 0.007507
v 0.145132 0.047460 -0.038558
v 0.146255 0.078741 0.060632
v 0.145343 0.032243 0.123596
v 0.145831 0.002796 -0.070826
v 0.146218 0.003014 -0.070578
v 0.146658 0.003118 -0.070774
v 0.145994 0.078360 0.060772
v 0.146626 0.079268 0.060825
v 0.134874 0.006935 -0.013631
v 0.145639 0.013430 -0.089242
v 0.146067 0.099634 0.051615
v 0.142173 0.059219 -0.138736
v 0.146317 0.022629 0.182622
v 0.146290 0.022624 0.182595
v 0.149216 0.157087 -0.003695
v 0.146887 0.061732 0.065282
v 0.146613 0.061117 0.065353
v 0.147927 0.059279 0.117393
v 0.146976 0.061390 0.070667
v 0.171711 0.058665 -0.082527
v 0.146175 -0.040576 0.166432
v 0.147612 0.083054 0.059105
v 0.147312 0.083087 0.058985
v 0.146632 0.061206 0.070636
v 0.147383 0.062130 0.070651
v 0.146300 0.038254 -0.074761
v 0.146963 0.093075 -0.088798
v 0.147020 0.083634 0.054245
v 0.147024 0.083638 0.054245
v 0.146546 0.098967 0.013891
v 0.146625 0.029671 0.059510
v 0.192762 0.174477 -0.070333
v 0.147083 0.016312 0.142003
v 0.163394 0.014338 -0.009428
v 0.148646 0.029514 -0.071308
v 0.148043 0.028515 -0.070801
v 0.151054 0.121786 0.013444
v 0.198924 0.179091 0.029147
v 0.148814 0.111274 -0.008382
v 0.148757 0.111930 -0.008954
v 0.135764 0.136113 -0.093325
v 0.147860 -0.011577 0.140084
v 0.149464 0.036720 -0.062840
v 0.149754 0.037033 -0.062993
v 0.148723 -0.071977 -0.230751
v 0.148122 -0.071555 -0.230415
v 0.166751 -0.016205 -0.062281
v 0.148187 0.035285 0.006467
v 0.148779 0.084007 -0.004100
v 0.189076 0.084935 -0.012024
v 0.148425 0.011139 -0.091252
v 0.148469 0.011088 -0.091277
v 0.149040 0.036530 -0.062798
v 0.125325 0.079221 0.026583
v 0.150119 0.057060 -0.081740
v 0.149562 0.055553 -0.081042
v 0.175661 0.089216 0.019810
v 0.146646 0.043317 0.117609
v 0.148890 0.067391 -0.079361
v 0.165353 0.009845 -0.115305
v 0.149172 0.032437 0.057332
v 0.150755 0.068573 -0.086948
v 0.149244 0.056394 -0.001376
v 0.166339 0.014375 -0.028065
v 0.150758 0.065828 0.071007
v 0.150763 0.065833 0.071007
v 0.149610 0.068292 0.040272
v 0.150395 0.059593 0.022241
v 0.150373 0.059587 0.022220
v 0.151000 0.116658 -0.014747
v 0.151011 0.116683 -0.014781
v 0.131231 0.036962 0.140037
v 0.150108 0.116699 -0.121849
v 0.150979 0.125802 0.034565
v 0.150951 0.125791 0.034587
v 0.150446 0.008656 0.165468
v 0.150417 0.008662 0.165464
v 0.150603 0.051872 -0.005562
v 0.150584 0.051871 -0.005562
v 0.150944 0.132891 -0.034841
v 0.151091 0.096433 0.000663
v 0.150795 0.061753 0.071216
v 0.150552 -0.021801 -0.053329
v 0.153921 0.097865 0.049918
v 0.152618 0.065278 -0.074606
v 0.150853 0.061896 0.071004
v 0.151574 0.122637 -0.022037
v 0.151924 0.122239 -0.021574
v 0.151654 0.007827 -0.092888
v 0.150963 0.008054 -0.092668
v 0.150969 0.074863 0.020311
v 0.158288 0.035791 -0.050018
v 0.151775 0.038922 -0.097513
v 0.151760 0.038909 -0.097503
v 0.197280 0.089465 -0.018970
v 0.151143 0.023429 0.024545
v 0.145864 0.043247 0.015414
v 0.151295 0.024287 0.030875
v 0.152797 0.056037 -0.068988
v 0.153780 0.054740 -0.068660
v 0.152345 0.086506 0.051706
v 0.152039 0.085939 0.051946
v 0.154246 0.045836 -0.066601
v 0.154363 0.046121 -0.066700
v 0.151785 -0.039126 -0.088607
v 0.153014 0.063777 -0.089746
v 0.152363 0.080469 0.060471
v 0.152315 0.080439 0.060517
v 0.152388 -0.092673 -0.245065
v 0.152034 0.086464 -0.022746
v 0.152750 0.023148 0.188487
v 0.154142 0.010261 -0.072969
v 0.154011 0.010156 -0.072963
v 0.153424 0.116090 -0.080375
v 0.153404 0.116069 -0.080376
v 0.152477 0.029742 0.019849
v 0.157373 0.093818 0.093195
v 0.179620 0.070626 0.049258
v 0.153737 0.098064 0.050143
v 0.152611 -0.060846 -0.166589
v 0.179319 -0.070359 0.159721
v 0.153275 0.134819 0.071920
v 0.153225 0.023597 0.188923
v 0.154827 0.070659 0.070543
v 0.162846 0.104966 -0.103606
v 0.152940 -0.005517 0.021940
v 0.154093 0.122656 -0.010485
v 0.154064 0.122625 -0.010460
v 0.153822 0.100904 0.089824
v 0.136336 0.061209 -0.042329
v 0.188883 0.086431 0.062821
v 0.153687 0.007824 0.063973
v 0.153833 0.047360 0.061202
v 0.184328 0.136524 -0.027663
v 0.183499 0.051016 0.111644
v 0.154746 0.098559 -0.090560
v 0.154435 0.171125 -0.043162
v 0.154450 0.129739 -0.005979
v 0.171219 0.102884 0.005662
v 0.155511 0.071055 0.015798
v 0.155629 0.101298 0.046794
v 0.155612 0.101282 0.046818
v 0.154610 -0.031994 -0.206232
v 0.154838 0.083724 0.003120
v 0.155456 0.084017 0.002866
v 0.147161 0.028116 0.091535
v 0.152270 -0.026103 -0.129004
v 0.158165 0.090829 -0.055633
v 0.137390 0.087340 0.024631
v 0.154933 0.070953 0.015845
v 0.155043 0.089133 -0.027527
v 0.151883 0.044514 0.011473
v 0.155652 0.002498 -0.097058
v 0.155420 0.034976 -0.153225
v 0.145911 0.024989 0.056616
v 0.156048 0.041739 -0.100557
v 0.155978 0.041710 -0.100513
v 0.144664 0.042604 0.022821
v 0.182031 0.123816 0.072910
v 0.156365 -0.021171 0.232445
v 0.155774 0.049824 -0.162246
v 0.156516 0.080541 0.078596
v 0.156942 0.081460 0.078723
v 0.170170 0.036796 -0.060656
v 0.156657 0.001297 -0.076434
v 0.156688 0.001288 -0.076450
v 0.152277 0.055486 -0.040598
v 0.144575 -0.023038 0.121212
v 0.156392 0.035603 -0.118189
v 0.157051 0.062321 0.028683
v 0.157040 0.062316 0.028671
v 0.156448 0.025950 0.023820
v 0.175796 0.082583 0.046168
v 0.193929 0.032566 0.150501
v 0.156553 0.015772 -0.055875
v 0.156561 0.121428 -0.073322
v 0.157356 0.104530 0.042393
v 0.157479 0.104023 0.042859
v 0.150542 0.132716 -0.040474
v 0.158088 0.126420 -0.013514
v 0.158076 0.126414 -0.013505
v 0.162784 -0.006641 0.227717
v 0.160636 0.103524 0.095486
v 0.151026 0.087743 0.063017
v 0.155504 0.016128 0.084198
v 0.169789 0.011403 0.053523
v 0.159703 0.081263 0.059865
v 0.174728 0.081462 -0.151698
v 0.157876 0.052193 -0.005681
v 0.157827 0.052196 -0.005678
v 0.160611 0.061923 0.011350
v 0.159022 0.121444 -0.079814
v 0.159015 0.121440 -0.079818
v 0.158189 0.024743 -0.019895
v 0.150195 -0.044347 0.134468
v 0.158745 0.037171 -0.067055
v 0.158616 0.037177 -0.067020
v 0.131188 0.075274 -0.101731
v 0.144887 0.002542 0.134033
v 0.161430 0.174818 0.076047
v 0.141565 0.026318 0.126411
v 0.159405 0.006584 0.166661
v 0.158647 0.006374 0.166577
v 0.159188 0.011428 0.154602
v 0.159155 0.011446 0.154564
v 0.159849 0.033184 -0.119685
v 0.160181 0.130267 0.025426
v 0.160200 0.130290 0.025461
v 0.147979 0.110192 0.043117
v 0.160003 0.072948 0.062695
v 0.165762 -0.011632 -0.093788
v 0.160704 0.038085 -0.076887
v 0.160987 0.039016 -0.077194
v 0.160653 0.038070 -0.076876
v 0.161192 0.061901 0.036804
v 0.159864 0.010204 0.019842
v 0.160476 0.111503 0.036723
v 0.160766 0.130811 0.026327
v 0.160521 0.130249 0.026685
v 0.159988 0.076929 -0.062030
v 0.156513 -0.062962 0.158457
v 0.162132 0.016163 -0.073571
v 0.161072 0.015154 -0.073432
v 0.211116 0.160462 -0.084890
v 0.146251 0.068083 0.002784
v 0.164815 0.076274 0.117410
v 0.189324 0.027206 0.145291
v 0.161458 0.043985 -0.103678
v 0.161103 0.043442 -0.103396
v 0.161332 0.092648 0.050125
v 0.170660 0.148460 -0.098220
v 0.206828 0.075384 0.105024
v 0.164503 0.025858 -0.012288
v 0.162020 0.130610 -0.017683
v 0.161939 0.129984 -0.017323
v 0.161396 0.070705 0.015170
v 0.161227 0.070746 0.015197
v 0.161339 -0.030796 -0.054333
v 0.162157 0.078391 -0.101887
v 0.162355 0.079195 -0.102510
v 0.161523 -0.034564 -0.183831
v 0.162516 0.105102 -0.103827
v 0.161932 0.013263 -0.107737
v 0.162861 0.134108 0.032672
v 0.162838 0.134095 0.032618
v 0.162763 0.058850 -0.093606
v 0.163155 0.059509 -0.094170
v 0.162939 0.059022 -0.093598
v 0.162504 0.017735 0.173968
v 0.162465 0.017750 0.173929
v 0.163248 0.082151 -0.082842
v 0.163307 0.083123 -0.083160
v 0.163046 0.084594 0.079497
v 0.163060 0.084603 0.079498
v 0.162710 0.067529 0.001047
v 0.163846 0.076514 0.015652
v 0.163592 0.076421 0.015649
v 0.157815 0.022140 -0.122045
v 0.192707 0.082037 -0.039944
v 0.184238 0.105220 -0.072707
v 0.154486 0.086472 -0.042816
v 0.164111 0.065275 0.035929
v 0.163794 0.064734 0.035484
v 0.164712 0.127460 -0.077544
v 0.164490 0.126694 -0.077718
v 0.170787 0.043383 -0.090554
v 0.164006 0.007170 0.181988
v 0.189494 0.056484 -0.108403
v 0.198399 0.187614 0.009141
v 0.165381 0.042187 -0.080220
v 0.165311 0.042330 -0.080191
v 0.164441 -0.004800 0.023155
v 0.163337 0.146597 0.103795
v 0.164666 0.115870 -0.021821
v 0.165001 0.022993 0.200306
v 0.166929 0.029741 -0.041858
v 0.198364 0.017578 -0.114934
v 0.164859 0.120433 -0.063322
v 0.165833 0.106328 -0.083025
v 0.165642 0.136330 0.041267
v 0.165673 0.135856 0.040698
v 0.165030 0.000429 0.017806
v 0.165130 0.066608 0.023506
v 0.165923 0.051949 -0.006235
v 0.165284 0.051599 -0.006193
v 0.167190 -0.058297 -0.170348
v 0.164924 -0.026414 -0.117183
v 0.165566 0.006584 0.161940
v 0.165544 0.006594 0.161925
v 0.156790 0.057020 0.044814
v 0.176641 0.177692 0.027575
v 0.166154 0.033081 -0.075375
v 0.128447 0.069015 -0.002310
v 0.166387 0.036799 -0.068615
v 0.191906 0.031690 0.001468
v 0.166930 0.033753 -0.075660
v 0.166490 0.063065 0.078218
v 0.166519 0.063065 0.078231
v 0.167745 0.037295 -0.069028
v 0.167594 0.064559 -0.096684
v 0.167403 0.064734 -0.096944
v 0.166471 -0.065877 0.219031
v 0.166562 0.030828 0.031511
v 0.170744 0.105248 -0.007511
v 0.172817 0.118023 0.086197
v 0.166865 -0.050848 -0.171479
v 0.167401 0.001040 -0.082526
v 0.167079 0.033084 0.063560
v 0.167139 0.040501 -0.102691
v 0.168027 0.081882 -0.109987
v 0.168738 0.001783 -0.083225
v 0.168774 0.069705 0.013965
v 0.167521 0.069219 0.014166
v 0.182658 0.006464 -0.066144
v 0.168439 0.039059 -0.051481
v 0.168708 0.043864 -0.077568
v 0.168578 0.043904 -0.077135
v 0.167904 0.035866 -0.044500
v 0.168788 0.109615 -0.109522
v 0.168787 0.109611 -0.109516
v 0.168055 0.081892 -0.110025
v 0.172935 0.107963 -0.019514
v 0.168838 0.061803 -0.097576
v 0.169366 0.061479 -0.096938
v 0.168944 0.079583 0.068972
v 0.168912 0.079568 0.068972
v 0.168944 0.138107 -0.024170
v 0.169393 0.089826 0.081811
v 0.169100 0.089108 0.081638
v 0.168557 0.052365 0.105489
v 0.166635 0.072317 -0.092586
v 0.167679 0.070757 -0.001048
v 0.168776 0.018604 0.114200
v 0.168881 0.107581 -0.098708
v 0.168947 0.032960 -0.045188
v 0.211917 0.095034 0.048504
v 0.169008 0.109490 -0.122774
v 0.204890 0.147623 0.085299
v 0.170270 0.042995 -0.090605
v 0.203497 0.041818 0.019827
v 0.165155 0.008516 -0.040416
v 0.169621 0.028509 -0.104885
v 0.178534 0.022781 0.072821
v 0.170048 0.092300 -0.082023
v 0.170751 0.048481 -0.108493
v 0.161791 0.091212 0.020283
v 0.170221 -0.017072 -0.083470
v 0.138672 0.048547 -0.049290
v 0.171395 0.092096 -0.084861
v 0.171387 0.092090 -0.084857
v 0.177868 0.038119 -0.038108
v 0.169653 0.148087 -0.046315
v 0.170982 0.029822 -0.117320
v 0.172554 0.079185 0.016027
v 0.171293 0.077389 0.016552
v 0.171521 0.140925 0.055846
v 0.171063 0.023885 -0.121911
v 0.171468 0.063735 0.080008
v 0.171490 0.063739 0.080017
v 0.171220 0.096679 -0.160493
v 0.152579 -0.042077 0.140021
v 0.147664 0.043688 0.110779
v 0.171584 -0.057671 -0.061604
v 0.181247 0.045469 0.062442
v 0.180363 0.005232 -0.034253
v 0.192093 0.030757 0.026589
v 0.172007 0.096069 -0.041924
v 0.165280 0.131602 0.059972
v 0.172341 0.015002 0.182899
v 0.172298 0.015019 0.182859
v 0.173146 0.133720 -0.101398
v 0.173230 0.000019 0.168000
v 0.172611 0.000042 0.167701
v 0.172583 0.045821 -0.104240
v 0.156330 -0.001252 -0.054002
v 0.172719 0.131332 -0.051197
v 0.203849 0.064249 0.084459
v 0.169021 0.037872 -0.078673
v 0.173538 0.033329 -0.078321
v 0.173554 0.033331 -0.078327
v 0.155829 0.065771 -0.007618
v 0.149925 0.070584 -0.103011
v 0.174194 0.084537 -0.119321
v 0.173997 0.084034 -0.118821
v 0.207805 0.173844 0.034223
v 0.174259 0.114151 -0.117130
v 0.174097 0.113534 -0.116653
v 0.174237 0.000495 0.168695
v 0.168398 0.035397 -0.041904
v 0.174655 0.051056 -0.086314
v 0.173980 0.054274 -0.044197
v 0.184232 0.054644 -0.072438
v 0.174837 0.067993 0.050913
v 0.193953 0.026836 0.120953
v 0.174837 0.081330 -0.001304
v 0.174981 0.082257 0.069218
v 0.174950 0.082246 0.069224
v 0.169177 0.064027 -0.100591
v 0.192952 0.109704 0.090990
v 0.205297 0.069645 -0.051026
v 0.204527 0.113919 0.067952
v 0.175291 0.092644 -0.072434
v 0.187956 0.096766 0.040145
v 0.176052 0.140605 0.009448
v 0.177004 0.033615 -0.084330
v 0.176012 -0.039853 -0.114214
v 0.176422 0.032726 -0.084320
v 0.214927 0.008929 -0.030531
v 0.176523 0.065139 0.081323
v 0.176280 0.013244 -0.073169
v 0.176920 0.135158 -0.074286
v 0.176313 0.059609 0.001880
v 0.177050 0.033080 -0.085022
v 0.177015 0.065692 0.081478
v 0.168875 0.046822 0.093290
v 0.176854 0.051135 -0.154143
v 0.213625 0.019982 0.002424
v 0.211718 0.181350 0.065437
v 0.177658 0.052938 -0.083191
v 0.152947 0.007092 0.056922
v 0.178075 0.071617 0.058903
v 0.170349 0.044055 0.027045
v 0.178522 0.083856 0.054865
v 0.178547 0.083860 0.054860
v 0.179478 0.102242 -0.089992
v 0.179437 0.101561 -0.089768
v 0.162976 -0.015830 -0.141394
v 0.178995 0.031486 -0.053661
v 0.179902 0.051501 -0.004759
v 0.165333 -0.038369 0.205578
v 0.192960 0.055485 -0.165068
v 0.179992 0.105159 -0.107399
v 0.180813 0.068909 0.014334
v 0.180123 0.054190 0.011441
v 0.180306 0.068699 0.014400
v 0.181317 0.069221 0.014417
v 0.180375 -0.055902 0.161033
v 0.180383 -0.049225 0.105150
v 0.181816 0.019570 -0.118380
v 0.180679 0.032611 -0.074820
v 0.181682 0.085071 0.067811
v 0.181169 0.084463 0.067936
v 0.181231 0.034281 -0.080779
v 0.181063 0.082608 0.038504
v 0.198142 -0.039537 0.163019
v 0.181792 0.034761 -0.080969
v 0.203615 0.096957 0.016303
v 0.182023 0.096803 0.084378
v 0.181797 0.031319 -0.089904
v 0.181766 0.031867 -0.090168
v 0.181600 -0.065360 -0.106229
v 0.173739 0.023858 0.032287
v 0.182374 0.009733 0.191937
v 0.181713 0.009634 0.191540
v 0.180256 0.046054 -0.128281
v 0.181738 0.075010 0.029428
v 0.182154 0.037607 -0.064763
v 0.182182 0.096194 -0.068750
v 0.183315 0.094717 -0.007051
v 0.182552 0.003293 -0.069968
v 0.182758 0.018701 -0.029456
v 0.182818 0.104881 -0.022896
v 0.183109 -0.032036 -0.080232
v 0.231912 0.002820 0.167158
v 0.183690 0.090342 -0.018457
v 0.197177 0.043464 -0.156233
v 0.183998 -0.029753 -0.135611
v 0.184861 0.056527 -0.094336
v 0.184823 0.056512 -0.094309
v 0.214371 0.088196 0.036617
v 0.201907 0.077532 -0.082835
v 0.172663 0.044457 -0.142847
v 0.184692 0.006481 0.138286
v 0.177563 0.087883 -0.159102
v 0.185136 0.085395 0.054230
v 0.185185 0.085410 0.054224
v 0.217085 -0.005452 -0.109650
v 0.184940 0.031604 -0.076769
v 0.206504 0.081464 -0.173091
v 0.185628 0.089340 -0.135531
v 0.205889 0.127869 0.032124
v 0.186653 0.051940 -0.147938
v 0.185584 0.056324 0.000472
v 0.185724 -0.005048 -0.096232
v 0.186744 -0.004819 -0.096813
v 0.186304 0.119756 -0.129650
v 0.190176 0.016477 -0.035695
v 0.186313 -0.005024 -0.096234
v 0.185798 0.092061 0.014158
v 0.185821 0.067592 0.014490
v 0.185800 0.067571 0.014468
v 0.186164 0.068021 0.084670
v 0.188781 0.131013 -0.112996
v 0.187183 0.076482 0.012734
v 0.187247 0.076564 0.012701
v 0.162072 -0.014851 -0.119932
v 0.200058 0.158441 -0.180276
v 0.186658 0.095280 -0.053828
v 0.187010 0.056883 0.066138
v 0.188194 0.088194 -0.096829
v 0.188225 0.088238 -0.096821
v 0.187678 -0.008830 0.180462
v 0.212105 0.144705 -0.051276
v 0.178089 0.057567 0.004753
v 0.197429 0.103033 -0.165727
v 0.181289 0.021937 -0.139185
v 0.194162 -0.078815 -0.141839
v 0.190019 0.083723 0.009540
v 0.188950 0.078112 -0.073785
v 0.189252 0.034227 0.017020
v 0.173183 0.078291 -0.058309
v 0.190243 0.058276 -0.098314
v 0.190170 0.058268 -0.098268
v 0.226921 0.049052 -0.106826
v 0.226170 -0.015487 -0.104131
v 0.206914 -0.018763 -0.059624
v 0.190836 0.012370 0.021185
v 0.191759 0.088838 0.052962
v 0.191395 0.088237 0.053060
v 0.195280 -0.037947 -0.160418
v 0.191349 0.025796 -0.082635
v 0.191300 -0.029510 0.030979
v 0.192485 0.095803 -0.093730
v 0.192472 0.095787 -0.093737
v 0.192039 0.026508 -0.082889
v 0.192093 0.072865 -0.116290
v 0.192080 0.072859 -0.116279
v 0.192272 -0.002100 -0.097456
v 0.192331 -0.002074 -0.097465
v 0.191628 -0.010044 -0.103398
v 0.191615 -0.010029 -0.103381
v 0.186165 0.009243 0.104950
v 0.191879 0.018130 -0.102112
v 0.189968 0.045293 -0.059842
v 0.194137 0.005914 -0.080282
v 0.190358 0.026731 -0.097298
v 0.193240 0.121854 -0.097652
v 0.171379 -0.025590 -0.069708
v 0.193031 0.130151 -0.022793
v 0.193907 0.087273 0.065496
v 0.193878 0.005224 -0.177768
v 0.194036 -0.029528 -0.088259
v 0.198510 0.039229 0.083559
v 0.194564 0.002084 0.151270
v 0.224426 -0.021577 0.239416
v 0.195407 -0.054246 -0.191418
v 0.205611 0.110372 0.013802
v 0.196780 0.092442 0.006470
v 0.223875 0.034444 -0.040948
v 0.196295 0.036014 -0.085109
v 0.196413 0.058560 -0.101748
v 0.196898 0.001356 -0.098127
v 0.225158 0.119275 -0.056624
v 0.197120 0.104099 -0.090586
v 0.197104 0.103309 -0.090800
v 0.196879 0.058979 -0.102029
v 0.199723 -0.018224 -0.112608
v 0.196690 0.022977 -0.017007
v 0.197004 0.065701 0.014041
v 0.211561 0.081570 0.095640
v 0.197278 -0.010037 0.025392
v 0.198144 0.075582 -0.121283
v 0.198155 0.075587 -0.121292
v 0.197574 0.088870 -0.014817
v 0.183504 0.069290 -0.042335
v 0.211377 0.117067 -0.096294
v 0.237269 0.015401 -0.035770
v 0.198726 -0.011447 -0.044495
v 0.227380 -0.016303 -0.100601
v 0.199924 -0.002483 0.207062
v 0.246989 0.055740 -0.090766
v 0.200217 0.070451 -0.057363
v 0.227734 0.034381 -0.032634
v 0.226416 0.114269 0.064079
v 0.200118 -0.023125 -0.154128
v 0.218896 0.016102 -0.105161
v 0.202014 0.094900 0.048418
v 0.202305 0.027905 -0.088770
v 0.202271 0.027898 -0.088744
v 0.201955 0.014494 -0.107009
v 0.201988 0.014443 -0.107036
v 0.202279 0.082414 0.010315
v 0.202217 0.096688 -0.046344
v 0.202999 0.083054 0.010117
v 0.202984 0.063385 -0.075398
v 0.202968 0.063379 -0.075397
v 0.203202 0.005118 -0.100867
v 0.203167 0.005099 -0.100845
v 0.202086 0.064635 -0.088927
v 0.203111 0.026186 0.051522
v 0.203232 -0.049913 0.161311
v 0.203598 -0.010908 -0.047503
v 0.196019 0.003036 -0.149831
v 0.203846 0.060042 -0.037673
v 0.204788 0.079766 -0.125968
v 0.204500 0.079137 -0.125643
v 0.240222 0.091343 0.001532
v 0.204610 0.019597 0.055511
v 0.204658 -0.015771 -0.214445
v 0.204884 0.014600 -0.091839
v 0.205527 0.033460 -0.018862
v 0.205963 -0.042044 0.207182
v 0.206092 0.084278 -0.028975
v 0.189533 0.055200 -0.029574
v 0.206301 -0.003813 -0.108640
v 0.206389 0.006403 -0.110103
v 0.206377 0.006428 -0.110091
v 0.224493 0.070633 -0.116584
v 0.221757 0.052662 0.007437
v 0.207489 0.061580 -0.109590
v 0.227670 0.087080 -0.044688
v 0.207260 0.016470 -0.100352
v 0.207340 0.061525 0.014920
v 0.207404 0.061487 0.014926
v 0.209830 0.148706 0.005967
v 0.208539 0.115984 -0.084442
v 0.196283 0.025031 -0.157814
v 0.208201 0.035915 0.094583
v 0.215212 0.110915 -0.029217
v 0.188348 0.028901 -0.134703
v 0.210046 -0.035492 -0.132066
v 0.210056 -0.035508 -0.132085
v 0.242599 0.032691 -0.109648
v 0.210789 -0.002140 -0.114555
v 0.210151 -0.001706 -0.114274
v 0.231428 0.058294 -0.124736
v 0.211318 0.102897 -0.002478
v 0.211326 0.102905 -0.002483
v 0.211440 0.084233 0.006248
v 0.211423 0.084232 0.006260
v 0.211964 0.066906 -0.075706
v 0.211973 0.066910 -0.075707
v 0.251487 0.041955 -0.008101
v 0.211684 0.058272 0.015328
v 0.211624 0.058337 0.015321
v 0.200586 0.059290 -0.144999
v 0.221840 0.052315 -0.110744
v 0.211964 0.028431 -0.097270
v 0.203996 0.151135 -0.027847
v 0.202702 0.007672 -0.136856
v 0.212540 0.028848 -0.097707
v 0.212054 0.021189 0.070839
v 0.213302 0.009544 -0.108380
v 0.213294 0.009538 -0.108369
v 0.227506 0.127612 -0.129775
v 0.213723 0.108378 -0.039680
v 0.214167 -0.018912 -0.122137
v 0.214386 -0.041522 -0.139839
v 0.214374 -0.041514 -0.139820
v 0.214533 -0.025569 -0.133187
v 0.237966 0.072111 -0.159200
v 0.215845 0.053795 0.015939
v 0.215126 0.054056 0.015865
v 0.202638 0.043058 0.013329
v 0.214125 0.119210 0.035676
v 0.229654 0.092362 -0.007918
v 0.213855 0.028194 -0.186082
v 0.219010 0.002079 -0.087119
v 0.201247 -0.008576 -0.197839
v 0.215844 0.080624 0.031575
v 0.199815 -0.046557 0.153557
v 0.265749 0.052210 0.022604
v 0.217254 0.086025 -0.133448
v 0.230379 0.090543 -0.053195
v 0.211794 -0.034228 -0.061757
v 0.246849 0.012166 -0.155718
v 0.218375 -0.047139 -0.149072
v 0.217794 -0.046925 -0.148549
v 0.218652 0.108569 -0.005891
v 0.218657 0.108572 -0.005894
v 0.218527 0.011465 -0.114199
v 0.203589 0.118082 -0.026133
v 0.218570 0.011473 -0.114258
v 0.213601 -0.021140 -0.115891
v 0.219636 0.085426 -0.000020
v 0.253680 0.015909 -0.115435
v 0.220042 0.085898 -0.000387
v 0.228991 -0.025283 -0.127963
v 0.196864 -0.000950 -0.118957
v 0.221303 0.071622 -0.075597
v 0.220966 0.071033 -0.075611
v 0.220956 0.066574 -0.036821
v 0.221477 0.045733 0.019405
v 0.221455 -0.027437 -0.137538
v 0.222214 -0.062329 -0.162130
v 0.222184 -0.036672 0.128787
v 0.222773 0.011574 -0.121364
v 0.222590 0.017926 -0.056816
v 0.223066 0.011985 -0.121888
v 0.243468 0.012889 -0.094189
v 0.226263 0.115600 -0.008480
v 0.226020 0.114861 -0.008328
v 0.226393 0.014049 -0.150728
v 0.245165 -0.026199 -0.191265
v 0.229329 0.112812 -0.094486
v 0.229041 0.011159 -0.079003
v 0.230233 0.024361 -0.032182
v 0.230705 0.011038 -0.160565
v 0.231625 0.013063 -0.134901
v 0.231875 0.023211 -0.111678
v 0.277752 0.079614 -0.067129
v 0.232959 0.032332 0.078717
v 0.267067 0.013906 -0.118334
v 0.276915 0.089373 0.050447
v 0.263736 0.068670 -0.042817
v 0.235127 0.089538 -0.012161
v 0.235317 0.059140 -0.049393
v 0.236129 0.082032 -0.078689
v 0.237015 0.015722 -0.033921
v 0.241786 0.125715 -0.011180
v 0.248845 0.097860 0.032303
vn 0.0888 -0.5498 -0.8306
vn 0.3699 0.0648 -0.9268
vn -0.7572 0.2496 0.6037
vn -0.7571 0.2497 0.6037
vn 0.5616 0.7199 -0.4079
vn 0.5955 0.7121 -0.3718
vn 0.0535 0.6649 -0.7450
vn 0.8554 0.5134 0.0692
vn 0.1479 0.7435 -0.6521
vn 0.2650 0.9553 -0.1310
vn 0.2255 0.8470 -0.4815
vn 0.6105 0.3586 -0.7062
vn -0.1390 0.9763 -0.1658
vn 0.7184 -0.3780 -0.5840
vn -0.5810 0.8105 -0.0738
vn -0.9220 0.0909 -0.3763
vn -0.9311 0.0908 -0.3534
vn -0.7150 -0.1900 -0.6728
vn -0.7246 -0.1868 -0.6633
vn -0.7351 -0.1833 -0.6527
vn -0.7042 -0.1935 -0.6831
vn 0.2066 0.6131 -0.7625
vn -0.2768 0.9096 -0.3097
vn -0.5847 0.7558 -0.2948
vn -0.7437 0.4053 0.5316
vn -0.6360 0.5479 0.5434
vn 0.9443 -0.2433 0.2215
vn 0.9706 -0.1902 0.1474
vn 0.6497 -0.4881 0.5827
vn 0.9507 0.1309 -0.2811
vn 0.6254 -0.1152 -0.7718
vn 0.6328 -0.1748 -0.7543
vn 0.6405 -0.3089 -0.7031
vn 0.5802 0.0961 -0.8088
vn 0.2793 -0.8179 -0.5030
vn 0.1158 0.1493 -0.9820
vn 0.1544 0.1407 -0.9779
vn 0.2650 0.1145 -0.9574
vn -0.0382 0.1809 -0.9828
vn 0.7184 -0.3615 -0.5943
vn 0.9391 0.2346 -0.2510
vn 0.8498 0.3766 -0.3687
vn 0.6647 0.5486 -0.5073
vn 0.9971 0.0233 -0.0720
vn -0.3244 -0.8597 -0.3946
vn -0.3199 -0.8613 -0.3948
vn -0.3759 -0.8399 -0.3915
vn -0.2673 -0.8782 -0.3966
vn 0.5890 0.1297 -0.7976
vn 0.5691 0.6781 -0.4651
vn 0.5456 0.5824 -0.6026
vn 0.5155 0.8483 0.1210
vn 0.4987 0.4503 -0.7406
vn 0.5174 -0.3276 -0.7906
vn 0.5835 -0.2989 -0.7551
vn 0.6160 -0.2835 -0.7350
vn 0.4819 -0.3416 -0.8069
vn -0.3010 -0.2818 -0.9110
vn -0.1510 -0.2409 -0.9587
vn 0.8460 -0.2318 -0.4801
vn 0.8704 -0.1683 -0.4627
vn 0.6248 -0.5711 -0.5324
vn 0.9207 0.2512 -0.2986
vn -0.4933 0.8642 0.0989
vn -0.3254 0.9400 0.1026
vn 0.5842 -0.8096 0.0568
vn 0.8862 -0.4615 -0.0407
vn 0.9324 -0.1624 -0.3229
vn 0.6016 -0.3309 -0.7270
vn 0.6018 -0.3307 -0.7270
vn 0.3414 -0.5498 -0.7623
vn 0.7440 -0.1520 -0.6506
vn -0.0207 -0.8414 -0.5401
vn 0.5362 -0.5837 -0.6098
vn -0.0303 0.8310 -0.5554
vn 0.1791 0.3439 -0.9218
vn 0.5544 0.1812 -0.8123
vn -0.7813 0.6240 0.0137
vn -0.7114 0.6921 0.1220
vn -0.9888 0.1187 -0.0903
vn -0.9862 0.1528 -0.0633
vn -0.9828 0.1796 -0.0420
vn -0.9895 0.0915 -0.1115
vn 0.4658 0.1511 -0.8719
vn -0.8123 0.1295 -0.5686
vn -0.4481 0.0054 -0.8940
vn -0.9706 0.2369 0.0422
vn -0.0544 -0.1001 -0.9935
vn 0.8627 0.5033 0.0492
vn 0.8848 0.4660 0.0080
vn 0.9253 0.3677 -0.0927
vn 0.7484 0.6303 0.2064
vn 0.7690 0.1012 -0.6312
vn -0.0753 0.4403 -0.8947
vn 0.2117 0.3446 -0.9146
vn 0.5076 0.2010 -0.8378
vn -0.3558 0.4956 -0.7923
vn 0.1630 0.2031 -0.9655
vn 0.7019 0.5338 -0.4717
vn 0.6862 0.7186 0.1126
vn 0.9849 0.1628 0.0580
vn 0.3967 0.9059 -0.1484
vn 0.3779 0.9057 -0.1923
vn 0.3657 0.9045 -0.2194
vn 0.4079 0.9050 -0.1208
vn 0.6899 0.6172 0.3783
vn 0.6946 0.6427 0.3234
vn 0.3426 0.5369 -0.7710
vn 0.8560 0.4721 -0.2109
vn 0.7859 0.6165 0.0490
vn -0.8990 0.2994 0.3196
vn -0.8905 0.2800 0.3588
vn -0.9605 0.2706 -0.0647
vn -0.9620 0.2679 -0.0526
vn -0.9627 0.2666 -0.0470
vn -0.9598 0.2719 -0.0701
vn 0.2238 0.7036 -0.6745
vn -0.3052 0.9098 -0.2814
vn -0.1354 0.6849 0.7160
vn -0.2977 0.9236 0.2416
vn -0.2885 0.9331 0.2149
vn -0.1392 0.9767 -0.1635
vn -0.3566 0.8293 0.4303
vn 0.4689 0.5771 0.6686
vn 0.5117 0.5368 0.6708
vn 0.5647 0.4816 0.6702
vn 0.3539 0.6699 0.6527
vn 0.8378 0.2472 0.4867
vn 0.9832 -0.0336 -0.1794
vn 0.9823 -0.0351 -0.1840
vn 0.9698 0.0930 0.2254
vn 0.8187 -0.1546 -0.5530
vn 0.9218 0.0380 0.3857
vn 0.9291 0.0207 0.3692
vn 0.9468 -0.0287 0.3206
vn 0.8737 0.1286 0.4691
vn 0.9586 -0.2265 -0.1729
vn -0.8378 0.5436 -0.0509
vn -0.8338 0.5204 -0.1845
vn -0.8077 0.5599 0.1845
vn -0.7956 0.4637 -0.3899
vn 0.7208 -0.1212 -0.6825
vn 0.7403 -0.1424 -0.6570
vn 0.8894 -0.4195 -0.1815
vn 0.3652 0.1712 -0.9151
vn 0.5682 0.5455 -0.6161
vn 0.4889 0.8723 -0.0026
vn 0.8386 -0.0342 0.5436
vn 0.7657 0.0412 0.6419
vn 0.3167 0.3276 0.8902
vn 0.9496 -0.3005 0.0889
vn 0.6761 0.5182 0.5238
vn 0.4942 0.8596 0.1294
vn 0.5477 -0.0210 0.8364
vn 0.4517 0.0322 0.8916
vn 0.4096 0.0543 0.9107
vn 0.5855 -0.0433 0.8095
vn 0.9809 -0.1668 0.0999
vn 0.9548 -0.0658 0.2897
vn 0.8613 -0.3243 -0.3910
vn 0.8594 -0.3219 -0.3972
vn 0.8135 -0.5547 -0.1750
vn 0.8138 -0.5525 -0.1801
vn 0.8141 -0.5507 -0.1844
vn 0.8132 -0.5564 -0.1707
vn -0.1163 -0.3832 0.9163
vn 0.2454 -0.0449 0.9684
vn 0.8770 -0.0780 -0.4740
vn 0.8801 -0.0199 -0.4744
vn 0.8498 -0.2513 -0.4633
vn 0.8710 0.1574 -0.4654
vn 0.6987 0.3116 0.6440
vn 0.3970 0.7275 0.5595
vn 0.4030 -0.8883 0.2202
vn 0.3762 -0.7021 0.6046
vn 0.2597 -0.0585 0.9639
vn 0.2664 -0.0855 0.9601
vn 0.1048 0.4280 0.8977
vn 0.3458 -0.5294 0.7747
vn -0.1845 0.4888 -0.8527
vn -0.3727 0.7576 -0.5358
vn -0.0538 0.2800 -0.9585
vn -0.5020 0.8532 0.1419
vn -0.7137 0.4543 -0.5331
vn 0.9208 -0.3443 -0.1832
vn 0.9194 -0.3900 -0.0504
vn 0.9114 -0.4109 0.0199
vn 0.9144 -0.3181 -0.2503
vn 0.7686 0.0399 -0.6385
vn 0.7939 0.0234 -0.6077
vn 0.8065 -0.0535 -0.5888
vn 0.8762 0.4544 -0.1608
vn 0.9403 0.0669 -0.3337
vn 0.9281 0.0193 0.3718
vn 0.3777 -0.6199 0.6878
vn 0.3723 -0.6016 0.7067
vn 0.2495 -0.2483 0.9360
vn 0.4241 -0.8539 0.3018
vn 0.6832 -0.7302 -0.0028
vn 0.6254 -0.7654 0.1520
vn 0.5071 -0.7771 0.3726
vn 0.7308 -0.6477 -0.2155
vn 0.1771 -0.6911 -0.7007
vn 0.1491 -0.7205 -0.6772
vn 0.0497 -0.8099 -0.5844
vn 0.2659 -0.5844 -0.7667
vn 0.0507 -0.9954 -0.0811
vn 0.6097 -0.7571 -0.2349
vn 0.2815 -0.9002 -0.3321
vn 0.9124 -0.4054 -0.0560
vn -0.1772 -0.9043 -0.3884
vn -0.0787 -0.8092 0.5822
vn 0.6151 -0.7708 0.1660
vn 0.5480 -0.8170 -0.1797
vn -0.9825 -0.1446 0.1176
vn -0.9752 -0.2094 0.0716
vn -0.9657 -0.2572 0.0368
vn -0.9838 -0.0962 0.1510
vn -0.8620 0.4297 0.2691
vn -0.8938 0.3843 0.2310
vn -0.9370 0.2238 -0.2684
vn 0.2563 0.4427 -0.8592
vn -0.6067 0.6999 -0.3770
vn -0.6090 0.6989 -0.3749
vn -0.5532 0.7185 -0.4216
vn -0.6249 0.6924 -0.3607
vn -0.9464 0.2950 -0.1317
vn -0.9452 0.3099 -0.1027
vn -0.9123 0.1508 -0.3807
vn -0.8864 0.4307 0.1697
vn -0.2554 0.7389 0.6236
vn -0.2117 0.9747 -0.0712
vn 0.2753 0.9460 -0.1714
vn -0.1663 0.6448 -0.7461
vn 0.0389 0.7336 -0.6784
vn -0.5221 0.3849 -0.7611
vn 0.3922 0.7909 -0.4698
vn -0.7564 0.6541 0.0024
vn -0.7025 0.7096 0.0544
vn -0.9101 0.3513 -0.2200
vn -0.4113 0.8720 0.2654
vn -0.7732 -0.1215 -0.6224
vn -0.4391 0.4357 -0.7857
vn -0.4724 0.7385 -0.4811
vn 0.4056 0.3211 -0.8558
vn 0.4255 0.4321 -0.7952
vn 0.2924 -0.0806 -0.9529
vn 0.4406 0.7394 -0.5091
vn -0.7247 0.6571 -0.2073
vn -0.7209 0.3457 -0.6006
vn -0.2994 0.6480 -0.7003
vn 0.2179 0.8750 -0.4323
vn 0.2450 0.8893 -0.3862
vn 0.3698 0.9190 -0.1367
vn 0.1372 0.8199 -0.5558
vn 0.2700 0.4890 -0.8295
vn -0.1323 0.4964 -0.8579
vn 0.1927 0.9750 -0.1104
vn -0.7527 0.4062 -0.5181
vn -0.5462 0.6249 -0.5578
vn -0.9336 -0.2960 -0.2021
vn -0.0122 0.8739 -0.4860
vn 0.3670 0.8898 -0.2711
vn 0.4112 0.8939 -0.1787
vn 0.2026 0.8152 -0.5425
vn 0.5181 0.8479 0.1123
vn -0.8009 0.5511 0.2342
vn -0.5799 0.7875 0.2087
vn -0.1978 0.9002 0.3879
vn -0.7244 0.6137 -0.3140
vn -0.7451 0.6208 -0.2438
vn -0.5302 0.5085 -0.6784
vn -0.7817 0.5912 0.1985
vn -0.8481 0.3623 0.3866
vn -0.8698 0.3331 0.3639
vn -0.8838 0.3127 0.3480
vn -0.8324 0.3819 0.4017
vn -0.4700 0.7552 0.4570
vn -0.5242 0.7350 0.4300
vn -0.1538 -0.1109 -0.9819
vn -0.6159 -0.1216 -0.7784
vn 0.0883 -0.3391 -0.9366
vn -0.3455 0.3679 -0.8633
vn -0.2554 0.7537 -0.6055
vn -0.3599 -0.0703 -0.9303
vn -0.1164 0.9653 -0.2339
vn -0.7832 0.0389 -0.6205
vn -0.7981 0.0394 -0.6013
vn -0.8115 0.0397 -0.5830
vn -0.7503 0.0379 -0.6600
vn -0.9752 0.1785 -0.1310
vn 0.0469 0.6834 -0.7286
vn -0.3299 0.4377 -0.8364
vn -0.3419 0.4167 -0.8423
vn -0.4335 0.2322 -0.8708
vn -0.2768 0.5236 -0.8057
vn 0.1406 -0.2851 -0.9481
vn -0.0068 -0.3702 -0.9289
vn 0.4005 -0.1067 -0.9101
vn -0.2889 -0.5026 -0.8148
vn 0.4914 0.8626 0.1199
vn 0.4951 0.8670 0.0558
vn 0.6678 0.4709 -0.5765
vn 0.6808 0.4964 -0.5386
vn 0.6574 0.4515 -0.6033
vn 0.6893 0.5144 -0.5102
vn -0.3254 0.8371 -0.4398
vn -0.3371 0.8225 -0.4581
vn -0.2278 0.9299 -0.2888
vn -0.4477 0.6307 -0.6338
vn 0.2154 0.9622 -0.1668
vn -0.4208 0.8895 0.1781
vn -0.4114 0.8814 0.2321
vn -0.4340 0.8970 0.0836
vn -0.3872 0.8551 0.3447
vn 0.3284 0.7304 -0.5989
vn -0.6104 0.4031 -0.6819
vn -0.6058 0.3832 -0.6972
vn -0.6323 0.5499 -0.5456
vn -0.5406 0.1771 -0.8225
vn -0.3003 0.9006 -0.3143
vn -0.9089 0.1830 -0.3747
vn -0.7593 0.6310 -0.1592
vn -0.6957 0.7099 0.1097
vn -0.6408 0.5506 -0.5351
vn -0.6519 0.5684 -0.5019
vn -0.6831 0.6239 -0.3796
vn -0.5580 0.4325 -0.7082
vn -0.4868 0.8735 0.0034
vn -0.3568 0.7766 -0.5193
vn -0.3099 0.8166 -0.4870
vn -0.2010 0.8909 -0.4072
vn -0.5061 0.6078 -0.6119
vn 0.3750 0.8837 -0.2800
vn 0.4915 0.8493 -0.1926
vn 0.5385 0.8194 -0.1965
vn 0.5937 0.7793 -0.2005
vn 0.4350 0.8808 -0.1872
vn -0.1419 0.9837 0.1106
vn -0.2558 0.9605 0.1093
vn -0.3707 0.9226 0.1063
vn -0.0275 0.9935 0.1105
vn 0.4151 0.9071 -0.0691
vn 0.3942 0.9162 -0.0712
vn 0.0341 0.3125 -0.9493
vn 0.4742 0.5355 -0.6988
vn 0.9454 0.0709 -0.3182
vn 0.7500 0.4871 -0.4475
vn 0.4226 0.5627 -0.7105
vn 0.4130 0.5554 -0.7218
vn -0.0115 0.9299 -0.3677
vn -0.0763 0.9145 -0.3973
vn 0.9420 0.2375 0.2373
vn 0.9817 -0.0048 -0.1903
vn 0.7238 -0.0903 0.6841
vn 0.5630 -0.5567 0.6109
vn 0.7546 0.2031 -0.6239
vn 0.9658 -0.2384 0.1019
vn 0.9413 -0.0987 0.3228
vn 0.0617 0.6417 -0.7645
vn 0.0691 0.6119 -0.7879
vn 0.0935 0.5026 -0.8594
vn 0.0183 0.7928 -0.6092
vn -0.0943 0.1689 -0.9811
vn 0.0962 0.9704 -0.2215
vn 0.1006 0.9688 -0.2264
vn 0.1414 0.9515 -0.2733
vn 0.0478 0.9851 -0.1653
vn 0.2532 0.2987 -0.9201
vn 0.8169 -0.0183 -0.5765
vn 0.8756 0.0947 -0.4736
vn 0.8954 0.1479 -0.4199
vn 0.7824 -0.0704 -0.6188
vn 0.3444 -0.3124 -0.8853
vn 0.4248 -0.2424 -0.8722
vn -0.2628 0.9232 0.2803
vn -0.5086 0.8379 0.1982
vn 0.2693 0.8859 0.3776
vn -0.8630 0.5051 0.0036
vn 0.1918 0.3426 -0.9197
vn 0.0903 0.2866 -0.9538
vn -0.0256 0.2184 -0.9755
vn 0.3904 0.4414 -0.8079
vn -0.4901 0.1742 -0.8541
vn -0.9009 0.4063 -0.1524
vn -0.6983 0.7120 -0.0732
vn 0.1907 -0.5880 -0.7861
vn 0.0473 -0.2726 -0.9610
vn 0.0612 -0.6533 -0.7546
vn 0.3384 -0.4666 -0.8172
vn -0.2960 -0.7795 -0.5521
vn 0.5966 -0.2005 -0.7771
vn -0.2064 0.2936 -0.9334
vn -0.1332 0.2481 -0.9595
vn -0.0085 0.1676 -0.9858
vn -0.4077 0.4110 -0.8154
vn 0.1180 -0.2366 -0.9644
vn 0.3592 0.7691 -0.5287
vn -0.1344 0.8054 -0.5773
vn 0.7154 0.5852 -0.3817
vn -0.4867 0.7018 -0.5202
vn 0.7048 0.6838 -0.1891
vn 0.2758 -0.1663 -0.9467
vn 0.6935 0.5148 -0.5040
vn 0.5539 0.7694 0.3181
vn 0.9676 -0.1173 -0.2236
vn 0.9248 -0.1985 0.3244
vn 0.9201 -0.2138 0.3283
vn 0.8419 -0.3952 0.3674
vn 0.9622 -0.0117 0.2721
vn -0.6993 0.3652 0.6145
vn -0.6966 0.3653 0.6175
vn -0.4668 0.2449 0.8498
vn -0.4693 0.2454 0.8482
vn -0.4662 0.2448 0.8502
vn -0.4700 0.2456 0.8478
vn 0.8334 0.5473 0.0765
vn 0.8350 0.5441 0.0817
vn 0.8240 0.5646 0.0475
vn 0.8472 0.5161 0.1262
vn 0.3125 0.8786 -0.3611
vn 0.6795 0.5458 -0.4903
vn 0.0858 0.9715 -0.2210
vn -0.2531 0.9061 -0.3389
vn 0.7387 -0.2291 -0.6339
vn 0.8037 -0.2730 -0.5286
vn 0.8715 -0.3266 -0.3658
vn 0.5305 -0.1078 -0.8408
vn 0.7560 -0.6505 -0.0728
vn 0.3877 0.1370 -0.9115
vn 0.5173 0.1728 -0.8382
vn 0.5956 0.1941 -0.7795
vn 0.2217 0.0902 -0.9709
vn 0.8661 0.0775 -0.4938
vn 0.6238 0.1083 -0.7740
vn 0.6527 0.1087 -0.7498
vn 0.6810 0.1089 -0.7241
vn 0.5663 0.1072 -0.8172
vn 0.9349 -0.0421 -0.3525
vn 0.1758 0.9812 -0.0795
vn 0.2044 0.9752 -0.0850
vn -0.0587 0.9977 -0.0329
vn 0.5387 0.8298 -0.1460
vn -0.2416 0.9148 0.3238
vn -0.1609 0.6081 -0.7774
vn 0.0192 0.8457 -0.5333
vn -0.5767 0.8121 -0.0894
vn -0.1031 0.9703 0.2190
vn -0.4551 0.7889 0.4130
vn -0.6925 0.1992 0.6934
vn 0.4227 0.8403 0.3395
vn 0.5430 0.8396 0.0151
vn 0.1169 0.6206 0.7753
vn 0.6002 0.6672 -0.4413
vn 0.0853 0.9528 0.2913
vn 0.0720 0.9738 0.2158
vn 0.0470 0.9959 0.0773
vn 0.1219 0.8542 0.5055
vn -0.2828 0.9257 -0.2513
vn 0.3070 0.8653 -0.3962
vn 0.4009 0.7972 -0.4513
vn 0.4341 0.7686 -0.4699
vn 0.2707 0.8871 -0.3739
vn -0.2537 0.9427 0.2166
vn -0.0861 0.9887 0.1229
vn 0.7754 0.4421 -0.4509
vn 0.7837 0.4360 -0.4425
vn 0.9566 0.2326 -0.1753
vn 0.4883 0.5804 -0.6517
vn 0.9593 0.2657 -0.0958
vn 0.9440 0.3057 -0.1239
vn 0.8938 0.4043 -0.1942
vn 0.9958 0.0873 0.0267
vn 0.4716 0.8541 -0.2192
vn -0.2380 0.7128 0.6597
vn -0.2322 0.8053 0.5456
vn -0.5221 0.8152 0.2505
vn 0.6683 0.7311 0.1369
vn 0.6721 0.7290 0.1295
vn 0.6906 0.7175 0.0914
vn 0.6313 0.7480 0.2050
vn 0.6813 0.5540 -0.4784
vn 0.4654 0.5461 -0.6965
vn 0.5050 0.5671 -0.6506
vn 0.7365 0.6460 -0.2006
vn 0.1050 0.3136 -0.9437
vn 0.6118 0.4348 -0.6608
vn 0.7878 0.6105 -0.0816
vn -0.8019 0.5581 -0.2133
vn -0.8306 0.5208 -0.1972
vn -0.5750 0.6386 -0.5114
vn -0.5797 0.6361 -0.5092
vn -0.5829 0.6343 -0.5077
vn -0.5718 0.6403 -0.5128
vn 0.6935 0.4117 0.5913
vn 0.6441 0.3847 0.6612
vn 0.4939 0.3014 0.8156
vn 0.7955 0.4661 0.3872
vn 0.7104 0.6910 -0.1339
vn 0.8190 0.5705 -0.0615
vn 0.8867 0.4624 -0.0027
vn 0.6138 0.7673 -0.1857
vn -0.0776 0.9790 -0.1884
vn 0.0527 0.9892 -0.1370
vn 0.3762 0.8416 0.3877
vn 0.6580 0.6964 0.2865
vn -0.0399 0.9832 0.1780
vn 0.1623 0.5013 0.8499
vn -0.8439 0.5343 0.0481
vn -0.8559 0.5136 0.0604
vn -0.9540 0.2039 0.2197
vn -0.6228 0.7730 -0.1211
vn 0.8123 0.5391 -0.2226
vn 0.7862 0.5273 0.3223
vn -0.1823 0.5717 0.7999
vn 0.1250 0.9687 0.2146
vn 0.1188 0.9681 0.2205
vn 0.1995 0.9695 0.1420
vn 0.0643 0.9604 0.2710
vn -0.2996 0.7479 -0.5924
vn -0.1015 0.8777 -0.4683
vn 0.1407 0.9498 -0.2795
vn -0.4848 0.5535 -0.6772
vn -0.2576 0.8453 0.4680
vn -0.4072 0.7712 0.4893
vn 0.0369 0.9185 0.3938
vn -0.6615 0.5670 0.4908
vn -0.8635 0.4189 0.2810
vn -0.6114 0.6402 0.4651
vn -0.0669 0.7819 0.6198
vn -0.0730 0.7854 0.6147
vn -0.1481 0.8236 0.5475
vn 0.0061 0.7358 0.6772
vn 0.5839 -0.0012 0.8118
vn 0.6153 0.1215 0.7789
vn 0.3314 -0.5220 0.7859
vn 0.6276 0.5979 0.4986
vn 0.5023 0.4086 0.7620
vn 0.5197 0.3498 0.7795
vn 0.5732 0.0444 0.8182
vn 0.3811 0.6826 0.6236
vn 0.6388 0.7565 -0.1405
vn 0.6526 0.7255 -0.2187
vn -0.6990 -0.6204 0.3555
vn -0.7444 -0.6154 0.2591
vn -0.7619 -0.6109 0.2150
vn -0.6761 -0.6204 0.3974
vn -0.2344 -0.2815 0.9305
vn -0.3726 -0.3198 0.8712
vn -0.7664 -0.6289 -0.1308
vn 0.0675 0.8150 0.5755
vn -0.4067 0.8952 0.1822
vn -0.8933 0.3791 -0.2413
vn -0.9424 0.2787 -0.1848
vn -0.4477 0.5458 -0.7083
vn -0.5039 0.5185 -0.6908
vn -0.5466 0.4955 -0.6751
vn -0.4018 0.5658 -0.7200
vn 0.3169 0.9236 0.2155
vn 0.3543 0.9175 0.1807
vn 0.4294 0.8968 0.1061
vn 0.2390 0.9285 0.2841
vn -0.4788 0.8663 0.1428
vn -0.8677 0.4152 0.2732
vn 0.2259 0.8085 -0.5433
vn 0.2437 0.8923 -0.3800
vn 0.1120 0.3360 -0.9352
vn 0.2348 0.9244 0.3006
vn -0.2169 0.9635 0.1570
vn -0.1658 0.9754 0.1451
vn -0.0221 0.9937 0.1100
vn -0.4478 0.8699 0.2066
vn 0.2246 0.9504 -0.2150
vn -0.8028 0.5924 0.0673
vn -0.2792 0.1965 -0.9399
vn -0.7701 0.5646 -0.2969
vn -0.6435 0.4802 0.5962
vn -0.1222 0.9514 -0.2828
vn 0.4469 0.8125 0.3744
vn 0.3151 0.8800 -0.3553
vn 0.4756 0.7234 -0.5005
vn 0.0733 0.2887 -0.9546
vn 0.0631 0.2835 -0.9569
vn -0.1754 0.1536 -0.9724
vn 0.3247 0.4041 -0.8552
vn -0.4461 0.7581 -0.4756
vn -0.1389 0.5045 -0.8522
vn -0.3781 0.7137 -0.5896
vn -0.5966 0.7992 -0.0729
vn -0.6601 0.3615 0.6584
vn -0.5554 0.3617 0.7488
vn -0.9315 0.2975 0.2093
vn -0.1148 0.3080 0.9444
vn -0.8283 0.0950 -0.5521
vn 0.4718 0.5769 0.6667
vn -0.9185 -0.1731 -0.3554
vn 0.4739 0.6153 0.6299
vn -0.8736 0.2740 -0.4021
vn -0.2395 0.9500 -0.2001
vn -0.9120 0.0916 -0.3997
vn -0.3146 0.4246 -0.8490
vn -0.7996 -0.5269 -0.2881
vn 0.1560 0.9640 -0.2152
vn 0.0363 0.9149 -0.4020
vn -0.9149 0.3260 0.2380
vn -0.7357 0.6721 -0.0837
vn -0.3984 0.9147 -0.0679
vn 0.2883 0.1172 -0.9503
vn 0.4129 -0.0525 -0.9092
vn 0.1646 0.2655 -0.9499
vn 0.6554 -0.5199 -0.5479
vn -0.0505 0.3091 -0.9497
vn 0.8832 -0.4596 0.0932
vn 0.9022 -0.2036 -0.3803
vn 0.6916 -0.3561 -0.6284
vn 0.9532 -0.2049 0.2222
vn 0.9532 -0.2139 0.2138
vn 0.9527 -0.2303 0.1982
vn 0.9525 -0.1773 0.2478
vn 0.7503 -0.5092 -0.4215
vn 0.7887 0.4087 -0.4593
vn 0.9111 0.3547 -0.2098
vn 0.6288 0.4292 -0.6484
vn 0.9548 0.2967 -0.0150
vn 0.1258 0.7741 0.6205
vn 0.2422 0.7526 0.6123
vn 0.3232 0.7309 0.6012
vn -0.0360 0.7857 0.6175
vn 0.6321 0.6799 0.3718
vn 0.4299 0.6458 0.6309
vn -0.0819 0.9803 0.1800
vn -0.3772 -0.2925 -0.8787
vn -0.5987 0.4727 -0.6466
vn -0.5923 0.4629 -0.6595
vn -0.6668 0.5937 -0.4506
vn -0.5248 0.3639 -0.7695
vn 0.0277 0.8572 -0.5143
vn -0.3550 0.6164 -0.7028
vn -0.9907 -0.1331 -0.0283
vn -0.9824 -0.1861 -0.0149
vn -0.8811 -0.4690 0.0602
vn -0.9877 0.1271 -0.0915
vn -0.0625 0.6945 -0.7168
vn -0.3418 0.3231 -0.8825
vn -0.1634 0.7227 0.6716
vn -0.3876 0.7051 0.5938
vn -0.7141 0.5840 0.3860
vn 0.2062 0.6670 0.7160
vn -0.1012 0.8544 -0.5096
vn 0.1101 0.8887 -0.4451
vn -0.2386 0.8082 -0.5385
vn 0.2545 0.8863 -0.3868
vn -0.6473 0.5844 0.4895
vn -0.8815 0.4453 0.1569
vn 0.5886 0.3905 -0.7078
vn -0.1942 0.5529 -0.8103
vn 0.0995 0.9379 0.3324
vn 0.0994 0.9378 0.3325
vn 0.3459 0.9120 0.2205
vn 0.3447 0.9122 0.2215
vn 0.3462 0.9119 0.2202
vn 0.3444 0.9123 0.2218
vn -0.3580 0.9334 -0.0260
vn -0.3069 0.9480 0.0843
vn -0.3975 0.9097 -0.1203
vn -0.2581 0.9491 0.1803
vn 0.0302 0.2079 -0.9777
vn -0.8969 0.4327 0.0910
vn -0.8727 0.4714 0.1273
vn -0.8123 0.5473 0.2018
vn -0.9546 0.2963 -0.0293
vn -0.4057 0.8816 0.2413
vn -0.9899 0.1325 -0.0506
vn -0.8550 0.4541 0.2504
vn -0.7851 0.4062 0.4676
vn -0.9594 0.0443 0.2785
vn -0.9872 -0.0074 0.1592
vn -0.9964 -0.0445 0.0717
vn -0.9303 0.0797 0.3582
vn -0.5805 0.4381 0.6864
vn -0.6547 0.4239 0.6258
vn -0.8029 0.1833 -0.5673
vn -0.7517 0.2131 -0.6241
vn -0.9266 0.0830 -0.3668
vn -0.5445 0.3019 -0.7825
vn 0.1617 0.9178 0.3627
vn 0.0997 0.9353 0.3394
vn -0.3091 0.9390 0.1509
vn 0.5461 0.6931 0.4706
vn 0.6231 0.6474 -0.4389
vn 0.7916 0.5521 -0.2616
vn 0.2854 0.7056 -0.6487
vn 0.9331 0.3594 0.0106
vn 0.0127 -0.0259 -0.9996
vn 0.1908 0.0508 -0.9803
vn -0.2671 -0.1439 -0.9529
vn 0.4284 0.1550 -0.8902
vn -0.3998 0.5669 -0.7202
vn 0.2245 0.2131 -0.9509
vn 0.4945 0.3325 -0.8030
vn -0.3573 0.7975 -0.4862
vn -0.3640 0.7704 -0.5235
vn -0.3037 0.9188 -0.2521
vn -0.3872 0.5776 -0.7186
vn -0.0197 0.6641 -0.7474
vn 0.3425 0.7238 -0.5990
vn -0.4791 0.4330 -0.7635
vn 0.7340 0.6273 -0.2601
vn -0.6268 0.7612 0.1664
vn -0.5878 0.7703 0.2473
vn -0.5456 0.7731 0.3235
vn -0.6765 0.7354 0.0401
vn 0.0383 0.7491 0.6613
vn 0.0376 0.3067 -0.9511
vn -0.4177 0.9042 -0.0895
vn 0.3969 0.7715 0.4972
vn 0.3956 0.7742 0.4941
vn 0.4065 0.7507 0.5208
vn 0.3856 0.7939 0.4702
vn 0.0550 0.3503 -0.9350
vn -0.2144 0.7579 -0.6162
vn -0.6331 0.6917 -0.3474
vn -0.8112 0.5770 0.0949
vn -0.8906 0.4477 -0.0798
vn -0.9115 0.3789 -0.1602
vn -0.7597 0.6265 0.1742
vn -0.0507 0.8472 0.5289
vn -0.2175 0.8821 0.4179
vn -0.5645 0.8242 -0.0440
vn -0.5661 0.8243 0.0034
vn -0.5613 0.8095 0.1721
vn -0.5485 0.8086 -0.2127
vn -0.9302 0.2288 -0.2870
vn -0.4510 0.8911 -0.0506
vn -0.4324 0.8969 0.0925
vn 0.2743 0.1223 -0.9539
vn 0.1118 -0.1462 -0.9829
vn 0.2856 0.1424 -0.9477
vn -0.9076 0.2147 -0.3607
vn -0.9338 -0.2938 -0.2045
vn 0.3980 0.3550 -0.8459
vn -0.9901 0.0641 -0.1251
vn -0.7824 0.5427 -0.3055
vn -0.5822 0.8063 -0.1042
vn -0.4705 -0.4242 -0.7737
vn -0.7043 0.0380 -0.7089
vn -0.8308 0.0375 -0.5553
vn -0.8444 -0.5274 -0.0944
vn 0.5893 0.4674 -0.6590
vn -0.8255 -0.3792 -0.4180
vn -0.7393 0.0194 -0.6731
vn -0.7519 0.2305 -0.6177
vn -0.6996 0.6751 0.2339
vn -0.1875 0.9739 0.1277
vn -0.0242 0.8689 0.4944
vn 0.0141 0.9344 0.3560
vn 0.0305 0.9554 0.2937
vn -0.0404 0.8343 0.5499
vn -0.0127 0.1247 0.9921
vn 0.0647 0.3421 0.9374
vn 0.1771 0.8825 0.4357
vn 0.3334 0.4150 0.8465
vn 0.1974 0.2468 0.9487
vn -0.7618 0.6410 0.0936
vn -0.7541 0.6541 0.0590
vn -0.7493 0.6611 0.0393
vn -0.7657 0.6332 0.1130
vn -0.7127 0.5459 0.4404
vn -0.7127 0.5461 0.4402
vn 0.6566 0.3845 0.6489
vn 0.8393 0.0346 0.5425
vn -0.6009 0.7965 0.0667
vn -0.6508 0.7485 0.1272
vn -0.1376 0.9286 -0.3445
vn -0.8227 0.3487 0.4490
vn 0.4067 0.8802 -0.2448
vn 0.4112 0.8812 -0.2334
vn 0.3996 0.8784 -0.2622
vn 0.4313 0.8840 -0.1804
vn 0.5806 -0.0670 0.8115
vn 0.0894 0.6557 0.7497
vn 0.7960 0.2030 -0.5702
vn 0.4657 0.8616 -0.2019
vn 0.3929 0.9085 -0.1420
vn 0.7425 0.4869 -0.4601
vn 0.0027 0.9884 0.1522
vn 0.1525 0.8721 0.4650
vn 0.1795 0.8938 0.4109
vn 0.3346 0.9421 0.0206
vn -0.0298 0.6530 0.7567
vn 0.5743 0.1380 -0.8069
vn 0.5947 -0.0596 -0.8017
vn -0.8796 0.4633 -0.1082
vn -0.5391 0.8260 -0.1648
vn 0.0141 0.9611 -0.2757
vn -0.6151 0.7513 -0.2390
vn -0.3816 0.8651 -0.3256
vn -0.9816 -0.0641 0.1801
vn -0.1663 0.9103 -0.3790
vn 0.1852 0.9716 -0.1473
vn 0.1821 0.9726 -0.1445
vn 0.3389 0.8974 -0.2826
vn 0.0210 0.9998 -0.0033
vn -0.5452 0.8162 0.1911
vn -0.5487 0.8292 0.1064
vn -0.4700 0.7596 -0.4496
vn -0.4331 0.6011 0.6716
vn -0.1688 0.8417 -0.5128
vn -0.4247 0.8753 -0.2313
vn 0.1800 0.6302 -0.7553
vn -0.6552 0.7371 0.1657
vn -0.3572 0.6648 0.6561
vn -0.4407 0.6272 0.6422
vn -0.1231 0.7361 0.6655
vn -0.6264 0.5142 0.5859
vn 0.9268 0.3021 0.2230
vn 0.9198 0.3911 -0.0322
vn -0.2663 0.6711 0.6919
vn 0.3825 0.8039 0.4555
vn 0.3905 0.8029 0.4505
vn 0.3234 0.8682 -0.3764
vn 0.9243 0.2668 -0.2731
vn 0.9789 0.2038 0.0138
vn 0.9788 0.2041 0.0142
vn 0.9346 0.3184 0.1588
vn 0.9879 0.0820 -0.1315
vn 0.1846 0.9828 0.0028
vn 0.2159 0.9708 -0.1045
vn 0.2341 0.9570 -0.1712
vn 0.1637 0.9840 0.0703
vn 0.0798 0.4245 0.9019
vn 0.2392 0.5759 0.7818
vn 0.8722 0.4687 0.1397
vn 0.8805 0.4541 0.1363
vn 0.6619 0.3012 0.6864
vn 0.9357 0.2131 0.2810
vn 0.9843 -0.1342 0.1149
vn 0.8357 -0.2730 0.4765
vn 0.8505 -0.4985 -0.1676
vn 0.7868 0.5997 -0.1456
vn 0.7875 0.5993 -0.1441
vn 0.7845 0.6014 -0.1512
vn 0.7957 0.5930 -0.1236
vn 0.7510 -0.1321 0.6470
vn 0.6384 0.3718 -0.6739
vn 0.9702 0.1678 -0.1747
vn 0.9114 0.2266 -0.3434
vn 0.9819 0.1474 -0.1186
vn 0.1498 -0.8398 0.5218
vn 0.3685 -0.9288 0.0389
vn 0.9936 0.0684 0.0900
vn 0.9006 -0.3387 -0.2724
vn 0.9040 -0.3387 -0.2609
vn 0.8880 -0.3380 -0.3117
vn 0.9330 -0.3361 -0.1283
vn 0.5121 -0.3251 0.7950
vn 0.3052 -0.6123 -0.7294
vn 0.9145 0.0220 0.4041
vn -0.1869 -0.9767 -0.1050
vn 0.3079 -0.5420 -0.7819
vn 0.4086 -0.6040 0.6843
vn 0.4042 -0.5708 0.7147
vn 0.4176 -0.7437 0.5221
vn 0.3957 -0.5162 0.7595
vn 0.0541 0.1595 -0.9857
vn 0.1543 0.1483 -0.9768
vn 0.2218 0.1397 -0.9650
vn -0.0123 0.1660 -0.9861
vn -0.3608 0.3021 -0.8824
vn -0.3626 0.3020 -0.8817
vn -0.9011 0.0652 -0.4286
vn -0.8875 0.2037 -0.4133
vn -0.3417 0.0464 -0.9387
vn -0.0191 0.4526 -0.8915
vn 0.7631 -0.1385 0.6312
vn 0.6568 -0.0893 0.7488
vn 0.5504 -0.0448 0.8337
vn 0.8326 -0.1748 0.5255
vn 0.9917 -0.0985 -0.0821
vn 0.9975 -0.0629 0.0314
vn -0.5128 0.8232 0.2436
vn -0.5262 0.8136 0.2475
vn -0.3937 0.9185 0.0358
vn -0.3966 0.9172 0.0375
vn -0.3982 0.9165 0.0384
vn -0.3921 0.9192 0.0349
vn 0.9658 0.2002 -0.1645
vn 0.9854 0.1492 -0.0820
vn 0.9313 -0.1277 0.3412
vn 0.7469 0.4094 -0.5239
vn -0.3721 0.8864 0.2753
vn 0.3358 0.7888 0.5148
vn 0.7381 -0.2619 0.6218
vn -0.5306 0.8222 -0.2062
vn 0.5829 0.7919 0.1819
vn 0.5541 0.8192 0.1479
vn 0.4499 0.8924 0.0348
vn 0.7217 0.5821 0.3747
vn -0.0220 0.9978 -0.0618
vn -0.3103 0.1308 -0.9416
vn 0.0071 0.1435 -0.9896
vn 0.4699 0.1348 -0.8723
vn -0.5121 0.1141 -0.8513
vn -0.1316 -0.1380 -0.9816
vn -0.5945 0.0095 -0.8041
vn -0.2345 0.2141 -0.9483
vn 0.2506 -0.0849 -0.9644
vn 0.2920 -0.0772 -0.9533
vn 0.3197 -0.0719 -0.9448
vn 0.2227 -0.0899 -0.9707
vn -0.1112 -0.0348 -0.9932
vn -0.1160 -0.0360 -0.9926
vn 0.6270 0.2706 -0.7305
vn 0.7710 0.2901 -0.5669
vn 0.7705 0.2896 -0.5679
vn 0.7702 0.2893 -0.5685
vn 0.7713 0.2904 -0.5664
vn -0.6975 0.7020 -0.1439
vn 0.6659 0.5620 0.4906
vn 0.0860 0.8369 0.5406
vn 0.9725 0.0406 0.2294
vn -0.3658 0.8220 0.4365
vn -0.8884 0.0050 0.4591
vn -0.8294 0.2480 0.5005
vn -0.9349 0.2256 0.2740
vn -0.4075 0.2399 0.8811
vn -0.9800 0.1925 0.0504
vn -0.2352 0.4633 -0.8544
vn -0.0846 0.5177 -0.8514
vn 0.0300 0.5499 -0.8347
vn -0.3408 0.4164 -0.8429
vn -0.9275 0.1580 -0.3388
vn -0.8501 0.2993 -0.4332
vn 0.7724 0.3301 -0.5426
vn 0.8454 0.3629 -0.3919
vn 0.6986 0.2972 -0.6508
vn 0.8896 0.3833 -0.2485
vn -0.9408 0.3139 -0.1277
vn -0.6294 0.5005 0.5944
vn 0.6802 0.1058 0.7254
vn 0.6820 0.1060 0.7237
vn 0.4288 -0.1559 0.8899
vn 0.4340 -0.1539 0.8877
vn 0.4415 -0.1511 0.8845
vn 0.4212 -0.1588 0.8929
vn 0.0958 0.8465 0.5237
vn 0.0886 0.8593 0.5037
vn 0.0340 0.9374 0.3467
vn 0.1740 0.6609 0.7300
vn -0.4197 0.9013 -0.1069
vn -0.8502 0.3324 0.4083
vn -0.2896 0.4725 0.8324
vn 0.3037 -0.4065 0.8617
vn 0.3185 -0.3811 0.8679
vn 0.1129 -0.6716 0.7322
vn 0.4747 -0.0441 0.8790
vn 0.5435 0.7250 0.4232
vn 0.5462 0.3286 0.7705
vn 0.5476 0.4966 0.6734
vn 0.6153 0.3677 0.6973
vn 0.6805 0.1971 0.7057
vn 0.4559 0.6303 0.6284
vn -0.2606 0.8811 0.3948
vn -0.1709 0.8365 0.5206
vn 0.9833 -0.1010 0.1517
vn 0.9844 -0.0829 0.1552
vn 0.9845 0.0197 0.1742
vn 0.9586 -0.2592 0.1182
vn 0.6942 0.5450 0.4701
vn 0.5891 0.7504 0.3000
vn 0.7110 0.3326 0.6196
vn 0.9688 -0.1768 0.1735
vn 0.9804 -0.0647 0.1859
vn 0.9800 0.0378 0.1951
vn 0.9213 -0.3599 0.1476
vn 0.8111 0.4012 0.4257
vn -0.3251 0.9447 -0.0425
vn -0.3334 0.9406 -0.0641
vn -0.4312 0.8231 -0.3696
vn -0.2034 0.9504 0.2354
vn 0.8310 0.1511 0.5353
vn 0.8468 0.5148 0.1339
vn -0.0922 0.9898 -0.1090
vn 0.3018 0.8890 0.3443
vn 0.2097 0.7520 0.6250
vn 0.3177 0.9264 0.2020
vn 0.3203 0.9155 0.2433
vn 0.3247 0.8429 0.4291
vn 0.2735 0.9497 -0.1526
vn 0.5547 0.5232 0.6470
vn 0.6144 0.7709 0.1679
vn 0.6116 0.7721 0.1725
vn 0.7830 0.5537 -0.2833
vn 0.2890 0.7769 0.5594
vn 0.8989 0.4379 0.0126
vn 0.9288 -0.0271 0.3696
vn 0.9437 -0.0105 0.3307
vn 0.7471 -0.1544 0.6465
vn 0.9903 0.0769 0.1156
vn 0.0405 -0.0830 0.9957
vn 0.4986 -0.0304 0.8663
vn -0.3822 0.6554 -0.6514
vn -0.3800 0.6569 -0.6512
vn -0.5877 0.4890 -0.6446
vn 0.0586 0.8365 -0.5448
vn -0.6814 0.6035 -0.4140
vn -0.9853 0.0924 -0.1436
vn -0.6653 0.4005 -0.6301
vn -0.8881 0.0203 -0.4592
vn -0.3012 0.7164 -0.6293
vn -0.4964 0.7204 -0.4844
vn 0.0964 0.7046 -0.7030
vn 0.2750 0.8518 -0.4460
vn 0.4973 0.8135 -0.3016
vn 0.0986 0.8410 -0.5320
vn 0.8546 0.5098 0.0988
vn 0.0328 0.7905 -0.6116
vn -0.1321 0.5369 -0.8333
vn -0.4734 0.7901 -0.3894
vn -0.4952 0.7839 -0.3744
vn -0.7633 0.6326 -0.1309
vn -0.2231 0.8186 -0.5293
vn 0.0766 0.3651 -0.9278
vn 0.0531 0.4541 -0.8894
vn 0.1259 0.1544 -0.9800
vn -0.0018 0.6384 -0.7697
vn -0.3306 0.9431 0.0362
vn -0.3229 0.9442 0.0644
vn -0.3792 0.9080 -0.1780
vn -0.2539 0.9253 0.2817
vn -0.1518 0.8258 -0.5432
vn -0.1769 0.8035 -0.5685
vn 0.2187 0.9711 -0.0951
vn -0.4841 0.3468 -0.8034
vn 0.7735 0.5983 -0.2093
vn -0.9602 0.0988 -0.2611
vn -0.2995 0.8639 -0.4049
vn 0.3840 0.6756 -0.6294
vn -0.7723 0.0085 -0.6353
vn -0.6190 0.2515 -0.7440
vn -0.7880 -0.0257 -0.6152
vn -0.8409 -0.1795 -0.5106
vn 0.5478 0.8366 0.0047
vn 0.6507 0.6329 -0.4195
vn -0.9065 0.3608 -0.2190
vn -0.7588 0.3172 -0.5688
vn -0.4149 0.1962 -0.8884
vn -0.9319 0.3625 -0.0120
vn -0.8638 -0.0035 -0.5039
vn -0.1619 0.2411 -0.9569
vn -0.0211 0.1860 -0.9823
vn 0.1372 0.1191 -0.9834
vn -0.3020 0.2916 -0.9076
vn -0.7244 0.6545 -0.2166
vn -0.5977 0.7002 -0.3905
vn 0.0523 0.8518 -0.5212
vn -0.4615 0.8830 -0.0858
vn -0.7713 0.6235 -0.1276
vn -0.2770 0.7216 -0.6344
vn -0.4112 0.6363 -0.6528
vn 0.2762 0.8646 -0.4197
vn -0.7994 0.1865 -0.5712
vn -0.4660 0.3820 -0.7980
vn -0.7995 0.5499 -0.2419
vn -0.9466 0.3149 -0.0691
vn -0.7066 -0.1554 -0.6904
vn -0.7338 -0.2091 -0.6464
vn -0.7792 -0.3231 -0.5370
vn -0.5515 0.0762 -0.8307
vn -0.9280 -0.2977 -0.2238
vn -0.4183 0.5876 -0.6926
vn -0.3520 0.4141 -0.8394
vn -0.6311 -0.6935 -0.3475
vn -0.6048 -0.6382 -0.4764
vn -0.4558 -0.4010 -0.7947
vn -0.6362 -0.7706 0.0391
vn -0.2114 0.3808 -0.9002
vn 0.0685 0.9033 0.4235
vn -0.2565 0.9516 -0.1693
vn 0.3817 0.3848 0.8404
vn -0.4227 0.7142 -0.5580
vn -0.0482 0.8603 0.5075
vn -0.3238 0.8152 0.4802
vn 0.4418 0.7721 0.4569
vn -0.7131 0.6046 0.3548
vn 0.6400 0.4629 -0.6132
vn 0.4934 0.4149 -0.7645
vn 0.8712 0.4823 -0.0915
vn 0.0822 0.2364 -0.9682
vn 0.8877 0.4240 -0.1794
vn 0.8905 0.4246 -0.1636
vn 0.8917 0.4249 -0.1559
vn 0.8842 0.4231 -0.1978
vn 0.6416 0.4421 -0.6268
vn 0.1773 0.6646 0.7259
vn 0.1634 0.6855 0.7095
vn 0.0956 0.7761 0.6234
vn 0.2414 0.5566 0.7949
vn 0.3737 0.7497 -0.5462
vn 0.4082 0.8091 -0.4227
vn 0.3006 0.6192 -0.7254
vn 0.4450 0.8683 -0.2190
vn 0.0848 0.7307 -0.6774
vn -0.0509 0.8292 -0.5567
vn 0.4559 0.2567 -0.8522
vn -0.3794 0.9134 -0.1473
vn 0.6090 0.0906 -0.7880
vn 0.5868 0.0886 -0.8048
vn 0.4055 0.0716 -0.9113
vn 0.7591 0.1030 -0.6428
vn 0.4088 0.5407 -0.7351
vn 0.2824 0.5883 -0.7578
vn 0.8491 0.2230 -0.4790
vn -0.2710 0.6611 -0.6996
vn 0.7191 -0.4345 0.5423
vn 0.6415 -0.3128 0.7005
vn 0.7740 -0.5880 0.2351
vn 0.4555 -0.0881 0.8858
vn 0.5578 0.8277 0.0606
vn 0.4385 0.8784 -0.1901
vn 0.6525 0.6239 0.4302
vn 0.2015 0.8254 -0.5273
vn 0.3011 0.7528 0.5854
vn 0.0194 0.9349 0.3545
vn 0.4866 0.5244 0.6987
vn -0.1765 0.9709 0.1616
vn 0.4129 -0.0829 -0.9070
vn 0.6208 0.0492 -0.7824
vn 0.7752 0.1717 -0.6079
vn 0.2127 -0.1896 -0.9585
vn 0.2881 0.6526 -0.7008
vn 0.2589 0.6674 -0.6982
vn 0.1871 0.7002 -0.6890
vn 0.4045 0.5847 -0.7032
vn -0.2958 0.9054 -0.3047
vn 0.0007 0.6606 -0.7507
vn -0.0628 0.6492 -0.7580
vn -0.2943 0.5831 -0.7572
vn 0.2369 0.6785 -0.6953
vn 0.4404 0.8343 -0.3317
vn 0.6979 0.5737 -0.4286
vn 0.9610 0.0332 -0.2746
vn 0.9295 0.0916 -0.3572
vn 0.9466 -0.2635 0.1858
vn 0.6269 0.3554 -0.6933
vn 0.9847 0.1369 0.1082
vn 0.4107 0.7946 0.4471
vn 0.6256 0.7678 -0.1381
vn 0.6449 0.6810 -0.3469
vn 0.3402 0.8794 0.3330
vn 0.3990 0.0423 -0.9160
vn 0.8525 -0.3011 0.4273
vn 0.8165 -0.5644 0.1218
vn 0.8124 -0.5726 0.1098
vn 0.5714 -0.5739 -0.5867
vn 0.6070 -0.7524 -0.2559
vn -0.0508 -0.4315 -0.9007
vn -0.0777 -0.1318 -0.9882
vn 0.9433 -0.3100 0.1189
vn 0.9420 0.2990 -0.1526
vn 0.1429 0.5256 -0.8387
vn 0.0990 0.4412 -0.8919
vn 0.3147 0.9467 -0.0686
vn 0.1464 0.9575 -0.2484
vn -0.1842 0.8235 -0.5366
vn 0.5454 0.8057 0.2308
vn 0.9046 0.3944 -0.1615
vn 0.6318 0.1175 -0.7662
vn 0.9521 -0.1948 -0.2359
vn 0.9895 -0.0790 -0.1210
vn 0.9205 -0.2555 -0.2956
vn 0.9975 -0.0247 -0.0667
vn -0.1658 -0.9134 -0.3718
vn 0.1462 -0.1819 -0.9724
vn 0.2525 -0.0998 -0.9624
vn 0.3413 -0.0268 -0.9396
vn -0.0280 -0.3054 -0.9518
vn 0.7073 0.0533 -0.7049
vn 0.5551 0.0157 -0.8316
vn 0.8653 -0.3541 -0.3548
vn 0.9702 -0.2417 -0.0138
vn 0.7552 0.5344 0.3796
vn 0.7506 0.5540 0.3600
vn 0.7396 0.5923 0.3195
vn 0.7663 0.4626 0.4458
vn 0.4312 0.8999 0.0647
vn -0.4658 0.4845 0.7405
vn -0.4876 0.4541 0.7457
vn -0.6900 0.0438 0.7225
vn -0.1149 0.8144 0.5688
vn 0.4784 -0.2750 0.8340
vn 0.9916 -0.0997 0.0826
vn 0.3235 -0.2828 0.9030
vn 0.6462 0.3938 0.6537
vn -0.2941 -0.2416 0.9248
vn 0.6521 0.6441 -0.3998
vn 0.8638 0.4762 -0.1648
vn 0.8862 0.4454 -0.1274
vn -0.0546 0.9764 -0.2091
vn 0.9686 0.1150 0.2205
vn 0.4017 0.8519 0.3360
vn 0.7619 0.6467 0.0360
vn 0.9334 0.3451 0.0982
vn 0.6916 0.5091 0.5123
vn 0.6261 0.5818 0.5191
vn 0.5656 0.6393 0.5209
vn 0.7404 0.4457 0.5031
vn 0.9860 -0.1668 0.0021
vn 0.9976 0.0615 0.0320
vn 0.0708 0.6524 0.7546
vn 0.1210 0.6372 0.7612
vn -0.2055 0.7027 0.6812
vn 0.3780 0.5280 0.7605
vn 0.7106 -0.2949 0.6388
vn 0.6082 -0.3399 0.7174
vn 0.1209 -0.4484 0.8856
vn 0.9521 -0.1038 0.2875
vn 0.5628 -0.0610 0.8244
vn 0.3504 0.7405 0.5734
vn 0.4347 0.7884 0.4353
vn 0.3030 0.7065 0.6396
vn 0.8208 0.5685 -0.0553
vn 0.9275 0.3670 -0.0717
vn 0.3138 0.3962 0.8629
vn 0.2195 0.5015 0.8368
vn 0.5071 0.1197 0.8535
vn -0.0284 0.7133 0.7003
vn 0.8837 0.3688 0.2881
vn 0.9310 0.3073 0.1971
vn 0.9676 0.2346 0.0939
vn 0.7588 0.4712 0.4496
vn 0.8879 0.1178 -0.4448
vn 0.9904 0.0284 -0.1349
vn 0.9692 0.1158 0.2173
vn 0.6630 0.2220 0.7149
vn 0.9233 -0.0382 -0.3821
vn 0.9695 -0.2272 0.0920
vn -0.9351 0.3529 0.0323
vn -0.7936 0.5881 0.1562
vn -0.7328 0.5326 -0.4235
vn -0.6389 0.4823 0.5993
vn -0.6649 0.4798 -0.5725
vn 0.9774 0.2098 0.0259
vn 0.9742 0.2031 0.0983
vn 0.9705 0.1991 0.1358
vn 0.9770 0.2129 -0.0120
vn 0.6419 0.4024 -0.6527
vn 0.7216 0.4430 -0.5319
vn 0.9964 -0.0047 0.0845
vn 0.9920 -0.0954 -0.0828
vn 0.0930 -0.0731 -0.9930
vn 0.1491 0.3318 -0.9315
vn 0.6957 0.7027 -0.1491
vn 0.2042 0.7953 -0.5707
vn 0.1852 0.5597 -0.8078
vn 0.5626 0.3527 0.7477
vn 0.6807 0.3466 0.6454
vn 0.0930 0.3122 0.9454
vn 0.9430 0.2658 0.2001
vn 0.1915 0.7204 -0.6666
vn 0.2559 0.8550 -0.4512
vn 0.9812 0.1732 -0.0846
vn 0.8528 0.1650 -0.4955
vn 0.8709 0.1349 0.4726
vn 0.2867 0.0825 -0.9545
vn 0.3422 0.4528 0.8233
vn 0.4852 0.2534 -0.8369
vn 0.5373 0.7278 -0.4261
vn 0.2452 0.9246 -0.2915
vn 0.8659 -0.4771 0.1502
vn 0.9894 0.0334 -0.1410
vn 0.8612 0.0355 -0.5070
vn 0.8578 -0.0819 -0.5074
vn 0.7985 0.3647 -0.4789
vn 0.6045 0.5191 -0.6042
vn 0.4520 -0.4672 0.7599
vn -0.0447 -0.5625 0.8256
vn -0.2387 -0.9597 0.1482
vn -0.2935 -0.9045 0.3094
vn -0.3655 -0.7411 0.5631
vn -0.1333 -0.9834 -0.1234
vn 0.2912 -0.4567 0.8406
vn 0.2647 -0.4325 0.8619
vn 0.4480 -0.5921 0.6699
vn 0.0132 -0.1879 0.9821
vn 0.8009 -0.4093 0.4372
vn -0.5147 0.8399 0.1721
vn -0.4805 0.8671 0.1313
vn -0.7303 0.4630 0.5023
vn -0.0836 0.9609 -0.2638
vn -0.5728 0.3618 0.7355
vn -0.6041 0.3900 0.6950
vn -0.7633 0.5490 0.3405
vn -0.3003 0.1312 0.9448
vn -0.0129 0.8209 -0.5709
vn -0.0416 0.8232 -0.5662
vn -0.3619 0.8379 -0.4086
vn -0.3567 0.8379 -0.4131
vn -0.3653 0.8378 -0.4058
vn -0.3534 0.8380 -0.4158
vn -0.3165 0.8284 0.4622
vn -0.2185 0.8755 0.4310
vn -0.1131 0.9128 0.3925
vn -0.5135 0.6908 0.5090
vn -0.0150 0.9915 0.1296
vn -0.5443 0.7059 0.4533
vn -0.7498 0.0666 0.6583
vn -0.0261 0.7041 0.7097
vn -0.2505 0.9256 0.2838
vn -0.0826 0.9964 -0.0179
vn -0.3804 0.6833 0.6232
vn -0.4457 0.5881 0.6749
vn -0.5217 0.4467 0.7269
vn -0.2929 0.7841 0.5472
vn 0.0220 0.9745 -0.2235
vn -0.1487 0.9821 -0.1153
vn -0.1027 0.2317 -0.9673
vn -0.4282 0.3519 -0.8324
vn -0.0421 0.5427 -0.8389
vn -0.8314 -0.0290 -0.5549
vn 0.2004 0.6109 -0.7659
vn 0.3207 0.8940 -0.3128
vn -0.1747 0.8740 -0.4535
vn -0.2389 0.2586 -0.9360
vn -0.6934 0.2238 -0.6849
vn 0.0407 0.8759 -0.4807
vn 0.1700 0.5502 -0.8175
vn -0.0724 0.9901 -0.1205
vn 0.2485 0.1724 -0.9532
vn 0.3021 0.9445 -0.1290
vn 0.2186 0.9698 -0.1079
vn -0.2438 0.9697 0.0158
vn 0.6695 0.7109 -0.2154
vn 0.1828 -0.5124 -0.8390
vn -0.2017 -0.9462 -0.2530
vn -0.1998 -0.8824 -0.4261
vn -0.2831 -0.8598 -0.4250
vn 0.3841 -0.8549 -0.3488
vn -0.7594 -0.5556 -0.3385
vn -0.1646 -0.7132 -0.6814
vn -0.3511 -0.6355 -0.6877
vn 0.4060 -0.7645 -0.5007
vn -0.8107 -0.2452 -0.5317
vn -0.9068 -0.4145 0.0769
vn -0.8267 -0.0902 -0.5554
vn -0.9388 0.0855 -0.3335
vn -0.3832 -0.4041 -0.8306
vn -0.8759 0.4231 0.2320
vn -0.7495 0.0305 0.6613
vn -0.3518 0.8820 0.3135
vn -0.4620 0.8456 -0.2674
vn -0.2202 0.7988 -0.5599
vn -0.3170 0.7693 0.5547
vn -0.4053 0.7150 0.5696
vn -0.7805 0.3105 0.5425
vn 0.1364 0.9046 0.4038
vn -0.2739 -0.4641 -0.8424
vn -0.4246 -0.4778 -0.7690
vn -0.4144 0.8828 -0.2212
vn -0.3916 0.8903 -0.2323
vn -0.8629 0.4960 0.0968
vn 0.2083 0.8752 -0.4366
vn 0.1365 0.4714 -0.8713
vn -0.6219 0.3512 -0.6999
vn -0.9687 0.0411 -0.2450
vn -0.9815 0.0893 -0.1693
vn -0.8057 -0.1830 -0.5633
vn -0.9240 0.3129 0.2196
vn -0.6533 0.0769 0.7532
vn -0.9290 0.1547 0.3361
vn -0.8004 0.5980 0.0426
vn -0.7084 0.6579 0.2555
vn -0.8454 0.3885 -0.3665
vn -0.4214 0.6654 0.6161
vn -0.7534 0.3874 -0.5314
vn -0.7967 0.3830 -0.4675
vn -0.9454 0.3181 -0.0708
vn -0.4344 0.3686 -0.8218
vn -0.8943 0.2676 0.3586
vn -0.9014 0.2425 0.3587
vn -0.9368 -0.0872 0.3388
vn -0.7412 0.5827 0.3334
vn -0.9329 0.3191 0.1673
vn -0.7695 -0.0367 -0.6376
vn -0.6107 0.1279 -0.7815
vn 0.2519 0.7698 -0.5865
vn 0.2454 0.7549 -0.6081
vn 0.2712 0.8130 -0.5153
vn 0.2223 0.7008 -0.6778
vn 0.8768 0.4267 0.2215
vn 0.8677 0.4354 0.2400
vn 0.4745 0.5766 0.6651
vn 0.9568 0.1572 -0.2446
vn -0.1350 0.9015 0.4111
vn -0.0335 0.8933 0.4481
vn -0.5983 0.7847 0.1623
vn 0.4574 0.7004 0.5480
vn -0.1105 0.9561 0.2715
vn -0.0565 0.5423 0.8383
vn 0.3413 0.7642 -0.5473
vn -0.2798 0.5985 -0.7507
vn -0.3250 0.3872 -0.8628
vn 0.3653 0.7762 0.5139
vn 0.3879 0.8013 0.4556
vn 0.1575 0.4954 0.8542
vn 0.4942 0.8692 -0.0168
vn 0.3602 0.5196 0.7748
vn -0.2654 0.1695 0.9491
vn 0.7961 -0.3715 0.4778
vn 0.7262 -0.3450 0.5947
vn 0.3492 -0.1905 0.9175
vn 0.9131 -0.4062 0.0362
vn 0.7166 0.1093 0.6889
vn 0.1234 0.0814 0.9890
vn 0.9891 0.0908 0.1162
vn 0.2588 0.5022 0.8251
vn 0.2726 0.4776 0.8352
vn 0.3126 0.4007 0.8612
vn 0.1816 0.6258 0.7586
vn 0.6474 -0.0142 0.7620
vn 0.2306 0.8448 -0.4828
vn 0.0287 0.9954 0.0915
vn 0.2901 0.3022 0.9080
vn 0.8202 0.4981 0.2816
vn 0.9533 0.2736 0.1278
vn 0.5919 0.1483 0.7922
vn 0.4811 0.1925 0.8553
vn 0.4142 0.2160 0.8842
vn 0.6500 0.1220 0.7501
vn 0.9726 0.0011 -0.2323
vn 0.9837 0.1796 -0.0029
vn -0.1801 0.9368 -0.2998
vn 0.2748 0.9307 -0.2413
vn 0.2989 0.9302 -0.2131
vn 0.5621 0.8106 0.1642
vn 0.1067 0.9017 -0.4189
vn 0.5189 0.4932 0.6982
vn 0.6421 0.3575 0.6782
vn -0.0268 0.8138 0.5805
vn 0.8692 -0.1093 0.4823
vn 0.3252 -0.4460 -0.8339
vn 0.3546 -0.5577 -0.7505
vn 0.3960 -0.7883 -0.4710
vn 0.2279 -0.1420 -0.9633
vn 0.6206 -0.7078 0.3376
vn 0.6488 -0.6544 0.3883
vn 0.7207 -0.1171 0.6833
vn 0.3075 -0.9482 -0.0798
vn 0.4835 -0.8512 0.2041
vn 0.4706 -0.8149 0.3383
vn 0.4551 -0.7775 0.4340
vn 0.4870 -0.8672 0.1036
vn 0.5398 -0.5918 -0.5986
vn 0.6015 -0.6345 -0.4854
vn -0.3380 0.7348 0.5881
vn -0.2431 0.9105 -0.3345
vn -0.2433 0.9105 -0.3343
vn -0.2367 0.9081 -0.3454
vn -0.2475 0.9120 -0.3271
vn -0.1474 0.8354 0.5295
vn -0.1463 0.8348 0.5307
vn -0.1307 0.8270 0.5468
vn -0.1719 0.8468 0.5033
vn 0.4241 0.5400 0.7270
vn 0.9714 0.1674 0.1682
vn 0.5651 0.7900 0.2378
vn 0.2494 0.7677 -0.5902
vn 0.1572 0.9685 0.1930
vn 0.7900 0.0875 -0.6068
vn 0.8205 -0.0228 -0.5712
vn 0.8353 -0.1034 -0.5400
vn 0.7612 0.1658 -0.6270
vn 0.2240 0.9382 -0.2637
vn 0.4831 0.8361 -0.2599
vn 0.9890 -0.1359 -0.0589
vn 0.9892 -0.1114 -0.0951
vn 0.9854 -0.0700 -0.1552
vn 0.9768 -0.2082 0.0510
vn 0.8407 0.3636 -0.4013
vn 0.9321 -0.3558 0.0680
vn 0.8859 -0.4388 0.1507
vn 0.8608 -0.4734 0.1867
vn 0.9475 -0.3183 0.0320
vn 0.9891 0.0369 -0.1427
vn 0.9918 0.0198 -0.1263
vn 0.2946 0.9279 0.2287
vn 0.5757 0.8167 0.0387
vn -0.1227 0.8947 0.4295
vn 0.8224 0.5305 -0.2053
vn 0.9976 0.0187 0.0666
vn 0.7500 -0.0321 0.6606
vn 0.9991 0.0123 -0.0413
vn 0.0667 0.8825 0.4656
vn 0.6263 0.7582 0.1811
vn -0.5064 0.6557 0.5600
vn 0.8616 0.5050 -0.0505
vn 0.6478 -0.5831 0.4903
vn 0.6079 -0.5304 0.5908
vn 0.3429 -0.2245 0.9121
vn 0.7098 -0.7034 0.0381
vn 0.8103 -0.5598 -0.1735
vn 0.9058 -0.2975 0.3016
vn 0.1012 0.5945 0.7977
vn 0.3276 0.6247 0.7088
vn -0.3687 0.4242 0.8271
vn 0.7279 0.5650 0.3885
vn 0.9408 -0.0612 0.3335
vn -0.8447 0.2023 0.4955
vn -0.8984 0.2912 0.3287
vn -0.9119 0.3296 0.2447
vn -0.8081 0.1577 0.5675
vn 0.0242 -0.1310 0.9911
vn -0.2080 0.0608 0.9762
vn 0.3528 -0.0436 0.9347
vn -0.2017 0.2325 0.9515
vn 0.0221 0.9712 -0.2372
vn -0.3441 0.9350 -0.0862
vn 0.2627 -0.0724 0.9621
vn 0.0977 0.3815 0.9192
vn 0.1986 0.1698 0.9652
vn 0.5176 0.6951 0.4989
vn 0.6501 0.6454 0.4010
vn -0.4571 -0.1156 0.8819
vn -0.4327 -0.2161 0.8752
vn -0.3179 -0.5325 0.7844
vn -0.5032 0.2620 0.8235
vn 0.5568 -0.5275 0.6417
vn 0.4017 -0.5920 0.6987
vn 0.2838 -0.6265 0.7259
vn 0.6509 -0.4750 0.5922
vn 0.9549 0.1862 0.2314
vn 0.9063 0.0786 0.4152
vn 0.5594 0.8254 -0.0757
vn 0.0985 0.9765 0.1919
vn -0.3579 0.3580 0.8624
vn -0.3004 0.3018 0.9048
vn -0.2281 0.2310 0.9459
vn -0.4743 0.4716 0.7434
vn 0.1932 0.0868 0.9773
vn 0.5260 0.8390 -0.1391
vn 0.2790 0.9090 -0.3097
vn 0.3831 -0.1849 0.9050
vn 0.3340 0.9353 -0.1170
vn -0.3784 0.8303 0.4091
vn 0.8477 0.3826 0.3674
vn 0.8524 0.3734 0.3661
vn 0.8094 0.4512 0.3760
vn 0.8634 0.3506 0.3627
vn -0.2205 -0.1288 0.9669
vn 0.4194 0.1341 0.8978
vn 0.5381 -0.0503 0.8413
vn -0.4228 0.0754 0.9031
vn -0.3251 0.1385 0.9355
vn -0.3188 0.7346 0.5990
vn 0.4348 -0.0268 0.9001
vn 0.4324 -0.0258 0.9013
vn 0.4501 -0.0335 0.8923
vn 0.4181 -0.0196 0.9082
vn 0.4086 0.3552 -0.8407
vn 0.3164 0.5053 -0.8029
vn -0.1329 0.8752 0.4651
vn -0.3375 0.8086 0.4820
vn -0.1155 0.8790 0.4627
vn 0.6036 0.1186 -0.7884
vn 0.1326 0.9010 0.4131
vn 0.4480 0.6647 0.5978
vn 0.2357 0.7753 0.5859
vn -0.1539 0.8591 0.4881
vn 0.7241 0.4186 0.5481
vn 0.7582 -0.2201 0.6137
vn 0.7723 -0.2079 0.6003
vn 0.7835 -0.1979 0.5891
vn 0.9004 0.2007 0.3860
vn 0.7963 -0.1860 0.5756
vn 0.3793 0.6884 0.6182
vn 0.3340 0.6904 0.6417
vn 0.4425 0.6824 0.5818
vn 0.2820 0.6905 0.6661
vn 0.8449 0.5237 0.1085
vn 0.2380 0.9465 -0.2179
vn 0.2714 0.8423 0.4656
vn 0.2778 0.8308 0.4822
vn 0.2624 0.8576 0.4423
vn 0.3054 0.7730 0.5560
vn 0.5185 -0.5401 0.6629
vn 0.0007 0.0774 0.9970
vn 0.7573 0.5969 -0.2650
vn 0.8630 0.1600 0.4792
vn 0.9903 0.0370 -0.1339
vn 0.9869 0.0562 0.1512
vn 0.5087 -0.0346 -0.8603
vn 0.9228 0.0687 0.3791
vn 0.6595 -0.6303 0.4097
vn 0.9985 0.0288 -0.0455
vn 0.9612 0.0221 -0.2751
vt 0.650085 0.065210
vt 0.646457 0.122599
vt 0.645431 0.065108
vt 0.770542 0.441242
vt 0.779726 0.453871
vt 0.767171 0.441348
vt 0.779627 0.441264
vt 0.003906 0.503906
vt 0.992730 0.998096
vt 0.003906 0.989452
vt 0.953070 0.503906
vt 0.003906 0.518838
vt 0.972497 0.996094
vt 0.003906 0.996094
vt 0.994551 0.511248
vt 0.986017 0.750000
vt 0.003906 0.977207
vt 0.958634 0.503906
vt 0.955666 0.996094
vt 0.003906 0.502628
vt 0.500000 0.996094
vt 0.500000 0.502263
vt 0.996094 0.996094
vt 0.996094 0.503216
vt 0.500000 0.503906
vt 0.081041 0.988475
vt 0.996094 0.984190
vt 0.996094 0.503906
vt -0.002967 0.503906
vt 0.996094 0.975669
vt 0.003093 0.993712
vt 0.985463 0.978318
vt 0.003906 0.975597
vt 0.978499 0.503906
vt 0.995890 0.983002
vt 0.006787 0.964548
vt 0.981762 0.993124
vt 0.003906 0.987459
vt 0.949847 0.989359
vt 0.003906 0.995132
vt 0.918385 0.503906
vt -0.006274 0.500727
vt -0.004793 0.996094
vt 0.996094 0.500489
vt 0.045292 0.503906
vt 0.996094 0.527738
vt 0.004856 0.977677
vt 0.500000 1.000017
vt 0.003906 0.996780
vt 0.996094 0.997237
vt 0.009278 0.504181
vt 0.037250 0.996094
vt 0.996094 0.504495
vt -0.002914 0.503906
vt 0.996094 0.971126
vt 0.003632 0.989564
vt 0.049988 0.503906
vt 0.996094 0.991820
vt 0.006911 0.995405
vt 0.004719 0.518347
vt 0.992984 0.510669
vt 0.045796 0.503906
vt 0.996094 0.984501
vt 0.005377 0.988902
vt 0.039849 0.992790
vt 0.996094 0.989318
vt 0.003906 0.504361
vt 0.500000 0.501599
vt 0.996094 0.504041
vt 0.049270 0.503906
vt 0.996094 0.517641
vt 0.014314 0.750000
vt 0.042534 0.996094
vt 0.995849 0.983146
vt 0.006949 0.962855
vt 0.914373 0.989477
vt 0.003906 0.994959
vt 0.927954 0.503906
vt 0.064713 0.503906
vt 0.996094 0.980897
vt 0.049933 0.990543
vt 0.013416 0.503906
vt 0.996094 0.962655
vt 0.006101 0.992468
vt 0.500000 0.998734
vt 0.003906 0.997188
vt 0.996094 0.997618
vt 0.036011 0.993590
vt 0.996094 0.988440
vt 0.003906 0.502546
vt 0.500000 0.503132
vt 0.996094 0.503793
vt 0.045401 0.503906
vt 0.996094 0.979026
vt 0.013322 0.959966
vt 0.004034 0.516026
vt 0.993863 0.526851
vt 0.979401 0.994526
vt 0.003906 0.994167
vt 0.995976 0.979576
vt 0.005123 0.975326
vt 0.952513 0.503906
vt 0.979431 0.993100
vt 0.003906 0.992234
vt 0.002754 0.506998
vt -0.002330 0.996094
vt 0.996094 0.517778
vt 0.987855 0.991733
vt 0.003906 0.991483
vt 0.940056 0.503906
vt 0.029265 0.503906
vt 0.996094 0.977125
vt 0.008301 0.969583
vt 0.988799 0.995485
vt 0.003906 0.989467
vt 0.942921 0.503906
vt 0.049127 0.503906
vt 0.996094 0.975329
vt 0.029461 0.946885
vt 0.500000 1.000171
vt 0.003906 0.996525
vt 0.996094 0.996531
vt 0.003906 0.503159
vt 0.500000 0.503352
vt 0.996094 0.503695
vt 0.061760 0.503906
vt 0.996094 0.992400
vt 0.013766 0.995595
vt 0.004315 0.518738
vt 0.953388 0.996094
vt 0.994115 0.505849
vt 0.003906 0.522116
vt 0.963761 0.996094
vt 0.981417 0.533525
vt 0.063485 0.503906
vt 0.996094 0.994985
vt 0.015506 0.995791
vt 0.994057 0.994430
vt 0.003906 0.986632
vt 0.972068 0.503906
vt 1.002905 0.750000
vt 0.003906 0.945581
vt 0.999109 0.503906
vt 0.999230 0.996094
vt 0.500000 0.998566
vt 0.003906 0.997195
vt 0.996094 0.996483
vt 0.034609 0.503906
vt 0.996094 0.980442
vt 0.005734 0.988962
vt 0.052764 0.503906
vt 0.996094 0.981683
vt 0.037461 0.993322
vt 0.995950 0.981435
vt 0.005746 0.974828
vt 0.925171 0.503906
vt 0.961169 0.996095
vt 0.003906 0.997406
vt 0.915536 0.503906
vt 0.087979 0.503906
vt 0.500000 0.999004
vt 0.003906 0.996244
vt 0.996094 0.996750
vt 0.010464 0.517865
vt 0.020011 0.996094
vt 0.996094 0.524138
vt 0.060701 0.988394
vt 0.996094 0.982678
vt 0.500000 0.998762
vt 0.003906 0.996802
vt 0.996094 0.996547
vt 0.028567 0.503906
vt 0.996094 0.513018
vt 0.014820 0.750000
vt 0.995819 0.979760
vt 0.008614 0.984192
vt 0.935336 0.503906
vt 0.045500 0.990536
vt 0.996094 0.987002
vt 0.005139 0.512894
vt 0.012485 0.996094
vt 0.996094 0.519496
vt 0.975623 0.976042
vt 0.003906 0.980520
vt 0.968235 0.503906
vt 0.022582 0.993933
vt 0.996094 0.990232
vt 0.008296 0.515381
vt 0.011369 0.996094
vt 0.996094 0.527542
vt 0.043262 0.503906
vt 0.996094 0.989968
vt 0.007096 0.995324
vt 0.027848 0.506238
vt 0.996094 0.506667
vt 0.003594 0.503906
vt 0.996094 0.968997
vt 0.003762 0.991890
vt 0.028382 0.503906
vt 0.996094 0.515985
vt 0.013384 0.750000
vt 0.059422 0.996094
vt 0.004075 0.508497
vt 0.003049 0.996094
vt 0.996094 0.514766
vt 0.009693 0.996255
vt 0.996094 0.995887
vt 0.972169 0.988455
vt 0.003906 0.986303
vt 0.930876 0.503906
vt 0.500000 0.998151
vt 0.003906 0.996702
vt 0.996094 0.996995
vt 0.003906 0.510798
vt 0.911454 0.507847
vt 0.095239 0.996094
vt 0.996094 0.518610
vt 0.004443 0.521817
vt 0.045438 0.996094
vt 0.996219 0.985853
vt 0.023226 0.994408
vt 0.021799 0.505549
vt 0.996094 0.505736
vt 0.968352 0.978522
vt 0.003906 0.984750
vt 0.950164 0.503906
vt 0.001349 0.503906
vt 0.996094 0.750000
vt -0.001226 0.750000
vt 0.001901 0.996094
vt 0.995400 0.981460
vt 0.026666 0.987658
vt 0.039886 0.503906
vt 0.988234 0.750000
vt 0.009958 0.994483
vt 0.995278 0.981678
vt 0.027271 0.986035
vt 0.052979 0.994094
vt 0.996094 0.991382
vt 0.984968 0.989970
vt 0.003906 0.990027
vt 0.995865 0.983386
vt 0.006950 0.967648
vt 0.093091 0.503906
vt 0.996326 0.990821
vt 0.016475 0.995430
vt 0.500000 0.998020
vt 0.003906 0.995859
vt 0.996094 0.995606
vt 0.056852 0.503906
vt 0.996094 0.989304
vt 0.011553 0.995360
vt 0.036825 0.994128
vt 0.996094 0.991928
vt 0.010026 0.994490
vt 0.996094 0.987921
vt 0.037967 0.503906
vt 0.996094 0.989479
vt 0.009443 0.994574
vt 0.004622 0.503906
vt 0.996094 0.965823
vt 0.003767 0.995594
vt 0.007975 0.993298
vt 0.996094 0.985670
vt 0.977820 0.992155
vt 0.003906 0.990661
vt 0.973720 0.970964
vt 0.003906 0.981770
vt 0.500000 0.998635
vt 0.003906 0.996148
vt 0.996094 0.995829
vt 0.006747 0.508213
vt 0.019479 0.996094
vt 0.996094 0.520364
vt 0.967288 0.992885
vt 0.003906 0.993184
vt 0.004511 0.503906
vt 0.996094 0.974469
vt 0.003894 0.990744
vt 0.041850 0.503906
vt 0.996094 0.992364
vt 0.009937 0.995812
vt 0.005248 0.514394
vt 0.010986 0.996094
vt 0.996094 0.523238
vt 0.995820 0.983413
vt 0.007427 0.981344
vt 0.009921 0.515634
vt 0.018022 0.996094
vt 0.996094 0.523233
vt 0.003906 0.951799
vt 0.995322 0.522855
vt 0.060638 0.503906
vt 0.995879 0.982545
vt 0.006293 0.992215
vt 0.002150 0.503906
vt 0.003627 0.750000
vt 0.003877 0.996094
vt 0.984869 0.981393
vt 0.003906 0.986637
vt 0.032205 0.993399
vt 0.996094 0.988521
vt 0.995958 0.985435
vt 0.006656 0.977962
vt 0.979074 0.995157
vt 0.003906 0.994935
vt 0.964827 0.984768
vt 0.003906 0.993760
vt 0.995465 0.982353
vt 0.017501 0.988972
vt 0.019067 0.503906
vt 0.996094 0.985769
vt 0.004962 0.994961
vt 0.022476 0.503906
vt 0.996094 0.979210
vt 0.005221 0.991446
vt 0.003906 0.520099
vt 0.943241 0.996094
vt 0.985633 0.526407
vt 0.984931 0.979750
vt 0.003906 0.986650
vt 0.947166 0.503906
vt 0.995854 0.982247
vt 0.006876 0.979041
vt 0.500000 0.999901
vt 0.003906 0.996734
vt 0.996094 0.996962
vt 0.989168 0.995500
vt 0.003906 0.992486
vt 0.935153 0.503906
vt 0.995926 0.982565
vt 0.006533 0.961352
vt 0.003906 0.506290
vt 0.987911 0.504349
vt 0.995914 0.975050
vt 0.006423 0.963841
vt 0.995984 0.979581
vt 0.006046 0.971741
vt 0.949444 0.503906
vt 0.078256 0.503906
vt 0.996094 0.989967
vt 0.012108 0.994723
vt 0.003906 0.502280
vt 0.500000 0.503451
vt 0.996094 0.503928
vt 0.998690 0.998600
vt 0.003906 0.992801
vt 1.001436 0.503906
vt 0.500000 1.000029
vt 0.003906 0.995055
vt 0.996094 0.994929
vt 0.029167 0.503906
vt 0.996094 0.525187
vt 0.020647 0.951374
vt 0.035566 0.503906
vt 0.996094 0.973734
vt 0.009313 0.993656
vt 0.019048 0.515097
vt 0.043457 0.996094
vt 0.996094 0.506438
vt 0.065578 0.503906
vt 0.996094 0.991870
vt 0.012855 0.995564
vt 0.028498 0.529533
vt 0.996094 0.515006
vt 0.975663 0.995799
vt 0.003906 0.995820
vt 0.900991 0.503906
vt 0.979217 0.987889
vt 0.003906 0.987221
vt 0.943827 0.503906
vt 0.016853 0.503906
vt 0.996094 0.988510
vt 0.005403 0.993379
vt 0.056292 0.503906
vt 0.995796 0.981067
vt 0.007634 0.993870
vt 0.980146 0.985829
vt 0.003906 0.986009
vt 0.936585 0.503906
vt 0.995960 0.981906
vt 0.005362 0.981575
vt 0.928798 0.503906
vt 0.003906 0.502494
vt 0.986538 0.996094
vt 1.009410 0.503365
vt 0.500000 0.999966
vt 0.003906 0.996956
vt 0.996094 0.997285
vt 0.003906 0.529655
vt 0.500000 0.987234
vt 0.996094 0.977305
vt 0.003906 0.503656
vt 0.500000 0.500842
vt 0.996094 0.503609
vt 0.080973 0.503906
vt 0.996307 0.987883
vt 0.009794 0.994635
vt 0.003906 0.520265
vt 0.965354 0.996094
vt 0.988197 0.540574
vt 0.015855 0.517727
vt 0.045460 0.996094
vt 0.996094 0.516532
vt 0.995789 0.981010
vt 0.007924 0.984167
vt 0.003906 0.956803
vt 0.995259 0.521310
vt 0.052086 0.992857
vt 0.996094 0.987623
vt 0.009082 0.503391
vt 0.031066 0.996094
vt 0.996094 0.500934
vt 0.003906 0.981535
vt 0.995230 0.521009
vt 0.949514 0.996094
vt 0.995916 0.974336
vt 0.005276 0.957772
vt 0.947853 0.503906
vt 0.003906 0.604217
vt 0.500000 0.511295
vt 0.996094 0.964290
vt 0.003906 0.537356
vt 0.500000 0.988045
vt 0.996094 0.925888
vt 0.003906 0.525322
vt 0.960074 0.503906
vt 0.983336 0.750000
vt 0.946251 0.996094
vt 0.000077 0.503906
vt 0.996094 0.983878
vt 0.001668 0.999665
vt 0.031368 0.994367
vt 0.996094 0.991933
vt 0.995173 0.522606
vt 0.003906 0.975703
vt 0.953589 0.996094
vt 0.054781 0.991745
vt 0.996094 0.989011
vt 0.990055 0.995023
vt 0.003906 0.990301
vt 0.004179 0.522584
vt 0.000264 0.996094
vt 0.996094 0.528471
vt 0.972335 0.994770
vt 0.003906 0.994762
vt 0.061822 0.503906
vt 0.996094 0.981599
vt 0.062074 0.991717
vt 0.043614 0.512747
vt 0.996094 0.512840
vt 0.026319 0.503906
vt 0.996094 0.984789
vt 0.005448 0.994138
vt 0.500000 0.988803
vt 0.003906 0.986359
vt 0.996094 0.980465
vt 0.962662 0.986531
vt 0.003906 0.993287
vt 0.919416 0.503906
vt 0.004405 0.515397
vt 0.959297 0.996094
vt 0.992109 0.506362
vt 0.040201 0.503906
vt 0.996094 0.991972
vt 0.038906 0.987257
vt 0.040511 0.503906
vt 0.996094 0.974589
vt 0.010319 0.993947
vt 0.003272 0.503906
vt 0.003741 0.750000
vt 0.003870 0.996094
vt 0.037553 0.503906
vt 0.977639 0.750000
vt 0.023583 0.994035
vt 0.995712 0.981641
vt 0.011290 0.985944
vt 0.016313 0.995485
vt 0.996094 0.993120
vt 0.500000 0.999158
vt 0.003906 0.996072
vt 0.996094 0.995776
vt -0.003467 0.502383
vt 0.016312 0.996094
vt 0.996094 0.500729
vt 0.995847 0.981441
vt 0.007346 0.976976
vt 0.929518 0.503906
vt 0.008269 0.519494
vt 0.008538 0.996094
vt 0.996094 0.546262
vt 0.003927 0.512400
vt 0.001012 0.996094
vt 0.996094 0.519003
vt 0.066602 0.989635
vt 0.996094 0.984767
vt 0.056623 0.503906
vt 0.996025 0.989508
vt 0.002818 0.994400
vt 0.010102 0.514001
vt 0.026236 0.996094
vt 0.996094 0.519081
vt 0.943973 0.990800
vt 0.003906 0.990904
vt 0.996094 0.521053
vt 0.004813 0.516258
vt 0.060150 0.991157
vt 0.996094 0.988852
vt 0.500000 1.000973
vt 0.003906 0.996072
vt 0.996094 0.995804
vt 0.058284 0.503906
vt 0.996040 0.984266
vt 0.005470 0.995531
vt 0.018466 0.994504
vt 0.996094 0.987037
vt 0.500000 0.511691
vt 0.996094 0.967286
vt 0.003906 0.521570
vt 0.032761 0.994084
vt 0.996094 0.991161
vt 0.042201 0.993634
vt 0.996094 0.990181
vt 0.003906 0.546044
vt 0.500000 0.988010
vt 0.996094 0.956280
vt 0.055468 0.994164
vt 0.996094 0.991743
vt 0.057583 0.503906
vt 0.996094 0.987570
vt 0.011289 0.995013
vt 0.500000 1.000433
vt 0.003906 0.996236
vt 0.996094 0.995877
vt 0.026461 0.994461
vt 0.996094 0.990240
vt 0.500000 0.996885
vt 0.003906 0.996895
vt 0.996094 0.996334
vt 0.003906 0.508227
vt 0.968075 0.996094
vt 0.976987 0.514481
vt 0.991711 0.997074
vt 0.003906 0.989952
vt 0.951762 0.503906
vt 0.975102 0.750000
vt 0.003906 0.978365
vt 0.993965 0.995057
vt 0.003906 0.986824
vt 0.968964 0.503906
vt 0.996040 0.980217
vt 0.004875 0.976417
vt 0.957753 0.503906
vt 0.003906 0.502197
vt 0.971678 0.996094
vt 0.999465 0.503400
vt 0.009505 0.503906
vt 0.996094 0.972756
vt 0.004446 0.990805
vt 0.027482 0.503906
vt 0.996094 0.518689
vt 0.005019 0.968100
vt 0.995607 0.978190
vt 0.025237 0.998164
vt 0.954303 0.503906
vt 0.995973 0.981573
vt 0.007063 0.969412
vt 0.928570 0.503906
vt 0.973455 0.965906
vt 0.003906 0.983225
vt 0.947724 0.503906
vt 0.004037 0.517559
vt -0.001256 0.996094
vt 0.996094 0.525852
vt -0.000919 0.503906
vt 0.996094 0.973529
vt 0.004037 0.987438
vt 0.054085 0.503906
vt 0.996094 0.973902
vt 0.016607 0.750000
vt 0.030091 0.996094
vt 0.003764 0.513577
vt 0.942605 0.996094
vt 0.992540 0.504972
vt 0.500000 1.002384
vt 0.003906 0.996122
vt 0.996094 0.994949
vt 0.057405 0.503906
vt 0.995068 0.525654
vt 0.003906 0.986195
vt 0.957417 0.996094
vt 0.061071 0.992978
vt 0.996094 0.991070
vt 0.016002 0.503906
vt 0.996094 0.965480
vt 0.007844 0.975306
vt 0.985270 0.750000
vt 0.003906 0.986860
vt 0.975131 0.996094
vt 0.003906 0.530481
vt 0.500000 0.989040
vt 0.996094 0.978335
vt 0.981334 0.750000
vt 0.003906 0.985541
vt 0.956634 0.996094
vt 0.025187 0.750000
vt 0.996094 0.524165
vt 0.500000 0.997250
vt 0.003906 0.996951
vt 0.996094 0.996031
vt -0.003377 0.503906
vt 0.996094 0.984111
vt 0.002136 0.997665
vt 0.057200 0.503906
vt 0.996094 0.990564
vt 0.013270 0.995495
vt 0.500000 0.998276
vt 0.003906 0.994240
vt 0.996094 0.994111
vt 0.003906 0.502372
vt 0.500000 0.504249
vt 0.996094 0.503879
vt 0.987767 0.989915
vt 0.003906 0.991601
vt 0.954175 0.503906
vt 0.068792 0.503906
vt 0.996094 0.979993
vt 0.021859 0.963601
vt 0.003906 0.551905
vt 0.500000 0.987601
vt 0.996094 0.957263
vt 0.965276 0.991623
vt 0.003906 0.992248
vt 0.500000 0.996760
vt 0.003906 0.997379
vt 0.915486 0.503906
vt 0.996094 0.996012
vt 0.055257 0.503906
vt 0.996094 0.993687
vt 0.011410 0.995729
vt 0.500000 0.996825
vt 0.003906 0.997058
vt 0.996094 0.996206
vt 0.003906 0.503555
vt 0.500000 0.503861
vt 0.996094 0.503903
vt 0.050458 0.503906
vt 0.996094 0.519225
vt 0.016302 0.750000
vt 0.048759 0.996094
vt 0.003847 0.503906
vt 0.996094 0.527453
vt 0.005057 0.750000
vt -0.001314 0.996094
vt 0.500000 1.001092
vt 0.003906 0.995489
vt 0.996094 0.995059
vt -0.018209 0.503265
vt -0.003031 0.996094
vt 0.996094 0.502881
vt 0.018714 0.503906
vt 0.996094 0.962459
vt 0.007460 0.973003
vt 0.003906 0.503305
vt 0.500000 0.503051
vt 0.996094 0.503198
vt 0.954519 0.988688
vt 0.003906 0.989446
vt 0.038507 0.503906
vt 0.996094 0.968616
vt 0.023865 0.941308
vt 0.995965 0.984163
vt 0.003906 0.979264
vt 0.997128 0.503906
vt 0.070130 0.503906
vt 0.996094 0.992142
vt 0.002489 0.995597
vt 0.500000 0.999588
vt 0.003906 0.993477
vt 0.996094 0.993361
vt 0.988702 0.991642
vt 0.003906 0.989318
vt 0.022359 0.503906
vt 0.996094 0.980028
vt 0.005256 0.993419
vt 0.996103 0.985017
vt 0.008555 0.986439
vt 0.500000 0.987631
vt 0.003906 0.985115
vt 0.996094 0.977856
vt 0.049514 0.993298
vt 0.996094 0.989827
vt 0.995940 0.983711
vt 0.006236 0.968197
vt 0.996009 0.978038
vt 0.005074 0.968465
vt 0.955324 0.503906
vt 0.004636 0.517174
vt 0.989957 0.510781
vt 0.030830 0.503906
vt 0.996094 0.986289
vt 0.013033 0.994427
vt 0.995644 0.983574
vt 0.006366 0.993763
vt 0.052214 0.503906
vt 0.996094 0.986007
vt 0.010983 0.994965
vt 0.050355 0.503906
vt 0.996094 0.977066
vt 0.012296 0.991715
vt 0.003906 0.518770
vt 0.950899 0.996094
vt 0.972450 0.529458
vt 0.995111 0.523940
vt 0.003906 0.975872
vt 0.954780 0.996094
vt 0.004685 0.514977
vt 0.996321 0.510892
vt 0.054319 0.503906
vt 0.995891 0.986466
vt 0.003357 0.994323
vt 0.004670 0.519690
vt 0.957762 0.996094
vt 0.985059 0.505835
vt 0.971754 0.973875
vt 0.003906 0.980564
vt 0.951890 0.503906
vt 0.003906 0.525845
vt 0.500000 0.989033
vt 0.996094 0.882242
vt 0.003906 0.526915
vt 0.954386 0.996094
vt 0.979894 0.550140
vt 0.003906 0.951072
vt 0.942740 0.503906
vt 0.994975 0.980703
vt 0.973204 0.559584
vt 0.003906 0.973348
vt 0.966920 0.996094
vt 0.500000 0.997323
vt 0.003906 0.997471
vt 0.889238 0.503906
vt 0.996094 0.996431
vt 0.500000 0.999659
vt 0.003906 0.993226
vt 0.996094 0.992217
vt 0.062471 0.991255
vt 0.996094 0.987698
vt 0.978920 0.970396
vt 0.003906 0.981859
vt 0.959069 0.503906
vt 0.065264 0.992092
vt 0.996094 0.988156
vt 0.995911 0.984039
vt 0.006006 0.980333
vt 0.979926 0.547168
vt 0.003906 0.978276
vt 0.974863 0.996094
vt 0.976932 0.994965
vt 0.003906 0.994483
vt 0.912398 0.503906
vt 0.047314 0.503906
vt 0.996094 0.523006
vt 0.014662 0.750000
vt 0.041360 0.996094
vt 0.010976 0.520792
vt 0.016867 0.996094
vt 0.996094 0.529564
vt 0.993116 0.996763
vt 0.003906 0.987806
vt 0.957203 0.503906
vt 0.996256 0.990837
vt 0.027949 0.995983
vt 0.003903 0.515498
vt 0.938535 0.996094
vt 0.993844 0.505219
vt 0.057775 0.503906
vt 0.995472 0.985250
vt 0.003388 0.992383
vt 0.989128 0.991550
vt 0.003906 0.987588
vt 0.944855 0.503906
vt 0.069922 0.503906
vt 0.996151 0.985771
vt 0.006651 0.994056
vt 0.985964 0.991846
vt 0.003906 0.986966
vt 0.930010 0.503906
vt 0.002030 0.505131
vt 0.006903 0.996094
vt 0.996094 0.508089
vt 0.027785 0.538211
vt 0.031812 0.996094
vt 0.996094 0.522757
vt 0.004994 0.510074
vt 0.008470 0.996094
vt 0.996094 0.523998
vt 0.969454 0.996400
vt 0.003906 0.996747
vt 0.895397 0.503906
vt 0.964247 0.991445
vt 0.003906 0.990673
vt 0.060418 0.503906
vt 0.996125 0.987669
vt 0.004646 0.994467
vt 0.016749 0.503906
vt 0.996094 0.988418
vt 0.005260 0.994277
vt 0.990243 0.989772
vt 0.003906 0.983915
vt 0.967806 0.503906
vt 0.004736 0.985927
vt 0.996094 0.974797
vt 0.002717 0.503906
vt 0.996094 0.954559
vt -0.005706 0.750000
vt 0.002594 0.996094
vt 0.000067 0.503906
vt 0.996094 0.972379
vt 0.004096 0.987439
vt 0.065510 0.503906
vt 0.996094 0.986741
vt 0.006940 0.987504
vt 0.046427 0.503906
vt 0.996094 0.517585
vt 0.005030 0.972905
vt 0.947571 0.996094
vt 0.972663 0.993602
vt 0.003906 0.993036
vt 0.905354 0.503906
vt 0.027716 0.503906
vt 0.996094 0.978066
vt 0.006853 0.981965
vt 0.034334 0.503906
vt 0.974625 0.750000
vt 0.014214 0.993324
vt 0.975522 0.994277
vt 0.003906 0.994142
vt 0.006574 0.994916
vt 0.996094 0.991222
vt 0.995902 0.979884
vt 0.005516 0.975122
vt 0.022929 0.504483
vt 0.056502 0.996094
vt 0.996094 0.505365
vt 0.003906 0.524538
vt 0.963264 0.503906
vt 0.983768 0.750000
vt 0.946058 0.996094
vt 0.052527 0.503906
vt 0.996094 0.973237
vt 0.004770 0.979987
vt 0.068280 0.992511
vt 0.996094 0.990281
vt 0.500000 0.999736
vt 0.003906 0.994953
vt 0.996094 0.993223
vt 0.020817 0.509433
vt 0.061111 0.996094
vt 0.996094 0.511436
vt 0.965233 0.982273
vt 0.003906 0.992051
vt 0.948416 0.503906
vt 0.007196 0.992687
vt 0.996094 0.984464
vt 0.026579 0.994053
vt 0.996094 0.987344
vt -0.003174 0.503222
vt 0.011890 0.996094
vt 0.996094 0.504531
vt 0.960275 0.991680
vt 0.003906 0.992154
vt 0.500000 0.997289
vt 0.003906 0.996846
vt 0.916116 0.503906
vt 0.996094 0.995907
vt 0.002676 0.503906
vt 0.996094 0.548154
vt 0.001092 0.750000
vt 0.000442 0.996094
vt 0.500000 0.999631
vt 0.003906 0.996725
vt 0.996094 0.997213
vt -0.003607 0.503906
vt 0.996094 0.981509
vt 0.002750 0.995845
vt 0.032917 0.503906
vt 0.996094 0.990494
vt 0.003066 0.995555
vt 0.078265 0.990031
vt 0.996094 0.986454
vt 0.982957 0.974133
vt 0.003906 0.976645
vt 0.975687 0.503906
vt 0.000105 0.503906
vt 0.996094 0.979830
vt 0.003926 0.990393
vt 0.981834 0.750000
vt 0.003906 0.985183
vt 0.929623 0.503906
vt 0.953900 0.996094
vt 0.039613 0.993347
vt 0.996094 0.989731
vt 0.045481 0.992521
vt 0.996094 0.989290
vt 0.013587 0.995483
vt 0.996094 0.993175
vt 0.003906 0.515076
vt 0.973297 0.996094
vt 0.995381 0.507140
vt 0.974241 0.995622
vt 0.003906 0.996023
vt 0.926948 0.503906
vt 0.995384 0.984446
vt 0.014845 0.988172
vt 0.008657 0.506637
vt 0.023745 0.996094
vt 0.996094 0.510974
vt 0.995172 0.989888
vt 0.003906 0.988069
vt 0.986852 0.503906
vt 0.996087 0.503906
vt 0.003822 0.750000
vt 0.002330 0.996094
vt 0.996185 0.986190
vt 0.008983 0.993838
vt 0.003906 0.524888
vt 0.959357 0.996094
vt 0.982161 0.551853
vt 0.057504 0.993029
vt 0.996094 0.990465
vt 0.500000 0.999376
vt 0.003906 0.993237
vt 0.996094 0.992201
vt 0.003656 0.503906
vt 0.996094 0.536919
vt 0.000649 0.750000
vt 0.000595 0.996094
vt 0.014778 0.503906
vt 0.996094 0.974923
vt 0.004695 0.991350
vt 0.708066 0.608632
vt 0.003906 0.967536
vt 0.962610 0.996094
vt 0.984542 0.970530
vt 0.003906 0.982129
vt 0.970225 0.503906
vt 0.989225 0.994834
vt 0.003906 0.992997
vt 0.943365 0.503906
vt 0.993927 0.516321
vt 0.003906 0.964004
vt 0.992852 0.996094
vt 0.980240 0.978517
vt 0.003906 0.983173
vt 0.954915 0.503906
vt 0.995017 0.979712
vt 0.003906 0.978251
vt 0.946953 0.503906
vt 0.995202 0.980693
vt 0.003906 0.975986
vt 0.957167 0.503906
vt 0.073784 0.992082
vt 0.996094 0.989262
vt 0.988644 0.992249
vt 0.003906 0.991133
vt 0.947389 0.503906
vt -0.001313 0.503906
vt 0.996094 0.962140
vt 0.003851 0.984213
vt 0.985667 0.989392
vt 0.003906 0.984788
vt 0.947594 0.503906
vt 0.043319 0.503906
vt 0.996094 0.973652
vt 0.011864 0.992756
vt 0.992733 0.986851
vt 0.003906 0.969900
vt 0.991607 0.503906
vt 0.067454 0.503906
vt 0.996094 0.992970
vt 0.010558 0.995744
vt 0.976853 0.973633
vt 0.003906 0.983172
vt 0.953888 0.503906
vt 0.995793 0.980782
vt 0.009652 0.982361
vt 0.935296 0.503906
vt 0.996043 0.981921
vt 0.007652 0.985355
vt 0.934580 0.503906
vt 0.070203 0.990947
vt 0.996094 0.983925
vt 0.013607 0.513609
vt 0.947406 0.996094
vt 0.996094 0.507327
vt 0.995972 0.977188
vt 0.005628 0.963044
vt 0.950757 0.503906
vt 0.985344 0.979409
vt 0.003906 0.979481
vt 0.973152 0.503906
vt 0.003906 0.521371
vt 0.953538 0.996094
vt 0.989082 0.522629
vt 0.009673 0.995174
vt 0.996094 0.990462
vt 0.993816 0.992122
vt 0.003906 0.980769
vt 0.983047 0.503906
vt 0.003906 0.520430
vt 0.941115 0.996094
vt 0.983666 0.535316
vt 0.983157 0.994354
vt 0.003906 0.993069
vt 0.921141 0.503906
vt 0.986097 0.989793
vt 0.003906 0.984587
vt 0.949290 0.503906
vt 0.995872 0.979545
vt 0.005760 0.963627
vt 0.009131 0.503906
vt 0.996094 0.956161
vt 0.006062 0.984905
vt 0.048823 0.992661
vt 0.996094 0.986885
vt 0.500000 1.002260
vt 0.003906 0.995729
vt 0.996094 0.994035
vt 0.004038 0.515013
vt 0.993985 0.513886
vt 0.987878 0.991645
vt 0.003906 0.987424
vt 0.938961 0.503906
vt 0.978868 0.995334
vt 0.003906 0.995118
vt 0.923036 0.503906
vt 0.995952 0.980977
vt 0.006753 0.963561
vt 0.937591 0.503906
vt 0.500000 1.000721
vt 0.003906 0.996389
vt 0.996094 0.996162
vt 0.005255 0.507066
vt 0.996094 0.513483
vt 0.991168 0.994307
vt 0.003906 0.988853
vt 0.047841 0.503906
vt 0.996094 0.981435
vt 0.014176 0.994317
vt 0.025276 0.503906
vt 0.996094 0.967454
vt 0.009267 0.957812
vt 0.500000 1.001650
vt 0.003906 0.995093
vt 0.996094 0.992799
vt 0.995968 0.981550
vt 0.006278 0.974485
vt 0.500000 0.997463
vt 0.003906 0.996654
vt 0.996094 0.996094
vt 0.011209 0.519751
vt 0.022506 0.996094
vt 0.996094 0.521400
vt 0.093385 0.503906
vt 0.996094 0.989290
vt 0.082678 0.993051
vt 0.038318 0.503906
vt 0.996094 0.518947
vt 0.011365 0.750000
vt 0.039355 0.996094
vt 0.985784 0.991630
vt 0.003906 0.991735
vt 0.930218 0.503906
vt 0.048829 0.503906
vt 0.996094 0.989576
vt 0.007932 0.995131
vt 0.995178 0.977237
vt 0.003906 0.978919
vt 0.951399 0.503906
vt 0.500000 1.001595
vt 0.003906 0.995575
vt 0.996094 0.994516
vt 0.082168 0.503906
vt 0.996094 0.991957
vt 0.020088 0.995193
vt 0.003939 0.503906
vt 0.996094 0.971673
vt 0.004130 0.988578
vt 0.020421 0.503906
vt 0.996094 0.984384
vt 0.005174 0.993941
vt 0.012568 0.995007
vt 0.996094 0.988689
vt 0.028987 0.504161
vt 0.061099 0.996094
vt 0.996094 0.503543
vt 0.500000 0.999910
vt 0.003906 0.994575
vt 0.996094 0.993747
vt 0.007660 0.503906
vt 0.996094 0.964766
vt 0.004196 1.000129
vt 0.979457 0.994533
vt 0.003906 0.993997
vt 0.003906 0.503028
vt 0.942648 0.996094
vt 0.985043 0.504056
vt 0.021997 0.750000
vt 0.996094 0.518791
vt 0.050964 0.991290
vt 0.996094 0.985783
vt 0.003906 0.512489
vt 0.958938 0.506388
vt 0.047498 0.503906
vt 0.985424 0.989739
vt 0.003906 0.991684
vt -0.002397 0.503906
vt 0.996094 0.977416
vt 0.003510 0.991850
vt 0.003906 0.527344
vt 0.500000 0.988887
vt 0.996094 0.911407
vt 0.947751 0.985979
vt 0.003906 0.993602
vt 0.924092 0.503906
vt -0.000797 0.503906
vt 0.996094 0.961540
vt 0.003859 0.750000
vt 0.003917 0.996094
vt 0.056541 0.503906
vt 0.995201 0.977365
vt 0.010814 0.987496
vt 0.021228 0.503906
vt 0.996094 0.957787
vt 0.032437 0.977946
vt 0.973092 0.750000
vt 0.003906 0.981536
vt 0.036242 0.503906
vt 0.996094 0.515537
vt 0.005166 0.969889
vt 0.070717 0.990809
vt 0.996094 0.984059
s 1
usemtl Green_Le
f 3174/1/1 3427/2/1 3197/3/1
f 3641/4/2 3705/5/2 3656/6/2
f 3625/7/3 3705/5/4 3641/4/4
f 2538/8/5 2868/9/6 2416/10/7
f 2538/8/5 3008/11/8 2868/9/6
f 3970/12/9 2922/13/9 3732/14/9
f 3970/12/10 3170/15/10 2922/13/10
f 4171/8/11 3307/16/12 3360/17/13
f 4171/8/11 3746/18/14 3307/16/12
f 3360/17/15 3307/16/15 2854/19/15
f 3044/20/16 3131/21/16 2881/14/16
f 3044/20/17 3328/22/17 3131/21/17
f 3328/22/18 3453/23/19 3131/21/20
f 3328/22/18 3619/24/21 3453/23/19
f 4194/8/22 3690/25/22 3832/26/22
f 3690/25/23 3304/27/23 3832/26/23
f 3690/25/24 3151/28/24 3304/27/24
f 3489/29/25 3581/30/25 3769/31/25
f 3489/29/26 3335/28/26 3581/30/26
f 3070/8/27 3087/32/28 3032/33/29
f 3070/8/27 3116/34/30 3087/32/28
f 4276/8/31 3202/35/32 3620/36/33
f 4276/8/31 4104/25/34 3202/35/32
f 4104/25/35 3698/28/35 3202/35/35
f 3874/8/36 3405/37/37 3115/38/38
f 3874/8/36 4113/25/39 3405/37/37
f 4113/25/40 4199/28/40 3405/37/40
f 3875/8/41 3623/39/42 3353/40/43
f 3875/8/41 4118/41/44 3623/39/42
f 4234/42/45 4202/23/46 4108/43/47
f 4234/42/45 4303/44/48 4202/23/46
f 4089/45/49 4409/46/49 3621/47/49
f 3621/47/50 4309/23/51 4081/21/52
f 3621/47/50 4409/46/53 4309/23/51
f 3912/8/54 3630/48/55 4016/49/56
f 3912/8/54 3498/25/57 3630/48/55
f 3498/25/58 3071/50/58 3630/48/58
f 3498/25/59 2952/28/59 3071/50/59
f 2339/51/60 3085/23/61 2629/52/62
f 2339/51/60 2770/53/63 3085/23/61
f 2459/54/64 2443/55/64 2947/56/64
f 2459/54/65 1902/28/65 2443/55/65
f 4126/57/66 3995/58/66 4345/59/66
f 4126/57/67 3499/28/67 3995/58/67
f 4402/60/68 4349/21/68 4425/14/68
f 4402/60/69 4094/23/70 4349/21/71
f 4402/60/69 4024/61/72 4094/23/70
f 4253/62/73 4176/63/73 4413/64/73
f 4253/62/74 3842/28/74 4176/63/74
f 4011/8/75 4235/25/75 3324/65/75
f 4235/25/76 4115/66/76 3324/65/76
f 4235/25/77 4419/28/77 4115/66/77
f 4382/67/78 4246/21/78 4383/14/78
f 4382/67/79 4242/68/79 4246/21/79
f 4242/68/80 4177/23/81 4246/21/82
f 4242/68/80 4168/69/83 4177/23/81
f 4432/70/84 4251/71/84 4230/72/84
f 4230/72/85 4046/23/86 3997/73/87
f 4230/72/85 4251/71/88 4046/23/86
f 4198/8/89 3689/74/90 3998/75/91
f 4198/8/89 4215/25/92 3689/74/90
f 4215/25/93 3980/28/93 3689/74/93
f 4079/8/94 4240/76/95 4401/77/96
f 4079/8/94 3664/78/97 4240/76/95
f 4271/79/98 3885/80/98 4348/81/98
f 4271/79/99 3658/28/99 3885/80/99
f 3749/82/100 4085/83/100 4243/84/100
f 3749/82/101 3484/28/101 4085/83/101
f 3810/8/102 4388/85/103 4216/86/104
f 3810/8/102 4169/25/105 4388/85/103
f 4169/25/106 4363/87/106 4388/85/106
f 4169/25/107 4139/28/107 4363/87/107
f 3617/8/108 4074/25/108 4203/88/108
f 4074/25/109 4326/89/109 4203/88/109
f 4074/25/110 3913/28/110 4326/89/110
f 2933/90/111 2723/21/111 2797/14/111
f 2933/90/112 2873/91/112 2723/21/112
f 2873/91/113 2712/23/114 2723/21/115
f 2873/91/113 2859/92/116 2712/23/114
f 3883/93/117 2855/94/117 2803/95/117
f 3883/93/118 3953/28/118 2855/94/118
f 3266/96/119 2880/21/119 3220/14/119
f 3266/96/120 2555/23/121 2880/21/122
f 3266/96/120 2876/97/123 2555/23/121
f 2636/8/124 3188/98/125 2687/99/126
f 2636/8/124 3111/25/127 3188/98/125
f 3111/25/128 3434/28/128 3188/98/128
f 3604/8/129 3437/100/130 3548/101/131
f 3604/8/129 3487/102/132 3437/100/130
f 3214/8/133 3551/103/134 3400/104/135
f 3214/8/133 3494/25/136 3551/103/134
f 3494/25/137 3385/28/137 3551/103/137
f 3775/105/138 2987/23/139 3529/106/140
f 3775/105/138 3251/107/141 2987/23/139
f 3374/8/142 4028/108/143 3946/109/144
f 3374/8/142 3468/110/145 4028/108/143
f 4193/111/146 3256/112/146 3896/113/146
f 4193/111/147 3631/28/147 3256/112/147
f 2529/8/148 2746/114/149 2367/115/150
f 2529/8/148 2892/116/151 2746/114/149
f 2756/117/152 3692/118/152 2889/119/152
f 2756/117/153 3513/28/153 3692/118/153
f 2847/8/154 3475/120/155 3048/121/156
f 2847/8/154 3263/25/157 3475/120/155
f 3263/25/158 3569/122/158 3475/120/158
f 3263/25/159 3362/28/159 3569/122/159
f 2258/123/160 2100/21/160 1946/14/160
f 2258/123/161 2407/124/161 2100/21/161
f 2407/124/162 1836/23/163 2100/21/164
f 2407/124/162 2182/125/165 1836/23/163
f 1177/126/166 1797/127/166 2304/128/166
f 1177/126/167 642/28/167 1797/127/167
f 2232/129/168 1803/130/169 2151/14/170
f 2232/129/168 1897/131/171 1803/130/169
f 2039/132/172 2447/133/172 2000/14/172
f 2039/132/173 2472/134/173 2447/133/173
f 1960/135/174 2654/136/174 2461/137/174
f 1960/135/175 2181/28/175 2654/136/175
f 1468/8/176 2657/138/177 2154/139/178
f 1468/8/176 2150/140/179 2657/138/177
f 2317/8/180 2948/141/181 2623/142/182
f 2317/8/180 2620/143/183 2948/141/181
f 2623/142/184 2948/141/184 3026/144/184
f 2837/8/185 3357/145/186 3262/146/187
f 2837/8/185 2916/25/188 3357/145/186
f 2916/25/189 3064/147/189 3357/145/189
f 2916/25/190 2695/28/190 3064/147/190
f 3232/148/191 2705/149/191 3061/150/191
f 3232/148/192 2833/28/192 2705/149/192
f 2890/151/193 2585/152/193 2711/153/193
f 2890/151/194 2773/28/194 2585/152/194
f 2424/8/195 3281/154/196 2758/155/197
f 2424/8/195 2869/156/198 3281/154/196
f 2440/8/199 3278/157/200 2751/158/201
f 2440/8/199 2888/159/202 3278/157/200
f 2301/160/203 3166/161/204 2726/162/205
f 2301/160/203 3231/163/206 3166/161/204
f 2301/160/207 2755/28/207 3231/163/207
f 2828/164/208 3128/23/209 3462/165/210
f 2828/164/208 2551/166/211 3128/23/209
f 2318/8/212 2647/25/212 2808/167/212
f 2647/25/213 3303/168/213 2808/167/213
f 2647/25/214 2754/28/214 3303/168/214
f 1559/8/215 1215/169/216 1316/170/217
f 1559/8/215 1463/25/218 1215/169/216
f 1463/25/219 1541/171/219 1215/169/219
f 1463/25/220 1812/28/220 1541/171/220
f 972/172/221 1020/173/221 1274/174/221
f 1274/174/222 2046/21/222 2253/14/222
f 1274/174/223 2083/23/224 2046/21/225
f 1274/174/223 1020/173/226 2083/23/224
f 1272/8/227 1216/175/228 1219/176/229
f 1272/8/227 1262/177/230 1216/175/228
f 1196/8/231 1467/25/231 504/178/231
f 1467/25/232 1243/179/232 504/178/232
f 1467/25/233 2125/28/233 1243/179/233
f 434/180/234 1656/23/235 464/181/236
f 434/180/234 1572/182/237 1656/23/235
f 776/8/238 832/183/239 557/184/240
f 776/8/238 1067/185/241 832/183/239
f 529/8/242 580/25/242 774/186/242
f 580/25/243 1008/187/243 774/186/243
f 580/25/244 750/28/244 1008/187/244
f 335/188/245 1558/23/246 553/189/247
f 335/188/245 1029/190/248 1558/23/246
f 433/191/249 971/192/249 599/193/249
f 433/191/250 748/28/250 971/192/250
f 306/194/251 730/21/251 390/14/251
f 306/194/252 1373/23/253 730/21/254
f 306/194/252 1061/195/255 1373/23/253
f 565/196/256 507/197/256 204/198/256
f 565/196/257 1475/28/257 507/197/257
f 586/199/258 682/200/258 344/201/258
f 344/201/259 500/23/260 273/202/261
f 344/201/259 682/200/262 500/23/260
f 332/203/263 1724/23/264 485/204/265
f 332/203/263 1241/205/266 1724/23/264
f 737/8/267 975/25/267 555/206/267
f 975/25/268 1363/207/268 555/206/268
f 975/25/269 1634/28/269 1363/207/269
f 652/8/270 833/208/271 823/209/272
f 652/8/270 668/210/273 833/208/271
f 636/8/274 570/211/275 439/212/276
f 636/8/274 831/25/277 570/211/275
f 831/25/278 1024/213/278 570/211/278
f 831/25/279 1374/28/279 1024/213/279
f 362/214/280 469/215/280 763/216/280
f 469/215/281 1552/23/281 763/216/281
f 567/25/282 1259/217/282 337/218/282
f 337/218/283 1715/23/284 493/219/285
f 337/218/283 1259/217/286 1715/23/284
f 1238/8/287 1071/220/288 1353/221/289
f 1238/8/287 1007/25/290 1071/220/288
f 1007/25/291 967/28/291 1071/220/291
f 1439/222/292 1301/21/292 2102/14/292
f 1439/222/293 572/23/294 1301/21/295
f 1439/222/293 692/223/296 572/23/294
f 1854/8/297 806/224/298 2052/225/299
f 1854/8/297 635/226/300 806/224/298
f 298/227/301 916/228/301 308/229/301
f 298/227/302 882/28/302 916/228/302
f 308/229/303 1092/23/304 364/230/305
f 308/229/303 916/228/306 1092/23/304
f 260/8/307 474/231/308 258/232/309
f 260/8/307 492/25/310 474/231/308
f 492/25/311 1042/28/311 474/231/311
f 246/233/312 479/234/313 286/235/314
f 246/233/312 809/28/315 479/234/313
f 479/234/316 1148/23/316 286/235/316
f 355/8/317 480/236/318 345/237/319
f 355/8/317 496/25/320 480/236/318
f 496/25/321 993/28/321 480/236/321
f 432/8/322 441/25/322 520/238/322
f 441/25/323 713/239/323 520/238/323
f 441/25/324 573/28/324 713/239/324
f 348/8/325 511/240/326 397/241/327
f 348/8/325 428/25/328 511/240/326
f 428/25/329 703/28/329 511/240/329
f 2094/8/330 2505/242/331 2059/243/332
f 2094/8/330 2519/25/333 2505/242/331
f 2519/25/334 2963/28/334 2505/242/334
f 2628/244/335 2242/245/336 1767/246/337
f 2628/244/335 3086/28/338 2242/245/336
f 2174/8/339 2171/247/340 1716/248/341
f 2174/8/339 2564/25/342 2171/247/340
f 2564/25/343 2616/249/343 2171/247/343
f 2564/25/344 3034/28/344 2616/249/344
f 2544/250/345 2133/251/345 2900/252/345
f 2544/250/346 1710/28/346 2133/251/346
f 2600/8/347 2503/25/347 2782/253/347
f 2503/25/348 2310/254/348 2782/253/348
f 2503/25/349 2057/28/349 2310/254/349
f 2953/8/350 2492/25/350 2884/255/350
f 2492/25/351 2085/256/351 2884/255/351
f 2492/25/352 1532/28/352 2085/256/352
f 2852/257/353 2731/258/353 2840/259/353
f 2852/257/354 2747/28/354 2731/258/354
f 3138/260/355 2455/261/355 3147/262/355
f 3138/260/356 2442/28/356 2455/261/356
f 2558/8/357 2910/25/357 2720/263/357
f 2910/25/358 2875/264/358 2720/263/358
f 2910/25/359 2719/28/359 2875/264/359
f 3059/8/360 1577/265/361 2359/266/362
f 3059/8/360 2683/25/363 1577/265/361
f 2683/25/364 2388/28/364 1577/265/364
f 2546/8/365 1380/267/366 1857/268/367
f 2546/8/365 2438/25/368 1380/267/366
f 2438/25/369 2246/28/369 1380/267/369
f 2563/8/370 1926/269/371 2222/270/372
f 2563/8/370 2281/25/373 1926/269/371
f 2281/25/374 1452/271/374 1926/269/374
f 2281/25/375 1963/28/375 1452/271/375
f 2330/272/376 2387/23/377 2740/273/378
f 2330/272/376 1994/274/379 2387/23/377
f 3454/8/380 2475/275/381 3473/276/382
f 3454/8/380 2885/25/383 2475/275/381
f 2885/25/384 2466/28/384 2475/275/384
f 2777/277/385 2554/278/385 2877/279/385
f 2777/277/386 2467/28/386 2554/278/386
f 2576/280/387 1605/281/387 1324/282/387
f 2576/280/388 2774/28/388 1605/281/388
f 753/283/389 2294/23/390 803/284/391
f 753/283/389 2249/285/392 2294/23/390
f 2226/8/393 1260/286/394 980/287/395
f 2226/8/393 2236/25/396 1260/286/394
f 2236/25/397 2435/28/397 1260/286/397
f 2752/288/398 2968/23/399 3411/289/400
f 2752/288/398 2384/290/401 2968/23/399
f 2714/291/402 3105/25/403 3055/292/404
f 2714/291/402 3055/292/404 2958/21/405
f 3055/292/406 2914/23/406 2958/21/406
f 2882/293/407 2962/294/408 3159/295/409
f 2882/293/407 2724/28/410 2962/294/408
f 2618/296/411 2701/228/411 3145/297/411
f 2618/296/412 2205/28/412 2701/228/412
f 3145/297/413 2977/23/414 3488/298/415
f 3145/297/413 2701/228/416 2977/23/414
f 3267/8/417 2421/299/418 3388/300/419
f 3267/8/417 2839/25/420 2421/299/418
f 2839/25/421 2309/28/421 2421/299/421
f 3099/8/422 2767/25/422 3016/301/422
f 2767/25/423 2392/302/423 3016/301/423
f 2767/25/424 2145/28/424 2392/302/424
f 3635/8/425 3068/303/426 3167/304/427
f 3635/8/425 3731/25/428 3068/303/426
f 3731/25/429 3535/28/429 3068/303/429
f 3265/8/430 3622/305/431 3148/306/432
f 3265/8/430 3716/25/433 3622/305/431
f 3716/25/434 3978/28/434 3622/305/434
f 3502/8/435 3481/307/436 3100/308/437
f 3502/8/435 3880/25/438 3481/307/436
f 3880/25/439 4043/28/439 3481/307/439
f 1209/8/440 1190/309/441 1860/310/442
f 1209/8/440 981/25/443 1190/309/441
f 981/25/444 698/28/444 1190/309/444
f 1248/311/445 718/312/445 1579/313/445
f 1248/311/446 498/28/446 718/312/446
f 1079/314/447 883/315/447 1570/316/447
f 1079/314/448 533/28/448 883/315/448
f 1817/317/449 1119/318/449 1464/14/449
f 1817/317/450 1440/319/450 1119/318/450
f 2269/8/451 859/320/452 1399/321/453
f 2269/8/451 1813/322/454 859/320/452
f 2358/8/455 790/323/456 1160/324/457
f 2358/8/455 1922/25/458 790/323/456
f 1922/25/459 1441/28/459 790/323/459
f 990/8/460 1790/325/461 1918/326/462
f 990/8/460 884/25/463 1790/325/461
f 884/25/464 1121/327/464 1790/325/464
f 884/25/465 466/28/465 1121/327/465
f 1554/8/466 1286/328/467 1872/329/468
f 1554/8/466 982/330/469 1286/328/467
f 1307/8/470 1080/331/471 1791/332/472
f 1307/8/470 1208/25/473 1080/331/471
f 1208/25/474 674/28/474 1080/331/474
f 2037/333/475 1268/21/475 1346/14/475
f 2037/333/476 1766/334/476 1268/21/476
f 1766/334/477 1046/23/477 1268/21/477
f 2270/8/478 1012/335/479 1354/336/480
f 2270/8/478 2107/25/481 1012/335/479
f 2107/25/482 1811/28/482 1012/335/482
f 2328/8/483 1015/337/484 1635/338/485
f 2328/8/483 1339/339/486 1015/337/484
f 2707/340/487 1862/341/487 2235/342/487
f 2707/340/488 2363/28/488 1862/341/488
f 2196/343/489 2386/21/489 2017/14/489
f 2196/343/490 2583/344/490 2386/21/490
f 2583/344/491 2748/23/492 2386/21/493
f 2583/344/491 2937/345/494 2748/23/492
f 3069/8/495 2280/346/496 2452/347/497
f 3069/8/495 2902/348/498 2280/346/496
f 2640/8/499 2327/349/500 2675/350/501
f 2640/8/499 2295/25/502 2327/349/500
f 2295/25/503 1858/351/503 2327/349/503
f 2295/25/504 1816/28/504 1858/351/504
f 2646/352/505 2165/353/505 2045/354/505
f 2045/354/506 2165/353/506 1595/23/506
f 2379/355/507 1524/356/507 2417/357/507
f 2379/355/508 1482/28/508 1524/356/508
f 1420/358/509 1231/23/510 1077/359/511
f 1420/358/509 1599/360/512 1231/23/510
f 1681/361/513 666/362/513 817/363/513
f 1681/361/514 1438/28/514 666/362/514
f 1210/364/515 769/21/515 866/14/515
f 1210/364/516 644/23/517 769/21/518
f 1210/364/516 1054/365/519 644/23/517
f 2494/8/520 1181/366/521 2204/367/522
f 2494/8/520 1615/368/523 1181/366/521
f 1764/8/524 1844/369/525 2177/370/526
f 1764/8/524 1290/371/527 1844/369/525
f 1733/372/528 1709/373/528 2067/374/528
f 1733/372/529 1312/28/529 1709/373/529
f 1495/375/530 905/376/531 1509/377/532
f 1495/375/530 910/28/533 905/376/531
f 1951/8/534 588/378/535 962/379/536
f 1951/8/534 1442/380/537 588/378/535
f 2072/8/538 560/381/539 909/382/540
f 2072/8/538 1172/383/541 560/381/539
f 579/384/542 1242/385/542 1433/14/542
f 579/384/543 477/386/543 1242/385/543
f 1343/8/544 425/387/545 420/388/546
f 1343/8/544 1360/25/547 425/387/545
f 1360/25/548 858/389/548 425/387/548
f 1360/25/549 2027/28/549 858/389/549
f 612/390/550 1043/25/550 640/391/550
f 1043/25/551 1356/392/551 640/391/551
f 1043/25/552 1898/28/552 1356/392/552
f 231/393/553 304/21/553 214/14/553
f 231/393/554 324/394/554 304/21/554
f 324/394/555 486/23/556 304/21/557
f 324/394/555 540/395/558 486/23/556
f 502/396/559 166/397/560 134/398/561
f 502/396/559 660/28/562 166/397/560
f 244/399/563 199/400/563 203/14/563
f 244/399/564 241/401/564 199/400/564
f 188/402/565 1179/23/566 382/403/567
f 188/402/565 530/404/568 1179/23/566
f 459/8/569 316/405/570 172/406/571
f 459/8/569 577/25/572 316/405/570
f 577/25/573 899/28/573 316/405/573
f 177/407/574 359/25/575 303/408/576
f 177/407/574 303/408/576 309/21/577
f 303/408/578 659/23/578 309/21/578
f 998/8/579 1169/25/579 360/409/579
f 1169/25/580 564/410/580 360/409/580
f 1169/25/581 1462/28/581 564/410/581
f 338/411/582 1239/23/583 378/412/584
f 338/411/582 1099/413/585 1239/23/583
f 283/414/586 734/25/587 673/415/588
f 283/414/586 673/415/588 549/416/589
f 278/8/590 266/417/591 211/418/592
f 278/8/590 357/419/593 266/417/591
f 118/420/594 158/421/594 257/21/594
f 158/421/595 334/422/595 257/21/595
f 126/423/596 190/25/596 169/424/596
f 190/25/597 336/425/597 169/424/597
f 287/426/598 487/427/599 407/428/600
f 287/426/601 463/429/601 323/14/601
f 287/426/598 407/428/600 463/429/602
f 291/430/603 838/431/603 160/432/603
f 291/430/604 1398/28/604 838/431/604
f 562/8/605 620/25/605 321/433/605
f 620/25/606 683/434/606 321/433/606
f 620/25/607 1182/28/607 683/434/607
f 269/8/608 770/435/609 380/436/610
f 269/8/608 438/25/611 770/435/609
f 380/436/612 770/435/612 941/437/612
f 368/8/613 415/25/613 706/438/613
f 415/25/614 444/439/614 706/438/614
f 415/25/615 254/28/615 444/439/615
f 340/8/616 556/440/617 630/441/618
f 340/8/616 410/25/619 556/440/617
f 410/25/620 311/28/620 556/440/620
f 233/442/621 483/23/622 200/443/623
f 233/442/621 592/444/624 483/23/622
f 290/8/625 228/445/626 144/446/627
f 290/8/625 421/25/628 228/445/626
f 421/25/629 720/28/629 228/445/629
f 191/447/630 508/448/630 150/449/630
f 191/447/631 655/28/631 508/448/631
f 247/450/632 594/21/632 677/14/632
f 247/450/633 954/23/634 594/21/635
f 247/450/633 370/451/636 954/23/634
f 237/452/637 517/453/637 104/454/637
f 237/452/638 1138/28/638 517/453/638
f 259/8/639 218/455/640 206/456/641
f 259/8/639 301/25/642 218/455/640
f 301/25/643 453/457/643 218/455/643
f 301/25/644 632/28/644 453/457/644
f 1026/8/645 955/458/646 697/459/647
f 1026/8/645 1368/460/648 955/458/646
f 970/461/649 1166/462/650 2263/14/651
f 970/461/649 512/463/652 1166/462/650
f 894/464/653 1416/465/653 607/466/653
f 894/464/654 1828/28/654 1416/465/654
f 1698/467/655 1167/468/655 745/469/655
f 1698/467/656 2140/28/656 1167/468/656
f 639/470/657 1663/228/657 846/471/657
f 639/470/658 1362/28/658 1663/228/658
f 846/471/659 2136/23/660 1345/472/661
f 846/471/659 1663/228/662 2136/23/660
f 768/473/663 1165/474/664 650/475/665
f 768/473/663 2156/28/666 1165/474/664
f 1165/474/667 2121/23/667 650/475/667
f 1203/8/668 945/476/669 777/477/670
f 1203/8/668 1432/25/671 945/476/669
f 1432/25/672 2079/28/672 945/476/672
f 924/8/673 942/25/673 865/478/673
f 942/25/674 1185/479/674 865/478/674
f 942/25/675 1297/28/675 1185/479/675
f 958/8/676 860/480/677 726/481/678
f 958/8/676 1110/25/679 860/480/677
f 1110/25/680 1369/482/680 860/480/680
f 1110/25/681 1713/28/681 1369/482/681
f 766/483/682 1224/23/683 622/484/684
f 766/483/682 1402/485/685 1224/23/683
f 457/8/686 641/486/687 329/487/688
f 457/8/686 821/488/689 641/486/687
f 387/489/690 876/23/691 320/490/692
f 387/489/690 1090/491/693 876/23/691
f 518/492/694 1821/23/695 544/493/696
f 518/492/694 1795/494/697 1821/23/695
f 523/8/698 1039/25/698 494/495/698
f 1039/25/699 1759/496/699 494/495/699
f 1039/25/700 1806/28/700 1759/496/700
f 448/497/701 1011/498/702 583/499/703
f 448/497/701 1342/28/704 1011/498/702
f 550/500/705 1419/23/706 447/501/707
f 550/500/705 1627/502/708 1419/23/706
f 484/8/709 917/503/710 541/504/711
f 484/8/709 841/25/712 917/503/710
f 841/25/713 1383/28/713 917/503/713
f 891/25/714 1731/505/714 408/506/714
f 408/506/715 959/21/715 452/14/715
f 408/506/716 1825/23/717 959/21/718
f 408/506/716 1731/505/719 1825/23/717
f 1390/8/720 974/25/720 1386/507/720
f 974/25/721 952/508/721 1386/507/721
f 974/25/722 634/28/722 952/508/722
f 797/8/723 1393/509/724 977/510/725
f 797/8/723 1151/25/726 1393/509/724
f 1151/25/727 1888/511/727 1393/509/727
f 1151/25/728 1641/28/728 1888/511/728
f 756/512/729 1412/513/730 1120/514/731
f 756/512/729 1284/28/732 1412/513/730
f 804/8/733 851/25/733 931/515/733
f 851/25/734 1327/516/734 931/515/734
f 851/25/735 1152/28/735 1327/516/735
f 880/517/736 1749/28/737 1700/518/738
f 587/519/739 1174/21/739 871/14/739
f 587/519/740 880/517/740 1174/21/740
f 880/517/736 1700/518/738 1174/21/741
f 994/8/742 1066/25/742 852/520/742
f 1066/25/743 1424/521/743 852/520/743
f 1066/25/744 1651/28/744 1424/521/744
f 1705/8/745 1047/25/745 1136/522/745
f 1047/25/746 773/523/746 1136/522/746
f 1047/25/747 701/28/747 773/523/747
f 576/524/748 921/25/748 1048/525/748
f 921/25/749 1589/526/749 1048/525/749
f 923/8/750 875/25/750 1128/527/750
f 875/25/751 1213/528/751 1128/527/751
f 875/25/752 932/28/752 1213/528/752
f 2651/529/753 2861/530/753 3406/531/753
f 2651/529/754 2192/28/754 2861/530/754
f 2599/8/755 3787/532/756 3559/533/757
f 2599/8/755 2788/25/758 3787/532/756
f 2788/25/759 3510/534/759 3787/532/759
f 2788/25/760 2562/28/760 3510/534/760
f 2706/8/761 2805/25/761 3691/535/761
f 2805/25/762 3371/536/762 3691/535/762
f 2805/25/763 2437/28/763 3371/536/763
f 3146/8/764 3794/537/765 3640/538/766
f 3146/8/764 3320/25/767 3794/537/765
f 3320/25/768 3855/539/768 3794/537/768
f 3320/25/769 3375/28/769 3855/539/769
f 4241/540/770 3892/541/770 4298/14/770
f 4241/540/771 3748/542/771 3892/541/771
f 3457/8/772 4114/543/773 4032/544/774
f 3457/8/772 3546/545/775 4114/543/773
f 2800/8/776 3771/546/777 2896/547/778
f 2800/8/776 3430/25/779 3771/546/777
f 3430/25/780 3503/28/780 3771/546/780
f 2896/547/781 3771/546/781 3547/21/781
f 3771/546/782 3648/23/782 3547/21/782
f 3458/8/783 4103/548/784 4078/549/785
f 3458/8/783 3486/550/786 4103/548/784
f 3012/8/787 4154/551/788 3901/552/789
f 3012/8/787 3341/553/790 4154/551/788
f 3497/554/791 4224/555/791 4100/14/791
f 3497/554/792 3709/556/792 4224/555/792
f 4214/557/793 4145/558/793 4308/559/793
f 4214/557/794 3975/28/794 4145/558/794
f 3948/560/795 4102/561/795 4252/562/795
f 4252/562/796 4446/23/797 4433/21/798
f 4252/562/796 4102/561/799 4446/23/797
f 3906/8/800 4286/563/801 4313/564/802
f 3906/8/800 3829/565/803 4286/563/801
f 4147/8/804 4438/566/805 4360/567/806
f 4147/8/804 4304/568/807 4438/566/805
f 4270/8/808 4442/569/809 4427/570/810
f 4270/8/808 4310/571/811 4442/569/809
f 3925/572/812 4305/23/813 4374/573/814
f 3925/572/812 3729/574/815 4305/23/813
f 4068/575/816 4416/576/816 4211/577/816
f 4068/575/817 4329/28/817 4416/576/817
f 3797/578/818 4395/579/819 4219/580/820
f 3797/578/821 4165/28/821 4395/579/821
f 4219/580/820 4395/579/819 4377/581/822
f 3943/582/823 4275/583/824 4204/14/825
f 3943/582/823 4052/584/826 4275/583/824
f 3891/8/827 4440/585/828 4403/586/829
f 3891/8/827 4090/25/830 4440/585/828
f 4090/25/831 4306/587/831 4440/585/831
f 4090/25/832 3610/28/832 4306/587/832
f 4192/588/833 4272/589/833 4354/590/833
f 4354/590/834 4272/589/834 4411/591/834
f 3820/8/835 4200/25/835 4111/592/835
f 4200/25/836 4330/593/836 4111/592/836
f 4200/25/837 4188/28/837 4330/593/837
f 4373/594/838 4233/595/838 4394/596/838
f 4373/594/839 4197/28/839 4233/595/839
f 4156/8/840 4415/597/841 4209/598/842
f 4156/8/840 4337/25/843 4415/597/841
f 4337/25/844 4279/28/844 4415/597/844
f 4209/598/845 4415/597/845 4312/599/845
f 4357/600/846 4342/25/847 4257/601/848
f 4342/25/849 3884/602/849 4257/601/849
f 4342/25/850 4084/28/850 3884/602/850
f 4357/600/846 4257/601/848 4278/14/851
f 4430/8/852 4244/603/853 4396/604/854
f 4430/8/852 4387/25/855 4244/603/853
f 4387/25/856 4143/28/856 4244/603/856
f 4396/604/857 4244/603/857 4023/605/857
f 4435/8/858 4421/25/858 4431/606/858
f 4421/25/859 4164/607/859 4431/606/859
f 4431/606/860 4283/21/860 4336/14/860
f 4431/606/861 3857/23/862 4283/21/863
f 4431/606/861 4164/607/864 3857/23/862
f 2049/8/865 1964/608/866 2297/609/867
f 2049/8/865 1569/25/868 1964/608/866
f 1569/25/869 1372/610/869 1964/608/869
f 1569/25/870 997/28/870 1372/610/870
f 1856/611/871 1159/612/871 1404/613/871
f 1856/611/872 1592/28/872 1159/612/872
f 1725/614/873 1118/615/873 1668/616/873
f 1725/614/874 1168/28/874 1118/615/874
f 1171/8/875 1786/617/876 1298/618/877
f 1171/8/875 1669/25/878 1786/617/876
f 1669/25/879 1798/619/879 1786/617/879
f 1669/25/880 1692/28/880 1798/619/880
f 1139/620/881 1282/21/881 657/14/881
f 1139/620/882 1901/621/882 1282/21/882
f 1901/621/883 1726/23/884 1282/21/885
f 1901/621/883 2217/622/886 1726/23/884
f 1824/8/887 1461/623/888 1680/624/889
f 1824/8/887 1628/625/890 1461/623/888
f 1553/626/891 1364/627/891 2028/628/891
f 1553/626/892 936/28/892 1364/627/892
f 1914/629/893 2130/25/893 1478/630/893
f 2130/25/894 912/631/894 1478/630/894
f 2287/8/895 1111/632/896 2333/633/897
f 2287/8/895 1850/25/898 1111/632/896
f 1850/25/899 1053/28/899 1111/632/899
f 2645/8/900 2499/634/901 2836/635/902
f 2645/8/900 1896/636/903 2499/634/901
f 1896/636/904 2108/637/904 2499/634/904
f 2325/638/905 2163/639/905 2587/640/905
f 2325/638/906 1868/28/906 2163/639/906
f 2860/8/907 2586/641/908 2957/642/909
f 2860/8/907 2493/25/910 2586/641/908
f 2493/25/911 2172/643/911 2586/641/911
f 2493/25/912 2098/28/912 2172/643/912
f 2227/644/913 2804/21/913 2530/14/913
f 2227/644/913 2488/645/913 2804/21/913
f 2488/645/914 3124/23/915 2804/21/916
f 2488/645/914 2799/646/917 3124/23/915
f 2469/647/918 2223/648/918 2819/649/918
f 2819/649/919 2842/23/920 3109/650/921
f 2819/649/919 2223/648/922 2842/23/920
f 2617/651/923 2369/652/923 2807/653/923
f 2807/653/924 2708/23/925 2955/654/926
f 2807/653/924 2369/652/927 2708/23/925
f 3301/8/928 2678/655/929 3206/656/930
f 3301/8/928 2761/25/931 2678/655/929
f 2761/25/932 2433/657/932 2678/655/932
f 2761/25/933 2487/28/933 2433/657/933
f 2099/658/934 3397/23/935 2436/659/936
f 2099/658/934 2959/660/937 3397/23/935
f 2766/661/938 2495/662/938 2778/663/938
f 2766/661/939 2481/28/939 2495/662/939
f 2602/664/940 2727/21/940 3204/14/940
f 2602/664/941 2186/665/941 2727/21/941
f 2186/665/942 2533/23/943 2727/21/944
f 2186/665/942 2008/666/945 2533/23/943
f 3571/8/946 2118/667/947 3113/668/948
f 3571/8/946 2874/25/949 2118/667/947
f 2874/25/950 2483/28/950 2118/667/950
f 2460/669/951 2334/670/951 2543/671/951
f 2460/669/952 2243/28/952 2334/670/952
f 2523/8/953 1218/672/954 1792/673/955
f 2523/8/953 2167/674/956 1218/672/954
f 2056/675/957 722/676/957 822/677/957
f 2056/675/958 1943/28/958 722/676/958
f 2468/8/959 1105/678/960 1947/679/961
f 2468/8/959 1859/25/962 1105/678/960
f 1859/25/963 665/680/963 1105/678/963
f 1859/25/964 1267/28/964 665/680/964
f 2095/8/965 1659/681/966 2166/682/967
f 2095/8/965 2071/25/968 1659/681/966
f 2071/25/969 1501/28/969 1659/681/969
f 2251/683/970 1630/684/970 2195/685/970
f 2251/683/971 1712/28/971 1630/684/971
f 2183/8/972 1908/686/973 2144/687/974
f 2183/8/972 2211/25/975 1908/686/973
f 2211/25/976 1966/28/976 1908/686/976
f 465/8/977 1350/688/978 690/689/979
f 465/8/977 987/25/980 1350/688/978
f 987/25/981 1829/690/981 1350/688/981
f 987/25/982 1427/28/982 1829/690/982
f 506/8/983 775/25/983 1302/691/983
f 775/25/984 1551/692/984 1302/691/984
f 775/25/985 685/28/985 1551/692/985
f 455/8/986 1642/693/987 896/694/988
f 455/8/986 969/25/989 1642/693/987
f 969/25/990 1251/28/990 1642/693/990
f 648/8/991 1477/695/992 1296/696/993
f 648/8/991 791/697/994 1477/695/992
f 1082/698/995 1474/21/995 1096/14/995
f 1082/698/996 1252/23/997 1474/21/998
f 1082/698/996 1237/699/999 1252/23/997
f 913/700/1000 953/701/1000 1959/702/1000
f 913/700/1001 341/28/1001 953/701/1001
f 2087/8/1002 1033/703/1003 1952/704/1004
f 2087/8/1002 1414/25/1005 1033/703/1003
f 1414/25/1006 873/28/1006 1033/703/1006
f 1375/705/1007 1585/706/1007 1768/707/1007
f 1375/705/1008 1230/28/1008 1585/706/1008
f 1458/708/1009 1389/709/1009 1796/710/1009
f 1458/708/1010 1093/28/1010 1389/709/1010
f 501/711/1011 1036/712/1011 1283/14/1011
f 501/711/1012 394/713/1012 1036/712/1012
f 478/8/1013 295/714/1014 651/715/1015
f 478/8/1013 328/25/1016 295/714/1014
f 651/715/1017 295/714/1017 661/716/1017
f 392/717/1018 887/21/1018 1199/14/1018
f 392/717/1019 840/23/1020 887/21/1021
f 392/717/1019 268/718/1022 840/23/1020
f 1116/719/1023 358/720/1024 495/721/1025
f 1116/719/1023 830/28/1026 358/720/1024
f 691/722/1027 417/723/1028 1068/14/1029
f 691/722/1027 446/724/1030 417/723/1028
f 1409/8/1031 418/725/1032 1189/726/1033
f 1409/8/1031 519/727/1034 418/725/1032
f 1186/728/1035 672/25/1035 521/729/1035
f 672/25/1036 307/730/1036 521/729/1036
f 322/731/1037 671/732/1037 951/14/1037
f 322/731/1038 226/733/1038 671/732/1038
f 591/734/1039 261/735/1040 310/736/1041
f 591/734/1039 310/736/1041 633/21/1042
f 1030/8/1043 405/737/1043 1308/738/1043
f 1308/738/1044 405/737/1044 687/739/1044
f 689/8/1045 904/740/1046 1021/741/1047
f 689/8/1045 424/742/1048 904/740/1046
f 424/742/1049 695/743/1049 904/740/1049
f 624/8/1050 922/744/1051 1175/745/1052
f 624/8/1050 458/25/1053 922/744/1051
f 458/25/1054 561/746/1054 922/744/1054
f 458/25/1055 305/28/1055 561/746/1055
f 1336/8/1056 709/25/1056 700/747/1056
f 709/25/1057 396/748/1057 700/747/1057
f 709/25/1058 401/28/1058 396/748/1058
f 1065/8/1059 351/749/1060 1019/750/1061
f 1065/8/1059 367/751/1062 351/749/1060
f 1052/8/1063 566/25/1063 510/752/1063
f 566/25/1064 406/753/1064 510/752/1064
f 566/25/1065 454/28/1065 406/753/1065
f 1606/8/1066 505/754/1067 705/755/1068
f 1606/8/1066 965/25/1069 505/754/1067
f 965/25/1070 847/28/1070 505/754/1070
f 1127/8/1071 354/756/1071 1014/757/1071
f 1014/757/1072 354/756/1072 476/758/1072
f 1497/8/1073 356/759/1074 920/760/1075
f 1497/8/1073 667/761/1076 356/759/1074
f 2834/762/1077 2286/763/1077 2930/764/1077
f 2930/764/1078 2370/23/1079 2913/765/1080
f 2930/764/1078 2286/763/1081 2370/23/1079
f 2410/766/1082 2670/23/1083 3011/767/1084
f 2410/766/1082 2086/768/1085 2670/23/1083
f 3072/8/1086 2244/769/1087 3056/770/1088
f 3072/8/1086 2252/771/1089 2244/769/1087
f 3733/8/1090 2835/772/1091 3190/773/1092
f 3733/8/1090 3483/25/1093 2835/772/1091
f 3483/25/1094 3101/28/1094 2835/772/1094
f 3490/774/1095 2789/775/1096 3657/14/1097
f 3490/774/1095 2985/776/1098 2789/775/1096
f 3534/777/1099 2691/778/1100 3299/779/1101
f 3534/777/1099 2908/28/1102 2691/778/1100
f 2584/8/1103 3504/780/1104 3270/781/1105
f 2584/8/1103 2811/782/1106 3504/780/1104
f 3425/783/1107 3300/784/1108 3910/785/1109
f 3425/783/1107 2832/28/1110 3300/784/1108
f 3352/8/1111 3452/786/1112 3895/787/1113
f 3352/8/1111 2901/788/1114 3452/786/1112
f 3317/789/1115 2143/23/1116 2894/790/1117
f 3317/789/1115 2482/791/1118 2143/23/1116
f 2986/792/1119 2355/23/1120 2858/793/1121
f 2986/792/1119 2486/794/1122 2355/23/1120
f 2949/795/1123 2290/23/1124 3020/796/1125
f 2949/795/1123 2240/797/1126 2290/23/1124
f 4072/8/1127 3417/798/1128 3916/799/1129
f 4072/8/1127 3578/800/1130 3417/798/1128
f 3598/8/1131 3871/801/1132 4208/802/1133
f 3598/8/1131 3509/25/1134 3871/801/1132
f 3509/25/1135 3150/28/1135 3871/801/1135
f 3757/803/1136 3645/804/1137 4290/805/1138
f 3757/803/1136 3098/28/1139 3645/804/1137
f 3246/806/1140 3681/807/1140 4005/808/1140
f 3246/806/1141 2895/28/1141 3681/807/1141
f 3898/8/1142 3968/809/1143 4119/810/1144
f 3898/8/1142 3707/811/1145 3968/809/1143
f 4153/8/1146 4097/25/1146 4135/812/1146
f 4097/25/1147 3407/813/1148 4135/812/1149
f 4097/25/1150 3444/28/1150 3407/813/1150
f 4135/812/1149 3407/813/1148 4071/21/1151
f 3461/814/1152 3042/815/1153 3574/816/1154
f 3461/814/1155 3316/28/1155 3042/815/1155
f 3574/816/1154 3042/815/1153 3218/817/1156
f 3533/818/1157 2688/819/1157 3540/820/1157
f 3533/818/1158 2681/28/1158 2688/819/1158
f 3408/821/1159 3114/822/1159 3229/823/1159
f 3408/821/1160 3322/28/1160 3114/822/1160
f 3904/824/1161 4051/825/1161 3102/826/1161
f 3102/826/1162 4051/825/1162 3403/827/1162
f 3252/8/1163 4014/828/1164 3474/829/1165
f 3252/8/1163 3801/830/1166 4014/828/1164
f 3649/831/1167 4112/832/1167 3305/833/1167
f 3649/831/1168 4295/28/1168 4112/832/1168
f 3935/834/1169 3471/835/1170 3292/836/1171
f 3935/834/1169 3602/28/1172 3471/835/1170
f 3471/835/1173 2946/23/1173 3292/836/1173
f 3014/8/1174 3784/837/1175 3215/838/1176
f 3014/8/1174 3596/25/1177 3784/837/1175
f 3596/25/1178 3957/28/1178 3784/837/1178
f 3361/8/1179 3796/25/1179 3221/839/1179
f 3796/25/1180 3734/840/1180 3221/839/1180
f 3796/25/1181 3888/28/1181 3734/840/1181
f 4055/8/1182 2899/841/1183 3413/842/1184
f 4055/8/1182 3701/25/1185 2899/841/1183
f 3701/25/1186 3198/28/1186 2899/841/1186
f 4077/843/1187 3347/23/1188 3443/844/1189
f 4077/843/1187 3996/845/1190 3347/23/1188
f 4013/846/1191 4248/847/1192 4059/848/1193
f 4013/846/1194 3435/849/1194 3390/14/1194
f 4013/846/1191 4059/848/1193 3435/849/1195
f 3436/850/1196 2733/851/1197 2588/852/1198
f 3436/850/1199 3590/28/1199 2733/851/1199
f 2588/852/1198 2733/851/1197 2721/21/1200
f 2598/8/1201 3043/25/1201 2650/853/1201
f 3043/25/1202 3325/854/1202 2650/853/1202
f 3043/25/1203 3261/28/1203 3325/854/1203
f 2702/8/1204 3132/855/1205 2769/856/1206
f 2702/8/1204 3060/25/1207 3132/855/1205
f 3060/25/1208 3203/857/1208 3132/855/1208
f 3060/25/1209 3104/28/1209 3203/857/1209
f 2936/858/1210 3597/23/1211 2642/859/1212
f 2936/858/1210 3952/860/1213 3597/23/1211
f 3835/8/1214 3485/861/1215 3222/862/1216
f 3835/8/1214 4083/863/1217 3485/861/1215
f 4045/8/1218 4158/25/1218 3271/864/1218
f 4158/25/1219 3523/865/1219 3271/864/1219
f 4158/25/1220 4226/28/1220 3523/865/1220
f 3125/8/1221 3702/25/1221 2956/866/1221
f 3702/25/1222 3867/867/1222 2956/866/1222
f 3702/25/1223 4019/28/1223 3867/867/1223
f 3961/868/1224 2730/23/1225 3653/869/1226
f 3961/868/1224 2990/870/1227 2730/23/1225
f 3514/8/1228 3321/871/1229 3384/872/1230
f 3514/8/1228 3686/25/1231 3321/871/1229
f 3686/25/1232 3477/28/1232 3321/871/1232
f 3870/8/1233 3714/873/1234 3530/874/1235
f 3870/8/1233 4030/875/1236 3714/873/1234
f 4030/875/1237 3752/876/1237 3714/873/1237
f 4122/877/1238 3579/878/1238 4155/879/1238
f 4155/879/1239 3517/23/1240 4075/880/1241
f 4155/879/1239 3579/878/1242 3517/23/1240
f 4236/8/1243 3937/881/1244 4010/882/1245
f 4236/8/1243 4181/25/1246 3937/881/1244
f 4181/25/1247 3663/883/1247 3937/881/1247
f 4181/25/1248 3992/28/1248 3663/883/1248
f 3555/884/1249 3791/885/1249 3778/886/1249
f 3555/884/1250 3563/28/1250 3791/885/1250
f 4184/887/1251 3433/888/1251 4006/889/1251
f 4184/887/1252 3674/28/1252 3433/888/1252
f 4397/8/1253 4301/25/1253 3682/890/1253
f 4301/25/1254 3343/891/1254 3682/890/1254
f 4301/25/1255 4128/28/1255 3343/891/1255
f 4254/8/1256 4041/892/1257 3834/893/1258
f 4254/8/1256 4341/894/1259 4041/892/1257
f 4370/895/1260 4069/896/1260 4441/897/1260
f 4370/895/1261 3763/28/1261 4069/896/1261
f 4434/8/1262 4356/898/1263 4391/899/1264
f 4434/8/1262 4302/900/1265 4356/898/1263
f 4391/899/1266 4356/898/1266 4196/901/1266
f 3738/8/1267 3847/25/1267 4346/902/1267
f 3847/25/1268 4140/903/1268 4346/902/1268
f 3847/25/1269 3291/28/1269 4140/903/1269
f 4220/8/1270 4340/25/1270 4392/904/1270
f 4340/25/1271 4376/905/1271 4392/904/1271
f 4340/25/1272 4195/28/1272 4376/905/1272
f 4331/8/1273 4320/25/1273 4448/906/1273
f 4320/25/1274 4352/907/1274 4448/906/1274
f 4320/25/1275 4015/28/1275 4352/907/1275
f 4088/908/1276 3876/909/1276 3389/14/1276
f 4088/908/1277 4334/910/1277 3876/909/1277
f 3697/8/1278 4399/911/1279 4207/912/1280
f 3697/8/1278 4137/913/1281 4399/911/1279
f 3931/8/1282 4393/914/1283 3928/915/1284
f 3931/8/1282 4338/25/1285 4393/914/1283
f 4338/25/1286 4444/28/1286 4393/914/1286
f 175/916/1287 49/23/1288 70/917/1289
f 175/916/1287 132/918/1290 49/23/1288
f 30/8/1291 93/919/1292 45/920/1293
f 30/8/1291 68/921/1294 93/919/1292
f 265/8/1295 113/922/1295 112/923/1295
f 113/922/1296 65/228/1296 112/923/1296
f 112/923/1297 18/23/1298 42/924/1299
f 112/923/1297 65/228/1300 18/23/1298
f 219/8/1301 87/925/1302 39/926/1303
f 219/8/1301 248/25/1304 87/925/1302
f 248/25/1305 379/28/1305 87/925/1305
f 130/927/1306 67/928/1306 114/14/1306
f 130/927/1307 75/929/1307 67/928/1307
f 274/8/1308 222/25/1308 35/930/1308
f 222/25/1309 59/931/1309 35/930/1309
f 222/25/1310 280/28/1310 59/931/1310
f 133/8/1311 10/932/1312 17/933/1313
f 133/8/1311 111/25/1314 10/932/1312
f 111/25/1315 38/934/1315 10/932/1315
f 111/25/1316 208/28/1316 38/934/1316
f 5/935/1317 11/936/1317 3/937/1317
f 3/937/1318 7/23/1319 2/938/1320
f 3/937/1318 11/936/1321 7/23/1319
f 6/939/1322 13/940/1322 1/941/1322
f 6/939/1323 121/28/1323 13/940/1323
f 106/8/1324 152/942/1324 122/943/1324
f 122/943/1325 152/942/1325 236/944/1325
f 509/8/1326 77/945/1327 249/946/1328
f 509/8/1326 197/947/1329 77/945/1327
f 234/8/1330 98/948/1331 71/949/1332
f 234/8/1330 267/950/1333 98/948/1331
f 275/8/1334 176/951/1334 347/952/1334
f 347/952/1335 176/951/1335 395/953/1335
f 440/8/1336 339/954/1337 694/955/1338
f 440/8/1336 239/956/1339 339/954/1337
f 381/8/1340 366/957/1341 609/958/1342
f 381/8/1340 245/959/1343 366/957/1341
f 609/958/1344 366/957/1344 818/21/1344
f 215/8/1345 145/960/1346 198/961/1347
f 215/8/1345 167/962/1348 145/960/1346
f 198/961/1349 145/960/1349 250/21/1349
f 373/8/1350 330/25/1350 69/963/1350
f 330/25/1351 119/964/1351 69/963/1351
f 330/25/1352 475/28/1352 119/964/1352
f 284/8/1353 88/965/1354 92/966/1355
f 284/8/1353 271/967/1356 88/965/1354
f 131/968/1357 186/969/1357 15/970/1357
f 131/968/1358 662/28/1358 186/969/1358
f 155/8/1359 57/971/1360 50/972/1361
f 155/8/1359 161/973/1362 57/971/1360
f 154/974/1363 124/975/1363 37/976/1363
f 154/974/1364 333/28/1364 124/975/1364
f 79/8/1365 61/977/1366 53/978/1367
f 79/8/1365 86/979/1368 61/977/1366
f 44/980/1369 109/981/1369 25/982/1369
f 44/980/1370 149/28/1370 109/981/1370
f 31/8/1371 41/983/1372 24/984/1373
f 31/8/1371 52/985/1374 41/983/1372
f 105/8/1375 32/986/1376 36/987/1377
f 105/8/1375 85/988/1378 32/986/1376
f 64/8/1379 16/989/1380 21/990/1381
f 64/8/1379 40/991/1382 16/989/1380
f 51/8/1383 43/25/1383 12/992/1383
f 43/25/1384 58/993/1384 12/992/1384
f 43/25/1385 115/28/1385 58/993/1385
f 1974/994/1386 2827/995/1387 2326/14/1388
f 1974/994/1386 2925/996/1389 2827/995/1387
f 2886/8/1390 2391/997/1391 2262/998/1392
f 2886/8/1390 3007/999/1393 2391/997/1391
f 2394/8/1394 2477/1000/1395 2065/1001/1396
f 2394/8/1394 2829/1002/1397 2477/1000/1395
f 3923/1003/1398 2929/1004/1398 3585/14/1398
f 3923/1003/1399 3277/1005/1399 2929/1004/1399
f 4439/8/1400 4327/25/1400 3647/1006/1400
f 4327/25/1401 3476/1007/1401 3647/1006/1401
f 4327/25/1402 4259/28/1402 3476/1007/1402
f 4379/8/1403 3423/1008/1404 3922/1009/1405
f 4379/8/1403 4159/1010/1406 3423/1008/1404
f 3082/1011/1407 2658/1012/1407 2531/14/1407
f 3082/1011/1408 3258/1013/1408 2658/1012/1408
f 2887/8/1409 3326/1014/1410 2821/1015/1411
f 2887/8/1409 3410/1016/1412 3326/1014/1410
f 3392/8/1413 3036/1017/1413 2753/1018/1414
f 3392/8/1413 3708/1019/1415 3036/1017/1413
f 2507/8/1416 3584/1020/1417 2863/1021/1418
f 2507/8/1416 3143/25/1419 3584/1020/1417
f 3143/25/1420 3507/28/1420 3584/1020/1420
f 4101/1022/1421 2971/1023/1421 3491/1024/1421
f 4101/1022/1422 3603/28/1422 2971/1023/1422
f 3275/8/1423 3798/25/1423 3216/1025/1423
f 3798/25/1424 3962/1026/1424 3216/1025/1424
f 3798/25/1425 4009/28/1425 3962/1026/1425
f 3342/8/1426 3636/1027/1427 3226/1028/1428
f 3342/8/1426 3768/25/1429 3636/1027/1427
f 3768/25/1430 3724/1029/1430 3636/1027/1430
f 3768/25/1431 3863/28/1431 3724/1029/1431
f 3112/1030/1432 3670/21/1432 2926/14/1432
f 3112/1030/1433 4149/23/1434 3670/21/1435
f 3112/1030/1433 3868/1031/1436 4149/23/1434
f 3312/8/1437 3639/1032/1438 3041/1033/1439
f 3312/8/1437 3889/1034/1440 3639/1032/1438
f 2907/8/1441 4138/1035/1442 3706/1036/1443
f 2907/8/1441 3393/1037/1444 4138/1035/1442
f 3518/8/1445 4284/1038/1446 4105/1039/1447
f 3518/8/1445 3886/1040/1448 4284/1038/1446
f 3419/8/1449 4311/1041/1450 4136/1042/1451
f 3419/8/1449 3804/25/1452 4311/1041/1450
f 3804/25/1453 4218/1043/1453 4311/1041/1453
f 3804/25/1454 3561/28/1454 4218/1043/1454
f 3969/1044/1455 3467/21/1455 3740/14/1455
f 3969/1044/1456 2983/23/1457 3467/21/1458
f 3969/1044/1456 3496/1045/1459 2983/23/1457
f 3391/8/1460 4073/1046/1461 3396/1047/1462
f 3391/8/1460 4067/25/1463 4073/1046/1461
f 4067/25/1464 4355/28/1464 4073/1046/1464
f 4099/1048/1465 4027/1049/1465 3544/1050/1465
f 4099/1048/1466 4335/28/1466 4027/1049/1466
f 4080/1051/1467 2996/1052/1467 3872/1053/1467
f 4080/1051/1468 3253/28/1468 2996/1052/1468
f 3785/8/1469 4297/1054/1470 4280/1055/1471
f 3785/8/1469 3828/25/1472 4297/1054/1470
f 3828/25/1473 3854/1056/1473 4297/1054/1473
f 3828/25/1474 3160/28/1474 3854/1056/1474
f 3909/8/1475 4042/1057/1476 4152/1058/1477
f 3909/8/1475 4020/25/1478 4042/1057/1476
f 4020/25/1479 3767/28/1479 4042/1057/1479
f 3673/8/1480 3963/1059/1481 3795/1060/1482
f 3673/8/1480 3853/25/1483 3963/1059/1481
f 3853/25/1484 3920/1061/1484 3963/1059/1484
f 3853/25/1485 3800/28/1485 3920/1061/1485
f 4131/1062/1486 3680/23/1487 3570/1063/1488
f 4131/1062/1486 4189/1064/1489 3680/23/1487
f 4157/1065/1490 3921/1066/1490 3755/1067/1490
f 4157/1065/1491 4247/28/1491 3921/1066/1491
f 2412/1068/1492 2423/1069/1492 2261/1070/1492
f 2261/1070/1493 1919/23/1494 1729/1071/1495
f 2261/1070/1493 2423/1069/1496 1919/23/1494
f 1480/8/1497 2456/1072/1498 1948/1073/1499
f 1480/8/1497 2135/1074/1500 2456/1072/1498
f 2109/1075/1501 2300/1076/1501 2293/1077/1501
f 2109/1075/1502 2112/28/1502 2300/1076/1502
f 2351/8/1503 1917/1078/1504 1411/1079/1505
f 2351/8/1503 2548/1080/1506 1917/1078/1504
f 1411/1079/1507 1917/1078/1507 1746/21/1507
f 1289/8/1508 1905/1081/1509 1504/1082/1510
f 1289/8/1508 1689/25/1511 1905/1081/1509
f 1689/25/1512 2250/1083/1512 1905/1081/1512
f 1689/25/1513 2103/28/1513 2250/1083/1513
f 1573/1084/1514 2208/1085/1514 1188/1086/1514
f 1573/1084/1515 2476/28/1515 2208/1085/1515
f 2491/1087/1516 1855/1088/1516 1568/1089/1516
f 2491/1087/1517 2666/28/1517 1855/1088/1517
f 935/1090/1518 2164/1091/1518 957/1092/1518
f 935/1090/1519 2139/28/1519 2164/1091/1519
f 1513/8/1520 2062/25/1520 744/1093/1520
f 2062/25/1521 1940/1094/1521 744/1093/1521
f 2062/25/1522 2547/28/1522 1940/1094/1522
f 3422/1095/1523 2502/23/1524 2891/1096/1525
f 3422/1095/1523 2934/1097/1526 2502/23/1524
f 3526/8/1527 3376/1098/1528 3029/1099/1529
f 3526/8/1527 3869/25/1530 3376/1098/1528
f 3869/25/1531 3549/1100/1531 3376/1098/1531
f 3869/25/1532 4040/28/1532 3549/1100/1532
f 3936/1101/1533 3165/1102/1533 3287/1103/1533
f 3936/1101/1534 3833/28/1534 3165/1102/1534
f 3175/8/1535 3911/1104/1536 3332/1105/1537
f 3175/8/1535 3758/25/1538 3911/1104/1536
f 3758/25/1539 4174/28/1539 3911/1104/1539
f 3919/1106/1540 4182/1107/1540 3715/14/1540
f 3919/1106/1541 4282/1108/1541 4182/1107/1541
f 4039/8/1542 4339/25/1542 3897/1109/1542
f 4339/25/1543 4398/1110/1543 3897/1109/1543
f 3897/1109/1544 4004/21/1544 3438/14/1544
f 3897/1109/1545 4210/23/1546 4004/21/1547
f 3897/1109/1545 4398/1110/1548 4210/23/1546
f 3004/8/1549 3676/25/1549 3185/1111/1549
f 3676/25/1550 4269/1112/1550 3185/1111/1550
f 3676/25/1551 4175/28/1551 4269/1112/1551
f 3858/1113/1552 3779/21/1552 3327/14/1552
f 3858/1113/1553 4201/1114/1553 3779/21/1553
f 4201/1114/1554 4070/23/1554 3779/21/1554
f 3958/1115/1555 3964/1116/1556 3472/1117/1557
f 3958/1115/1555 4423/28/1558 3964/1116/1556
f 3194/1118/1559 2559/1119/1559 2692/1120/1559
f 3194/1118/1560 3017/28/1560 2559/1119/1560
f 2684/1121/1561 3399/25/1562 2717/1122/1563
f 3399/25/1564 3047/1123/1564 2717/1122/1564
f 2684/1121/1561 2717/1122/1563 2383/14/1565
f 2735/8/1566 2883/1124/1567 2496/1125/1568
f 2735/8/1566 3149/1126/1569 2883/1124/1567
f 3110/1127/1570 3905/1128/1571 3349/1129/1572
f 3110/1127/1573 3677/28/1573 3905/1128/1573
f 3349/1129/1572 3905/1128/1571 3601/1130/1574
f 4167/1131/1575 3646/1132/1576 3426/1133/1577
f 4167/1131/1575 4281/28/1578 3646/1132/1576
f 3618/1134/1579 4098/1135/1579 3142/1136/1579
f 3618/1134/1580 4328/28/1580 4098/1135/1580
f 2597/8/1581 3632/1137/1582 2732/1138/1583
f 2597/8/1581 3272/25/1584 3632/1137/1582
f 3272/25/1585 3448/28/1585 3632/1137/1585
f 2732/1138/1586 3632/1137/1586 3418/21/1586
f 3632/1137/1587 3580/23/1587 3418/21/1587
f 3932/1139/1588 3938/1140/1588 3373/1141/1588
f 3373/1141/1589 3398/23/1590 3609/21/1591
f 3373/1141/1589 3938/1140/1592 3398/23/1590
f 3097/8/1593 3554/25/1593 3550/1142/1593
f 3554/25/1594 3809/1143/1594 3550/1142/1594
f 3554/25/1595 3354/28/1595 3809/1143/1595
l 1983 2006
l 2194 2256
l 2266 2288
l 2817 2856
l 2820 2911
l 3106 3155
l 3368 3441
l 3053 3192
l 3790 3933
l 4076 4142
l 4144 4186
l 4317 4343
l 3587 3668
l 3976 4058
l 3592 3695
l 4264 4299
l 1720 1736
l 1772 1782
l 1819 1837
l 1981 2066
l 2229 2272
l 2509 2570
l 2511 2663
l 3035 3088
l 3370 3465
l 2525 2560
l 2981 3119
l 2540 2567
l 2402 2457
l 3005 3090
l 2669 2759
l 2940 2994
l 2938 3001
l 3208 3227
l 1670 1682
l 1528 1543
l 1253 1270
l 1183 1261
l 914 934
l 584 658
l 759 771
l 735 761
l 868 892
l 1084 1146
l 534 554
l 600 647
l 526 527
l 2011 2015
l 2051 2076
l 2106 2110
l 2311 2337
l 2535 2573
l 2307 2350
l 2197 2202
l 2474 2549
l 2155 2201
l 2512 2590
l 2816 2845
l 3074 3186
l 2822 2897
l 3273 3295
l 1503 1516
l 1537 1623
l 1537 1614
l 1665 1755
l 1586 1665
l 1657 1742
l 1657 1693
l 1773 1676
l 1653 1677
l 1505 1531
l 1643 1679
l 1454 1491
l 1647 1661
l 1851 1889
l 1976 1987
l 1873 1912
l 2153 2190
l 2449 2489
l 1846 1884
l 1799 1841
l 1394 1476
l 1775 1834
l 1535 1575
l 1348 1378
l 1557 1571
l 1484 1500
l 1214 1240
l 844 889
l 462 488
l 890 897
l 707 727
l 589 616
l 451 503
l 255 293
l 426 443
l 767 796
l 625 628
l 371 384
l 398 436
l 299 314
l 1453 1459
l 1444 1456
l 1470 1560
l 1470 1489
l 1322 1331
l 1018 1060
l 1233 1258
l 1255 1287
l 1137 1155
l 960 989
l 878 930
l 1143 1145
l 1035 1044
l 1206 1246
l 1314 1351
l 991 996
l 1062 1087
l 2965 3039
l 2969 3057
l 3381 3478
l 3806 3907
l 3382 3459
l 3816 3926
l 3010 3134
l 3543 3650
l 4029 4116
l 4323 4368
l 4206 4249
l 3009 3154
l 3743 3849
l 4381 4410
l 4359 4385
l 1831 1842
l 1865 1938
l 1995 2029
l 1814 1877
l 1986 2003
l 1992 1999
l 1899 1936
l 2157 2199
l 2381 2389
l 2450 2462
l 2382 2418
l 2677 2697
l 2527 2552
l 2212 2255
l 2385 2429
l 2207 2209
l 2173 2221
l 1738 1870
l 2215 2224
l 1547 1562
l 1502 1515
l 1429 1451
l 1295 1313
l 1194 1222
l 1355 1384
l 1608 1686
l 1525 1555
l 1005 1009
l 746 787
l 581 602
l 598 603
l 578 613
l 801 839
l 574 611
l 538 559
l 1604 1612
l 1876 1915
l 2569 2626
l 2918 2920
l 3264 3279
l 3351 3365
l 3268 3330
l 3577 3643
l 2575 2679
l 3224 3239
l 3136 3176
l 3225 3293
l 3852 3929
l 3564 3665
l 2967 3080
l 3562 3613
l 3565 3606
l 3747 3789
l 1650 1719
l 1802 1822
l 1931 1961
l 2142 2233
l 2596 2659
l 3591 3736
l 2978 3078
l 3257 3289
l 3241 3248
l 3259 3310
l 2605 2744
l 3558 3607
l 3945 3981
l 3139 3308
l 3877 3993
l 3887 3973
l 4170 4231
l 4172 4228
l 1195 1221
l 1000 1028
l 900 929
l 399 468
l 262 297
l 116 128
l 101 129
l 19 27
l 412 470
l 302 315
l 216 230
l 170 181
l 253 288
l 107 123
l 156 196
l 76 97
l 1907 1927
l 2032 2055
l 2373 2431
l 2578 2606
l 2736 2738
l 2741 2795
l 3501 3626
l 2980 3049
l 3315 3379
l 2577 2667
l 2935 2997
l 3856 3878
l 3744 3844
l 3480 3531
l 3756 3802
l 4063 4133
l 3761 3819
l 4035 4095
l 1909 1932
l 2260 2274
l 2398 2400
l 2408 2427
l 2344 2374
l 2019 2097
l 2257 2315
l 2517 2594
l 3409 3519
l 3412 3524
l 3942 4025
l 3662 3750
l 1945 1982
l 2007 2069
l 2088 2128
l 2635 2643
l 2644 2818
l 2857 2903
l 2904 2970
l 3337 3492
l 2912 2972
l 2973 3108
l 3156 3245
l 3245 3367
l 3442 3511
l 3634 3722
l 3723 3873
l 3323 3780
l 3836 3841
l 4163 4274
l 3934 4036
l 4031 4150
l 3843 4003
l 3182 3356
l 4187 4273
l 3158 3269
l 4047 4120
l 4121 4217
l 3696 3792
l 4038 4237
l 4261 4291
l 4292 4353
l 4061 4263
l 1737 1771
l 1783 1818
l 2005 1980
l 2303 2510
l 2571 2633
l 2621 2870
l 2932 3021
l 2664 2785
l 2786 3038
l 3089 3103
l 3103 3200
l 3573 3859
l 3174 3184
l 3956 4141
l 2336 2422
l 2354 2403
l 2625 2768
l 2768 2982
l 3286 3505
l 2557 2579
l 2444 2484
l 2377 2444
l 2331 2342
l 2572 2622
l 2622 2671
l 2485 2673
l 2760 2823
l 2824 2939
l 3002 3054
l 3054 3207
l 3228 3237
l 3234 3238
l 1637 1660
l 1601 1618
l 1542 1567
l 1518 1527
l 1320 1337
l 1326 1338
l 1227 1264
l 1250 1265
l 1244 1266
l 926 946
l 842 862
l 780 843
l 1074 1070
l 795 857
l 656 749
l 437 547
l 805 855
l 762 810
l 772 793
l 696 736
l 893 938
l 1202 1306
l 783 812
l 563 593
l 531 535
l 525 571
l 543 552
l 2016 2050
l 2338 2364
l 2365 2593
l 2771 2791
l 2849 2893
l 2954 3066
l 2434 2513
l 2478 2537
l 2396 2478
l 2239 2319
l 2198 2323
l 2203 2248
l 2248 2473
l 2122 2064
l 1704 1808
l 2591 2641
l 2641 2815
l 2846 2878
l 2879 2945
l 2945 3075
l 3283 3401
l 3062 3144
l 3387 3449
l 3449 3493
l 1517 1539
l 1538 1549
l 1564 1587
l 1678 1688
l 1529 1578
l 1485 1506
l 1619 1644
l 1490 1582
l 1361 1417
l 1728 1751
l 1785 1847
l 1949 1975
l 1832 1874
l 2043 2158
l 2191 2254
l 2322 2346
l 2347 2441
l 1910 1923
l 1730 1800
l 1465 1655
l 1325 1395
l 1173 1332
l 1626 1748
l 1576 1633
l 1431 1492
l 1377 1431
l 1310 1349
l 1207 1311
l 1170 1225
l 1112 1140
l 788 808
l 699 789
l 637 676
l 482 638
l 389 422
l 342 389
l 281 319
l 242 285
l 416 450
l 349 376
l 792 864
l 618 681
l 614 618
l 654 688
l 728 729
l 715 743
l 361 404
l 223 256
l 442 471
l 402 427
l 363 403
l 627 710
l 514 569
l 435 516
l 393 414
l 383 393
l 1340 1367
l 1330 1341
l 1321 1323
l 1257 1309
l 1187 1229
l 1058 1153
l 911 964
l 1204 1234
l 1158 1217
l 1288 1293
l 943 961
l 1291 1300
l 1149 1198
l 1100 1133
l 1037 1102
l 925 1037
l 813 879
l 704 816
l 1123 1144
l 1064 1097
l 1059 1078
l 1001 1023
l 973 1002
l 1131 1178
l 1129 1131
l 1162 1315
l 1352 1387
l 1388 1466
l 1094 1115
l 995 1013
l 983 992
l 1025 1041
l 1674 1760
l 1770 1852
l 1972 2053
l 2264 2324
l 3040 3083
l 3084 3168
l 3153 3383
l 3479 3642
l 3642 3805
l 3908 3999
l 3460 3508
l 4022 4166
l 2793 3013
l 3135 3542
l 3725 4033
l 4117 4183
l 4369 4417
l 4127 4205
l 4250 4293
l 4288 4347
l 3162 3455
l 3456 3742
l 3960 4262
l 4044 4222
l 4408 4426
l 4294 4358
l 4386 4404
l 4405 4422
l 1598 1671
l 1843 1920
l 1939 2036
l 2036 2047
l 2026 2041
l 1967 1996
l 1934 1968
l 1548 1744
l 2002 2025
l 1990 1993
l 1886 1900
l 2113 2080
l 2104 2162
l 2296 2380
l 2371 2390
l 2480 2516
l 2419 2445
l 2566 2619
l 2698 2722
l 2718 2787
l 2553 2589
l 2631 2661
l 2187 2188
l 2245 2291
l 2292 2393
l 2430 2464
l 2465 2504
l 2216 2220
l 1869 2068
l 1530 1739
l 2225 2247
l 2247 2282
l 2299 2313
l 2314 2348
l 1561 1588
l 1450 1483
l 1381 1410
l 1003 1117
l 1017 1075
l 1494 1580
l 1385 1413
l 1687 1762
l 1392 1481
l 686 747
l 524 623
l 601 684
l 604 605
l 460 522
l 409 430
l 836 919
l 826 827
l 824 829
l 850 877
l 739 779
l 693 711
l 610 693
l 548 575
l 558 631
l 515 537
l 1735 1793
l 1916 1997
l 2700 2921
l 2917 2919
l 2989 3076
l 3077 3274
l 3395 3424
l 3331 3576
l 3644 3699
l 3700 3818
l 2781 2974
l 3117 3137
l 3073 3118
l 3294 3358
l 3930 4001
l 4002 4148
l 3415 3469
l 3583 3593
l 3594 3652
l 3421 3463
l 3464 3566
l 3894 3965
l 3966 4082
l 3827 3890
l 1408 1487
l 1750 1801
l 1984 2060
l 2686 2757
l 3093 3219
l 3079 3163
l 3348 3440
l 3655 3727
l 2865 3140
l 3311 3556
l 3661 3777
l 3817 3825
l 3608 3659
l 3660 3684
l 3719 3774
l 3774 3944
l 3982 4017
l 3704 3720
l 3972 4064
l 3994 4091
l 4367 4414
l 3974 4049
l 4050 4173
l 4232 4245
l 4407 4428
l 4227 4296
l 4372 4389
l 1220 1285
l 814 881
l 467 608
l 391 400
l 289 377
l 238 263
l 103 136
l 187 225
l 127 189
l 95 110
l 73 84
l 8 20
l 4 9
l 312 374
l 276 294
l 180 205
l 164 171
l 153 165
l 207 220
l 125 139
l 194 235
l 72 100
l 137 157
l 47 55
l 46 48
l 56 66
l 14 23
l 1849 1906
l 1928 2031
l 2084 2114
l 2306 2411
l 2432 2515
l 2838 2984
l 3439 3545
l 2668 2764
l 2765 2942
l 2998 3052
l 3432 3679
l 3766 3838
l 3760 3821
l 3845 3924
l 4213 4255
l 3532 3599
l 3600 3693
l 3694 3900
l 4066 4185
l 4134 4178
l 4179 4277
l 3823 4034
l 4096 4151
l 4146 4229
l 1827 1866
l 1950 1985
l 1933 2038
l 2090 2259
l 2279 2401
l 2471 2497
l 2271 2329
l 2312 2341
l 2096 2312
l 1883 2020
l 2316 2360
l 2595 2665
l 3019 3123
l 3141 3416
l 3520 3717
l 3717 3986
l 4107 4190
l 4191 4307
l 4026 4109
l 2867 2871
l 2992 3022
l 3023 3096
l 2928 3003
l 3314 3402
l 3402 3495
l 3751 3860
l 3848 4012
l 3306 3687
l 1911 1944
l 2078 2120
l 2070 2078
l 2129 2148
l 2357 2425
l 2601 2634
l 3129 3254
l 3107 3195
l 3522 3633
l 2604 2709
l 3781 3840
l 3988 4086
l 3355 3537
l 3051 3157
l 3985 4037
l 4238 4260
l 3983 4060
l 1864 1879
l 2004 1937
l 2044 2074
l 2862 2931
l 3037 3173
l 3675 3811
l 2218 2267
l 2395 2409
l 2532 2556
l 2518 2542
l 2343 2378
l 2672 2693
l 2674 2728
l 3180 3235
l 1638 1639
l 1636 1646
l 1593 1602
l 1596 1702
l 1596 1703
l 1519 1498
l 1319 1329
l 1226 1249
l 963 978
l 940 979
l 861 870
l 1280 1335
l 1073 1089
l 856 902
l 854 903
l 751 757
l 669 680
l 999 1086
l 811 874
l 619 649
l 1895 1903
l 1925 1941
l 1956 1969
l 2132 2146
l 2592 2614
l 2608 2652
l 2809 2813
l 2790 2802
l 2810 2848
l 3067 3121
l 2506 2508
l 2361 2397
l 2175 2241
l 2352 2406
l 1807 1894
l 3027 3063
l 3296 3386
l 3638 3712
l 1614 1714
l 1550 1563
l 1586 1667
l 1667 1756
l 1610 1631
l 1742 1776
l 1693 1777
l 1706 1722
l 1617 1652
l 1711 1727
l 1723 1757
l 1979 2013
l 2152 2184
l 2285 2321
l 1747 1839
l 1574 1590
l 1428 1448
l 1418 1366
l 1279 1304
l 1122 1113
l 716 741
l 807 819
l 675 719
l 456 489
l 318 343
l 375 386
l 721 798
l 615 653
l 481 499
l 724 754
l 568 629
l 419 431
l 1489 1583
l 1421 1426
l 1437 1522
l 1437 1523
l 1396 1406
l 1376 1401
l 1228 1256
l 1154 1157
l 1299 1333
l 1197 1245
l 1132 1150
l 1098 1107
l 1101 1108
l 1022 1050
l 1130 1141
l 1114 1135
l 1038 1055
l 1040 1056
l 1510 1533
l 1625 1673
l 1761 1769
l 1853 1881
l 1954 1971
l 2054 2093
l 2124 2180
l 2522 2610
l 3339 3450
l 2520 2655
l 3541 3671
l 3951 4053
l 3949 4007
l 4258 4315
l 3741 3902
l 4225 4265
l 4221 4267
l 1449 1471
l 1512 1520
l 1566 1597
l 1672 1684
l 1754 1780
l 2040 2048
l 2033 2034
l 1989 2001
l 2058 2119
l 2526 2565
l 2613 2630
l 2161 2168
l 2283 2298
l 1611 1629
l 1382 1430
l 1180 1212
l 1004 1016
l 1192 1235
l 1434 1493
l 1357 1391
l 918 956
l 490 536
l 731 785
l 429 461
l 937 948
l 825 837
l 828 834
l 723 738
l 712 740
l 1526 1545
l 1697 1734
l 1794 1804
l 1998 2022
l 2092 2159
l 2825 2844
l 2924 2988
l 2964 3030
l 3567 3624
l 3979 4056
l 3364 3414
l 3582 3588
l 3372 3420
l 3831 3893
l 1379 1407
l 1488 1507
l 2061 2081
l 2975 3092
l 3560 3654
l 3133 3243
l 3557 3611
l 3776 3807
l 3685 3718
l 3683 3703
l 3865 3917
l 4319 4366
l 4365 4406
l 4350 4371
l 1359 1370
l 1305 1318
l 1106 1126
l 733 815
l 147 168
l 224 296
l 89 96
l 212 232
l 182 192
l 178 183
l 141 151
l 279 317
l 173 195
l 81 94
l 54 63
l 28 34
l 1820 1848
l 2115 2126
l 2189 2237
l 2277 2305
l 2742 2749
l 2979 3094
l 3329 3377
l 3678 3765
l 3334 3428
l 3739 3759
l 4161 4212
l 2941 3045
l 3899 3990
l 3482 3538
l 1683 1694
l 1718 1740
l 1779 1788
l 1810 1826
l 1867 1871
l 1973 2063
l 2453 2470
l 2169 2231
l 2340 2375
l 2906 2960
l 3344 3445
l 2915 3024
l 3987 4106
l 2514 2581
l 2851 2866
l 2950 2991
l 2853 2927
l 3212 3313
l 3211 3298
l 3688 3813
l 2149 2193
l 2206 2265
l 2289 2356
l 2426 2632
l 2970 3130
l 3255 3346
l 3512 3730
l 3196 3521
l 2710 2812
l 2794 3065
l 3193 3323
l 3822 3837
l 3822 3989
l 4087 4162
l 3536 3843
l 2831 3183
l 4273 4318
l 4344 4361
l 4362 4384
l 3269 3586
l 3669 3710
l 3711 3799
l 3799 3977
l 3793 3984
l 4300 4332
l 4333 4400
l 1838 1863
l 1880 1929
l 2009 2089
l 2075 2228
l 2273 2302
l 3015 3199
l 3201 3369
l 3466 3572
l 3812 3955
l 2268 2335
l 2354 2524
l 2561 2624
l 3120 3285
l 2541 2580
l 2308 2332
l 2694 2703
l 2704 2713
l 2458 2485
l 2729 2783
l 2784 3006
l 3091 3191
l 3189 3338
l 2995 3033
l 3033 3179
l 3236 3290
l 3288 3336
l 1645 1640
l 1600 1594
l 1496 1328
l 1254 1326
l 1263 1271
l 1163 1184
l 976 1164
l 927 933
l 906 915
l 886 907
l 869 895
l 1191 1281
l 1083 1200
l 901 1070
l 545 585
l 760 752
l 758 760
l 794 853
l 679 696
l 663 670
l 621 664
l 908 950
l 867 908
l 939 1085
l 1147 1201
l 643 784
l 546 563
l 532 539
l 528 542
l 1904 1924
l 1942 1955
l 1970 2010
l 2077 2105
l 2111 2131
l 2147 2178
l 2609 2615
l 2574 2603
l 2500 2536
l 2415 2501
l 2653 2696
l 2682 2814
l 2792 2801
l 2772 2776
l 3122 3209
l 3210 3333
l 2366 2439
l 2349 2362
l 2137 2176
l 2101 2138
l 2320 2353
l 2550 2648
l 2649 2830
l 1893 2064
l 1473 1708
l 3187 3282
l 2898 2943
l 2944 3297
l 3144 3230
l 2999 3028
l 2923 3000
l 3493 3637
l 3713 3782
l 3783 3846
l 1584 1609
l 1632 1664
l 1658 1675
l 1699 1721
l 1701 1707
l 1460 1486
l 1620 1648
l 1415 1455
l 1662 1691
l 1752 1787
l 1758 1784
l 1890 1949
l 1957 1988
l 1921 1958
l 1913 1921
l 1765 1833
l 2014 2042
l 2254 2448
l 2490 2545
l 2539 2637
l 2185 2284
l 1840 1923
l 1591 1690
l 1690 1774
l 1835 1891
l 1892 2021
l 1499 1540
l 1447 1479
l 1365 1403
l 1303 1334
l 888 1032
l 800 845
l 717 799
l 742 764
l 765 820
l 385 416
l 327 350
l 702 729
l 708 714
l 590 595
l 497 596
l 292 361
l 185 227
l 626 645
l 646 725
l 755 781
l 782 848
l 352 372
l 331 353
l 313 346
l 270 300
l 240 272
l 1443 1446
l 1457 1469
l 1425 1445
l 1422 1436
l 1423 1405
l 1397 1400
l 966 1010
l 1156 1205
l 1269 1294
l 988 1069
l 898 944
l 1247 1292
l 1109 1124
l 1072 1091
l 1034 1072
l 1045 1063
l 1049 1059
l 1142 1161
l 1057 1095
l 1013 1031
l 947 984
l 1025 1051
l 1088 1103
l 1104 1134
l 1534 1624
l 1882 1953
l 2073 2123
l 2611 2689
l 2690 2966
l 3169 3340
l 3451 3552
l 3553 3786
l 3058 3152
l 4000 4130
l 3508 3815
l 3927 4021
l 2656 2806
l 3651 3735
l 4180 4287
l 3672 3772
l 3773 3950
l 4054 4129
l 4129 4322
l 4418 4445
l 4008 4127
l 3850 3959
l 4316 4378
l 4375 4437
l 3903 4048
l 4266 4289
l 4289 4324
l 4325 4380
l 4424 4436
l 4268 4294
l 1472 1511
l 1521 1565
l 1685 1753
l 1781 1830
l 2018 2030
l 1878 1934
l 1743 1815
l 2024 2035
l 1978 2012
l 1977 1991
l 1935 1962
l 1845 1887
l 2200 2296
l 2368 2372
l 2368 2451
l 2463 2479
l 2446 2528
l 2619 2676
l 2589 2612
l 2662 2716
l 2179 2187
l 2179 2213
l 2210 2219
l 2068 2134
l 1232 1536
l 1514 1544
l 1371 1344
l 1211 1273
l 1076 1193
l 1236 1277
l 1278 1435
l 1581 1745
l 1223 1275
l 1276 1358
l 1413 1607
l 1763 1861
l 1556 1621
l 1622 1732
l 985 1006
l 949 986
l 786 872
l 445 491
l 388 449
l 678 732
l 582 597
l 606 617
l 365 411
l 835 849
l 778 802
l 473 551
l 472 513
l 1546 1603
l 1613 1696
l 1805 1875
l 2023 2091
l 2160 2568
l 2627 2699
l 2843 2909
l 2779 2826
l 2715 2780
l 3280 3302
l 3302 3350
l 3366 3394
l 2680 2798
l 3031 3126
l 3127 3223
l 3217 3240
l 3177 3181
l 3359 3575
l 3705 3851
l 3666 3764
l 3764 3862
l 4057 4123
l 4124 4223
l 3081 3171
l 3171 3363
l 3470 3506
l 3506 3589
l 3614 3830
l 3605 3667
l 3788 3826
l 1508 1649
l 1823 1930
l 2082 2141
l 2234 2420
l 2660 2685
l 2757 2976
l 3205 3595
l 3737 3882
l 3881 4132
l 3164 3260
l 3233 3276
l 3233 3247
l 3242 3249
l 3250 3318
l 3728 3866
l 2745 2864
l 3244 3311
l 3612 3628
l 3629 3661
l 3808 3824
l 4018 4093
l 3721 3864
l 3918 3971
l 3309 3404
l 3404 3568
l 4092 4321
l 4412 4443
l 4245 4285
l 4285 4364
l 4429 4447
l 4296 4351
l 4390 4420
l 1317 1347
l 1125 1176
l 1027 1081
l 928 968
l 210 243
l 163 210
l 135 148
l 110 117
l 83 90
l 78 102
l 60 78
l 26 60
l 369 413
l 229 277
l 209 217
l 201 213
l 184 202
l 193 207
l 221 252
l 282 326
l 325 423
l 162 179
l 146 162
l 138 142
l 235 264
l 159 174
l 120 143
l 99 108
l 91 140
l 80 82
l 74 80
l 62 74
l 33 56
l 22 29
l 2127 2214
l 2238 2276
l 2607 2638
l 2639 2737
l 2734 2739
l 2725 2743
l 2750 2762
l 2763 2775
l 2796 2841
l 3095 3319
l 3319 3500
l 3627 3753
l 3754 3947
l 3172 3178
l 3050 3172
l 3380 3447
l 3378 3431
l 3839 3967
l 3429 3515
l 3516 3745
l 3879 3914
l 3915 3954
l 3924 4160
l 4256 4314
l 3046 3284
l 3991 4065
l 3539 3615
l 3616 3762
l 3803 3861
l 3861 4062
l 1695 1717
l 1741 1778
l 1789 1809
l 2275 2278
l 2399 2404
l 2405 2454
l 2498 2534
l 2413 2428
l 2376 2414
l 2230 2271
l 2116 2170
l 1965 2117
l 1666 1885
l 2345 2521
l 2665 2905
l 2961 3018
l 3123 3345
l 3446 3527
l 3528 3726
l 3025 3161
l 3525 3770
l 3770 3941
l 4110 4239
l 2582 2850
l 2872 2951
l 2993 3213
l 3814 3939
l 3940 4125
l 863 885
l 1616 1654
l 152 251
