# Blender 5.1.0
# www.blender.org
mtllib tree_3.mtl
o Wallnut_
v -0.801712 0.603057 -0.036246
v -0.785898 0.582357 0.215912
v -0.775765 0.521843 0.021005
v -0.739616 0.630185 0.120776
v -0.737842 0.430412 0.211328
v -0.734551 0.536168 -0.019047
v -0.725693 0.618034 -0.173305
v -0.706136 0.613605 -0.426011
v -0.710467 0.613533 -0.202202
v -0.703496 0.623651 0.220561
v -0.697881 0.473137 -0.008563
v -0.695761 0.609681 -0.042868
v -0.695079 0.513925 -0.134939
v -0.692646 0.597242 0.103861
v -0.687765 0.602367 0.100231
v -0.680096 0.588489 0.209262
v -0.665930 0.620162 -0.298567
v -0.633702 0.498734 -0.380434
v -0.663794 0.581360 0.091968
v -0.542136 0.471646 -0.063675
v -0.631922 0.539409 0.212856
v -0.628637 0.645164 -0.017518
v -0.629691 0.574736 0.192499
v -0.623153 1.046007 -0.031985
v -0.623047 0.554491 -0.158619
v -0.505952 0.580018 0.036228
v -0.621412 0.511945 -0.394936
v -0.619998 0.624146 -0.165119
v -0.619229 0.670588 -0.397321
v -0.616839 0.623461 -0.277368
v -0.612561 0.627058 -0.274208
v -0.610328 0.991629 0.006813
v -0.608125 0.607426 0.072593
v -0.602550 1.016039 -0.006222
v -0.602184 0.483663 -0.311546
v -0.600290 0.620243 -0.417821
v -0.592098 0.622136 -0.109173
v -0.591745 0.887781 0.103513
v -0.589995 0.664328 -0.378427
v -0.589817 0.501459 -0.049510
v -0.584543 0.560886 -0.257424
v -0.582972 0.776693 0.084682
v -0.582000 0.864607 0.087557
v -0.573965 0.480232 0.202612
v -0.579526 0.886410 -0.017128
v -0.578288 0.844882 -0.099656
v -0.458177 0.486709 -0.089884
v -0.575701 0.413360 -0.003302
v -0.565603 0.833244 0.143834
v -0.562791 1.029685 0.119513
v -0.530538 0.606979 -0.354619
v -0.560813 0.894409 0.001960
v -0.559801 1.016860 0.083819
v -0.557492 0.898857 0.147158
v -0.553504 1.100582 0.096239
v -0.436467 0.601723 -0.192407
v -0.550597 0.827761 0.174450
v -0.550124 0.676708 -0.316930
v -0.547698 0.832502 0.116602
v -0.547515 0.662331 0.130777
v -0.546985 0.795361 0.021840
v -0.546025 0.452274 -0.356222
v -0.545095 0.619107 0.178467
v -0.543954 0.382076 0.041819
v -0.424022 0.594970 0.010816
v -0.543664 1.036312 0.015091
v -0.543056 0.484944 0.089879
v -0.514392 0.729233 -0.081590
v -0.530771 0.613368 -0.238730
v -0.535430 0.611276 0.092893
v -0.533546 1.022356 0.074250
v -0.533405 0.360994 0.063307
v -0.378037 0.593854 -0.176550
v -0.532232 0.504036 -0.090043
v -0.532181 1.128369 0.101081
v -0.529901 0.786191 -0.099594
v -0.528798 0.569609 0.092780
v -0.447788 0.580613 0.015375
v -0.527721 1.052639 -0.078491
v -0.526982 0.256256 0.007916
v -0.456481 0.586722 0.021109
v -0.526003 0.533093 0.214361
v -0.448937 0.588147 -0.484357
v -0.524648 0.567203 -0.168812
v -0.524556 0.928093 -0.089328
v -0.523511 0.760661 0.065640
v -0.427274 0.657394 -0.562373
v -0.522923 0.592641 -0.241268
v -0.522713 0.638838 -0.016017
v -0.522146 0.390806 0.012842
v -0.508002 0.599464 -0.158842
v -0.518800 0.576115 -0.012858
v -0.518559 0.676083 0.154008
v -0.516649 0.838883 0.015219
v -0.513969 0.515901 -0.156916
v -0.481898 0.668257 -0.062039
v -0.415163 0.887712 -0.117184
v -0.512185 1.055072 0.195757
v -0.420193 1.097083 -0.162557
v -0.437116 0.714048 -0.112965
v -0.509833 0.859851 0.148128
v -0.508774 0.467732 -0.118491
v -0.391866 0.493472 -0.288945
v -0.461918 0.439871 -0.190974
v -0.502192 0.670880 -0.438044
v -0.501842 0.590163 0.231805
v -0.498258 0.784632 0.049836
v -0.498098 0.254167 0.113221
v -0.497629 0.993378 0.197627
v -0.497688 0.782954 0.147648
v -0.497144 0.483310 -0.085298
v -0.496976 0.611566 0.194689
v -0.496702 1.094264 0.185649
v -0.496239 0.586515 0.090680
v -0.496187 0.927474 0.059233
v -0.495558 0.280537 0.065502
v -0.494450 0.512035 -0.409628
v -0.444482 0.509300 -0.142378
v -0.493537 0.871082 0.028989
v -0.492219 0.266999 0.094863
v -0.491267 0.770564 0.220800
v -0.489744 0.357944 0.106236
v -0.447263 1.174174 -0.133341
v -0.489407 0.444092 -0.020906
v -0.489115 0.615503 -0.083391
v -0.471931 0.700895 0.005734
v -0.486639 0.585695 -0.355927
v -0.485591 0.730232 -0.086160
v -0.484783 0.936147 0.257678
v -0.484649 0.618159 -0.310082
v -0.484030 0.362401 0.218435
v -0.402434 0.975281 -0.110550
v -0.481066 0.593147 -0.014390
v -0.480911 0.595597 -0.096163
v -0.480791 0.568450 -0.236305
v -0.480558 0.995418 -0.054854
v -0.479801 0.394293 -0.005915
v -0.479106 0.238928 -0.117679
v -0.478808 0.396935 0.109590
v -0.478452 0.419922 -0.045810
v -0.478197 0.933797 0.163627
v -0.477954 0.778353 -0.054212
v -0.477325 1.125154 0.150614
v -0.475539 0.370775 0.225646
v -0.473502 0.573372 -0.075957
v -0.470128 0.673021 -0.393431
v -0.472562 0.851373 -0.108591
v -0.416879 1.061188 0.149331
v -0.359492 0.637761 -0.169647
v -0.471848 0.388791 -0.038162
v -0.470178 0.397027 0.096340
v -0.469945 0.355785 0.323651
v -0.469813 0.573799 0.135889
v -0.466378 1.059897 0.052952
v -0.467481 0.758371 0.259692
v -0.465618 0.675985 -0.387577
v -0.466493 0.720425 0.093200
v -0.465886 0.484932 -0.119454
v -0.465309 0.449038 0.112004
v -0.464509 0.913726 0.154787
v -0.464308 0.361379 0.135238
v -0.463947 0.881958 0.030057
v -0.463473 0.480217 -0.056580
v -0.460702 0.884942 0.032549
v -0.462294 0.942200 0.167291
v -0.451854 0.905090 0.138284
v -0.460185 0.824821 0.268017
v -0.459847 0.612330 -0.012425
v -0.456059 1.059786 0.004666
v -0.456539 0.807567 0.305615
v -0.358342 0.996663 -0.027766
v -0.455212 0.611233 -0.207981
v -0.455212 0.611233 -0.207981
v -0.356807 0.770972 0.021174
v -0.392027 0.903350 -0.072082
v -0.445233 1.045357 0.040078
v -0.445238 1.045376 0.040084
v -0.449817 0.619063 -0.172117
v -0.448927 0.370312 0.302135
v -0.448233 0.382662 -0.141509
v -0.447364 0.357691 0.038535
v -0.441431 1.044945 0.024179
v -0.441335 1.044779 0.024257
v -0.369683 0.697123 -0.414083
v -0.446308 0.801942 -0.011778
v -0.445769 0.922212 0.293435
v -0.445354 0.593198 0.131362
v -0.443959 0.388322 0.077030
v -0.443666 0.586321 -0.170963
v -0.443081 0.317639 0.239142
v -0.442472 0.727484 0.205442
v -0.441800 0.450471 -0.115639
v -0.441066 0.465412 0.182803
v -0.349378 0.462310 -0.260618
v -0.333086 0.680030 -0.003246
v -0.437054 1.037318 0.033390
v -0.436649 1.037096 0.033362
v -0.437374 1.036615 0.035524
v -0.319011 0.875532 0.075710
v -0.438929 0.756154 0.061584
v -0.438726 0.403354 0.197552
v -0.438069 0.557294 0.214593
v -0.425665 0.759076 0.068395
v -0.436262 0.400540 0.090742
v -0.436028 0.434720 -0.171746
v -0.435987 0.714088 -0.008286
v -0.435319 0.288664 0.206618
v -0.435004 0.763948 0.310818
v -0.320963 0.529136 -0.268488
v -0.433324 0.367626 0.027900
v -0.432361 0.591558 -0.169630
v -0.432501 1.134573 0.137162
v -0.432290 0.944425 -0.124988
v -0.362148 0.625265 -0.231716
v -0.430044 0.617395 0.104388
v -0.378428 0.376969 0.183133
v -0.427693 0.600859 -0.328900
v -0.427522 0.395828 0.087400
v -0.427145 0.364702 -0.028289
v -0.420919 0.646859 -0.316609
v -0.357347 0.928457 0.234956
v -0.425180 0.443248 0.252479
v -0.411888 0.399482 0.084904
v -0.414061 0.400318 0.077775
v -0.399904 0.434477 -0.198350
v -0.422242 0.465072 0.017178
v -0.422726 0.613830 -0.004349
v -0.421146 0.869015 0.037098
v -0.295081 1.016615 0.060725
v -0.418690 0.905756 0.147566
v -0.418991 0.929642 0.340926
v -0.417993 0.440987 -0.067280
v -0.369412 0.603132 -0.261153
v -0.406820 0.901206 0.139522
v -0.416347 0.866048 0.198111
v -0.415914 0.446329 0.212798
v -0.414800 0.415345 -0.024366
v -0.304709 0.602244 -0.289894
v -0.414411 0.562565 -0.497685
v -0.412258 0.674454 0.210681
v -0.412069 0.519017 -0.442462
v -0.411543 0.592019 -0.430665
v -0.411080 0.838184 -0.058130
v -0.402795 0.417726 -0.019777
v -0.398732 0.416633 -0.024244
v -0.379154 0.776667 -0.035043
v -0.410806 0.550697 0.317179
v -0.288041 0.767281 -0.026021
v -0.407280 0.294554 0.298775
v -0.396976 1.165628 0.035970
v -0.291390 0.372907 -0.090569
v -0.366947 0.764546 0.226062
v -0.405902 0.624369 -0.239109
v -0.405060 0.762647 -0.029556
v -0.403587 0.783892 0.124868
v -0.403439 1.028951 0.039960
v -0.402466 0.606092 -0.147352
v -0.389517 0.889543 0.141392
v -0.286795 0.919295 0.085669
v -0.401578 0.588457 -0.143060
v -0.317872 0.665498 -0.495034
v -0.275936 0.908362 -0.043878
v -0.400125 0.240481 0.329530
v -0.399904 0.332470 0.037321
v -0.398820 1.144332 -0.244841
v -0.398655 1.102387 0.159901
v -0.319842 1.083606 -0.043646
v -0.398010 0.631461 -0.070887
v -0.368675 0.488098 0.009482
v -0.396851 0.699242 0.245697
v -0.376127 1.001913 0.046394
v -0.358837 0.745394 0.080310
v -0.346618 0.617592 -0.100839
v -0.271428 0.626240 0.010720
v -0.394865 1.118587 0.217436
v -0.356224 0.745246 0.067057
v -0.394198 0.341801 -0.210378
v -0.389977 0.890349 0.141422
v -0.393256 0.375299 0.056028
v -0.392618 0.292073 0.187549
v -0.391596 0.374691 0.166120
v -0.348979 0.376428 0.266793
v -0.389992 0.588848 0.111217
v -0.386282 1.157119 0.038288
v -0.386173 1.157082 0.034842
v -0.384396 0.378078 0.163047
v -0.360014 0.503877 -0.027653
v -0.290929 0.879385 0.104500
v -0.387484 0.605764 0.065216
v -0.380743 0.884871 0.138804
v -0.379899 0.885176 0.137492
v -0.383652 0.879795 0.142122
v -0.380235 0.885162 0.147055
v -0.379275 0.885211 0.146775
v -0.385512 0.573651 0.092120
v -0.374051 0.600881 -0.259160
v -0.384388 0.602950 -0.261025
v -0.273203 0.709882 0.261938
v -0.261403 0.517825 -0.095034
v -0.384237 0.888222 0.055113
v -0.379202 0.767110 0.117029
v -0.379195 0.767094 0.117026
v -0.384236 0.465661 0.111753
v -0.276737 0.788303 0.086923
v -0.378247 0.593989 -0.176353
v -0.389134 0.589937 -0.169966
v -0.382950 0.588947 -0.130742
v -0.374732 1.002299 0.045985
v -0.383245 1.000242 0.046407
v -0.301958 0.365820 -0.059402
v -0.382897 0.367490 0.203143
v -0.383172 0.605971 -0.000860
v -0.268717 0.822658 0.019996
v -0.337364 0.381418 0.047608
v -0.366956 0.809968 0.019626
v -0.381578 0.989091 -0.092604
v -0.381219 0.311621 -0.088346
v -0.381172 0.731873 -0.141352
v -0.381743 0.884424 0.135117
v -0.380766 1.019435 -0.254039
v -0.374402 0.349424 -0.113232
v -0.376939 0.608762 -0.000069
v -0.373731 0.905056 0.173791
v -0.376674 0.588794 -0.180504
v -0.378036 0.595289 -0.176233
v -0.321285 0.952937 0.102747
v -0.367677 0.756000 0.112866
v -0.369312 0.757364 0.113306
v -0.369212 0.757430 0.113331
v -0.372830 0.900890 0.159260
v -0.368437 0.783154 0.147907
v -0.359847 1.006181 0.046007
v -0.359204 1.006180 0.046329
v -0.247481 0.272072 0.079673
v -0.372107 0.969348 -0.025930
v -0.355669 1.012688 0.050339
v -0.255731 0.810634 -0.015744
v -0.370617 0.999876 -0.263351
v -0.355252 1.014207 0.037115
v -0.359632 0.617557 -0.280536
v -0.360036 0.617151 -0.279967
v -0.364385 0.888308 0.103729
v -0.364818 0.887808 0.103956
v -0.276894 0.570637 -0.182878
v -0.368149 0.589108 -0.010201
v -0.367770 0.585444 -0.253694
v -0.332912 0.376514 0.003271
v -0.254874 0.336045 -0.107295
v -0.366837 0.742965 -0.117499
v -0.324686 0.376753 0.002001
v -0.357878 0.749301 0.093683
v -0.357781 0.749322 0.093744
v -0.363340 1.112625 -0.265042
v -0.362738 0.870363 -0.159151
v -0.361856 0.446370 -0.155680
v -0.355135 0.747414 0.081136
v -0.356831 0.747790 0.077622
v -0.330427 0.852262 0.054492
v -0.355365 0.370794 0.157804
v -0.355165 0.370750 0.157864
v -0.358990 0.935872 0.190751
v -0.233381 0.380345 0.185061
v -0.352711 0.883000 0.081404
v -0.238460 0.709616 -0.007522
v -0.358055 0.664021 -0.481884
v -0.357907 1.006420 0.046407
v -0.361568 1.005013 0.045380
v -0.358560 0.746050 0.074360
v -0.244708 0.304745 0.026287
v -0.356667 0.749820 0.077367
v -0.356448 0.682728 -0.173605
v -0.346018 0.796652 0.129355
v -0.230353 0.602202 0.021979
v -0.355007 1.030952 -0.239393
v -0.354317 0.915889 0.277101
v -0.353647 0.799547 -0.094306
v -0.348395 0.877048 0.069074
v -0.348779 0.877205 0.068624
v -0.353347 0.874205 0.070759
v -0.352624 0.882841 0.081296
v -0.352455 0.710387 -0.225779
v -0.351745 0.720501 -0.049994
v -0.351732 0.706335 -0.151698
v -0.350363 0.588291 -0.106133
v -0.351221 0.818685 -0.119655
v -0.351187 1.103478 -0.082045
v -0.349960 0.812121 -0.013527
v -0.339665 0.356338 0.167630
v -0.334519 0.360482 0.165482
v -0.349867 0.869405 0.177132
v -0.346411 0.592670 -0.102605
v -0.348790 0.592297 -0.105147
v -0.340981 0.373336 0.206588
v -0.347204 0.875255 0.065130
v -0.343983 0.362291 0.152996
v -0.347058 0.364219 0.152333
v -0.344352 0.363720 0.158674
v -0.347638 0.586598 0.172827
v -0.347491 1.180723 -0.097163
v -0.345644 0.693668 -0.045424
v -0.274236 0.516919 -0.291431
v -0.344148 0.966541 -0.157681
v -0.343786 0.279900 0.112344
v -0.221530 0.474135 0.047236
v -0.343416 0.363997 0.059345
v -0.343346 0.426061 0.202962
v -0.337666 0.381944 0.047780
v -0.347337 0.375661 0.151151
v -0.347688 0.354891 0.142935
v -0.299683 1.096073 0.122147
v -0.215154 0.493950 -0.083269
v -0.339876 0.582347 -0.229267
v -0.339839 0.720974 0.232391
v -0.332174 0.588494 -0.105576
v -0.332171 0.588520 -0.105580
v -0.338915 0.845803 -0.248857
v -0.260632 0.581257 0.019551
v -0.330576 0.638870 -0.318460
v -0.331113 0.638593 -0.317840
v -0.297372 0.593851 0.011751
v -0.256832 0.588630 0.020312
v -0.268793 0.819994 0.176346
v -0.335135 0.374519 0.198654
v -0.336447 0.483102 -0.505403
v -0.336166 0.933033 0.050632
v -0.228494 0.365191 -0.008442
v -0.328366 0.380354 -0.016296
v -0.320298 0.378628 -0.011265
v -0.334838 0.832336 -0.154212
v -0.333244 0.259412 -0.007498
v -0.332586 1.026224 0.173369
v -0.323289 0.382661 -0.010137
v -0.331802 0.940121 -0.325105
v -0.331632 0.596895 -0.215012
v -0.330157 0.852359 0.059339
v -0.317890 0.856915 0.070274
v -0.281049 0.268635 0.140544
v -0.331064 0.745918 -0.140767
v -0.331055 0.724815 -0.292671
v -0.330945 1.127676 -0.160309
v -0.330134 0.567541 0.001720
v -0.247427 0.692751 -0.265765
v -0.315847 0.394642 -0.042465
v -0.315884 0.394465 -0.042028
v -0.327495 0.358445 -0.064464
v -0.326992 0.516011 -0.167936
v -0.201828 0.401958 -0.085169
v -0.324332 0.509138 0.115902
v -0.212214 0.812406 0.058964
v -0.322639 0.757710 0.248256
v -0.322524 0.686422 -0.191023
v -0.322124 0.383573 -0.013612
v -0.322294 0.381083 -0.001959
v -0.321941 1.150942 -0.318040
v -0.321824 0.551597 0.276524
v -0.311603 0.415804 -0.091460
v -0.284683 0.736976 0.044283
v -0.319042 0.862808 0.008588
v -0.282725 0.376947 0.084655
v -0.305858 0.861059 0.057660
v -0.304846 0.863002 0.055625
v -0.318060 0.975947 -0.117289
v -0.317858 0.912987 0.187018
v -0.306171 0.861073 0.054785
v -0.281065 0.875737 -0.324936
v -0.194235 0.582430 0.149986
v -0.194525 0.369937 -0.213490
v -0.311643 0.377903 0.037340
v -0.311254 0.377842 0.037217
v -0.314148 1.010487 0.165007
v -0.313847 0.376454 0.119894
v -0.312338 0.594457 -0.077955
v -0.313242 0.840171 -0.059809
v -0.312580 0.554765 0.236829
v -0.312038 0.627611 -0.477825
v -0.303050 0.584549 -0.060515
v -0.309962 1.100526 -0.359292
v -0.308806 0.409275 -0.085703
v -0.307776 0.831858 -0.034671
v -0.266124 0.656238 0.192373
v -0.304511 0.862386 0.056446
v -0.304511 0.862386 0.056446
v -0.304511 0.862386 0.056446
v -0.304104 1.049032 -0.222836
v -0.303070 0.584577 -0.060558
v -0.260056 0.997728 -0.394786
v -0.301938 1.109750 -0.135021
v -0.300969 0.570967 0.182475
v -0.301542 0.990329 0.061654
v -0.301314 0.348742 0.290768
v -0.301230 0.259250 0.271262
v -0.301167 1.118801 -0.179179
v -0.298461 0.909908 -0.021989
v -0.297096 0.689905 -0.158592
v -0.296936 0.497873 -0.135851
v -0.293679 0.370841 0.023604
v -0.295956 0.375803 0.032288
v -0.296873 0.362372 0.031917
v -0.288687 0.370550 0.026728
v -0.296171 0.476563 0.069048
v -0.298249 0.373486 0.035733
v -0.302146 0.374497 0.038147
v -0.295922 0.440891 -0.177499
v -0.294561 0.369150 0.017335
v -0.293262 0.580082 0.137879
v -0.293668 1.116216 -0.240788
v -0.293657 1.080870 -0.381312
v -0.265185 0.596484 0.033546
v -0.292091 0.575931 0.143312
v -0.292040 0.851979 -0.153776
v -0.291860 0.692940 0.259597
v -0.285579 0.580387 -0.034903
v -0.285816 0.580411 -0.035205
v -0.291057 0.574603 -0.043743
v -0.248728 0.268176 0.231327
v -0.290416 0.690789 -0.343778
v -0.290402 0.734385 0.047910
v -0.289763 0.752234 -0.238311
v -0.289743 0.868363 -0.210976
v -0.289518 0.568234 -0.034607
v -0.257147 0.712031 0.032393
v -0.282627 0.377289 0.084506
v -0.288847 0.555799 -0.401393
v -0.287653 0.992601 -0.308336
v -0.180876 0.256513 -0.103202
v -0.212041 0.845803 -0.361527
v -0.287286 0.940740 -0.249206
v -0.287346 0.791063 -0.093066
v -0.252084 0.909342 0.248617
v -0.243598 0.419577 0.166809
v -0.283592 0.591349 0.099255
v -0.283594 0.576785 -0.029873
v -0.285370 1.007766 -0.346551
v -0.189159 0.689407 -0.301353
v -0.256580 0.612342 -0.003610
v -0.253761 0.591378 -0.023433
v -0.272712 0.661686 -0.384551
v -0.282592 1.106680 -0.256877
v -0.282172 0.994859 -0.001540
v -0.281471 0.620019 0.116252
v -0.281145 1.121068 -0.066564
v -0.280470 0.658506 -0.261703
v -0.279031 0.607513 0.200694
v -0.278507 0.460589 0.116262
v -0.278327 0.662571 -0.268818
v -0.277368 1.020928 -0.134656
v -0.277610 0.978593 -0.095739
v -0.277525 1.006463 -0.314346
v -0.277348 1.025916 -0.240475
v -0.242050 0.719189 0.032726
v -0.277201 0.789084 0.045877
v -0.276250 0.918257 -0.346072
v -0.276634 0.770449 -0.008067
v -0.276409 1.042709 -0.120566
v -0.276627 0.655313 -0.381090
v -0.276074 0.358867 0.086280
v -0.273836 0.727316 0.040591
v -0.273757 1.172836 -0.338615
v -0.271887 0.814575 -0.221944
v -0.271257 1.105511 -0.130008
v -0.270957 0.592731 0.060423
v -0.271021 0.592741 0.060253
v -0.270801 1.139477 -0.304022
v -0.270585 0.978086 -0.123614
v -0.263058 0.374915 0.062104
v -0.263177 0.374995 0.062213
v -0.267544 0.707014 0.032679
v -0.258260 0.729811 0.035888
v -0.158356 0.990856 -0.372306
v -0.263162 0.592111 0.035469
v -0.267661 0.341922 -0.107450
v -0.266860 0.707488 0.034673
v -0.166827 0.578141 -0.099323
v -0.263397 0.731856 0.038973
v -0.261624 0.730941 0.035189
v -0.266391 0.612025 0.012995
v -0.265934 0.809508 -0.098637
v -0.265590 0.836573 -0.166292
v -0.264039 0.867696 -0.208658
v -0.259358 0.590296 0.021366
v -0.259223 0.590031 0.021445
v -0.263332 0.587129 0.024842
v -0.263167 0.592134 0.035451
v -0.195165 0.659657 -0.496513
v -0.261949 0.803635 0.033513
v -0.160229 1.150048 -0.412040
v -0.261786 0.337974 -0.120414
v -0.166805 0.725151 -0.336354
v -0.258735 0.716043 0.096588
v -0.258506 1.179087 -0.233704
v -0.253553 0.370960 0.049133
v -0.253305 0.371024 0.049001
v -0.258557 0.366788 0.054110
v -0.257427 0.772781 -0.303891
v -0.257327 0.483359 0.090916
v -0.253379 0.591175 -0.023699
v -0.247581 0.874616 -0.342930
v -0.256673 0.665142 -0.365164
v -0.255172 0.998398 -0.154152
v -0.255192 0.589838 -0.400631
v -0.254890 0.357167 0.049277
v -0.172333 0.583836 -0.340500
v -0.237728 0.721136 0.030608
v -0.237666 0.706547 0.041001
v -0.253546 0.608832 -0.196895
v -0.249632 0.366237 0.041299
v -0.252520 0.805851 -0.062496
v -0.234765 0.726033 0.038339
v -0.250730 0.828974 0.124389
v -0.249928 0.964896 -0.043186
v -0.249174 0.300365 0.121797
v -0.249048 0.611449 -0.059390
v -0.249004 0.798609 -0.253095
v -0.202507 0.342149 0.251982
v -0.248465 0.643177 -0.335845
v -0.247965 0.379524 0.006298
v -0.247711 1.072405 -0.061016
v -0.247417 0.976602 -0.308538
v -0.245523 0.596086 0.126901
v -0.245335 0.833607 0.021757
v -0.245084 1.042703 -0.391254
v -0.245009 0.743639 -0.058465
v -0.244230 0.972698 -0.122267
v -0.243264 1.070655 -0.128596
v -0.242861 0.731083 -0.233850
v -0.242722 0.818748 0.160449
v -0.242675 0.919448 -0.279130
v -0.240966 0.703333 -0.479757
v -0.239866 0.934504 -0.344021
v -0.239380 0.255413 0.080194
v -0.239080 0.672041 -0.423940
v -0.238852 1.010491 -0.093057
v -0.238243 0.721082 0.031498
v -0.238243 0.721082 0.031498
v -0.233990 0.589249 -0.006516
v -0.234051 0.589256 -0.006575
v -0.237661 0.900355 -0.210353
v -0.237443 1.077418 0.023051
v -0.237297 0.756644 -0.342371
v -0.133746 0.584923 -0.081734
v -0.148245 1.123154 -0.135498
v -0.232874 0.556934 -0.468619
v -0.232717 0.719996 0.228784
v -0.231650 0.705477 -0.250365
v -0.231603 0.709456 -0.374160
v -0.231498 0.584774 -0.015133
v -0.230854 0.865387 0.083174
v -0.229892 0.770781 -0.174355
v -0.101468 0.745725 -0.228728
v -0.113938 0.809330 -0.359842
v -0.226415 0.645177 -0.271032
v -0.100220 0.854063 -0.122450
v -0.225511 0.408584 0.018314
v -0.222787 0.587738 0.003051
v -0.227064 0.580682 -0.005287
v -0.223795 1.137570 -0.213821
v -0.225152 0.873144 0.187639
v -0.225132 0.719560 -0.292947
v -0.224988 1.117007 -0.062364
v -0.224918 0.469985 0.315171
v -0.222414 0.841708 -0.162734
v -0.189754 0.567067 0.002797
v -0.220560 0.583625 0.006420
v -0.222190 0.601194 -0.268244
v -0.113998 0.571549 0.134126
v -0.220972 1.008121 -0.102215
v -0.220577 0.782173 0.176836
v -0.220437 0.372460 0.008606
v -0.108457 1.099132 -0.278415
v -0.107144 1.040621 -0.385951
v -0.219347 0.374215 0.290139
v -0.218457 0.545069 0.300543
v -0.218220 0.784525 -0.012543
v -0.121137 0.797737 -0.219683
v -0.156981 0.971064 -0.094164
v -0.216751 0.550859 -0.018064
v -0.216440 0.984351 -0.032473
v -0.213927 1.137465 -0.243381
v -0.215352 0.517432 -0.160994
v -0.207462 0.552665 -0.015812
v -0.213250 0.311087 0.127500
v -0.210424 0.553030 -0.015675
v -0.212318 0.766086 -0.351889
v -0.212097 0.621303 -0.513179
v -0.208672 0.841525 -0.119540
v -0.209731 0.988770 -0.187703
v -0.211255 0.342517 -0.010583
v -0.208780 0.988765 -0.225541
v -0.101615 0.944340 0.010839
v -0.173536 0.576736 0.003757
v -0.209493 0.646242 0.018986
v -0.118343 0.354576 0.022929
v -0.130826 1.030258 -0.503911
v -0.209237 0.548291 0.260834
v -0.205843 0.372515 0.038844
v -0.163500 0.367743 0.029048
v -0.207859 0.917914 -0.292938
v -0.205939 0.965310 -0.045163
v -0.205225 0.970491 -0.405794
v -0.204883 0.801603 0.028075
v -0.204934 0.998777 -0.242037
v -0.204573 0.564448 -0.105369
v -0.204556 0.271291 0.103167
v -0.204139 0.878978 -0.365594
v -0.203852 0.981724 -0.161501
v -0.203843 0.925793 -0.377756
v -0.198277 1.101888 -0.222171
v -0.198543 1.102269 -0.222462
v -0.198467 1.102147 -0.222464
v -0.202614 0.314565 -0.235382
v -0.202517 1.083054 0.190024
v -0.202455 0.851101 -0.241684
v -0.202359 0.500566 -0.103913
v -0.202410 0.778891 -0.213271
v -0.126770 0.954067 -0.298000
v -0.166802 0.846127 -0.447654
v -0.201184 0.430494 -0.250093
v -0.200938 0.792281 -0.347571
v -0.200789 0.823979 -0.440158
v -0.200518 0.906281 -0.304332
v -0.177551 0.574194 -0.004391
v -0.200390 0.561109 0.002008
v -0.194910 0.807384 -0.147463
v -0.194768 0.807034 -0.147582
v -0.199904 0.725319 -0.209895
v -0.194594 0.807609 -0.147076
v -0.196444 0.839084 -0.202851
v -0.196827 0.957850 -0.043350
v -0.195540 0.591564 0.004592
v -0.194424 0.900644 -0.198611
v -0.192080 0.708586 -0.322278
v -0.193436 1.001002 -0.043530
v -0.097602 0.833523 -0.255719
v -0.192492 0.971976 -0.032304
v -0.192293 0.808465 -0.291970
v -0.191936 0.332321 -0.156666
v -0.079447 1.149531 -0.283685
v -0.066765 1.130522 -0.424235
v -0.183350 0.956583 -0.205911
v -0.183843 0.956470 -0.206216
v -0.183765 0.956312 -0.206224
v -0.187928 1.087470 -0.390755
v -0.182779 1.083586 -0.218033
v -0.182588 1.083375 -0.218008
v -0.186688 1.133206 -0.368545
v -0.172619 0.587110 -0.006701
v -0.180577 0.710286 -0.319871
v -0.180377 0.710249 -0.322811
v -0.079273 0.861821 -0.149211
v -0.184451 0.898197 -0.365365
v -0.184274 0.709865 0.038583
v -0.168773 0.586575 0.007983
v -0.183689 1.026211 -0.396467
v -0.178885 0.530425 -0.008118
v -0.181807 0.202291 0.228716
v -0.181449 0.764146 -0.079890
v -0.176393 0.788782 -0.146653
v -0.176294 0.788556 -0.146671
v -0.177563 1.120790 -0.287090
v -0.179908 0.882153 -0.293082
v -0.179170 0.636627 -0.304018
v -0.171707 1.100821 -0.247330
v -0.165665 1.111654 -0.139398
v -0.170055 0.804650 -0.179788
v -0.176434 0.376381 -0.108967
v -0.170361 0.806554 -0.179526
v -0.170444 0.807130 -0.179997
v -0.169917 0.783655 -0.158816
v -0.169145 0.783006 -0.157753
v -0.175543 0.771362 -0.096949
v -0.158671 0.526450 0.002351
v -0.171255 1.072493 -0.218132
v -0.170796 1.072921 -0.218806
v -0.170642 1.072990 -0.217761
v -0.173937 0.931430 -0.137258
v -0.173772 0.345039 -0.257186
v -0.173581 1.152688 -0.050277
v -0.172837 0.745697 -0.198297
v -0.172804 1.007625 -0.147663
v -0.131661 0.699067 -0.285703
v -0.047966 1.175526 -0.221436
v -0.170420 0.729592 -0.248513
v -0.169575 0.579283 0.002008
v -0.169575 0.579283 0.002008
v -0.169462 0.578189 0.224649
v -0.165127 0.940026 -0.199275
v -0.164945 0.939861 -0.199216
v -0.164967 0.778684 -0.150209
v -0.165910 0.776841 -0.150402
v -0.167662 0.234077 0.086137
v -0.167324 1.039701 -0.031325
v -0.167048 0.576284 0.252450
v -0.158250 0.532367 -0.001820
v -0.162012 0.534620 -0.007767
v -0.152908 0.501237 0.014414
v -0.150872 0.497410 0.007056
v -0.166757 0.499247 0.000729
v -0.166757 0.499247 0.000729
v -0.166675 1.121829 0.034813
v -0.166551 1.186399 -0.011554
v -0.166532 0.739389 -0.092576
v -0.165764 0.802220 -0.060770
v -0.052829 0.667997 -0.384489
v -0.059805 0.913741 -0.248894
v -0.052341 0.909322 -0.240178
v -0.165014 0.817014 -0.476381
v -0.155757 1.061606 -0.190852
v -0.144316 1.052360 -0.187404
v -0.164055 1.052446 -0.185360
v -0.144990 1.126094 -0.222718
v -0.145011 1.126124 -0.222741
v -0.153552 1.213096 -0.251163
v -0.039671 1.067050 -0.327295
v -0.162194 0.875838 0.058777
v -0.161939 0.590280 0.057593
v -0.156225 0.838398 -0.208646
v -0.160862 0.925834 0.012452
v -0.160742 1.033118 0.074613
v -0.160276 0.944849 -0.180931
v -0.160268 0.563714 -0.352871
v -0.160158 0.918007 -0.090685
v -0.160023 1.004327 -0.359276
v -0.159705 0.874654 -0.259808
v -0.159558 1.020064 -0.499693
v -0.159493 0.976652 0.354977
v -0.158368 0.267887 -0.004441
v -0.158206 0.843857 -0.329704
v -0.071252 1.014880 -0.208831
v -0.150468 0.524851 0.006966
v -0.146740 0.522322 0.006914
v -0.157674 0.850048 -0.223697
v -0.114929 0.721129 -0.448691
v -0.157102 0.741684 -0.117433
v -0.152932 0.930443 -0.197405
v -0.152816 0.930456 -0.197453
v -0.152414 0.930772 -0.196006
v -0.047497 0.836054 -0.080676
v -0.155547 0.938183 0.102104
v -0.155173 0.651794 -0.349731
v -0.154532 0.622564 -0.174975
v -0.145896 1.048576 -0.188569
v -0.153767 0.533805 -0.004724
v -0.153331 0.606096 0.020427
v -0.104640 0.475779 -0.480073
v -0.152159 0.899401 -0.251789
v -0.029827 1.232059 -0.374016
v -0.151309 0.697273 -0.030637
v -0.141728 0.983136 -0.334980
v -0.146881 0.980173 -0.267502
v -0.150518 0.698421 -0.418035
v -0.150131 0.973975 0.004787
v -0.115536 0.896932 -0.136171
v -0.040742 0.774269 -0.435450
v -0.146210 1.054889 -0.186772
v -0.145324 1.053325 -0.189217
v -0.074326 1.037152 -0.306944
v -0.147217 0.670651 -0.122367
v -0.147211 0.858937 -0.221293
v -0.146115 1.206030 -0.247377
v -0.146037 1.205291 -0.249992
v -0.144722 0.988039 -0.073530
v -0.133229 0.678235 -0.315476
v -0.133133 0.678055 -0.315415
v -0.144029 0.864412 -0.086718
v -0.102985 0.519059 0.014654
v -0.141603 0.502489 0.025754
v -0.141548 1.032040 0.405150
v -0.107692 0.502886 -0.009607
v -0.141528 0.496655 -0.024295
v -0.141528 0.496655 -0.024295
v -0.108463 0.506991 -0.011104
v -0.138723 1.016839 -0.326203
v -0.108207 0.315697 0.015296
v -0.138916 0.264256 0.076605
v -0.138724 0.513103 -0.025295
v -0.138712 0.513129 -0.025070
v -0.138247 1.157587 0.379224
v -0.134042 0.923035 -0.161600
v -0.137169 1.038413 0.299217
v -0.135990 1.008724 -0.179981
v -0.135625 0.942835 -0.277984
v -0.135244 0.823464 -0.104191
v -0.106286 0.564887 -0.012506
v -0.099471 0.541418 -0.009271
v -0.134779 1.014272 -0.040500
v -0.134351 0.763267 -0.368286
v -0.009693 0.669304 -0.308199
v -0.132776 0.929737 0.193285
v -0.130058 0.771189 -0.128033
v -0.130118 0.771237 -0.128074
v -0.124900 0.708364 -0.391334
v -0.131645 0.305352 -0.228234
v -0.059985 0.370300 -0.437380
v -0.113899 0.901920 -0.124137
v -0.129950 0.900667 -0.124310
v -0.129702 0.885124 -0.290115
v -0.129608 1.093690 -0.047892
v -0.018557 0.989451 -0.233271
v -0.129169 0.975612 -0.162529
v -0.128468 0.925419 0.029450
v -0.128260 1.159266 -0.146254
v -0.121594 0.662226 -0.332992
v -0.108375 0.663833 -0.329784
v -0.128386 0.352078 0.025374
v -0.127811 1.050236 -0.126587
v -0.057816 0.955355 -0.129354
v -0.126401 0.654703 -0.074532
v -0.126143 1.158784 -0.020540
v -0.125719 0.973629 0.068552
v -0.105984 0.678550 -0.347305
v -0.106433 0.679375 -0.348465
v -0.124456 1.152365 0.085508
v -0.090822 0.576860 -0.013796
v -0.102247 0.598904 -0.016296
v -0.063753 0.862765 -0.145256
v -0.123524 0.355795 0.024117
v -0.123146 0.662810 0.378825
v -0.122401 0.819081 0.325300
v -0.122417 0.725933 -0.319222
v -0.122010 0.890467 -0.175527
v -0.121788 1.073813 -0.109739
v -0.121216 0.857480 -0.309812
v -0.120809 1.033778 -0.076543
v -0.120572 0.855495 -0.051662
v -0.110969 0.895149 -0.129916
v -0.106818 0.659603 -0.312078
v -0.119148 0.650013 -0.307903
v -0.096783 0.539562 -0.011265
v -0.116017 0.707106 -0.383188
v -0.115999 0.705959 -0.386339
v -0.085447 0.739910 -0.075224
v -0.004304 0.776243 -0.289863
v -0.116511 0.989533 -0.021672
v -0.107467 0.499513 -0.010429
v -0.120417 0.498730 -0.000355
v -0.106211 0.504438 0.009400
v -0.116374 0.499898 0.000729
v -0.116374 0.499898 0.000729
v -0.116300 0.912959 0.209490
v -0.072874 0.897370 0.130301
v -0.115951 0.422988 -0.174179
v -0.115398 0.506360 -0.002577
v -0.115954 0.506685 -0.003062
v -0.115605 1.054421 -0.046696
v -0.115297 1.081729 -0.394907
v -0.082880 0.325544 -0.013281
v 0.011113 0.688598 -0.502143
v -0.024617 0.853230 -0.542715
v -0.114138 1.202119 0.093245
v -0.113560 0.887587 -0.043504
v -0.113445 0.797562 0.295033
v -0.113174 0.453279 -0.344580
v -0.113211 1.078392 -0.225946
v -0.113133 1.027590 -0.182273
v -0.064973 0.893451 -0.219986
v -0.112824 0.257036 -0.345546
v -0.110596 0.314157 0.019785
v -0.037650 1.067374 -0.174336
v -0.109309 0.780485 -0.272982
v -0.110764 0.912707 -0.360850
v -0.111205 0.347054 0.022210
v -0.111050 0.346942 0.022892
v -0.110733 0.625998 -0.178382
v -0.107020 0.764684 -0.114734
v -0.107111 0.764742 -0.114788
v -0.109487 0.763347 -0.179242
v 0.014143 0.561060 -0.411837
v -0.109312 1.089694 0.139197
v -0.108987 0.902685 0.377880
v -0.108697 1.164195 0.277268
v -0.024858 0.811429 -0.101657
v -0.107964 0.713613 -0.044645
v -0.107961 0.902001 -0.128113
v -0.110825 0.900163 -0.132224
v -0.109545 0.666101 -0.329797
v -0.107627 0.664601 -0.330383
v -0.002556 0.689270 -0.471755
v -0.107107 0.868241 -0.167717
v -0.106891 0.666099 -0.437691
v -0.112191 0.651650 -0.303185
v -0.106653 0.659843 -0.312064
v -0.089307 0.323284 -0.003313
v -0.105474 0.695528 -0.245362
v -0.105042 1.011179 0.271789
v -0.005319 0.897867 -0.294975
v -0.104569 0.818070 -0.031537
v -0.089317 0.334981 0.018429
v -0.072733 0.777485 -0.122803
v -0.103427 0.436696 -0.209084
v -0.102442 0.739364 -0.316308
v -0.097403 0.773905 -0.227997
v -0.098103 0.982423 -0.316303
v -0.098104 0.982403 -0.316302
v -0.077256 0.744426 -0.067019
v -0.101293 0.740988 -0.067596
v -0.101133 1.004901 0.165848
v -0.065015 0.954523 -0.417235
v -0.099896 0.833523 -0.174287
v -0.099012 0.847889 -0.016449
v -0.091644 0.353722 0.022076
v -0.089846 0.352617 0.016421
v -0.099578 0.545536 -0.006874
v -0.099178 0.546538 -0.012440
v -0.098026 1.156627 -0.326037
v -0.087091 0.671911 -0.036612
v -0.089843 0.672070 -0.031398
v -0.093724 0.674713 -0.027414
v -0.089359 0.667743 -0.016148
v -0.094953 0.758373 -0.106421
v -0.094276 0.759521 -0.107294
v -0.095888 0.761226 -0.105822
v -0.095612 0.956425 0.322618
v -0.093524 0.878338 -0.304928
v -0.095087 0.821216 -0.102556
v -0.023295 1.067097 -0.166977
v 0.011114 0.879773 -0.239670
v -0.094783 0.830373 -0.442967
v -0.093852 1.084973 -0.330308
v 0.016294 1.016817 -0.291071
v -0.093772 0.411034 -0.440969
v -0.063066 0.808532 -0.087020
v -0.092595 0.757028 -0.283894
v -0.092565 1.208589 -0.010630
v -0.092549 1.097887 -0.125209
v -0.091939 0.419963 0.006936
v -0.088455 0.906943 -0.201391
v -0.072334 0.768393 -0.146020
v -0.092215 0.581182 -0.011815
v -0.092230 0.581492 -0.016634
v -0.091032 1.094342 0.274354
v -0.013597 1.249359 -0.203658
v -0.089949 0.669207 0.278115
v -0.083112 0.730624 -0.069533
v 0.027294 0.975144 -0.304920
v -0.088510 0.982175 0.317284
v -0.090239 0.744572 -0.071537
v -0.039837 0.761335 -0.330688
v -0.087472 0.776269 -0.187202
v -0.087438 0.834792 -0.483777
v -0.087387 0.713637 0.299808
v -0.086133 1.087997 -0.292983
v -0.085845 0.615751 -0.245172
v -0.085552 0.879342 0.014472
v -0.085469 1.071121 -0.373678
v -0.085051 0.777443 -0.050700
v -0.083951 0.543566 -0.428442
v -0.083805 0.353992 0.018599
v -0.083805 0.353992 0.018599
v -0.083608 1.218799 -0.162124
v -0.083600 1.192663 0.054461
v -0.083424 0.837850 -0.309660
v -0.069120 0.660119 -0.026884
v -0.066769 0.661125 -0.025338
v -0.070386 0.657367 -0.027694
v -0.082969 1.050987 -0.242242
v -0.076847 0.768049 -0.145300
v -0.078073 0.766488 -0.144784
v -0.082203 0.979217 -0.400177
v -0.081697 0.718103 0.249049
v -0.081561 0.350355 -0.373080
v -0.081166 1.076698 0.412501
v -0.076075 0.980917 -0.332910
v -0.076072 0.980761 -0.332913
v -0.077702 1.016486 -0.373246
v -0.064652 0.656089 -0.028905
v -0.080184 1.230200 0.096283
v -0.056504 0.337390 0.014359
v -0.056932 0.335164 0.012658
v -0.049257 0.346523 0.024625
v -0.077494 0.962980 -0.311409
v -0.077409 0.962827 -0.311250
v -0.077829 0.962918 -0.309931
v -0.079906 0.326798 -0.012514
v -0.079173 1.055955 0.175309
v -0.078746 0.773590 -0.261245
v -0.052385 0.683365 -0.010964
v -0.051840 0.683759 -0.010660
v -0.076219 0.745046 -0.067596
v -0.074579 0.825679 0.230535
v -0.074468 0.976696 -0.434661
v -0.041007 0.698337 -0.288673
v -0.073014 1.027237 -0.128500
v -0.074079 0.228512 0.009000
v -0.054255 0.234995 0.027504
v -0.071133 0.413998 -0.315347
v -0.059770 1.003363 -0.148845
v -0.070965 1.100147 -0.114498
v -0.070603 0.975449 -0.097933
v -0.069549 1.160403 0.090307
v -0.069517 0.966385 0.267182
v -0.068610 1.091702 -0.228479
v -0.066960 0.815892 -0.264672
v -0.066977 0.740971 -0.382184
v -0.065621 0.456007 -0.310777
v -0.066073 0.995963 -0.138393
v -0.065799 0.659741 -0.024378
v -0.065799 0.659741 -0.024378
v -0.065799 0.659741 -0.024378
v -0.065799 0.659741 -0.024378
v -0.065178 1.225128 -0.266470
v 0.048814 0.746621 -0.317665
v -0.064599 0.417190 -0.339053
v -0.060086 0.460736 -0.305456
v -0.058797 0.460960 -0.307473
v -0.063738 1.021492 0.301612
v -0.062974 0.573239 0.285710
v -0.062974 0.335472 -0.335752
v -0.062747 1.034088 0.052946
v -0.056842 -0.022494 0.011729
v -0.057635 -0.023634 0.000232
v 0.031864 0.627833 -0.180300
v -0.061299 1.056120 0.148394
v -0.060549 1.085249 0.393127
v -0.059985 0.896075 -0.323794
v -0.058903 1.051585 -0.204841
v 0.055145 0.855686 -0.211951
v -0.058682 1.092983 -0.184817
v -0.058652 0.777463 0.383975
v -0.058624 0.954073 -0.130558
v -0.057430 0.744798 -0.412100
v -0.014741 0.829368 -0.413022
v -0.057219 0.873580 -0.110142
v -0.056955 0.979527 -0.190890
v -0.056764 0.560593 0.177402
v -0.052095 0.877967 -0.369317
v -0.056280 1.169275 -0.115752
v -0.006540 0.711102 -0.478225
v -0.055281 0.938700 -0.195556
v -0.055030 0.776829 -0.214443
v 0.055127 0.908034 -0.389707
v 0.050078 0.797853 -0.379625
v -0.044748 0.646411 -0.253338
v -0.045192 0.646848 -0.253857
v -0.054443 1.000542 -0.227976
v -0.054380 0.911565 -0.082755
v -0.054083 0.337608 0.015477
v -0.054083 0.337608 0.015477
v -0.054083 0.337608 0.015477
v 0.028232 1.031547 -0.449865
v -0.053683 0.901737 -0.133219
v -0.053682 0.780492 0.281163
v -0.053402 0.891636 -0.566955
v -0.050560 0.835264 -0.225776
v -0.053265 0.791546 -0.138250
v 0.007533 0.880519 0.088282
v -0.052765 0.447169 -0.431698
v -0.052608 1.100981 0.175387
v -0.052346 0.798725 -0.344898
v -0.052123 1.202017 -0.120649
v -0.051748 1.143200 -0.181413
v -0.043877 0.666766 0.156412
v -0.050708 1.268905 -0.014164
v -0.050706 0.514602 0.359197
v -0.050434 0.753388 -0.459069
v -0.049059 0.765744 -0.058801
v -0.027294 0.730216 0.009268
v -0.026816 0.730984 0.009625
v -0.048931 0.366132 -0.261091
v -0.048785 1.144139 0.331920
v 0.076417 0.894695 -0.152923
v 0.075440 1.021771 -0.098301
v 0.011901 1.082809 0.361734
v -0.048525 1.108789 -0.334155
v -0.048346 0.905994 0.021422
v -0.048040 1.036837 -0.437486
v -0.048005 0.699333 0.133696
v -0.047973 1.224059 -0.353428
v -0.047716 1.124968 0.158166
v -0.037829 0.779319 -0.175231
v -0.047543 1.092862 0.247476
v -0.022500 0.248115 0.011189
v -0.020586 0.250083 0.008260
v -0.046744 1.116242 -0.370816
v -0.045941 0.692131 -0.435399
v 0.019124 0.981730 -0.154387
v -0.038833 0.155560 0.001910
v -0.047636 0.236918 0.037517
v 0.026770 0.478751 -0.376126
v 0.032150 0.772068 -0.126929
v -0.044263 1.082254 0.006389
v -0.040775 0.769540 -0.165893
v -0.041940 0.771569 -0.166692
v -0.040419 0.771892 -0.164202
v -0.040550 0.784884 -0.184982
v -0.038651 0.778646 -0.174788
v -0.042871 1.115907 0.116011
v -0.042851 0.652915 -0.279634
v -0.042824 0.764625 -0.530734
v -0.041861 0.968723 -0.220225
v -0.042640 1.102667 -0.440003
v -0.040921 1.088288 0.265745
v 0.083029 1.003000 -0.046823
v -0.035232 0.798228 -0.199278
v -0.035341 0.798871 -0.199878
v -0.041743 0.947928 -0.234687
v -0.041626 1.230175 -0.247605
v -0.035495 0.797016 -0.199706
v -0.033766 -0.036404 -0.018876
v -0.034005 -0.033184 -0.029998
v -0.038189 0.815953 -0.315854
v -0.039984 0.748809 -0.377943
v -0.031501 0.814056 -0.312342
v -0.006547 0.030753 0.032910
v -0.038875 0.150060 -0.000027
v -0.039410 0.039011 -0.000000
v -0.039410 0.039011 -0.000000
v -0.039407 1.137125 -0.321671
v -0.040097 -0.066158 0.006805
v -0.038302 -0.066747 0.008007
v -0.039532 -0.065783 0.009173
v -0.039249 0.621696 -0.101680
v -0.032726 0.814576 -0.312854
v -0.038880 0.486527 -0.378795
v -0.049369 0.149644 -0.000023
v -0.038543 0.029547 -0.000000
v -0.038164 0.029641 0.000390
v -0.031375 0.149902 -0.001404
v -0.038522 0.150096 -0.000000
v -0.038167 1.044968 0.056837
v -0.038068 1.090701 0.223894
v -0.037973 0.752751 -0.246738
v -0.020575 0.967022 0.053956
v -0.037883 0.721683 -0.447182
v -0.037556 0.829723 -0.063017
v -0.036972 0.886143 -0.145186
v -0.036831 0.051920 -0.000000
v -0.036831 0.051920 -0.000000
v 0.085988 0.993956 -0.442346
v -0.036380 0.622950 0.253890
v -0.036017 0.976868 -0.327012
v -0.035800 1.048351 -0.240054
v -0.035690 0.954022 -0.243577
v -0.035666 0.954049 -0.243576
v 0.024304 1.034770 0.113475
v -0.035371 0.308906 -0.236828
v -0.035244 1.121923 -0.141458
v -0.034869 1.021894 -0.538398
v -0.034326 1.002208 -0.149579
v -0.034194 0.328609 -0.287193
v -0.033589 0.924362 -0.598636
v -0.033464 0.663193 -0.204886
v -0.011395 0.177811 -0.035115
v 0.091917 0.802630 -0.331027
v -0.032679 1.099461 0.142373
v -0.027847 0.781082 -0.164873
v -0.028130 0.780896 -0.164864
v -0.032268 0.812651 -0.557522
v -0.032104 0.921217 -0.451467
v -0.030387 1.016646 -0.120168
v -0.031920 0.914805 -0.345411
v -0.031921 1.262625 -0.118500
v -0.031407 0.655042 -0.394187
v -0.030508 0.795561 -0.501391
v -0.029726 1.080890 -0.126575
v -0.029269 0.416505 -0.112998
v -0.029036 0.943328 -0.395243
v -0.028738 0.821876 0.211094
v -0.028593 0.827326 -0.175248
v -0.028407 0.930592 -0.492753
v 0.096110 0.913509 -0.202606
v -0.026739 0.717423 0.135783
v -0.026662 1.069241 0.190233
v -0.025378 1.018749 -0.038903
v -0.006116 0.619587 -0.195788
v 0.019902 1.035014 0.040118
v -0.024809 0.717317 -0.041382
v -0.019224 0.834751 -0.222019
v -0.014623 -0.044163 0.008365
v -0.014770 -0.045058 -0.003180
v -0.023241 0.875925 -0.464144
v -0.023177 0.822158 -0.386669
v -0.022541 1.010494 -0.192459
v 0.068564 0.369095 -0.482742
v -0.022053 0.616769 0.148854
v -0.021945 0.803882 0.348561
v -0.021279 1.079521 0.219294
v -0.021001 0.804173 -0.417348
v -0.020912 1.075986 0.171565
v -0.015332 0.708122 -0.052038
v -0.014440 0.706882 -0.052355
v -0.018298 0.715272 -0.045110
v -0.020197 0.250315 0.008922
v -0.020197 0.250315 0.008922
v -0.020007 0.707590 -0.169492
v -0.019698 0.617257 -0.345487
v -0.018674 1.221573 -0.028481
v -0.019223 0.537078 0.211689
v 0.009320 0.189000 -0.040811
v 0.004764 0.190407 -0.026646
v -0.018805 1.097628 0.304052
v -0.018735 0.663286 -0.410403
v -0.018632 0.557601 -0.378852
v -0.016597 0.948559 -0.159650
v -0.017843 0.991210 0.037271
v 0.102285 1.121028 0.309167
v 0.026109 1.005978 0.168472
v -0.016862 1.062353 0.244642
v -0.016566 0.948570 -0.159666
v 0.006707 0.809597 0.034980
v -0.000408 0.810035 0.041366
v -0.016129 0.817991 0.035736
v -0.005877 0.172333 0.037988
v -0.016037 1.162667 -0.084050
v -0.016115 0.981489 0.088365
v -0.004858 0.628585 -0.217056
v -0.014966 0.981784 -0.207530
v 0.098308 1.120891 -0.039208
v -0.014926 0.686545 -0.431404
v 0.033301 1.001739 -0.179417
v -0.014618 1.238552 -0.269011
v -0.014651 0.709236 -0.054068
v -0.014214 0.708380 0.154558
v -0.014196 0.992775 0.076423
v 0.106674 1.012343 0.203206
v -0.012857 0.635550 -0.508116
v -0.012500 0.826357 0.329536
v -0.012023 1.028877 -0.219118
v -0.011838 0.602256 -0.318769
v -0.008665 0.947914 -0.200856
v -0.008665 0.947859 -0.200821
v -0.011192 1.015063 0.393745
v 0.094454 0.839551 0.089223
v -0.010671 0.407679 -0.402419
v -0.009955 0.178873 -0.035180
v -0.007547 1.016484 -0.079662
v -0.009847 0.761147 -0.178745
v -0.006194 0.795560 -0.162185
v -0.006538 0.795391 -0.162235
v -0.008774 0.849406 -0.471030
v 0.063291 1.175497 -0.105426
v -0.007781 0.803756 -0.203838
v -0.002044 0.786174 -0.283425
v -0.001498 0.785816 -0.283010
v -0.006850 0.523195 -0.406421
v -0.006797 0.482331 -0.438963
v -0.006777 0.977342 0.327864
v -0.006365 1.150662 0.234650
v 0.115665 1.120675 -0.130425
v 0.009199 0.808293 0.038174
v 0.009929 0.800402 0.038632
v -0.005771 0.172401 0.038221
v 0.042174 0.890951 0.074074
v -0.005597 0.821825 -0.016538
v -0.005588 0.920186 -0.157717
v -0.005441 0.328350 -0.167937
v -0.004984 0.621927 -0.176620
v 0.076354 0.652939 -0.436407
v -0.003246 0.219651 0.005783
v -0.004940 0.221549 0.005934
v 0.000422 1.142878 -0.084948
v 0.117342 1.229240 -0.024316
v -0.007827 0.625712 -0.214553
v -0.000255 1.088004 0.306067
v -0.003625 1.065053 0.375365
v 0.002654 1.043864 0.278909
v 0.002724 1.043897 0.278910
v -0.003444 -0.067498 -0.036899
v -0.001569 -0.067936 -0.035755
v -0.003062 -0.067918 -0.034501
v 0.002306 1.021893 0.264556
v 0.002770 1.021128 0.264012
v 0.001932 1.021231 0.264236
v -0.001052 0.035097 -0.039317
v -0.000535 1.084202 0.120612
v 0.030385 0.669223 -0.148756
v 0.012891 0.029126 0.024926
v -0.000346 0.160082 -0.039393
v -0.000346 0.160082 -0.039393
v -0.000346 0.160082 -0.039393
v 0.011632 0.246729 -0.000318
v 0.062966 0.619824 0.070695
v -0.000026 0.030753 -0.039548
v 0.011396 0.246245 0.000035
v 0.000116 0.826882 -0.138674
v 0.025781 0.042986 -0.013136
v 0.000346 0.156910 0.039393
v 0.000346 0.156910 0.039393
v 0.040793 0.168521 0.003576
v 0.000346 0.156910 0.039393
v 0.000368 0.050355 -0.037389
v 0.000412 0.738036 0.221992
v 0.000619 1.130145 -0.164012
v 0.012978 0.034995 0.026211
v 0.018514 0.619885 -0.216329
v -0.001210 0.606672 -0.195031
v 0.120483 1.145965 -0.462319
v 0.003320 0.831730 -0.370604
v 0.005877 0.995770 -0.113884
v 0.005967 0.995632 -0.114117
v 0.005379 0.995038 -0.114138
v 0.005791 1.136887 -0.084604
v 0.007075 0.943221 -0.175791
v 0.006976 0.943597 -0.175930
v 0.006855 0.942553 -0.176696
v 0.005450 1.028094 -0.440356
v 0.006291 1.223687 0.157779
v 0.006461 0.897933 -0.479468
v 0.010348 1.190692 -0.015233
v 0.010374 1.190809 -0.015317
v 0.010228 1.190281 -0.014592
v 0.007958 1.035229 0.243785
v 0.008981 0.344229 -0.325103
v 0.009452 0.598791 -0.416315
v 0.009445 1.122053 0.208212
v 0.009552 0.981220 0.103606
v 0.103214 0.519571 -0.259143
v 0.039679 0.699848 -0.113296
v 0.087725 0.445025 -0.204440
v 0.032112 0.329551 -0.004229
v 0.032192 0.330013 -0.004279
v 0.023131 0.330734 0.004374
v 0.010316 1.085637 0.018331
v 0.023866 0.245537 0.009846
v 0.029748 0.241997 -0.030167
v 0.023087 0.246551 -0.019767
v 0.011223 0.721764 -0.445759
v 0.136474 0.987181 -0.164213
v 0.011699 1.233641 0.245977
v 0.011736 0.827534 0.216819
v 0.011738 0.595940 -0.285879
v 0.011954 1.043758 -0.245108
v 0.012233 0.710498 -0.422353
v 0.012269 0.258904 0.248138
v 0.012289 1.084412 0.130605
v 0.133267 1.136112 0.347477
v 0.012815 0.458885 -0.421660
v 0.013444 0.807867 0.047158
v 0.108943 0.685746 0.085097
v 0.115048 0.761149 -0.617367
v 0.014283 1.116503 -0.322631
v 0.014127 0.194344 0.025681
v 0.044009 0.178682 -0.008327
v 0.014350 0.780909 -0.344700
v 0.017595 0.798321 -0.204189
v 0.033477 0.611994 -0.200623
v 0.023473 -0.070857 0.004314
v 0.014918 0.359928 -0.176604
v 0.023182 -0.071377 0.001924
v 0.026631 0.556319 -0.124747
v 0.015272 0.675238 -0.423382
v 0.015906 0.522452 -0.421067
v 0.018380 0.619290 -0.215274
v 0.026028 0.769018 -0.269745
v 0.017154 0.436817 -0.194281
v 0.044387 0.981709 -0.134407
v 0.017481 0.693677 -0.415732
v 0.017825 1.045233 -0.131703
v 0.018088 1.077753 -0.397045
v 0.030227 0.248813 0.006052
v 0.023576 0.774077 -0.269751
v 0.023486 0.773744 -0.269714
v 0.022232 1.221074 -0.043382
v 0.025259 0.278437 0.014594
v 0.026105 0.283623 0.001525
v 0.039795 0.496624 -0.061048
v 0.033659 0.491279 -0.066583
v 0.027676 0.283186 -0.017985
v 0.035498 0.284085 -0.011907
v 0.023354 1.169825 0.017349
v 0.034308 1.138884 0.046714
v 0.034455 1.138014 0.046641
v 0.021626 1.143313 0.052698
v 0.037780 0.985207 0.088824
v 0.020516 0.695221 -0.396403
v 0.025944 0.599870 -0.215624
v 0.013499 0.605342 -0.226104
v 0.143154 1.072019 0.174909
v 0.021478 0.882335 -0.560306
v 0.028607 0.331759 -0.008377
v 0.051776 0.770132 -0.191210
v 0.022662 1.057834 -0.106357
v 0.104968 1.140302 -0.376714
v 0.023128 0.195671 0.001521
v 0.023128 0.195671 0.001521
v 0.023128 0.195671 0.001521
v 0.023128 0.195671 0.001521
v 0.023174 0.754531 -0.077856
v 0.025018 -0.070944 0.003129
v 0.023425 0.773627 -0.375739
v 0.029018 0.970545 0.095819
v 0.035891 0.976049 0.094400
v 0.029581 0.971897 0.083549
v 0.138263 0.588438 0.353343
v 0.045736 0.416175 -0.021204
v 0.045746 0.417278 -0.021568
v 0.027008 0.416916 -0.024745
v 0.024600 0.881876 -0.269600
v 0.025131 1.195828 -0.193242
v 0.025159 0.760796 -0.545312
v 0.144109 0.839328 -0.245666
v 0.025795 0.875274 -0.163457
v 0.034880 0.787298 -0.293109
v 0.034710 0.786925 -0.292715
v 0.028263 1.149764 0.319416
v 0.026804 0.694735 -0.516603
v 0.148172 0.441637 -0.510172
v 0.027827 0.841746 0.259958
v 0.041904 0.497101 -0.061349
v 0.027633 0.953956 0.341111
v 0.031587 1.134479 0.044629
v 0.027670 1.086240 0.227668
v 0.030065 0.607304 -0.211886
v 0.029215 0.606006 -0.211497
v 0.061541 0.806584 -0.260513
v 0.031678 0.767200 -0.221147
v 0.032421 0.768565 -0.220960
v 0.148923 1.267028 0.039669
v 0.106932 0.712309 -0.653545
v 0.032718 0.824836 0.063710
v 0.028513 0.579447 0.339266
v 0.029131 0.972667 0.306008
v 0.029229 0.485451 -0.324091
v 0.050267 0.414763 0.007563
v 0.050035 0.414050 0.007587
v 0.031242 0.420721 0.008438
v 0.029352 0.936900 -0.306697
v 0.029444 0.281944 0.232246
v 0.029723 0.815765 0.122657
v 0.029775 0.889229 0.064517
v 0.153540 1.115544 -0.284223
v 0.029904 0.586997 -0.290667
v 0.143678 1.012580 -0.135340
v 0.030406 0.284037 -0.155547
v 0.030531 0.824423 -0.295541
v 0.082367 1.078490 -0.012048
v 0.035948 0.813211 -0.155151
v 0.031237 0.443728 -0.385067
v 0.031214 0.278962 0.094068
v 0.035387 0.625549 0.328878
v 0.032061 0.861679 -0.392296
v 0.044502 0.982232 -0.134504
v 0.046923 0.984860 -0.126843
v 0.052877 0.225434 -0.016037
v 0.034105 0.707256 -0.313137
v 0.034333 0.773633 -0.257323
v 0.034559 0.347430 -0.112778
v 0.036900 0.430999 -0.373416
v 0.034762 0.928559 -0.371086
v 0.054123 1.305465 0.004219
v 0.035362 1.027491 0.093469
v 0.043682 0.976145 0.082924
v 0.044409 0.972061 0.083207
v 0.046063 0.975328 0.085281
v 0.050854 0.238214 -0.002799
v 0.045786 0.328604 -0.046015
v 0.067995 0.319934 -0.057077
v 0.049851 0.415548 -0.017051
v 0.036081 1.042305 0.137394
v 0.053762 0.240198 -0.008860
v 0.046501 0.236251 -0.013329
v 0.036237 0.704388 -0.525614
v 0.036460 0.746007 -0.268508
v 0.036570 0.948291 -0.386918
v 0.113405 0.663389 -0.195074
v 0.037725 0.892294 -0.235615
v 0.150562 0.850525 0.344357
v 0.044558 0.984428 -0.135793
v 0.038392 1.078846 0.431292
v 0.038515 0.305362 0.132616
v 0.038522 0.166896 -0.000000
v 0.038522 0.166896 -0.000000
v 0.038522 0.166896 -0.000000
v 0.038522 0.166896 -0.000000
v 0.038522 0.166896 -0.000000
v 0.038522 0.166896 -0.000000
v 0.038522 0.166896 -0.000000
v 0.062743 0.268305 0.005237
v 0.038970 1.056214 0.063309
v 0.065869 0.268246 -0.025630
v 0.063002 0.269253 -0.023014
v 0.039647 0.030756 0.000046
v 0.039660 0.030756 -0.000034
v 0.039416 1.181976 0.325586
v 0.039590 0.908654 -0.319307
v 0.039737 0.643350 -0.105669
v 0.045961 0.413480 0.010842
v 0.044570 0.629716 0.322628
v 0.042455 0.631013 0.321033
v 0.042692 1.097152 -0.294872
v 0.042701 1.097258 -0.294998
v 0.042241 1.096571 -0.294548
v 0.100665 0.610099 0.000602
v 0.041127 1.051120 0.151399
v 0.041351 0.702942 0.197659
v 0.041611 1.135402 0.134363
v 0.147040 0.948100 0.181405
v 0.091322 0.819369 -0.436639
v 0.132370 0.478159 -0.398367
v 0.162848 1.027839 0.245347
v 0.042433 0.889562 0.325641
v 0.101339 0.707180 -0.655723
v 0.144035 0.867627 -0.319400
v 0.043698 0.546742 -0.459182
v 0.043770 0.728231 -0.514974
v 0.043750 1.043985 0.155962
v 0.108939 0.873177 -0.210927
v 0.044061 0.770130 -0.195525
v 0.105263 0.974570 0.310811
v 0.044744 0.178732 -0.008332
v 0.044744 0.178732 -0.008332
v 0.044744 0.178732 -0.008332
v 0.050647 0.813760 -0.341608
v 0.050952 0.808519 -0.336423
v 0.066135 0.269179 0.005533
v 0.044372 0.976444 0.089242
v 0.046122 0.974454 0.085438
v 0.079008 0.852028 -0.026361
v 0.045398 0.655847 -0.353296
v 0.045897 0.919716 -0.342100
v 0.073690 1.087006 -0.149893
v 0.052265 0.769480 -0.192649
v 0.047369 0.767290 -0.189721
v 0.146344 0.816324 -0.703673
v 0.069538 0.341598 0.035447
v 0.052744 0.331285 0.024879
v 0.046902 0.416797 -0.021020
v 0.047031 0.886546 0.390834
v 0.047184 0.649710 -0.247416
v 0.047461 0.788103 -0.241916
v 0.047903 0.663822 0.154445
v 0.047908 0.662669 -0.038804
v 0.048609 0.811696 -0.066531
v 0.051853 1.083486 -0.256994
v 0.057752 1.286947 0.003147
v 0.172941 1.007228 -0.388738
v 0.049323 0.816868 0.069504
v 0.049349 0.843175 -0.559685
v 0.164042 1.124735 -0.225981
v 0.064159 1.042123 0.123050
v 0.064639 1.041405 0.122332
v 0.052041 1.043228 0.123859
v 0.170534 1.158558 -0.064295
v 0.049891 0.233270 -0.006578
v 0.049947 0.859827 -0.467167
v 0.055282 0.337102 0.020747
v 0.050380 0.372749 0.145195
v 0.054213 0.827388 0.261312
v 0.054214 0.827380 0.261313
v 0.050805 0.367473 0.346942
v 0.078601 0.273681 -0.009981
v 0.057267 0.266776 -0.003558
v 0.045998 0.417090 0.003433
v 0.149911 1.039363 0.024443
v 0.053496 0.841441 0.297721
v 0.163607 1.110083 0.044624
v 0.155550 0.448994 -0.287254
v 0.073965 0.427611 -0.093425
v 0.071856 0.410926 -0.071207
v 0.069992 0.414374 -0.073393
v 0.051888 0.452471 -0.228014
v 0.064923 1.061804 -0.221138
v 0.064037 1.061260 -0.221632
v 0.054427 1.065131 -0.218675
v 0.052799 0.578700 -0.504487
v 0.053094 1.114713 0.056675
v 0.053127 0.935019 -0.279196
v 0.048853 0.762955 -0.197360
v 0.074402 0.319622 -0.052512
v 0.073626 0.320108 -0.052118
v 0.175372 1.052402 -0.171987
v 0.053684 0.859983 -0.325054
v 0.053839 0.904236 -0.206996
v 0.057118 0.982130 0.232928
v 0.054216 0.979732 0.355069
v 0.061764 0.775834 0.163262
v 0.054494 0.324559 -0.111389
v 0.054810 1.015648 0.005683
v 0.055695 1.160454 0.038591
v 0.060243 0.433810 -0.329754
v 0.064021 1.043562 0.122511
v 0.151640 0.619439 -0.481230
v 0.116328 1.143410 0.166237
v 0.056678 0.819760 0.410046
v 0.056955 0.238563 -0.006578
v 0.056955 0.238563 -0.006578
v 0.057105 0.239012 -0.006578
v 0.171465 0.479813 0.252595
v 0.074570 0.320801 0.027250
v 0.079322 0.556572 0.054168
v 0.057740 1.188470 0.221077
v 0.057936 0.767791 -0.289529
v 0.058156 0.635459 -0.229560
v 0.058104 0.681349 -0.326407
v 0.058571 0.873060 -0.562337
v 0.069828 0.628968 -0.258530
v 0.061319 1.116041 -0.328876
v 0.058735 0.700796 -0.209952
v 0.061990 1.056558 -0.222623
v 0.058945 0.916847 -0.186018
v 0.061895 0.736191 -0.052806
v 0.077604 0.906497 -0.152307
v 0.078417 0.314015 0.029360
v 0.080307 0.441827 -0.288501
v 0.059377 0.968427 0.097409
v 0.060530 0.730586 -0.322703
v 0.060240 1.047949 -0.217346
v 0.060291 0.721227 -0.021811
v 0.099985 0.566423 -0.016434
v 0.064808 1.008902 0.208143
v 0.066900 1.110853 0.255961
v 0.067979 1.231764 -0.253796
v 0.061457 0.849365 -0.106225
v 0.061578 0.921469 0.137674
v 0.061597 1.076563 0.007453
v 0.065647 0.827274 0.083277
v 0.061895 1.013781 0.300705
v 0.061866 1.000552 -0.338976
v 0.079148 0.338190 0.049365
v 0.062043 0.825537 -0.102418
v 0.062122 1.079902 0.127460
v 0.061466 0.591195 -0.192515
v 0.066513 0.819321 0.261997
v 0.065547 0.818049 0.261165
v 0.064332 0.912956 0.006989
v 0.064526 0.961811 -0.218561
v 0.064838 0.268479 0.006758
v 0.064838 0.268479 0.006758
v 0.065230 0.387894 -0.091503
v 0.183521 1.092202 0.267196
v 0.082136 0.424210 -0.110799
v 0.075019 0.418508 -0.096223
v 0.082173 0.906950 -0.155915
v 0.068754 0.904317 -0.168409
v 0.084272 0.912112 -0.163766
v 0.065971 0.268170 -0.025162
v 0.065971 0.268170 -0.025162
v 0.066182 0.773757 -0.656474
v 0.093103 0.520695 -0.034171
v 0.066195 0.502701 -0.030348
v 0.066389 0.789323 -0.391921
v 0.066646 0.495490 0.036259
v 0.176381 1.142858 -0.008344
v 0.066876 0.578677 -0.473597
v 0.067271 0.961302 -0.383523
v 0.067612 1.051465 0.048525
v 0.067901 0.602562 -0.381662
v 0.143511 0.571875 -0.604597
v 0.068507 0.430180 -0.101365
v 0.068545 0.548310 0.127084
v 0.062533 0.400710 -0.114751
v 0.070876 0.400313 -0.106236
v 0.068870 0.630685 0.042783
v 0.069203 0.584939 -0.399752
v 0.069276 0.408214 0.226656
v 0.069383 1.255836 -0.137553
v 0.069442 0.672705 -0.253957
v 0.072166 1.220160 -0.255094
v 0.069596 0.695231 0.402130
v 0.138779 0.729327 0.009759
v 0.069959 0.580586 -0.220123
v 0.069449 0.629107 -0.258384
v 0.072654 1.005786 0.209782
v 0.070113 1.092147 0.243945
v 0.071681 0.250594 -0.005266
v 0.070573 0.248346 -0.011284
v 0.070598 0.244578 -0.008604
v 0.070598 0.244578 -0.008604
v 0.082649 1.000985 -0.423973
v 0.071102 1.227264 0.333794
v 0.088459 0.959671 0.104684
v 0.071642 0.541047 -0.135767
v 0.071869 0.981474 -0.193652
v 0.080101 0.903997 -0.161392
v 0.072248 0.903845 -0.528685
v 0.173478 0.869700 -0.528778
v 0.072729 1.177452 0.152941
v 0.072968 0.543374 0.264030
v 0.086083 0.915484 -0.152523
v 0.074127 0.150467 -0.012767
v 0.074224 1.082356 0.124771
v 0.067734 0.318221 0.037122
v 0.074512 0.320102 -0.052299
v 0.074799 0.801576 -0.039296
v 0.080877 0.498443 -0.024230
v 0.099639 0.504748 -0.027748
v 0.073759 0.488918 -0.036990
v 0.077576 1.056483 0.155746
v 0.077669 1.056413 0.156063
v 0.077381 1.056160 0.156927
v 0.079842 0.903628 -0.152647
v 0.078570 0.767540 -0.204208
v 0.077587 0.765640 -0.204295
v 0.075502 1.057447 0.051180
v 0.075466 1.085631 0.262642
v 0.079107 1.013021 0.139830
v 0.078925 1.012841 0.139954
v 0.078214 1.013346 0.140584
v 0.075966 0.812092 -0.250146
v 0.082577 0.826061 -0.416954
v 0.076034 1.080066 0.116566
v 0.076077 0.513619 -0.107850
v 0.076055 0.669916 -0.458202
v 0.148892 0.818911 -0.163465
v 0.076195 0.635561 -0.082659
v 0.076390 0.345543 0.167450
v 0.077652 0.908160 -0.499776
v 0.079297 0.443123 -0.288146
v 0.187626 0.332449 -0.409832
v 0.081465 1.080517 0.189410
v 0.081401 1.080504 0.189324
v 0.076955 0.968240 -0.221494
v 0.077246 0.795011 0.063997
v 0.086883 1.103857 0.295801
v 0.197481 0.670459 -0.358294
v 0.077362 0.348947 0.333306
v 0.077677 0.631569 -0.342277
v 0.076418 0.322511 0.032318
v 0.077769 0.325404 0.029844
v 0.077977 0.315802 0.027924
v 0.130406 0.583327 0.173685
v 0.204891 1.214495 -0.368621
v 0.066401 0.327942 0.041398
v 0.078591 0.318936 0.038955
v 0.079200 0.692676 -0.382635
v 0.082804 1.096202 0.229550
v 0.196010 0.977962 -0.633413
v 0.080881 0.350979 -0.288203
v 0.086925 0.444278 -0.225119
v 0.086453 0.439948 -0.222853
v 0.115809 0.561364 -0.019301
v 0.081307 0.494412 -0.003982
v 0.081560 1.021387 0.111674
v 0.081838 1.021745 0.305753
v 0.082121 0.424029 -0.110740
v 0.156464 0.994054 0.042506
v 0.082824 1.080437 0.144765
v 0.178248 0.794033 0.165723
v 0.098411 0.509230 -0.049065
v 0.097539 0.508458 -0.047626
v 0.083176 1.101032 0.399815
v 0.083214 1.156547 -0.121303
v 0.116335 0.581325 -0.148632
v 0.089908 0.440149 -0.203714
v 0.083500 0.751565 -0.008955
v 0.083534 0.488734 -0.030348
v 0.209960 1.118701 -0.425934
v 0.087806 0.572033 0.084060
v 0.087904 0.424228 -0.124849
v 0.091247 0.430117 -0.129770
v 0.110328 0.574671 -0.470091
v 0.084427 0.630934 -0.502169
v 0.089298 0.335373 0.060048
v 0.089875 1.045584 0.212506
v 0.089934 1.045941 0.212085
v 0.090307 1.046743 0.212589
v 0.084685 0.465804 0.287437
v 0.084731 1.159353 0.386396
v 0.085131 0.823258 -0.377465
v 0.085603 0.476530 -0.294800
v 0.198467 0.742232 0.249449
v 0.089015 1.065676 0.158232
v 0.088852 1.065568 0.158211
v 0.086333 0.333537 0.379966
v 0.086840 0.408862 -0.084548
v 0.086749 0.406344 -0.089476
v 0.087127 0.288274 0.321169
v 0.087342 1.130083 0.199612
v 0.088296 0.403803 -0.091296
v 0.080765 0.394101 -0.088253
v 0.087698 0.407299 -0.099059
v 0.087698 0.407299 -0.099059
v 0.186215 0.490140 -0.265672
v 0.188362 0.758394 -0.414252
v 0.208378 1.330763 -0.075185
v 0.088369 1.058665 0.428099
v 0.210689 0.884957 -0.557909
v 0.089329 0.846242 0.279985
v 0.089324 0.361059 0.445752
v 0.210860 0.993540 -0.451799
v 0.092428 0.448096 -0.262832
v 0.089622 1.029965 0.035275
v 0.089660 0.996827 0.058978
v 0.089803 0.403851 -0.086082
v 0.089803 0.403851 -0.086082
v 0.089922 0.797136 -0.162326
v 0.089936 0.649203 -0.613047
v 0.093166 0.340069 0.065447
v 0.091201 0.867548 -0.540205
v 0.095153 0.443256 -0.178428
v 0.095239 0.444377 -0.178272
v 0.213902 0.870852 -0.610811
v 0.090279 0.834295 0.058626
v 0.138287 1.000022 0.118552
v 0.099358 0.895554 -0.428080
v 0.095155 0.516804 -0.033576
v 0.091056 0.374016 -0.397884
v 0.090557 0.444699 -0.205914
v 0.091642 0.295530 -0.374225
v 0.216354 1.067812 0.177663
v 0.092119 0.266131 0.093094
v 0.092209 0.856678 -0.061401
v 0.092237 0.965102 0.044693
v 0.092236 0.958619 0.150789
v 0.091925 0.444182 -0.264108
v 0.092505 0.809174 -0.224901
v 0.092525 0.541672 0.269610
v 0.092871 1.123908 0.093748
v 0.093064 0.700847 -0.118778
v 0.093105 0.813668 -0.102518
v 0.093244 1.041420 0.306745
v 0.100104 0.501065 -0.025716
v 0.094297 0.430792 0.180448
v 0.094774 0.445864 -0.130911
v 0.095051 0.455635 -0.200014
v 0.095296 0.673698 -0.184237
v 0.095405 0.459313 -0.183081
v 0.112039 0.826603 -0.147400
v 0.112221 0.826226 -0.147367
v 0.096772 0.815192 0.011586
v 0.096932 0.810176 0.235834
v 0.101233 0.446388 -0.246197
v 0.105546 1.015863 -0.483964
v 0.100899 0.440794 -0.249200
v 0.100748 0.441004 -0.248414
v 0.097886 1.114717 0.415075
v 0.098110 0.754111 -0.160596
v 0.098246 0.935513 -0.183296
v 0.098535 0.794650 -0.334946
v 0.106645 0.941217 0.207027
v 0.098755 0.932969 0.205922
v 0.118816 0.926991 0.202816
v 0.098755 0.932969 0.205922
v 0.098817 1.014909 0.216358
v 0.099043 0.886907 0.141841
v 0.133484 0.842624 0.132912
v 0.099308 0.566898 -0.282331
v 0.099499 0.559810 0.078977
v 0.099677 0.559504 0.079121
v 0.099532 0.860464 -0.222528
v 0.115923 0.885324 -0.386939
v 0.099646 0.991206 -0.319674
v 0.100198 0.961645 -0.117923
v 0.100317 1.189003 0.040095
v 0.100361 0.516814 0.328042
v 0.100793 0.502790 -0.027516
v 0.102439 0.500622 -0.029959
v 0.100794 0.993220 0.339817
v 0.100778 0.801315 0.167356
v 0.101078 0.573107 -0.229131
v 0.116702 0.886303 -0.386832
v 0.103620 0.884601 -0.387615
v 0.101352 0.596223 0.243357
v 0.107487 0.442227 -0.162766
v 0.106990 0.440398 -0.164484
v 0.103729 0.439194 -0.154549
v 0.101682 1.092093 -0.035574
v 0.102117 1.108094 0.149463
v 0.226293 0.578777 0.182664
v 0.102684 0.791547 -0.287587
v 0.102673 1.053023 0.150618
v 0.102764 0.844380 0.438980
v 0.103356 0.352280 -0.067880
v 0.103655 0.599000 -0.257010
v 0.103823 0.869046 -0.616869
v 0.103773 0.811446 0.283419
v 0.103801 1.129965 0.449309
v 0.222002 0.983962 0.168055
v 0.105102 0.582123 0.454030
v 0.109808 0.571636 -0.157616
v 0.115491 0.578906 -0.141375
v 0.106385 0.915845 0.045216
v 0.231223 0.959526 0.072387
v 0.200399 0.729316 -0.390204
v 0.145771 0.463582 0.097628
v 0.106928 0.259873 0.087832
v 0.107084 0.452613 -0.470153
v 0.112717 0.278704 -0.021088
v 0.118701 0.289188 -0.022748
v 0.222045 1.196814 0.334451
v 0.117996 0.714361 -0.405466
v 0.110377 1.078898 0.161838
v 0.110170 1.078800 0.161806
v 0.108423 0.629654 0.205123
v 0.114229 0.880758 -0.386565
v 0.125190 0.933332 0.213000
v 0.123864 0.924412 0.211800
v 0.126447 0.937279 0.218864
v 0.108762 1.089462 0.065305
v 0.108899 0.841587 0.219824
v 0.124548 0.935992 0.196963
v 0.119513 0.935542 0.201249
v 0.128184 0.678326 -0.349647
v 0.129187 0.678528 -0.350252
v 0.105132 0.434333 -0.168276
v 0.109739 1.083058 -0.418815
v 0.109853 0.948512 -0.049043
v 0.109895 0.452774 -0.077952
v 0.110983 1.009486 -0.482131
v 0.110225 0.278244 0.227590
v 0.110757 0.439037 -0.253645
v 0.110866 0.438342 -0.251832
v 0.110284 0.737085 -0.036312
v 0.230550 0.778731 -0.257239
v 0.110337 0.491785 -0.392249
v 0.209337 1.148043 0.112278
v 0.196360 1.237130 -0.010931
v 0.189545 0.820632 -0.586662
v 0.111462 0.251013 0.015795
v 0.146458 0.474067 0.065686
v 0.126458 0.648975 -0.323406
v 0.114954 0.667394 -0.321577
v 0.113752 0.660046 -0.325831
v 0.112745 0.810593 -0.015447
v 0.112992 0.795546 -0.119012
v 0.113023 0.700157 -0.461860
v 0.115754 0.281219 -0.022487
v 0.113350 0.472512 -0.314953
v 0.113913 0.833674 0.245066
v 0.114134 0.942234 -0.440118
v 0.114134 0.942234 -0.440118
v 0.117247 0.930656 0.206946
v 0.116994 0.931511 0.205190
v 0.114539 0.855110 -0.325495
v 0.129674 0.827715 -0.336819
v 0.116152 0.459113 -0.248663
v 0.116274 0.506439 -0.021525
v 0.120829 0.842467 -0.506630
v 0.120825 0.842451 -0.506624
v 0.127513 0.529844 -0.088417
v 0.145326 0.770446 0.186217
v 0.116853 0.604886 -0.603199
v 0.127336 1.191134 0.171809
v 0.142309 0.576047 -0.156482
v 0.117369 0.481482 -0.122549
v 0.129857 0.582789 0.173573
v 0.117393 0.692510 -0.468002
v 0.132046 0.951825 0.210670
v 0.132378 0.952075 0.210779
v 0.117657 1.023706 -0.066961
v 0.147695 0.332652 0.124759
v 0.117817 1.182719 -0.064460
v 0.144919 0.594673 -0.177134
v 0.132230 0.562535 -0.143177
v 0.118593 1.041463 0.079010
v 0.118973 1.243697 0.061706
v 0.121161 0.434920 -0.169977
v 0.118989 1.222956 0.081680
v 0.124508 1.107934 0.248061
v 0.124482 1.107874 0.248053
v 0.124341 1.108254 0.248941
v 0.226470 1.155210 0.246266
v 0.119499 0.655589 -0.458823
v 0.119946 0.374715 -0.009304
v 0.120074 0.915100 -0.028215
v 0.120203 0.471093 0.392987
v 0.120272 0.969033 0.024057
v 0.171365 1.130076 0.014659
v 0.124767 1.179487 0.292878
v 0.120981 0.941179 -0.197749
v 0.121183 0.885406 0.047488
v 0.122493 0.437469 -0.171248
v 0.121390 0.675427 -0.255465
v 0.121519 0.567445 -0.021053
v 0.121580 0.926288 0.106731
v 0.121641 0.969537 -0.420403
v 0.122166 0.398766 0.024129
v 0.122979 0.607269 -0.156119
v 0.202914 0.681632 -0.323229
v 0.123605 0.735699 -0.407679
v 0.123813 0.379125 0.068723
v 0.123948 0.376490 0.156870
v 0.123964 0.676895 -0.251794
v 0.124064 0.718560 0.439546
v 0.239349 0.315487 -0.426958
v 0.124345 0.692670 0.270779
v 0.124416 0.631719 -0.194398
v 0.189558 1.034814 -0.109736
v 0.124494 0.751570 -0.391607
v 0.124628 0.836977 0.070621
v 0.124720 0.392546 -0.204086
v 0.237338 0.182063 0.160342
v 0.124970 0.432848 0.369630
v 0.124995 0.383952 0.057251
v 0.165155 0.459785 0.082127
v 0.125025 0.999667 0.206597
v 0.125167 0.437609 -0.434215
v 0.127492 0.705690 -0.480944
v 0.126235 0.711293 -0.397479
v 0.126422 0.708908 -0.399201
v 0.126827 0.765882 -0.224146
v 0.126676 0.765879 -0.224091
v 0.125400 0.619910 -0.582789
v 0.133295 0.652297 -0.319806
v 0.138843 0.656706 -0.321630
v 0.125913 0.656087 -0.328413
v 0.158168 0.929605 -0.318504
v 0.125647 1.053142 0.432918
v 0.125718 0.496530 -0.178590
v 0.126120 0.670243 0.082817
v 0.161202 0.771245 0.186470
v 0.162177 0.775952 0.185598
v 0.142151 0.563645 -0.146798
v 0.126473 0.541092 0.263297
v 0.126537 0.692862 0.281700
v 0.126666 0.544390 -0.387353
v 0.179856 1.165668 0.339627
v 0.127189 0.845719 -0.140990
v 0.127274 0.744933 0.087761
v 0.127317 1.260780 0.143455
v 0.127517 0.950636 0.034804
v 0.127604 0.529566 0.043935
v 0.172129 1.170818 0.115663
v 0.127899 0.864161 0.344914
v 0.127982 0.534981 0.157294
v 0.239069 0.440693 -0.316758
v 0.128618 0.530418 -0.089806
v 0.139315 0.791153 -0.276781
v 0.135508 0.775605 -0.277845
v 0.137384 0.786917 -0.266722
v 0.135498 0.791059 -0.261887
v 0.128166 0.359293 0.120608
v 0.247403 0.532344 -0.473191
v 0.151965 0.636587 -0.192082
v 0.133833 0.634513 -0.201128
v 0.140241 0.643462 -0.183880
v 0.133645 0.475837 0.077326
v 0.128520 0.477904 0.079227
v 0.128553 0.704456 0.345963
v 0.128613 0.654285 -0.323294
v 0.128843 0.993728 -0.058360
v 0.128852 0.713879 -0.497958
v 0.228709 0.370557 0.103002
v 0.160122 0.771741 -0.405762
v 0.129292 0.675187 -0.384333
v 0.136998 0.874095 -0.140860
v 0.129414 0.891881 -0.147764
v 0.145684 0.584837 -0.161980
v 0.129660 0.646429 -0.123390
v 0.129691 0.532106 0.300414
v 0.130061 1.054093 -0.137577
v 0.130231 0.655460 -0.514990
v 0.130292 1.080995 0.002770
v 0.132643 0.705653 -0.403810
v 0.130798 1.016903 -0.373982
v 0.130109 1.183683 0.168450
v 0.130813 0.920580 -0.341047
v 0.130823 1.114219 -0.354001
v 0.240300 0.804711 -0.458545
v 0.133151 0.841803 0.132824
v 0.247145 0.672920 -0.525810
v 0.134634 0.827529 -0.488700
v 0.135154 0.827671 -0.488786
v 0.133166 0.824034 -0.489620
v 0.131301 0.995579 -0.138996
v 0.131464 0.510415 0.429424
v 0.131581 0.977806 0.054666
v 0.131785 0.314566 0.181182
v 0.131820 0.932832 -0.327122
v 0.131868 1.053477 -0.263639
v 0.131909 0.673601 -0.206268
v 0.146326 0.759628 -0.134628
v 0.129679 0.746996 -0.138406
v 0.158225 0.751707 -0.139615
v 0.129238 0.746036 -0.135765
v 0.145439 0.530906 0.010855
v 0.144881 0.530872 0.010655
v 0.132974 0.803112 -0.520711
v 0.189962 0.679815 -0.231954
v 0.139392 0.825475 -0.413693
v 0.133300 0.790778 -0.086759
v 0.134158 1.109384 -0.180002
v 0.134572 1.018426 0.228821
v 0.141206 0.811345 -0.341902
v 0.135263 0.970003 0.386925
v 0.135353 0.285384 0.073959
v 0.241161 0.820124 0.262433
v 0.140473 0.539144 0.003880
v 0.136055 0.922469 -0.056711
v 0.161248 0.775849 0.184222
v 0.159554 0.775315 0.185802
v 0.136925 0.881879 -0.284563
v 0.140277 0.751353 -0.033660
v 0.137557 0.753232 -0.031554
v 0.138024 0.562602 -0.149400
v 0.128973 0.563977 -0.160776
v 0.137774 0.562959 -0.149075
v 0.200033 0.620573 -0.303344
v 0.146689 0.782874 -0.277434
v 0.148403 0.779335 -0.272987
v 0.138535 0.883250 0.370145
v 0.139079 0.761495 -0.034302
v 0.139195 1.078476 0.280918
v 0.138790 0.255102 0.188703
v 0.238225 0.632434 0.054342
v 0.152902 0.570408 0.124132
v 0.161202 0.775614 0.184694
v 0.144903 0.767410 0.191267
v 0.152026 0.637597 -0.193378
v 0.152780 0.634678 -0.195084
v 0.143086 0.755573 -0.033795
v 0.140338 0.687816 -0.246362
v 0.144494 0.786695 -0.269951
v 0.152169 0.670564 -0.331318
v 0.151832 0.670330 -0.331030
v 0.142700 0.433346 -0.264620
v 0.142300 0.434385 -0.265930
v 0.156326 0.859184 -0.271905
v 0.155842 0.858646 -0.271815
v 0.154589 0.857612 -0.272003
v 0.140855 0.707565 -0.392711
v 0.141334 0.386199 -0.186905
v 0.141950 0.937136 0.085879
v 0.141980 0.942792 -0.034103
v 0.154986 0.997632 0.217834
v 0.155221 0.998074 0.217903
v 0.162078 0.461848 0.080460
v 0.142478 0.465529 0.096314
v 0.142496 0.854356 -0.272622
v 0.142727 0.311952 0.112448
v 0.143476 0.531273 0.012159
v 0.155456 0.536056 0.031305
v 0.155481 0.547544 0.028879
v 0.144738 0.539434 0.087142
v 0.144822 0.179554 0.410127
v 0.144840 0.352717 0.225430
v 0.164342 0.743101 -0.128804
v 0.159863 0.751360 -0.132351
v 0.163693 0.744147 -0.129475
v 0.145167 1.086089 0.366027
v 0.147856 0.332671 0.124750
v 0.154913 0.335796 0.124806
v 0.145608 1.118398 -0.121632
v 0.146373 0.577122 -0.168564
v 0.149932 1.094424 0.167530
v 0.148329 0.435049 -0.180016
v 0.147964 0.435135 -0.180467
v 0.151248 0.839174 -0.505089
v 0.151165 0.837859 -0.505748
v 0.146965 0.475115 0.062140
v 0.147358 0.786045 -0.271170
v 0.149581 0.783039 -0.273250
v 0.147768 0.368426 -0.111596
v 0.147974 1.166816 -0.013590
v 0.146722 0.339562 0.123600
v 0.148613 1.152400 0.139029
v 0.148547 0.432777 -0.160612
v 0.151769 1.044750 0.145398
v 0.152019 1.045104 0.145325
v 0.151353 1.045809 0.146629
v 0.152710 0.751826 -0.016868
v 0.152673 0.751771 -0.017170
v 0.148953 0.378824 0.152114
v 0.149149 0.974702 0.153801
v 0.177422 0.978754 -0.173298
v 0.149578 0.686328 -0.427988
v 0.149620 1.152435 -0.360308
v 0.275830 0.796805 -0.378569
v 0.149718 1.169262 -0.044036
v 0.246447 0.904584 -0.440329
v 0.150256 0.771133 0.274436
v 0.264532 1.088421 0.237071
v 0.150769 0.782328 -0.271944
v 0.150769 0.782328 -0.271944
v 0.277018 0.905093 -0.272258
v 0.151073 0.770995 -0.064397
v 0.260784 1.152867 0.226703
v 0.151061 0.352155 0.091998
v 0.167971 0.561571 0.094855
v 0.151265 1.089174 -0.321275
v 0.151457 1.058952 -0.068587
v 0.151572 0.706715 -0.238217
v 0.151572 0.706715 -0.238217
v 0.152044 0.823362 0.067796
v 0.191187 0.621431 0.151254
v 0.166110 0.564205 0.092067
v 0.164801 0.561646 0.087514
v 0.152379 1.147399 -0.071470
v 0.155169 0.333372 0.163591
v 0.152715 0.880271 0.397671
v 0.152821 0.624661 -0.583170
v 0.228144 0.680282 -0.540388
v 0.159246 0.321452 0.213600
v 0.256620 0.789726 -0.423873
v 0.272068 0.640831 -0.369927
v 0.152627 0.570241 0.125171
v 0.153649 0.637518 -0.192681
v 0.153649 0.637518 -0.192681
v 0.153700 0.574034 0.368091
v 0.158692 0.647482 -0.229222
v 0.167976 0.657685 -0.438087
v 0.172155 0.479735 0.087584
v 0.163902 0.473738 0.075688
v 0.154524 0.626370 0.124362
v 0.154640 0.936597 -0.131548
v 0.154624 0.752094 -0.132850
v 0.155537 0.751008 -0.136935
v 0.154975 0.589891 -0.207345
v 0.270513 0.652566 -0.210143
v 0.155146 0.602237 -0.303662
v 0.250035 1.023075 -0.383544
v 0.155400 0.574068 0.289257
v 0.157002 0.681944 -0.373109
v 0.155699 0.659320 -0.248348
v 0.155772 0.697839 0.448569
v 0.158093 0.533141 0.031423
v 0.163757 0.545747 0.027991
v 0.156523 0.293811 -0.106070
v 0.156534 1.023349 0.071472
v 0.157068 0.748711 0.002378
v 0.157279 0.659520 -0.367726
v 0.157494 0.749219 -0.135396
v 0.157494 0.749219 -0.135396
v 0.271345 0.435410 -0.462813
v 0.157624 0.626933 0.314860
v 0.181456 0.355229 0.313244
v 0.227855 0.837566 0.067856
v 0.158742 0.698910 -0.565651
v 0.159157 0.669027 -0.486048
v 0.273072 0.544448 -0.357101
v 0.159388 1.087952 0.369471
v 0.283138 0.701360 -0.468234
v 0.159771 0.866807 -0.593918
v 0.167725 0.658181 -0.437964
v 0.160923 0.462739 0.079227
v 0.160923 0.462739 0.079227
v 0.161597 0.464173 0.085194
v 0.161804 0.466277 0.078259
v 0.161033 0.637810 -0.057017
v 0.165110 0.592635 0.131368
v 0.161839 0.743877 -0.207060
v 0.167361 1.179203 0.243808
v 0.162223 0.625056 -0.278153
v 0.162489 0.673597 -0.423594
v 0.162567 0.493152 0.355952
v 0.162784 0.810758 0.121287
v 0.162812 1.009188 0.243690
v 0.219025 0.386109 -0.252646
v 0.275887 0.290646 0.259196
v 0.187634 1.020242 -0.280434
v 0.184380 0.698116 0.161629
v 0.184453 0.697942 0.161627
v 0.163773 0.800463 -0.232456
v 0.225855 1.024704 0.174911
v 0.174185 0.611279 -0.425327
v 0.164428 0.923169 -0.175520
v 0.164512 0.762152 0.197090
v 0.164818 0.785199 -0.349939
v 0.165070 0.463332 0.083861
v 0.178545 0.565980 -0.244408
v 0.165246 0.434827 0.316448
v 0.160956 0.547352 0.094587
v 0.163056 0.549546 0.097904
v 0.165496 0.355219 -0.139161
v 0.165704 0.814247 -0.158639
v 0.171390 0.602733 -0.207427
v 0.173774 0.608914 -0.212467
v 0.166178 0.805003 0.369193
v 0.186281 0.573954 -0.243065
v 0.219863 0.637980 -0.240538
v 0.170296 0.893205 -0.271786
v 0.190419 0.339690 0.359869
v 0.184186 0.561106 -0.188694
v 0.187166 0.559211 -0.189404
v 0.166709 0.554820 0.086792
v 0.166884 0.506973 0.120408
v 0.282322 0.423762 -0.329703
v 0.167098 1.098325 0.286746
v 0.170807 0.839626 0.161118
v 0.167314 1.099717 -0.237994
v 0.167481 0.769476 0.170139
v 0.168638 0.641685 -0.030766
v 0.172577 0.653507 -0.266016
v 0.169101 0.497827 0.225455
v 0.169363 0.973672 0.077985
v 0.172359 1.056989 0.085495
v 0.169849 0.967748 -0.410537
v 0.169886 0.901093 -0.101998
v 0.169915 0.580517 -0.516686
v 0.162604 0.321108 0.213807
v 0.170563 0.547015 -0.416749
v 0.170718 1.228733 0.133602
v 0.170615 0.547806 0.341303
v 0.170844 0.561700 -0.505992
v 0.198155 0.554896 -0.177887
v 0.172813 0.550294 -0.164754
v 0.171314 0.848168 0.133973
v 0.181734 1.082783 0.228312
v 0.177464 0.751661 0.040737
v 0.177497 0.751716 0.040848
v 0.172334 0.643744 -0.447220
v 0.172104 0.739138 0.017885
v 0.176745 0.666694 -0.336028
v 0.176747 0.666667 -0.335981
v 0.282196 1.180433 0.203128
v 0.172449 1.070941 0.245038
v 0.172517 0.977390 0.306122
v 0.173031 0.585316 -0.474887
v 0.179624 0.552301 0.107679
v 0.177031 0.564871 0.106127
v 0.173171 0.332386 -0.171752
v 0.173390 0.943067 0.040242
v 0.173607 0.584420 -0.333694
v 0.273078 0.873212 0.101473
v 0.173984 0.609044 -0.383248
v 0.179346 0.643336 -0.444590
v 0.179461 0.643589 -0.446133
v 0.179137 0.866676 -0.538034
v 0.174549 0.539662 0.070175
v 0.175965 0.586695 -0.221408
v 0.174713 0.897707 -0.555871
v 0.297087 0.634615 -0.542688
v 0.184870 0.618730 -0.044472
v 0.189703 0.625495 -0.039248
v 0.176013 0.632346 -0.033375
v 0.285030 0.696119 -0.554756
v 0.175696 0.382816 0.249326
v 0.177643 0.547306 -0.137404
v 0.176048 1.161650 0.339587
v 0.298908 0.826885 -0.380198
v 0.193815 1.067924 0.119116
v 0.180713 0.482024 0.100573
v 0.184043 0.487108 0.104404
v 0.179598 0.322076 0.302239
v 0.176720 0.386766 0.310225
v 0.223851 0.679298 -0.356413
v 0.280363 0.282986 -0.078800
v 0.177335 0.448237 -0.408107
v 0.192142 1.009320 -0.278030
v 0.191671 1.006407 -0.282635
v 0.177762 1.086983 -0.285042
v 0.263376 0.521301 0.083445
v 0.177968 0.719954 -0.031884
v 0.233023 0.674385 -0.374404
v 0.178246 0.839603 0.337989
v 0.178604 0.383673 -0.146348
v 0.178733 0.537110 -0.158837
v 0.178733 0.537110 -0.158837
v 0.171984 0.540377 -0.158426
v 0.178761 0.933057 0.369827
v 0.178782 1.043987 -0.258308
v 0.178822 0.797168 -0.182525
v 0.189055 0.656770 -0.310038
v 0.300546 1.129343 0.263665
v 0.179250 1.085129 0.031361
v 0.184884 0.814123 -0.112391
v 0.184783 0.813814 -0.112175
v 0.183653 0.814579 -0.111267
v 0.179618 1.190606 0.431600
v 0.181584 0.550991 0.105738
v 0.181494 0.548907 0.108146
v 0.180307 0.945636 -0.019649
v 0.204859 0.654280 0.143303
v 0.205150 0.653533 0.142914
v 0.276379 0.441364 0.123349
v 0.180729 0.532044 -0.089943
v 0.188382 0.820650 -0.125433
v 0.189623 0.824031 -0.111538
v 0.180833 0.824482 -0.118821
v 0.187141 0.818016 -0.122039
v 0.181229 0.482480 -0.199792
v 0.181314 0.858644 0.001967
v 0.182308 0.610865 -0.416696
v 0.183070 0.601717 -0.407633
v 0.225374 0.623102 0.124844
v 0.181681 1.133981 -0.303575
v 0.181739 0.775155 0.300895
v 0.181915 0.605476 -0.328643
v 0.181966 0.482844 0.100289
v 0.182254 0.862931 -0.688195
v 0.182302 0.996413 -0.397998
v 0.249056 0.316098 -0.097015
v 0.182472 1.015839 -0.330323
v 0.182609 0.826764 0.350990
v 0.192775 0.995427 0.287497
v 0.183411 0.999233 -0.241480
v 0.192757 0.616943 -0.067952
v 0.199595 0.543132 -0.170823
v 0.242599 0.426148 -0.209847
v 0.300595 0.483825 0.155721
v 0.184342 1.075008 0.225804
v 0.185096 0.640624 0.209874
v 0.199143 0.714404 -0.346710
v 0.185555 0.914304 -0.431834
v 0.185623 0.586146 -0.330456
v 0.189630 0.656421 -0.310921
v 0.308103 0.969683 -0.033150
v 0.178165 0.622067 -0.057605
v 0.186336 0.615003 -0.048427
v 0.186336 0.615003 -0.048427
v 0.186345 0.627446 -0.039837
v 0.186954 0.574042 -0.243152
v 0.225201 0.271576 -0.064564
v 0.187111 0.608341 -0.149872
v 0.187379 0.627954 -0.491939
v 0.209634 0.513266 0.182137
v 0.191748 0.648826 -0.300728
v 0.191672 0.648714 -0.301193
v 0.191706 0.650296 -0.301041
v 0.262607 0.313337 -0.100746
v 0.187843 0.300859 -0.057231
v 0.187922 1.209421 0.382890
v 0.214111 0.683113 -0.447559
v 0.186917 0.814570 -0.114733
v 0.188153 1.007369 -0.413452
v 0.188880 0.813243 -0.395157
v 0.189050 0.832864 -0.116100
v 0.191200 0.815464 -0.122466
v 0.192601 0.825912 -0.126535
v 0.196944 0.812134 -0.115934
v 0.189535 1.337216 0.029207
v 0.203458 0.618104 0.140015
v 0.226775 0.624869 0.138385
v 0.196395 0.625292 0.123313
v 0.189769 0.621744 0.130379
v 0.191200 0.332138 0.132140
v 0.190933 0.332069 0.132132
v 0.186081 0.337077 0.134887
v 0.190098 0.627905 -0.156552
v 0.226431 0.426914 -0.202141
v 0.260655 0.928091 -0.183016
v 0.190558 0.778265 0.195391
v 0.190646 0.330473 0.131598
v 0.194785 0.487461 0.096647
v 0.194415 0.487319 0.096788
v 0.191454 0.382866 -0.460407
v 0.197925 0.765139 0.126211
v 0.197862 0.761062 0.120723
v 0.196693 1.095194 0.189412
v 0.196604 1.095241 0.189342
v 0.196225 1.095450 0.190640
v 0.193741 0.338629 0.132446
v 0.192647 1.161287 0.093949
v 0.192883 0.616529 0.053001
v 0.192972 0.403965 -0.406040
v 0.192912 0.980932 -0.223423
v 0.192970 1.016748 0.171172
v 0.197001 1.156862 0.247255
v 0.193033 0.983619 -0.089499
v 0.207043 0.841758 -0.135023
v 0.207159 0.841963 -0.135222
v 0.278753 0.416073 -0.209401
v 0.286985 0.919920 -0.474893
v 0.193633 0.936532 -0.126679
v 0.194012 0.439795 0.124453
v 0.201131 0.869134 -0.052741
v 0.194368 0.631698 -0.157652
v 0.194508 0.922815 -0.072029
v 0.194629 0.465554 -0.320026
v 0.312135 0.716092 0.010487
v 0.194835 0.537378 0.108664
v 0.195135 0.533115 -0.006119
v 0.196265 0.620226 -0.067416
v 0.189772 0.624084 -0.067399
v 0.195579 0.713804 -0.606852
v 0.195627 0.798403 -0.362407
v 0.195681 0.753368 -0.357895
v 0.202562 0.981659 0.055649
v 0.202568 0.980926 0.055116
v 0.202522 0.981959 0.055150
v 0.195823 0.817084 0.221956
v 0.196360 0.471734 -0.313866
v 0.233121 0.926341 -0.358677
v 0.197165 0.703234 -0.343190
v 0.196735 0.702836 -0.346078
v 0.196723 0.815953 -0.118821
v 0.197239 0.270444 -0.007753
v 0.318869 1.020913 0.159047
v 0.202888 1.095436 0.109032
v 0.203176 1.096087 0.108502
v 0.202559 1.095585 0.108557
v 0.197685 0.477023 0.392987
v 0.200910 0.917056 -0.272229
v 0.201108 0.917268 -0.272281
v 0.200461 0.917790 -0.271521
v 0.198132 1.017118 -0.213948
v 0.198490 0.796220 -0.335108
v 0.206172 0.626342 -0.052296
v 0.203275 0.618898 -0.042823
v 0.314359 0.760818 -0.113263
v 0.240346 0.713944 0.091592
v 0.199452 0.554586 -0.171931
v 0.199398 0.236223 0.229778
v 0.322208 0.935175 -0.276466
v 0.199594 0.941804 0.273474
v 0.199827 1.101427 0.301583
v 0.202632 0.326935 0.119467
v 0.200077 0.590303 -0.663305
v 0.200106 0.945801 -0.057600
v 0.204236 1.161094 0.055663
v 0.231921 0.898165 -0.174805
v 0.200888 0.760237 -0.134614
v 0.202785 0.635078 -0.047231
v 0.201520 0.617821 -0.088471
v 0.201560 1.061655 0.282635
v 0.201756 0.539447 -0.168328
v 0.203064 0.540215 -0.164656
v 0.202716 0.540568 -0.169965
v 0.201990 0.553097 -0.308217
v 0.300683 0.740956 0.140164
v 0.202268 0.326936 0.119730
v 0.202271 0.882316 0.111449
v 0.202345 0.921989 -0.174713
v 0.202934 0.588327 -0.263105
v 0.325358 1.078141 0.071634
v 0.203644 0.619097 -0.043944
v 0.204286 0.617633 -0.042214
v 0.203680 0.801896 0.001896
v 0.317538 0.710225 -0.706517
v 0.204038 1.125332 -0.319939
v 0.327291 0.302047 -0.322276
v 0.204280 0.548042 0.018608
v 0.204323 0.561691 0.011176
v 0.299515 0.205899 0.075255
v 0.204946 0.591165 -0.303152
v 0.204952 0.637762 -0.013565
v 0.284664 0.573281 -0.391129
v 0.205740 0.761328 -0.249534
v 0.201902 0.763392 -0.252806
v 0.223795 0.627247 0.127138
v 0.228587 0.618205 0.120524
v 0.208930 0.766816 -0.246416
v 0.205588 0.779047 -0.447794
v 0.211870 0.235782 -0.023412
v 0.210796 0.763747 -0.251462
v 0.223394 0.618492 0.131443
v 0.206178 0.617074 0.145455
v 0.206255 0.822724 -0.616170
v 0.206366 0.440635 -0.272780
v 0.264709 1.077272 0.192855
v 0.206523 0.339988 -0.306055
v 0.206984 1.030759 -0.252439
v 0.239516 0.875273 -0.311823
v 0.207515 0.608813 0.020421
v 0.207657 1.083346 0.027114
v 0.316903 0.747783 -0.215016
v 0.289605 0.594983 0.261344
v 0.211187 1.048012 -0.209651
v 0.208033 1.116598 0.140989
v 0.208002 0.975223 0.083566
v 0.208281 1.137106 0.218978
v 0.238786 0.530211 0.260805
v 0.208551 0.591728 -0.508013
v 0.208816 0.358859 -0.079885
v 0.209779 0.985252 -0.171819
v 0.209241 0.436942 0.078946
v 0.295762 0.292909 0.233841
v 0.311724 0.392826 0.019655
v 0.210267 0.554666 0.024537
v 0.308721 0.877164 0.130924
v 0.211009 0.987251 -0.345790
v 0.210957 0.983968 0.124933
v 0.217178 0.770400 0.206589
v 0.265970 0.355518 -0.326224
v 0.211264 1.221126 -0.262651
v 0.211438 0.737942 0.179580
v 0.211447 0.588682 0.332967
v 0.223195 0.887405 -0.159336
v 0.223346 0.887673 -0.159498
v 0.211593 0.500336 0.216696
v 0.211658 0.879649 0.187949
v 0.211661 1.120536 -0.422434
v 0.212003 0.585333 0.287829
v 0.212320 0.531090 0.264399
v 0.213299 1.077863 0.403534
v 0.213360 1.045348 0.164426
v 0.224130 0.878638 -0.066205
v 0.224206 0.878253 -0.066527
v 0.222349 0.880164 -0.067919
v 0.304364 0.619623 -0.273218
v 0.260617 0.499389 0.315644
v 0.224755 0.625441 -0.125378
v 0.214022 1.060096 -0.330867
v 0.275990 0.796662 -0.151736
v 0.214528 0.541929 -0.086909
v 0.218126 0.950604 -0.252222
v 0.298245 1.010536 -0.133521
v 0.338134 0.795089 -0.061488
v 0.338150 0.903537 0.044710
v 0.215736 0.630735 -0.463312
v 0.331700 0.592438 0.257151
v 0.216112 0.606217 0.130175
v 0.230102 0.646261 0.152376
v 0.227805 0.630266 0.144814
v 0.216394 0.725409 0.273426
v 0.219169 0.495694 0.089182
v 0.218770 0.495598 0.089310
v 0.220620 0.344665 0.012847
v 0.292087 0.462186 -0.376015
v 0.221960 1.056603 0.089860
v 0.217291 0.932976 0.117879
v 0.217357 0.762845 0.470025
v 0.217628 1.112911 -0.156687
v 0.217653 0.613547 -0.108414
v 0.217838 0.715632 0.261569
v 0.343476 1.087997 0.106771
v 0.218470 0.855285 -0.002669
v 0.341822 0.410412 -0.217014
v 0.222318 0.950601 -0.287093
v 0.218644 0.546031 -0.026234
v 0.260072 0.775665 -0.265160
v 0.219142 0.877345 -0.504836
v 0.225081 0.916592 0.008591
v 0.225065 0.916472 0.008522
v 0.225027 0.917313 0.009481
v 0.329510 1.050258 0.026260
v 0.230421 0.338019 0.061909
v 0.230170 0.337948 0.061723
v 0.231163 0.333335 0.093929
v 0.220931 0.614148 -0.272645
v 0.225258 0.661542 -0.321808
v 0.225491 0.662258 -0.322453
v 0.224460 0.663200 -0.321906
v 0.221393 0.640308 -0.188193
v 0.221671 0.685387 -0.059608
v 0.221732 1.010788 -0.428477
v 0.225774 0.326022 0.105218
v 0.224178 0.327339 0.104714
v 0.221908 0.623678 0.130379
v 0.221908 0.623678 0.130379
v 0.221908 0.623678 0.130379
v 0.275017 1.056976 0.292827
v 0.222593 0.324325 0.163229
v 0.222355 0.286583 0.310311
v 0.222699 0.567416 0.448763
v 0.237107 0.320742 0.169135
v 0.231492 0.333223 0.094530
v 0.229365 0.427350 -0.307155
v 0.345787 0.613602 0.178516
v 0.223806 0.688783 -0.608349
v 0.223832 0.617325 0.184150
v 0.226120 0.684678 -0.558433
v 0.224238 0.392503 -0.120836
v 0.224323 0.682490 0.369917
v 0.224336 0.688532 -0.278294
v 0.224354 0.768941 -0.398863
v 0.226076 0.545548 0.019873
v 0.224606 0.625293 -0.125069
v 0.326950 0.275727 0.043261
v 0.225526 0.662206 -0.464046
v 0.225710 0.243918 0.016532
v 0.342759 1.094282 -0.518001
v 0.226792 0.324546 0.105195
v 0.226927 0.989970 -0.276222
v 0.259120 1.038676 -0.288059
v 0.232205 0.563470 0.291029
v 0.227446 0.273904 0.341783
v 0.227383 0.932515 0.113347
v 0.284912 0.571561 -0.279832
v 0.228055 0.754716 -0.083603
v 0.228639 0.584840 -0.406470
v 0.228728 1.149468 0.084004
v 0.228877 0.867941 0.018171
v 0.228885 0.775691 0.226382
v 0.228897 0.708190 0.322636
v 0.228937 0.653048 -0.415451
v 0.234273 0.690844 -0.356195
v 0.227362 0.630326 0.147302
v 0.229670 0.801290 0.256816
v 0.236998 0.564954 0.136792
v 0.237776 0.570102 0.133296
v 0.239182 0.541283 0.268608
v 0.239718 0.541345 0.267582
v 0.232612 0.930564 0.045888
v 0.306487 0.676905 -0.391017
v 0.233738 0.763306 -0.237673
v 0.237792 0.679730 -0.211452
v 0.231869 0.863404 -0.440295
v 0.239960 0.889508 -0.030232
v 0.232934 0.910600 -0.100031
v 0.232940 0.751840 0.115848
v 0.241421 0.972596 -0.191670
v 0.247472 0.967820 -0.187989
v 0.243733 0.962809 -0.189556
v 0.235308 0.963756 -0.192888
v 0.233702 0.739895 0.048107
v 0.240058 0.526194 0.257428
v 0.239825 0.527072 0.256168
v 0.233719 0.763322 -0.237681
v 0.255794 0.648150 0.043810
v 0.234393 0.993705 0.163055
v 0.234967 1.093279 -0.156299
v 0.235073 0.599790 -0.261425
v 0.358847 0.212088 -0.023669
v 0.235453 1.189573 -0.011428
v 0.329129 0.921297 -0.084353
v 0.235942 0.939315 -0.109881
v 0.354705 0.961635 -0.002016
v 0.236422 0.984495 -0.535287
v 0.236749 0.596219 -0.139899
v 0.351833 0.387477 -0.082594
v 0.236480 0.564318 0.137841
v 0.237109 0.676124 -0.114297
v 0.237553 1.038279 0.364734
v 0.357948 1.112087 -0.024313
v 0.250538 0.964100 -0.196531
v 0.244541 0.964975 -0.188785
v 0.237965 0.412035 0.096209
v 0.238222 0.551245 -0.299071
v 0.356377 0.884217 -0.114686
v 0.240119 0.888825 -0.030376
v 0.238904 0.796890 -0.524849
v 0.239033 0.866215 0.210301
v 0.239471 0.434521 -0.373491
v 0.243005 0.867105 -0.129880
v 0.239495 0.176843 0.053872
v 0.239721 0.612158 -0.188121
v 0.239762 0.769265 0.366361
v 0.240248 1.058089 -0.065775
v 0.239226 0.526742 0.258472
v 0.240339 0.526217 0.256519
v 0.239996 0.888939 -0.030551
v 0.240405 0.634338 0.119432
v 0.240519 0.662870 0.126294
v 0.330177 0.325330 0.269372
v 0.241648 0.967118 -0.227436
v 0.241878 1.000598 0.105492
v 0.262809 0.575142 -0.284170
v 0.249910 0.537616 0.262877
v 0.249837 0.537557 0.262846
v 0.242901 0.880593 -0.134292
v 0.357209 0.607006 -0.524024
v 0.243198 0.380332 0.392874
v 0.243629 0.638531 -0.387374
v 0.248536 0.847827 -0.276705
v 0.243806 0.964203 -0.190735
v 0.244469 0.931597 0.119999
v 0.245254 0.882460 -0.380035
v 0.245219 0.883623 0.215903
v 0.254329 0.607981 -0.420951
v 0.246095 0.518048 0.177999
v 0.251503 1.160696 0.091612
v 0.246330 0.768791 0.129440
v 0.339868 0.690324 -0.425169
v 0.246520 0.737328 0.281068
v 0.246938 0.203687 0.092303
v 0.251737 0.612520 -0.420906
v 0.251649 0.612140 -0.420886
v 0.247252 0.471478 0.007245
v 0.247375 0.787874 0.246092
v 0.247647 0.608653 -0.355547
v 0.253018 1.156514 0.186337
v 0.247749 1.186761 0.303334
v 0.248874 0.385156 0.187277
v 0.248956 0.439528 0.413190
v 0.343390 0.629753 0.128597
v 0.345509 0.549629 0.204147
v 0.249565 0.520440 -0.009391
v 0.250016 0.717065 -0.235223
v 0.266379 0.698927 0.133284
v 0.254929 0.694867 0.136182
v 0.261172 0.685924 0.126417
v 0.248137 0.702755 0.131161
v 0.251199 1.095092 -0.364638
v 0.373043 0.721873 0.281292
v 0.251448 1.093497 -0.361397
v 0.251461 0.871202 0.156922
v 0.251511 0.402280 -0.058840
v 0.257132 0.607728 -0.369614
v 0.301368 0.905893 -0.407517
v 0.375567 0.320402 0.081308
v 0.252389 0.721484 -0.296487
v 0.258861 0.658669 -0.516979
v 0.258968 0.658844 -0.517090
v 0.252487 1.008229 0.237339
v 0.252898 0.847646 -0.218008
v 0.298869 1.094790 0.263359
v 0.253264 1.146157 0.122094
v 0.253478 0.544279 0.341461
v 0.253488 0.774518 0.295309
v 0.259203 0.690411 -0.315508
v 0.253971 0.764828 -0.089886
v 0.261722 0.934719 -0.013830
v 0.254676 0.506490 0.332428
v 0.381411 0.530228 0.160884
v 0.267665 0.566726 -0.167878
v 0.262974 0.569908 -0.165088
v 0.262584 0.577750 -0.163166
v 0.285153 0.339567 0.221117
v 0.317282 0.916209 0.120950
v 0.255641 0.319186 0.344754
v 0.264731 0.632304 -0.201989
v 0.257023 0.633260 0.351681
v 0.255941 0.605385 -0.370746
v 0.378566 0.901139 0.013978
v 0.267577 0.720632 0.315909
v 0.270307 0.664650 0.256403
v 0.258131 0.683330 0.137099
v 0.261831 0.653302 0.175890
v 0.258022 0.501420 0.076618
v 0.258776 0.943111 -0.151929
v 0.368027 0.639430 -0.308181
v 0.266523 0.562736 0.276419
v 0.259106 0.707997 -0.364826
v 0.263328 0.842713 -0.090970
v 0.259275 0.364439 -0.040046
v 0.259712 0.390006 -0.214507
v 0.260192 0.497040 -0.400255
v 0.270209 0.674130 0.141755
v 0.260940 1.009306 -0.156573
v 0.354690 1.028449 -0.393155
v 0.261178 0.514225 -0.114761
v 0.261371 0.533422 0.021264
v 0.265223 0.625205 -0.022003
v 0.264646 0.625139 -0.022174
v 0.261690 1.107536 -0.313410
v 0.261954 0.634184 -0.286138
v 0.265354 0.657633 0.179990
v 0.315485 0.529527 -0.286725
v 0.262149 0.660712 0.262693
v 0.262189 0.904285 -0.201909
v 0.315401 0.554415 -0.118996
v 0.285659 0.246670 0.293137
v 0.262728 0.437326 -0.122647
v 0.263035 0.778370 -0.379710
v 0.263052 0.600010 0.035126
v 0.263495 0.772601 -0.156478
v 0.267197 0.565918 -0.168976
v 0.268372 0.564986 -0.167827
v 0.264334 0.990013 0.329698
v 0.280976 0.583141 -0.179342
v 0.268589 0.591150 -0.179564
v 0.264563 1.081326 0.383893
v 0.270170 0.979213 0.034877
v 0.264858 0.446444 0.046472
v 0.267502 0.601221 -0.339640
v 0.267693 0.604063 -0.338432
v 0.263274 0.598454 -0.343045
v 0.271692 0.604081 -0.339795
v 0.382168 0.295907 -0.047881
v 0.348506 0.662975 -0.146427
v 0.268682 0.772468 -0.311404
v 0.265518 0.737390 -0.184533
v 0.265938 0.741576 -0.122061
v 0.340837 0.281090 -0.282668
v 0.266151 0.714130 -0.528660
v 0.266719 0.463628 -0.170953
v 0.273532 0.642922 -0.500096
v 0.274299 0.640938 -0.494384
v 0.274626 0.642507 -0.496092
v 0.267384 0.877810 0.051970
v 0.352742 0.854947 -0.500759
v 0.267915 1.117748 0.229507
v 0.317419 0.343989 0.089265
v 0.268263 0.956017 -0.323151
v 0.267774 0.686937 0.135242
v 0.268551 0.686475 0.132208
v 0.271399 0.679631 0.130450
v 0.268306 0.682907 0.132959
v 0.268306 0.682907 0.132959
v 0.268446 1.136654 0.057565
v 0.282580 0.661417 0.265345
v 0.268743 1.141719 0.200067
v 0.283486 0.644807 0.245716
v 0.283833 0.646416 0.244859
v 0.279012 0.656753 0.236021
v 0.269142 0.564027 0.062847
v 0.380212 0.618787 -0.471870
v 0.313902 0.339467 0.091133
v 0.269962 0.814504 -0.165003
v 0.270273 0.656730 -0.074888
v 0.335913 0.654587 -0.229948
v 0.270766 0.656230 0.228056
v 0.294792 0.231385 0.339681
v 0.366045 0.314439 0.157946
v 0.271391 0.696787 -0.344145
v 0.271961 0.814446 -0.519988
v 0.272420 0.859254 -0.437573
v 0.374108 0.811005 0.281478
v 0.292675 1.202917 0.365995
v 0.273080 0.693632 0.415913
v 0.273090 0.357049 -0.391405
v 0.273281 0.796397 -0.056355
v 0.384581 0.711937 0.048452
v 0.275038 0.908020 -0.017066
v 0.274113 0.673582 -0.091481
v 0.274212 0.861580 -0.429323
v 0.289013 0.592267 -0.161183
v 0.288432 0.591699 -0.161409
v 0.274695 0.537960 -0.251066
v 0.392891 0.992500 -0.014830
v 0.275747 0.713523 0.310547
v 0.275514 0.716600 0.309733
v 0.275155 0.732877 -0.007004
v 0.322398 0.787624 -0.316578
v 0.275643 1.104706 -0.448894
v 0.286278 0.665772 0.257977
v 0.276129 0.976923 0.074768
v 0.276394 0.749159 0.024236
v 0.358406 0.394844 -0.139913
v 0.276710 0.880630 0.120039
v 0.276807 0.876152 -0.437152
v 0.378698 0.282054 0.135716
v 0.279789 0.416285 -0.210131
v 0.275863 0.418063 -0.204336
v 0.277368 0.646237 0.343322
v 0.277554 0.682657 -0.699725
v 0.278106 0.687078 0.277929
v 0.277975 0.726193 0.003287
v 0.278101 0.971164 -0.333877
v 0.278172 0.898952 -0.166255
v 0.278392 0.637343 -0.549000
v 0.278380 0.615082 0.099270
v 0.278534 1.075613 -0.326984
v 0.278908 1.005896 -0.179072
v 0.279181 0.477110 -0.476176
v 0.279306 0.524932 -0.033872
v 0.279364 1.041274 -0.053266
v 0.282261 0.426585 -0.218606
v 0.279563 1.037008 -0.175167
v 0.400411 0.701175 -0.415157
v 0.281977 0.994849 -0.248877
v 0.281084 0.995517 -0.249480
v 0.280002 0.388556 -0.068559
v 0.280066 0.500619 -0.384862
v 0.280346 0.904710 -0.162420
v 0.282302 0.478455 -0.222703
v 0.281094 1.041231 0.176336
v 0.284391 1.044214 -0.311115
v 0.284676 1.044376 -0.311456
v 0.284282 1.043699 -0.310919
v 0.281449 0.892599 -0.078351
v 0.287350 0.831649 0.220837
v 0.286303 0.772518 -0.214377
v 0.396630 0.495718 0.013858
v 0.278650 0.648893 0.252804
v 0.283827 0.438857 -0.139009
v 0.282292 1.123093 0.368095
v 0.282360 1.155163 0.037470
v 0.282453 0.611047 0.013516
v 0.306299 0.888550 0.091031
v 0.277655 0.589784 -0.176055
v 0.282950 0.584914 -0.178829
v 0.369208 0.184219 0.157349
v 0.283281 0.769570 -0.052980
v 0.312407 0.477502 0.087282
v 0.283621 0.750413 0.030271
v 0.283630 0.949821 -0.428040
v 0.284118 0.844775 -0.009814
v 0.314451 0.731370 0.154010
v 0.284639 0.720668 0.135471
v 0.284761 1.038715 0.242987
v 0.289869 0.419084 -0.215506
v 0.290195 0.420050 -0.216420
v 0.285109 0.508000 0.105384
v 0.285415 0.878749 -0.123816
v 0.359748 1.012220 -0.247502
v 0.287928 0.345746 0.227189
v 0.293635 1.009672 0.024974
v 0.367855 0.486416 0.189670
v 0.291461 0.418512 -0.203847
v 0.290822 0.419612 -0.202942
v 0.286390 0.376925 0.191944
v 0.286453 0.750459 0.084587
v 0.288535 0.748438 -0.097518
v 0.289816 0.743714 -0.103353
v 0.351994 1.002672 -0.211156
v 0.408272 0.792882 -0.088127
v 0.287009 0.576157 -0.240229
v 0.395297 0.714624 -0.079622
v 0.287356 0.898531 -0.268197
v 0.299066 0.746908 0.179886
v 0.297689 0.746013 0.179246
v 0.301534 0.750777 0.178099
v 0.288462 0.753679 0.180050
v 0.343927 0.754727 -0.112040
v 0.288743 0.664956 0.260136
v 0.288743 0.664956 0.260136
v 0.296896 1.022768 -0.214425
v 0.289824 0.605582 -0.558002
v 0.294819 0.746055 -0.105300
v 0.292307 0.747752 -0.109580
v 0.297362 0.522520 -0.223565
v 0.290042 0.679558 -0.428700
v 0.290269 0.493264 0.064423
v 0.395029 0.980756 -0.305472
v 0.290343 0.434581 -0.223969
v 0.290540 0.875677 0.195429
v 0.304759 0.743172 0.189321
v 0.299228 0.747883 0.178770
v 0.292167 0.827625 0.216975
v 0.291349 0.606798 0.123432
v 0.291790 1.030410 -0.068305
v 0.291903 0.853107 0.019514
v 0.292256 0.661504 -0.364219
v 0.292338 0.736552 -0.184647
v 0.292345 0.861924 -0.078913
v 0.292394 0.426527 0.203513
v 0.292510 1.011502 -0.490889
v 0.292616 0.627195 -0.251403
v 0.293136 1.029591 -0.087639
v 0.293267 0.676008 0.450561
v 0.293658 0.898712 -0.402943
v 0.373806 1.036547 -0.135474
v 0.344457 0.589864 -0.614813
v 0.294106 0.397713 -0.437831
v 0.309610 0.627228 -0.218492
v 0.309470 0.627124 -0.218402
v 0.295159 1.159193 0.126486
v 0.295757 0.745993 0.041411
v 0.295845 0.916891 -0.041351
v 0.295967 0.866861 0.143188
v 0.296159 0.951869 -0.398111
v 0.295775 1.004248 0.021307
v 0.296728 0.634556 -0.266821
v 0.386781 1.089448 -0.421234
v 0.298576 0.596285 0.464784
v 0.356998 0.968541 0.140664
v 0.298666 0.859621 0.202616
v 0.389850 0.673520 -0.143378
v 0.298847 1.061795 0.133482
v 0.347493 0.823890 0.084074
v 0.299525 0.722047 0.193925
v 0.299892 0.928115 -0.133204
v 0.406108 0.615273 0.107914
v 0.300670 0.325861 -0.294761
v 0.408252 0.874270 -0.006993
v 0.303953 0.619461 -0.280523
v 0.300944 0.619907 -0.281105
v 0.301438 0.858705 -0.020695
v 0.303068 0.444260 0.129836
v 0.303093 0.972006 -0.176487
v 0.334567 0.789652 -0.201851
v 0.305688 1.008906 -0.253669
v 0.305807 1.008999 -0.253684
v 0.303593 0.767829 0.111855
v 0.303981 0.651986 -0.108531
v 0.332812 0.794810 0.231959
v 0.304229 0.495220 -0.418296
v 0.304553 0.857451 -0.078283
v 0.304938 0.772253 0.178318
v 0.305256 0.513032 0.294466
v 0.305427 0.344428 0.235018
v 0.305824 0.627948 -0.401263
v 0.361041 0.464012 -0.278963
v 0.368570 0.904932 -0.099437
v 0.314408 0.438087 -0.241703
v 0.400664 1.029544 -0.005665
v 0.385296 0.836463 0.036368
v 0.366588 0.679868 -0.143310
v 0.307204 0.283928 -0.054687
v 0.309091 0.651926 0.218687
v 0.309235 0.626149 -0.288602
v 0.309959 0.603488 -0.524472
v 0.310074 0.874378 -0.050081
v 0.310750 0.781947 0.293738
v 0.421568 0.510168 -0.569560
v 0.318490 0.438181 -0.181505
v 0.311332 0.535099 0.029894
v 0.310981 0.535124 0.029865
v 0.314364 0.884997 -0.164385
v 0.314677 0.885242 -0.164711
v 0.312620 0.888835 -0.160255
v 0.318086 0.344023 -0.018165
v 0.342081 0.964069 -0.313891
v 0.311817 0.804831 0.367255
v 0.358883 0.390984 0.275289
v 0.312447 0.505052 -0.060615
v 0.312575 0.674066 -0.476283
v 0.312863 0.749835 0.105097
v 0.312895 0.710735 -0.320553
v 0.313449 0.641121 -0.437849
v 0.321039 0.683226 -0.556058
v 0.314268 0.250581 -0.091920
v 0.314422 0.284341 0.357955
v 0.314423 0.911167 -0.358810
v 0.434948 0.625720 -0.077982
v 0.316651 0.915764 -0.004810
v 0.314956 0.658373 -0.469191
v 0.316537 0.886544 -0.161278
v 0.404959 0.217061 0.193783
v 0.315339 1.069336 -0.426404
v 0.315644 0.597346 -0.630330
v 0.315912 0.780715 0.380989
v 0.327292 0.625758 -0.145783
v 0.326434 0.625212 -0.146145
v 0.316902 0.538345 0.285485
v 0.316360 0.852584 -0.125652
v 0.316655 0.831454 0.125764
v 0.322650 1.037915 0.068563
v 0.317719 0.676857 -0.425102
v 0.412389 0.738204 0.209330
v 0.318544 0.487518 -0.072420
v 0.452249 0.335538 -0.270816
v 0.319979 1.029674 -0.303698
v 0.320171 0.477792 -0.069588
v 0.321592 0.446318 -0.093214
v 0.397050 0.743196 0.077193
v 0.438215 0.751382 -0.350936
v 0.322499 0.655932 0.219424
v 0.322986 1.009958 0.184908
v 0.337285 0.720955 0.281561
v 0.325110 0.985126 -0.437772
v 0.325118 0.277898 -0.029398
v 0.364880 0.319942 -0.197065
v 0.432047 0.329074 -0.256671
v 0.325194 0.417613 -0.232749
v 0.396932 0.639403 0.527545
v 0.328431 1.094642 -0.354302
v 0.325633 0.734759 0.209626
v 0.325845 0.691701 -0.040511
v 0.326054 0.762854 0.392451
v 0.326464 0.748143 -0.043839
v 0.326550 0.193753 0.156807
v 0.326698 0.968091 0.100304
v 0.434872 0.458112 0.072658
v 0.407756 0.768964 0.324897
v 0.327273 0.892271 0.168500
v 0.327379 1.146505 0.308168
v 0.327737 0.680842 -0.326627
v 0.328143 0.660586 0.061792
v 0.328171 0.634060 -0.297632
v 0.328284 0.920758 0.196212
v 0.328373 0.860047 0.162346
v 0.342724 0.212432 0.157092
v 0.329688 0.871525 -0.212126
v 0.329842 0.532739 -0.333017
v 0.337779 1.099128 -0.234225
v 0.332129 0.871440 -0.071040
v 0.367955 0.457137 -0.202719
v 0.331149 0.646727 -0.443552
v 0.331548 0.553974 -0.469254
v 0.453203 0.550057 -0.047732
v 0.331910 0.845538 0.344137
v 0.332404 0.608952 -0.098109
v 0.332485 0.986261 0.318752
v 0.440829 0.605979 -0.175419
v 0.332597 0.851288 -0.180515
v 0.334716 0.754641 -0.179008
v 0.335143 0.494994 0.046852
v 0.336081 0.490483 0.040606
v 0.332935 0.571352 -0.331594
v 0.333397 0.824089 0.119937
v 0.347225 0.823149 0.084297
v 0.343029 0.824151 0.087334
v 0.391956 0.831721 -0.100391
v 0.436602 0.702699 0.195483
v 0.336400 0.705917 0.136698
v 0.335700 0.722478 0.113872
v 0.341081 0.492481 0.038757
v 0.338491 0.494758 0.034329
v 0.336887 0.924985 0.172226
v 0.338773 0.765444 0.240622
v 0.448328 0.872303 -0.239553
v 0.337424 0.653082 0.276751
v 0.337527 0.602180 0.427554
v 0.343992 0.571458 -0.216679
v 0.439610 1.023023 0.015724
v 0.337994 1.094561 0.212764
v 0.384364 0.868082 -0.216047
v 0.338203 0.897278 0.150723
v 0.337766 0.709197 0.279942
v 0.338565 0.709808 0.277151
v 0.338902 0.612473 -0.374242
v 0.339756 0.720316 0.128433
v 0.339771 1.101385 -0.385112
v 0.347934 0.818479 0.080579
v 0.340156 0.500098 -0.407415
v 0.352961 0.691023 -0.279870
v 0.340211 0.987216 -0.214650
v 0.340476 1.118506 0.080300
v 0.340511 1.183285 -0.025586
v 0.340530 0.599517 -0.211487
v 0.340533 0.682571 -0.137868
v 0.429563 1.038899 -0.189472
v 0.340531 0.644746 -0.344386
v 0.466762 0.535507 -0.062431
v 0.345233 0.918092 -0.232923
v 0.340938 0.648858 0.173957
v 0.408947 0.620777 0.214659
v 0.341024 0.529103 -0.634700
v 0.341583 0.601769 0.157256
v 0.341596 0.527912 0.155210
v 0.344530 0.630014 -0.003131
v 0.344456 1.042647 -0.252850
v 0.344588 1.042824 -0.252898
v 0.344659 1.042625 -0.252669
v 0.342550 1.071898 0.176241
v 0.426849 0.554511 -0.218114
v 0.348016 0.607633 -0.367384
v 0.347793 0.605647 -0.369256
v 0.346682 0.613225 -0.361276
v 0.344076 0.268210 0.280886
v 0.448263 0.704235 0.246602
v 0.461112 0.670722 -0.353137
v 0.345207 0.497998 -0.629262
v 0.345472 0.929014 -0.173042
v 0.345703 0.385020 0.121273
v 0.366981 0.581457 -0.265073
v 0.346433 0.645392 0.005670
v 0.346513 0.395824 -0.011630
v 0.348889 0.606939 -0.372268
v 0.427831 0.490481 -0.120652
v 0.348513 0.934636 -0.123486
v 0.348785 0.276136 0.222439
v 0.348799 0.772198 -0.127696
v 0.348974 0.895007 0.115775
v 0.349328 0.506608 0.178264
v 0.349315 0.570319 0.132200
v 0.364444 0.632456 0.020403
v 0.354965 0.635599 0.011068
v 0.349508 0.625087 0.005670
v 0.348398 0.639864 0.022324
v 0.349714 0.652570 0.420766
v 0.417202 1.139883 0.251589
v 0.349809 0.708305 0.016128
v 0.415619 0.802450 -0.065563
v 0.350585 0.525820 -0.193674
v 0.351523 0.781718 0.086239
v 0.358655 0.498973 -0.001862
v 0.352250 0.928579 -0.097723
v 0.352612 0.793737 0.294050
v 0.353933 0.972004 -0.055916
v 0.409795 0.634689 0.240267
v 0.354369 0.302319 0.054466
v 0.455367 0.731492 0.148147
v 0.436926 0.286321 -0.211334
v 0.355264 0.681377 -0.273326
v 0.354164 0.679974 -0.275687
v 0.355420 0.609534 -0.223752
v 0.355677 0.621664 0.201188
v 0.355988 1.032665 -0.113149
v 0.356358 0.404198 -0.112004
v 0.356455 0.524561 0.388527
v 0.356605 0.880725 0.085669
v 0.356634 0.649710 -0.154950
v 0.373018 1.111334 0.215307
v 0.362994 0.613426 -0.394757
v 0.362845 0.613314 -0.394394
v 0.357815 0.716709 -0.608362
v 0.357992 0.614733 0.356777
v 0.358056 0.754702 -0.016675
v 0.476351 0.693939 0.417498
v 0.365727 0.786431 0.206180
v 0.359253 0.613845 0.217259
v 0.359731 0.653483 0.063798
v 0.480197 0.427068 -0.294386
v 0.359896 0.656198 0.115884
v 0.360016 0.655105 0.278239
v 0.360152 0.782173 -0.229902
v 0.360253 0.633383 -0.102609
v 0.360886 1.031984 -0.257647
v 0.360985 0.802159 0.475263
v 0.426876 0.762856 -0.174887
v 0.483510 0.658296 0.054206
v 0.362089 0.793242 0.004416
v 0.362314 0.631999 0.018728
v 0.362731 0.774443 0.023700
v 0.362763 0.586140 0.358505
v 0.394581 0.730166 -0.212734
v 0.362905 0.834741 -0.172339
v 0.362964 0.701675 0.340233
v 0.448605 0.742938 0.183370
v 0.363088 0.734668 0.225866
v 0.364503 0.472891 -0.054335
v 0.364241 0.642790 0.013376
v 0.365536 1.028376 0.100441
v 0.365468 0.331981 -0.210857
v 0.365948 0.670154 -0.353677
v 0.366134 0.304571 -0.281445
v 0.366217 0.753717 -0.155153
v 0.366322 0.684403 -0.169686
v 0.440594 0.903189 -0.315955
v 0.366835 0.509171 -0.357405
v 0.394702 0.613083 0.099831
v 0.368202 0.524146 0.123573
v 0.363580 0.641450 0.043400
v 0.368730 1.098562 -0.499614
v 0.369181 0.932807 0.003181
v 0.369208 0.600681 -0.418775
v 0.369375 0.643111 0.053773
v 0.375256 0.754473 -0.080778
v 0.370456 0.707772 -0.313324
v 0.454256 0.545876 -0.428330
v 0.370642 0.886846 0.169179
v 0.373221 0.729390 0.398381
v 0.478967 0.349401 -0.023771
v 0.383379 0.662224 0.093285
v 0.376425 0.937469 -0.310472
v 0.372867 0.787434 0.448849
v 0.375045 0.839490 0.064195
v 0.375444 0.839661 0.064050
v 0.374733 0.840629 0.064266
v 0.373472 0.829334 0.193352
v 0.380469 0.635192 -0.004878
v 0.396690 0.685219 0.069241
v 0.486567 0.553794 0.145435
v 0.375005 0.468603 -0.309891
v 0.378020 1.105685 -0.290864
v 0.456088 0.928286 -0.202830
v 0.376511 0.760281 0.136537
v 0.378394 0.603784 -0.364592
v 0.378967 0.603812 -0.364557
v 0.401814 0.714459 -0.152965
v 0.454539 0.793721 0.381265
v 0.491901 0.819742 -0.135972
v 0.377689 1.017130 -0.063123
v 0.378172 0.617784 0.038567
v 0.378211 0.697295 -0.009037
v 0.378404 0.428657 0.373182
v 0.378513 0.672342 0.466850
v 0.383493 0.498769 0.051691
v 0.495754 0.618915 -0.189356
v 0.379091 0.546681 0.382727
v 0.379909 0.536865 0.267035
v 0.481706 0.609091 -0.400241
v 0.384438 0.618854 -0.441718
v 0.380179 0.635009 -0.004342
v 0.380573 0.953034 -0.054579
v 0.498757 0.585371 0.313776
v 0.381222 0.613488 0.126298
v 0.381656 0.525961 -0.468303
v 0.382319 0.655266 -0.420141
v 0.382378 0.802893 -0.277278
v 0.394907 0.886283 0.061507
v 0.395251 0.886829 0.061340
v 0.474296 0.863581 0.097589
v 0.382045 0.652209 0.086482
v 0.384893 0.654214 0.087018
v 0.439530 0.862970 -0.065464
v 0.383944 1.029408 0.105966
v 0.384119 1.079588 -0.340328
v 0.384119 0.898890 -0.051939
v 0.384324 1.100919 -0.420313
v 0.387132 0.623014 -0.447128
v 0.508472 0.465548 -0.087572
v 0.385188 0.518970 -0.199454
v 0.399391 0.599019 0.221401
v 0.386235 0.934479 0.205452
v 0.386574 0.739376 0.096377
v 0.495622 0.666319 -0.571499
v 0.410551 0.780151 0.070608
v 0.386789 0.601354 -0.226313
v 0.415896 0.585778 0.111679
v 0.388018 0.564711 -0.388480
v 0.388254 0.719760 0.020169
v 0.388265 0.683278 -0.323547
v 0.391412 1.105633 -0.233925
v 0.467412 0.940752 0.137272
v 0.390967 0.649154 0.267137
v 0.391603 0.649350 0.267340
v 0.391771 0.650551 0.266538
v 0.468427 0.949678 -0.148998
v 0.392346 0.859172 0.032281
v 0.389904 0.921421 -0.223841
v 0.390181 0.311153 -0.384827
v 0.390467 0.867408 0.219198
v 0.390589 0.859228 0.058238
v 0.390797 0.451782 0.169060
v 0.391285 0.765868 -0.118316
v 0.392323 0.589778 0.219023
v 0.393724 0.589902 0.216434
v 0.404764 0.673168 -0.111491
v 0.516441 0.849502 0.089833
v 0.392278 0.314223 0.185991
v 0.392663 0.451962 0.335765
v 0.392737 0.673503 0.361242
v 0.399837 0.699185 0.360272
v 0.399848 0.699118 0.360206
v 0.392886 0.710679 0.337073
v 0.392877 0.595327 0.250101
v 0.393110 0.368783 -0.146422
v 0.393669 0.704599 0.511903
v 0.421606 0.526989 0.050002
v 0.390738 0.521878 0.031919
v 0.403182 0.631239 -0.216908
v 0.395822 0.333987 0.178992
v 0.396290 1.080260 -0.227290
v 0.503360 0.422654 -0.053379
v 0.397434 0.757973 -0.252936
v 0.397521 0.534955 0.189227
v 0.397742 0.819849 -0.091591
v 0.398005 0.463104 0.147920
v 0.398118 0.608288 -0.510220
v 0.398330 0.538840 0.038242
v 0.399041 1.137990 -0.094095
v 0.399060 0.912514 -0.365978
v 0.401063 0.518802 0.038721
v 0.406504 0.530794 0.036579
v 0.399555 0.518340 0.038242
v 0.459146 0.571296 -0.195214
v 0.399997 0.293572 -0.285453
v 0.400194 0.715744 0.383767
v 0.400502 0.662146 -0.113054
v 0.401789 0.662785 -0.115639
v 0.400523 0.857471 0.173723
v 0.501008 0.339891 -0.449454
v 0.401576 0.632356 0.022799
v 0.409313 0.653210 0.292574
v 0.409785 0.653505 0.293206
v 0.487046 0.584349 0.088767
v 0.412752 0.680757 0.340278
v 0.412529 0.681566 0.340272
v 0.411672 0.677399 0.340245
v 0.406119 0.723030 0.243988
v 0.406506 0.764770 0.020558
v 0.410338 0.864687 -0.006985
v 0.482592 0.851442 0.140369
v 0.530889 0.907183 -0.391882
v 0.532371 0.741226 -0.015294
v 0.408191 0.868765 -0.048975
v 0.410499 0.859066 0.072911
v 0.504000 0.799648 -0.179709
v 0.489712 0.660723 0.257128
v 0.408915 0.559682 -0.069432
v 0.457633 0.644612 0.112078
v 0.411461 0.337788 0.240260
v 0.410253 0.538351 0.055099
v 0.413179 0.705097 0.151903
v 0.413452 0.705251 0.151837
v 0.412771 0.706118 0.153884
v 0.537396 0.936818 -0.251569
v 0.412370 0.800513 0.016736
v 0.412593 0.741080 0.149132
v 0.421577 0.852074 0.229810
v 0.413689 0.568420 -0.146465
v 0.413916 0.325491 -0.092679
v 0.414130 0.578022 0.165605
v 0.503320 0.930499 -0.265928
v 0.414250 0.202879 -0.488200
v 0.414446 0.543490 0.284680
v 0.414560 0.517311 0.006814
v 0.418390 0.661943 0.265866
v 0.417991 0.661793 0.265922
v 0.420169 0.612546 -0.522872
v 0.417306 0.838903 0.407206
v 0.417629 0.718277 0.149126
v 0.417926 0.232342 -0.339559
v 0.429555 0.968485 0.041863
v 0.419173 0.602943 -0.314640
v 0.419671 0.664910 -0.486421
v 0.419800 0.419673 0.226984
v 0.420047 0.428148 0.305319
v 0.420666 0.781457 -0.276817
v 0.426012 0.619754 -0.337649
v 0.421350 0.646745 0.212043
v 0.421379 0.845795 0.227058
v 0.428481 0.624022 -0.335615
v 0.425280 0.620408 -0.338638
v 0.421847 0.666210 -0.064465
v 0.422053 0.543739 0.498220
v 0.422159 0.527221 0.049761
v 0.421325 0.525648 0.053369
v 0.422338 1.022159 -0.311529
v 0.422460 0.572369 -0.278873
v 0.422562 0.717331 -0.154058
v 0.422973 0.554566 -0.125317
v 0.423164 0.663309 0.025662
v 0.423811 0.853410 0.208844
v 0.423970 0.337913 -0.012931
v 0.510248 1.073676 -0.199553
v 0.425034 0.168876 0.005766
v 0.437410 0.662476 -0.024782
v 0.425898 0.992711 -0.322635
v 0.431001 0.718299 0.173191
v 0.430939 0.718319 0.173027
v 0.496901 0.729320 0.274051
v 0.489480 1.073660 -0.278115
v 0.429326 0.986345 0.084720
v 0.429365 0.864458 -0.134056
v 0.429493 0.980096 -0.248183
v 0.429562 0.532212 0.377749
v 0.429576 0.461726 0.201601
v 0.553551 0.634284 -0.454678
v 0.544514 1.136679 -0.341511
v 0.430027 0.582633 -0.021439
v 0.430458 0.223736 -0.126683
v 0.430443 0.173133 0.228171
v 0.430642 0.723052 0.271930
v 0.432437 0.652500 -0.020682
v 0.431704 0.652189 -0.023520
v 0.432097 1.080267 -0.127724
v 0.431470 0.960719 0.045076
v 0.432520 0.308146 0.240528
v 0.433406 0.717411 0.067834
v 0.437065 0.714719 0.134361
v 0.437242 0.714808 0.134240
v 0.443057 0.605309 0.135403
v 0.436353 0.826311 -0.063934
v 0.437398 0.677099 -0.249802
v 0.437655 0.536341 -0.301341
v 0.439747 0.759477 0.361975
v 0.438443 0.587014 0.153462
v 0.504480 0.911125 -0.007670
v 0.439169 0.611622 0.165266
v 0.439627 0.560318 0.240608
v 0.460014 0.615749 -0.241023
v 0.441039 0.627123 -0.171256
v 0.441103 0.806014 -0.094375
v 0.441296 0.489603 0.110002
v 0.441476 0.596378 -0.571832
v 0.567477 0.623008 -0.616761
v 0.566868 0.867995 -0.090010
v 0.463443 0.545560 0.084581
v 0.441825 0.672939 -0.479984
v 0.544450 0.500817 -0.486082
v 0.443792 0.754096 0.054617
v 0.443949 0.574077 -0.161463
v 0.444796 0.970506 -0.287426
v 0.450067 0.635259 -0.348479
v 0.450048 0.635262 -0.348472
v 0.445621 0.677800 -0.099119
v 0.446256 0.433932 0.148894
v 0.446435 0.208528 -0.227071
v 0.450157 0.876117 0.079032
v 0.447058 0.433703 -0.193529
v 0.512739 0.710822 -0.209981
v 0.554702 0.531176 0.039522
v 0.448879 0.795727 0.534632
v 0.501937 0.451814 -0.019140
v 0.461575 0.564928 -0.028260
v 0.505025 0.743040 0.287441
v 0.449462 0.340586 -0.441120
v 0.533696 0.654157 -0.357663
v 0.450698 0.609385 0.249800
v 0.453052 0.758467 -0.074689
v 0.460093 0.728350 0.386520
v 0.574991 0.884130 -0.113964
v 0.453991 0.687638 0.521124
v 0.455162 0.625537 -0.091266
v 0.455332 0.890190 0.108072
v 0.455955 0.457754 -0.231744
v 0.456511 0.542142 0.043234
v 0.456556 0.800062 0.314428
v 0.457068 0.628507 0.398556
v 0.457148 0.908873 0.007251
v 0.548296 0.755339 0.021213
v 0.464406 0.668745 -0.273265
v 0.461066 0.740489 0.205502
v 0.461014 0.740449 0.205452
v 0.470531 0.564537 0.095236
v 0.457934 0.360042 -0.243781
v 0.536275 0.685146 0.313594
v 0.459380 1.095942 -0.343857
v 0.460962 0.555211 -0.021099
v 0.459438 0.553922 -0.023378
v 0.460240 0.673793 -0.194674
v 0.460727 0.679987 -0.064440
v 0.460884 0.898788 -0.047321
v 0.460964 0.810063 0.380907
v 0.522244 0.359079 -0.497650
v 0.461307 0.608127 0.381152
v 0.583690 0.706889 0.129608
v 0.462313 0.822959 0.251223
v 0.462656 0.826108 -0.034067
v 0.465414 0.675617 0.259847
v 0.464908 0.675539 0.259928
v 0.464790 0.778439 0.218391
v 0.465211 0.761392 -0.342653
v 0.466419 0.799685 -0.014735
v 0.466274 0.553881 0.091722
v 0.468413 0.554946 0.089860
v 0.467192 0.842949 0.103820
v 0.572120 0.748729 0.164266
v 0.469548 0.466631 -0.068635
v 0.548674 0.832221 0.068983
v 0.470045 0.574585 -0.256084
v 0.470793 1.034659 -0.142570
v 0.498195 0.504570 0.076228
v 0.471157 0.472383 -0.245999
v 0.471986 1.023423 0.072766
v 0.476741 0.740849 0.118782
v 0.477085 0.741270 0.118466
v 0.476879 0.740877 0.118991
v 0.559982 0.475343 0.011941
v 0.476722 0.946900 -0.099229
v 0.505702 0.822953 -0.131106
v 0.480872 0.748220 0.462834
v 0.480908 0.334475 -0.542362
v 0.481237 0.731965 0.289941
v 0.486018 0.850284 -0.027671
v 0.483179 0.874715 -0.177241
v 0.485304 0.363690 0.123384
v 0.486005 0.838233 -0.051251
v 0.502654 0.528474 0.174969
v 0.494130 0.668658 -0.368386
v 0.486752 0.975634 0.174505
v 0.486903 0.790357 -0.025473
v 0.487746 0.634528 -0.470540
v 0.510382 0.729316 0.224806
v 0.488778 0.698046 0.559000
v 0.489579 0.750981 0.097099
v 0.489933 1.073341 -0.346806
v 0.491868 0.299844 -0.232551
v 0.492822 0.709908 -0.228557
v 0.564804 0.741873 0.398126
v 0.494056 0.713393 0.026836
v 0.501323 0.799253 0.064389
v 0.496741 0.804286 -0.324427
v 0.496902 0.472061 0.017909
v 0.504951 1.131493 -0.100522
v 0.499206 0.571317 0.115870
v 0.499551 0.632087 0.088637
v 0.500204 0.805387 -0.181866
v 0.500587 0.843354 0.194651
v 0.500629 0.691535 0.089622
v 0.554993 0.247385 -0.452808
v 0.502711 0.613031 0.377591
v 0.507642 1.143135 -0.242044
v 0.508059 0.496888 -0.051295
v 0.555735 0.753027 0.152807
v 0.508970 0.624910 -0.210256
v 0.512120 0.909065 -0.019295
v 0.517253 0.778157 0.252739
v 0.635309 0.341155 -0.327619
v 0.513100 0.742587 0.252326
v 0.513723 0.652185 0.155823
v 0.515561 0.913721 -0.286870
v 0.517553 0.756729 -0.119970
v 0.520156 0.317990 -0.327064
v 0.523626 0.326147 -0.329599
v 0.517902 0.738029 0.233888
v 0.518755 0.782467 0.090741
v 0.519084 0.579628 0.135975
v 0.519306 0.695442 0.084782
v 0.519803 0.315602 -0.329228
v 0.513673 0.319717 -0.330827
v 0.600189 0.688961 0.016121
v 0.520952 0.749283 0.260821
v 0.542796 0.319412 -0.327193
v 0.523276 0.835115 -0.039763
v 0.524034 0.548443 -0.157337
v 0.524377 0.556574 -0.503682
v 0.631344 0.640462 0.075953
v 0.529203 0.973810 -0.284183
v 0.529322 0.771743 0.022459
v 0.534903 0.799027 0.128805
v 0.583050 0.969013 0.129830
v 0.530321 0.943395 -0.145665
v 0.531621 0.571536 0.014479
v 0.532000 0.987539 -0.266503
v 0.534831 0.856859 -0.019027
v 0.535450 0.640785 0.383650
v 0.536693 0.831461 0.268719
v 0.659403 0.232842 -0.431153
v 0.536941 0.766415 0.120187
v 0.538481 0.488007 -0.528826
v 0.543769 0.323305 -0.329357
v 0.637364 0.714796 0.213513
v 0.542072 0.316844 -0.181066
v 0.548999 0.713898 0.141299
v 0.547532 0.681372 0.244688
v 0.541534 0.319845 -0.324810
v 0.544029 0.634828 0.338061
v 0.564860 0.507384 -0.258295
v 0.546859 0.890725 -0.011613
v 0.555991 0.339078 -0.415471
v 0.547516 0.861992 -0.260983
v 0.549105 0.734531 0.171248
v 0.551896 0.874628 0.015090
v 0.556026 0.521387 -0.404767
v 0.557160 0.333772 -0.408483
v 0.558953 0.803560 0.421609
v 0.559138 0.883733 0.129930
v 0.560490 0.691017 0.334808
v 0.670426 0.834089 0.031578
v 0.561739 0.629622 -0.510763
v 0.600417 0.564686 0.083835
v 0.562571 0.324712 -0.316587
v 0.630994 0.525838 0.277564
v 0.565876 0.346525 -0.365416
v 0.567863 0.845330 0.203358
v 0.570047 0.721348 0.295563
v 0.611864 0.902648 -0.055345
v 0.570743 0.691183 -0.033908
v 0.575918 0.640924 -0.350898
v 0.577251 0.731950 0.222130
v 0.580038 0.729860 -0.002086
v 0.580413 0.629692 0.319644
v 0.581994 0.766503 -0.138453
v 0.604569 0.582504 0.109999
v 0.583860 0.191364 -0.179541
v 0.584772 0.723026 0.333358
v 0.588276 0.388312 0.018076
v 0.614781 0.620796 0.205628
v 0.593286 0.904814 0.050205
v 0.593288 0.640452 0.338270
v 0.593733 0.628227 -0.472800
v 0.598857 0.703487 -0.230782
v 0.650767 0.355738 -0.406750
v 0.598291 0.532719 -0.247124
v 0.600000 0.736856 0.334531
v 0.722973 0.330483 -0.467192
v 0.611196 0.339009 -0.309503
v 0.602729 0.713387 0.233991
v 0.605275 0.332837 -0.308658
v 0.606003 0.524889 0.132295
v 0.609451 0.816675 -0.109308
v 0.611247 0.334997 -0.224377
v 0.612922 0.648004 -0.287228
v 0.614154 0.365543 -0.444670
v 0.621795 0.604989 0.338366
v 0.623830 0.840508 0.126851
v 0.630753 0.238315 -0.281392
v 0.635286 0.765491 0.019225
v 0.637723 0.310292 -0.135084
v 0.642745 0.824969 0.265537
v 0.641340 0.634376 0.389532
v 0.653659 0.746785 0.193420
v 0.654842 0.707607 0.147213
v 0.660005 0.228914 -0.264424
v 0.691489 0.337121 -0.365805
v 0.706074 0.257085 -0.391713
v 0.746286 0.349553 -0.360773
vn -0.1734 -0.1247 -0.9769
vn -0.2301 -0.1591 -0.9601
vn -0.1962 -0.1385 -0.9707
vn -0.3059 -0.2048 -0.9298
vn 0.1914 0.1451 0.9707
vn 0.9983 -0.0148 -0.0568
vn 0.5644 -0.1204 -0.8167
vn 0.1755 0.1457 0.9736
vn 0.4996 0.1213 0.8577
vn -0.2755 -0.1318 0.9522
vn -0.7433 -0.0180 -0.6687
vn -0.5876 -0.0303 -0.8086
vn -0.6949 -0.0222 -0.7188
vn -0.3825 -0.0426 -0.9230
vn 0.8898 -0.4143 -0.1912
vn 0.5580 -0.5087 -0.6556
vn 0.8862 -0.4175 -0.2009
vn 0.3636 -0.4986 -0.7868
vn -0.3454 0.0213 0.9382
vn 0.1978 -0.2627 0.9444
vn 0.4640 -0.3773 0.8015
vn -0.4297 0.1211 0.8948
vn -0.3720 0.0370 0.9275
vn -0.6877 0.0192 -0.7258
vn -0.5351 0.1095 -0.8377
vn -0.6400 0.0495 -0.7667
vn -0.3362 0.2049 -0.9192
vn 0.9790 -0.0188 -0.2032
vn 0.7025 -0.0213 -0.7114
vn 0.9767 -0.0190 -0.2138
vn 0.5173 -0.0203 -0.8556
vn -0.3436 -0.4487 0.8250
vn 0.2629 -0.5349 0.8030
vn 0.5536 -0.4992 0.6666
vn -0.4557 -0.3704 0.8094
vn -0.3738 -0.4389 0.8171
vn -0.9554 -0.2826 -0.0860
vn -0.8321 -0.0930 -0.5468
vn -0.9406 -0.2209 -0.2577
vn 0.7078 0.0026 -0.7064
vn 0.7081 0.0025 -0.7061
vn 0.7098 0.0069 -0.7044
vn 0.7113 0.0056 -0.7028
vn -0.7145 -0.0009 -0.6996
vn -0.7091 0.0025 0.7051
vn -0.7072 0.0073 0.7070
vn 0.5769 0.0046 0.8168
vn 0.5805 0.0046 0.8142
vn 0.5787 0.0087 0.8155
vn 0.7255 -0.0748 0.6841
vn 0.0195 0.0026 -0.9998
vn -0.7710 0.3342 0.5421
vn 0.6695 0.2286 0.7068
vn -0.9411 0.3336 -0.0548
vn -0.8930 0.3071 -0.3290
vn 0.2849 -0.1140 -0.9518
vn -0.3182 0.1272 0.9395
vn 0.8852 -0.2994 0.3561
vn 0.3435 0.1979 -0.9181
vn 0.2665 0.2225 -0.9378
vn 0.2623 0.2194 -0.9397
vn 0.2630 0.2229 -0.9387
vn 0.7740 0.0249 -0.6327
vn -0.9480 0.2966 0.1157
vn 0.1612 -0.5099 0.8450
vn -0.0721 -0.4242 0.9027
vn 0.7195 -0.4536 -0.5259
vn 0.6372 -0.0457 -0.7693
vn 0.7189 -0.1891 -0.6689
vn 0.6505 -0.0665 -0.7566
vn -0.1554 0.8947 -0.4187
vn -0.3335 -0.6020 0.7256
vn 0.7250 -0.2018 -0.6585
vn -0.5971 0.6874 0.4134
vn 0.0144 -0.9182 0.3959
vn 0.6992 -0.5558 0.4497
vn 0.2895 0.1422 -0.9466
vn 0.7977 -0.5526 -0.2416
vn -0.2712 -0.3808 0.8840
vn -0.5695 0.0614 -0.8197
vn -0.2174 -0.0815 -0.9727
vn -0.2044 -0.0867 -0.9750
vn -0.2125 0.2197 0.9521
vn 0.2031 0.1155 0.9723
vn -0.2234 -0.1534 -0.9626
vn 0.3790 -0.8321 -0.4049
vn 0.1714 0.4190 0.8917
vn -0.5167 -0.5631 -0.6449
vn 0.5323 0.0059 0.8465
vn 0.4367 -0.5113 0.7402
vn -0.1937 -0.7847 0.5888
vn -0.3951 -0.6829 -0.6144
vn 0.1142 -0.5041 0.8561
vn 0.8121 -0.5095 0.2845
vn -0.8772 0.1365 -0.4604
vn 0.7574 -0.4962 0.4244
vn 0.1791 -0.2015 -0.9630
vn -0.0477 -0.1045 -0.9934
vn -0.2924 0.2731 0.9165
vn -0.2758 0.2597 0.9255
vn 0.3198 -0.2063 -0.9247
vn 0.4851 0.8721 0.0640
vn 0.4891 0.8702 0.0597
vn -0.6233 0.5690 -0.5364
vn 0.7982 -0.2379 0.5534
vn 0.4749 -0.6117 -0.6326
vn 0.4563 -0.6274 -0.6310
vn -0.4303 -0.2435 0.8692
vn 0.4607 -0.6099 -0.6448
vn 0.4753 -0.1401 -0.8686
vn -0.4405 -0.2026 0.8746
vn 0.1837 -0.6783 -0.7115
vn 0.1856 0.6032 -0.7757
vn -0.1863 -0.5916 0.7844
vn -0.5253 -0.4831 -0.7005
vn -0.5650 -0.4282 -0.7053
vn 0.7166 -0.5014 0.4848
vn 0.5312 0.2552 0.8079
vn 0.3973 -0.8257 0.4005
vn 0.3878 -0.8452 0.3678
vn -0.0753 -0.8941 -0.4415
vn 0.5172 -0.1243 0.8468
vn -0.7902 0.2780 -0.5461
vn 0.6331 0.4540 0.6270
vn 0.3614 -0.9171 0.1682
vn -0.2695 -0.5514 -0.7895
vn 0.4221 -0.0348 -0.9059
vn -0.2221 -0.3062 0.9257
vn 0.6565 0.0224 0.7540
vn 0.8115 -0.5833 -0.0347
vn 0.8140 -0.5803 -0.0254
vn -0.2394 -0.5835 -0.7760
vn 0.5576 0.3463 0.7545
vn 0.8241 0.2542 0.5063
vn 0.6985 -0.7073 -0.1092
vn 0.6967 -0.7095 -0.1060
vn 0.6964 -0.7094 -0.1090
vn -0.1447 -0.9607 -0.2370
vn 0.2457 -0.9293 -0.2758
vn 0.5084 0.8381 0.1976
vn 0.6414 -0.5488 -0.5362
vn -0.9965 -0.0757 0.0358
vn -0.8140 -0.4788 -0.3289
vn 0.6881 -0.5146 -0.5115
vn -0.9271 -0.3490 -0.1365
vn 0.9588 -0.1865 -0.2144
vn -0.4035 0.9119 -0.0751
vn -0.0118 -0.4283 -0.9036
vn 0.1708 -0.1134 0.9788
vn 0.3590 0.8000 0.4808
vn 0.0026 0.7163 0.6978
vn 0.3832 -0.7643 -0.5186
vn -0.2566 -0.9646 0.0603
vn -0.2097 0.9408 0.2662
vn 0.5521 0.0522 -0.8321
vn 0.0833 0.2968 0.9513
vn 0.7085 -0.2688 -0.6525
vn 0.3958 -0.6586 -0.6400
vn -0.7281 0.2114 -0.6520
vn -0.6705 0.4600 0.5820
vn -0.6388 0.7692 -0.0156
vn 0.6948 0.1324 0.7069
vn 0.7375 -0.0243 0.6750
vn -0.2826 0.2641 -0.9222
vn -0.0569 0.1542 -0.9864
vn 0.7673 -0.3409 -0.5432
vn -0.4498 0.3433 -0.8245
vn 0.3805 -0.2435 0.8921
vn 0.3874 -0.1694 0.9062
vn -0.3224 -0.4805 -0.8156
vn -0.3801 0.8925 -0.2429
vn -0.2937 -0.8494 -0.4384
vn -0.6036 0.5189 -0.6053
vn 0.6040 -0.4533 0.6555
vn -0.0604 0.9298 -0.3630
vn 0.6046 -0.2058 0.7695
vn 0.1100 -0.8948 0.4326
vn -0.6967 -0.6226 -0.3563
vn 0.5346 -0.8418 0.0747
vn -0.3865 0.1477 -0.9104
vn -0.2516 0.2448 -0.9364
vn -0.2414 0.2516 -0.9372
vn -0.1356 0.3193 -0.9379
vn 0.3195 -0.4590 0.8290
vn 0.2501 -0.3238 0.9125
vn 0.2303 -0.2862 0.9301
vn 0.1562 -0.1476 0.9766
vn 0.7680 -0.0474 -0.6387
vn -0.6387 -0.5351 0.5530
vn -0.0890 -0.9788 -0.1846
vn 0.7902 -0.5581 -0.2533
vn -0.4106 -0.9102 -0.0542
vn 0.0375 -0.8924 -0.4498
vn -0.6741 0.1814 0.7161
vn -0.5448 -0.4504 0.7074
vn -0.0988 -0.3133 -0.9445
vn 0.2044 0.1426 -0.9684
vn 0.4325 0.0287 -0.9012
vn 0.2636 0.1147 -0.9578
vn 0.5963 -0.0671 -0.8000
vn -0.3345 -0.2625 0.9051
vn -0.8504 0.4617 0.2522
vn -0.4251 -0.1902 0.8849
vn 0.4628 -0.5320 0.7090
vn 0.6458 -0.0828 -0.7590
vn -0.8457 0.5122 0.1499
vn 0.6920 -0.3747 -0.6170
vn -0.0909 0.9633 0.2525
vn -0.0933 0.9584 0.2696
vn -0.0087 0.9854 -0.1703
vn -0.1573 0.7343 0.6603
vn 0.4893 -0.7187 0.4940
vn 0.9069 0.1887 -0.3767
vn -0.6460 -0.6610 0.3818
vn 0.0740 -0.9965 0.0385
vn 0.1667 0.2072 -0.9640
vn 0.8776 -0.2336 -0.4186
vn -0.2439 -0.2883 0.9259
vn -0.6163 0.5506 -0.5631
vn -0.3134 -0.2499 0.9161
vn -0.5569 0.5482 -0.6239
vn 0.5166 -0.4210 0.7456
vn 0.2441 0.6297 -0.7375
vn 0.9574 -0.0759 -0.2787
vn -0.3629 -0.5034 0.7841
vn 0.5756 0.1176 -0.8092
vn 0.4800 -0.0867 -0.8730
vn -0.2167 0.2506 -0.9435
vn -0.5138 0.4833 0.7089
vn 0.6925 -0.5286 0.4909
vn 0.2500 -0.0400 0.9674
vn 0.0635 -0.0258 -0.9976
vn -0.0704 0.2980 0.9520
vn 0.6285 0.1132 -0.7695
vn -0.2420 -0.4954 0.8343
vn -0.3754 -0.8004 0.4673
vn -0.9652 -0.2326 0.1198
vn 0.5062 -0.1993 0.8391
vn 0.0871 -0.4022 0.9114
vn 0.1571 -0.3783 -0.9123
vn 0.1410 0.2088 0.9677
vn 0.5074 -0.0535 0.8601
vn 0.1365 -0.3677 -0.9199
vn -0.6472 0.2832 -0.7078
vn -0.6483 0.2819 -0.7073
vn -0.6476 0.2848 -0.7067
vn 0.2408 -0.3198 -0.9164
vn -0.7925 -0.6043 0.0822
vn -0.3486 0.4600 -0.8166
vn 0.4456 -0.3561 0.8214
vn -0.1524 0.0855 -0.9846
vn 0.1863 0.1943 -0.9631
vn 0.0650 -0.1055 0.9923
vn 0.0795 -0.1028 0.9915
vn -0.2447 0.2993 -0.9222
vn -0.2507 -0.6205 0.7430
vn 0.3391 0.4079 -0.8477
vn -0.3142 -0.1129 -0.9426
vn -0.2542 -0.1416 0.9567
vn -0.8070 0.2627 0.5289
vn -0.8039 0.2613 0.5343
vn -0.8082 0.2672 0.5247
vn 0.2880 -0.2051 0.9354
vn 0.1784 -0.5689 -0.8028
vn -0.6399 0.0429 0.7672
vn -0.4162 0.0965 -0.9041
vn -0.1698 0.0691 -0.9831
vn -0.2704 -0.0129 0.9627
vn 0.2491 0.1982 0.9480
vn 0.2566 0.1906 0.9475
vn 0.2543 0.1960 0.9471
vn 0.1199 -0.3564 -0.9266
vn 0.6398 -0.2774 -0.7167
vn 0.2148 0.3017 0.9289
vn -0.7690 0.6390 0.0147
vn 0.9341 0.1857 0.3049
vn -0.2238 0.9113 -0.3456
vn 0.2417 0.7780 0.5799
vn 0.0406 -0.8658 -0.4988
vn 0.8305 0.3085 -0.4639
vn 0.5657 0.2292 -0.7921
vn -0.5465 0.2125 0.8101
vn 0.6907 -0.4440 -0.5708
vn -0.9693 0.2157 -0.1184
vn -0.7391 0.0283 -0.6730
vn -0.9636 0.2010 -0.1762
vn 0.5916 0.1611 0.7900
vn 0.4233 0.3241 0.8460
vn 0.5683 0.1870 0.8013
vn 0.8594 -0.4289 -0.2782
vn -0.7091 0.0129 -0.7050
vn 0.4047 0.3370 0.8501
vn 0.7500 0.0873 0.6557
vn 0.7027 0.0140 0.7113
vn -0.2579 0.7428 -0.6179
vn -0.2104 -0.8661 0.4534
vn -0.2106 -0.8661 0.4534
vn -0.2105 -0.8661 0.4534
vn 0.0859 -0.5100 -0.8559
vn -0.1457 0.5359 0.8316
vn -0.7263 -0.5927 -0.3481
vn 0.5405 0.7898 0.2900
vn 0.4032 -0.4946 -0.7699
vn -0.1304 -0.4275 -0.8946
vn 0.3857 -0.3364 -0.8591
vn -0.4155 0.4073 0.8133
vn 0.9921 0.0727 0.1020
vn 0.0797 0.4809 0.8732
vn -0.5882 -0.7729 -0.2379
vn 0.5951 0.7678 0.2371
vn 0.9303 -0.2096 -0.3011
vn 0.7832 -0.1532 -0.6026
vn 0.3706 -0.0263 -0.9284
vn 0.0112 -0.0737 0.9972
vn 0.9806 -0.1905 0.0451
vn 0.9452 -0.1997 -0.2584
vn 0.2625 -0.1028 -0.9594
vn 0.3985 -0.0295 0.9167
vn 0.6545 0.6825 0.3252
vn 0.3133 0.9245 0.2172
vn -0.9944 -0.1015 -0.0302
vn 0.3067 0.5834 0.7521
vn -0.9390 -0.2501 -0.2360
vn 0.9957 0.0776 0.0496
vn 0.4198 0.5627 0.7121
vn -0.0608 0.0476 -0.9970
vn 0.2316 0.0256 -0.9725
vn 0.2635 -0.0860 0.9608
vn 0.2689 -0.0873 0.9592
vn 0.2690 -0.0815 0.9597
vn 0.1823 -0.0677 0.9809
vn -0.0265 0.3439 -0.9386
vn -0.1862 -0.1795 0.9660
vn 0.0549 -0.3252 0.9441
vn 0.0578 -0.3228 0.9447
vn 0.0996 0.0951 -0.9905
vn 0.5687 -0.1327 -0.8117
vn -0.2626 0.0395 0.9641
vn -0.4258 0.2050 0.8813
vn 0.6934 0.1336 -0.7081
vn 0.4049 -0.7828 0.4726
vn 0.8955 -0.2539 -0.3655
vn 0.1631 -0.5075 0.8461
vn 0.8600 -0.3339 0.3859
vn 0.4616 0.2266 0.8576
vn 0.2543 -0.9198 -0.2989
vn -0.8899 -0.4375 -0.1289
vn -0.8469 -0.5049 0.1668
vn -0.8472 -0.5035 0.1697
vn -0.8475 -0.5050 0.1635
vn -0.3966 -0.8598 0.3217
vn 0.7401 0.4484 -0.5011
vn -0.2241 -0.9688 0.1059
vn 0.4679 0.3735 -0.8010
vn -0.9596 -0.2015 -0.1963
vn -0.9936 -0.1021 -0.0473
vn 0.9607 0.1742 0.2161
vn 0.7799 0.5833 0.2270
vn 0.6108 0.1331 0.7805
vn 0.5942 0.4529 -0.6647
vn 0.6045 0.3609 -0.7101
vn -0.6034 -0.1322 -0.7864
vn 0.1792 -0.9217 0.3441
vn 0.5639 0.4207 0.7107
vn -0.1449 -0.2871 -0.9469
vn 0.2281 0.0619 -0.9717
vn 0.3871 0.2219 -0.8949
vn -0.3018 -0.4188 -0.8565
vn 0.2123 0.1280 0.9688
vn -0.3019 0.1159 0.9463
vn -0.5046 0.0990 0.8576
vn 0.4316 0.1242 0.8935
vn 0.0968 0.8952 -0.4350
vn -0.0794 0.2136 -0.9737
vn -0.7316 0.0366 -0.6808
vn -0.0286 -0.0947 0.9951
vn -0.0126 0.7719 0.6357
vn 0.2224 0.4629 0.8581
vn -0.1771 0.1036 -0.9787
vn -0.2045 -0.1377 -0.9691
vn 0.2173 0.3160 0.9236
vn 0.5899 0.5306 -0.6087
vn 0.2220 0.9667 -0.1271
vn -0.1976 0.7095 0.6764
vn 0.5429 -0.7662 -0.3439
vn 0.8217 0.4989 -0.2754
vn -0.7418 0.5275 0.4140
vn -0.3620 0.7301 0.5796
vn 0.7340 0.5981 0.3217
vn -0.0898 -0.6962 -0.7122
vn 0.0867 0.6563 0.7495
vn 0.3306 0.1336 -0.9343
vn -0.0475 0.5108 0.8584
vn -0.2569 0.5625 -0.7859
vn 0.4205 0.4400 0.7934
vn -0.6888 -0.2659 -0.6744
vn 0.7490 -0.0493 0.6608
vn 0.4951 0.7088 -0.5025
vn 0.6414 0.2180 -0.7356
vn 0.6414 0.2202 -0.7349
vn 0.6420 0.2189 -0.7348
vn 0.0454 0.0157 0.9988
vn -0.6659 -0.1574 0.7293
vn -0.8937 -0.2133 0.3948
vn 0.4173 0.2319 0.8787
vn 0.9656 0.1396 -0.2195
vn -0.7066 -0.1735 -0.6860
vn -0.4673 -0.0471 -0.8829
vn 0.4317 0.7308 -0.5287
vn 0.2592 0.2613 -0.9298
vn -0.6574 -0.4311 -0.6181
vn -0.2600 0.1686 0.9508
vn -0.1577 0.5668 0.8086
vn -0.2198 -0.9631 -0.1553
vn -0.4150 0.9089 0.0413
vn 0.7680 -0.1312 0.6269
vn -0.0042 0.7833 0.6216
vn 0.8156 -0.1251 -0.5650
vn 0.7926 0.5100 -0.3341
vn -0.3884 -0.1354 0.9115
vn -0.3769 0.0014 0.9263
vn -0.2267 -0.9379 0.2626
vn 0.3945 0.0999 -0.9134
vn 0.4026 0.2853 -0.8698
vn -0.2177 -0.9466 0.2378
vn -0.2227 0.4797 -0.8487
vn -0.2041 0.5786 -0.7897
vn 0.2312 0.8160 0.5299
vn 0.3202 -0.3415 0.8836
vn -0.2226 0.4798 -0.8486
vn 0.2859 0.3574 0.8891
vn 0.3629 0.4543 -0.8136
vn -0.1861 -0.0936 -0.9781
vn -0.7009 -0.0524 0.7113
vn 0.6171 0.5471 0.5655
vn -0.1909 -0.1224 -0.9740
vn -0.0928 -0.1168 0.9888
vn -0.4178 0.7842 0.4588
vn -0.5524 0.5520 0.6247
vn 0.6504 -0.0072 -0.7595
vn 0.6501 -0.0690 -0.7568
vn 0.0594 0.9598 -0.2743
vn 0.3705 0.7099 -0.5989
vn -0.1721 -0.0404 0.9843
vn -0.2230 -0.9583 0.1785
vn 0.0958 -0.3069 -0.9469
vn -0.1673 -0.0155 0.9858
vn 0.1382 -0.1652 0.9765
vn -0.0402 0.1653 -0.9854
vn -0.3406 -0.2901 0.8943
vn -0.7839 -0.5110 0.3527
vn -0.1906 0.1166 -0.9747
vn -0.2577 -0.2548 0.9320
vn 0.1531 -0.1344 0.9790
vn -0.0819 -0.1621 -0.9834
vn 0.2498 0.4178 -0.8735
vn 0.7656 0.4254 -0.4826
vn 0.4941 -0.1785 0.8509
vn 0.0424 -0.3514 0.9353
vn 0.0623 0.7578 0.6495
vn 0.0331 0.9764 -0.2132
vn 0.2578 0.5983 -0.7587
vn 0.1298 0.9914 0.0145
vn 0.1147 -0.1422 0.9832
vn -0.0499 0.1511 -0.9873
vn -0.0964 -0.1673 0.9812
vn 0.8755 0.4035 0.2659
vn -0.1144 0.1296 -0.9849
vn -0.2574 -0.2312 0.9383
vn 0.1471 -0.1123 0.9827
vn -0.4077 -0.6557 -0.6355
vn 0.4026 0.6485 0.6461
vn 0.2073 0.8958 0.3932
vn 0.2327 0.4619 -0.8559
vn 0.2319 0.4617 -0.8562
vn 0.7244 0.4677 0.5065
vn 0.9206 0.2868 0.2650
vn 0.0837 -0.0673 -0.9942
vn 0.0802 -0.0343 -0.9962
vn -0.1372 -0.1421 -0.9803
vn -0.0295 0.0479 0.9984
vn 0.0300 0.0767 0.9966
vn 0.0365 -0.0467 -0.9982
vn -0.1524 -0.3174 -0.9360
vn -0.1813 0.0924 0.9791
vn 0.0006 -0.0635 -0.9980
vn 0.1927 0.0868 0.9774
vn -0.0068 -0.0644 -0.9979
vn 0.2004 -0.0150 -0.9796
vn -0.0147 0.0733 0.9972
vn 0.1690 0.0841 0.9820
vn 0.3830 -0.1210 -0.9158
vn -0.9582 0.0132 -0.2859
vn -0.9148 0.1328 -0.3814
vn -0.0530 0.0041 0.9986
vn 0.5709 -0.2072 -0.7945
vn 0.8732 -0.1465 -0.4648
vn 0.3828 -0.2298 -0.8948
vn -0.3455 0.2348 0.9086
vn -0.4483 0.0277 -0.8935
vn 0.3688 0.1407 0.9188
vn 0.2544 -0.7508 0.6095
vn 0.4177 0.0396 0.9077
vn 0.4018 -0.1212 0.9077
vn -0.4168 -0.3538 -0.8373
vn 0.4227 0.2150 0.8804
vn 0.0550 -0.9957 0.0739
vn -0.2453 0.8220 -0.5140
vn 0.2897 -0.9391 0.1847
vn -0.1520 -0.4608 -0.8744
vn 0.3159 0.4112 0.8551
vn 0.1591 -0.9105 -0.3817
vn 0.4824 0.7674 0.4224
vn 0.8696 0.4332 -0.2368
vn 0.1925 -0.7978 -0.5714
vn 0.6904 -0.0953 -0.7171
vn 0.9361 0.2416 0.2557
vn 0.6677 -0.1052 -0.7369
vn -0.9754 -0.2075 0.0744
vn 0.9217 0.2512 0.2958
vn 0.3690 0.8143 0.4480
vn 0.7546 -0.0861 -0.6505
vn 0.7538 -0.0907 -0.6508
vn 0.7528 -0.0881 -0.6523
vn 0.2238 -0.2575 -0.9400
vn 0.1314 0.3412 0.9308
vn -0.0392 -0.3235 -0.9454
vn 0.2357 -0.2375 -0.9424
vn 0.1235 0.3398 0.9324
vn 0.2621 0.8478 0.4610
vn 0.9953 0.0972 -0.0011
vn 0.9946 0.1030 0.0159
vn 0.2051 -0.2858 -0.9361
vn 0.1897 0.3218 0.9276
vn 0.3960 0.2730 -0.8767
vn -0.3787 -0.3170 0.8695
vn -0.3945 -0.4527 0.7996
vn -0.3645 -0.6241 0.6911
vn 0.1265 0.2336 -0.9641
vn 0.3054 0.2075 -0.9294
vn 0.1313 0.2300 -0.9643
vn 0.3316 0.2055 -0.9208
vn 0.2469 -0.3048 0.9199
vn 0.2504 -0.3036 0.9193
vn 0.2512 -0.3001 0.9203
vn 0.0293 -0.2795 0.9597
vn 0.1230 -0.8497 0.5127
vn 0.6656 -0.5276 0.5278
vn 0.0643 -0.9387 0.3387
vn 0.4684 0.0942 -0.8785
vn 0.1403 -0.3631 0.9211
vn 0.8075 0.1730 0.5639
vn -0.9763 0.0520 0.2101
vn -0.8833 -0.1396 -0.4475
vn 0.8125 0.1711 0.5573
vn 0.7681 0.4936 0.4078
vn 0.7012 0.0966 0.7063
vn 0.1385 0.6603 -0.7381
vn -0.0615 -0.7284 0.6824
vn -0.8013 -0.4537 0.3901
vn -0.1767 0.7128 -0.6787
vn -0.0163 -0.7286 0.6847
vn 0.2689 0.7576 -0.5948
vn 0.2066 -0.6763 0.7071
vn -0.3061 0.3375 0.8902
vn 0.3429 -0.1824 -0.9215
vn 0.3321 -0.2342 -0.9137
vn -0.3311 0.2387 0.9129
vn 0.1738 -0.9847 -0.0143
vn 0.0899 -0.9316 0.3522
vn 0.8899 0.1693 -0.4237
vn 0.3549 0.8272 -0.4356
vn -0.6558 -0.5691 0.4961
vn -0.6868 -0.5240 0.5037
vn 0.4278 -0.9037 -0.0165
vn 0.4332 -0.9013 0.0016
vn -0.1970 -0.2870 -0.9374
vn 0.3749 -0.0948 0.9222
vn -0.8133 -0.3013 -0.4978
vn 0.8511 -0.1218 0.5107
vn 0.6388 0.1176 -0.7603
vn -0.6778 0.1467 0.7205
vn 0.1512 -0.8494 0.5056
vn 0.9831 0.1639 -0.0814
vn 0.9498 -0.3024 -0.0800
vn -0.1752 -0.9443 0.2785
vn 0.4484 0.1716 -0.8772
vn -0.4552 -0.0147 0.8903
vn 0.7032 -0.0469 -0.7094
vn 0.2355 0.6134 -0.7538
vn -0.3682 -0.4330 0.8228
vn -0.3910 -0.3828 0.8370
vn 0.1937 -0.4039 -0.8941
vn -0.0639 0.1240 0.9902
vn 0.0764 -0.6532 0.7533
vn 0.1162 -0.7865 -0.6065
vn 0.2170 0.5913 0.7767
vn -0.4378 -0.6128 -0.6579
vn 0.4630 0.5705 0.6783
vn 0.6807 -0.7326 -0.0054
vn 0.6839 -0.7295 0.0130
vn -0.0433 -0.2933 -0.9550
vn 0.3287 -0.0169 0.9443
vn 0.9837 0.1467 -0.1042
vn 0.9822 0.1626 -0.0935
vn 0.2517 -0.7877 -0.5622
vn 0.1633 0.8424 0.5136
vn 0.4849 -0.6132 -0.6236
vn -0.1152 0.7991 0.5900
vn 0.4585 0.8886 0.0151
vn 0.4566 0.8890 0.0333
vn 0.1836 0.1357 -0.9736
vn 0.0104 0.2383 0.9711
vn 0.3487 -0.2309 -0.9084
vn 0.6433 -0.1091 -0.7578
vn -0.4042 0.0720 0.9119
vn -0.5297 0.2299 0.8164
vn -0.4754 0.1589 0.8653
vn -0.6087 0.3436 0.7151
vn -0.3067 0.0260 -0.9515
vn 0.3403 -0.1362 0.9304
vn -0.3083 0.0310 -0.9508
vn 0.3139 -0.0272 0.9491
vn 0.3267 -0.0900 0.9408
vn 0.3266 -0.8066 -0.4926
vn 0.3128 -0.4635 -0.8290
vn 0.3015 -0.4072 -0.8622
vn 0.3283 -0.8225 -0.4644
vn -0.3111 0.8791 0.3612
vn 0.2549 0.3389 -0.9056
vn 0.4517 0.3005 -0.8400
vn -0.2385 -0.3511 0.9055
vn -0.1017 -0.3710 0.9230
vn -0.3333 -0.6391 0.6932
vn 0.8428 -0.2707 -0.4651
vn -0.5290 -0.4357 -0.7282
vn -0.3247 -0.4222 -0.8464
vn 0.5158 0.3286 0.7912
vn 0.3274 0.5258 0.7851
vn -0.6315 -0.5857 -0.5081
vn 0.6315 0.5857 0.5081
vn 0.8922 -0.2445 0.3798
vn 0.3217 0.6958 -0.6421
vn 0.4247 0.5892 -0.6874
vn 0.5318 0.4550 0.7142
vn -0.6900 -0.2680 -0.6724
vn -0.5902 -0.3764 0.7141
vn -0.6249 -0.3688 0.6882
vn 0.6329 0.4140 0.6542
vn 0.5764 0.5110 -0.6376
vn -0.1639 0.5244 -0.8355
vn 0.6330 0.2600 0.7292
vn 0.6289 0.2626 0.7318
vn 0.6347 0.2548 0.7296
vn -0.1523 0.0530 -0.9869
vn 0.1353 -0.0481 0.9896
vn 0.1931 0.0415 0.9803
vn 0.1423 -0.0368 0.9891
vn 0.1999 0.0703 0.9773
vn 0.2421 0.3172 0.9169
vn 0.5895 -0.7400 0.3240
vn 0.3434 0.0321 -0.9386
vn 0.0301 0.6825 0.7303
vn 0.5111 0.8061 0.2982
vn 0.8421 -0.5024 0.1962
vn 0.6421 -0.2243 -0.7331
vn 0.2302 -0.1975 -0.9529
vn -0.7536 0.5569 -0.3492
vn 0.3422 0.0763 0.9365
vn 0.3179 0.1265 0.9396
vn 0.3337 -0.0491 -0.9414
vn -0.6447 -0.1233 -0.7544
vn 0.2574 0.1294 0.9576
vn 0.5858 -0.7702 -0.2523
vn -0.4109 0.7377 0.5357
vn 0.6369 -0.4243 -0.6437
vn 0.1581 0.9535 0.2565
vn 0.1573 0.9538 0.2560
vn 0.1584 0.9531 0.2580
vn 0.1576 0.9533 0.2576
vn 0.6592 0.6826 -0.3156
vn 0.6588 0.6829 -0.3155
vn 0.6589 0.6829 -0.3155
vn 0.6587 0.6830 -0.3155
vn -0.0534 0.9958 0.0737
vn -0.0563 0.9955 0.0757
vn -0.0474 0.9960 0.0758
vn -0.0504 0.9957 0.0776
vn -0.2296 0.6978 -0.6785
vn -0.2290 0.6996 -0.6769
vn -0.2289 0.6994 -0.6771
vn -0.2317 0.6997 -0.6758
vn -0.2051 0.9597 -0.1922
vn -0.2039 0.9600 -0.1919
vn -0.2060 0.9591 -0.1941
vn -0.2049 0.9594 -0.1937
vn -0.5344 0.6849 0.4953
vn -0.5340 0.6854 0.4950
vn -0.5341 0.6853 0.4950
vn -0.5333 0.6855 0.4956
vn -0.1303 0.9737 0.1867
vn -0.1313 0.9733 0.1882
vn -0.1272 0.9742 0.1863
vn -0.1281 0.9738 0.1878
vn -0.5776 0.6900 -0.4362
vn -0.5768 0.6910 -0.4357
vn -0.5768 0.6909 -0.4358
vn -0.5778 0.6909 -0.4345
vn -0.1715 0.9378 0.3019
vn -0.1716 0.9378 0.3019
vn -0.1719 0.9377 0.3019
vn -0.1720 0.9377 0.3019
vn 0.5644 0.6766 0.4730
vn 0.5644 0.6765 0.4730
vn 0.5644 0.6766 0.4729
vn 0.0404 0.9981 -0.0472
vn 0.0442 0.9979 -0.0473
vn 0.0363 0.9980 -0.0524
vn 0.0400 0.9978 -0.0524
vn -0.2107 0.6985 0.6839
vn -0.2103 0.7004 0.6821
vn -0.2105 0.7002 0.6822
vn -0.2072 0.7007 0.6827
vn 0.0317 0.9982 0.0506
vn 0.0286 0.9982 0.0528
vn 0.0381 0.9979 0.0525
vn 0.0350 0.9979 0.0547
vn -0.1916 0.6986 -0.6894
vn -0.1910 0.7004 -0.6877
vn -0.1909 0.7003 -0.6879
vn -0.1939 0.7007 -0.6865
vn -0.2277 0.9653 0.1279
vn -0.2270 0.9656 0.1266
vn -0.2302 0.9647 0.1283
vn -0.2295 0.9650 0.1270
vn 0.3342 0.6869 0.6453
vn 0.3341 0.6876 0.6446
vn 0.3341 0.6875 0.6447
vn 0.3350 0.6879 0.6439
vn -0.1141 0.9682 -0.2226
vn -0.1128 0.9686 -0.2217
vn -0.1145 0.9675 -0.2254
vn -0.1131 0.9679 -0.2246
vn -0.6497 0.6880 0.3233
vn -0.6491 0.6888 0.3229
vn -0.6492 0.6887 0.3229
vn -0.6484 0.6889 0.3240
vn 0.0053 0.9603 0.2788
vn 0.0046 0.9606 0.2778
vn 0.0044 0.9598 0.2808
vn 0.0039 0.9601 0.2798
vn 0.7276 0.6851 0.0349
vn 0.7271 0.6857 0.0347
vn 0.7272 0.6856 0.0347
vn 0.7268 0.6860 0.0337
vn -0.0213 0.9966 -0.0796
vn -0.0207 0.9963 -0.0832
vn -0.0269 0.9967 -0.0766
vn -0.0263 0.9964 -0.0802
vn 0.6431 0.6980 0.3150
vn 0.6414 0.6998 0.3143
vn 0.6415 0.6997 0.3145
vn 0.6426 0.7000 0.3115
vn -0.1699 0.9627 0.2104
vn -0.1697 0.9631 0.2091
vn -0.1720 0.9621 0.2115
vn -0.1717 0.9625 0.2102
vn 0.5419 0.6860 0.4855
vn 0.5417 0.6866 0.4849
vn 0.5417 0.6865 0.4850
vn 0.5421 0.6869 0.4840
vn -0.3172 0.9394 -0.1302
vn -0.3172 0.9394 -0.1304
vn -0.3172 0.9393 -0.1306
vn -0.3172 0.9393 -0.1308
vn -0.3931 0.6772 0.6220
vn -0.3931 0.6773 0.6220
vn -0.1957 0.9721 -0.1291
vn -0.1972 0.9717 -0.1299
vn -0.1953 0.9726 -0.1262
vn -0.1967 0.9722 -0.1270
vn 0.4126 0.6894 -0.5954
vn 0.4121 0.6903 -0.5947
vn 0.4122 0.6903 -0.5947
vn 0.4108 0.6903 -0.5956
vn -0.1914 0.9561 0.2221
vn -0.1912 0.9563 0.2211
vn -0.1929 0.9556 0.2229
vn -0.1927 0.9558 0.2219
vn 0.5070 0.6834 0.5253
vn 0.5066 0.6840 0.5249
vn 0.5066 0.6839 0.5250
vn 0.5070 0.6841 0.5243
vn -0.1423 0.9813 0.1293
vn -0.1418 0.9817 0.1269
vn -0.1461 0.9805 0.1312
vn -0.1456 0.9809 0.1288
vn 0.5456 0.6927 0.4716
vn 0.5448 0.6939 0.4708
vn 0.5448 0.6938 0.4710
vn 0.5458 0.6943 0.4691
vn 0.2842 0.9465 0.1530
vn 0.2837 0.9466 0.1530
vn 0.2846 0.9462 0.1538
vn 0.2842 0.9463 0.1538
vn 0.4351 0.6801 -0.5900
vn 0.4352 0.6801 -0.5900
vn 0.4347 0.6802 -0.5902
vn 0.1560 0.9871 -0.0368
vn 0.1587 0.9866 -0.0373
vn 0.1524 0.9875 -0.0399
vn 0.1550 0.9871 -0.0405
vn 0.0075 0.6948 0.7192
vn 0.0075 0.6962 0.7178
vn 0.0073 0.6961 0.7179
vn 0.0099 0.6962 0.7178
vn -0.2579 0.9445 -0.2034
vn -0.2575 0.9446 -0.2034
vn -0.2578 0.9444 -0.2039
vn -0.2578 0.9444 -0.2041
vn -0.5358 0.6793 0.5014
vn -0.5359 0.6793 0.5014
vn -0.5358 0.6794 0.5014
vn 0.1886 0.9816 0.0291
vn 0.1909 0.9812 0.0293
vn 0.1867 0.9821 0.0254
vn 0.1888 0.9817 0.0258
vn -0.1995 0.6928 0.6930
vn -0.1992 0.6941 0.6918
vn -0.1993 0.6940 0.6919
vn -0.1971 0.6940 0.6925
vn 0.0817 0.9920 -0.0960
vn 0.0821 0.9923 -0.0927
vn 0.0861 0.9913 -0.1000
vn 0.0862 0.9916 -0.0968
vn -0.6755 0.6965 -0.2420
vn -0.6741 0.6981 -0.2416
vn -0.6742 0.6979 -0.2417
vn -0.6746 0.6985 -0.2389
vn -0.1502 0.8853 0.4402
vn 0.6010 0.6523 0.4618
vn 0.6037 0.6485 0.4636
vn 0.5980 0.6565 0.4598
vn -0.1297 0.8900 0.4372
vn 0.5953 0.6602 0.4579
vn 0.0307 0.9980 -0.0548
vn 0.0343 0.9979 -0.0556
vn 0.0256 0.9979 -0.0589
vn 0.0292 0.9978 -0.0598
vn -0.0530 0.6985 0.7136
vn -0.0530 0.7004 0.7118
vn -0.0531 0.7002 0.7120
vn -0.0498 0.7007 0.7117
vn 0.2703 0.9591 -0.0845
vn 0.2696 0.9593 -0.0837
vn 0.2723 0.9585 -0.0844
vn 0.2715 0.9588 -0.0835
vn -0.1651 0.6847 -0.7099
vn -0.1650 0.6852 -0.7095
vn -0.1650 0.6851 -0.7095
vn -0.1658 0.6853 -0.7092
vn 0.1466 0.9555 -0.2562
vn 0.1470 0.9552 -0.2568
vn 0.1452 0.9558 -0.2558
vn 0.1455 0.9555 -0.2565
vn 0.6650 0.6833 0.3015
vn 0.6647 0.6837 0.3014
vn 0.6647 0.6836 0.3014
vn 0.6650 0.6836 0.3008
vn 0.0355 0.9963 -0.0784
vn 0.0378 0.9964 -0.0754
vn 0.0374 0.9957 -0.0846
vn 0.0394 0.9959 -0.0816
vn -0.6954 0.6979 0.1714
vn -0.6937 0.6997 0.1708
vn -0.6939 0.6995 0.1707
vn -0.6928 0.7000 0.1736
vn -0.3416 0.9061 -0.2496
vn -0.3416 0.9061 -0.2497
vn 0.2470 0.6632 -0.7065
vn 0.0776 0.9965 -0.0302
vn 0.0811 0.9963 -0.0300
vn 0.0740 0.9966 -0.0355
vn 0.0775 0.9964 -0.0352
vn -0.2357 0.6980 0.6762
vn -0.2353 0.6998 0.6745
vn -0.2355 0.6997 0.6746
vn -0.2323 0.7000 0.6753
vn 0.0776 0.9356 -0.3443
vn 0.0777 0.9356 -0.3443
vn 0.0779 0.9354 -0.3449
vn 0.0780 0.9356 -0.3444
vn -0.6757 0.6757 -0.2948
vn -0.6757 0.6756 -0.2948
vn 0.0256 0.8992 -0.4368
vn 0.7263 0.6603 -0.1911
vn -0.2612 0.9378 0.2288
vn -0.2611 0.9379 0.2285
vn -0.2618 0.9376 0.2289
vn -0.2617 0.9377 0.2286
vn 0.3776 0.6766 0.6322
vn 0.3776 0.6765 0.6322
vn -0.0667 0.9741 -0.2161
vn -0.0652 0.9745 -0.2148
vn -0.0667 0.9733 -0.2196
vn -0.0651 0.9737 -0.2183
vn -0.6829 0.6901 0.2395
vn -0.6820 0.6911 0.2394
vn -0.6821 0.6910 0.2394
vn -0.6811 0.6914 0.2408
vn -0.1869 0.9580 -0.2173
vn -0.1875 0.9578 -0.2179
vn -0.1871 0.9584 -0.2157
vn -0.1878 0.9581 -0.2163
vn 0.5135 0.6843 -0.5178
vn 0.5132 0.6847 -0.5174
vn 0.5133 0.6847 -0.5174
vn 0.5127 0.6846 -0.5182
vn -0.0534 0.9685 0.2431
vn -0.0540 0.9689 0.2416
vn -0.0550 0.9678 0.2455
vn -0.0555 0.9682 0.2440
vn 0.7071 0.6881 0.1626
vn 0.7064 0.6889 0.1624
vn 0.7065 0.6888 0.1625
vn 0.7066 0.6891 0.1611
vn -0.0576 0.9983 -0.0068
vn -0.0589 0.9982 -0.0104
vn -0.0612 0.9981 -0.0012
vn -0.0625 0.9980 -0.0047
vn 0.7154 0.6986 -0.0124
vn 0.7136 0.7005 -0.0122
vn 0.7137 0.7003 -0.0121
vn 0.7133 0.7007 -0.0153
vn -0.2264 0.9738 -0.0225
vn -0.2247 0.9742 -0.0235
vn -0.2296 0.9730 -0.0239
vn -0.2278 0.9734 -0.0249
vn -0.0467 0.6900 0.7223
vn -0.0463 0.6910 0.7214
vn -0.0464 0.6909 0.7215
vn -0.0448 0.6914 0.7211
vn 0.4410 0.8962 0.0481
vn 0.4408 0.8962 0.0503
vn 0.4399 0.8971 0.0424
vn 0.4397 0.8971 0.0446
vn 0.3092 0.6598 -0.6849
vn 0.3112 0.6592 -0.6845
vn 0.3112 0.6594 -0.6844
vn 0.3111 0.6606 -0.6832
vn -0.1386 0.9875 0.0745
vn -0.1373 0.9879 0.0719
vn -0.1435 0.9867 0.0761
vn -0.1424 0.9871 0.0732
vn 0.4746 0.6949 0.5402
vn 0.4738 0.6963 0.5391
vn 0.4738 0.6962 0.5393
vn 0.4754 0.6967 0.5372
vn 0.1064 0.9695 -0.2209
vn 0.1066 0.9698 -0.2192
vn 0.1085 0.9688 -0.2229
vn 0.1087 0.9691 -0.2212
vn -0.6526 0.6885 -0.3164
vn -0.6520 0.6893 -0.3158
vn -0.6521 0.6892 -0.3159
vn -0.6523 0.6897 -0.3145
vn -0.0698 0.9975 -0.0107
vn -0.0725 0.9973 -0.0133
vn -0.0705 0.9975 -0.0042
vn -0.0732 0.9973 -0.0068
vn 0.6264 0.6983 -0.3463
vn 0.6249 0.7002 -0.3454
vn 0.6251 0.7000 -0.3453
vn 0.6231 0.7004 -0.3480
vn 0.0246 0.9983 -0.0533
vn 0.0284 0.9982 -0.0537
vn 0.0200 0.9981 -0.0582
vn 0.0238 0.9980 -0.0585
vn -0.1554 0.6986 0.6984
vn -0.1551 0.7005 0.6966
vn -0.1553 0.7003 0.6968
vn -0.1520 0.7008 0.6970
vn -0.4186 0.8559 0.3038
vn -0.4458 0.8500 0.2806
vn -0.6618 0.6334 -0.4011
vn -0.6634 0.6352 -0.3954
vn -0.6654 0.6376 -0.3883
vn -0.6597 0.6310 -0.4083
vn 0.0300 0.9941 0.1047
vn 0.0268 0.9943 0.1034
vn 0.0316 0.9934 0.1106
vn 0.0284 0.9936 0.1092
vn 0.5284 0.6972 -0.4844
vn 0.5272 0.6988 -0.4834
vn 0.5274 0.6987 -0.4834
vn 0.5250 0.6993 -0.4851
vn 0.0527 0.9967 -0.0625
vn 0.0560 0.9964 -0.0639
vn 0.0471 0.9967 -0.0654
vn 0.0504 0.9965 -0.0669
vn 0.1023 0.6981 0.7087
vn 0.1020 0.6999 0.7069
vn 0.1019 0.6997 0.7071
vn 0.1050 0.7001 0.7063
vn -0.0309 0.9982 0.0519
vn -0.0346 0.9980 0.0522
vn -0.0263 0.9980 0.0567
vn -0.0300 0.9979 0.0571
vn 0.1493 0.6985 -0.6998
vn 0.1490 0.7004 -0.6980
vn 0.1492 0.7003 -0.6981
vn 0.1459 0.7007 -0.6984
vn 0.0949 0.9648 -0.2451
vn 0.0952 0.9645 -0.2463
vn 0.0929 0.9652 -0.2443
vn 0.0932 0.9649 -0.2455
vn 0.6865 0.6868 0.2386
vn 0.6860 0.6874 0.2384
vn 0.6860 0.6874 0.2385
vn 0.6865 0.6873 0.2373
vn 0.1028 0.9566 0.2725
vn 0.1031 0.9564 0.2733
vn 0.1035 0.9570 0.2711
vn 0.1039 0.9567 0.2719
vn -0.6577 0.6837 0.3161
vn -0.6574 0.6842 0.3159
vn -0.6574 0.6841 0.3159
vn -0.6570 0.6841 0.3167
vn -0.0789 0.9968 -0.0118
vn -0.0769 0.9969 -0.0149
vn -0.0854 0.9963 -0.0113
vn -0.0834 0.9964 -0.0143
vn 0.4048 0.6981 0.5906
vn 0.4038 0.6999 0.5892
vn 0.4038 0.6997 0.5894
vn 0.4060 0.7002 0.5872
vn -0.0152 0.9863 0.1643
vn -0.0157 0.9859 0.1668
vn -0.0112 0.9868 0.1618
vn -0.0115 0.9863 0.1644
vn -0.6878 0.6946 -0.2110
vn -0.6866 0.6959 -0.2106
vn -0.6866 0.6958 -0.2108
vn -0.6872 0.6959 -0.2084
vn -0.1782 0.9645 0.1951
vn -0.1780 0.9648 0.1937
vn -0.1805 0.9638 0.1961
vn -0.1801 0.9642 0.1948
vn 0.5170 0.6866 0.5112
vn 0.5166 0.6873 0.5106
vn 0.5166 0.6872 0.5107
vn 0.5172 0.6876 0.5096
vn 0.0321 0.9982 -0.0503
vn 0.0358 0.9981 -0.0504
vn 0.0278 0.9981 -0.0554
vn 0.0316 0.9980 -0.0555
vn -0.2032 0.6986 0.6861
vn -0.2028 0.7005 0.6843
vn -0.2030 0.7003 0.6844
vn -0.1996 0.7008 0.6849
vn -0.1298 0.9911 0.0289
vn -0.1328 0.9907 0.0292
vn -0.1260 0.9915 0.0327
vn -0.1290 0.9911 0.0331
vn 0.0807 0.6962 -0.7133
vn 0.0806 0.6978 -0.7118
vn 0.0808 0.6976 -0.7119
vn 0.0780 0.6978 -0.7121
vn -0.1080 0.9596 -0.2599
vn -0.1085 0.9593 -0.2607
vn -0.1088 0.9599 -0.2582
vn -0.1092 0.9597 -0.2591
vn 0.6518 0.6848 -0.3258
vn 0.6514 0.6853 -0.3256
vn 0.6515 0.6853 -0.3255
vn 0.6511 0.6853 -0.3263
vn -0.0776 0.9922 -0.0980
vn -0.0790 0.9918 -0.1007
vn -0.0796 0.9925 -0.0929
vn -0.0812 0.9921 -0.0956
vn 0.6859 0.6965 -0.2108
vn 0.6844 0.6982 -0.2103
vn 0.6845 0.6980 -0.2102
vn 0.6835 0.6982 -0.2129
vn 0.3020 0.9516 -0.0571
vn 0.3014 0.9518 -0.0566
vn 0.3034 0.9512 -0.0567
vn 0.3028 0.9514 -0.0563
vn -0.0513 0.6819 -0.7296
vn -0.0515 0.6822 -0.7294
vn -0.0515 0.6821 -0.7294
vn -0.0520 0.6825 -0.7291
vn -0.3232 0.9355 0.1431
vn -0.3233 0.9354 0.1430
vn -0.3234 0.9354 0.1429
vn -0.3235 0.9354 0.1428
vn 0.1654 0.6756 0.7185
vn 0.2060 0.9390 0.2754
vn 0.2057 0.9391 0.2753
vn 0.2059 0.9389 0.2758
vn 0.2058 0.9389 0.2759
vn 0.6573 0.6771 -0.3310
vn 0.6573 0.6770 -0.3310
vn 0.0333 0.9929 0.1139
vn 0.0303 0.9932 0.1124
vn 0.0346 0.9922 0.1197
vn 0.0316 0.9925 0.1182
vn 0.5549 0.6968 -0.4545
vn 0.5536 0.6984 -0.4536
vn 0.5538 0.6982 -0.4536
vn 0.5515 0.6989 -0.4554
vn 0.2571 0.9571 -0.1340
vn 0.2565 0.9573 -0.1332
vn 0.2589 0.9565 -0.1342
vn 0.2583 0.9568 -0.1333
vn -0.2802 0.6839 -0.6737
vn -0.2801 0.6844 -0.6732
vn -0.2801 0.6843 -0.6733
vn -0.2807 0.6846 -0.6728
vn 0.3196 0.9162 -0.2416
vn 0.5874 0.6675 0.4576
vn 0.1588 0.9868 0.0329
vn 0.1562 0.9871 0.0343
vn 0.1634 0.9859 0.0349
vn 0.1608 0.9863 0.0363
vn -0.0048 0.6946 -0.7194
vn -0.0048 0.6960 -0.7180
vn -0.0047 0.6959 -0.7181
vn -0.0070 0.6964 -0.7177
vn 0.0574 0.9983 0.0033
vn 0.0583 0.9983 0.0069
vn 0.0613 0.9981 -0.0021
vn 0.0624 0.9980 0.0015
vn -0.7146 0.6986 -0.0365
vn -0.7127 0.7005 -0.0366
vn -0.7129 0.7003 -0.0368
vn -0.7126 0.7008 -0.0334
vn 0.0892 0.9048 -0.4164
vn 0.0893 0.9048 -0.4164
vn 0.7461 0.6626 -0.0655
vn -0.0403 0.9872 0.1541
vn -0.0415 0.9876 0.1514
vn -0.0425 0.9864 0.1587
vn -0.0438 0.9868 0.1560
vn 0.7188 0.6948 0.0252
vn 0.7174 0.6962 0.0249
vn 0.7176 0.6960 0.0250
vn 0.7170 0.6967 0.0225
vn 0.2905 0.9567 0.0202
vn 0.2914 0.9564 0.0202
vn 0.2895 0.9570 0.0190
vn 0.2903 0.9567 0.0189
vn 0.0130 0.6837 0.7296
vn 0.0130 0.6842 0.7292
vn 0.0129 0.6841 0.7292
vn 0.0136 0.6841 0.7292
vn -0.4657 0.8567 0.2215
vn -0.4878 0.8510 0.1943
vn -0.5763 0.6340 -0.5157
vn -0.5789 0.6358 -0.5106
vn -0.5820 0.6380 -0.5041
vn -0.5730 0.6316 -0.5222
vn 0.0296 0.9744 0.2227
vn 0.0283 0.9748 0.2212
vn 0.0289 0.9737 0.2261
vn 0.0276 0.9741 0.2246
vn 0.7127 0.6903 -0.1249
vn 0.7118 0.6912 -0.1247
vn 0.7119 0.6911 -0.1247
vn 0.7112 0.6915 -0.1263
vn -0.2686 0.9528 0.1415
vn -0.2690 0.9526 0.1419
vn -0.2672 0.9531 0.1420
vn -0.2679 0.9529 0.1423
vn -0.4090 0.6822 -0.6060
vn -0.4088 0.6826 -0.6057
vn -0.4088 0.6826 -0.6058
vn -0.4094 0.6825 -0.6054
vn 0.0195 0.9982 -0.0573
vn 0.0231 0.9980 -0.0583
vn 0.0140 0.9980 -0.0610
vn 0.0176 0.9979 -0.0621
vn 0.0015 0.6986 0.7155
vn 0.0013 0.7004 0.7137
vn 0.0012 0.7003 0.7139
vn 0.0044 0.7007 0.7134
vn 0.1090 0.9939 -0.0175
vn 0.1073 0.9941 -0.0146
vn 0.1150 0.9932 -0.0183
vn 0.1133 0.9934 -0.0154
vn -0.4124 0.6971 -0.5865
vn -0.4114 0.6988 -0.5852
vn -0.4115 0.6986 -0.5854
vn -0.4135 0.6992 -0.5832
vn 0.0118 0.9951 -0.0980
vn 0.0133 0.9948 -0.1010
vn 0.0060 0.9953 -0.0965
vn 0.0073 0.9950 -0.0996
vn 0.5635 0.6976 0.4425
vn 0.5622 0.6993 0.4416
vn 0.5622 0.6991 0.4418
vn 0.5639 0.6994 0.4392
vn 0.0626 0.9974 0.0344
vn 0.0598 0.9975 0.0369
vn 0.0691 0.9970 0.0353
vn 0.0664 0.9971 0.0379
vn -0.2728 0.6984 -0.6617
vn -0.2720 0.7001 -0.6601
vn -0.2720 0.7000 -0.6604
vn -0.2748 0.7004 -0.6587
vn 0.0238 0.9682 -0.2490
vn 0.0246 0.9686 -0.2475
vn 0.0251 0.9675 -0.2516
vn 0.0257 0.9679 -0.2501
vn -0.7216 0.6880 -0.0778
vn -0.7208 0.6888 -0.0777
vn -0.7209 0.6887 -0.0778
vn -0.7208 0.6889 -0.0764
vn -0.2740 0.8844 0.3779
vn 0.4387 0.6518 0.6187
vn 0.4408 0.6478 0.6213
vn 0.4363 0.6562 0.6157
vn -0.2522 0.8894 0.3812
vn 0.4341 0.6602 0.6130
vn 0.1968 0.9798 -0.0361
vn 0.1989 0.9793 -0.0364
vn 0.1938 0.9803 -0.0385
vn 0.1960 0.9798 -0.0390
vn 0.0565 0.6922 0.7195
vn 0.0564 0.6934 0.7184
vn 0.0563 0.6933 0.7185
vn 0.0584 0.6933 0.7183
vn 0.2915 0.9365 0.1948
vn 0.2915 0.9365 0.1949
vn 0.2915 0.9365 0.1951
vn 0.2915 0.9364 0.1952
vn 0.5156 0.6760 -0.5264
vn 0.5156 0.6761 -0.5264
vn 0.2776 0.9534 0.1179
vn 0.2767 0.9537 0.1180
vn 0.2786 0.9530 0.1190
vn 0.2778 0.9532 0.1191
vn 0.3556 0.6825 -0.6385
vn 0.3553 0.6829 -0.6383
vn 0.3554 0.6829 -0.6383
vn 0.3547 0.6830 -0.6385
vn -0.1850 0.9255 -0.3305
vn -0.1849 0.9255 -0.3306
vn -0.7119 0.6715 0.2056
vn -0.7119 0.6715 0.2055
vn -0.7120 0.6715 0.2056
vn -0.7120 0.6714 0.2056
vn -0.0163 0.9866 0.1625
vn -0.0167 0.9861 0.1651
vn -0.0123 0.9870 0.1601
vn -0.0126 0.9866 0.1627
vn -0.6849 0.6946 -0.2202
vn -0.6836 0.6960 -0.2198
vn -0.6836 0.6959 -0.2200
vn -0.6843 0.6960 -0.2175
vn -0.3160 0.9230 0.2197
vn -0.3161 0.9230 0.2197
vn -0.3161 0.9229 0.2197
vn 0.2677 0.6704 0.6920
vn -0.2351 0.9719 -0.0152
vn -0.2335 0.9722 -0.0160
vn -0.2380 0.9711 -0.0164
vn -0.2364 0.9715 -0.0173
vn -0.0338 0.6893 0.7237
vn -0.0339 0.6902 0.7228
vn -0.0339 0.6901 0.7229
vn -0.0323 0.6903 0.7228
vn 0.0405 0.9558 0.2911
vn 0.0407 0.9556 0.2919
vn 0.0415 0.9562 0.2899
vn 0.0417 0.9559 0.2907
vn -0.7106 0.6835 0.1667
vn -0.7104 0.6838 0.1666
vn -0.7103 0.6838 0.1674
vn 0.1946 0.9066 0.3745
vn 0.7353 0.6635 -0.1384
vn 0.1561 0.9863 0.0538
vn 0.1586 0.9858 0.0546
vn 0.1548 0.9867 0.0491
vn 0.1572 0.9863 0.0502
vn -0.3677 0.6945 0.6184
vn -0.3671 0.6959 0.6173
vn -0.3672 0.6958 0.6173
vn -0.3651 0.6959 0.6184
vn 0.1386 0.9730 -0.1846
vn 0.1385 0.9733 -0.1828
vn 0.1413 0.9722 -0.1865
vn 0.1412 0.9726 -0.1845
vn -0.5909 0.6897 -0.4184
vn -0.5902 0.6907 -0.4178
vn -0.5903 0.6906 -0.4179
vn -0.5910 0.6908 -0.4165
vn 0.0294 0.9024 -0.4299
vn 0.7287 0.6616 -0.1765
vn 0.7288 0.6616 -0.1765
vn 0.7287 0.6617 -0.1765
vn 0.0295 0.9024 -0.4299
vn 0.7287 0.6617 -0.1766
vn 0.0501 0.9705 -0.2359
vn 0.0506 0.9709 -0.2342
vn 0.0516 0.9698 -0.2385
vn 0.0523 0.9701 -0.2368
vn -0.7101 0.6888 -0.1461
vn -0.7092 0.6897 -0.1459
vn -0.7093 0.6896 -0.1460
vn -0.7093 0.6899 -0.1446
vn -0.0059 0.9593 0.2822
vn -0.0064 0.9596 0.2812
vn -0.0067 0.9588 0.2841
vn -0.0073 0.9591 0.2831
vn 0.7256 0.6847 0.0682
vn 0.7251 0.6853 0.0682
vn 0.7252 0.6852 0.0682
vn 0.7250 0.6855 0.0674
vn -0.2427 0.9529 -0.1817
vn -0.2419 0.9532 -0.1815
vn -0.2434 0.9525 -0.1829
vn -0.2426 0.9527 -0.1828
vn -0.4989 0.6828 0.5338
vn -0.4990 0.6827 0.5338
vn -0.4990 0.6826 0.5338
vn -0.4983 0.6829 0.5342
vn 0.0505 0.9934 0.1031
vn 0.0472 0.9936 0.1023
vn 0.0529 0.9927 0.1087
vn 0.0496 0.9929 0.1078
vn 0.4568 0.6969 -0.5529
vn 0.4559 0.6986 -0.5515
vn 0.4561 0.6984 -0.5516
vn 0.4535 0.6989 -0.5530
vn -0.0461 0.9983 0.0345
vn -0.0492 0.9983 0.0324
vn -0.0453 0.9981 0.0411
vn -0.0486 0.9980 0.0392
vn 0.5512 0.6986 -0.4562
vn 0.5499 0.7005 -0.4549
vn 0.5501 0.7003 -0.4549
vn 0.5476 0.7008 -0.4571
vn -0.2240 0.9575 -0.1816
vn -0.2246 0.9573 -0.1822
vn -0.2239 0.9578 -0.1801
vn -0.2246 0.9576 -0.1805
vn 0.4113 0.6841 -0.6024
vn 0.4111 0.6845 -0.6021
vn 0.4103 0.6844 -0.6027
vn 0.2072 0.9565 -0.2056
vn 0.2070 0.9567 -0.2046
vn 0.2089 0.9560 -0.2062
vn 0.2086 0.9562 -0.2052
vn -0.4655 0.6836 -0.5621
vn -0.4652 0.6841 -0.5618
vn -0.4652 0.6841 -0.5619
vn -0.4657 0.6841 -0.5613
vn 0.1031 0.9839 -0.1463
vn 0.1045 0.9834 -0.1483
vn 0.0987 0.9844 -0.1460
vn 0.1001 0.9839 -0.1480
vn 0.5145 0.6936 0.5042
vn 0.5135 0.6950 0.5033
vn 0.5135 0.6948 0.5035
vn 0.5152 0.6949 0.5017
vn 0.0833 0.9878 0.1316
vn 0.0804 0.9881 0.1307
vn 0.0852 0.9870 0.1365
vn 0.0823 0.9873 0.1356
vn 0.5021 0.6950 -0.5146
vn 0.5011 0.6964 -0.5137
vn 0.5013 0.6963 -0.5137
vn 0.4991 0.6969 -0.5150
vn 0.3527 0.9195 -0.1735
vn 0.3527 0.9195 -0.1736
vn 0.3526 0.9195 -0.1736
vn 0.3526 0.9195 -0.1737
vn 0.4834 0.6689 0.5647
vn 0.0312 0.9980 0.0545
vn 0.0301 0.9979 0.0581
vn 0.0374 0.9979 0.0522
vn 0.0363 0.9978 0.0558
vn -0.5851 0.6985 -0.4120
vn -0.5835 0.7004 -0.4110
vn -0.5836 0.7002 -0.4113
vn -0.5851 0.7007 -0.4083
vn -0.1962 0.9693 0.1485
vn -0.1957 0.9696 0.1469
vn -0.1991 0.9685 0.1493
vn -0.1984 0.9689 0.1478
vn 0.4354 0.6884 0.5801
vn 0.4349 0.6892 0.5795
vn 0.4350 0.6891 0.5796
vn 0.4358 0.6894 0.5786
vn 0.0998 0.9923 0.0733
vn 0.0966 0.9926 0.0739
vn 0.1042 0.9916 0.0772
vn 0.1009 0.9919 0.0778
vn 0.1848 0.6965 -0.6933
vn 0.1844 0.6982 -0.6918
vn 0.1845 0.6980 -0.6919
vn 0.1816 0.6985 -0.6921
vn -0.1289 0.9449 0.3008
vn -0.1290 0.9447 0.3014
vn -0.1281 0.9452 0.3004
vn -0.1282 0.9450 0.3009
vn -0.7098 0.6794 -0.1861
vn -0.7099 0.6794 -0.1857
vn 0.0384 0.9796 -0.1973
vn 0.0387 0.9792 -0.1994
vn 0.0350 0.9801 -0.1955
vn 0.0354 0.9797 -0.1975
vn 0.6910 0.6921 0.2085
vn 0.6900 0.6933 0.2081
vn 0.6900 0.6932 0.2083
vn 0.6905 0.6933 0.2062
vn 0.0458 0.9983 0.0374
vn 0.0452 0.9981 0.0411
vn 0.0515 0.9981 0.0340
vn 0.0510 0.9980 0.0377
vn -0.6467 0.6986 -0.3062
vn -0.6450 0.7005 -0.3056
vn -0.6451 0.7003 -0.3058
vn -0.6460 0.7008 -0.3026
vn -0.0520 0.9965 -0.0655
vn -0.0484 0.9966 -0.0662
vn -0.0569 0.9959 -0.0697
vn -0.0533 0.9961 -0.0704
vn -0.1444 0.6980 0.7014
vn -0.1443 0.6998 0.6996
vn -0.1445 0.6996 0.6998
vn -0.1413 0.7001 0.6999
vn -0.0462 0.9983 0.0353
vn -0.0495 0.9982 0.0336
vn -0.0446 0.9981 0.0418
vn -0.0481 0.9980 0.0403
vn 0.4946 0.6986 -0.5170
vn 0.4935 0.7005 -0.5155
vn 0.4937 0.7003 -0.5156
vn 0.4910 0.7008 -0.5175
vn 0.0155 0.9945 -0.1032
vn 0.0180 0.9948 -0.1007
vn 0.0164 0.9939 -0.1093
vn 0.0188 0.9941 -0.1068
vn -0.6741 0.6973 0.2435
vn -0.6726 0.6990 0.2429
vn -0.6728 0.6988 0.2429
vn -0.6712 0.6994 0.2454
vn -0.2122 0.9634 -0.1640
vn -0.2132 0.9630 -0.1646
vn -0.2120 0.9638 -0.1618
vn -0.2130 0.9635 -0.1625
vn 0.4184 0.6862 -0.5950
vn 0.4181 0.6869 -0.5945
vn 0.4182 0.6868 -0.5945
vn 0.4172 0.6868 -0.5952
vn 0.1327 0.9904 -0.0383
vn 0.1311 0.9907 -0.0355
vn 0.1382 0.9896 -0.0390
vn 0.1366 0.9900 -0.0363
vn -0.3961 0.6959 -0.5990
vn -0.3953 0.6974 -0.5977
vn -0.3953 0.6973 -0.5979
vn -0.3973 0.6978 -0.5961
vn -0.2135 0.9434 0.2536
vn -0.2134 0.9436 0.2530
vn -0.2142 0.9432 0.2538
vn -0.2142 0.9433 0.2535
vn 0.4814 0.6789 0.5544
vn 0.4815 0.6788 0.5544
vn 0.0821 0.8981 -0.4320
vn 0.0824 0.8981 -0.4320
vn 0.0810 0.8983 -0.4318
vn 0.0813 0.8983 -0.4318
vn -0.6576 0.6598 -0.3636
vn -0.6575 0.6599 -0.3636
vn -0.1149 0.9934 0.0065
vn -0.1181 0.9930 0.0060
vn -0.1120 0.9936 0.0116
vn -0.1152 0.9933 0.0110
vn 0.2603 0.6970 -0.6682
vn 0.2598 0.6986 -0.6667
vn 0.2600 0.6985 -0.6667
vn 0.2572 0.6987 -0.6676
vn 0.0174 0.9982 -0.0575
vn 0.0211 0.9982 -0.0565
vn 0.0148 0.9979 -0.0636
vn 0.0184 0.9979 -0.0627
vn -0.4059 0.6986 0.5893
vn -0.4050 0.7004 0.5877
vn -0.4052 0.7003 0.5877
vn -0.4023 0.7007 0.5892
vn 0.2787 0.9558 -0.0937
vn 0.2781 0.9560 -0.0931
vn 0.2803 0.9553 -0.0936
vn 0.2798 0.9556 -0.0929
vn -0.1672 0.6834 -0.7106
vn -0.1670 0.6838 -0.7103
vn -0.1677 0.6840 -0.7099
vn -0.0385 0.9980 0.0495
vn -0.0413 0.9980 0.0470
vn -0.0390 0.9977 0.0562
vn -0.0418 0.9977 0.0536
vn 0.6371 0.6986 -0.3257
vn 0.6356 0.7004 -0.3247
vn 0.6359 0.7002 -0.3247
vn 0.6340 0.7006 -0.3273
vn 0.1648 0.9485 -0.2707
vn 0.1648 0.9486 -0.2703
vn 0.1657 0.9481 -0.2714
vn 0.1658 0.9483 -0.2707
vn -0.5701 0.6805 -0.4603
vn -0.5699 0.6809 -0.4600
vn -0.5699 0.6809 -0.4601
vn -0.5698 0.6810 -0.4600
vn -0.3277 0.9438 0.0426
vn -0.3279 0.9437 0.0428
vn -0.3272 0.9440 0.0432
vn -0.3274 0.9439 0.0432
vn -0.2050 0.6790 -0.7050
vn -0.2049 0.6789 -0.7050
vn -0.2054 0.6789 -0.7049
vn -0.2620 0.9627 -0.0667
vn -0.2608 0.9631 -0.0671
vn -0.2639 0.9621 -0.0681
vn -0.2626 0.9625 -0.0684
vn -0.2154 0.6860 0.6950
vn -0.2151 0.6866 0.6945
vn -0.2151 0.6865 0.6945
vn -0.2141 0.6868 0.6946
vn -0.1520 0.9611 0.2306
vn -0.1519 0.9614 0.2294
vn -0.1537 0.9605 0.2319
vn -0.1537 0.9608 0.2306
vn 0.5822 0.6854 0.4373
vn 0.5817 0.6860 0.4371
vn 0.5818 0.6859 0.4372
vn 0.5822 0.6861 0.4363
vn -0.1342 0.8988 0.4173
vn -0.7511 0.6601 0.0044
vn -0.7512 0.6601 0.0044
vn 0.0674 0.9954 -0.0684
vn 0.0681 0.9956 -0.0649
vn 0.0715 0.9948 -0.0732
vn 0.0722 0.9950 -0.0697
vn -0.7001 0.6976 -0.1522
vn -0.6985 0.6993 -0.1518
vn -0.6986 0.6992 -0.1520
vn -0.6987 0.6997 -0.1489
vn 0.0500 0.9851 -0.1646
vn 0.0509 0.9847 -0.1670
vn 0.0458 0.9856 -0.1630
vn 0.0465 0.9851 -0.1655
vn 0.6394 0.6941 0.3307
vn 0.6382 0.6954 0.3302
vn 0.6383 0.6953 0.3304
vn 0.6394 0.6954 0.3282
vn 0.1974 0.9799 0.0307
vn 0.1952 0.9803 0.0317
vn 0.2011 0.9790 0.0324
vn 0.1990 0.9794 0.0335
vn 0.0387 0.6922 -0.7207
vn 0.0384 0.6933 -0.7196
vn 0.0385 0.6932 -0.7197
vn 0.0365 0.6938 -0.7192
vn -0.0575 0.9681 0.2438
vn -0.0576 0.9677 0.2453
vn -0.0550 0.9686 0.2426
vn -0.0554 0.9682 0.2439
vn -0.7081 0.6880 -0.1589
vn -0.7074 0.6888 -0.1588
vn -0.7074 0.6887 -0.1589
vn -0.7077 0.6887 -0.1575
vn -0.2308 0.9525 0.1987
vn -0.2305 0.9527 0.1980
vn -0.2322 0.9521 0.1992
vn -0.2319 0.9523 0.1984
vn 0.4125 0.6822 0.6038
vn 0.4123 0.6825 0.6035
vn 0.4123 0.6826 0.6034
vn 0.0458 0.9979 -0.0455
vn 0.0496 0.9977 -0.0456
vn 0.0417 0.9978 -0.0506
vn 0.0454 0.9977 -0.0507
vn -0.2052 0.6985 0.6856
vn -0.2048 0.7003 0.6838
vn -0.2050 0.7002 0.6839
vn -0.2018 0.7006 0.6844
vn 0.1450 0.9589 0.2438
vn 0.1440 0.9592 0.2433
vn 0.1452 0.9584 0.2457
vn 0.1443 0.9587 0.2452
vn 0.6528 0.6846 -0.3243
vn 0.6523 0.6851 -0.3242
vn 0.6524 0.6850 -0.3243
vn 0.6517 0.6854 -0.3249
vn 0.0127 0.9982 0.0587
vn 0.0102 0.9981 0.0615
vn 0.0193 0.9981 0.0592
vn 0.0168 0.9979 0.0620
vn -0.3554 0.6985 -0.6211
vn -0.3543 0.7004 -0.6195
vn -0.3543 0.7003 -0.6198
vn -0.3569 0.7007 -0.6178
vn 0.1250 0.9921 0.0076
vn 0.1226 0.9924 0.0099
vn 0.1307 0.9914 0.0085
vn 0.1283 0.9917 0.0108
vn -0.2152 0.6965 -0.6845
vn -0.2146 0.6981 -0.6831
vn -0.2146 0.6979 -0.6833
vn -0.2170 0.6984 -0.6820
vn -0.0156 0.9705 -0.2404
vn -0.0145 0.9709 -0.2390
vn -0.0147 0.9698 -0.2433
vn -0.0137 0.9702 -0.2419
vn -0.7230 0.6889 0.0517
vn -0.7223 0.6897 0.0516
vn -0.7224 0.6896 0.0516
vn -0.7220 0.6899 0.0530
vn 0.2161 0.9145 0.3421
vn 0.7128 0.6669 -0.2172
vn 0.7128 0.6668 -0.2172
vn 0.7128 0.6668 -0.2173
vn 0.0719 0.9973 0.0133
vn 0.0746 0.9971 0.0158
vn 0.0725 0.9973 0.0069
vn 0.0752 0.9971 0.0094
vn -0.6196 0.6983 0.3584
vn -0.6181 0.7001 0.3574
vn -0.6184 0.7000 0.3573
vn -0.6164 0.7004 0.3599
vn 0.1705 0.9634 0.2068
vn 0.1714 0.9631 0.2076
vn 0.1707 0.9638 0.2046
vn 0.1716 0.9635 0.2055
vn -0.5399 0.6863 0.4873
vn -0.5395 0.6869 0.4870
vn -0.5396 0.6868 0.4869
vn -0.5388 0.6868 0.4880
vn -0.1317 0.9910 -0.0222
vn -0.1291 0.9913 -0.0240
vn -0.1371 0.9903 -0.0238
vn -0.1344 0.9906 -0.0256
vn 0.1128 0.6961 0.7090
vn 0.1126 0.6977 0.7075
vn 0.1125 0.6975 0.7077
vn 0.1151 0.6981 0.7067
vn -0.3183 0.8961 0.3092
vn -0.3177 0.8959 0.3104
vn -0.3210 0.8961 0.3067
vn -0.3204 0.8958 0.3079
vn -0.6693 0.6585 -0.3442
vn -0.6684 0.6587 -0.3454
vn -0.6685 0.6588 -0.3452
vn -0.6674 0.6597 -0.3456
vn -0.2347 0.9441 -0.2315
vn -0.2342 0.9443 -0.2313
vn -0.2351 0.9438 -0.2323
vn -0.2345 0.9440 -0.2322
vn -0.5890 0.6792 0.4380
vn -0.5890 0.6791 0.4380
vn -0.5889 0.6792 0.4380
vn 0.0269 0.9983 -0.0514
vn 0.0305 0.9983 -0.0504
vn 0.0244 0.9980 -0.0576
vn 0.0280 0.9980 -0.0566
vn -0.4133 0.6986 0.5840
vn -0.4122 0.7005 0.5826
vn -0.4124 0.7003 0.5826
vn -0.4095 0.7009 0.5841
vn -0.1220 0.9823 0.1422
vn -0.1218 0.9827 0.1396
vn -0.1256 0.9815 0.1448
vn -0.1255 0.9819 0.1422
vn 0.6049 0.6931 0.3921
vn 0.6039 0.6943 0.3915
vn 0.6039 0.6942 0.3917
vn 0.6048 0.6945 0.3897
vn -0.0805 0.9737 0.2132
vn -0.0809 0.9733 0.2149
vn -0.0774 0.9742 0.2121
vn -0.0780 0.9738 0.2137
vn -0.6673 0.6900 -0.2805
vn -0.6664 0.6910 -0.2801
vn -0.6665 0.6909 -0.2802
vn -0.6671 0.6909 -0.2786
vn 0.1210 0.9914 -0.0495
vn 0.1197 0.9917 -0.0464
vn 0.1265 0.9907 -0.0510
vn 0.1252 0.9910 -0.0480
vn -0.4765 0.6962 -0.5368
vn -0.4756 0.6978 -0.5356
vn -0.4756 0.6977 -0.5358
vn -0.4772 0.6983 -0.5335
vn -0.0365 0.9980 -0.0510
vn -0.0333 0.9980 -0.0529
vn -0.0428 0.9977 -0.0534
vn -0.0395 0.9977 -0.0553
vn 0.1320 0.6985 0.7033
vn 0.1316 0.7004 0.7015
vn 0.1315 0.7002 0.7017
vn 0.1345 0.7008 0.7006
vn 0.0503 0.9534 -0.2975
vn 0.0506 0.9536 -0.2968
vn 0.0511 0.9529 -0.2988
vn 0.0515 0.9532 -0.2980
vn -0.7035 0.6825 -0.1982
vn -0.7032 0.6829 -0.1979
vn -0.7033 0.6828 -0.1980
vn -0.7032 0.6830 -0.1973
vn -0.0253 0.9796 0.1991
vn -0.0264 0.9800 0.1970
vn -0.0270 0.9788 0.2029
vn -0.0281 0.9792 0.2008
vn 0.7215 0.6921 0.0204
vn 0.7204 0.6933 0.0203
vn 0.7205 0.6931 0.0204
vn 0.7200 0.6937 0.0185
vn 0.0252 0.9798 -0.1985
vn 0.0254 0.9793 -0.2006
vn 0.0219 0.9803 -0.1964
vn 0.0222 0.9798 -0.1985
vn 0.7028 0.6922 0.1641
vn 0.7017 0.6934 0.1639
vn 0.7018 0.6933 0.1640
vn 0.7022 0.6933 0.1620
vn -0.0978 0.9932 -0.0629
vn -0.0945 0.9935 -0.0638
vn -0.1027 0.9925 -0.0664
vn -0.0994 0.9928 -0.0673
vn -0.1113 0.6969 0.7085
vn -0.1109 0.6985 0.7070
vn -0.1110 0.6983 0.7071
vn -0.1080 0.6989 0.7070
vn 0.0544 0.9923 0.1110
vn 0.0513 0.9926 0.1100
vn 0.0565 0.9916 0.1164
vn 0.0533 0.9919 0.1155
vn 0.4843 0.6966 -0.5294
vn 0.4833 0.6982 -0.5282
vn 0.4835 0.6980 -0.5282
vn 0.4811 0.6985 -0.5297
vn 0.0846 0.9963 -0.0170
vn 0.0881 0.9960 -0.0163
vn 0.0819 0.9964 -0.0227
vn 0.0853 0.9961 -0.0219
vn -0.3246 0.6979 0.6384
vn -0.3239 0.6997 0.6368
vn -0.3241 0.6996 0.6368
vn -0.3211 0.6999 0.6380
vn 0.2683 0.9473 0.1748
vn 0.2676 0.9475 0.1748
vn 0.2689 0.9470 0.1757
vn 0.2683 0.9472 0.1757
vn 0.4804 0.6805 -0.5533
vn 0.4804 0.6804 -0.5533
vn 0.4805 0.6804 -0.5533
vn -0.2440 0.9690 0.0384
vn -0.2427 0.9694 0.0373
vn -0.2469 0.9683 0.0379
vn -0.2456 0.9687 0.0368
vn 0.1087 0.6883 0.7172
vn 0.1086 0.6891 0.7165
vn 0.1086 0.6890 0.7166
vn 0.1099 0.6892 0.7162
vn 0.4245 0.9054 0.0060
vn 0.4244 0.9054 0.0059
vn 0.2289 0.6630 -0.7128
vn 0.2290 0.6629 -0.7128
vn 0.2289 0.6630 -0.7127
vn -0.0885 0.9950 0.0457
vn -0.0880 0.9952 0.0421
vn -0.0939 0.9944 0.0488
vn -0.0934 0.9946 0.0453
vn 0.6069 0.6975 0.3810
vn 0.6055 0.6992 0.3800
vn 0.6056 0.6990 0.3802
vn 0.6067 0.6997 0.3773
vn -0.0710 0.9795 0.1884
vn -0.0718 0.9791 0.1904
vn -0.0674 0.9800 0.1871
vn -0.0680 0.9796 0.1892
vn -0.6468 0.6921 -0.3204
vn -0.6458 0.6933 -0.3199
vn -0.6458 0.6932 -0.3201
vn -0.6467 0.6932 -0.3182
vn 0.0723 0.9816 0.1768
vn 0.0700 0.9820 0.1755
vn 0.0727 0.9808 0.1812
vn 0.0706 0.9812 0.1798
vn 0.6288 0.6929 -0.3529
vn 0.6278 0.6940 -0.3525
vn 0.6279 0.6939 -0.3525
vn 0.6265 0.6944 -0.3541
vn -0.1608 0.9643 -0.2104
vn -0.1594 0.9646 -0.2100
vn -0.1614 0.9637 -0.2128
vn -0.1602 0.9640 -0.2122
vn -0.5953 0.6865 0.4175
vn -0.5946 0.6872 0.4173
vn -0.5947 0.6872 0.4173
vn -0.5938 0.6875 0.4180
vn -0.0329 0.9428 -0.3318
vn -0.0326 0.9429 -0.3314
vn -0.0326 0.9425 -0.3327
vn -0.0324 0.9427 -0.3322
vn -0.7332 0.6786 -0.0441
vn -0.7331 0.6787 -0.0437
vn -0.0610 0.9958 -0.0680
vn -0.0621 0.9955 -0.0712
vn -0.0641 0.9960 -0.0627
vn -0.0654 0.9957 -0.0659
vn 0.7114 0.6978 -0.0834
vn 0.7097 0.6996 -0.0831
vn 0.7099 0.6994 -0.0830
vn 0.7092 0.6997 -0.0860
vn -0.1053 0.9903 -0.0909
vn -0.1021 0.9906 -0.0911
vn -0.1088 0.9895 -0.0952
vn -0.1057 0.9898 -0.0952
vn -0.2879 0.6958 0.6580
vn -0.2874 0.6974 0.6565
vn -0.2876 0.6972 0.6567
vn -0.2849 0.6977 0.6572
vn 0.3343 0.8823 0.3313
vn 0.6798 0.6505 -0.3388
vn 0.6830 0.6460 -0.3407
vn 0.6761 0.6555 -0.3366
vn 0.3418 0.8881 0.3072
vn 0.6727 0.6599 -0.3347
vn 0.0547 0.9681 0.2446
vn 0.0536 0.9684 0.2434
vn 0.0544 0.9674 0.2474
vn 0.0532 0.9678 0.2462
vn 0.7103 0.6879 -0.1494
vn 0.7095 0.6887 -0.1491
vn 0.7096 0.6886 -0.1491
vn 0.7090 0.6890 -0.1504
vn -0.0149 0.9983 -0.0563
vn -0.0122 0.9982 -0.0589
vn -0.0215 0.9981 -0.0575
vn -0.0187 0.9980 -0.0599
vn 0.2935 0.6986 0.6525
vn 0.2926 0.7005 0.6509
vn 0.2926 0.7003 0.6511
vn 0.2954 0.7008 0.6493
vn 0.2670 0.9637 -0.0052
vn 0.2659 0.9640 -0.0044
vn 0.2692 0.9631 -0.0043
vn 0.2680 0.9634 -0.0037
vn 0.0183 0.6863 -0.7271
vn 0.0183 0.6870 -0.7264
vn 0.0184 0.6869 -0.7265
vn 0.0173 0.6872 -0.7263
vn 0.0495 0.9780 -0.2027
vn 0.0503 0.9784 -0.2006
vn 0.0515 0.9772 -0.2060
vn 0.0523 0.9776 -0.2039
vn -0.7130 0.6915 -0.1159
vn -0.7120 0.6926 -0.1156
vn -0.7121 0.6925 -0.1157
vn -0.7119 0.6930 -0.1139
vn 0.0637 0.9978 -0.0155
vn 0.0669 0.9977 -0.0136
vn 0.0626 0.9978 -0.0219
vn 0.0659 0.9976 -0.0202
vn -0.5154 0.6985 0.4965
vn -0.5141 0.7003 0.4952
vn -0.5144 0.7001 0.4952
vn -0.5118 0.7006 0.4972
vn 0.2530 0.9506 0.1800
vn 0.2523 0.9508 0.1798
vn 0.2537 0.9502 0.1810
vn 0.2530 0.9504 0.1810
vn 0.4933 0.6815 -0.5406
vn 0.4931 0.6818 -0.5404
vn 0.4932 0.6817 -0.5404
vn 0.4930 0.6818 -0.5404
vn 0.2128 0.9533 -0.2142
vn 0.2133 0.9531 -0.2148
vn 0.2114 0.9536 -0.2141
vn 0.2119 0.9534 -0.2148
vn 0.5702 0.6824 0.4574
vn 0.5699 0.6828 0.4572
vn 0.5703 0.6827 0.4567
vn 0.1454 0.9854 -0.0883
vn 0.1445 0.9858 -0.0857
vn 0.1501 0.9846 -0.0898
vn 0.1491 0.9850 -0.0872
vn -0.4802 0.6941 -0.5362
vn -0.4794 0.6955 -0.5352
vn -0.4795 0.6954 -0.5353
vn -0.4809 0.6959 -0.5334
vn -0.0926 0.9940 0.0586
vn -0.0958 0.9936 0.0597
vn -0.0876 0.9942 0.0618
vn -0.0908 0.9939 0.0628
vn -0.0721 0.6972 -0.7133
vn -0.0719 0.6989 -0.7116
vn -0.0718 0.6987 -0.7118
vn -0.0748 0.6989 -0.7113
vn 0.1380 0.9900 0.0279
vn 0.1353 0.9904 0.0294
vn 0.1432 0.9892 0.0298
vn 0.1405 0.9896 0.0315
vn -0.0663 0.6957 -0.7152
vn -0.0661 0.6973 -0.7137
vn -0.0660 0.6971 -0.7139
vn -0.0687 0.6975 -0.7132
vn 0.0552 0.9911 -0.1210
vn 0.0568 0.9907 -0.1235
vn 0.0499 0.9915 -0.1203
vn 0.0514 0.9911 -0.1229
vn 0.5204 0.6962 0.4945
vn 0.5193 0.6978 0.4935
vn 0.5193 0.6976 0.4937
vn 0.5211 0.6978 0.4915
vn -0.1947 0.9635 -0.1840
vn -0.1934 0.9638 -0.1836
vn -0.1957 0.9629 -0.1861
vn -0.1943 0.9632 -0.1858
vn -0.5235 0.6863 0.5050
vn -0.5231 0.6869 0.5045
vn -0.5231 0.6868 0.5046
vn -0.5223 0.6871 0.5050
vn 0.0147 0.9602 0.2789
vn 0.0140 0.9605 0.2779
vn 0.0140 0.9597 0.2808
vn 0.0134 0.9600 0.2798
vn 0.7284 0.6850 0.0108
vn 0.7279 0.6856 0.0107
vn 0.7279 0.6855 0.0107
vn 0.7278 0.6857 0.0097
vn 0.0658 0.9978 -0.0022
vn 0.0686 0.9976 0.0002
vn 0.0660 0.9978 -0.0087
vn 0.0689 0.9976 -0.0064
vn -0.6029 0.6984 0.3857
vn -0.6014 0.7003 0.3846
vn -0.6016 0.7001 0.3846
vn -0.5994 0.7006 0.3871
vn -0.0887 0.9418 0.3242
vn -0.0888 0.9420 0.3238
vn -0.0892 0.9416 0.3248
vn -0.0893 0.9417 0.3243
vn 0.6679 0.6782 0.3066
vn 0.6678 0.6783 0.3065
vn 0.0783 0.9944 0.0706
vn 0.0802 0.9941 0.0734
vn 0.0801 0.9947 0.0649
vn 0.0820 0.9943 0.0677
vn -0.6747 0.6973 0.2420
vn -0.6731 0.6990 0.2414
vn -0.6733 0.6989 0.2413
vn -0.6721 0.6991 0.2440
vn -0.0152 0.9704 -0.2409
vn -0.0141 0.9708 -0.2395
vn -0.0144 0.9697 -0.2438
vn -0.0133 0.9701 -0.2424
vn -0.7232 0.6888 0.0499
vn -0.7224 0.6897 0.0498
vn -0.7225 0.6896 0.0498
vn -0.7221 0.6899 0.0512
vn 0.2077 0.9759 -0.0676
vn 0.2094 0.9754 -0.0682
vn 0.2047 0.9764 -0.0693
vn 0.2065 0.9759 -0.0700
vn 0.1832 0.6908 0.6995
vn 0.1830 0.6918 0.6985
vn 0.1829 0.6917 0.6986
vn 0.1847 0.6917 0.6981
vn 0.2728 0.9555 -0.1121
vn 0.2723 0.9558 -0.1113
vn 0.2744 0.9551 -0.1120
vn 0.2739 0.9553 -0.1113
vn -0.2120 0.6833 -0.6987
vn -0.2119 0.6837 -0.6983
vn -0.2126 0.6838 -0.6980
vn 0.1381 0.9832 -0.1190
vn 0.1399 0.9828 -0.1206
vn 0.1339 0.9837 -0.1199
vn 0.1357 0.9833 -0.1214
vn 0.3825 0.6934 0.6107
vn 0.3818 0.6947 0.6096
vn 0.3817 0.6946 0.6098
vn 0.3837 0.6947 0.6084
vn -0.2852 0.9568 0.0572
vn -0.2860 0.9565 0.0574
vn -0.2839 0.9571 0.0580
vn -0.2847 0.9568 0.0583
vn -0.2048 0.6837 -0.7004
vn -0.2047 0.6842 -0.7000
vn -0.2046 0.6842 -0.7000
vn -0.2054 0.6841 -0.6998
vn 0.0855 0.9626 0.2569
vn 0.0845 0.9629 0.2561
vn 0.0853 0.9621 0.2592
vn 0.0844 0.9624 0.2583
vn 0.7013 0.6860 -0.1939
vn 0.7008 0.6866 -0.1937
vn 0.7009 0.6865 -0.1937
vn 0.7004 0.6867 -0.1946
vn 0.2509 0.9680 0.0095
vn 0.2523 0.9676 0.0095
vn 0.2492 0.9684 0.0076
vn 0.2506 0.9681 0.0075
vn -0.0190 0.6879 0.7255
vn -0.0190 0.6887 0.7248
vn -0.0191 0.6886 0.7249
vn -0.0177 0.6886 0.7250
vn -0.2122 0.9728 0.0929
vn -0.2137 0.9724 0.0937
vn -0.2094 0.9733 0.0941
vn -0.2109 0.9729 0.0950
vn -0.2713 0.6896 -0.6714
vn -0.2710 0.6906 -0.6705
vn -0.2709 0.6905 -0.6707
vn -0.2725 0.6905 -0.6700
vn -0.1874 0.9635 0.1911
vn -0.1871 0.9639 0.1897
vn -0.1895 0.9629 0.1921
vn -0.1892 0.9632 0.1907
vn 0.4951 0.6863 0.5328
vn 0.4950 0.6869 0.5321
vn 0.4955 0.6874 0.5310
vn -0.2511 0.9424 -0.2209
vn -0.2506 0.9426 -0.2207
vn -0.2514 0.9422 -0.2216
vn -0.2510 0.9423 -0.2215
vn -0.5671 0.6785 0.4670
vn -0.5672 0.6784 0.4670
vn -0.5671 0.6785 0.4669
vn 0.0833 0.9965 0.0021
vn 0.0814 0.9967 0.0052
vn 0.0896 0.9960 0.0009
vn 0.0879 0.9961 0.0042
vn -0.4481 0.6980 -0.5586
vn -0.4471 0.6998 -0.5571
vn -0.4471 0.6996 -0.5574
vn -0.4492 0.7002 -0.5549
vn -0.1285 0.9900 0.0584
vn -0.1273 0.9903 0.0555
vn -0.1339 0.9892 0.0597
vn -0.1326 0.9895 0.0569
vn 0.4719 0.6958 0.5415
vn 0.4710 0.6973 0.5404
vn 0.4710 0.6971 0.5405
vn 0.4726 0.6977 0.5384
vn -0.1466 0.9869 -0.0674
vn -0.1438 0.9873 -0.0680
vn -0.1506 0.9861 -0.0704
vn -0.1479 0.9864 -0.0711
vn -0.1548 0.6947 0.7025
vn -0.1546 0.6961 0.7011
vn -0.1547 0.6959 0.7013
vn -0.1523 0.6965 0.7012
vn 0.1486 0.9582 0.2443
vn 0.1491 0.9580 0.2450
vn 0.1490 0.9586 0.2427
vn 0.1496 0.9583 0.2434
vn -0.5916 0.6844 0.4262
vn -0.5912 0.6848 0.4260
vn -0.5913 0.6848 0.4260
vn -0.5908 0.6847 0.4267
vn -0.1252 0.9579 0.2584
vn -0.1253 0.9581 0.2574
vn -0.1266 0.9574 0.2597
vn -0.1266 0.9576 0.2586
vn 0.6284 0.6842 0.3701
vn 0.6279 0.6847 0.3700
vn 0.6280 0.6846 0.3700
vn 0.6283 0.6847 0.3693
vn -0.0282 0.9963 -0.0809
vn -0.0279 0.9960 -0.0844
vn -0.0335 0.9964 -0.0774
vn -0.0331 0.9962 -0.0809
vn 0.6747 0.6980 0.2401
vn 0.6730 0.6997 0.2397
vn 0.6731 0.6996 0.2399
vn 0.6739 0.6999 0.2367
vn 0.1745 0.9841 -0.0326
vn 0.1768 0.9837 -0.0329
vn 0.1711 0.9846 -0.0354
vn 0.1736 0.9842 -0.0359
vn 0.0136 0.6937 0.7202
vn 0.0135 0.6951 0.7188
vn 0.0134 0.6949 0.7189
vn 0.0157 0.6950 0.7188
vn 0.4571 0.8771 0.1474
vn 0.4553 0.6472 -0.6114
vn 0.4578 0.6417 -0.6154
vn 0.4525 0.6534 -0.6069
vn 0.4514 0.8850 0.1141
vn 0.4500 0.6588 -0.6029
vn 0.3355 0.9413 0.0380
vn 0.3358 0.9412 0.0380
vn 0.3355 0.9413 0.0376
vn 0.3355 0.9413 0.0375
vn 0.0386 0.6779 0.7341
vn 0.0385 0.6779 0.7342
vn -0.1095 0.9899 -0.0897
vn -0.1064 0.9903 -0.0898
vn -0.1132 0.9891 -0.0938
vn -0.1100 0.9895 -0.0940
vn -0.2780 0.6957 0.6624
vn -0.2775 0.6972 0.6610
vn -0.2776 0.6971 0.6611
vn -0.2750 0.6976 0.6616
vn 0.1101 0.9628 -0.2467
vn 0.1103 0.9631 -0.2454
vn 0.1117 0.9622 -0.2483
vn 0.1119 0.9625 -0.2470
vn -0.6485 0.6860 -0.3299
vn -0.6481 0.6866 -0.3294
vn -0.6481 0.6866 -0.3295
vn -0.6482 0.6870 -0.3284
vn -0.0751 0.9966 0.0339
vn -0.0749 0.9967 0.0302
vn -0.0804 0.9961 0.0376
vn -0.0802 0.9962 0.0340
vn 0.6496 0.6980 0.3013
vn 0.6480 0.6998 0.3006
vn 0.6481 0.6996 0.3008
vn 0.6488 0.7003 0.2977
vn -0.0444 0.9770 -0.2087
vn -0.0450 0.9765 -0.2107
vn -0.0467 0.9775 -0.2059
vn -0.0471 0.9770 -0.2078
vn 0.7157 0.6912 -0.1006
vn 0.7146 0.6923 -0.1004
vn 0.7147 0.6922 -0.1003
vn 0.7144 0.6922 -0.1023
vn 0.2416 0.9687 0.0571
vn 0.2400 0.9691 0.0576
vn 0.2439 0.9680 0.0587
vn 0.2424 0.9684 0.0592
vn 0.1726 0.6882 -0.7047
vn 0.1725 0.6890 -0.7040
vn 0.1725 0.6889 -0.7041
vn 0.1712 0.6891 -0.7042
vn 0.2420 0.9678 0.0696
vn 0.2433 0.9674 0.0699
vn 0.2408 0.9682 0.0673
vn 0.2422 0.9679 0.0676
vn -0.1913 0.6878 0.7002
vn -0.1911 0.6886 0.6995
vn -0.1912 0.6886 0.6995
vn -0.1898 0.6885 0.6999
vn 0.0627 0.9950 0.0782
vn 0.0592 0.9952 0.0782
vn 0.0668 0.9943 0.0828
vn 0.0633 0.9945 0.0830
vn 0.2564 0.6975 -0.6692
vn 0.2559 0.6992 -0.6676
vn 0.2561 0.6990 -0.6677
vn 0.2531 0.6996 -0.6683
vn 0.1008 0.9930 -0.0615
vn 0.1002 0.9933 -0.0582
vn 0.1061 0.9923 -0.0643
vn 0.1055 0.9926 -0.0610
vn -0.5847 0.6968 -0.4155
vn -0.5833 0.6984 -0.4146
vn -0.5834 0.6983 -0.4148
vn -0.5847 0.6987 -0.4122
vn -0.0151 0.9752 0.2208
vn -0.0162 0.9756 0.2190
vn -0.0164 0.9744 0.2241
vn -0.0175 0.9748 0.2223
vn 0.7232 0.6905 0.0141
vn 0.7222 0.6915 0.0139
vn 0.7223 0.6914 0.0140
vn 0.7218 0.6920 0.0124
vn 0.1322 0.9911 0.0129
vn 0.1297 0.9914 0.0149
vn 0.1378 0.9904 0.0141
vn 0.1352 0.9907 0.0162
vn -0.1639 0.6962 -0.6989
vn -0.1637 0.6977 -0.6974
vn -0.1637 0.6975 -0.6976
vn -0.1661 0.6982 -0.6963
vn 0.0429 0.9852 -0.1657
vn 0.0436 0.9848 -0.1681
vn 0.0387 0.9857 -0.1639
vn 0.0394 0.9853 -0.1664
vn 0.6517 0.6941 0.3056
vn 0.6506 0.6955 0.3050
vn 0.6506 0.6954 0.3052
vn 0.6515 0.6955 0.3030
vn 0.0432 0.9717 -0.2321
vn 0.0439 0.9721 -0.2304
vn 0.0447 0.9710 -0.2348
vn 0.0454 0.9714 -0.2331
vn -0.7143 0.6893 -0.1206
vn -0.7136 0.6902 -0.1204
vn -0.7137 0.6901 -0.1204
vn -0.7136 0.6904 -0.1190
vn -0.2077 0.9712 0.1165
vn -0.2069 0.9716 0.1149
vn -0.2108 0.9705 0.1171
vn -0.2099 0.9709 0.1154
vn 0.3623 0.6890 0.6277
vn 0.3620 0.6900 0.6268
vn 0.3620 0.6899 0.6269
vn 0.3631 0.6902 0.6259
vn -0.2289 0.9625 -0.1455
vn -0.2277 0.9628 -0.1455
vn -0.2302 0.9619 -0.1474
vn -0.2290 0.9622 -0.1473
vn -0.4222 0.6859 0.5926
vn -0.4218 0.6865 0.5922
vn -0.4219 0.6864 0.5923
vn -0.4210 0.6866 0.5927
vn 0.1142 0.9752 0.1897
vn 0.1124 0.9755 0.1889
vn 0.1150 0.9744 0.1932
vn 0.1131 0.9748 0.1923
vn 0.6007 0.6906 -0.4028
vn 0.6000 0.6915 -0.4022
vn 0.6002 0.6914 -0.4022
vn 0.5991 0.6916 -0.4035
vn 0.0975 0.9935 0.0586
vn 0.0999 0.9931 0.0607
vn 0.0980 0.9938 0.0527
vn 0.1003 0.9934 0.0550
vn -0.5944 0.6970 0.4011
vn -0.5931 0.6987 0.4001
vn -0.5933 0.6985 0.4001
vn -0.5914 0.6988 0.4024
vn 0.2345 0.9028 0.3605
vn 0.2346 0.9028 0.3604
vn 0.7221 0.6619 -0.2014
vn -0.0632 0.9974 -0.0356
vn -0.0605 0.9974 -0.0381
vn -0.0697 0.9969 -0.0367
vn -0.0669 0.9970 -0.0393
vn 0.2501 0.6983 0.6707
vn 0.2492 0.7001 0.6691
vn 0.2492 0.6999 0.6693
vn 0.2520 0.7003 0.6678
vn 0.2519 0.9583 -0.1349
vn 0.2514 0.9586 -0.1340
vn 0.2539 0.9578 -0.1351
vn 0.2533 0.9580 -0.1342
vn -0.2924 0.6844 -0.6679
vn -0.2923 0.6848 -0.6675
vn -0.2929 0.6851 -0.6670
vn 0.0358 0.9935 -0.1078
vn 0.0374 0.9932 -0.1107
vn 0.0300 0.9938 -0.1071
vn 0.0317 0.9934 -0.1098
vn 0.5211 0.6970 0.4926
vn 0.5199 0.6987 0.4915
vn 0.5199 0.6985 0.4917
vn 0.5217 0.6988 0.4894
vn -0.0761 0.8896 0.4505
vn -0.0718 0.8888 0.4526
vn -0.0889 0.8891 0.4489
vn -0.0846 0.8884 0.4512
vn -0.7443 0.6544 0.1333
vn -0.7446 0.6551 0.1282
vn -0.7442 0.6554 0.1289
vn -0.7418 0.6588 0.1253
vn 0.1162 0.9924 0.0414
vn 0.1189 0.9920 0.0430
vn 0.1153 0.9927 0.0359
vn 0.1180 0.9923 0.0374
vn -0.4743 0.6966 0.5383
vn -0.4733 0.6982 0.5371
vn -0.4735 0.6981 0.5371
vn -0.4712 0.6983 0.5388
vn 0.0130 0.9942 0.1067
vn 0.0100 0.9944 0.1049
vn 0.0136 0.9935 0.1129
vn 0.0107 0.9938 0.1110
vn 0.5938 0.6972 -0.4016
vn 0.5926 0.6989 -0.4005
vn 0.5928 0.6987 -0.4005
vn 0.5906 0.6993 -0.4026
vn -0.1932 0.9605 -0.2003
vn -0.1939 0.9602 -0.2009
vn -0.1932 0.9609 -0.1984
vn -0.1941 0.9606 -0.1990
vn 0.4909 0.6851 -0.5383
vn 0.4904 0.6857 -0.5378
vn 0.4905 0.6857 -0.5378
vn 0.4898 0.6856 -0.5386
vn 0.1132 0.9930 -0.0327
vn 0.1165 0.9926 -0.0330
vn 0.1093 0.9933 -0.0369
vn 0.1125 0.9930 -0.0371
vn -0.0931 0.6969 0.7111
vn -0.0930 0.6985 0.7095
vn -0.0932 0.6983 0.7097
vn -0.0902 0.6986 0.7098
vn -0.3540 0.9318 -0.0797
vn -0.3540 0.9318 -0.0796
vn -0.3540 0.9318 -0.0795
vn -0.3540 0.9319 -0.0794
vn 0.0121 0.6740 -0.7386
vn 0.0122 0.6740 -0.7386
vn -0.1376 0.9873 0.0797
vn -0.1366 0.9876 0.0769
vn -0.1425 0.9864 0.0814
vn -0.1415 0.9868 0.0786
vn 0.4885 0.6948 0.5279
vn 0.4876 0.6962 0.5268
vn 0.4876 0.6961 0.5270
vn 0.4891 0.6966 0.5250
vn 0.1157 0.9755 -0.1871
vn 0.1157 0.9759 -0.1850
vn 0.1184 0.9747 -0.1894
vn 0.1185 0.9751 -0.1873
vn -0.6340 0.6906 -0.3479
vn -0.6332 0.6917 -0.3473
vn -0.6333 0.6915 -0.3474
vn -0.6337 0.6920 -0.3457
vn 0.2428 0.9422 -0.2308
vn 0.2430 0.9421 -0.2310
vn 0.2424 0.9422 -0.2311
vn 0.2423 0.9423 -0.2312
vn 0.5852 0.6781 0.4447
vn 0.5851 0.6783 0.4445
vn 0.5851 0.6783 0.4444
vn 0.1887 0.9657 -0.1785
vn 0.1896 0.9653 -0.1795
vn 0.1863 0.9661 -0.1786
vn 0.1872 0.9658 -0.1796
vn 0.5144 0.6870 0.5132
vn 0.5139 0.6878 0.5127
vn 0.5139 0.6877 0.5128
vn 0.5147 0.6877 0.5120
vn 0.0764 0.9908 0.1120
vn 0.0732 0.9911 0.1113
vn 0.0789 0.9900 0.1170
vn 0.0757 0.9903 0.1163
vn 0.4385 0.6960 -0.5686
vn 0.4376 0.6976 -0.5674
vn 0.4378 0.6974 -0.5674
vn 0.4353 0.6979 -0.5687
vn 0.0416 0.9921 -0.1184
vn 0.0431 0.9924 -0.1154
vn 0.0440 0.9913 -0.1237
vn 0.0456 0.9916 -0.1207
vn -0.7173 0.6965 0.0189
vn -0.7158 0.6981 0.0188
vn -0.7159 0.6979 0.0187
vn -0.7153 0.6985 0.0213
vn -0.0678 0.9967 0.0452
vn -0.0714 0.9964 0.0457
vn -0.0632 0.9968 0.0498
vn -0.0668 0.9965 0.0501
vn 0.1008 0.6981 -0.7089
vn 0.1006 0.6999 -0.7071
vn 0.1008 0.6997 -0.7073
vn 0.0976 0.7001 -0.7074
vn -0.1133 0.9918 0.0594
vn -0.1124 0.9921 0.0563
vn -0.1187 0.9910 0.0616
vn -0.1178 0.9913 0.0584
vn 0.5317 0.6964 0.4820
vn 0.5306 0.6980 0.4809
vn 0.5307 0.6978 0.4811
vn 0.5321 0.6983 0.4787
vn 0.0649 0.8901 -0.4511
vn -0.6747 0.6552 -0.3399
vn -0.6767 0.6526 -0.3408
vn -0.6725 0.6580 -0.3389
vn 0.0525 0.8931 -0.4469
vn -0.6704 0.6605 -0.3380
vn 0.1011 0.9904 -0.0942
vn 0.1010 0.9907 -0.0911
vn 0.1058 0.9896 -0.0973
vn 0.1055 0.9899 -0.0942
vn -0.6241 0.6959 -0.3553
vn -0.6229 0.6974 -0.3544
vn -0.6230 0.6973 -0.3546
vn -0.6238 0.6979 -0.3520
vn 0.1462 0.9881 0.0485
vn 0.1435 0.9884 0.0496
vn 0.1508 0.9872 0.0510
vn 0.1480 0.9876 0.0522
vn 0.0580 0.6950 -0.7166
vn 0.0577 0.6965 -0.7152
vn 0.0578 0.6964 -0.7153
vn 0.0553 0.6970 -0.7150
vn 0.1629 0.9856 -0.0459
vn 0.1654 0.9851 -0.0465
vn 0.1592 0.9860 -0.0488
vn 0.1617 0.9856 -0.0493
vn 0.0597 0.6942 0.7173
vn 0.0596 0.6956 0.7159
vn 0.0594 0.6955 0.7161
vn 0.0619 0.6956 0.7157
vn 0.1107 0.9871 0.1158
vn 0.1079 0.9874 0.1155
vn 0.1134 0.9863 0.1201
vn 0.1105 0.9866 0.1198
vn 0.4004 0.6947 -0.5976
vn 0.3996 0.6962 -0.5964
vn 0.3997 0.6960 -0.5965
vn 0.3974 0.6964 -0.5975
vn 0.1638 0.9863 -0.0211
vn 0.1663 0.9858 -0.0213
vn 0.1605 0.9867 -0.0246
vn 0.1631 0.9863 -0.0248
vn -0.0551 0.6945 0.7174
vn -0.0550 0.6959 0.7160
vn -0.0552 0.6958 0.7161
vn -0.0527 0.6958 0.7163
vn -0.0646 0.9976 -0.0249
vn -0.0666 0.9974 -0.0280
vn -0.0668 0.9976 -0.0188
vn -0.0688 0.9974 -0.0219
vn 0.6922 0.6984 -0.1822
vn 0.6904 0.7002 -0.1817
vn 0.6906 0.7001 -0.1816
vn 0.6894 0.7005 -0.1846
vn -0.0598 0.9963 -0.0610
vn -0.0563 0.9965 -0.0618
vn -0.0651 0.9958 -0.0648
vn -0.0615 0.9959 -0.0657
vn -0.0858 0.6979 0.7110
vn -0.0856 0.6997 0.7093
vn -0.0857 0.6995 0.7094
vn -0.0827 0.7001 0.7092
vn -0.1305 0.9909 0.0343
vn -0.1336 0.9904 0.0347
vn -0.1266 0.9912 0.0381
vn -0.1296 0.9908 0.0384
vn 0.0469 0.6961 -0.7164
vn 0.0468 0.6977 -0.7149
vn 0.0470 0.6975 -0.7150
vn 0.0442 0.6977 -0.7150
vn -0.2589 0.9658 0.0147
vn -0.2576 0.9661 0.0139
vn -0.2614 0.9651 0.0140
vn -0.2602 0.9655 0.0131
vn 0.0191 0.6872 0.7262
vn 0.0193 0.6878 0.7256
vn 0.0193 0.6877 0.7257
vn 0.0204 0.6881 0.7253
vn -0.2008 0.9353 0.2915
vn -0.2007 0.9353 0.2915
vn -0.2006 0.9353 0.2916
vn -0.2005 0.9353 0.2916
vn -0.6756 0.6754 -0.2955
vn 0.0341 0.9976 -0.0597
vn 0.0375 0.9974 -0.0610
vn 0.0285 0.9976 -0.0629
vn 0.0319 0.9974 -0.0643
vn 0.0678 0.6984 0.7125
vn 0.0675 0.7002 0.7107
vn 0.0673 0.7001 0.7109
vn 0.0706 0.7005 0.7102
vn 0.3799 0.9168 0.1228
vn 0.3799 0.9169 0.1227
vn 0.4031 0.6678 -0.6257
vn 0.4031 0.6678 -0.6258
vn 0.4030 0.6678 -0.6257
vn 0.4030 0.6679 -0.6257
vn -0.1149 0.9515 0.2854
vn -0.1148 0.9517 0.2847
vn -0.1158 0.9511 0.2864
vn -0.1160 0.9513 0.2856
vn 0.6419 0.6822 0.3501
vn 0.6420 0.6821 0.3501
vn 0.6420 0.6821 0.3502
vn 0.6421 0.6822 0.3497
vn 0.2417 0.9652 -0.0996
vn 0.2428 0.9649 -0.1003
vn 0.2395 0.9657 -0.1007
vn 0.2407 0.9653 -0.1012
vn 0.2985 0.6869 0.6627
vn 0.2982 0.6876 0.6620
vn 0.2981 0.6875 0.6621
vn 0.2994 0.6875 0.6616
vn 0.2748 0.9403 0.2008
vn 0.2743 0.9404 0.2008
vn 0.2750 0.9401 0.2016
vn 0.2747 0.9402 0.2014
vn 0.5281 0.6776 -0.5118
vn -0.0613 0.9954 -0.0730
vn -0.0577 0.9956 -0.0734
vn -0.0657 0.9948 -0.0775
vn -0.0621 0.9950 -0.0779
vn -0.2129 0.6976 0.6841
vn -0.2125 0.6994 0.6824
vn -0.2127 0.6992 0.6826
vn -0.2097 0.6996 0.6830
vn -0.1296 0.9721 0.1957
vn -0.1296 0.9725 0.1937
vn -0.1322 0.9713 0.1976
vn -0.1322 0.9717 0.1958
vn 0.6116 0.6894 0.3881
vn 0.6109 0.6903 0.3876
vn 0.6110 0.6902 0.3877
vn 0.6116 0.6905 0.3863
vn 0.0871 0.8818 -0.4635
vn -0.6619 0.6502 -0.3731
vn -0.6654 0.6456 -0.3748
vn -0.6579 0.6553 -0.3712
vn 0.0620 0.8878 -0.4560
vn -0.6543 0.6598 -0.3695
vn 0.1856 0.9717 -0.1464
vn 0.1868 0.9713 -0.1475
vn 0.1827 0.9721 -0.1468
vn 0.1839 0.9717 -0.1480
vn 0.4381 0.6892 0.5771
vn 0.4376 0.6902 0.5764
vn 0.4376 0.6901 0.5765
vn 0.4389 0.6901 0.5755
vn 0.0408 0.9959 -0.0814
vn 0.0434 0.9956 -0.0836
vn 0.0346 0.9960 -0.0823
vn 0.0372 0.9957 -0.0847
vn 0.3361 0.6978 0.6325
vn 0.3353 0.6996 0.6310
vn 0.3352 0.6994 0.6312
vn 0.3378 0.6997 0.6295
vn 0.0146 0.9842 0.1767
vn 0.0127 0.9845 0.1747
vn 0.0138 0.9833 0.1813
vn 0.0120 0.9837 0.1793
vn 0.6988 0.6937 -0.1748
vn 0.6975 0.6950 -0.1745
vn 0.6977 0.6949 -0.1744
vn 0.6967 0.6954 -0.1765
vn -0.0284 0.9689 -0.2458
vn -0.0273 0.9693 -0.2445
vn -0.0276 0.9682 -0.2487
vn -0.0267 0.9686 -0.2473
vn -0.7212 0.6883 0.0781
vn -0.7205 0.6891 0.0783
vn -0.7206 0.6890 0.0783
vn -0.7199 0.6896 0.0795
vn -0.0554 0.9982 -0.0234
vn -0.0540 0.9982 -0.0270
vn -0.0618 0.9979 -0.0214
vn -0.0604 0.9979 -0.0250
vn 0.5405 0.6985 0.4689
vn 0.5390 0.7004 0.4678
vn 0.5390 0.7003 0.4681
vn 0.5409 0.7007 0.4653
vn -0.0665 0.9977 -0.0154
vn -0.0688 0.9975 -0.0183
vn -0.0680 0.9976 -0.0091
vn -0.0703 0.9975 -0.0119
vn 0.6663 0.6984 -0.2614
vn 0.6646 0.7003 -0.2606
vn 0.6648 0.7001 -0.2605
vn 0.6633 0.7005 -0.2634
vn 0.0924 0.9927 0.0780
vn 0.0943 0.9923 0.0804
vn 0.0935 0.9930 0.0725
vn 0.0956 0.9926 0.0748
vn -0.6374 0.6968 0.3290
vn -0.6360 0.6984 0.3283
vn -0.6362 0.6982 0.3282
vn -0.6347 0.6984 0.3306
vn -0.0643 0.9957 0.0667
vn -0.0674 0.9954 0.0681
vn -0.0587 0.9959 0.0693
vn -0.0618 0.9956 0.0709
vn -0.1438 0.6977 -0.7018
vn -0.1434 0.6995 -0.7001
vn -0.1433 0.6994 -0.7003
vn -0.1463 0.6997 -0.6993
vn 0.3306 0.9299 -0.1609
vn 0.3306 0.9300 -0.1609
vn 0.3306 0.9300 -0.1610
vn 0.3305 0.9300 -0.1610
vn 0.4563 0.6732 0.5819
vn -0.1675 0.9808 0.1000
vn -0.1665 0.9812 0.0978
vn -0.1716 0.9800 0.1011
vn -0.1706 0.9804 0.0989
vn 0.4371 0.6926 0.5738
vn 0.4366 0.6937 0.5728
vn 0.4366 0.6936 0.5730
vn 0.4379 0.6940 0.5714
vn -0.0488 0.9503 -0.3076
vn -0.0484 0.9505 -0.3071
vn -0.0484 0.9499 -0.3089
vn -0.0480 0.9501 -0.3083
vn -0.7315 0.6813 0.0253
vn -0.7313 0.6816 0.0251
vn -0.7313 0.6816 0.0256
vn -0.3187 0.9163 -0.2426
vn -0.3186 0.9163 -0.2426
vn 0.2825 0.6675 -0.6889
vn 0.0527 0.9823 0.1797
vn 0.0506 0.9827 0.1782
vn 0.0528 0.9815 0.1842
vn 0.0507 0.9819 0.1826
vn 0.6586 0.6930 -0.2931
vn 0.6574 0.6943 -0.2929
vn 0.6576 0.6942 -0.2929
vn 0.6562 0.6947 -0.2945
vn 0.0019 0.9970 -0.0775
vn 0.0037 0.9967 -0.0806
vn -0.0045 0.9970 -0.0767
vn -0.0027 0.9968 -0.0798
vn 0.4927 0.6982 0.5194
vn 0.4914 0.7000 0.5182
vn 0.4914 0.6998 0.5184
vn 0.4935 0.7002 0.5159
vn -0.2323 0.9098 0.3439
vn -0.2324 0.9098 0.3439
vn -0.2325 0.9098 0.3439
vn -0.7112 0.6647 -0.2288
vn -0.7112 0.6647 -0.2287
vn -0.7112 0.6648 -0.2287
vn -0.3030 0.9513 -0.0575
vn -0.3035 0.9511 -0.0576
vn -0.3022 0.9516 -0.0565
vn -0.3029 0.9513 -0.0565
vn 0.0516 0.6816 -0.7299
vn 0.0516 0.6820 -0.7295
vn 0.0516 0.6820 -0.7296
vn 0.0510 0.6819 -0.7296
vn 0.0400 0.9958 0.0819
vn 0.0364 0.9960 0.0814
vn 0.0434 0.9952 0.0872
vn 0.0398 0.9954 0.0869
vn 0.3463 0.6977 -0.6271
vn 0.3455 0.6995 -0.6256
vn 0.3457 0.6993 -0.6257
vn 0.3427 0.7000 -0.6266
vn -0.0560 0.9982 -0.0218
vn -0.0569 0.9981 -0.0255
vn -0.0600 0.9981 -0.0165
vn -0.0610 0.9979 -0.0202
vn 0.7142 0.6985 0.0446
vn 0.7123 0.7004 0.0446
vn 0.7125 0.7003 0.0447
vn 0.7122 0.7007 0.0415
vn 0.0698 0.9967 -0.0420
vn 0.0702 0.9968 -0.0383
vn 0.0746 0.9961 -0.0464
vn 0.0749 0.9963 -0.0427
vn -0.6832 0.6980 -0.2143
vn -0.6815 0.6998 -0.2140
vn -0.6816 0.6997 -0.2142
vn -0.6821 0.7002 -0.2110
vn -0.0341 0.9968 0.0724
vn -0.0370 0.9965 0.0746
vn -0.0280 0.9969 0.0739
vn -0.0308 0.9966 0.0761
vn -0.2651 0.6981 -0.6651
vn -0.2644 0.6999 -0.6635
vn -0.2643 0.6998 -0.6637
vn -0.2672 0.7002 -0.6621
vn 0.2041 0.9789 -0.0129
vn 0.2023 0.9793 -0.0115
vn 0.2080 0.9780 -0.0120
vn 0.2062 0.9784 -0.0106
vn -0.1094 0.6918 -0.7137
vn -0.1092 0.6930 -0.7127
vn -0.1092 0.6928 -0.7128
vn -0.1109 0.6932 -0.7121
vn -0.0523 0.9950 0.0850
vn -0.0537 0.9952 0.0817
vn -0.0555 0.9944 0.0904
vn -0.0567 0.9946 0.0871
vn 0.7165 0.6975 0.0143
vn 0.7148 0.6992 0.0142
vn 0.7150 0.6990 0.0143
vn 0.7144 0.6996 0.0113
vn 0.0483 0.9075 0.4172
vn 0.0483 0.9075 0.4173
vn 0.0482 0.9075 0.4173
vn -0.6873 0.6638 0.2949
vn 0.0252 0.9983 -0.0527
vn 0.0289 0.9982 -0.0516
vn 0.0229 0.9980 -0.0590
vn 0.0264 0.9980 -0.0579
vn -0.4235 0.6986 0.5767
vn -0.4225 0.7005 0.5751
vn -0.4228 0.7003 0.5752
vn -0.4198 0.7007 0.5768
vn 0.0579 0.9979 -0.0281
vn 0.0614 0.9978 -0.0269
vn 0.0557 0.9979 -0.0343
vn 0.0592 0.9977 -0.0331
vn -0.4210 0.6985 0.5786
vn -0.4201 0.7003 0.5771
vn -0.4203 0.7002 0.5772
vn -0.4174 0.7006 0.5787
vn -0.1486 0.9888 0.0162
vn -0.1466 0.9891 0.0140
vn -0.1539 0.9880 0.0158
vn -0.1519 0.9883 0.0135
vn 0.2566 0.6953 0.6713
vn 0.2562 0.6968 0.6700
vn 0.2562 0.6966 0.6701
vn 0.2582 0.6973 0.6687
vn 0.1582 0.9850 -0.0689
vn 0.1568 0.9854 -0.0665
vn 0.1629 0.9842 -0.0698
vn 0.1616 0.9846 -0.0674
vn -0.3995 0.6940 -0.5990
vn -0.3988 0.6953 -0.5979
vn -0.3988 0.6952 -0.5981
vn -0.4004 0.6957 -0.5964
vn -0.0455 0.9976 0.0516
vn -0.0491 0.9974 0.0523
vn -0.0406 0.9976 0.0558
vn -0.0442 0.9974 0.0566
vn 0.0776 0.6984 -0.7115
vn 0.0775 0.7002 -0.7097
vn 0.0777 0.7001 -0.7098
vn 0.0744 0.7005 -0.7098
vn -0.2031 0.9784 0.0384
vn -0.2051 0.9780 0.0388
vn -0.2002 0.9789 0.0406
vn -0.2022 0.9785 0.0411
vn -0.0722 0.6917 -0.7186
vn -0.0721 0.6928 -0.7175
vn -0.0720 0.6927 -0.7176
vn -0.0740 0.6927 -0.7174
vn -0.0522 0.9973 -0.0525
vn -0.0530 0.9970 -0.0560
vn -0.0564 0.9973 -0.0475
vn -0.0571 0.9971 -0.0510
vn 0.7143 0.6983 0.0465
vn 0.7125 0.7001 0.0465
vn 0.7127 0.6999 0.0466
vn 0.7125 0.7003 0.0434
vn 0.0147 0.9935 0.1126
vn 0.0144 0.9932 0.1158
vn 0.0195 0.9938 0.1093
vn 0.0193 0.9935 0.1126
vn -0.6835 0.6970 -0.2169
vn -0.6819 0.6987 -0.2164
vn -0.6820 0.6985 -0.2166
vn -0.6826 0.6988 -0.2137
vn 0.0042 0.9721 0.2347
vn 0.0042 0.9717 0.2363
vn 0.0062 0.9725 0.2327
vn 0.0065 0.9721 0.2343
vn -0.7244 0.6894 -0.0031
vn -0.7235 0.6903 -0.0031
vn -0.7236 0.6902 -0.0032
vn -0.7236 0.6902 -0.0017
vn 0.0156 0.9823 0.1864
vn 0.0158 0.9819 0.1888
vn 0.0186 0.9828 0.1835
vn 0.0189 0.9824 0.1859
vn -0.7197 0.6932 -0.0392
vn -0.7186 0.6944 -0.0391
vn -0.7187 0.6943 -0.0393
vn -0.7187 0.6943 -0.0371
vn -0.0826 0.9932 0.0815
vn -0.0853 0.9929 0.0834
vn -0.0771 0.9935 0.0834
vn -0.0798 0.9932 0.0851
vn -0.2504 0.6969 -0.6720
vn -0.2498 0.6986 -0.6705
vn -0.2497 0.6984 -0.6707
vn -0.2524 0.6987 -0.6694
vn 0.0166 0.9982 -0.0573
vn 0.0203 0.9982 -0.0565
vn 0.0138 0.9979 -0.0635
vn 0.0174 0.9979 -0.0625
vn -0.3847 0.6986 0.6033
vn -0.3837 0.7004 0.6018
vn -0.3839 0.7003 0.6019
vn -0.3809 0.7008 0.6031
vn 0.2766 0.9610 -0.0040
vn 0.2776 0.9607 -0.0042
vn 0.2753 0.9613 -0.0054
vn 0.2763 0.9611 -0.0055
vn 0.0548 0.6853 0.7262
vn 0.0548 0.6859 0.7256
vn 0.0548 0.6859 0.7257
vn 0.0558 0.6859 0.7256
vn 0.1006 0.9674 -0.2324
vn 0.1011 0.9671 -0.2336
vn 0.0983 0.9678 -0.2316
vn 0.0986 0.9675 -0.2329
vn 0.6708 0.6878 0.2775
vn 0.6702 0.6885 0.2772
vn 0.6702 0.6884 0.2774
vn 0.6707 0.6884 0.2761
vn 0.0060 0.9792 0.2030
vn 0.0061 0.9787 0.2051
vn 0.0087 0.9796 0.2006
vn 0.0089 0.9792 0.2026
vn -0.7203 0.6920 -0.0476
vn -0.7193 0.6931 -0.0475
vn -0.7193 0.6930 -0.0477
vn -0.7194 0.6931 -0.0456
vn -0.0084 0.9877 0.1564
vn -0.0101 0.9880 0.1540
vn -0.0096 0.9869 0.1613
vn -0.0114 0.9872 0.1590
vn 0.7078 0.6949 -0.1267
vn 0.7065 0.6964 -0.1264
vn 0.7066 0.6962 -0.1263
vn 0.7057 0.6967 -0.1286
vn -0.0039 0.8983 0.4393
vn -0.0040 0.8983 0.4393
vn -0.0042 0.8983 0.4394
vn -0.0043 0.8983 0.4394
vn -0.7158 0.6597 0.2288
vn -0.7158 0.6599 0.2285
vn -0.7158 0.6598 0.2285
vn -0.0304 0.9958 0.0869
vn -0.0326 0.9955 0.0894
vn -0.0242 0.9959 0.0869
vn -0.0264 0.9956 0.0897
vn -0.4203 0.6978 -0.5801
vn -0.4192 0.6995 -0.5788
vn -0.4191 0.6994 -0.5790
vn -0.4215 0.6996 -0.5769
vn -0.3550 0.9203 -0.1642
vn -0.4676 0.6693 0.5774
vn -0.4676 0.6692 0.5775
vn -0.3196 0.9468 -0.0390
vn -0.3196 0.9468 -0.0388
vn -0.3192 0.9469 -0.0384
vn -0.3195 0.9468 -0.0383
vn -0.0133 0.6799 -0.7332
vn -0.0133 0.6801 -0.7330
vn -0.0137 0.6801 -0.7330
vn 0.0525 0.9957 0.0761
vn 0.0489 0.9959 0.0762
vn 0.0566 0.9951 0.0810
vn 0.0530 0.9953 0.0811
vn 0.2583 0.6977 -0.6682
vn 0.2578 0.6995 -0.6666
vn 0.2579 0.6993 -0.6667
vn 0.2549 0.6998 -0.6673
vn -0.0749 0.9755 -0.2070
vn -0.0756 0.9751 -0.2087
vn -0.0765 0.9760 -0.2040
vn -0.0773 0.9755 -0.2058
vn 0.6924 0.6906 -0.2088
vn 0.6914 0.6917 -0.2086
vn 0.6916 0.6916 -0.2085
vn 0.6910 0.6916 -0.2102
vn 0.1438 0.9106 -0.3875
vn -0.6008 0.6652 -0.4434
vn -0.6008 0.6651 -0.4434
vn -0.1315 0.9835 0.1239
vn -0.1310 0.9839 0.1214
vn -0.1356 0.9827 0.1262
vn -0.1351 0.9831 0.1236
vn 0.5683 0.6935 0.4429
vn 0.5673 0.6948 0.4421
vn 0.5673 0.6946 0.4423
vn 0.5683 0.6951 0.4403
vn -0.1729 0.9722 -0.1576
vn -0.1741 0.9718 -0.1587
vn -0.1729 0.9727 -0.1546
vn -0.1742 0.9723 -0.1557
vn 0.5005 0.6895 -0.5235
vn 0.4999 0.6904 -0.5229
vn 0.5000 0.6903 -0.5229
vn 0.4988 0.6903 -0.5241
vn 0.0061 0.9814 -0.1919
vn 0.0075 0.9818 -0.1899
vn 0.0073 0.9806 -0.1961
vn 0.0088 0.9810 -0.1940
vn -0.7183 0.6928 0.0643
vn -0.7172 0.6939 0.0643
vn -0.7173 0.6938 0.0642
vn -0.7165 0.6944 0.0662
vn 0.2100 0.9732 -0.0931
vn 0.2090 0.9736 -0.0915
vn 0.2134 0.9725 -0.0934
vn 0.2123 0.9729 -0.0918
vn -0.3130 0.6899 -0.6528
vn -0.3129 0.6908 -0.6519
vn -0.3129 0.6907 -0.6520
vn -0.3142 0.6911 -0.6509
vn 0.3976 0.9092 -0.1236
vn 0.3977 0.9092 -0.1235
vn 0.4136 0.6645 0.6224
vn 0.0640 0.9955 0.0702
vn 0.0604 0.9957 0.0706
vn 0.0687 0.9949 0.0745
vn 0.0651 0.9951 0.0751
vn 0.1825 0.6976 -0.6928
vn 0.1821 0.6994 -0.6911
vn 0.1823 0.6992 -0.6913
vn 0.1792 0.6997 -0.6916
vn -0.2790 0.9460 0.1650
vn -0.2788 0.9461 0.1646
vn -0.2800 0.9457 0.1650
vn -0.2797 0.9459 0.1646
vn 0.2788 0.6799 0.6782
vn 0.2789 0.6799 0.6782
vn 0.2788 0.6800 0.6781
vn 0.3748 0.9107 -0.1735
vn 0.3747 0.9107 -0.1736
vn 0.3747 0.9108 -0.1736
vn 0.3746 0.9108 -0.1736
vn -0.1145 0.6653 -0.7378
vn -0.1145 0.6652 -0.7378
vn -0.0674 0.9977 -0.0069
vn -0.0700 0.9975 -0.0095
vn -0.0682 0.9977 -0.0004
vn -0.0708 0.9975 -0.0030
vn 0.6327 0.6984 -0.3345
vn 0.6312 0.7003 -0.3335
vn 0.6314 0.7001 -0.3335
vn 0.6295 0.7005 -0.3362
vn -0.0996 0.9053 -0.4130
vn -0.0997 0.9053 -0.4130
vn -0.0997 0.9053 -0.4129
vn -0.7474 0.6629 -0.0452
vn -0.7473 0.6629 -0.0452
vn -0.1154 0.9819 0.1500
vn -0.1154 0.9823 0.1476
vn -0.1189 0.9811 0.1526
vn -0.1189 0.9815 0.1502
vn 0.6229 0.6930 0.3630
vn 0.6220 0.6942 0.3623
vn 0.6221 0.6940 0.3624
vn 0.6227 0.6946 0.3603
vn 0.1467 0.9851 -0.0898
vn 0.1457 0.9855 -0.0874
vn 0.1512 0.9843 -0.0913
vn 0.1503 0.9846 -0.0887
vn -0.4791 0.6940 -0.5373
vn -0.4783 0.6954 -0.5363
vn -0.4784 0.6952 -0.5365
vn -0.4797 0.6958 -0.5346
vn 0.0876 0.9896 0.1140
vn 0.0891 0.9892 0.1165
vn 0.0892 0.9900 0.1091
vn 0.0908 0.9896 0.1116
vn -0.6695 0.6956 0.2605
vn -0.6681 0.6972 0.2599
vn -0.6683 0.6970 0.2598
vn -0.6672 0.6972 0.2622
vn -0.0017 0.9681 -0.2505
vn -0.0009 0.9685 -0.2491
vn -0.0008 0.9674 -0.2531
vn 0.0001 0.9678 -0.2518
vn -0.7257 0.6880 -0.0045
vn -0.7250 0.6887 -0.0044
vn -0.7251 0.6887 -0.0044
vn -0.7248 0.6890 -0.0031
vn 0.2574 0.9592 -0.1171
vn 0.2568 0.9595 -0.1161
vn 0.2593 0.9587 -0.1171
vn 0.2587 0.9589 -0.1162
vn -0.2520 0.6847 -0.6839
vn -0.2519 0.6852 -0.6834
vn -0.2520 0.6851 -0.6835
vn -0.2528 0.6855 -0.6828
vn 0.2905 0.9488 -0.1240
vn 0.2911 0.9486 -0.1244
vn 0.2896 0.9490 -0.1245
vn 0.2900 0.9489 -0.1247
vn 0.3723 0.6807 0.6309
vn 0.3721 0.6810 0.6307
vn 0.3725 0.6809 0.6305
vn -0.0113 0.9976 0.0683
vn -0.0140 0.9974 0.0708
vn -0.0049 0.9976 0.0693
vn -0.0075 0.9974 0.0718
vn -0.3181 0.6984 -0.6412
vn -0.3172 0.7002 -0.6396
vn -0.3171 0.7001 -0.6398
vn -0.3199 0.7005 -0.6380
vn 0.0138 0.9960 0.0883
vn 0.0132 0.9957 0.0917
vn 0.0197 0.9961 0.0857
vn 0.0187 0.9959 0.0890
vn -0.6356 0.6978 -0.3303
vn -0.6340 0.6996 -0.3296
vn -0.6340 0.6995 -0.3298
vn -0.6352 0.6998 -0.3268
vn -0.1269 0.9740 0.1880
vn -0.1269 0.9743 0.1859
vn -0.1296 0.9732 0.1900
vn -0.1296 0.9736 0.1881
vn 0.6144 0.6901 0.3825
vn 0.6136 0.6910 0.3820
vn 0.6137 0.6909 0.3821
vn 0.6141 0.6914 0.3805
vn -0.2488 0.9350 -0.2527
vn -0.2488 0.9350 -0.2528
vn -0.2487 0.9350 -0.2530
vn -0.2487 0.9349 -0.2530
vn -0.6147 0.6754 0.4074
vn 0.2692 0.9441 0.1902
vn 0.2688 0.9442 0.1902
vn 0.2695 0.9439 0.1909
vn 0.2692 0.9440 0.1909
vn 0.5099 0.6792 -0.5280
vn 0.5099 0.6791 -0.5280
vn -0.0497 0.9958 0.0768
vn -0.0525 0.9955 0.0789
vn -0.0438 0.9960 0.0784
vn -0.0465 0.9957 0.0805
vn -0.2684 0.6978 -0.6641
vn -0.2677 0.6995 -0.6626
vn -0.2676 0.6994 -0.6628
vn -0.2704 0.6997 -0.6613
vn 0.0042 0.9897 0.1432
vn 0.0040 0.9893 0.1461
vn 0.0084 0.9901 0.1402
vn 0.0083 0.9897 0.1431
vn -0.6948 0.6957 -0.1825
vn -0.6933 0.6972 -0.1822
vn -0.6934 0.6971 -0.1823
vn -0.6939 0.6973 -0.1796
vn -0.0728 0.9959 0.0532
vn -0.0730 0.9961 0.0497
vn -0.0774 0.9953 0.0576
vn -0.0778 0.9955 0.0539
vn 0.6803 0.6978 0.2242
vn 0.6787 0.6996 0.2237
vn 0.6788 0.6994 0.2239
vn 0.6793 0.6999 0.2208
vn 0.1227 0.9924 -0.0113
vn 0.1258 0.9920 -0.0110
vn 0.1196 0.9927 -0.0159
vn 0.1227 0.9923 -0.0157
vn -0.2047 0.6967 0.6876
vn -0.2043 0.6982 0.6861
vn -0.2044 0.6981 0.6862
vn -0.2016 0.6983 0.6868
vn 0.1330 0.9814 0.1385
vn 0.1306 0.9818 0.1381
vn 0.1350 0.9806 0.1423
vn 0.1326 0.9810 0.1418
vn 0.4560 0.6927 -0.5587
vn 0.4552 0.6939 -0.5579
vn 0.4553 0.6938 -0.5579
vn 0.4534 0.6943 -0.5589
vn 0.0282 0.9963 0.0809
vn 0.0279 0.9960 0.0844
vn 0.0335 0.9964 0.0774
vn 0.0331 0.9962 0.0809
vn -0.6748 0.6979 -0.2399
vn -0.6731 0.6997 -0.2394
vn -0.6732 0.6996 -0.2396
vn -0.6739 0.6999 -0.2365
vn 0.2075 0.9759 0.0674
vn 0.2093 0.9755 0.0679
vn 0.2062 0.9764 0.0644
vn 0.2080 0.9760 0.0648
vn -0.2636 0.6908 0.6732
vn -0.2633 0.6918 0.6723
vn -0.2634 0.6918 0.6724
vn -0.2617 0.6917 0.6730
vn -0.4581 0.8769 -0.1456
vn -0.4569 0.8741 -0.1651
vn -0.0415 0.6471 -0.7613
vn -0.0435 0.6478 -0.7605
vn -0.0460 0.6488 -0.7596
vn -0.0389 0.6461 -0.7622
vn 0.0318 0.9932 -0.1122
vn 0.0332 0.9928 -0.1151
vn 0.0260 0.9935 -0.1111
vn 0.0276 0.9931 -0.1139
vn 0.5511 0.6969 0.4589
vn 0.5498 0.6985 0.4579
vn 0.5499 0.6984 0.4581
vn 0.5515 0.6986 0.4558
vn 0.2903 0.9516 -0.1007
vn 0.2898 0.9518 -0.1002
vn 0.2916 0.9512 -0.1006
vn 0.2912 0.9514 -0.1000
vn -0.1579 0.6819 -0.7142
vn -0.1580 0.6822 -0.7139
vn -0.1580 0.6821 -0.7140
vn -0.1584 0.6824 -0.7136
vn -0.0644 0.9516 -0.3003
vn -0.0647 0.9515 -0.3009
vn -0.0652 0.9519 -0.2994
vn -0.0654 0.9517 -0.2999
vn 0.6928 0.6819 -0.2344
vn 0.6926 0.6821 -0.2344
vn 0.6927 0.6821 -0.2343
vn 0.6924 0.6821 -0.2350
vn 0.0590 0.9982 0.0059
vn 0.0590 0.9982 0.0097
vn 0.0643 0.9979 0.0018
vn 0.0643 0.9979 0.0056
vn -0.6700 0.6986 -0.2511
vn -0.6683 0.7005 -0.2504
vn -0.6684 0.7003 -0.2506
vn -0.6691 0.7008 -0.2473
vn -0.3110 0.9443 -0.1072
vn -0.3111 0.9443 -0.1074
vn -0.3116 0.9441 -0.1078
vn -0.3112 0.9442 -0.1079
vn -0.3414 0.6793 0.6497
vn -0.3414 0.6792 0.6497
vn -0.3413 0.6793 0.6497
vn 0.0708 0.9967 -0.0407
vn 0.0710 0.9968 -0.0371
vn 0.0757 0.9961 -0.0451
vn 0.0759 0.9963 -0.0413
vn -0.6781 0.6980 -0.2302
vn -0.6764 0.6998 -0.2297
vn -0.6765 0.6997 -0.2299
vn -0.6768 0.7004 -0.2267
vn 0.0424 0.9679 -0.2477
vn 0.0425 0.9676 -0.2490
vn 0.0403 0.9684 -0.2462
vn 0.0403 0.9680 -0.2477
vn 0.7169 0.6878 0.1137
vn 0.7161 0.6887 0.1135
vn 0.7162 0.6886 0.1136
vn 0.7164 0.6886 0.1122
vn 0.0761 0.9971 0.0082
vn 0.0791 0.9968 0.0104
vn 0.0759 0.9971 0.0018
vn 0.0788 0.9969 0.0039
vn -0.5656 0.6982 0.4389
vn -0.5642 0.7000 0.4378
vn -0.5644 0.6999 0.4378
vn -0.5621 0.7002 0.4401
vn 0.1731 0.9401 0.2936
vn 0.1728 0.9403 0.2933
vn 0.1732 0.9399 0.2943
vn 0.1728 0.9400 0.2941
vn 0.6878 0.6775 -0.2604
vn 0.6879 0.6775 -0.2604
vn 0.6879 0.6775 -0.2605
vn 0.6878 0.6776 -0.2604
vn 0.1621 0.9851 -0.0583
vn 0.1645 0.9846 -0.0591
vn 0.1582 0.9855 -0.0609
vn 0.1606 0.9851 -0.0616
vn 0.1173 0.6940 0.7103
vn 0.1171 0.6954 0.7090
vn 0.1170 0.6953 0.7091
vn 0.1194 0.6954 0.7086
vn -0.4292 0.8997 0.0794
vn -0.4293 0.8997 0.0793
vn -0.3582 0.6605 -0.6599
vn -0.3581 0.6605 -0.6599
vn -0.1351 0.9439 -0.3015
vn -0.1352 0.9437 -0.3019
vn -0.1354 0.9440 -0.3009
vn -0.1356 0.9439 -0.3011
vn 0.6164 0.6787 -0.3992
vn 0.6162 0.6790 -0.3991
vn 0.6163 0.6789 -0.3990
vn -0.0700 0.9967 -0.0422
vn -0.0719 0.9964 -0.0452
vn -0.0720 0.9967 -0.0362
vn -0.0740 0.9965 -0.0391
vn 0.6838 0.6980 -0.2125
vn 0.6821 0.6999 -0.2119
vn 0.6823 0.6997 -0.2118
vn 0.6810 0.7000 -0.2147
vn -0.0349 0.9983 -0.0461
vn -0.0325 0.9983 -0.0490
vn -0.0416 0.9981 -0.0464
vn -0.0392 0.9980 -0.0493
vn 0.3665 0.6986 0.6145
vn 0.3654 0.7005 0.6130
vn 0.3653 0.7003 0.6133
vn 0.3679 0.7007 0.6112
vn 0.0053 0.9981 0.0620
vn 0.0027 0.9979 0.0647
vn 0.0119 0.9980 0.0626
vn 0.0093 0.9978 0.0653
vn -0.3398 0.6985 -0.6298
vn -0.3388 0.7004 -0.6282
vn -0.3387 0.7002 -0.6284
vn -0.3415 0.7007 -0.6265
vn -0.2818 0.9371 -0.2061
vn -0.2817 0.9371 -0.2062
vn -0.2817 0.9370 -0.2064
vn -0.2817 0.9370 -0.2065
vn -0.5362 0.6763 0.5051
vn -0.5362 0.6762 0.5051
vn -0.4185 0.9004 -0.1188
vn -0.4185 0.9004 -0.1189
vn -0.0264 0.6608 -0.7501
vn -0.0265 0.6608 -0.7501
vn 0.1034 0.9880 -0.1151
vn 0.1053 0.9875 -0.1171
vn 0.0984 0.9884 -0.1158
vn 0.1004 0.9880 -0.1177
vn 0.4048 0.6951 0.5942
vn 0.4040 0.6965 0.5930
vn 0.4039 0.6964 0.5932
vn 0.4060 0.6966 0.5916
vn -0.0905 0.9840 0.1534
vn -0.0917 0.9836 0.1554
vn -0.0861 0.9845 0.1529
vn -0.0874 0.9841 0.1549
vn -0.5522 0.6937 -0.4623
vn -0.5513 0.6950 -0.4615
vn -0.5513 0.6949 -0.4617
vn -0.5527 0.6950 -0.4599
vn -0.1441 0.9522 0.2692
vn -0.1441 0.9525 0.2684
vn -0.1453 0.9518 0.2701
vn -0.1452 0.9520 0.2693
vn 0.6017 0.6821 0.4155
vn 0.6016 0.6824 0.4152
vn 0.6015 0.6825 0.4151
vn 0.1640 0.9845 -0.0619
vn 0.1626 0.9849 -0.0595
vn 0.1688 0.9837 -0.0624
vn 0.1673 0.9841 -0.0601
vn -0.3637 0.6938 -0.6216
vn -0.3630 0.6952 -0.6205
vn -0.3630 0.6950 -0.6206
vn -0.3647 0.6956 -0.6190
vn -0.1402 0.9884 0.0592
vn -0.1428 0.9879 0.0599
vn -0.1360 0.9888 0.0618
vn -0.1386 0.9884 0.0628
vn -0.1064 0.6952 -0.7109
vn -0.1062 0.6967 -0.7095
vn -0.1061 0.6966 -0.7096
vn -0.1087 0.6967 -0.7090
vn 0.0355 0.9983 -0.0468
vn 0.0388 0.9982 -0.0449
vn 0.0345 0.9980 -0.0534
vn 0.0378 0.9980 -0.0515
vn -0.5436 0.6986 0.4652
vn -0.5423 0.7005 0.4639
vn -0.5426 0.7003 0.4639
vn -0.5400 0.7008 0.4661
vn 0.0376 0.9647 0.2607
vn 0.0377 0.9644 0.2619
vn 0.0389 0.9651 0.2591
vn 0.0393 0.9648 0.2602
vn -0.7153 0.6867 0.1295
vn -0.7147 0.6874 0.1294
vn -0.7147 0.6873 0.1293
vn -0.7146 0.6873 0.1306
vn 0.0061 0.9982 -0.0601
vn 0.0098 0.9982 -0.0598
vn 0.0024 0.9978 -0.0656
vn 0.0062 0.9978 -0.0654
vn -0.2980 0.6985 0.6506
vn -0.2974 0.7004 0.6488
vn -0.2976 0.7003 0.6489
vn -0.2944 0.7007 0.6499
vn 0.4688 0.8806 0.0683
vn 0.3461 0.6495 -0.6771
vn 0.3477 0.6446 -0.6808
vn 0.3443 0.6548 -0.6728
vn 0.4596 0.8871 0.0419
vn 0.3427 0.6596 -0.6689
vn -0.0953 0.9908 0.0965
vn -0.0952 0.9911 0.0934
vn -0.0997 0.9900 0.0999
vn -0.0997 0.9903 0.0967
vn 0.6421 0.6960 0.3213
vn 0.6408 0.6976 0.3206
vn 0.6409 0.6974 0.3208
vn 0.6415 0.6980 0.3181
vn 0.1027 0.9938 -0.0416
vn 0.1017 0.9941 -0.0383
vn 0.1084 0.9931 -0.0437
vn 0.1073 0.9934 -0.0404
vn -0.5316 0.6970 -0.4812
vn -0.5304 0.6988 -0.4801
vn -0.5304 0.6986 -0.4803
vn -0.5319 0.6992 -0.4777
vn 0.0158 0.9888 0.1484
vn 0.0135 0.9891 0.1464
vn 0.0154 0.9880 0.1537
vn 0.0132 0.9883 0.1517
vn 0.6718 0.6953 -0.2554
vn 0.6703 0.6968 -0.2551
vn 0.6705 0.6966 -0.2551
vn 0.6690 0.6974 -0.2572
vn -0.1679 0.9746 -0.1481
vn -0.1658 0.9750 -0.1478
vn -0.1696 0.9738 -0.1512
vn -0.1677 0.9742 -0.1508
vn -0.4548 0.6903 0.5627
vn -0.4540 0.6913 0.5621
vn -0.4541 0.6912 0.5621
vn -0.4526 0.6916 0.5629
vn -0.0659 0.9936 -0.0915
vn -0.0674 0.9932 -0.0945
vn -0.0689 0.9939 -0.0864
vn -0.0700 0.9935 -0.0894
vn 0.7051 0.6971 -0.1300
vn 0.7036 0.6987 -0.1297
vn 0.7037 0.6986 -0.1295
vn 0.7029 0.6988 -0.1324
vn -0.1290 0.9913 -0.0251
vn -0.1263 0.9916 -0.0269
vn -0.1344 0.9906 -0.0268
vn -0.1317 0.9909 -0.0287
vn 0.1020 0.6962 0.7105
vn 0.1017 0.6978 0.7090
vn 0.1016 0.6976 0.7092
vn 0.1043 0.6981 0.7083
vn -0.3677 0.9167 0.1563
vn -0.3678 0.9167 0.1563
vn -0.4577 0.6677 -0.5871
vn -0.1531 0.9874 0.0398
vn -0.1513 0.9878 0.0374
vn -0.1583 0.9866 0.0401
vn -0.1565 0.9870 0.0377
vn 0.3316 0.6948 0.6382
vn 0.3310 0.6963 0.6369
vn 0.3310 0.6961 0.6371
vn 0.3329 0.6967 0.6354
vn 0.1247 0.9922 -0.0011
vn 0.1224 0.9925 0.0013
vn 0.1305 0.9915 -0.0006
vn 0.1282 0.9917 0.0018
vn -0.2645 0.6965 -0.6670
vn -0.2639 0.6981 -0.6656
vn -0.2639 0.6980 -0.6658
vn -0.2663 0.6984 -0.6643
vn 0.0326 0.9925 0.1176
vn 0.0295 0.9928 0.1160
vn 0.0337 0.9918 0.1234
vn 0.0307 0.9921 0.1218
vn 0.5698 0.6966 -0.4359
vn 0.5686 0.6983 -0.4349
vn 0.5688 0.6981 -0.4349
vn 0.5666 0.6987 -0.4368
vn 0.2030 0.9641 0.1710
vn 0.2041 0.9638 0.1716
vn 0.2029 0.9645 0.1688
vn 0.2039 0.9642 0.1695
vn -0.4459 0.6865 0.5744
vn -0.4454 0.6872 0.5739
vn -0.4455 0.6871 0.5739
vn -0.4446 0.6871 0.5747
vn -0.2390 0.9707 -0.0231
vn -0.2375 0.9711 -0.0239
vn -0.2418 0.9700 -0.0244
vn -0.2402 0.9704 -0.0252
vn -0.0639 0.6888 0.7221
vn -0.0637 0.6898 0.7212
vn -0.0637 0.6897 0.7213
vn -0.0622 0.6900 0.7211
vn -0.2382 0.9705 0.0387
vn -0.2397 0.9701 0.0389
vn -0.2360 0.9709 0.0403
vn -0.2375 0.9705 0.0408
vn -0.1103 0.6888 -0.7165
vn -0.1102 0.6897 -0.7157
vn -0.1101 0.6896 -0.7158
vn -0.1117 0.6896 -0.7155
vn -0.1972 0.9577 -0.2096
vn -0.1962 0.9580 -0.2094
vn -0.1978 0.9572 -0.2113
vn -0.1968 0.9575 -0.2111
vn -0.5707 0.6842 0.4540
vn -0.5703 0.6846 0.4539
vn -0.5704 0.6845 0.4540
vn -0.5697 0.6848 0.4544
vn -0.1760 0.9633 -0.2025
vn -0.1747 0.9636 -0.2022
vn -0.1767 0.9627 -0.2048
vn -0.1755 0.9630 -0.2043
vn -0.5710 0.6862 0.4506
vn -0.5705 0.6869 0.4503
vn -0.5706 0.6868 0.4503
vn -0.5698 0.6871 0.4509
vn 0.0657 0.9978 0.0045
vn 0.0648 0.9979 0.0082
vn 0.0718 0.9974 0.0019
vn 0.0709 0.9975 0.0055
vn -0.5858 0.6984 -0.4112
vn -0.5843 0.7003 -0.4100
vn -0.5844 0.7001 -0.4103
vn -0.5857 0.7008 -0.4072
vn -0.0812 0.9937 0.0776
vn -0.0814 0.9939 0.0742
vn -0.0857 0.9930 0.0816
vn -0.0859 0.9932 0.0782
vn 0.6693 0.6970 0.2573
vn 0.6678 0.6987 0.2568
vn 0.6679 0.6985 0.2569
vn 0.6684 0.6991 0.2540
vn -0.1047 0.9494 0.2961
vn -0.1048 0.9492 0.2967
vn -0.1037 0.9497 0.2955
vn -0.1039 0.9495 0.2962
vn -0.7157 0.6810 -0.1551
vn -0.7155 0.6812 -0.1551
vn -0.7156 0.6812 -0.1546
vn 0.0885 0.9924 0.0855
vn 0.0851 0.9927 0.0857
vn 0.0923 0.9917 0.0900
vn 0.0890 0.9920 0.0901
vn 0.2736 0.6966 -0.6633
vn 0.2729 0.6982 -0.6618
vn 0.2731 0.6980 -0.6620
vn 0.2703 0.6986 -0.6625
vn -0.2183 0.9587 -0.1825
vn -0.2173 0.9589 -0.1824
vn -0.2192 0.9581 -0.1843
vn -0.2182 0.9584 -0.1840
vn -0.5093 0.6845 0.5216
vn -0.5087 0.6850 0.5215
vn -0.5088 0.6849 0.5216
vn -0.5079 0.6853 0.5219
vn -0.1907 0.9814 -0.0206
vn -0.1929 0.9810 -0.0208
vn -0.1885 0.9819 -0.0172
vn -0.1907 0.9815 -0.0174
vn 0.1660 0.6928 -0.7018
vn 0.1658 0.6940 -0.7006
vn 0.1659 0.6939 -0.7007
vn 0.1638 0.6940 -0.7011
vn -0.3566 0.9166 -0.1806
vn -0.3566 0.9166 -0.1805
vn -0.4959 0.6677 0.5552
vn 0.0209 0.9730 -0.2298
vn 0.0218 0.9734 -0.2281
vn 0.0222 0.9723 -0.2328
vn 0.0231 0.9726 -0.2312
vn -0.7226 0.6898 -0.0453
vn -0.7218 0.6907 -0.0451
vn -0.7219 0.6906 -0.0451
vn -0.7216 0.6909 -0.0436
vn -0.1953 0.9429 -0.2699
vn -0.1954 0.9428 -0.2701
vn -0.1955 0.9430 -0.2692
vn -0.1957 0.9429 -0.2694
vn 0.5200 0.6786 -0.5188
vn 0.5200 0.6785 -0.5188
vn 0.5199 0.6786 -0.5188
vn 0.2186 0.9711 0.0963
vn 0.2168 0.9714 0.0966
vn 0.2209 0.9703 0.0985
vn 0.2191 0.9707 0.0987
vn 0.2851 0.6891 -0.6663
vn 0.2847 0.6899 -0.6656
vn 0.2847 0.6898 -0.6657
vn 0.2833 0.6902 -0.6659
vn 0.1442 0.9883 -0.0501
vn 0.1469 0.9879 -0.0507
vn 0.1402 0.9887 -0.0530
vn 0.1429 0.9883 -0.0538
vn 0.0615 0.6952 0.7162
vn 0.0613 0.6967 0.7148
vn 0.0612 0.6965 0.7149
vn 0.0638 0.6967 0.7145
vn 0.0808 0.9965 0.0202
vn 0.0834 0.9963 0.0226
vn 0.0808 0.9966 0.0139
vn 0.0836 0.9964 0.0162
vn -0.5832 0.6980 0.4155
vn -0.5818 0.6998 0.4144
vn -0.5820 0.6997 0.4144
vn -0.5799 0.7000 0.4168
vn -0.1129 0.9871 0.1134
vn -0.1127 0.9875 0.1105
vn -0.1171 0.9863 0.1162
vn -0.1169 0.9867 0.1133
vn 0.6074 0.6947 0.3852
vn 0.6063 0.6962 0.3844
vn 0.6064 0.6960 0.3846
vn 0.6073 0.6965 0.3823
vn 0.0941 0.9573 0.2732
vn 0.0945 0.9571 0.2740
vn 0.0948 0.9577 0.2717
vn 0.0952 0.9574 0.2726
vn -0.6677 0.6838 0.2942
vn -0.6672 0.6844 0.2940
vn -0.6672 0.6844 0.2939
vn -0.6669 0.6844 0.2947
vn 0.1250 0.9341 0.3343
vn 0.1249 0.9341 0.3344
vn 0.1248 0.9341 0.3345
vn 0.1248 0.9341 0.3346
vn 0.7281 0.6751 -0.1189
vn 0.7281 0.6750 -0.1189
vn 0.2837 0.9589 -0.0101
vn 0.2846 0.9586 -0.0103
vn 0.2824 0.9592 -0.0114
vn 0.2834 0.9589 -0.0115
vn 0.0799 0.6845 0.7246
vn 0.0799 0.6850 0.7241
vn 0.0798 0.6850 0.7242
vn 0.0805 0.6850 0.7241
vn -0.3968 0.9146 -0.0784
vn -0.0540 0.6668 -0.7433
vn -0.0733 0.9766 -0.2023
vn -0.0741 0.9761 -0.2041
vn -0.0751 0.9771 -0.1992
vn -0.0758 0.9767 -0.2010
vn 0.6943 0.6911 -0.2010
vn 0.6933 0.6921 -0.2008
vn 0.6934 0.6920 -0.2007
vn 0.6929 0.6921 -0.2024
vn 0.0095 0.9978 0.0654
vn 0.0057 0.9979 0.0653
vn 0.0133 0.9974 0.0709
vn 0.0096 0.9975 0.0706
vn 0.2817 0.6984 -0.6579
vn 0.2810 0.7003 -0.6562
vn 0.2812 0.7001 -0.6563
vn 0.2780 0.7007 -0.6570
vn -0.2170 0.9755 0.0370
vn -0.2155 0.9759 0.0355
vn -0.2205 0.9747 0.0364
vn -0.2190 0.9751 0.0351
vn 0.1584 0.6906 0.7056
vn 0.1581 0.6916 0.7047
vn 0.1581 0.6915 0.7049
vn 0.1596 0.6919 0.7041
vn 0.1137 0.9908 0.0741
vn 0.1105 0.9911 0.0747
vn 0.1180 0.9900 0.0778
vn 0.1147 0.9903 0.0784
vn 0.1870 0.6961 -0.6932
vn 0.1865 0.6976 -0.6918
vn 0.1867 0.6974 -0.6919
vn 0.1839 0.6980 -0.6920
vn 0.0374 0.9973 -0.0628
vn 0.0398 0.9974 -0.0599
vn 0.0388 0.9969 -0.0692
vn 0.0412 0.9969 -0.0664
vn -0.6791 0.6983 0.2264
vn -0.6774 0.7001 0.2258
vn -0.6776 0.6999 0.2257
vn -0.6761 0.7004 0.2286
vn -0.0508 0.9983 -0.0272
vn -0.0505 0.9982 -0.0310
vn -0.0565 0.9981 -0.0236
vn -0.0561 0.9980 -0.0274
vn 0.6535 0.6986 0.2914
vn 0.6517 0.7005 0.2908
vn 0.6518 0.7003 0.2910
vn 0.6528 0.7008 0.2878
vn 0.3105 0.9399 -0.1424
vn 0.3102 0.9400 -0.1421
vn 0.3108 0.9398 -0.1421
vn 0.3109 0.9398 -0.1421
vn -0.1878 0.6774 -0.7112
vn -0.1878 0.6774 -0.7113
vn -0.1878 0.6775 -0.7112
vn -0.1207 0.9927 0.0023
vn -0.1185 0.9930 -0.0002
vn -0.1266 0.9919 0.0019
vn -0.1243 0.9922 -0.0005
vn 0.2855 0.6967 0.6582
vn 0.2848 0.6983 0.6567
vn 0.2848 0.6981 0.6569
vn 0.2872 0.6987 0.6553
vn 0.0341 0.9968 -0.0728
vn 0.0365 0.9969 -0.0701
vn 0.0355 0.9962 -0.0792
vn 0.0379 0.9964 -0.0763
vn -0.6837 0.6981 0.2126
vn -0.6821 0.6999 0.2120
vn -0.6823 0.6997 0.2119
vn -0.6808 0.7003 0.2147
vn -0.0695 0.9850 -0.1579
vn -0.0670 0.9854 -0.1567
vn -0.0703 0.9842 -0.1626
vn -0.0679 0.9846 -0.1613
vn -0.5975 0.6940 0.4016
vn -0.5965 0.6953 0.4009
vn -0.5966 0.6952 0.4009
vn -0.5951 0.6956 0.4026
vn -0.2771 0.9589 0.0612
vn -0.2780 0.9586 0.0615
vn -0.2757 0.9592 0.0622
vn -0.2765 0.9590 0.0624
vn -0.2092 0.6845 -0.6984
vn -0.2091 0.6851 -0.6978
vn -0.2090 0.6850 -0.6979
vn -0.2099 0.6850 -0.6976
vn -0.1991 0.9671 0.1584
vn -0.1986 0.9674 0.1569
vn -0.2017 0.9664 0.1593
vn -0.2012 0.9668 0.1578
vn 0.4402 0.6876 0.5775
vn 0.4399 0.6883 0.5768
vn 0.4399 0.6883 0.5769
vn 0.4407 0.6886 0.5759
vn 0.1709 0.9751 -0.1415
vn 0.1702 0.9755 -0.1395
vn 0.1742 0.9743 -0.1429
vn 0.1736 0.9747 -0.1409
vn -0.4872 0.6905 -0.5346
vn -0.4868 0.6915 -0.5337
vn -0.4869 0.6914 -0.5338
vn -0.4878 0.6919 -0.5323
vn -0.2540 0.9616 -0.1036
vn -0.2528 0.9619 -0.1038
vn -0.2556 0.9611 -0.1052
vn -0.2543 0.9614 -0.1053
vn -0.3137 0.6856 0.6570
vn -0.3135 0.6862 0.6564
vn -0.3136 0.6861 0.6564
vn -0.3126 0.6863 0.6567
vn -0.2378 0.9713 0.0090
vn -0.2394 0.9709 0.0092
vn -0.2358 0.9717 0.0110
vn -0.2374 0.9713 0.0112
vn -0.0163 0.6892 -0.7244
vn -0.0163 0.6900 -0.7236
vn -0.0162 0.6899 -0.7237
vn -0.0179 0.6899 -0.7237
vt 0.065685 0.001953
vt 0.004851 0.030568
vt 0.001953 0.001953
vt 0.001953 0.022598
vt 0.043090 0.030568
vt 0.154531 0.001953
vt 0.096166 0.030605
vt 0.154910 0.022682
vt 0.040192 0.036520
vt 0.004851 0.065135
vt 0.001953 0.036520
vt 0.001953 0.057165
vt 0.103924 0.036520
vt 0.043090 0.065135
vt 0.096165 0.065172
vt 0.154910 0.036520
vt 0.154910 0.057249
vt 0.040192 0.071087
vt 0.004851 0.099702
vt 0.001953 0.071087
vt 0.001953 0.091732
vt 0.103924 0.071087
vt 0.043090 0.099702
vt 0.096165 0.099739
vt 0.154910 0.071087
vt 0.154910 0.091816
vt 0.110296 0.105655
vt 0.078431 0.141732
vt 0.040192 0.105655
vt 0.040192 0.141747
vt 0.001953 0.105656
vt 0.001953 0.141747
vt 0.116670 0.141747
vt 0.154910 0.105656
vt 0.154910 0.141747
vt 0.037118 0.442521
vt 0.002408 0.466237
vt 0.001953 0.442544
vt 0.057847 0.442544
vt 0.076060 0.466237
vt 0.076478 0.442544
vt 0.072821 0.493837
vt 0.232834 0.143353
vt 0.162933 0.167046
vt 0.171621 0.143353
vt 0.159816 0.339984
vt 0.177447 0.383204
vt 0.158816 0.363677
vt 0.207822 0.339877
vt 0.158816 0.391276
vt 0.206177 0.394162
vt 0.233341 0.340131
vt 0.233341 0.391309
vt 0.191354 0.435085
vt 0.158816 0.420488
vt 0.233341 0.446475
vt 0.192991 0.474075
vt 0.260171 0.001953
vt 0.311772 0.003646
vt 0.268565 0.003646
vt 0.239357 0.033192
vt 0.268529 0.058083
vt 0.237247 0.057303
vt 0.307499 0.033192
vt 0.311772 0.057277
vt 0.163013 0.170952
vt 0.199967 0.217117
vt 0.158816 0.219563
vt 0.233341 0.194645
vt 0.233341 0.222245
vt 0.159157 0.249844
vt 0.218793 0.249844
vt 0.283833 0.063942
vt 0.291495 0.067115
vt 0.237247 0.067115
vt 0.293141 0.063942
vt 0.311772 0.063942
vt 0.306310 0.091826
vt 0.311772 0.115520
vt 0.278052 0.121104
vt 0.274510 0.150684
vt 0.242581 0.156907
vt 0.245751 0.150684
vt 0.310846 0.150684
vt 0.233341 0.253750
vt 0.226354 0.256886
vt 0.204713 0.253750
vt 0.239470 0.305327
vt 0.181146 0.334126
vt 0.158816 0.333375
vt 0.233341 0.333180
vt 0.269048 0.181435
vt 0.264002 0.213720
vt 0.237247 0.181435
vt 0.237247 0.205128
vt 0.311459 0.181435
vt 0.310263 0.213486
vt 0.237247 0.213627
vt 0.240000 0.380506
vt 0.265161 0.432994
vt 0.237247 0.432219
vt 0.311772 0.432220
vt 0.295319 0.266634
vt 0.246096 0.269772
vt 0.238882 0.266634
vt 0.299143 0.294540
vt 0.259580 0.347032
vt 0.237247 0.294554
vt 0.237247 0.346253
vt 0.311772 0.346268
vt 0.301939 0.438855
vt 0.244992 0.462548
vt 0.237920 0.438855
vt 0.319403 0.001953
vt 0.346680 0.032691
vt 0.316063 0.025646
vt 0.390204 0.025646
vt 0.330296 0.060595
vt 0.346626 0.085486
vt 0.315679 0.084659
vt 0.352941 0.060595
vt 0.389378 0.060595
vt 0.390204 0.084650
vt 0.352941 0.091345
vt 0.355682 0.097320
vt 0.317383 0.091345
vt 0.389299 0.091345
vt 0.381495 0.119206
vt 0.343004 0.150909
vt 0.315679 0.142900
vt 0.388182 0.150795
vt 0.390204 0.142900
vt 0.315679 0.150782
vt 0.366354 0.261694
vt 0.337994 0.286586
vt 0.315679 0.285797
vt 0.390204 0.285873
vt 0.390014 0.175321
vt 0.343654 0.178462
vt 0.335479 0.175321
vt 0.319127 0.203238
vt 0.338000 0.228130
vt 0.315679 0.227349
vt 0.390204 0.227357
vt 0.389688 0.292444
vt 0.335935 0.298730
vt 0.334562 0.292444
vt 0.315679 0.320070
vt 0.364575 0.320094
vt 0.315679 0.343763
vt 0.338015 0.372561
vt 0.315679 0.371786
vt 0.390204 0.368317
vt 0.206802 0.001942
vt 0.233043 0.025646
vt 0.190268 0.060161
vt 0.158816 0.001954
vt 0.158816 0.060241
vt 0.233341 0.062524
vt 0.228950 0.085003
vt 0.235204 0.108696
vt 0.158508 0.108696
vt 0.343767 0.378420
vt 0.381761 0.384692
vt 0.315679 0.378420
vt 0.389894 0.378420
vt 0.232520 0.112602
vt 0.166408 0.118800
vt 0.190661 0.112602
vt 0.388466 0.409170
vt 0.342875 0.415280
vt 0.341962 0.409170
vt 0.345744 0.436820
vt 0.344325 0.467518
vt 0.315679 0.467519
vt 0.389952 0.460513
vt 0.390204 0.467553
vt 0.441601 0.018744
vt 0.427344 0.024951
vt 0.398258 0.018744
vt 0.468635 0.018744
vt 0.040192 0.286050
vt 0.042484 0.293426
vt 0.001953 0.286050
vt 0.001953 0.293426
vt 0.078431 0.286050
vt 0.116670 0.286050
vt 0.116670 0.293426
vt 0.154910 0.286050
vt 0.154910 0.293426
vt 0.004011 0.380195
vt 0.077142 0.390619
vt 0.001953 0.387365
vt 0.105160 0.380195
vt 0.154910 0.380195
vt 0.154910 0.386872
vt 0.552943 0.127901
vt 0.579640 0.174342
vt 0.550973 0.178802
vt 0.586282 0.151239
vt 0.561956 0.259241
vt 0.550973 0.222929
vt 0.586282 0.251373
vt 0.582619 0.294321
vt 0.552681 0.287456
vt 0.586282 0.287456
vt 0.559989 0.321306
vt 0.567236 0.344981
vt 0.550973 0.344856
vt 0.585875 0.321306
vt 0.103500 0.396510
vt 0.091367 0.403133
vt 0.003078 0.396510
vt 0.002385 0.403133
vt 0.154910 0.396510
vt 0.154910 0.403133
vt 0.424308 0.049494
vt 0.417547 0.053136
vt 0.394110 0.050302
vt 0.468646 0.049842
vt 0.561599 0.435527
vt 0.582539 0.460600
vt 0.550973 0.460096
vt 0.582560 0.445401
vt 0.585142 0.435527
vt 0.611023 0.127901
vt 0.591719 0.138238
vt 0.593625 0.127901
vt 0.625498 0.127901
vt 0.625498 0.164629
vt 0.601388 0.165061
vt 0.623902 0.170884
vt 0.609123 0.194275
vt 0.590188 0.194770
vt 0.427438 0.059046
vt 0.415960 0.110196
vt 0.394110 0.059006
vt 0.394110 0.082659
vt 0.468335 0.059006
vt 0.450004 0.110202
vt 0.468635 0.110159
vt 0.394110 0.110218
vt 0.412741 0.276196
vt 0.423522 0.279718
vt 0.394110 0.277373
vt 0.431373 0.276196
vt 0.450004 0.276196
vt 0.468635 0.276591
vt 0.597668 0.200140
vt 0.623183 0.225093
vt 0.609839 0.249763
vt 0.625498 0.250237
vt 0.840281 0.349223
vt 0.832657 0.358431
vt 0.827345 0.349223
vt 0.427978 0.114144
vt 0.395636 0.164246
vt 0.394110 0.114124
vt 0.394110 0.137226
vt 0.468457 0.114127
vt 0.444485 0.164291
vt 0.468635 0.164233
vt 0.422955 0.285581
vt 0.416618 0.292301
vt 0.394110 0.285581
vt 0.394110 0.290679
vt 0.467769 0.285697
vt 0.839202 0.400209
vt 0.840151 0.425056
vt 0.831875 0.379248
vt 0.394592 0.298164
vt 0.432442 0.322746
vt 0.394110 0.321875
vt 0.431373 0.298164
vt 0.450004 0.298164
vt 0.468635 0.298164
vt 0.468635 0.321812
vt 0.853625 0.397582
vt 0.859874 0.418391
vt 0.845090 0.397582
vt 0.860626 0.397582
vt 0.611076 0.311264
vt 0.616150 0.333860
vt 0.592178 0.311264
vt 0.625498 0.311264
vt 0.968611 0.400211
vt 0.967936 0.420771
vt 0.964496 0.400211
vt 0.624333 0.391514
vt 0.607249 0.413794
vt 0.595002 0.391514
vt 0.625498 0.414001
vt 0.595631 0.359832
vt 0.625498 0.385934
vt 0.601373 0.385677
vt 0.618277 0.419633
vt 0.625498 0.442054
vt 0.620541 0.468321
vt 0.590188 0.419597
vt 0.967755 0.474089
vt 0.963330 0.483083
vt 0.962917 0.474089
vt 0.641997 0.001953
vt 0.641784 0.024187
vt 0.629404 0.024084
vt 0.467695 0.168140
vt 0.464931 0.174108
vt 0.395353 0.168140
vt 0.874472 0.078140
vt 0.879364 0.100128
vt 0.864377 0.078189
vt 0.880400 0.078199
vt 0.432536 0.221092
vt 0.434019 0.270337
vt 0.394110 0.221127
vt 0.394110 0.269417
vt 0.468635 0.221196
vt 0.468635 0.269534
vt 0.872549 0.145007
vt 0.879244 0.164964
vt 0.865864 0.145007
vt 0.879339 0.145007
vt 0.631836 0.030041
vt 0.647565 0.052028
vt 0.629404 0.051932
vt 0.647059 0.030041
vt 0.664330 0.030041
vt 0.664393 0.057881
vt 0.631326 0.063474
vt 0.629602 0.057881
vt 0.662077 0.083321
vt 0.664714 0.105078
vt 0.640590 0.105174
vt 0.056708 0.315906
vt 0.002347 0.322900
vt 0.001953 0.315906
vt 0.091009 0.322900
vt 0.154016 0.315906
vt 0.154910 0.322900
vt 0.002701 0.344951
vt 0.047014 0.374309
vt 0.001953 0.371150
vt 0.148940 0.344951
vt 0.154910 0.370992
vt 0.447805 0.328608
vt 0.433433 0.332437
vt 0.412741 0.329140
vt 0.468635 0.328260
vt 0.651348 0.199368
vt 0.638786 0.200570
vt 0.639766 0.199368
vt 0.659546 0.213586
vt 0.657575 0.252330
vt 0.629759 0.235326
vt 0.639440 0.272322
vt 0.658738 0.272005
vt 0.630111 0.272322
vt 0.664714 0.312969
vt 0.641393 0.326927
vt 0.631070 0.302669
vt 0.657496 0.332756
vt 0.648361 0.385450
vt 0.629404 0.384945
vt 0.664714 0.384945
vt 0.394110 0.338307
vt 0.412741 0.338337
vt 0.394110 0.396013
vt 0.446404 0.338339
vt 0.436965 0.391672
vt 0.468635 0.338307
vt 0.468635 0.362840
vt 0.413643 0.402773
vt 0.468635 0.393708
vt 0.692977 0.001953
vt 0.681923 0.024212
vt 0.664766 0.001953
vt 0.703679 0.055921
vt 0.698954 0.061830
vt 0.670300 0.055921
vt 0.422925 0.408641
vt 0.400563 0.430731
vt 0.394110 0.408641
vt 0.468383 0.408641
vt 0.875791 0.436513
vt 0.866894 0.445345
vt 0.865332 0.436513
vt 0.880400 0.436513
vt 0.394110 0.434637
vt 0.422853 0.434643
vt 0.394110 0.456207
vt 0.419307 0.483306
vt 0.394110 0.482534
vt 0.467455 0.434640
vt 0.468635 0.456207
vt 0.468635 0.482011
vt 0.896236 0.065965
vt 0.888620 0.085497
vt 0.884423 0.065965
vt 0.900008 0.065965
vt 0.680828 0.112188
vt 0.677753 0.133437
vt 0.668620 0.112188
vt 0.703759 0.112188
vt 0.700669 0.137344
vt 0.686117 0.183086
vt 0.668620 0.181836
vt 0.703929 0.180968
vt 0.703804 0.188933
vt 0.670286 0.209994
vt 0.677106 0.188933
vt 0.988199 0.028069
vt 0.987881 0.036730
vt 0.984414 0.028069
vt 0.670787 0.238894
vt 0.679803 0.284233
vt 0.668620 0.259427
vt 0.703929 0.259427
vt 0.703929 0.284136
vt 0.473242 0.001979
vt 0.518121 0.001988
vt 0.508207 0.055806
vt 0.472541 0.054666
vt 0.547066 0.002042
vt 0.547066 0.054298
vt 0.892569 0.185176
vt 0.885508 0.206911
vt 0.884306 0.185176
vt 0.899922 0.185176
vt 0.919320 0.002625
vt 0.909971 0.048582
vt 0.906931 0.002013
vt 0.686080 0.290088
vt 0.688453 0.313437
vt 0.668620 0.290088
vt 0.668620 0.313437
vt 0.703671 0.290088
vt 0.919557 0.054336
vt 0.911888 0.075505
vt 0.907892 0.054336
vt 0.686274 0.372797
vt 0.683025 0.395903
vt 0.671059 0.372797
vt 0.702980 0.372797
vt 0.690253 0.399814
vt 0.703929 0.448972
vt 0.673276 0.422374
vt 0.679810 0.448719
vt 0.703677 0.317343
vt 0.702062 0.323382
vt 0.677434 0.317343
vt 0.670481 0.344082
vt 0.703929 0.367046
vt 0.687383 0.366951
vt 0.987597 0.132836
vt 0.982497 0.153503
vt 0.982294 0.132836
vt 0.917403 0.155433
vt 0.912689 0.177153
vt 0.904060 0.155433
vt 0.703799 0.454556
vt 0.701494 0.477963
vt 0.668752 0.454556
vt 0.919432 0.236747
vt 0.906124 0.257970
vt 0.905342 0.236747
vt 0.733053 0.137070
vt 0.732234 0.160140
vt 0.708451 0.137070
vt 0.987464 0.307356
vt 0.987626 0.316668
vt 0.982506 0.307356
vt 0.741317 0.164046
vt 0.720238 0.212876
vt 0.707835 0.212703
vt 0.743145 0.186576
vt 0.714497 0.029307
vt 0.738400 0.078895
vt 0.707835 0.052128
vt 0.743145 0.029365
vt 0.988188 0.374602
vt 0.984448 0.383812
vt 0.983831 0.374602
vt 0.712741 0.082803
vt 0.743145 0.129660
vt 0.719020 0.131232
vt 0.040192 0.145654
vt 0.040192 0.147672
vt 0.001953 0.145654
vt 0.001953 0.147672
vt 0.078431 0.145720
vt 0.154443 0.145654
vt 0.116670 0.147672
vt 0.154910 0.147672
vt 0.002706 0.175305
vt 0.053330 0.200798
vt 0.001953 0.200798
vt 0.103907 0.175305
vt 0.154079 0.200798
vt 0.154910 0.175305
vt 0.040192 0.430915
vt 0.019426 0.436671
vt 0.001953 0.430915
vt 0.001953 0.434170
vt 0.078431 0.431333
vt 0.153953 0.430915
vt 0.104726 0.436679
vt 0.154910 0.433453
vt 0.711643 0.218717
vt 0.738229 0.258031
vt 0.707835 0.242798
vt 0.743145 0.229371
vt 0.725490 0.322025
vt 0.735450 0.332524
vt 0.710594 0.322025
vt 0.708199 0.332524
vt 0.742347 0.322025
vt 0.706355 0.381955
vt 0.719957 0.396131
vt 0.707835 0.396080
vt 0.725490 0.381955
vt 0.737493 0.394510
vt 0.742412 0.381955
vt 0.709724 0.410976
vt 0.743145 0.421635
vt 0.719057 0.421810
vt 0.732152 0.427741
vt 0.725298 0.452910
vt 0.709819 0.427662
vt 0.743145 0.427664
vt 0.743145 0.450315
vt 0.707835 0.451312
vt 0.724816 0.350864
vt 0.719421 0.376104
vt 0.707835 0.373421
vt 0.743145 0.373184
vt 0.720294 0.276354
vt 0.734180 0.301261
vt 0.707835 0.301028
vt 0.743145 0.286855
vt 0.725620 0.458758
vt 0.721851 0.460097
vt 0.710412 0.458758
vt 0.001953 0.204705
vt 0.040192 0.204720
vt 0.001953 0.229610
vt 0.154414 0.204705
vt 0.101378 0.258500
vt 0.078431 0.204703
vt 0.154910 0.258471
vt 0.002874 0.258421
vt 0.491173 0.061672
vt 0.493281 0.071125
vt 0.472541 0.061672
vt 0.472541 0.068073
vt 0.509804 0.061672
vt 0.546180 0.061672
vt 0.547066 0.069313
vt 0.775951 0.136582
vt 0.776649 0.159182
vt 0.753900 0.136582
vt 0.782361 0.136582
vt 0.776034 0.189692
vt 0.782361 0.212445
vt 0.758249 0.212446
vt 0.782031 0.218388
vt 0.755861 0.240895
vt 0.757926 0.218295
vt 0.759334 0.267558
vt 0.747051 0.267596
vt 0.753074 0.054950
vt 0.782361 0.077566
vt 0.781157 0.102944
vt 0.747051 0.077566
vt 0.747051 0.131223
vt 0.759488 0.130734
vt 0.748829 0.273404
vt 0.773076 0.321934
vt 0.747051 0.325397
vt 0.764706 0.273404
vt 0.780257 0.273404
vt 0.782361 0.296004
vt 0.778177 0.375576
vt 0.782361 0.402220
vt 0.758242 0.402185
vt 0.473629 0.077004
vt 0.535933 0.099059
vt 0.472541 0.099059
vt 0.509804 0.077004
vt 0.528435 0.077004
vt 0.547066 0.077004
vt 0.764706 0.408033
vt 0.750933 0.416848
vt 0.749083 0.408033
vt 0.782144 0.408033
vt 0.747851 0.433480
vt 0.782361 0.454558
vt 0.759290 0.467367
vt 0.747020 0.468573
vt 0.773816 0.473189
vt 0.774221 0.482004
vt 0.748415 0.473189
vt 0.790939 0.041669
vt 0.803641 0.041932
vt 0.786267 0.050232
vt 0.803480 0.075564
vt 0.820685 0.041453
vt 0.547066 0.102965
vt 0.547066 0.124501
vt 0.510137 0.102968
vt 0.472749 0.149944
vt 0.472541 0.103023
vt 0.513037 0.149917
vt 0.547066 0.149944
vt 0.469043 0.304153
vt 0.509082 0.306488
vt 0.472541 0.305811
vt 0.509804 0.304209
vt 0.546487 0.304153
vt 0.547066 0.305197
vt 0.924559 0.001966
vt 0.937261 0.022977
vt 0.923624 0.022785
vt 0.927370 0.053498
vt 0.930048 0.074069
vt 0.923522 0.071542
vt 0.935774 0.054602
vt 0.547066 0.153850
vt 0.547066 0.174877
vt 0.510774 0.153879
vt 0.472868 0.199810
vt 0.472541 0.153973
vt 0.513638 0.199810
vt 0.547066 0.199810
vt 0.935213 0.093754
vt 0.936675 0.102065
vt 0.923647 0.093754
vt 0.939223 0.093754
vt 0.939057 0.144147
vt 0.937370 0.152456
vt 0.927478 0.144147
vt 0.933350 0.176301
vt 0.923522 0.176842
vt 0.939121 0.182080
vt 0.935554 0.181254
vt 0.926031 0.182080
vt 0.506624 0.203717
vt 0.508751 0.248698
vt 0.472541 0.203717
vt 0.472541 0.224245
vt 0.546817 0.203717
vt 0.547066 0.248600
vt 0.472541 0.248680
vt 0.931373 0.195793
vt 0.931599 0.203860
vt 0.924184 0.195793
vt 0.939129 0.195793
vt 0.510987 0.252579
vt 0.494868 0.298289
vt 0.472541 0.252638
vt 0.472541 0.297098
vt 0.547066 0.252596
vt 0.547066 0.297115
vt 0.040192 0.262327
vt 0.040192 0.264096
vt 0.001953 0.263486
vt 0.095057 0.262327
vt 0.092247 0.264096
vt 0.154910 0.262764
vt 0.543206 0.312349
vt 0.497487 0.336678
vt 0.472541 0.336678
vt 0.546623 0.336678
vt 0.808781 0.081382
vt 0.788126 0.103452
vt 0.786615 0.081382
vt 0.821576 0.081382
vt 0.821420 0.213749
vt 0.787773 0.235819
vt 0.799083 0.213749
vt 0.803827 0.319703
vt 0.798610 0.367316
vt 0.788953 0.319963
vt 0.820056 0.319218
vt 0.938476 0.273534
vt 0.930703 0.295214
vt 0.925510 0.273534
vt 0.806359 0.373109
vt 0.795347 0.378530
vt 0.798620 0.373109
vt 0.938998 0.356019
vt 0.931506 0.377698
vt 0.925720 0.356019
vt 0.505994 0.453772
vt 0.542237 0.477183
vt 0.472541 0.453772
vt 0.546825 0.453772
vt 0.931373 0.466000
vt 0.929946 0.475479
vt 0.926091 0.466000
vt 0.939003 0.466000
vt 0.953715 0.070215
vt 0.948903 0.093152
vt 0.943130 0.079819
vt 0.957795 0.015342
vt 0.958782 0.024821
vt 0.945013 0.028573
vt 0.604714 0.001948
vt 0.563307 0.051578
vt 0.550973 0.001953
vt 0.550973 0.024818
vt 0.625498 0.051565
vt 0.958740 0.252674
vt 0.947597 0.261886
vt 0.950686 0.252674
vt 0.550973 0.055495
vt 0.603583 0.055515
vt 0.550973 0.077824
vt 0.575665 0.105329
vt 0.550973 0.104558
vt 0.625498 0.104365
vt 0.958757 0.347587
vt 0.957193 0.356536
vt 0.950289 0.347587
vt 0.827094 0.001953
vt 0.837062 0.024707
vt 0.825483 0.024123
vt 0.860792 0.024135
vt 0.501581 0.340584
vt 0.476986 0.347095
vt 0.472541 0.340584
vt 0.546857 0.340584
vt 0.958760 0.427641
vt 0.945477 0.437414
vt 0.950780 0.427641
vt 0.957851 0.450852
vt 0.951006 0.477973
vt 0.945184 0.439091
vt 0.483842 0.395959
vt 0.511146 0.447910
vt 0.472541 0.419170
vt 0.472541 0.447165
vt 0.546780 0.395976
vt 0.547066 0.446512
vt 0.978383 0.016612
vt 0.963725 0.037653
vt 0.966707 0.016612
vt 0.860633 0.030563
vt 0.829935 0.052557
vt 0.835900 0.030563
vt 0.988219 0.428222
vt 0.983110 0.437006
vt 0.983416 0.428222
vt 0.854056 0.056495
vt 0.836666 0.103659
vt 0.825483 0.077939
vt 0.860792 0.103555
vt 0.833165 0.109514
vt 0.828861 0.158756
vt 0.825483 0.132182
vt 0.860868 0.109524
vt 0.998010 0.015376
vt 0.993225 0.024492
vt 0.995018 0.015376
vt 0.834805 0.162674
vt 0.860792 0.207752
vt 0.836432 0.211183
vt 0.237247 0.007553
vt 0.266666 0.007591
vt 0.237247 0.012911
vt 0.267448 0.027330
vt 0.311057 0.007575
vt 0.237247 0.026506
vt 0.311772 0.026774
vt 0.266257 0.071039
vt 0.302084 0.087920
vt 0.237247 0.071221
vt 0.311498 0.071036
vt 0.311772 0.125039
vt 0.311772 0.132364
vt 0.283689 0.125221
vt 0.238692 0.125026
vt 0.259594 0.144825
vt 0.237247 0.128812
vt 0.237247 0.143980
vt 0.311772 0.144389
vt 0.240986 0.160813
vt 0.259580 0.175576
vt 0.237247 0.174798
vt 0.311772 0.174813
vt 0.224333 0.260798
vt 0.163271 0.277728
vt 0.159658 0.260861
vt 0.233341 0.264038
vt 0.266742 0.217544
vt 0.302817 0.234185
vt 0.237247 0.217549
vt 0.310881 0.217535
vt 0.311772 0.219055
vt 0.266226 0.246113
vt 0.237532 0.262727
vt 0.237247 0.246193
vt 0.288044 0.262727
vt 0.311772 0.246156
vt 0.275185 0.273710
vt 0.241218 0.290634
vt 0.237247 0.273803
vt 0.311772 0.273811
vt 0.316015 0.036610
vt 0.338009 0.054737
vt 0.315679 0.053930
vt 0.363321 0.036609
vt 0.390204 0.036786
vt 0.390204 0.054102
vt 0.344660 0.154699
vt 0.322676 0.171415
vt 0.315679 0.154848
vt 0.389843 0.154699
vt 0.389788 0.171415
vt 0.353822 0.182398
vt 0.386850 0.199332
vt 0.315679 0.182555
vt 0.390204 0.182455
vt 0.187842 0.064245
vt 0.225160 0.081097
vt 0.158816 0.064395
vt 0.233069 0.064230
vt 0.386465 0.388598
vt 0.338010 0.403312
vt 0.315679 0.402532
vt 0.390204 0.402548
vt 0.162555 0.122707
vt 0.181148 0.137494
vt 0.158816 0.136715
vt 0.233341 0.136731
vt 0.446581 0.001953
vt 0.416437 0.012885
vt 0.394110 0.012054
vt 0.468635 0.012403
vt 0.464896 0.028857
vt 0.416442 0.043636
vt 0.394110 0.042857
vt 0.468635 0.042872
vt 0.053004 0.297332
vt 0.042235 0.311999
vt 0.001953 0.297332
vt 0.001953 0.311999
vt 0.154552 0.297332
vt 0.153742 0.311999
vt 0.846898 0.217036
vt 0.837474 0.231336
vt 0.825483 0.217036
vt 0.860792 0.217036
vt 0.860792 0.231313
vt 0.551752 0.298283
vt 0.563372 0.315452
vt 0.550973 0.315353
vt 0.583520 0.298263
vt 0.586282 0.301497
vt 0.068576 0.407039
vt 0.074135 0.425033
vt 0.001953 0.407039
vt 0.001953 0.422587
vt 0.154241 0.407039
vt 0.154910 0.423032
vt 0.860792 0.237187
vt 0.836670 0.242138
vt 0.836844 0.237187
vt 0.841895 0.247981
vt 0.839610 0.252356
vt 0.825483 0.247981
vt 0.102066 0.326806
vt 0.094321 0.341045
vt 0.002872 0.326806
vt 0.002342 0.341045
vt 0.154910 0.326806
vt 0.154910 0.341045
vt 0.846560 0.258179
vt 0.842932 0.263351
vt 0.825483 0.258179
vt 0.860792 0.258179
vt 0.860792 0.269182
vt 0.843696 0.281992
vt 0.833127 0.269182
vt 0.873735 0.415070
vt 0.870951 0.430698
vt 0.864698 0.417996
vt 0.001953 0.151578
vt 0.040192 0.151602
vt 0.001953 0.158992
vt 0.154910 0.151578
vt 0.154910 0.159999
vt 0.116670 0.151580
vt 0.078431 0.151580
vt 0.078431 0.171384
vt 0.116670 0.171398
vt 0.002373 0.171399
vt 0.154910 0.171399
vt 0.846158 0.287833
vt 0.838061 0.293908
vt 0.825483 0.287833
vt 0.860792 0.287833
vt 0.860792 0.294218
vt 0.709607 0.464003
vt 0.743145 0.469505
vt 0.719025 0.469592
vt 0.725401 0.308829
vt 0.743145 0.315896
vt 0.719146 0.316172
vt 0.833004 0.299746
vt 0.839209 0.313329
vt 0.825483 0.313421
vt 0.860792 0.299746
vt 0.924770 0.185146
vt 0.939223 0.187522
vt 0.929527 0.189974
vt 0.924656 0.133547
vt 0.939223 0.135940
vt 0.929548 0.138325
vt 0.040192 0.268003
vt 0.064215 0.280172
vt 0.001953 0.268005
vt 0.001953 0.277150
vt 0.095288 0.268006
vt 0.154910 0.268016
vt 0.154910 0.277640
vt 0.551362 0.111187
vt 0.573105 0.122023
vt 0.550973 0.119424
vt 0.624301 0.111187
vt 0.625498 0.119634
vt 0.817299 0.272445
vt 0.819408 0.288174
vt 0.786267 0.274767
vt 0.956684 0.128476
vt 0.954333 0.134937
vt 0.943191 0.128387
vt 0.396063 0.332447
vt 0.394110 0.329210
vt 0.003906 0.503906
vt 0.500000 0.503903
vt 0.003906 0.996094
vt 0.500000 0.996094
vt 0.996094 0.996094
vt 0.996094 0.503881
vt 0.500000 0.503911
vt 0.003906 0.996094
vt 0.996094 0.503934
vt 0.500000 0.503902
vt 0.003906 0.996094
vt 0.996094 0.503876
vt 0.500000 0.503911
vt 0.003906 0.996094
vt 0.996094 0.503944
vt 0.500000 0.503905
vt 0.996094 0.503895
vt 0.500000 0.503908
vt 0.996094 0.503921
vt 0.500000 0.503905
vt 0.996094 0.503907
vt 0.500000 0.503902
vt 0.003906 0.996094
vt 0.996094 0.503872
vt 0.500000 0.503901
vt 0.996094 0.503870
vt 0.500000 0.503902
vt 0.996094 0.503876
vt 0.500000 0.503910
vt 0.996094 0.503931
vt 0.500000 0.503902
vt 0.996094 0.503874
vt 0.500000 0.503905
vt 0.003906 0.996094
vt 0.996094 0.503894
vt 0.500000 0.503911
vt 0.003906 0.996094
vt 0.996094 0.503943
vt 0.500000 0.503903
vt 0.996094 0.503879
vt 0.500000 0.503900
vt 0.003906 0.996094
vt 0.996094 0.503867
vt 0.500000 0.503904
vt 0.003906 0.996094
vt 0.996094 0.503888
vt 0.500000 0.503912
vt 0.003906 0.996094
vt 0.996094 0.503947
vt 0.500000 0.503904
vt 0.996094 0.503889
vt 0.500000 0.503912
vt 0.996094 0.503948
vt 0.500000 0.503900
vt 0.996094 0.503877
vt 0.500000 0.503968
vt 0.003906 0.996095
vt 0.996094 0.503906
vt 0.996094 0.996630
vt 0.500000 0.503908
vt 0.996094 0.503921
vt 0.500000 0.503902
vt 0.996094 0.503877
vt 0.500000 0.503909
vt 0.003906 0.996094
vt 0.996094 0.503930
vt 0.500000 0.503902
vt 0.996094 0.503891
vt 0.500000 0.503905
vt 0.996094 0.503901
vt 0.500000 0.503910
vt 0.996094 0.503932
vt 0.500000 0.503905
vt 0.996094 0.503896
vt 0.500000 0.996094
vt 0.500000 0.503906
vt 0.996094 0.503906
vt 0.500000 0.503905
vt 0.996094 0.503895
vt 0.500000 0.503900
vt 0.996094 0.503868
vt 0.500000 0.503909
vt 0.996094 0.503932
vt 0.500000 0.503901
vt 0.996094 0.503870
vt 0.500000 0.503907
vt 0.996094 0.503915
vt 0.996094 0.503868
vt 0.500000 0.503917
vt 0.003906 0.996095
vt 0.996094 0.504026
vt 0.500000 0.503899
vt 0.003906 0.996094
vt 0.996094 0.503871
vt 0.500000 0.503901
vt 0.996094 0.503870
vt 0.996094 0.503926
vt 0.500000 0.503907
vt 0.996094 0.503917
vt 0.500000 0.503814
vt 0.003906 0.996079
vt 0.996094 0.503017
vt 0.500000 0.503901
vt 0.996094 0.503883
vt 0.996094 0.503931
vt 0.500000 0.503908
vt 0.996094 0.503919
vt 0.500000 0.503910
vt 0.996094 0.503938
vt 0.500000 0.503909
vt 0.996094 0.503931
vt 0.500000 0.503903
vt 0.996094 0.503894
vt 0.996094 0.503947
vt 0.500000 0.503902
vt 0.996094 0.503873
vt 0.500000 0.503907
vt 0.996094 0.503918
vt 0.500000 0.503912
vt 0.996094 0.503944
vt 0.500000 0.503909
vt 0.996094 0.503934
vt 0.996094 0.503943
vt 0.500000 0.503903
vt 0.996094 0.503883
vt 0.996094 0.503897
vt 0.500000 0.503905
vt 0.996094 0.503894
vt 0.500000 0.503900
vt 0.996094 0.503879
vt 0.500000 0.503903
vt 0.996094 0.503879
vt 0.996094 0.503905
vt 0.996094 0.503870
vt 0.500000 0.503906
vt 0.996094 0.503913
vt 0.500000 0.503906
vt 0.996094 0.503903
vt 0.996094 0.503870
vt 0.996094 0.503931
vt 0.500000 0.503816
vt 0.003906 0.996079
vt 0.996094 0.503030
vt 0.500000 0.503900
vt 0.996094 0.503867
vt 0.500000 0.503909
vt 0.003906 0.996094
vt 0.996094 0.503927
vt 0.996094 0.503919
vt 0.500000 0.503901
vt 0.996094 0.503882
vt 0.500000 0.503911
vt 0.996094 0.503937
vt 0.996094 0.503898
vt 0.500000 0.503901
vt 0.996094 0.503870
vt 0.500000 0.503972
vt 0.003906 0.996095
vt 0.996094 0.996659
vt 0.500000 0.503912
vt 0.996094 0.503947
vt 0.500000 0.503905
vt 0.996094 0.503896
vt 0.996094 0.503882
vt 0.500000 0.503906
vt 0.996094 0.996092
vt 0.003906 0.996094
vt 0.996094 0.503947
vt 0.996094 0.503903
vt 0.500000 0.503901
vt 0.996094 0.503868
vt 0.500000 0.503909
vt 0.003906 0.996094
vt 0.996094 0.503930
vt 0.500000 0.996094
vt 0.996094 0.503905
vt 0.996094 0.503947
vt 0.996094 0.503868
vt 0.500000 0.503906
vt 0.996094 0.996090
vt 0.500000 0.503901
vt 0.996094 0.503869
vt 0.500000 0.503902
vt 0.996094 0.503877
vt 0.500000 0.503903
vt 0.996094 0.503882
vt 0.996094 0.503881
vt 0.500000 0.503907
vt 0.996094 0.503914
vt 0.996094 0.503932
vt 0.500000 0.503903
vt 0.996094 0.503879
vt 0.500000 0.503912
vt 0.996094 0.503871
vt 0.500000 0.503906
vt 0.003906 0.996094
vt 0.996094 0.503910
vt 0.500000 0.503901
vt 0.996094 0.503870
vt 0.996094 0.503878
vt 0.500000 0.503908
vt 0.003906 0.996094
vt 0.996094 0.503920
vt 0.500000 0.503912
vt 0.996094 0.503947
vt 0.500000 0.503907
vt 0.996094 0.503917
vt 0.500000 0.503902
vt 0.996094 0.503892
vt 0.500000 0.503907
vt 0.996094 0.503916
vt 0.996094 0.503884
vt 0.500000 0.503910
vt 0.996094 0.503937
vt 0.500000 0.503900
vt 0.996094 0.503874
vt 0.500000 0.503904
vt 0.996094 0.503890
vt 0.996094 0.503933
vt 0.500000 0.503912
vt 0.996094 0.503941
vt 0.500000 0.503905
vt 0.996094 0.503907
vt 0.500000 0.503903
vt 0.996094 0.503880
vt 0.500000 0.503905
vt 0.996094 0.503904
vt 0.500000 0.503904
vt 0.996094 0.503886
vt 0.500000 0.503902
vt 0.996094 0.503874
vt 0.500000 0.503902
vt 0.996094 0.503875
vt 0.500000 0.503906
vt 0.996094 0.503904
vt 0.500000 0.503901
vt 0.996094 0.503887
vt 0.500000 0.503912
vt 0.996094 0.503948
vt 0.996094 0.503867
vt 0.500000 0.503910
vt 0.003906 0.996094
vt 0.996094 0.503941
vt 0.500000 0.503903
vt 0.996094 0.503883
vt 0.500000 0.503908
vt 0.996094 0.503923
vt 0.996094 0.503877
vt 0.996094 0.503919
vt 0.996094 0.503878
vt 0.500000 0.503901
vt 0.996094 0.503869
vt 0.500000 0.996094
vt 0.996094 0.503905
vt 0.500000 0.503909
vt 0.996094 0.503927
vt 0.500000 0.503910
vt 0.996094 0.503937
vt 0.500000 0.503900
vt 0.996094 0.503875
vt 0.003906 0.996093
vt 0.996094 0.503835
vt 0.996094 0.503890
vt 0.500000 0.503906
vt 0.996094 0.503910
vt 0.500000 0.503900
vt 0.996094 0.503867
vt 0.500000 0.503911
vt 0.996094 0.503944
vt 0.500000 0.503900
vt 0.996094 0.503876
vt 0.500000 0.503905
vt 0.996094 0.503904
vt 0.500000 0.503903
vt 0.996094 0.503882
vt 0.500000 0.503900
vt 0.996094 0.503867
vt 0.500000 0.503900
vt 0.996094 0.503880
vt 0.500000 0.503900
vt 0.996094 0.503878
vt 0.500000 0.503910
vt 0.996094 0.503933
vt 0.500000 0.503904
vt 0.996094 0.503887
vt 0.996094 0.503870
vt 0.500000 0.503906
vt 0.996094 0.996099
vt 0.500000 0.503901
vt 0.996094 0.503886
vt 0.996094 0.503947
vt 0.996094 0.503867
vt 0.996094 0.503873
vt 0.500000 0.503904
vt 0.996094 0.503891
vt 0.003906 0.996094
vt 0.996094 0.503934
vt 0.996094 0.503874
vt 0.500000 0.503983
vt 0.003906 0.996095
vt 0.996094 0.996724
vt 0.500000 0.503907
vt 0.996094 0.503916
vt 0.500000 0.503902
vt 0.996094 0.503873
vt 0.500000 0.503900
vt 0.996094 0.503867
vt 0.500000 0.503909
vt 0.996094 0.503923
vt 0.996094 0.503884
vt 0.500000 0.503909
vt 0.996094 0.503928
vt 0.500000 0.503899
vt 0.996094 0.503869
vt 0.500000 0.503912
vt 0.996094 0.503940
vt 0.996094 0.503874
vt 0.996094 0.503944
vt 0.500000 0.503902
vt 0.996094 0.503874
vt 0.996094 0.503923
vt 0.500000 0.503904
vt 0.996094 0.503892
vt 0.500000 0.503912
vt 0.996094 0.503938
vt 0.500000 0.503911
vt 0.996094 0.503945
vt 0.500000 0.503903
vt 0.996094 0.503880
vt 0.500000 0.503912
vt 0.996094 0.503948
vt 0.996094 0.503931
vt 0.996094 0.503940
vt 0.500000 0.503911
vt 0.996094 0.503944
vt 0.500000 0.503902
vt 0.996094 0.503873
vt 0.500000 0.503904
vt 0.996094 0.503892
vt 0.996094 0.503874
vt 0.996094 0.503870
vt 0.500000 0.503909
vt 0.996094 0.503932
vt 0.996094 0.503878
vt 0.500000 0.503910
vt 0.996094 0.503933
vt 0.500000 0.504011
vt 0.003906 0.996093
vt 0.996094 0.996866
vt 0.996094 0.503918
vt 0.996094 0.503874
vt 0.996094 0.503874
vt 0.500000 0.503902
vt 0.996094 0.503893
vt 0.996094 0.503946
vt 0.996094 0.503940
vt 0.996094 0.503885
vt 0.996094 0.503880
vt 0.500000 0.503900
vt 0.996094 0.503867
vt 0.996094 0.503876
vt 0.996094 0.503868
vt 0.500000 0.503901
vt 0.996094 0.503869
vt 0.500000 0.503902
vt 0.996094 0.503874
vt 0.996094 0.503867
vt 0.500000 0.503912
vt 0.996094 0.503941
vt 0.996094 0.503909
vt 0.500000 0.503903
vt 0.996094 0.503898
vt 0.500000 0.503912
vt 0.500000 0.503883
vt 0.003906 0.996092
vt 0.996094 0.503664
vt 0.500000 0.503912
vt 0.996094 0.503943
vt 0.996094 0.503883
vt 0.996094 0.503934
vt 0.996094 0.503942
vt 0.500000 0.503907
vt 0.996094 0.503911
vt 0.500000 0.503899
vt 0.996094 0.503867
vt 0.500000 0.503907
vt 0.996094 0.503919
vt 0.996094 0.503939
vt 0.996094 0.503875
vt 0.500000 0.503900
vt 0.996094 0.503878
vt 0.996094 0.503931
vt 0.996094 0.503877
vt 0.500000 0.503944
vt 0.003906 0.996095
vt 0.996094 0.996456
vt 0.996094 0.503871
vt 0.996094 0.503870
vt 0.500000 0.503913
vt 0.996094 0.503948
vt 0.996094 0.503925
vt 0.996094 0.503891
vt 0.500000 0.503901
vt 0.996094 0.503872
vt 0.996094 0.503915
vt 0.500000 0.503909
vt 0.996094 0.503925
vt 0.500000 0.503906
vt 0.003906 0.996094
vt 0.996094 0.996096
vt 0.500000 0.503903
vt 0.996094 0.503883
vt 0.500000 0.503910
vt 0.996094 0.503938
vt 0.996094 0.503893
vt 0.996094 0.503887
vt 0.996094 0.503868
vt 0.500000 0.503985
vt 0.003906 0.996095
vt 0.996094 0.996740
vt 0.500000 0.503911
vt 0.996094 0.503934
vt 0.996094 0.503868
vt 0.996094 0.503870
vt 0.500000 0.503905
vt 0.996094 0.503907
vt 0.996094 0.503925
vt 0.996094 0.503942
vt 0.500000 0.503911
vt 0.996094 0.503935
vt 0.996094 0.503911
vt 0.500000 0.503900
vt 0.500000 0.503904
vt 0.996094 0.503884
vt 0.996094 0.503904
vt 0.500000 0.503900
vt 0.996094 0.503929
vt 0.996094 0.503902
vt 0.500000 0.503908
vt 0.996094 0.503926
vt 0.996094 0.503889
vt 0.500000 0.503908
vt 0.996094 0.503919
vt 0.996094 0.503893
vt 0.996094 0.503930
vt 0.500000 0.503901
vt 0.996094 0.503886
vt 0.500000 0.503906
vt 0.996094 0.503909
vt 0.996094 0.503922
vt 0.996094 0.503872
vt 0.996094 0.503947
vt 0.500000 0.503909
vt 0.996094 0.503928
vt 0.003906 0.996094
vt 0.996094 0.503943
vt 0.996094 0.503948
vt 0.996094 0.503941
vt 0.996094 0.503934
vt 0.996094 0.503940
vt 0.996094 0.503871
vt 0.996094 0.503896
vt 0.996094 0.503935
vt 0.500000 0.503906
vt 0.996094 0.996091
vt 0.500000 0.503908
vt 0.996094 0.503923
vt 0.500000 0.503901
vt 0.996094 0.503888
vt 0.996094 0.503945
vt 0.500000 0.996094
vt 0.996094 0.503906
vt 0.500000 0.503899
vt 0.996094 0.503868
vt 0.500000 0.503911
vt 0.996094 0.503944
vt 0.996094 0.503867
vt 0.996094 0.503868
vt 0.500000 0.503906
vt 0.996094 0.503903
vt 0.996094 0.503887
vt 0.500000 0.503904
vt 0.996094 0.503888
vt 0.996094 0.503911
vt 0.500000 0.503909
vt 0.996094 0.503924
vt 0.996094 0.503910
vt 0.996094 0.503867
vt 0.996094 0.503946
vt 0.996094 0.503924
vt 0.500000 0.503911
vt 0.996094 0.503934
vt 0.996094 0.503867
vt 0.996094 0.503897
vt 0.500000 0.503904
vt 0.996094 0.503890
vt 0.996094 0.503935
vt 0.996094 0.503889
vt 0.996094 0.503943
vt 0.996094 0.503867
vt 0.996094 0.503933
vt 0.996094 0.503946
vt 0.500000 0.503855
vt 0.003906 0.996088
vt 0.996094 0.503380
vt 0.996094 0.503941
vt 0.996094 0.503927
vt 0.500000 0.503905
vt 0.996094 0.503908
vt 0.500000 0.503904
vt 0.996094 0.503890
vt 0.500000 0.503902
vt 0.996094 0.503893
vt 0.996094 0.503940
vt 0.500000 0.503910
vt 0.996094 0.503929
vt 0.996094 0.503903
vt 0.500000 0.503908
vt 0.003906 0.996094
vt 0.500000 0.503906
vt 0.996094 0.503911
vt 0.500000 0.503908
vt 0.500000 0.503905
vt 0.996094 0.503896
vt 0.996094 0.996091
vt 0.996094 0.503947
vt 0.996094 0.503882
vt 0.996094 0.503868
vt 0.996094 0.503947
vt 0.500000 0.503906
vt 0.996094 0.503909
vt 0.996094 0.503938
vt 0.996094 0.503906
vt 0.500000 0.503991
vt 0.003906 0.996094
vt 0.996094 0.996773
vt 0.500000 0.503900
vt 0.996094 0.503882
vt 0.996094 0.503872
vt 0.996094 0.503867
vt 0.996094 0.503940
vt 0.996094 0.503876
vt 0.996094 0.503870
vt 0.996094 0.503878
vt 0.996094 0.503878
vt 0.996094 0.503937
vt 0.996094 0.503869
vt 0.996094 0.503942
vt 0.996094 0.503878
vt 0.500000 0.503902
vt 0.996094 0.503902
vt 0.500000 0.503900
vt 0.996094 0.503881
vt 0.500000 0.503908
vt 0.996094 0.503925
vt 0.996094 0.503878
vt 0.996094 0.503877
vt 0.996094 0.503909
vt 0.996094 0.503868
vt 0.996094 0.503919
vt 0.996094 0.503947
vt 0.500000 0.503910
vt 0.996094 0.503932
vt 0.996094 0.503870
vt 0.500000 0.503909
vt 0.996094 0.503898
vt 0.500000 0.503909
vt 0.996094 0.503933
vt 0.500000 0.996094
vt 0.996094 0.503946
vt 0.996094 0.503902
vt 0.996094 0.503867
vt 0.996094 0.503875
vt 0.996094 0.503897
vt 0.996094 0.503914
vt 0.500000 0.503900
vt 0.996094 0.503879
vt 0.500000 0.503902
vt 0.996094 0.503894
vt 0.996094 0.503933
vt 0.500000 0.503901
vt 0.996094 0.503871
vt 0.500000 0.503902
vt 0.996094 0.503875
vt 0.500000 0.503911
vt 0.996094 0.503943
s 1
usemtl Walnut_L
f 1375/1/1 1438/2/2 1215/3/3
f 1215/3/3 1438/2/2 1268/4/4
f 1375/1/5 1478/5/6 1438/2/7
f 1216/6/8 1436/7/9 1375/1/5
f 1375/1/5 1436/7/9 1478/5/6
f 1216/6/10 1269/8/10 1436/7/10
f 1363/9/11 1208/10/12 1226/11/13
f 1226/11/13 1208/10/12 1109/12/14
f 1383/13/15 1209/14/16 1363/9/17
f 1363/9/17 1209/14/16 1208/10/18
f 1383/13/19 1210/15/20 1209/14/21
f 1227/16/22 1110/17/22 1383/13/22
f 1383/13/19 1110/17/23 1210/15/20
f 1380/18/24 1357/19/25 1205/20/26
f 1205/20/26 1357/19/25 1198/21/27
f 1366/22/28 1358/23/29 1380/18/30
f 1380/18/30 1358/23/29 1357/19/31
f 1366/22/32 1359/24/33 1358/23/34
f 1206/25/35 1199/26/35 1366/22/35
f 1366/22/32 1199/26/36 1359/24/33
f 1203/27/37 1204/28/38 1372/29/39
f 1372/29/40 1367/30/41 1571/31/42
f 1571/31/42 1367/30/41 1560/32/43
f 1372/29/39 1204/28/38 1367/30/44
f 1203/27/45 1377/33/45 1204/28/46
f 1572/34/47 1565/35/48 1203/27/49
f 1203/27/50 1565/35/50 1377/33/50
f 1217/36/51 1370/37/51 1563/38/51
f 1376/39/52 1373/40/52 1217/36/52
f 1564/41/53 1373/40/53 1376/39/53
f 1217/36/54 1409/42/55 1370/37/56
f 1373/40/57 1409/42/55 1217/36/54
f 1469/43/58 1513/44/58 1411/45/58
f 1576/46/59 1679/47/59 1731/48/59
f 1576/46/60 1515/49/61 1679/47/62
f 1731/48/63 1679/47/63 1927/50/63
f 1515/49/64 1837/51/64 1679/47/64
f 1642/52/65 1928/53/65 1515/49/65
f 1515/49/66 1928/53/66 1837/51/66
f 1679/47/67 2264/54/67 1927/50/67
f 1927/50/68 2264/54/69 2319/55/70
f 1837/51/71 2264/54/71 1679/47/71
f 1928/53/72 2720/56/72 1837/51/72
f 2264/54/69 2943/57/73 2319/55/70
f 1837/51/74 2943/57/74 2264/54/74
f 2720/56/75 2943/57/75 1837/51/75
f 2944/58/76 3057/59/76 2941/60/76
f 3015/61/77 3181/62/77 3241/63/77
f 2945/64/78 3181/62/78 3015/61/78
f 2945/64/79 3242/65/79 3181/62/79
f 1514/66/80 1698/67/81 1820/68/82
f 1514/66/80 1821/69/83 1698/67/81
f 1821/69/84 2053/70/84 1698/67/84
f 1698/67/85 2402/71/85 1820/68/85
f 1698/67/86 2477/72/86 2402/71/86
f 2053/70/87 2477/72/87 1698/67/87
f 2404/73/88 2567/74/88 2595/75/88
f 2480/76/89 2567/74/89 2404/73/89
f 2479/77/90 2567/74/90 2480/76/90
f 2894/78/91 3291/79/91 3289/80/91
f 3279/81/92 3374/82/92 3290/83/92
f 3263/84/93 3374/82/93 3279/81/93
f 2478/85/94 2542/86/94 2403/87/94
f 2871/88/95 3132/89/95 3107/90/95
f 2871/88/96 3108/91/96 3132/89/96
f 1486/92/97 1728/93/97 1616/94/97
f 1616/94/98 1728/93/98 1835/95/98
f 1547/96/99 1775/97/99 1486/92/99
f 1486/92/100 1775/97/100 1728/93/100
f 1835/95/101 1728/93/101 1935/98/101
f 1810/99/102 1529/100/103 1577/101/104
f 1810/99/102 1578/102/105 1529/100/103
f 2266/103/106 2388/104/106 2342/105/106
f 2750/106/107 3417/107/108 2781/108/109
f 2781/108/110 3417/107/110 3440/109/110
f 2750/106/107 3441/110/111 3417/107/108
f 2167/111/112 2726/112/112 2210/113/112
f 3139/114/113 3453/115/113 3467/116/113
f 3139/114/114 3469/117/114 3453/115/114
f 3468/118/115 3600/119/115 3624/120/115
f 3464/121/116 3600/119/116 3468/118/116
f 3454/122/117 3600/119/117 3464/121/117
f 3454/122/118 3625/123/118 3600/119/118
f 1729/124/119 1828/125/120 1774/126/121
f 1776/127/122 1828/125/120 1729/124/119
f 2019/128/123 2374/129/123 2426/130/123
f 2019/128/124 2467/131/124 2374/129/124
f 2019/128/125 2427/132/125 2467/131/125
f 2426/130/126 2374/129/126 2585/133/126
f 3165/134/127 3442/135/127 3473/136/127
f 3165/134/128 3474/137/128 3442/135/128
f 2908/138/129 2910/139/129 2867/140/129
f 3087/141/130 3248/142/131 3307/143/132
f 3087/141/130 3308/144/133 3248/142/131
f 2428/145/134 2352/146/134 2375/147/134
f 2481/148/135 2339/149/136 2474/150/137
f 2339/149/138 2334/151/138 2474/150/138
f 2474/150/139 2334/151/139 2452/152/139
f 2339/149/140 2453/153/140 2334/151/140
f 1456/154/141 1439/155/142 1384/156/143
f 1456/154/141 1384/156/143 1498/157/144
f 1498/157/145 1384/156/145 1465/158/145
f 1439/155/146 1466/159/146 1384/156/146
f 1751/160/147 2083/161/147 2000/162/147
f 2002/163/148 2193/164/148 2119/165/148
f 2085/166/149 2193/164/149 2002/163/149
f 2084/167/150 1982/168/150 2001/169/150
f 1435/170/151 1352/171/151 1385/172/151
f 1133/173/152 902/174/152 975/175/152
f 1133/173/153 926/176/153 902/174/153
f 926/176/154 976/177/154 902/174/154
f 927/178/155 862/179/155 980/180/155
f 981/181/156 862/179/156 927/178/156
f 1369/182/157 1288/183/157 1562/184/157
f 1562/184/158 1288/183/158 1599/185/158
f 1218/186/159 1288/183/159 1369/182/159
f 1379/187/160 1431/188/160 1218/186/160
f 1218/186/161 1431/188/161 1288/183/161
f 1566/189/162 1601/190/162 1379/187/162
f 1379/187/163 1601/190/163 1431/188/163
f 1533/191/164 1640/192/165 1754/193/166
f 1449/194/167 1640/192/165 1533/191/164
f 1633/195/168 1755/196/168 1449/194/168
f 1449/194/169 1755/196/169 1640/192/169
f 1967/197/170 2461/198/170 2489/199/170
f 1967/197/171 2490/200/171 2461/198/171
f 2461/198/172 3173/201/172 2489/199/172
f 2489/199/173 3173/201/173 3184/202/173
f 2461/198/174 3185/203/174 3173/201/174
f 3173/201/175 3709/204/175 3699/205/175
f 3185/203/176 3705/206/176 3173/201/176
f 3173/201/177 3705/206/177 3709/204/177
f 3700/207/178 3736/208/178 3741/209/178
f 3706/210/179 3736/208/179 3700/207/179
f 1413/211/180 1453/212/181 1544/213/182
f 1544/213/182 1453/212/181 1604/214/183
f 1676/215/184 1717/216/185 1413/211/186
f 1413/211/186 1717/216/185 1453/212/187
f 1635/217/188 1708/218/188 1771/219/188
f 1678/220/189 1708/218/189 1635/217/189
f 2234/221/190 2369/222/190 2272/223/190
f 2234/221/191 2268/224/191 2369/222/191
f 2221/225/192 2268/224/192 2234/221/192
f 2521/226/193 2712/227/193 2507/228/193
f 2512/229/194 2712/227/194 2521/226/194
f 2712/227/195 2868/230/195 3037/231/195
f 2732/232/196 2933/233/196 2948/234/196
f 1615/235/197 1999/236/198 1809/237/199
f 1809/237/199 1999/236/198 2073/238/200
f 1692/239/201 1964/240/202 1615/235/203
f 1692/239/204 2074/241/204 1964/240/204
f 2073/238/205 1999/236/205 2314/242/205
f 1615/235/203 1964/240/202 1999/236/206
f 2229/243/207 2281/244/207 2316/245/207
f 2117/246/208 2281/244/209 2229/243/210
f 2207/247/211 2281/244/209 2117/246/208
f 2207/247/212 2317/248/212 2281/244/212
f 2458/249/213 2485/250/213 2631/251/213
f 2485/250/214 2800/252/214 2631/251/214
f 3230/253/215 3391/254/215 3219/255/215
f 2116/256/216 2454/257/216 2315/258/216
f 2315/258/217 2454/257/217 2540/259/217
f 2206/260/218 2501/261/219 2116/256/220
f 2116/256/220 2501/261/219 2454/257/221
f 2206/260/222 2709/262/222 2501/261/222
f 2503/263/223 2672/264/223 2708/265/223
f 2708/265/224 2672/264/224 2747/266/224
f 2615/267/225 2672/264/225 2503/263/225
f 3179/268/226 3429/269/226 2878/270/226
f 2610/271/227 2839/272/227 2935/273/227
f 2504/274/228 2839/272/228 2610/271/228
f 2616/275/229 2839/272/229 2504/274/229
f 2710/276/230 2936/277/230 2616/275/230
f 2616/275/231 2936/277/231 2839/272/231
f 2842/278/232 3227/279/232 2939/280/232
f 2888/281/233 3227/279/233 2842/278/233
f 2840/282/234 3051/283/234 2877/284/234
f 2938/285/235 3051/283/235 2840/282/235
f 3069/286/236 3232/287/236 3054/288/236
f 3068/289/237 3012/290/237 3053/291/237
f 3068/289/238 3070/292/238 3012/290/238
f 3323/293/239 3526/294/239 3504/295/239
f 2841/296/240 3149/297/241 3101/298/242
f 2841/296/240 3101/298/242 2937/299/243
f 3224/300/244 3370/301/245 3246/302/246
f 3405/303/247 3518/304/247 3562/305/247
f 2502/306/248 2442/307/248 2609/308/248
f 2187/309/249 1910/310/249 2090/311/249
f 2187/309/250 2091/312/250 1910/310/250
f 2020/313/251 1919/314/251 2169/315/251
f 2169/315/252 1919/314/252 2011/316/252
f 2170/317/253 2012/318/253 2020/313/253
f 2020/313/254 2012/318/254 1919/314/254
f 1922/319/255 1663/320/255 1981/321/255
f 1977/322/256 1663/320/256 1922/319/256
f 1980/323/257 1699/324/257 1752/325/257
f 1920/326/258 1699/324/258 1980/323/258
f 1975/327/259 1699/324/259 1920/326/259
f 1976/328/260 2027/329/261 1921/330/262
f 2205/331/263 2470/332/263 2377/333/263
f 1415/334/264 1569/335/264 1675/336/264
f 1415/334/265 1457/337/266 1569/335/267
f 1550/338/268 1457/337/266 1415/334/265
f 1550/338/269 1725/339/270 1457/337/271
f 1659/340/272 1647/341/272 1854/342/272
f 1546/343/273 1647/341/273 1659/340/273
f 1546/343/274 1855/344/274 1647/341/274
f 1648/345/275 1720/346/275 1740/347/275
f 1648/345/276 1859/348/276 1720/346/276
f 1945/349/277 2051/350/277 1984/351/277
f 2226/352/278 2531/353/278 2509/354/278
f 2998/355/279 3040/356/279 2984/357/279
f 1669/358/280 1537/359/280 1693/360/280
f 1408/361/281 1094/362/281 1103/363/281
f 1408/361/282 1104/364/282 1094/362/282
f 1873/365/283 1741/366/283 2023/367/283
f 1649/368/284 1832/369/285 1741/366/286
f 1874/370/287 2024/371/288 1649/368/289
f 1741/366/290 2032/372/290 2023/367/290
f 1741/366/286 1832/369/285 2032/372/291
f 2024/371/288 2175/373/292 1649/368/289
f 1649/368/293 2175/373/293 1832/369/293
f 1832/369/294 2175/373/294 2032/372/294
f 2918/374/295 3269/375/295 2917/376/295
f 3281/377/296 3381/378/297 3271/379/298
f 1959/380/299 2113/381/299 2174/382/299
f 2092/383/300 2113/381/300 1959/380/300
f 2115/384/301 2279/385/301 2189/386/301
f 2277/387/302 2279/385/302 2115/384/302
f 2276/388/303 2114/389/303 2261/390/303
f 2114/389/304 2107/391/304 2261/390/304
f 2261/390/305 2107/391/305 2230/392/305
f 2188/393/306 2107/391/306 2114/389/306
f 2262/394/307 2231/395/307 2188/393/307
f 2188/393/308 2231/395/308 2107/391/308
f 2110/396/309 2163/397/309 2192/398/309
f 2253/399/310 2163/397/310 2110/396/310
f 2108/400/311 2197/401/312 2252/402/313
f 2178/403/314 2197/401/312 2108/400/311
f 2198/404/315 2329/405/316 2418/406/317
f 2198/404/315 2419/407/318 2329/405/316
f 2179/408/319 2014/409/319 2109/410/319
f 1974/411/320 1884/412/320 1941/413/320
f 1930/414/321 1912/415/322 2009/416/323
f 2010/417/324 1988/418/324 1930/414/324
f 1930/414/321 1988/418/325 1912/415/322
f 2033/419/326 1960/420/326 2151/421/326
f 2033/419/327 2151/421/327 2285/422/327
f 2176/423/328 2286/424/329 1960/420/330
f 1960/420/331 2286/424/331 2151/421/331
f 2154/425/332 2435/426/332 2302/427/332
f 2218/428/333 2435/426/333 2154/425/333
f 3159/429/334 3432/430/335 3142/431/335
f 2152/432/336 2446/433/336 2301/434/336
f 2301/434/337 2446/433/337 2555/435/337
f 2216/436/338 2446/433/338 2152/432/338
f 2499/437/339 2884/438/339 2449/439/339
f 2448/440/340 2656/441/340 2493/442/340
f 2498/443/341 2656/441/341 2448/440/341
f 2657/444/342 3093/445/342 2862/446/342
f 2862/446/343 3093/445/343 3038/447/343
f 2497/448/344 2529/449/344 2447/450/344
f 2648/451/345 2815/452/345 2761/453/345
f 2764/454/346 3001/455/346 2786/456/346
f 2762/457/347 2627/458/347 2785/459/347
f 2217/460/348 1907/461/349 2153/462/350
f 1768/463/351 1392/464/351 1724/465/351
f 1723/466/352 1531/467/352 1780/468/352
f 1532/469/353 1388/470/353 1557/471/353
f 1445/472/354 1350/473/354 1391/474/354
f 1471/475/355 1350/473/355 1445/472/355
f 1691/476/356 1651/477/356 1762/478/356
f 1763/479/357 1651/477/357 1691/476/357
f 1688/480/358 1623/481/358 1653/482/358
f 1652/483/359 1747/484/359 1701/485/359
f 1368/486/360 1324/487/360 1561/488/360
f 1561/488/361 1324/487/361 1473/489/361
f 1368/486/362 1214/490/362 1324/487/362
f 1378/491/363 1341/492/363 1214/490/363
f 1378/491/364 1475/493/364 1341/492/364
f 1172/494/365 982/495/366 1136/496/367
f 1084/497/368 982/495/366 1172/494/365
f 1084/497/369 1067/498/370 982/495/371
f 1283/499/372 1067/498/370 1084/497/369
f 1073/500/373 961/501/373 1138/502/373
f 1138/502/374 961/501/374 1000/503/374
f 1073/500/375 957/504/375 961/501/375
f 1069/505/376 962/506/376 957/504/376
f 1069/505/377 1001/507/377 962/506/377
f 692/508/378 591/509/379 695/510/380
f 692/508/378 696/511/381 591/509/379
f 601/512/382 496/513/382 593/514/382
f 593/514/383 496/513/383 501/515/383
f 606/516/384 496/513/384 601/512/384
f 502/517/385 427/518/385 452/519/385
f 498/520/386 432/521/386 502/517/386
f 502/517/387 432/521/387 427/518/387
f 499/522/388 432/521/388 498/520/388
f 444/523/389 478/524/389 456/525/389
f 347/526/390 237/527/390 350/528/390
f 453/529/391 245/530/391 347/526/391
f 350/528/392 237/527/392 244/531/392
f 347/526/393 245/530/393 237/527/393
f 314/532/394 218/533/394 223/534/394
f 314/532/395 224/535/395 218/533/395
f 459/536/396 395/537/396 408/538/396
f 471/539/397 395/537/397 459/536/397
f 409/540/398 359/541/398 397/542/398
f 1137/543/399 946/544/400 1025/545/401
f 1068/546/402 795/547/403 873/548/404
f 1068/546/405 935/549/405 795/547/405
f 946/544/406 868/550/406 1025/545/406
f 873/548/404 795/547/403 946/544/407
f 946/544/408 795/547/408 868/550/408
f 870/551/409 754/552/409 937/553/409
f 937/553/410 754/552/410 793/554/410
f 797/555/411 754/552/411 870/551/411
f 865/556/412 754/552/412 797/555/412
f 865/556/413 794/557/413 754/552/413
f 306/558/414 296/559/414 324/560/414
f 325/561/415 296/559/415 306/558/415
f 419/562/416 555/563/416 537/564/416
f 233/565/417 220/566/417 297/567/417
f 220/566/418 146/568/418 156/569/418
f 233/565/419 146/568/419 220/566/419
f 73/570/420 173/571/421 69/572/422
f 172/573/423 73/570/423 31/574/423
f 73/570/424 30/575/424 31/574/424
f 69/572/422 30/575/425 73/570/420
f 532/576/426 78/577/426 81/578/426
f 520/579/427 78/577/427 532/576/427
f 514/580/428 78/577/428 520/579/428
f 514/580/429 345/581/429 78/577/429
f 78/577/430 33/582/430 81/578/430
f 33/582/431 15/583/431 14/584/431
f 871/585/432 721/586/432 783/587/432
f 798/588/433 721/586/433 871/585/433
f 866/589/434 721/586/434 798/588/434
f 938/590/435 721/586/435 866/589/435
f 722/591/436 654/592/436 746/593/436
f 752/594/437 654/592/437 722/591/437
f 536/595/438 472/596/439 384/597/440
f 536/595/438 384/597/440 392/598/441
f 655/599/442 580/600/442 663/601/442
f 582/602/443 417/603/443 420/604/443
f 417/603/444 312/605/445 420/604/446
f 421/606/447 312/605/445 417/603/444
f 784/607/448 691/608/448 662/609/448
f 662/609/449 603/610/449 690/611/449
f 662/609/450 572/612/451 603/610/452
f 691/608/453 633/613/454 662/609/450
f 662/609/450 633/613/454 572/612/451
f 604/614/455 557/615/455 574/616/455
f 604/614/456 567/617/457 557/615/458
f 608/618/459 557/615/458 567/617/457
f 608/618/460 575/619/460 557/615/460
f 457/620/461 368/621/461 356/622/461
f 272/623/462 200/624/462 203/625/462
f 276/626/463 200/624/463 272/623/463
f 634/627/464 551/628/464 521/629/464
f 521/629/465 460/630/465 550/631/465
f 521/629/466 435/632/467 460/630/468
f 551/628/469 482/633/470 521/629/466
f 521/629/466 482/633/470 435/632/467
f 436/634/471 377/635/471 461/636/471
f 483/637/472 377/635/472 436/634/472
f 394/638/473 300/639/473 379/640/473
f 300/639/474 162/641/474 164/642/475
f 319/643/476 278/644/476 292/645/476
f 358/646/477 308/647/478 481/648/479
f 481/648/479 308/647/478 425/649/480
f 464/650/481 308/647/478 358/646/477
f 464/650/482 367/651/482 308/647/482
f 425/649/483 308/647/483 366/652/483
f 309/653/484 256/654/484 339/655/484
f 336/656/485 256/654/485 309/653/485
f 271/657/486 250/658/487 332/659/488
f 332/659/489 250/658/489 284/660/489
f 333/661/490 285/662/490 271/657/490
f 271/657/486 285/662/491 250/658/487
f 869/663/492 875/664/492 934/665/492
f 796/666/493 829/667/493 869/663/493
f 869/663/494 829/667/494 875/664/494
f 796/666/495 936/668/495 829/667/495
f 913/669/496 1005/670/497 1096/671/498
f 913/669/496 1052/672/499 1005/670/497
f 1008/673/500 1279/674/500 1065/675/500
f 1099/676/501 1279/674/501 1008/673/501
f 1311/677/502 1690/678/502 1281/679/502
f 2181/680/503 3060/681/504 2190/682/505
f 2173/683/506 3060/681/504 2181/680/503
f 3061/684/507 3361/685/507 3044/686/507
f 1612/687/508 1781/688/508 1657/689/508
f 2608/690/509 2921/691/509 2611/692/509
f 1007/693/510 994/694/510 1098/695/510
f 1054/696/511 994/694/511 1007/693/511
f 995/697/512 1009/698/512 1036/699/512
f 1033/700/513 1009/698/513 995/697/513
f 1027/701/514 991/702/514 1038/703/514
f 890/704/515 788/705/515 768/706/515
f 931/707/516 894/708/517 1078/709/518
f 1078/709/519 894/708/519 1014/710/519
f 931/707/516 974/711/520 894/708/517
f 925/712/521 878/713/521 895/714/521
f 973/715/522 852/716/523 899/717/524
f 852/716/525 807/718/526 899/717/527
f 899/717/528 807/718/528 854/719/528
f 852/716/525 855/720/529 807/718/526
f 841/721/530 772/722/530 809/723/530
f 811/724/531 812/725/532 859/726/533
f 811/724/531 860/727/534 812/725/532
f 1006/728/535 1076/729/535 1097/730/535
f 1053/731/536 1076/729/536 1006/728/536
f 1340/732/537 1509/733/537 1301/734/537
f 1705/735/538 1925/736/538 1509/737/538
f 1300/738/539 1463/739/540 1519/740/541
f 1519/740/541 1463/739/540 1605/741/542
f 1339/742/543 1463/739/544 1300/738/545
f 1339/742/546 1606/743/546 1463/739/546
f 1543/744/547 1785/745/547 1482/746/547
f 1541/747/548 1629/748/548 1480/749/548
f 1670/750/549 1777/751/549 1631/752/549
f 1630/753/550 2022/754/550 1947/755/550
f 1630/753/551 2135/756/551 2022/754/551
f 1481/757/552 1460/758/553 1568/759/554
f 1542/760/555 1460/758/553 1481/757/552
f 1500/761/556 1459/762/556 1462/763/556
f 1461/764/557 1624/765/557 1539/766/557
f 3056/767/558 2876/768/558 2987/769/558
f 2876/768/559 2875/770/560 2987/769/561
f 2976/771/562 2875/770/560 2876/768/559
f 2987/769/563 2875/770/563 2971/772/563
f 2976/771/564 2972/773/564 2875/770/564
f 2582/774/565 2893/775/566 2596/776/567
f 2568/777/568 2893/775/566 2582/774/565
f 3345/778/569 3360/779/569 3292/780/569
f 3336/781/570 3367/782/570 3356/783/570
f 3356/783/571 3367/782/571 3407/784/571
f 3292/780/572 3367/782/572 3336/781/572
f 3360/779/573 3408/785/573 3292/780/573
f 3292/780/574 3408/785/574 3367/782/574
f 3397/786/575 3542/787/576 3559/788/577
f 3397/786/575 3560/789/578 3542/787/576
f 2543/790/579 2661/791/579 2466/792/579
f 2583/793/580 2661/791/580 2543/790/580
f 1885/794/581 2155/795/581 1936/796/581
f 1901/797/582 2155/795/582 1885/794/582
f 2016/798/583 2155/795/583 1901/797/583
f 2212/799/584 2341/800/584 2295/801/584
f 2212/799/585 2265/802/585 2341/800/585
f 2296/803/586 2265/802/586 2212/799/586
f 2389/804/587 2749/805/587 2439/806/587
f 2440/807/588 2749/805/588 2389/804/588
f 3531/808/589 3620/809/589 3640/810/589
f 3497/811/590 3620/809/590 3531/808/590
f 3532/812/591 3641/813/591 3497/811/591
f 3497/811/592 3641/813/592 3620/809/592
f 2571/814/593 2866/815/593 2586/816/593
f 2587/817/594 2907/818/594 2571/814/594
f 2571/814/595 2907/818/595 2866/815/595
f 2911/819/596 3086/820/596 3021/821/596
f 3022/822/597 3086/820/597 2911/819/597
f 1442/823/598 1685/824/598 1502/825/598
f 1503/826/599 1685/824/599 1442/823/599
f 2194/827/600 2472/828/601 2553/829/602
f 2194/827/600 2554/830/603 2472/828/601
f 1983/831/604 1970/832/605 2078/833/606
f 1983/831/604 2079/834/607 1970/832/605
f 911/835/608 891/836/608 929/837/608
f 911/835/609 930/838/609 891/836/609
f 863/839/610 731/840/611 747/841/612
f 863/839/610 748/842/613 731/840/611
f 1289/843/614 1414/844/614 1600/845/614
f 1600/845/615 1414/844/615 1674/846/615
f 1432/847/616 1549/848/617 1289/843/618
f 1289/843/618 1549/848/617 1414/844/619
f 1641/849/620 1968/850/621 1756/851/622
f 1757/852/623 2006/853/623 1641/849/623
f 1641/849/620 2006/853/624 1968/850/621
f 3732/854/625 3773/855/626 3775/856/627
f 3727/857/628 3773/855/626 3732/854/625
f 3748/858/629 3773/855/629 3727/857/629
f 1454/859/630 1614/860/630 1716/861/630
f 1716/861/631 1614/860/631 1807/862/631
f 1567/863/632 1614/860/632 1454/859/632
f 1567/863/633 1808/864/633 1614/860/633
f 1813/865/634 1877/866/634 1812/867/634
f 2282/868/635 2412/869/635 2338/870/635
f 1458/871/636 1545/872/636 1570/873/636
f 1570/873/637 1545/872/637 1658/874/637
f 1726/875/638 1772/876/638 1458/871/638
f 1458/871/639 1772/876/639 1545/872/639
f 1721/877/640 1839/878/640 1860/879/640
f 1861/880/641 1839/878/641 1721/877/641
f 2223/881/642 2346/882/642 2127/883/642
f 2280/884/643 2133/885/643 2323/886/643
f 1474/887/644 1242/888/644 1348/889/644
f 1476/890/645 1349/891/645 1302/892/645
f 1176/893/646 1083/894/646 1242/888/646
f 1302/892/647 1177/895/647 1176/893/647
f 1176/893/648 1177/895/648 1083/894/648
f 1302/892/649 1349/891/649 1177/895/649
f 1242/888/650 1171/896/650 1348/889/650
f 1242/888/651 1083/894/651 1171/896/651
f 1349/891/652 1282/897/653 1177/895/654
f 987/898/655 904/899/655 1047/900/655
f 1048/901/656 916/902/657 987/898/658
f 987/898/658 916/902/657 904/899/659
f 360/903/660 286/904/660 281/905/660
f 389/906/661 423/907/661 393/908/661
f 771/909/662 676/910/662 682/911/662
f 842/912/663 676/910/663 771/909/663
f 258/913/664 234/914/664 230/915/664
f 294/916/665 330/917/665 323/918/665
f 876/919/666 883/920/666 942/921/666
f 942/921/667 883/920/667 1002/922/667
f 830/923/668 883/920/668 876/919/668
f 943/924/669 1003/925/669 830/923/669
f 830/923/670 1003/925/670 883/920/670
f 928/926/671 914/927/671 1028/928/671
f 884/929/672 914/927/672 928/926/672
f 884/929/673 1029/930/673 914/927/673
f 2241/931/674 2378/932/674 2299/933/674
f 1169/934/675 1193/935/675 1184/936/675
f 1824/937/676 1858/938/676 1740/347/676
f 2646/939/677 2626/940/678 1620/941/679
f 1620/941/679 2626/940/678 2089/942/680
f 2626/940/681 2602/943/682 2089/942/683
f 2626/940/681 3039/944/684 2602/943/682
f 3472/939/685 2844/945/686 2294/946/687
f 2294/946/687 2844/945/686 2118/942/688
f 2844/945/689 1942/943/690 2118/942/691
f 2844/945/689 2718/947/692 1942/943/690
f 2802/939/693 2471/948/694 3273/949/695
f 3273/949/695 2471/948/694 3449/942/696
f 2471/948/697 3235/943/698 3449/942/699
f 2471/948/697 2129/950/700 3235/943/698
f 3659/939/701 3171/951/702 3081/952/703
f 3081/952/703 3171/951/702 2723/942/704
f 3171/951/705 2291/943/706 2723/942/707
f 3171/951/705 2835/953/708 2291/943/706
f 2304/939/709 2872/954/710 2570/946/711
f 2570/946/711 2872/954/710 3244/942/712
f 2872/954/713 3574/943/713 3244/942/714
f 2872/954/713 3313/955/715 3574/943/713
f 2536/939/716 2318/956/717 3156/941/718
f 3156/941/718 2318/956/717 3477/942/719
f 2318/956/720 3355/943/721 3477/942/722
f 2318/956/720 2101/957/723 3355/943/721
f 3696/939/724 3334/958/725 2952/949/726
f 2952/949/726 3334/958/725 2803/942/727
f 3334/958/728 2638/943/729 2803/942/730
f 3334/958/728 3212/959/731 2638/943/729
f 2623/939/732 2992/960/733 3099/961/734
f 3099/961/734 2992/960/733 3627/942/735
f 2992/960/736 3719/943/737 3627/942/738
f 2992/960/736 3287/962/739 3719/943/737
f 3577/939/740 3330/963/741 3707/961/742
f 3707/961/742 3330/963/741 3704/942/743
f 3330/963/744 3572/943/745 3704/942/746
f 3330/963/744 2996/964/747 3572/943/745
f 3071/939/748 3354/965/749 2782/941/750
f 2782/941/750 3354/965/749 3253/942/751
f 3354/965/752 3587/943/753 3253/942/754
f 3354/965/752 3648/966/755 3587/943/753
f 1794/939/756 2361/967/757 2177/946/758
f 2177/946/758 2361/967/757 3079/942/759
f 2361/967/760 3416/943/761 3079/942/762
f 2361/967/760 2892/968/763 3416/943/761
f 2057/939/764 2683/969/765 2423/949/766
f 2423/949/766 2683/969/765 3199/942/767
f 2683/969/768 3534/943/769 3199/942/770
f 2683/969/768 3147/970/771 3534/943/769
f 2740/939/772 2604/971/773 3274/972/774
f 3274/972/774 2604/971/773 3569/942/775
f 2604/971/776 3505/943/776 3569/942/776
f 2604/971/776 2450/973/777 3505/943/776
f 2950/939/778 2920/974/779 1953/975/780
f 1953/975/780 2920/974/779 2457/942/781
f 2920/974/782 2887/943/783 2457/942/784
f 2920/974/782 3268/976/785 2887/943/783
f 1287/939/786 1767/977/787 1582/949/788
f 1582/949/788 1767/977/787 2523/942/789
f 1767/977/790 3034/943/791 2523/942/792
f 1767/977/790 2340/978/793 3034/943/791
f 1106/939/794 1510/979/795 1371/980/796
f 1371/980/796 1510/979/795 2283/942/797
f 1510/979/798 2820/943/799 2283/942/800
f 1510/979/798 2045/981/801 2820/943/799
f 1958/939/802 1483/982/803 917/983/804
f 917/983/804 1483/982/803 1032/942/805
f 1483/982/806 1124/943/807 1032/942/807
f 1483/982/806 1677/984/808 1124/943/807
f 1274/939/809 1229/985/810 1948/986/811
f 1948/986/811 1229/985/810 2652/942/812
f 1229/985/813 2561/943/814 2652/942/815
f 1229/985/813 1153/987/816 2561/943/814
f 2541/939/817 2213/988/818 3104/972/819
f 3104/972/819 2213/988/818 3310/942/820
f 2213/988/821 3121/943/822 3310/942/822
f 2213/988/821 1902/989/823 3121/943/822
f 2905/939/824 2671/990/825 3376/952/826
f 3376/952/826 2671/990/825 3575/942/827
f 2671/990/828 3445/943/829 3575/942/830
f 2671/990/828 2363/991/831 3445/943/829
f 3703/939/832 3423/992/833 3631/980/834
f 3631/980/834 3423/992/833 3320/942/835
f 3423/992/836 2863/943/837 3320/942/838
f 3423/992/836 3025/993/839 2863/943/837
f 2653/939/840 3166/994/840 2769/995/840
f 3166/994/841 3522/996/842 3583/997/843
f 2769/995/844 3166/994/844 3325/942/844
f 3166/994/841 3583/997/843 3325/942/845
f 2664/939/846 2601/998/847 3256/972/848
f 3256/972/848 2601/998/847 3612/942/849
f 2601/998/850 3592/943/851 3612/942/852
f 2601/998/850 2534/999/853 3592/943/851
f 3776/939/854 3597/1000/855 3450/941/856
f 3450/941/856 3597/1000/855 3261/942/857
f 3597/1000/858 3064/943/859 3261/942/860
f 3597/1000/858 3458/1001/861 3064/943/859
f 2946/939/862 3288/1002/863 3282/1003/864
f 3282/1003/864 3288/1002/863 3689/942/865
f 3288/1002/866 3763/943/867 3689/942/868
f 3288/1002/866 3552/1004/869 3763/943/867
f 3711/939/870 3536/1005/871 3747/980/872
f 3747/980/872 3536/1005/871 3681/942/873
f 3536/1005/874 3462/943/875 3681/942/876
f 3536/1005/874 3176/1006/877 3462/943/875
f 3507/939/878 3480/1007/878 2828/1003/879
f 2828/1003/879 3480/1007/878 3175/942/879
f 3480/1007/880 3451/943/880 3175/942/880
f 3480/1007/880 3654/1008/880 3451/943/880
f 2896/939/881 2703/1009/882 3392/946/883
f 3392/946/883 2703/1009/882 3609/942/884
f 2703/1009/885 3511/943/886 3609/942/887
f 2703/1009/885 2445/1010/888 3511/943/886
f 3691/939/889 3455/1011/890 3676/983/891
f 3676/983/891 3455/1011/890 3425/942/892
f 3455/1011/893 3019/943/893 3425/942/894
f 3455/1011/893 3062/1012/893 3019/943/893
f 2704/939/895 3278/1013/895 2807/941/895
f 2704/939/895 3190/1014/895 3278/1013/895
f 3190/1014/896 3555/1015/896 3278/1013/896
f 3278/1013/896 3555/1015/896 3649/943/896
f 2287/939/897 2779/1016/898 2754/972/899
f 2754/972/899 2779/1016/898 3426/942/900
f 2779/1016/901 3646/943/902 3426/942/902
f 2779/1016/901 3172/1017/901 3646/943/902
f 3402/939/903 3074/1018/904 3596/961/905
f 3596/961/905 3074/1018/904 3535/942/906
f 3074/1018/907 3214/943/908 3535/942/909
f 3074/1018/907 2588/1019/910 3214/943/908
f 2965/939/911 3129/1020/912 2289/1003/913
f 2289/1003/913 3129/1020/912 2830/942/914
f 3129/1020/915 3247/943/916 2830/942/917
f 3129/1020/915 3470/1021/918 3247/943/916
f 1761/939/919 2407/1022/920 1736/961/921
f 1736/961/921 2407/1022/920 2394/942/922
f 2407/1022/923 3004/943/924 2394/942/925
f 2407/1022/923 3016/1023/926 3004/943/924
f 1750/939/927 2399/1024/928 1733/972/929
f 1733/972/929 2399/1024/928 2387/942/930
f 2399/1024/931 2995/943/932 2387/942/933
f 2399/1024/931 3006/1025/934 2995/943/932
f 1654/939/935 1743/1018/936 2401/980/937
f 2401/980/937 1743/1018/936 3151/942/938
f 1743/1018/939 3206/943/940 3151/942/941
f 1743/1018/939 1849/1026/942 3206/943/940
f 2969/939/943 2309/1027/944 1618/1028/945
f 1618/1028/945 2309/1027/944 1608/942/946
f 2309/1027/947 1593/943/948 1608/942/949
f 2309/1027/947 2303/1029/950 1593/943/948
f 1042/939/951 1346/1030/952 1347/1031/953
f 1347/1031/953 1346/1030/952 2300/942/954
f 1346/1030/955 2788/943/956 2300/942/957
f 1346/1030/955 1791/1032/958 2788/943/956
f 3170/939/959 2492/1033/960 2922/961/961
f 2922/961/961 2492/1033/960 2320/942/962
f 2492/1033/963 1682/943/964 2320/942/965
f 2492/1033/963 1840/1034/966 1682/943/964
f 1905/939/967 2158/1020/968 1291/946/969
f 1291/946/969 2158/1020/968 1792/942/970
f 2158/1020/971 2373/943/972 1792/942/973
f 2158/1020/971 2738/1035/974 2373/943/972
f 1551/939/975 1422/1036/976 2311/972/977
f 2311/972/977 1422/1036/976 2883/942/978
f 1422/1036/979 2772/943/980 2883/942/981
f 1422/1036/979 1318/1037/982 2772/943/980
f 2851/939/983 1963/1038/983 1711/1039/983
f 1711/1039/984 1963/1038/984 1420/942/984
f 1963/1038/985 1213/943/986 1420/942/987
f 1963/1038/985 1671/1040/988 1213/943/986
f 1211/939/989 1111/1041/990 651/961/991
f 651/961/991 1111/1041/990 839/942/992
f 1111/1041/993 1046/943/994 839/942/995
f 1111/1041/993 1406/1042/996 1046/943/994
f 628/939/997 645/967/998 947/946/999
f 947/946/999 645/967/998 1464/942/1000
f 645/967/1001 1521/943/1002 1464/942/1003
f 645/967/1001 664/1043/1004 1521/943/1002
f 1241/939/1005 887/1044/1006 542/983/1007
f 542/983/1007 887/1044/1006 598/942/1008
f 887/1044/1009 642/943/1010 598/942/1011
f 887/1044/1009 967/1045/1012 642/943/1010
f 439/939/1013 625/1046/1014 584/1003/1015
f 584/1003/1015 625/1046/1014 979/942/1016
f 625/1046/1017 1292/943/1018 979/942/1019
f 625/1046/1017 840/1047/1020 1292/943/1018
f 1174/939/1021 850/1048/1022 1264/1003/1023
f 1264/1003/1023 850/1048/1022 963/942/1024
f 850/1048/1025 679/943/1026 963/942/1027
f 850/1048/1025 600/1049/1028 679/943/1026
f 3105/939/1029 3347/1050/1030 3476/980/1031
f 3476/980/1031 3347/1050/1030 3750/942/1032
f 3347/1050/1033 3783/943/1034 3750/942/1035
f 3347/1050/1033 3556/1051/1036 3783/943/1034
f 3793/939/1037 3769/985/1038 3785/986/1039
f 3785/986/1039 3769/985/1038 3729/942/1040
f 3769/985/1041 3593/943/1042 3729/942/1043
f 3769/985/1041 3686/1052/1044 3593/943/1042
f 3471/939/1045 3673/1053/1046 3630/949/1047
f 3630/949/1047 3673/1053/1046 3780/942/1048
f 3673/1053/1049 3792/943/1050 3780/942/1051
f 3673/1053/1049 3761/1054/1052 3792/943/1050
f 3658/939/1053 3602/1055/1054 3772/946/1055
f 3772/946/1055 3602/1055/1054 3791/942/1056
f 3602/1055/1057 3790/943/1058 3791/942/1059
f 3602/1055/1057 3517/1056/1060 3790/943/1058
f 3778/939/1061 3694/1057/1062 3349/986/1063
f 3349/986/1063 3694/1057/1062 3435/942/1064
f 3694/1057/1065 3509/943/1066 3435/942/1067
f 3694/1057/1065 3724/1058/1068 3509/943/1066
f 1805/939/1069 2305/1059/1070 1528/1003/1071
f 1528/1003/1071 2305/1059/1070 2165/942/1072
f 2305/1059/1073 2795/943/1074 2165/942/1075
f 2305/1059/1073 2902/1060/1076 2795/943/1074
f 1853/939/1077 2351/990/1078 1559/1003/1079
f 1559/1003/1079 2351/990/1078 2209/942/1080
f 2351/990/1081 2825/943/1082 2209/942/1083
f 2351/990/1081 2953/1061/1084 2825/943/1082
f 3154/939/1085 2328/1062/1086 1868/941/1087
f 1868/941/1087 2328/1062/1086 1639/942/1088
f 2328/1062/1089 1423/943/1090 1639/942/1091
f 2328/1062/1089 2071/1063/1092 1423/943/1090
f 1517/939/1093 1856/1011/1094 2122/946/1095
f 2122/946/1095 1856/1011/1094 3042/942/1096
f 1856/1011/1097 3272/943/1097 3042/942/1097
f 1856/1011/1097 2214/1064/1097 3272/943/1097
f 2713/939/1098 2636/1065/1099 1636/983/1100
f 1636/983/1100 2636/1065/1099 2060/942/1101
f 2636/1065/1102 2556/943/1103 2060/942/1103
f 2636/1065/1102 3023/1066/1102 2556/943/1103
f 2870/939/1104 2804/1067/1105 1795/1031/1106
f 1795/1031/1106 2804/1067/1105 2257/942/1107
f 2804/1067/1108 2730/943/1109 2257/942/1110
f 2804/1067/1108 3160/1068/1111 2730/943/1109
f 3563/939/1112 2954/1069/1113 2812/949/1114
f 2812/949/1114 2954/1069/1113 2414/942/1115
f 2954/1069/1116 1989/943/1117 2414/942/1118
f 2954/1069/1116 2603/1070/1119 1989/943/1117
f 2061/939/1120 2982/1013/1120 2728/941/1120
f 2061/939/1120 2406/1014/1120 2982/1013/1120
f 2406/1014/1121 2736/1071/1121 2982/1013/1121
f 2982/1013/1121 2736/1071/1121 3557/943/1121
f 3444/939/1122 2850/1030/1123 2215/980/1124
f 2215/980/1124 2850/1030/1123 2111/942/1125
f 2850/1030/1126 1998/943/1127 2111/942/1128
f 2850/1030/1126 2773/1072/1129 1998/943/1127
f 3539/939/1130 3143/1073/1131 3496/949/1132
f 3496/949/1132 3143/1073/1131 3122/942/1133
f 3143/1073/1134 2572/943/1135 3122/942/1136
f 3143/1073/1134 2613/1074/1137 2572/943/1135
f 2242/939/1138 2833/1075/1138 2482/946/1139
f 2482/946/1139 2833/1075/1138 3183/942/1139
f 2833/1075/1140 3541/943/1140 3183/942/1140
f 2833/1075/1140 3284/1076/1140 3541/943/1140
f 2147/939/1141 2715/1030/1142 1952/1031/1143
f 1952/1031/1143 2715/1030/1142 2633/942/1144
f 2715/1030/1145 3153/943/1146 2633/942/1147
f 2715/1030/1145 3204/1077/1148 3153/943/1146
f 2232/939/1149 2043/1048/1150 2919/1003/1151
f 2919/1003/1151 2043/1048/1150 3304/942/1152
f 2043/1048/1153 3193/943/1154 3304/942/1155
f 2043/1048/1153 1890/1078/1156 3193/943/1154
f 3277/939/1157 2637/1079/1157 2183/1080/1157
f 2183/1080/1158 2637/1079/1158 1965/942/1158
f 2637/1079/1159 1769/943/1160 1965/942/1161
f 2637/1079/1159 2416/1081/1162 1769/943/1160
f 2324/939/1163 2660/1082/1164 1739/961/1165
f 1739/961/1165 2660/1082/1164 2354/942/1166
f 2660/1082/1167 2914/943/1168 2354/942/1169
f 2660/1082/1167 3146/1083/1170 2914/943/1168
f 3338/939/1171 2670/1084/1172 2145/1085/1173
f 2145/1085/1173 2670/1084/1172 1934/942/1174
f 2670/1084/1175 1744/943/1176 1934/942/1177
f 2670/1084/1175 2469/1086/1178 1744/943/1176
f 2104/939/1179 2093/1044/1180 2864/972/1181
f 2864/972/1181 2093/1044/1180 3394/942/1182
f 2093/1044/1183 3389/943/1184 3394/942/1185
f 2093/1044/1183 2072/1087/1186 3389/943/1184
f 3510/939/1187 2836/1088/1188 2714/980/1189
f 2714/980/1189 2836/1088/1188 2278/942/1190
f 2836/1088/1191 1846/943/1192 2278/942/1193
f 2836/1088/1191 2444/1089/1194 1846/943/1192
f 1896/939/1195 2372/1090/1196 2421/946/1197
f 2421/946/1197 2372/1090/1196 3262/942/1198
f 2372/1090/1199 3521/943/1200 3262/942/1201
f 2372/1090/1199 2834/1091/1202 3521/943/1200
f 3579/939/1203 3014/1062/1204 2649/961/1205
f 2649/961/1205 3014/1062/1204 2355/942/1206
f 3014/1062/1207 2056/943/1208 2355/942/1209
f 3014/1062/1207 2780/1092/1210 2056/943/1208
f 3644/939/1211 3344/1093/1212 3664/980/1213
f 3664/980/1213 3344/1093/1212 3460/942/1214
f 3344/1093/1215 3077/943/1216 3460/942/1217
f 3344/1093/1215 2885/1094/1218 3077/943/1216
f 2635/939/1219 3110/1095/1219 2901/1096/1219
f 3110/1095/1220 3456/996/1221 3599/1097/1222
f 2901/1096/1223 3110/1095/1223 3494/942/1223
f 3110/1095/1220 3599/1097/1222 3494/942/1224
f 2891/939/1225 2837/1098/1226 3415/952/1227
f 3415/952/1227 2837/1098/1226 3679/942/1228
f 2837/1098/1229 3662/943/1230 3679/942/1231
f 2837/1098/1229 2787/1099/1232 3662/943/1230
f 3438/939/1233 3195/1100/1234 2398/983/1235
f 2398/983/1235 3195/1100/1234 2689/942/1236
f 3195/1100/1237 2903/943/1237 2689/942/1237
f 3195/1100/1237 3366/1101/1238 2903/943/1237
f 3608/939/1239 3322/940/1240 2681/941/1241
f 2681/941/1241 3322/940/1240 2797/942/1242
f 3322/940/1243 2899/943/1244 2797/942/1245
f 3322/940/1243 3399/1102/1246 2899/943/1244
f 3525/939/1247 3234/1103/1248 3675/983/1248
f 3234/1103/1249 2858/996/1250 3187/1104/1251
f 3675/983/1248 3234/1103/1248 3657/942/1248
f 3234/1103/1249 3187/1104/1251 3657/942/1252
f 3771/939/1253 3601/985/1254 3670/1105/1255
f 3670/1105/1255 3601/985/1254 3452/942/1256
f 3601/985/1257 3096/943/1258 3452/942/1259
f 3601/985/1257 3303/1106/1260 3096/943/1258
f 2985/939/1261 3293/1103/1261 3342/946/1262
f 3342/946/1262 3293/1103/1261 3708/942/1263
f 3293/1103/1264 3766/943/1264 3708/942/1264
f 3293/1103/1264 3530/1107/1264 3766/943/1264
f 3258/939/1265 3328/1108/1266 3632/961/1267
f 3632/961/1267 3328/1108/1266 3774/942/1268
f 3328/1108/1269 3781/943/1270 3774/942/1271
f 3328/1108/1269 3393/1109/1272 3781/943/1270
f 3789/939/1273 3730/1110/1274 3787/1111/1275
f 3787/1111/1275 3730/1110/1274 3722/942/1276
f 3730/1110/1277 3551/943/1278 3722/942/1278
f 3730/1110/1277 3567/1112/1279 3551/943/1278
f 3614/939/1280 3503/1113/1280 3189/952/1280
f 3614/939/1280 3733/1014/1280 3503/1113/1280
f 3733/1014/1281 3749/1114/1281 3503/1113/1281
f 3503/1113/1281 3749/1114/1281 3682/943/1281
f 3586/939/1282 3380/985/1283 3728/1003/1284
f 3728/1003/1284 3380/985/1283 3752/942/1285
f 3380/985/1286 3687/943/1287 3752/942/1288
f 3380/985/1286 3131/1115/1289 3687/943/1287
f 3788/939/1290 3690/1018/1291 3742/961/1292
f 3742/961/1292 3690/1018/1291 3629/942/1293
f 3690/1018/1294 3341/943/1295 3629/942/1296
f 3690/1018/1294 3495/1116/1297 3341/943/1295
f 3301/939/1298 3613/1117/1298 3375/946/1298
f 3613/1117/1299 3744/996/1300 3760/1118/1301
f 3375/946/1298 3613/1117/1298 3685/942/1302
f 3613/1117/1299 3760/1118/1301 3685/942/1303
f 3784/939/1304 3715/1119/1305 3786/961/1306
f 3786/961/1306 3715/1119/1305 3723/942/1307
f 3715/1119/1308 3558/943/1309 3723/942/1310
f 3715/1119/1308 3537/1120/1311 3558/943/1309
f 3484/939/1312 3669/1121/1313 3335/941/1314
f 3335/941/1314 3669/1121/1313 3639/942/1315
f 3669/1121/1316 3754/943/1317 3639/942/1318
f 3669/1121/1316 3764/1122/1319 3754/943/1317
f 3605/939/1320 3485/1123/1321 3745/941/1322
f 3745/941/1322 3485/1123/1321 3782/942/1323
f 3485/1123/1324 3756/943/1325 3782/942/1326
f 3485/1123/1324 3327/1124/1327 3756/943/1325
f 3695/939/1328 3643/1018/1329 3115/1031/1330
f 3115/1031/1330 3643/1018/1329 3337/942/1331
f 3643/1018/1332 3529/943/1333 3337/942/1334
f 3643/1018/1332 3713/1125/1335 3529/943/1333
f 3191/939/1336 3196/1126/1337 2336/941/1338
f 2336/941/1338 3196/1126/1337 2822/942/1339
f 3196/1126/1340 3200/943/1341 2822/942/1342
f 3196/1126/1340 3493/1127/1343 3200/943/1341
f 3369/939/1344 3384/1020/1345 2684/986/1346
f 2684/986/1346 3384/1020/1345 3102/942/1347
f 3384/1020/1348 3400/943/1349 3102/942/1349
f 3384/1020/1348 3622/1128/1350 3400/943/1349
f 3762/939/1351 3546/1129/1352 3598/949/1353
f 3598/949/1353 3546/1129/1352 3332/942/1354
f 3546/1129/1355 2960/943/1356 3332/942/1357
f 3546/1129/1355 3259/1130/1358 2960/943/1356
f 2859/939/1359 3163/1131/1360 3305/986/1361
f 3305/986/1361 3163/1131/1360 3701/942/1362
f 3163/1131/1363 3758/943/1364 3701/942/1365
f 3163/1131/1363 3390/991/1366 3758/943/1364
f 3145/939/1367 2958/1030/1368 1979/980/1369
f 1979/980/1369 2958/1030/1368 2376/942/1370
f 2958/1030/1371 2765/943/1372 2376/942/1373
f 2958/1030/1371 3226/1132/1374 2765/943/1372
f 2325/939/1375 2550/1133/1376 2963/1134/1377
f 2963/1134/1377 2550/1133/1376 3516/942/1378
f 2550/1133/1379 3604/943/1379 3516/942/1379
f 2550/1133/1379 2744/1135/1379 3604/943/1379
f 3751/939/1380 3487/998/1381 3515/972/1382
f 3515/972/1382 3487/998/1381 3213/942/1383
f 3487/998/1384 2824/943/1385 3213/942/1386
f 3487/998/1384 3177/999/1387 2824/943/1385
f 2743/939/1388 3135/1136/1389 3128/961/1390
f 3128/961/1390 3135/1136/1389 3642/942/1391
f 3135/1136/1392 3738/943/1393 3642/942/1394
f 3135/1136/1392 3446/1137/1395 3738/943/1393
f 3684/939/1396 3443/992/1397 2846/1031/1398
f 2846/1031/1398 3443/992/1397 2930/942/1399
f 3443/992/1400 3024/943/1401 2930/942/1402
f 3443/992/1400 3489/1138/1403 3024/943/1401
f 3765/939/1404 3573/1139/1405 3633/1140/1406
f 3633/1140/1406 3573/1139/1405 3373/942/1407
f 3573/1139/1408 3030/943/1408 3373/942/1408
f 3573/1139/1408 3296/1141/1409 3030/943/1408
f 2980/939/1410 3364/1142/1411 3225/952/1412
f 3225/952/1412 3364/1142/1411 3663/942/1413
f 3364/1142/1414 3757/943/1415 3663/942/1416
f 3364/1142/1414 3637/1143/1417 3757/943/1415
f 3721/939/1418 3409/1144/1419 3538/941/1420
f 3538/941/1420 3409/1144/1419 3203/942/1421
f 3409/1144/1422 2760/943/1423 3203/942/1424
f 3409/1144/1422 3055/1145/1425 2760/943/1423
f 3167/939/1426 3109/1146/1427 3582/961/1428
f 3582/961/1428 3109/1146/1427 3739/942/1429
f 3109/1146/1430 3725/943/1431 3739/942/1432
f 3109/1146/1430 3043/1147/1433 3725/943/1431
f 3475/939/1434 3406/1148/1435 2686/972/1436
f 2686/972/1436 3406/1148/1435 3076/942/1437
f 3406/1148/1438 3350/943/1439 3076/942/1440
f 3406/1148/1438 3616/1149/1441 3350/943/1439
f 3655/939/1442 3398/1033/1443 3717/980/1444
f 3717/980/1444 3398/1033/1443 3666/942/1445
f 3398/1033/1446 3436/943/1447 3666/942/1448
f 3398/1033/1446 3028/1150/1449 3436/943/1447
f 3418/939/1450 3428/1151/1451 2742/1111/1452
f 2742/1111/1452 3428/1151/1451 3134/942/1453
f 3428/1151/1454 3439/943/1455 3134/942/1456
f 3428/1151/1454 3645/1152/1457 3439/943/1455
f 2829/939/1458 1827/1153/1459 1673/980/1460
f 1673/980/1460 1827/1153/1459 1316/942/1461
f 1827/1153/1462 1059/943/1463 1316/942/1464
f 1827/1153/1462 1428/1154/1465 1059/943/1463
f 951/939/1466 1275/1155/1467 1145/946/1468
f 1145/946/1468 1275/1155/1467 1924/942/1469
f 1275/1155/1470 2511/943/1470 1924/942/1471
f 1275/1155/1470 1748/1156/1470 2511/943/1470
f 2360/939/1472 1665/1084/1473 2269/1003/1474
f 2269/1003/1474 1665/1084/1473 1617/942/1475
f 1665/1084/1476 1118/943/1477 1617/942/1477
f 1665/1084/1476 1151/1157/1476 1118/943/1477
f 1951/939/1478 1556/1158/1479 918/1140/1480
f 918/1140/1480 1556/1158/1479 1079/942/1481
f 1556/1158/1482 1261/943/1483 1079/942/1484
f 1556/1158/1482 1850/1159/1485 1261/943/1483
f 1518/939/1486 1257/1160/1487 2166/949/1488
f 2166/949/1488 1257/1160/1487 2463/942/1489
f 1257/1160/1490 2063/943/1491 2463/942/1492
f 1257/1160/1490 1040/1161/1493 2063/943/1491
f 2574/939/1494 1586/1162/1495 1321/941/1496
f 1321/941/1496 1586/1162/1495 1105/942/1497
f 1586/1162/1498 939/943/1499 1105/942/1499
f 1586/1162/1498 1322/1163/1500 939/943/1499
f 1061/939/1501 1162/1164/1502 711/961/1503
f 711/961/1503 1162/1164/1502 968/942/1504
f 1162/1164/1505 1304/943/1506 968/942/1507
f 1162/1164/1505 1598/1165/1508 1304/943/1506
f 2075/939/1509 1296/1166/1510 1558/941/1511
f 1558/941/1511 1296/1166/1510 1113/942/1512
f 1296/1166/1513 825/943/1514 1113/942/1515
f 1296/1166/1513 940/1167/1516 825/943/1514
f 1915/939/1517 1295/1139/1518 867/1140/1519
f 867/1140/1519 1295/1139/1518 879/942/1520
f 1295/1139/1521 888/943/1521 879/942/1522
f 1295/1139/1521 1314/1141/1523 888/943/1521
f 996/939/1524 984/1168/1525 1467/949/1526
f 1467/949/1526 984/1168/1525 2182/942/1527
f 984/1168/1528 2164/943/1529 2182/942/1530
f 984/1168/1528 969/1169/1531 2164/943/1529
f 1090/939/1532 1511/1170/1533 1265/961/1534
f 1265/961/1534 1511/1170/1533 2034/942/1535
f 1511/1170/1536 2680/943/1537 2034/942/1538
f 1511/1170/1536 2103/1171/1539 2680/943/1537
f 2770/939/1540 1883/1172/1540 2180/946/1540
f 2180/946/1540 1883/1172/1540 1590/942/1540
f 1883/1172/1541 1141/943/1541 1590/942/1541
f 1883/1172/1541 1342/1173/1542 1141/943/1541
f 3100/939/1543 2410/1174/1544 2912/961/1545
f 2912/961/1545 2410/1174/1544 2310/942/1546
f 2410/1174/1547 1664/943/1548 2310/942/1549
f 2410/1174/1547 1760/1175/1550 1664/943/1548
f 1401/939/1551 1900/1176/1552 1825/986/1553
f 1825/986/1553 1900/1176/1552 2806/942/1554
f 1900/1176/1555 3197/943/1556 2806/942/1557
f 1900/1176/1555 2429/1177/1558 3197/943/1556
f 3312/939/1559 2687/1153/1560 1987/980/1561
f 1987/980/1561 2687/1153/1560 1906/942/1562
f 2687/1153/1563 1817/943/1564 1906/942/1565
f 2687/1153/1563 2600/1178/1566 1817/943/1564
f 3611/939/1567 3124/1179/1568 3280/1180/1569
f 3280/1180/1569 3124/1179/1568 2847/942/1570
f 3124/1179/1571 2297/943/1572 2847/942/1573
f 3124/1179/1571 2643/1181/1574 2297/943/1572
f 2201/939/1575 2722/1182/1576 2678/941/1577
f 2678/941/1577 2722/1182/1576 3377/942/1578
f 2722/1182/1579 3621/943/1580 3377/942/1580
f 2722/1182/1579 3130/1183/1581 3621/943/1580
f 2793/939/1582 2618/1184/1583 3326/972/1584
f 3326/972/1584 2618/1184/1583 3595/942/1585
f 2618/1184/1586 3506/943/1587 3595/942/1588
f 2618/1184/1586 2390/1185/1589 3506/943/1587
f 3003/939/1590 2979/1121/1591 2015/949/1592
f 2015/949/1592 2979/1121/1591 2538/942/1593
f 2979/1121/1594 2961/943/1595 2538/942/1596
f 2979/1121/1594 3306/1186/1597 2961/943/1595
f 3066/939/1598 2105/1139/1599 1738/972/1600
f 1738/972/1600 2105/1139/1599 1444/942/1601
f 2105/1139/1602 1239/943/1603 1444/942/1604
f 2105/1139/1602 1798/1187/1605 1239/943/1603
f 3186/939/1606 2356/992/1607 1903/980/1608
f 1903/980/1608 2356/992/1607 1650/942/1609
f 2356/992/1610 1402/943/1611 1650/942/1612
f 2356/992/1610 2064/1188/1613 1402/943/1611
f 3085/939/1614 2524/1189/1615 3209/961/1616
f 3209/961/1616 2524/1189/1615 2926/942/1617
f 2524/1189/1618 2343/943/1619 2926/942/1620
f 2524/1189/1618 1888/1190/1621 2343/943/1619
f 2425/939/1622 1994/1191/1622 1512/1111/1622
f 2425/939/1622 2886/1014/1622 1994/1191/1622
f 2886/1014/1623 2924/1192/1623 1994/1191/1624
f 1994/1191/1624 2924/1192/1623 2515/943/1625
f 2076/939/1626 1527/1193/1627 2468/983/1628
f 2468/983/1628 1527/1193/1627 2236/942/1629
f 1527/1193/1630 1666/943/1631 2236/942/1632
f 1527/1193/1630 1107/1194/1633 1666/943/1631
f 1966/939/1634 1426/1195/1635 2327/986/1636
f 2327/986/1636 1426/1195/1635 2070/942/1637
f 1426/1195/1638 1523/943/1639 2070/942/1640
f 1426/1195/1638 1060/1196/1641 1523/943/1639
f 1020/939/1642 1102/1197/1643 1496/980/1644
f 1496/980/1644 1102/1197/1643 2417/942/1645
f 1102/1197/1646 2620/943/1647 2417/942/1648
f 1102/1197/1646 1235/1198/1649 2620/943/1647
f 2551/939/1650 1588/1030/1651 1437/1199/1652
f 1437/1199/1652 1588/1030/1651 1158/942/1653
f 1588/1030/1654 956/943/1655 1158/942/1656
f 1588/1030/1654 1273/1200/1657 956/943/1655
f 1323/939/1658 1085/988/1659 1862/972/1660
f 1862/972/1660 1085/988/1659 2088/942/1661
f 1085/988/1662 1718/943/1663 2088/942/1663
f 1085/988/1662 892/1201/1664 1718/943/1663
f 1146/939/1665 952/1202/1666 1646/941/1667
f 1646/941/1667 952/1202/1666 1904/942/1668
f 952/1202/1669 1536/943/1670 1904/942/1671
f 952/1202/1669 776/1203/1672 1536/943/1670
f 717/939/1673 989/1204/1674 844/980/1675
f 844/980/1675 989/1204/1674 1335/942/1676
f 989/1204/1677 1886/943/1678 1335/942/1679
f 989/1204/1677 1345/1205/1680 1886/943/1678
f 2007/939/1681 1178/1206/1682 1255/975/1683
f 1255/975/1683 1178/1206/1682 941/942/1684
f 1178/1206/1685 710/943/1686 941/942/1687
f 1178/1206/1685 893/1207/1688 710/943/1686
f 3779/939/1689 3603/1208/1690 3591/1031/1691
f 3591/1031/1691 3603/1208/1690 3351/942/1692
f 3603/1208/1693 3048/943/1694 3351/942/1695
f 3603/1208/1693 3363/1209/1696 3048/943/1694
f 3123/939/1697 3201/1210/1698 3553/980/1699
f 3553/980/1699 3201/1210/1698 3755/942/1700
f 3201/1210/1701 3770/943/1702 3755/942/1703
f 3201/1210/1701 3297/1211/1704 3770/943/1702
f 3767/939/1705 3668/1212/1706 3768/949/1707
f 3768/949/1707 3668/1212/1706 3674/942/1708
f 3668/1212/1709 3422/943/1710 3674/942/1711
f 3668/1212/1709 3401/1213/1712 3422/943/1710
f 3309/939/1713 3576/1214/1714 3158/980/1715
f 3158/980/1715 3576/1214/1714 3520/942/1716
f 3576/1214/1717 3712/943/1718 3520/942/1719
f 3576/1214/1717 3734/1215/1720 3712/943/1718
f 2813/939/1721 3255/1098/1722 3084/952/1723
f 3084/952/1723 3255/1098/1722 3580/942/1724
f 3255/1098/1725 3726/943/1726 3580/942/1727
f 3255/1098/1725 3570/987/1728 3726/943/1726
f 3162/939/1729 3133/1216/1730 3581/980/1731
f 3581/980/1731 3133/1216/1730 3746/942/1732
f 3133/1216/1733 3740/943/1734 3746/942/1735
f 3133/1216/1733 3118/1217/1736 3740/943/1734
f 3519/939/1737 3395/1218/1738 2669/1031/1739
f 2669/1031/1739 3395/1218/1738 2991/942/1740
f 3395/1218/1741 3260/943/1742 2991/942/1743
f 3395/1218/1741 3585/1219/1744 3260/943/1742
f 2986/939/1745 2719/1220/1746 3420/983/1747
f 3420/983/1747 2719/1220/1746 3584/942/1748
f 2719/1220/1749 3424/943/1750 3584/942/1751
f 2719/1220/1749 2368/1221/1752 3424/943/1750
f 3243/939/1753 2947/1222/1754 2026/972/1755
f 2026/972/1755 2947/1222/1754 2307/942/1756
f 2947/1222/1757 2577/943/1758 2307/942/1759
f 2947/1222/1757 3136/1223/1757 2577/943/1758
f 1876/939/1760 2131/1022/1761 2598/961/1762
f 2598/961/1762 2131/1022/1761 3319/942/1763
f 2131/1022/1764 3463/943/1765 3319/942/1766
f 2131/1022/1764 2370/1224/1767 3463/943/1765
f 3359/939/1768 2811/1225/1768 2200/946/1769
f 2811/1225/1770 3275/996/1771 2021/1226/1770
f 2200/946/1769 2811/1225/1768 2121/942/1769
f 2811/1225/1770 2021/1226/1770 2121/942/1772
f 1308/939/1773 1814/1227/1774 1591/1031/1775
f 1591/1031/1775 1814/1227/1774 2544/942/1776
f 1814/1227/1777 3059/943/1778 2544/942/1779
f 1814/1227/1777 2392/1228/1780 3059/943/1778
f 3148/939/1781 2271/1142/1782 2322/986/1783
f 2322/986/1783 2271/1142/1782 1806/942/1784
f 2271/1142/1785 1334/943/1786 1806/942/1787
f 2271/1142/1785 1737/1229/1788 1334/943/1786
f 2052/939/1789 2058/1204/1790 1223/980/1791
f 1223/980/1791 2058/1204/1790 1594/942/1792
f 2058/1204/1793 2082/943/1794 1594/942/1795
f 2058/1204/1793 2606/1230/1796 2082/943/1794
f 2270/939/1797 1841/960/1798 2823/949/1799
f 2823/949/1799 1841/960/1798 2955/942/1800
f 1841/960/1801 2593/943/1802 2955/942/1803
f 1841/960/1801 1441/1231/1804 2593/943/1802
f 3210/939/1805 2745/1232/1806 3339/972/1807
f 3339/972/1807 2745/1232/1806 3075/942/1808
f 2745/1232/1809 2508/943/1809 3075/942/1809
f 2745/1232/1809 2095/1233/1810 2508/943/1809
f 2150/939/1811 2756/945/1812 2042/1234/1813
f 2042/1234/1813 2756/945/1812 2729/942/1814
f 2756/945/1815 3211/943/1816 2729/942/1817
f 2756/945/1815 3236/1235/1818 3211/943/1816
f 2308/939/1819 2124/1214/1820 3000/980/1821
f 3000/980/1821 2124/1214/1820 3362/942/1822
f 2124/1214/1823 3252/943/1824 3362/942/1825
f 2124/1214/1823 1926/1236/1826 3252/943/1824
f 2796/939/1827 2659/1237/1827 1695/1238/1827
f 2659/1237/1828 3353/996/1829 2484/1239/1830
f 1695/1238/1831 2659/1237/1831 2059/942/1831
f 2659/1237/1828 2484/1239/1830 2059/942/1832
f 2066/939/1833 2349/1227/1834 1446/961/1835
f 1446/961/1835 2349/1227/1834 2005/942/1836
f 2349/1227/1837 2632/943/1838 2005/942/1839
f 2349/1227/1837 2898/1077/1840 2632/943/1838
f 1440/939/1841 1683/1240/1842 2140/972/1843
f 2140/972/1843 1683/1240/1842 3063/942/1844
f 1683/1240/1845 3221/943/1846 3063/942/1847
f 1683/1240/1845 1939/1241/1848 3221/943/1846
f 3094/939/1849 2274/1242/1850 1687/949/1851
f 1687/949/1851 2274/1242/1850 1534/942/1852
f 2274/1242/1853 1403/943/1854 1534/942/1855
f 2274/1242/1853 2112/1243/1856 1403/943/1854
f 2791/939/1857 2157/1244/1858 2814/961/1859
f 2814/961/1859 2157/1244/1858 2208/942/1860
f 2157/1244/1861 1552/943/1862 2208/942/1863
f 2157/1244/1861 1495/1245/1864 1552/943/1862
f 2459/939/1865 1954/1246/1866 2931/972/1867
f 2931/972/1867 1954/1246/1866 2966/942/1868
f 1954/1246/1869 2546/943/1870 2966/942/1871
f 1954/1246/1869 1489/1247/1872 2546/943/1870
f 2545/939/1873 2138/1062/1874 1270/941/1875
f 1270/941/1875 2138/1062/1874 1468/942/1876
f 2138/1062/1877 1727/943/1878 1468/942/1879
f 2138/1062/1877 2405/1248/1880 1727/943/1878
f 1142/939/1881 1397/1249/1882 1613/1003/1883
f 1613/1003/1883 1397/1249/1882 2617/942/1884
f 1397/1249/1885 2925/943/1886 2617/942/1886
f 1397/1249/1885 1730/1250/1887 2925/943/1886
f 2956/939/1888 1997/1251/1889 2013/980/1890
f 2013/980/1890 1997/1251/1889 1530/942/1891
f 1997/1251/1892 1154/943/1893 1530/942/1894
f 1997/1251/1892 1508/1252/1895 1154/943/1893
f 2990/939/1896 2254/1253/1897 1491/1134/1898
f 1491/1134/1898 2254/1253/1897 1487/942/1899
f 2254/1253/1900 1479/943/1901 1487/942/1902
f 2254/1253/1900 2247/1254/1903 1479/943/1901
f 3276/939/1904 2573/1214/1905 1932/980/1906
f 1932/980/1906 2573/1214/1905 1801/942/1907
f 2573/1214/1908 1661/943/1909 1801/942/1910
f 2573/1214/1908 2409/1255/1911 1661/943/1909
f 1656/939/1912 2049/1131/1913 2249/1003/1914
f 2249/1003/1914 2049/1131/1913 3155/942/1915
f 2049/1131/1916 3403/943/1917 3155/942/1918
f 2049/1131/1916 2496/1256/1919 3403/943/1917
f 2473/939/1920 2136/1257/1921 3065/949/1922
f 3065/949/1922 2136/1257/1921 3249/942/1923
f 2136/1257/1924 3035/943/1925 3249/942/1926
f 2136/1257/1924 1788/1258/1927 3035/943/1925
f 2126/939/1928 2580/948/1929 1734/949/1930
f 1734/949/1930 2580/948/1929 2366/942/1931
f 2580/948/1932 2957/943/1933 2366/942/1934
f 2580/948/1932 3112/966/1935 2957/943/1933
f 2705/939/1936 2134/1084/1937 3046/972/1938
f 3046/972/1938 2134/1084/1937 2889/942/1939
f 2134/1084/1940 2367/943/1941 2889/942/1942
f 2134/1084/1940 1574/1259/1943 2367/943/1941
f 1689/939/1944 2335/1260/1945 1758/946/1946
f 1758/946/1946 2335/1260/1945 2494/942/1947
f 2335/1260/1948 3082/943/1948 2494/942/1948
f 2335/1260/1948 2949/1261/1949 3082/943/1948
f 2400/939/1950 1764/1262/1951 2622/946/1952
f 2622/946/1952 1764/1262/1951 2171/942/1953
f 1764/1262/1954 1535/943/1955 2171/942/1956
f 1764/1262/1954 1253/1263/1957 1535/943/1955
f 2312/939/1958 1684/1119/1959 2552/961/1960
f 2552/961/1960 1684/1119/1959 2148/942/1961
f 1684/1119/1962 1524/943/1963 2148/942/1964
f 1684/1119/1962 1188/1190/1965 1524/943/1963
f 1240/939/1966 1259/1264/1967 1881/952/1968
f 1881/952/1968 1259/1264/1967 2691/942/1969
f 1259/1264/1970 2725/943/1971 2691/942/1972
f 1259/1264/1970 1271/1265/1973 2725/943/1971
f 2757/939/1974 1765/1266/1975 1516/941/1976
f 1516/941/1976 1765/1266/1975 1256/942/1977
f 1765/1266/1978 1039/943/1979 1256/942/1979
f 1765/1266/1978 1429/1267/1980 1039/943/1979
f 1237/939/1981 1395/1268/1982 1816/952/1983
f 1816/952/1983 1395/1268/1982 2778/942/1984
f 1395/1268/1985 2981/943/1986 2778/942/1987
f 1395/1268/1985 1609/1269/1988 2981/943/1986
f 2640/939/1989 1869/1048/1990 1250/986/1991
f 1250/986/1991 1869/1048/1990 1248/942/1992
f 1869/1048/1993 1247/943/1994 1248/942/1995
f 1869/1048/1993 1866/1270/1996 1247/943/1994
f 2162/939/1997 2333/1257/1998 1412/941/1999
f 1412/941/1999 2333/1257/1998 1946/942/2000
f 2333/1257/2001 2528/943/2002 1946/942/2003
f 2333/1257/2001 2869/1255/2004 2528/943/2002
f 2029/939/2005 1871/1179/2006 2777/952/2007
f 2777/952/2007 1871/1179/2006 3194/942/2008
f 1871/1179/2009 3098/943/2010 3194/942/2011
f 1871/1179/2009 1703/1271/2012 3098/943/2010
f 3267/939/2013 2594/1272/2014 1923/1105/2015
f 1923/1105/2015 2594/1272/2014 1822/942/2016
f 2594/1272/2017 1714/943/2018 1822/942/2019
f 2594/1272/2017 2476/1273/2020 1714/943/2018
f 1694/939/2021 2243/1274/2022 2067/961/2023
f 2067/961/2023 2243/1274/2022 2997/942/2024
f 2243/1274/2025 3358/943/2026 2997/942/2026
f 2243/1274/2025 2792/1275/2027 3358/943/2026
f 2776/939/2028 2441/1276/2029 3237/983/2030
f 3237/983/2030 2441/1276/2029 3410/942/2031
f 2441/1276/2032 3202/943/2032 3410/942/2033
f 2441/1276/2032 2069/1006/2034 3202/943/2032
f 3650/939/2035 3127/1121/2036 3031/961/2037
f 3031/961/2037 3127/1121/2036 2655/942/2038
f 3127/1121/2039 2202/943/2040 2655/942/2041
f 3127/1121/2039 2775/1277/2042 2202/943/2040
f 2146/939/2043 2641/1214/2044 2666/1031/2045
f 2666/1031/2045 2641/1214/2044 3386/942/2046
f 2641/1214/2047 3615/943/2048 3386/942/2049
f 2641/1214/2047 3067/1278/2050 3615/943/2048
f 3050/939/2051 3005/1030/2052 3501/980/2053
f 3501/980/2053 3005/1030/2052 3718/942/2054
f 3005/1030/2055 3710/943/2056 3718/942/2057
f 3005/1030/2055 2962/1279/2058 3710/943/2056
f 3714/939/2059 3550/1280/2060 3753/952/2061
f 3753/952/2061 3550/1280/2060 3692/942/2062
f 3550/1280/2063 3502/943/2064 3692/942/2065
f 3550/1280/2063 3205/1281/2066 3502/943/2064
f 3011/939/2067 3412/1050/2068 3144/949/2069
f 3144/949/2069 3412/1050/2068 3588/942/2070
f 3412/1050/2071 3737/943/2072 3588/942/2073
f 3412/1050/2071 3667/1282/2074 3737/943/2072
f 2592/939/2075 3103/1283/2076 2849/946/2077
f 2849/946/2077 3103/1283/2076 3466/942/2078
f 3103/1283/2079 3678/943/2080 3466/942/2081
f 3103/1283/2079 3461/1284/2082 3678/943/2080
f 3027/939/2083 2934/1268/2084 3488/952/2085
f 3488/952/2085 2934/1268/2084 3697/942/2086
f 2934/1268/2087 3683/943/2088 3697/942/2089
f 2934/1268/2087 2855/1269/2090 3683/943/2088
f 3549/939/2091 3233/1285/2091 2634/1286/2091
f 3233/1285/2092 3638/996/2093 2817/1287/2094
f 2634/1286/2095 3233/1285/2095 2733/942/2095
f 3233/1285/2092 2817/1287/2094 2733/942/2096
f 2900/939/2097 2759/1144/2098 3385/1003/2099
f 3385/1003/2099 2759/1144/2098 3634/942/2100
f 2759/1144/2101 3564/943/2101 3634/942/2102
f 2759/1144/2101 2597/1288/2101 3564/943/2101
f 3217/939/2103 3119/979/2104 3607/1031/2105
f 3607/1031/2105 3119/979/2104 3735/942/2106
f 3119/979/2107 3702/943/2108 3735/942/2109
f 3119/979/2107 2978/1289/2110 3702/943/2108
f 3777/939/2111 3656/969/2112 3743/949/2113
f 3743/949/2113 3656/969/2112 3610/942/2114
f 3656/969/2115 3298/943/2116 3610/942/2117
f 3656/969/2115 3383/1290/2118 3298/943/2116
f 3073/939/2119 3437/1291/2120 3239/961/2121
f 3239/961/2121 3437/1291/2120 3661/942/2122
f 3437/1291/2123 3759/943/2124 3661/942/2125
f 3437/1291/2123 3671/1292/2126 3759/943/2124
f 2054/939/2127 2737/1253/2128 2125/952/2129
f 2125/952/2129 2737/1253/2128 2810/942/2130
f 2737/1253/2131 3285/943/2132 2810/942/2133
f 2737/1253/2131 3222/1293/2134 3285/943/2132
f 3240/939/2135 2668/1022/2136 1893/961/2137
f 1893/961/2137 2668/1022/2136 1892/942/2138
f 2668/1022/2139 1891/943/2140 1892/942/2141
f 2668/1022/2139 2667/1072/2142 1891/943/2140
f 2533/939/2143 2203/1220/2144 3106/952/2145
f 3106/952/2145 2203/1220/2144 3314/942/2146
f 2203/1220/2147 3120/943/2148 3314/942/2149
f 2203/1220/2147 1882/1294/2150 3120/943/2148
f 3286/939/2151 2874/1227/2152 1961/980/2153
f 1961/980/2153 2874/1227/2152 2168/942/2154
f 2874/1227/2155 2344/943/2156 2168/942/2157
f 2874/1227/2155 3047/1295/2158 2344/943/2156
f 3628/939/2159 3125/1082/2160 3231/980/2161
f 3231/980/2161 3125/1082/2160 2816/942/2162
f 3125/1082/2163 2263/943/2164 2816/942/2165
f 3125/1082/2163 2663/1296/2166 2263/943/2164
f 2591/939/2167 3020/1297/2168 2284/961/2169
f 2284/961/2169 3020/1297/2168 2880/942/2170
f 3020/1297/2171 3340/943/2172 2880/942/2173
f 3020/1297/2171 3421/1298/2174 3340/943/2172
f 3548/939/2175 2970/1197/2176 2526/980/2177
f 2526/980/2177 2970/1197/2176 2298/942/2178
f 2970/1197/2179 2044/943/2180 2298/942/2181
f 2970/1197/2179 2789/1299/2182 2044/943/2180
f 2046/939/2183 2629/1176/2184 2510/1003/2185
f 2510/1003/2185 2629/1176/2184 3283/942/2186
f 2629/1176/2187 3568/943/2188 3283/942/2189
f 2629/1176/2187 3091/1177/2190 3568/943/2188
f 3672/939/2191 3411/1088/2192 3680/980/2193
f 3680/980/2193 3411/1088/2192 3465/942/2194
f 3411/1088/2195 3080/943/2196 3465/942/2197
f 3411/1088/2195 2989/1300/2198 3080/943/2196
f 2621/939/2199 2999/1301/2200 3095/961/2201
f 3095/961/2201 2999/1301/2200 3623/942/2202
f 2999/1301/2203 3720/943/2204 3623/942/2205
f 2999/1301/2203 3300/1302/2206 3720/943/2204
f 3161/939/2207 2993/1303/2208 3554/980/2209
f 3554/980/2209 2993/1303/2208 3688/942/2210
f 2993/1303/2211 3647/943/2212 3688/942/2213
f 2993/1303/2211 2805/1304/2214 3647/943/2212
f 3311/939/2215 3254/1082/2216 2420/961/2217
f 2420/961/2217 3254/1082/2216 2845/942/2218
f 3254/1082/2219 3182/943/2220 2845/942/2221
f 3254/1082/2219 3508/1305/2222 3182/943/2220
f 3357/939/2223 2975/1306/2224 3547/1003/2225
f 3547/1003/2225 2975/1306/2224 3457/942/2226
f 2975/1306/2227 3111/943/2228 3457/942/2229
f 2975/1306/2227 2460/1307/2230 3111/943/2228
f 2994/939/2231 3036/1225/2231 2137/972/2232
f 2137/972/2232 3036/1225/2231 2651/942/2232
f 3036/1225/2233 3078/943/2233 2651/942/2233
f 3036/1225/2233 3352/1308/2233 3078/943/2233
f 1985/939/2234 2259/1309/2235 2731/961/2236
f 2731/961/2236 2259/1309/2235 3413/942/2237
f 2259/1309/2238 3543/943/2239 3413/942/2240
f 2259/1309/2238 2525/1310/2241 3543/943/2239
f 3533/939/2242 2890/1050/2243 2771/961/2244
f 2771/961/2244 2890/1050/2243 2359/942/2245
f 2890/1050/2246 1931/943/2247 2359/942/2247
f 2890/1050/2246 2532/1188/2248 1931/943/2247
f 1696/939/2249 2130/1311/2250 2290/1003/2251
f 2290/1003/2251 2130/1311/2250 3174/942/2252
f 2130/1311/2253 3434/943/2254 3174/942/2255
f 2130/1311/2253 2578/1307/2256 3434/943/2254
f 3331/939/2257 2734/1312/2258 3090/1313/2259
f 3090/1313/2259 2734/1312/2258 2537/942/2260
f 2734/1312/2261 1899/943/2262 2537/942/2263
f 2734/1312/2261 2086/1314/2264 1899/943/2262
f 3245/939/2265 2895/1315/2266 3540/1003/2267
f 3540/1003/2267 2895/1315/2266 3561/942/2268
f 2895/1315/2269 3302/943/2270 3561/942/2271
f 2895/1315/2269 2465/1316/2272 3302/943/2270
f 3072/939/2273 3083/1119/2274 2149/980/2275
f 2149/980/2275 3083/1119/2274 2662/942/2276
f 3083/1119/2277 3092/943/2278 2662/942/2279
f 3083/1119/2277 3379/1317/2280 3092/943/2278
f 1088/939/2281 1175/1059/2282 720/1105/2283
f 720/1105/2283 1175/1059/2282 960/942/2284
f 1175/1059/2285 1277/943/2286 960/942/2287
f 1175/1059/2285 1596/1318/2288 1277/943/2286
f 824/939/2289 753/1142/2290 1228/946/2291
f 1228/946/2291 753/1142/2290 1707/942/2292
f 753/1142/2293 1555/943/2294 1707/942/2295
f 753/1142/2293 697/1319/2296 1555/943/2294
f 1272/939/2297 1019/1320/2298 627/1134/2299
f 627/1134/2299 1019/1320/2298 706/942/2300
f 1019/1320/2301 806/943/2301 706/942/2302
f 1019/1320/2301 1130/1321/2301 806/943/2301
f 524/939/2303 701/1322/2304 693/980/2305
f 693/980/2305 701/1322/2304 1165/942/2306
f 701/1322/2307 1538/943/2308 1165/942/2309
f 701/1322/2307 920/1094/2310 1538/943/2308
f 1553/939/2311 997/1218/2312 1238/980/2313
f 1238/980/2313 997/1218/2312 880/942/2314
f 997/1218/2315 637/943/2316 880/942/2317
f 997/1218/2315 716/1323/2318 637/943/2316
f 705/939/2319 861/1324/2320 985/986/2321
f 985/986/2321 861/1324/2320 1662/942/2322
f 861/1324/2323 2004/943/2324 1662/942/2324
f 861/1324/2323 1043/1325/2325 2004/943/2324
f 564/939/2326 677/967/2327 804/952/2328
f 804/952/2328 677/967/2327 1344/942/2329
f 677/967/2330 1622/943/2331 1344/942/2332
f 677/967/2330 814/1326/2333 1622/943/2331
f 838/939/2334 689/1153/2335 335/980/2336
f 335/980/2336 689/1153/2335 462/942/2337
f 689/1153/2338 579/943/2339 462/942/2340
f 689/1153/2338 837/1327/2341 579/943/2339
f 1128/939/2342 819/1328/2343 1222/980/2344
f 1222/980/2344 819/1328/2343 909/942/2345
f 819/1328/2346 647/943/2347 909/942/2348
f 819/1328/2346 578/1329/2349 647/943/2347
f 1667/939/2350 1161/1009/2351 732/946/2352
f 732/946/2352 1161/1009/2351 779/942/2353
f 1161/1009/2354 845/943/2355 779/942/2356
f 1161/1009/2354 1260/1330/2357 845/943/2355
f 666/939/2358 885/992/2359 856/980/2360
f 856/980/2360 885/992/2359 1421/942/2361
f 885/992/2362 1917/943/2363 1421/942/2364
f 885/992/2362 1164/1331/2365 1917/943/2363
f 1715/939/2366 1189/1332/2366 1704/1333/2366
f 1189/1332/2367 858/996/2368 851/1334/2369
f 1704/1333/2370 1189/1332/2370 1180/942/2370
f 1189/1332/2367 851/1334/2369 1180/942/2371
f 2144/939/2372 1309/1214/2373 1540/980/2374
f 1540/980/2374 1309/1214/2373 1108/942/2375
f 1309/1214/2376 817/943/2377 1108/942/2378
f 1309/1214/2376 955/1154/2379 817/943/2377
f 1872/939/2380 1192/1030/2381 818/980/2382
f 818/980/2382 1192/1030/2381 791/942/2383
f 1192/1030/2384 775/943/2385 791/942/2386
f 1192/1030/2384 1160/1335/2387 775/943/2385
f 954/939/2388 923/985/2389 1417/1003/2390
f 1417/1003/2390 923/985/2389 2120/942/2391
f 923/985/2392 2050/943/2393 2120/942/2394
f 923/985/2392 900/1177/2395 2050/943/2393
f 1655/939/2396 1307/1322/2397 777/1031/2398
f 777/1031/2398 1307/1322/2397 901/942/2399
f 1307/1322/2400 1055/943/2401 901/942/2402
f 1307/1322/2400 1522/1336/2403 1055/943/2401
f 1091/939/2404 1024/1337/2405 1660/986/2406
f 1660/986/2406 1024/1337/2405 2260/942/2407
f 1024/1337/2408 2100/943/2409 2260/942/2410
f 1024/1337/2408 933/1338/2411 2100/943/2409
f 1254/939/2412 1610/1048/2413 1044/983/2414
f 1044/983/2414 1610/1048/2413 1448/942/2415
f 1610/1048/2416 2055/943/2417 1448/942/2418
f 1610/1048/2416 2244/1339/2419 2055/943/2417
f 1190/939/2420 1163/1170/2421 1836/961/2422
f 1836/961/2422 1163/1170/2421 2599/942/2423
f 1163/1170/2424 2565/943/2425 2599/942/2426
f 1163/1170/2424 1134/1340/2427 2565/943/2425
f 2161/939/2428 1520/1131/2429 953/1105/2430
f 953/1105/2430 1520/1131/2429 1018/942/2431
f 1520/1131/2432 1080/943/2433 1018/942/2434
f 1520/1131/2432 1625/1207/2435 1080/943/2433
f 945/939/2436 1041/1341/2437 1386/949/2438
f 1386/949/2438 1041/1341/2437 2246/942/2439
f 1041/1341/2440 2430/943/2441 2246/942/2442
f 1041/1341/2440 1123/1342/2443 2430/943/2441
f 2455/939/2444 1472/1024/2445 1447/946/2446
f 1447/946/2446 1472/1024/2445 1115/942/2447
f 1472/1024/2448 881/943/2448 1115/942/2448
f 1472/1024/2448 1139/1343/2448 881/943/2448
f 1167/939/2449 1196/1344/2450 1811/972/2451
f 1811/972/2451 1196/1344/2450 2644/942/2452
f 1196/1344/2453 2682/943/2454 2644/942/2455
f 1196/1344/2453 1236/1345/2456 2682/943/2454
f 2222/939/2457 1628/1346/2457 1049/1347/2458
f 1628/1346/2459 2462/996/2460 1173/1348/2461
f 1049/1347/2458 1628/1346/2457 1100/942/2458
f 1628/1346/2459 1173/1348/2461 1100/942/2462
f 181/939/2463 405/1349/2464 225/941/2465
f 225/941/2465 405/1349/2464 503/942/2466
f 405/1349/2467 736/943/2468 503/942/2469
f 405/1349/2467 630/1350/2470 736/943/2468
f 205/939/2471 232/1351/2472 467/952/2473
f 467/952/2473 232/1351/2472 765/942/2474
f 232/1351/2475 826/943/2476 765/942/2477
f 232/1351/2475 264/1352/2478 826/943/2476
f 556/939/2479 426/1164/2480 124/983/2481
f 124/983/2481 426/1164/2480 192/942/2482
f 426/1164/2483 277/943/2483 192/942/2483
f 426/1164/2483 525/1353/2483 277/943/2483
f 180/939/2484 150/1174/2485 447/980/2486
f 447/980/2486 150/1174/2485 653/942/2487
f 150/1174/2488 611/943/2489 653/942/2490
f 150/1174/2488 116/1354/2491 611/943/2489
f 64/939/2492 188/1088/2493 104/980/2494
f 104/980/2494 188/1088/2493 355/942/2495
f 188/1088/2496 587/943/2497 355/942/2498
f 188/1088/2496 403/1355/2499 587/943/2497
f 571/939/2500 321/1356/2500 544/1357/2500
f 321/1356/2501 138/996/2502 122/1358/2503
f 544/1357/2504 321/1356/2504 303/942/2504
f 321/1356/2501 122/1358/2503 303/942/2505
f 137/939/2506 204/974/2507 348/952/2508
f 348/952/2508 204/974/2507 687/942/2509
f 204/974/2510 790/943/2511 687/942/2512
f 204/974/2510 280/1061/2513 790/943/2511
f 90/939/2514 139/1359/2515 251/1134/2516
f 251/1134/2516 139/1359/2515 616/942/2517
f 139/1359/2518 703/943/2519 616/942/2520
f 139/1359/2518 207/1360/2521 703/943/2519
f 144/939/2522 216/1030/2523 48/980/2524
f 48/980/2524 216/1030/2523 140/942/2525
f 216/1030/2526 317/943/2527 140/942/2528
f 216/1030/2526 437/1361/2529 317/943/2527
f 445/939/2530 219/1136/2531 530/961/2532
f 530/961/2532 219/1136/2531 406/942/2533
f 219/1136/2534 190/943/2535 406/942/2536
f 219/1136/2534 80/1362/2537 190/943/2535
f 161/939/2538 311/1363/2539 310/949/2540
f 310/949/2540 311/1363/2539 668/942/2541
f 311/1363/2542 874/943/2543 668/942/2544
f 311/1363/2542 491/1364/2545 874/943/2543
f 179/939/2546 282/1110/2547 72/983/2548
f 72/983/2548 282/1110/2547 210/942/2549
f 282/1110/2550 430/943/2551 210/942/2552
f 282/1110/2550 515/1365/2553 430/943/2551
f 504/939/2554 279/1098/2555 614/1003/2556
f 614/1003/2556 279/1098/2555 490/942/2557
f 279/1098/2558 263/943/2559 490/942/2560
f 279/1098/2558 120/1366/2561 263/943/2559
f 671/939/2562 362/1367/2563 152/946/2564
f 152/946/2564 362/1367/2563 131/942/2565
f 362/1367/2566 108/943/2567 131/942/2568
f 362/1367/2566 334/1368/2569 108/943/2567
f 151/939/2570 201/1133/2571 369/983/2572
f 369/983/2572 201/1133/2571 681/942/2573
f 201/1133/2574 755/943/2574 681/942/2574
f 201/1133/2574 249/1369/2574 755/943/2574
f 130/939/2575 253/1370/2576 261/1031/2577
f 261/1031/2577 253/1370/2576 631/942/2578
f 253/1370/2579 820/943/2580 631/942/2581
f 253/1370/2579 446/1178/2582 820/943/2580
f 684/939/2583 475/1371/2584 780/941/2585
f 780/941/2585 475/1371/2584 644/942/2586
f 475/1371/2587 434/943/2588 644/942/2588
f 475/1371/2587 241/1372/2589 434/943/2588
f 451/939/2590 442/1202/2591 127/946/2591
f 127/946/2591 442/1202/2591 242/942/2591
f 442/1202/2592 424/943/2592 242/942/2592
f 442/1202/2592 602/1373/2592 424/943/2592
f 178/939/2593 214/1374/2594 39/1031/2595
f 39/1031/2595 214/1374/2594 105/942/2596
f 214/1374/2597 239/943/2598 105/942/2599
f 214/1374/2597 401/1305/2600 239/943/2598
f 29/939/2601 58/1195/2602 87/983/2603
f 87/983/2603 58/1195/2602 365/942/2604
f 58/1195/2605 523/943/2606 365/942/2607
f 58/1195/2605 135/1375/2608 523/943/2606
f 516/939/2609 184/1117/2610 189/972/2611
f 189/972/2611 184/1117/2610 88/942/2611
f 184/1117/2612 35/943/2613 88/942/2614
f 184/1117/2612 83/1376/2612 35/943/2613
f 268/939/2615 149/1377/2616 25/1085/2617
f 25/1085/2617 149/1377/2616 41/942/2618
f 149/1377/2619 62/943/2620 41/942/2621
f 149/1377/2619 209/1378/2622 62/943/2620
f 134/939/2623 56/960/2624 9/961/2625
f 9/961/2625 56/960/2624 17/942/2626
f 56/960/2627 27/943/2628 17/942/2629
f 56/960/2627 103/1379/2630 27/943/2628
f 7/939/2631 28/1380/2632 8/972/2633
f 8/972/2633 28/1380/2632 36/942/2634
f 28/1380/2635 117/943/2636 36/942/2637
f 28/1380/2635 95/1381/2638 117/943/2636
f 217/939/2639 51/1000/2640 125/980/2641
f 125/980/2641 51/1000/2640 37/942/2642
f 51/1000/2643 13/943/2644 37/942/2645
f 51/1000/2643 18/1382/2646 13/943/2644
f 283/939/2647 65/1046/2648 23/983/2649
f 23/983/2649 65/1046/2648 19/942/2650
f 65/1046/2651 11/943/2652 19/942/2653
f 65/1046/2651 47/1383/2654 11/943/2652
f 153/939/2655 26/1208/2656 10/980/2657
f 10/980/2657 26/1208/2656 4/942/2658
f 26/1208/2659 3/943/2660 4/942/2661
f 26/1208/2659 20/1215/2662 3/943/2660
f 2/939/2663 16/1384/2664 1/980/2665
f 1/980/2665 16/1384/2664 12/942/2666
f 16/1384/2667 40/943/2668 12/942/2669
f 16/1384/2667 44/1385/2670 40/943/2668
f 89/939/2671 22/1075/2672 82/946/2673
f 82/946/2673 22/1075/2672 21/942/2673
f 22/1075/2674 5/943/2674 21/942/2674
f 22/1075/2674 6/1107/2674 5/943/2674
f 412/939/2675 260/1386/2676 640/949/2677
f 640/949/2677 260/1386/2676 729/942/2678
f 260/1386/2679 595/943/2680 729/942/2681
f 260/1386/2679 163/1387/2682 595/943/2680
f 346/939/2683 211/1184/2684 573/972/2685
f 573/972/2685 211/1184/2684 646/942/2686
f 211/1184/2687 500/943/2688 646/942/2689
f 211/1184/2687 111/1388/2690 500/943/2688
f 84/939/2691 145/1204/2692 238/1031/2693
f 238/1031/2693 145/1204/2692 605/942/2694
f 145/1204/2695 713/943/2696 605/942/2697
f 145/1204/2695 226/1389/2698 713/943/2696
f 702/939/2699 344/1030/2700 289/1031/2701
f 289/1031/2701 344/1030/2700 168/942/2702
f 344/1030/2703 74/943/2704 168/942/2705
f 344/1030/2703 194/1300/2706 74/943/2704
f 619/939/2707 373/1110/2708 114/972/2709
f 114/972/2709 373/1110/2708 133/942/2710
f 373/1110/2711 158/943/2712 133/942/2713
f 373/1110/2711 411/1345/2714 158/943/2712
f 540/939/2715 274/1158/2716 77/975/2717
f 77/975/2717 274/1158/2716 92/942/2718
f 274/1158/2719 102/943/2720 92/942/2721
f 274/1158/2719 299/1390/2722 102/943/2720
f 70/939/2723 215/1391/2724 91/946/2725
f 91/946/2725 215/1391/2724 257/942/2726
f 215/1391/2727 495/943/2728 257/942/2729
f 215/1391/2727 448/1392/2730 495/943/2728
f 612/939/2731 273/1306/2732 398/1393/2733
f 398/1393/2733 273/1306/2732 187/942/2734
f 273/1306/2735 67/943/2736 187/942/2737
f 273/1306/2735 118/1181/2738 67/943/2736
f 843/939/2739 535/974/2740 694/1111/2741
f 694/1111/2741 535/974/2740 474/942/2742
f 535/974/2743 236/943/2744 474/942/2745
f 535/974/2743 287/1394/2746 236/943/2744
f 815/939/2747 508/1057/2748 672/952/2749
f 672/952/2749 508/1057/2748 455/942/2750
f 508/1057/2751 222/943/2752 455/942/2753
f 508/1057/2751 269/1395/2754 222/943/2752
f 792/939/2755 466/1158/2756 247/1140/2757
f 247/1140/2757 466/1158/2756 202/942/2758
f 466/1158/2759 159/943/2760 202/942/2761
f 466/1158/2759 404/1396/2762 159/943/2760
f 441/939/2763 295/958/2764 665/949/2765
f 665/949/2765 295/958/2764 785/942/2766
f 295/958/2767 660/943/2768 785/942/2769
f 295/958/2767 193/959/2770 660/943/2768
f 142/939/2771 107/1391/2772 364/1003/2773
f 364/1003/2773 107/1391/2772 589/942/2774
f 107/1391/2775 543/943/2776 589/942/2777
f 107/1391/2775 93/1397/2778 543/943/2776
f 42/939/2779 110/1283/2780 100/986/2781
f 100/986/2781 110/1283/2780 382/942/2782
f 110/1283/2783 576/943/2784 382/942/2785
f 110/1283/2783 240/1398/2786 576/943/2784
f 553/939/2787 246/1158/2788 413/986/2789
f 413/986/2789 246/1158/2788 191/942/2790
f 246/1158/2791 63/943/2792 191/942/2793
f 246/1158/2791 96/1229/2794 63/943/2792
f 155/939/2795 252/1030/2796 61/1031/2797
f 61/1031/2797 252/1030/2796 185/942/2798
f 252/1030/2799 400/943/2800 185/942/2801
f 252/1030/2799 480/1399/2802 400/943/2800
f 585/939/2803 315/1160/2804 511/983/2805
f 511/983/2805 315/1160/2804 270/942/2806
f 315/1160/2807 106/943/2808 270/942/2808
f 315/1160/2807 126/1400/2809 106/943/2808
f 667/939/2810 304/1359/2811 208/1234/2812
f 208/1234/2812 304/1359/2811 121/942/2813
f 304/1359/2814 60/943/2815 121/942/2816
f 304/1359/2814 195/1401/2817 60/943/2815
f 206/939/2818 157/1402/2818 449/946/2818
f 157/1402/2819 112/996/2819 298/1403/2819
f 449/946/2818 157/1402/2818 626/942/2818
f 157/1402/2819 298/1403/2819 626/942/2820
f 463/939/2821 259/1404/2822 59/1347/2823
f 59/1347/2823 259/1404/2822 94/942/2824
f 259/1404/2825 128/943/2826 94/942/2826
f 259/1404/2825 337/1405/2827 128/943/2826
f 390/939/2828 199/1406/2829 38/949/2830
f 38/949/2830 199/1406/2829 52/942/2831
f 199/1406/2832 76/943/2833 52/942/2834
f 199/1406/2832 248/1407/2835 76/943/2833
f 54/939/2836 166/1264/2837 46/1111/2838
f 46/1111/2838 166/1264/2837 147/942/2839
f 166/1264/2840 349/943/2841 147/942/2842
f 166/1264/2840 372/1408/2843 349/943/2841
f 479/939/2844 165/1409/2844 361/1085/2844
f 479/939/2844 243/1014/2844 165/1409/2844
f 243/1014/2845 68/1410/2845 165/1409/2845
f 165/1409/2845 68/1410/2845 49/943/2846
f 101/939/2847 235/1411/2848 175/980/2849
f 175/980/2849 235/1411/2848 493/942/2850
f 235/1411/2851 700/943/2852 493/942/2853
f 235/1411/2851 450/1412/2854 700/943/2852
f 186/939/2855 221/1413/2856 43/986/2857
f 43/986/2857 221/1413/2856 119/942/2858
f 221/1413/2859 254/943/2860 119/942/2861
f 221/1413/2859 422/1414/2862 254/943/2860
f 458/939/2863 228/979/2864 529/980/2865
f 529/980/2865 228/979/2864 375/942/2866
f 228/979/2867 170/943/2868 375/942/2869
f 228/979/2867 86/1415/2870 170/943/2868
f 657/939/2871 288/1018/2872 231/980/2873
f 231/980/2873 288/1018/2872 129/942/2874
f 288/1018/2875 57/943/2876 129/942/2877
f 288/1018/2875 174/1416/2878 57/943/2876
f 115/939/2879 141/1417/2879 313/946/2880
f 313/946/2880 141/1417/2879 609/942/2880
f 141/1417/2881 643/943/2881 609/942/2881
f 141/1417/2881 167/1418/2881 643/943/2881
f 470/939/2882 229/1174/2883 50/949/2884
f 50/949/2884 229/1174/2883 66/942/2885
f 229/1174/2886 85/943/2887 66/942/2888
f 229/1174/2886 262/1419/2889 85/943/2887
f 34/939/2890 71/1420/2891 99/983/2892
f 99/983/2892 71/1420/2891 386/942/2893
f 71/1420/2894 539/943/2895 386/942/2895
f 71/1420/2894 160/1421/2896 539/943/2895
f 489/939/2897 171/1073/2898 113/1134/2899
f 113/1134/2899 171/1073/2898 55/942/2900
f 171/1073/2901 32/943/2901 55/942/2901
f 171/1073/2901 97/1422/2902 32/943/2901
f 98/939/2903 148/1423/2904 24/972/2905
f 24/972/2905 148/1423/2904 79/942/2906
f 148/1423/2907 213/943/2908 79/942/2909
f 148/1423/2907 326/1424/2910 213/943/2908
f 316/939/2911 136/1073/2912 410/946/2913
f 410/946/2913 136/1073/2912 266/942/2913
f 136/1073/2914 109/943/2915 266/942/2915
f 136/1073/2914 45/1425/2914 109/943/2915
f 75/939/2916 212/1374/2917 123/980/2918
f 123/980/2918 212/1374/2917 399/942/2919
f 212/1374/2920 617/943/2921 399/942/2922
f 212/1374/2920 431/1426/2923 617/943/2921
f 638/939/2924 267/1030/2925 275/980/2926
f 275/980/2926 267/1030/2925 143/942/2927
f 267/1030/2928 53/943/2929 143/942/2930
f 267/1030/2928 132/1302/2931 53/943/2929
f 2861/939/2932 2255/1176/2933 3029/986/2934
f 3029/986/2934 2255/1176/2933 2645/942/2935
f 2255/1176/2936 1973/943/2937 2645/942/2938
f 2255/1176/2936 1621/1427/2939 1973/943/2937
f 2973/939/2940 2381/1093/2941 3117/949/2942
f 3117/949/2942 2381/1093/2941 2748/942/2943
f 2381/1093/2944 2094/943/2945 2748/942/2946
f 2381/1093/2944 1742/1094/2947 2094/943/2945
f 3343/939/2948 2589/1121/2949 2347/941/2950
f 2347/941/2950 2589/1121/2949 1955/942/2951
f 2589/1121/2952 1584/943/2953 1955/942/2954
f 2589/1121/2952 2184/1331/2955 1584/943/2953
f 1802/939/2956 1938/998/2957 2539/1134/2958
f 2539/1134/2958 1938/998/2957 3228/942/2959
f 1938/998/2960 3324/943/2961 3228/942/2961
f 1938/998/2960 2065/1428/2962 3324/943/2961
f 3321/939/2963 2569/1110/2964 2098/972/2965
f 2098/972/2965 2569/1110/2964 1834/942/2966
f 2569/1110/2967 1575/943/2968 1834/942/2969
f 2569/1110/2967 2288/1339/2970 1575/943/2968
f 3698/939/2971 3333/1429/2972 3419/946/2973
f 3419/946/2973 3333/1429/2972 3089/942/2974
f 3333/1429/2975 2605/943/2976 3089/942/2977
f 3333/1429/2975 2951/1430/2978 2605/943/2976
f 2422/939/2979 2988/1216/2980 2690/961/2981
f 2690/961/2981 2988/1216/2980 3329/942/2982
f 2988/1216/2983 3626/943/2984 3329/942/2985
f 2988/1216/2983 3387/1431/2986 3626/943/2984
f 3150/939/2987 2838/1011/2988 3492/983/2989
f 3492/983/2989 2838/1011/2988 3578/942/2990
f 2838/1011/2991 3388/943/2991 3578/942/2991
f 2838/1011/2991 2483/1432/2991 3388/943/2991
f 3295/939/2992 3049/1433/2993 2160/972/2994
f 2160/972/2994 3049/1433/2993 2431/942/2995
f 3049/1433/2996 2724/943/2997 2431/942/2997
f 3049/1433/2996 3216/1434/2996 2724/943/2997
f 2906/939/2998 1993/1359/2999 1477/1347/3000
f 1477/1347/3000 1993/1359/2999 1326/942/3001
f 1993/1359/3002 1187/943/3003 1326/942/3004
f 1993/1359/3002 1804/1435/3005 1187/943/3003
f 3523/939/3006 2974/985/3007 3192/986/3008
f 3192/986/3008 2974/985/3007 2739/942/3009
f 2974/985/3010 2128/943/3011 2739/942/3012
f 2974/985/3010 2415/1427/3013 2128/943/3011
f 1916/939/3014 2581/1274/3015 2123/980/3016
f 2123/980/3016 2581/1274/3015 2904/942/3017
f 2581/1274/3018 3348/943/3019 2904/942/3020
f 2581/1274/3018 3116/1436/3021 3348/943/3019
f 2612/939/3022 2337/1315/3023 3178/1003/3024
f 3178/1003/3024 2337/1315/3023 3459/942/3025
f 2337/1315/3026 3315/943/3027 3459/942/3028
f 2337/1315/3026 2062/1437/3029 3315/943/3027
f 2923/939/3030 2625/1204/3031 1619/1031/3032
f 1619/1031/3032 2625/1204/3031 1918/942/3033
f 2625/1204/3034 2245/943/3035 1918/942/3036
f 2625/1204/3034 2881/1438/3037 2245/943/3035
f 2495/939/3038 1587/1283/3039 1875/946/3040
f 1875/946/3040 1587/1283/3039 1331/942/3041
f 1587/1283/3042 983/943/3043 1331/942/3044
f 1587/1283/3042 1127/1439/3045 983/943/3043
f 1627/939/3046 1329/1264/3047 2273/952/3048
f 2273/952/3048 1329/1264/3047 2566/942/3049
f 1329/1264/3050 2191/943/3051 2566/942/3052
f 1329/1264/3050 1093/1440/3053 2191/943/3051
f 1929/939/3054 1592/1441/3054 990/1442/3054
f 990/1442/3055 1592/1441/3055 1120/942/3055
f 1592/1441/3056 1315/943/3057 1120/942/3058
f 1592/1441/3056 1863/1443/3059 1315/943/3057
f 704/939/3060 896/1158/3061 948/1003/3062
f 948/1003/3062 896/1158/3061 1634/942/3063
f 896/1158/3064 2068/943/3065 1634/942/3066
f 896/1158/3064 1129/1444/3067 2068/943/3065
f 1949/939/3068 1131/1062/3069 978/941/3070
f 978/941/3070 1131/1062/3069 823/942/3071
f 1131/1062/3072 683/943/3073 823/942/3074
f 1131/1062/3072 977/1063/3075 683/943/3073
f 730/939/3076 1026/1184/3077 719/1105/3078
f 719/1105/3078 1026/1184/3077 1017/942/3079
f 1026/1184/3080 1416/943/3081 1017/942/3082
f 1026/1184/3080 1434/1445/3083 1416/943/3081
f 1848/939/3084 1121/1446/3085 1374/941/3086
f 1374/941/3086 1121/1446/3085 998/942/3087
f 1121/1446/3088 725/943/3089 998/942/3090
f 1121/1446/3088 832/1447/3091 725/943/3089
f 1022/939/3092 966/1448/3093 1490/941/3094
f 1490/941/3094 966/1448/3093 2097/942/3095
f 966/1448/3096 1992/943/3097 2097/942/3097
f 966/1448/3096 907/1449/3098 1992/943/3097
f 2332/939/3099 1504/1450/3100 1909/961/3101
f 1909/961/3101 1504/1450/3100 1343/942/3102
f 1504/1450/3103 972/943/3104 1343/942/3105
f 1504/1450/3103 1081/1451/3106 972/943/3104
f 882/939/3107 1224/1220/3108 1037/952/3109
f 1037/952/3109 1224/1220/3108 1681/942/3110
f 1224/1220/3111 2293/943/3112 1681/942/3113
f 1224/1220/3111 1697/1452/3114 2293/943/3112
f 1387/939/3115 1051/1453/3116 1793/983/3117
f 1793/983/3117 1051/1453/3116 1709/942/3118
f 1051/1453/3119 1266/943/3120 1709/942/3121
f 1051/1453/3119 782/1454/3122 1266/943/3120
f 1155/939/3123 1179/1164/3124 712/983/3125
f 712/983/3125 1179/1164/3124 922/942/3126
f 1179/1164/3127 1201/943/3128 922/942/3129
f 1179/1164/3127 1554/1382/3130 1201/943/3128
f 827/939/3131 831/1176/3132 1243/952/3133
f 1243/952/3133 831/1176/3132 1895/942/3134
f 831/1176/3135 1898/943/3136 1895/942/3137
f 831/1176/3135 833/991/3138 1898/943/3136
f 1702/939/3139 1116/1117/3139 801/946/3140
f 801/946/3140 1116/1117/3139 778/942/3140
f 1116/1117/3141 761/943/3141 778/942/3141
f 1116/1117/3141 1101/1455/3142 761/943/3141
f 802/939/3143 1021/1456/3144 658/1457/3145
f 658/1457/3145 1021/1456/3144 919/942/3146
f 1021/1456/3147 1285/943/3148 919/942/3149
f 1021/1456/3147 1407/1141/3148 1285/943/3148
f 770/939/3150 988/1009/3151 639/983/3152
f 639/983/3152 988/1009/3151 886/942/3153
f 988/1009/3154 1252/943/3155 886/942/3156
f 988/1009/3154 1365/1043/3157 1252/943/3155
f 594/939/3158 714/1458/3159 853/949/3160
f 853/949/3160 714/1458/3159 1433/942/3161
f 714/1458/3162 1746/943/3163 1433/942/3164
f 714/1458/3162 857/1459/3165 1746/943/3163
f 1597/939/3166 932/1460/3167 756/972/3168
f 756/972/3168 932/1460/3167 648/942/3169
f 932/1460/3170 545/943/3171 648/942/3172
f 932/1460/3170 803/957/3173 545/943/3171
f 718/939/3174 613/1461/3175 1016/946/3176
f 1016/946/3176 613/1461/3175 1225/942/3177
f 613/1461/3178 1045/943/3178 1225/942/3179
f 613/1461/3178 494/1462/3178 1045/943/3178
f 924/939/3180 749/1075/3180 438/983/3181
f 749/1075/3182 1221/996/3182 615/1463/3183
f 438/983/3181 749/1075/3180 518/942/3181
f 749/1075/3182 615/1463/3183 518/942/3183
f 416/939/3184 510/985/3185 650/986/3186
f 650/986/3186 510/985/3185 1092/942/3187
f 510/985/3188 1284/943/3189 1092/942/3190
f 510/985/3188 622/1464/3191 1284/943/3189
f 1258/939/3192 733/1268/3193 673/986/3194
f 673/986/3194 733/1268/3193 528/942/3195
f 733/1268/3196 371/943/3197 528/942/3198
f 733/1268/3196 588/1395/3199 371/943/3197
f 376/939/3200 607/1309/3201 465/972/3202
f 465/972/3202 607/1309/3201 760/942/3203
f 607/1309/3204 1075/943/3205 760/942/3205
f 607/1309/3204 847/1465/3206 1075/943/3205
f 1144/939/3207 674/1322/3208 620/1031/3209
f 620/1031/3209 674/1322/3208 473/942/3210
f 674/1322/3211 318/943/3212 473/942/3213
f 674/1322/3211 534/1466/3214 318/943/3212
f 999/939/3215 652/985/3216 387/1457/3217
f 387/1457/3217 652/985/3216 385/942/3218
f 652/985/3219 381/943/3220 385/942/3221
f 652/985/3219 649/1467/3222 381/943/3220
f 735/939/3223 559/1468/3224 971/949/3225
f 971/949/3225 559/1468/3224 986/942/3226
f 559/1468/3227 751/943/3228 986/942/3229
f 559/1468/3227 383/1469/3230 751/943/3228
f 1230/939/3231 848/1351/3232 1135/1111/3233
f 1135/1111/3233 848/1351/3232 821/942/3234
f 848/1351/3235 577/943/3236 821/942/3237
f 848/1351/3235 597/1470/3238 577/943/3236
f 699/939/3239 618/1011/3240 1034/949/3241
f 1034/949/3241 618/1011/3240 1306/942/3242
f 618/1011/3243 1122/943/3244 1306/942/3245
f 618/1011/3243 519/1471/3246 1122/943/3244
f 1140/939/3247 805/1472/3247 546/1473/3247
f 805/1472/3248 1148/996/3249 552/1474/3250
f 546/1473/3251 805/1472/3251 549/942/3251
f 805/1472/3248 552/1474/3250 549/942/3252
f 402/939/3253 623/1475/3254 486/1031/3255
f 486/1031/3255 623/1475/3254 822/942/3256
f 623/1475/3257 1114/943/3258 822/942/3259
f 623/1475/3257 864/1327/3260 1114/943/3258
f 1195/939/3261 715/1108/3262 734/980/3263
f 734/980/3263 715/1108/3262 547/942/3264
f 715/1108/3265 354/943/3266 547/942/3267
f 715/1108/3265 526/1476/3268 354/943/3266
f 610/939/3269 675/1204/3270 338/1031/3271
f 338/1031/3271 675/1204/3270 548/942/3272
f 675/1204/3273 750/943/3274 548/942/3275
f 675/1204/3273 915/1477/3276 750/943/3274
f 629/939/3277 527/1082/3278 898/980/3279
f 898/980/3279 527/1082/3278 1095/942/3280
f 527/1082/3281 950/943/3282 1095/942/3283
f 527/1082/3281 429/1478/3284 950/943/3282
f 560/939/3285 763/1311/3286 507/1134/3287
f 507/1134/3287 763/1311/3286 742/942/3288
f 763/1311/3289 1058/943/3290 742/942/3291
f 763/1311/3289 1086/1479/3292 1058/943/3290
f 477/939/3293 538/1244/3294 738/1031/3295
f 738/1031/3295 538/1244/3294 1207/942/3296
f 538/1244/3297 1317/943/3298 1207/942/3299
f 538/1244/3297 599/1480/3300 1317/943/3298
f 1150/939/3301 737/1103/3301 554/983/3301
f 554/983/3301 737/1103/3301 484/942/3302
f 737/1103/3303 433/943/3303 484/942/3303
f 737/1103/3303 670/1165/3303 433/943/3303
f 353/939/3304 492/1322/3305 586/980/3306
f 586/980/3306 492/1322/3305 1004/942/3307
f 492/1322/3308 1231/943/3309 1004/942/3310
f 492/1322/3308 632/1481/3311 1231/943/3309
f 1117/939/3312 669/1067/3313 541/980/3314
f 541/980/3314 669/1067/3313 440/942/3315
f 669/1067/3316 320/943/3317 440/942/3318
f 669/1067/3316 569/1482/3319 320/943/3317
f 659/939/3320 641/1067/3321 265/1031/3322
f 265/1031/3322 641/1067/3321 454/942/3323
f 641/1067/3324 621/943/3325 454/942/3326
f 641/1067/3324 828/1483/3327 621/943/3325
f 745/939/3328 563/1151/3329 958/1003/3330
f 958/1003/3330 563/1151/3329 921/942/3331
f 563/1151/3332 698/943/3333 921/942/3334
f 563/1151/3332 374/1484/3335 698/943/3333
f 558/939/3336 590/1189/3337 846/961/3338
f 846/961/3338 590/1189/3337 1310/942/3339
f 590/1189/3340 1382/943/3341 1310/942/3342
f 590/1189/3340 624/1485/3343 1382/943/3341
f 1126/939/3344 781/1367/3345 487/1111/3346
f 487/1111/3346 781/1367/3345 506/942/3347
f 781/1367/3348 533/943/3349 506/942/3350
f 781/1367/3348 813/1486/3351 533/943/3349
f 1773/939/3352 1427/1069/3353 2393/949/3354
f 2393/949/3354 1427/1069/3353 2650/942/3355
f 1427/1069/3356 2250/943/3357 2650/942/3358
f 1427/1069/3356 1166/1487/3359 2250/943/3357
f 2003/939/3360 1626/1488/3361 2639/961/3362
f 2639/961/3362 1626/1488/3361 2818/942/3363
f 1626/1488/3364 2456/943/3365 2818/942/3366
f 1626/1488/3364 1312/1275/3367 2456/943/3365
f 3168/939/3368 2306/1433/3369 2424/949/3370
f 2424/949/3370 2306/1433/3369 1867/942/3371
f 2306/1433/3372 1381/943/3373 1867/942/3374
f 2306/1433/3372 1749/1489/3375 1381/943/3373
f 1419/939/3376 2008/1490/3377 1607/980/3378
f 1607/980/3378 2008/1490/3377 2451/942/3379
f 2008/1490/3380 3026/943/3381 2451/942/3382
f 2008/1490/3380 2674/1491/3383 3026/943/3381
f 2630/939/3384 1672/1492/3385 1865/986/3386
f 1865/986/3386 1672/1492/3385 1354/942/3387
f 1672/1492/3388 1012/943/3389 1354/942/3389
f 1672/1492/3388 1234/1493/3390 1012/943/3389
f 1956/939/3391 1425/1218/3392 877/980/3393
f 877/980/3393 1425/1218/3392 970/942/3394
f 1425/1218/3395 1074/943/3396 970/942/3397
f 1425/1218/3395 1589/1494/3398 1074/943/3396
f 1424/939/3399 1220/1000/3400 2041/949/3401
f 2041/949/3401 1220/1000/3400 2408/942/3402
f 1220/1000/3403 2087/943/3404 2408/942/3405
f 1220/1000/3403 1035/1495/3406 2087/943/3404
f 2438/939/3407 1969/990/3408 1159/986/3409
f 1159/986/3409 1969/990/3408 1337/942/3410
f 1969/990/3411 1548/943/3412 1337/942/3413
f 1969/990/3411 2251/991/3414 1548/943/3412
f 1710/939/3415 1501/1346/3415 2384/946/3416
f 2384/946/3416 1501/1346/3415 2832/942/3416
f 1501/1346/3417 2654/943/3417 2832/942/3417
f 1501/1346/3417 1336/1496/3417 2654/943/3417
f 2857/939/3418 2235/1018/3419 2959/980/3420
f 2959/980/3420 2235/1018/3419 2491/942/3421
f 2235/1018/3422 1830/943/3423 2491/942/3424
f 2235/1018/3422 1595/1497/3425 1830/943/3423
f 1847/939/3426 2096/1055/3427 1278/1085/3428
f 1278/1085/3428 2096/1055/3427 1770/942/3429
f 2096/1055/3430 2364/943/3430 1770/942/3431
f 2096/1055/3430 2711/1498/3432 2364/943/3430
f 3017/939/3433 2433/1301/3434 1573/961/3435
f 1573/961/3435 2433/1301/3434 1680/942/3436
f 2433/1301/3437 1790/943/3438 1680/942/3439
f 2433/1301/3437 2557/1252/3440 1790/943/3438
f 1897/939/3441 1857/985/3442 2685/1003/3443
f 2685/1003/3443 1857/985/3442 3238/942/3444
f 1857/985/3445 3215/943/3446 3238/942/3447
f 1857/985/3445 1823/1499/3448 3215/943/3446
f 3018/939/3449 2522/1500/3450 3294/946/3451
f 3294/946/3451 2522/1500/3450 3198/942/3452
f 2522/1500/3453 2783/943/3454 3198/942/3455
f 2522/1500/3453 1950/1501/3456 2783/943/3454
f 1753/939/3457 2357/1030/3458 2047/980/3459
f 2047/980/3459 2357/1030/3458 2940/942/3460
f 2357/1030/3461 3346/943/3462 2940/942/3463
f 2357/1030/3461 2909/1502/3464 3346/943/3462
f 3251/939/3465 2774/1503/3466 3316/952/3467
f 3316/952/3467 2774/1503/3466 2932/942/3468
f 2774/1503/3469 2326/943/3470 2932/942/3471
f 2774/1503/3469 2132/1501/3472 2326/943/3470
f 2385/939/3473 2619/1446/3474 1668/941/3475
f 1668/941/3475 2619/1446/3474 2233/942/3476
f 2619/1446/3477 2798/943/3477 2233/942/3478
f 2619/1446/3477 3097/1504/3477 2798/943/3477
f 2031/939/3479 1933/1505/3480 2784/952/3481
f 2784/952/3481 1933/1505/3480 3250/942/3482
f 1933/1505/3483 3180/943/3484 3250/942/3485
f 1933/1505/3483 1826/1506/3486 3180/943/3484
f 2256/939/3487 3088/1014/3487 1783/1507/3487
f 3088/1014/3488 2695/1471/3488 1783/1507/3488
f 2256/939/3487 1783/1507/3487 1583/946/3487
f 1783/1507/3488 2695/1471/3488 1986/943/3488
f 1290/939/3489 1803/1264/3490 1219/986/3491
f 1219/986/3491 1803/1264/3490 1735/942/3492
f 1803/1264/3493 2391/943/3494 1735/942/3495
f 1803/1264/3493 2464/1508/3496 2391/943/3494
f 2219/939/3497 1719/1433/3498 1030/949/3499
f 1030/949/3499 1719/1433/3498 1147/942/3500
f 1719/1433/3501 1313/943/3502 1147/942/3503
f 1719/1433/3501 1957/1509/3504 1313/943/3502
f 1112/939/3505 1297/1067/3506 1645/980/3507
f 1645/980/3507 1297/1067/3506 2628/942/3508
f 1297/1067/3509 2854/943/3510 2628/942/3511
f 1297/1067/3509 1499/1510/3512 2854/943/3510
f 2584/939/3513 1889/1197/3514 1170/1031/3515
f 1170/1031/3515 1889/1197/3514 1244/942/3516
f 1889/1197/3517 1294/943/3518 1244/942/3519
f 1889/1197/3517 1962/1511/3520 1294/943/3518
f 2624/939/3521 1978/1182/3522 2856/949/3523
f 2856/949/3523 1978/1182/3522 2575/942/3524
f 1978/1182/3525 1937/943/3526 2575/942/3527
f 1978/1182/3525 1405/1512/3528 1937/943/3526
f 1276/939/3529 1784/1320/3530 1525/941/3531
f 1525/941/3531 1784/1320/3530 2434/942/3532
f 1784/1320/3533 2977/943/3534 2434/942/3535
f 1784/1320/3533 2386/1513/3536 2977/943/3534
f 2942/939/3537 1995/1210/3538 1759/946/3539
f 1759/946/3539 1995/1210/3538 1418/942/3540
f 1995/1210/3541 1168/943/3541 1418/942/3542
f 1995/1210/3541 1643/1451/3543 1168/943/3541
f 1186/939/3544 1404/1514/3545 1732/980/3546
f 1732/980/3546 1404/1514/3545 2741/942/3547
f 1404/1514/3548 3007/943/3549 2741/942/3550
f 1404/1514/3548 1706/1515/3551 3007/943/3549
f 1831/939/3552 1303/1516/3553 2102/961/3554
f 2102/961/3554 1303/1516/3553 1766/942/3555
f 1303/1516/3556 1262/943/3557 1766/942/3558
f 1303/1516/3556 944/1517/3559 1262/943/3557
f 1488/939/3560 1149/1322/3561 1996/980/3562
f 1996/980/3562 1149/1322/3561 2035/942/3563
f 1149/1322/3564 1585/943/3565 2035/942/3566
f 1149/1322/3564 897/1300/3567 1585/943/3565
f 2037/939/3568 1351/1193/3569 912/1105/3570
f 912/1105/3570 1351/1193/3569 908/942/3571
f 1351/1193/3572 905/943/3573 908/942/3574
f 1351/1193/3572 1338/1518/3575 905/943/3573
f 800/939/3576 1050/1519/3577 1031/961/3578
f 1031/961/3578 1050/1519/3577 1745/942/3579
f 1050/1519/3580 2267/943/3581 1745/942/3582
f 1050/1519/3580 1364/1520/3583 2267/943/3581
f 2248/939/3584 1330/1297/3585 1396/961/3586
f 1396/961/3586 1330/1297/3585 1066/942/3587
f 1330/1297/3588 799/943/3589 1066/942/3590
f 1330/1297/3588 1015/1298/3591 799/943/3589
f 1251/939/3592 1152/1521/3593 1864/941/3594
f 1864/941/3594 1152/1521/3593 2500/942/3595
f 1152/1521/3596 2371/943/3597 2500/942/3598
f 1152/1521/3596 1089/1522/3599 2371/943/3597
f 2099/939/3600 1507/1523/3601 949/1111/3602
f 949/1111/3602 1507/1523/3601 1023/942/3603
f 1507/1523/3604 1087/943/3605 1023/942/3606
f 1507/1523/3604 1632/1524/3607 1087/943/3605
l 2727 2871
l 2156 2211
l 2275 2258
l 2726 3138
l 2865 2967
l 1455 1485
l 2220 2505
l 2707 2716
l 2677 2697
l 2751 2766
l 2879 3229
l 3431 3478
l 3447 3482
l 3636 3731
l 3500 3544
l 3619 3693
l 3653 3716
l 3232 3571
l 3491 3594
l 3371 3433
l 3433 3486
l 3223 3404
l 1191 1362
l 1355 1361
l 1838 1943
l 2983 3032
l 1879 1944
l 1818 1833
l 1894 1911
l 2345 2699
l 2699 2915
l 3528 3589
l 2819 2927
l 2928 3152
l 2380 2827
l 2077 2395
l 2313 2396
l 2279 2362
l 2702 2860
l 2292 2383
l 2159 2163
l 2017 2142
l 2199 2350
l 2350 2562
l 2563 2688
l 2548 2679
l 2913 3169
l 2436 2794
l 3141 3257
l 3257 3368
l 3208 3490
l 3490 3660
l 2790 2964
l 3266 3427
l 3002 3008
l 3010 3188
l 2843 3009
l 3058 3207
l 1062 1072
l 728 906
l 1249 1390
l 1082 1249
l 1579 1623
l 1581 1686
l 468 497
l 565 592
l 388 396
l 512 680
l 296 340
l 635 654
l 531 562
l 509 531
l 276 370
l 351 357
l 301 329
l 327 331
l 380 378
l 291 293
l 196 256
l 182 198
l 176 197
l 2172 2240
l 3045 3218
l 1280 1470
l 2081 2614
l 2607 2755
l 1332 1451
l 1013 1212
l 1011 1056
l 1182 1185
l 1197 1267
l 1143 1194
l 959 991
l 964 1010
l 764 816
l 834 878
l 786 835
l 688 739
l 762 774
l 808 810
l 1157 1299
l 2139 2358
l 1787 1843
l 1494 1700
l 2040 2048
l 2520 2527
l 2238 2558
l 2560 2821
l 1800 1815
l 1778 1851
l 1972 2224
l 2025 2185
l 1829 2106
l 1132 1305
l 2576 2706
l 2696 2698
l 3365 3448
l 3513 3635
l 3566 3651
l 1497 1638
l 2028 2204
l 3041 3137
l 1819 1913
l 1991 2195
l 1797 1870
l 3382 3527
l 2826 2848
l 2721 2853
l 2382 2432
l 2228 2397
l 1232 1320
l 522 566
l 341 418
l 596 636
l 561 583
l 517 568
l 255 302
l 1200 1333
l 1246 1327
l 740 787
l 708 744
l 1852 1971
l 1410 1484
l 1842 2030
l 2369 2413
l 2506 2590
l 2631 2799
l 2767 2808
l 2411 2513
l 2676 2879
l 3220 3299
l 3483 3606
l 3430 3512
l 3227 3498
l 3499 3565
l 3652 3677
l 3052 3323
l 3372 3491
l 2186 2331
l 1712 1910
l 1637 1712
l 1644 1713
l 1360 1663
l 1914 1990
l 2196 2717
l 3524 3617
l 3270 3317
l 3396 3514
l 2873 2916
l 2852 2929
l 2362 2486
l 2488 2700
l 2701 2746
l 2475 2487
l 2141 2159
l 2143 2227
l 2564 2665
l 1940 2014
l 1796 1884
l 2437 2535
l 2535 2692
l 2547 2694
l 2365 2549
l 2693 2913
l 2794 3140
l 2884 3208
l 2658 2801
l 2753 2758
l 2964 3157
l 3001 3113
l 3265 3378
l 2763 3058
l 1722 1908
l 1319 1394
l 1070 1233
l 992 1071
l 1298 1393
l 1325 1389
l 1263 1325
l 1430 1580
l 476 513
l 305 415
l 307 391
l 227 322
l 570 581
l 488 505
l 290 343
l 1690 2172
l 2379 2516
l 2517 2642
l 1505 1611
l 1443 1492
l 1603 1789
l 1125 1202
l 1057 1181
l 1183 1245
l 1328 1526
l 727 767
l 757 789
l 661 726
l 685 724
l 836 849
l 686 741
l 759 762
l 743 773
l 678 707
l 656 709
l 1700 1845
l 1844 2038
l 2039 2321
l 1786 2237
l 2239 2518
l 2519 2831
l 2559 2579
l 1779 1799
l 1398 1459
l 1400 1452
l 1286 1399
l 2968 3164
l 2348 2353
l 903 910
l 2735 2752
l 2809 2882
l 2514 2675
l 2673 2897
l 3479 3481
l 3545 3618
l 2330 2443
l 1353 1356
l 2036 2225
l 3033 3126
l 1887 1880
l 3590 3665
l 3318 3414
l 1878 2018
l 2530 2647
l 3114 3264
l 1063 1064
l 872 993
l 1119 1293
l 428 443
l 407 469
l 414 485
l 328 352
l 342 363
l 169 183
l 154 177
l 1782 2080
l 2768 3013
l 1450 1506
l 1493 1602
l 889 965
l 766 769
l 723 758
l 1077 1156
