# Blender 5.1.0
# www.blender.org
mtllib bush_1.mtl
o Bush_1_1
v -0.504498 0.467160 -0.209728
v -0.430412 0.342429 -0.149380
v -0.357235 0.411465 -0.340402
v -0.380067 0.516235 -0.113416
v -0.415356 0.552274 -0.217189
v -0.416308 0.492484 -0.145119
v -0.414429 0.530784 -0.147039
v -0.407228 0.390398 -0.159940
v -0.405400 0.448426 -0.130119
v -0.418356 0.580176 -0.160249
v -0.387025 0.441067 -0.138280
v -0.383568 0.459753 -0.145628
v -0.382884 0.457303 -0.327072
v -0.376888 0.388845 -0.169980
v -0.369964 0.651153 -0.204377
v -0.378372 0.435112 -0.152583
v -0.378929 0.427928 -0.316699
v -0.365047 0.411885 -0.231092
v -0.367010 0.477199 -0.233517
v -0.338447 0.657871 -0.299265
v -0.361212 0.412400 -0.404785
v -0.361037 0.476876 -0.285414
v -0.334665 0.543092 -0.322419
v -0.342146 0.546244 -0.223497
v -0.355806 0.503596 -0.206612
v -0.349146 0.607390 -0.339094
v -0.348853 0.627619 -0.140273
v -0.323052 0.608433 -0.302830
v -0.423316 0.429441 -0.195694
v -0.364210 0.550851 -0.169477
v -0.349861 0.571600 -0.217475
v -0.352171 0.477802 -0.131976
v -0.298885 0.547660 -0.309898
v -0.340356 0.647388 -0.131402
v -0.333921 0.631732 -0.309161
v -0.346187 0.400877 -0.331022
v -0.344732 0.343626 -0.207171
v -0.343970 0.392274 -0.163147
v -0.321565 0.430797 -0.268122
v -0.381636 0.497398 -0.308630
v -0.334241 0.478823 -0.203551
v -0.333361 0.478627 -0.203429
v -0.331219 0.579789 -0.207617
v -0.329790 0.346360 -0.224075
v -0.258805 0.409433 -0.282470
v -0.324807 0.412801 -0.128708
v -0.319105 0.526927 -0.174297
v -0.320843 0.466215 -0.200414
v -0.320856 0.466230 -0.200418
v -0.317064 0.764742 -0.166303
v -0.320431 0.552646 -0.206398
v -0.319617 0.552189 -0.206301
v -0.295927 0.594864 -0.241143
v -0.318216 0.494472 -0.203856
v -0.314935 0.643477 -0.300442
v -0.311762 0.538645 -0.204135
v -0.311765 0.538653 -0.204136
v -0.299942 0.647767 -0.196530
v -0.309779 0.607257 0.154290
v -0.306505 0.626113 0.076386
v -0.310386 0.453420 -0.196795
v -0.309341 0.453020 -0.196663
v -0.310063 0.281876 -0.202618
v -0.309606 0.464689 -0.340795
v -0.309532 0.263471 -0.220450
v -0.308518 0.584084 -0.109152
v -0.320208 0.491624 -0.147658
v -0.331239 0.371038 -0.192039
v -0.308060 0.353520 -0.206104
v -0.303831 0.524946 -0.201585
v -0.304424 0.524704 -0.202192
v -0.291588 0.602107 -0.254481
v -0.297113 0.593865 0.003242
v -0.308795 0.530647 -0.189781
v -0.246155 0.514503 -0.053388
v -0.302137 0.584793 -0.119543
v -0.235469 0.441285 -0.266043
v -0.299929 0.459232 0.079217
v -0.266885 0.440518 -0.270426
v -0.297771 0.446695 -0.242656
v -0.297411 0.378762 -0.167478
v -0.294764 0.439968 -0.198671
v -0.286845 0.471588 -0.196641
v -0.296028 0.596248 -0.220999
v -0.295956 0.458701 -0.160898
v -0.292385 0.567174 -0.060688
v -0.266035 0.494022 -0.155108
v -0.287110 0.372102 -0.137617
v -0.291670 0.566237 -0.211910
v -0.291012 0.565635 -0.211661
v -0.290156 0.428535 -0.192377
v -0.286889 0.539210 -0.007065
v -0.291276 0.485847 -0.013756
v -0.287086 0.471585 -0.196266
v -0.286820 0.550037 -0.206033
v -0.286820 0.550041 -0.206033
v -0.301366 0.484800 -0.117434
v -0.236524 0.649957 -0.296666
v -0.282954 0.533820 -0.201922
v -0.282958 0.533848 -0.201927
v -0.282405 0.457807 -0.194734
v -0.282432 0.458052 -0.194718
v -0.283315 0.458819 -0.194894
v -0.220471 0.552068 -0.369455
v -0.281591 0.473214 -0.194981
v -0.280923 0.473084 -0.194709
v -0.266808 0.476020 -0.311789
v -0.206149 0.622119 -0.327737
v -0.278044 0.504186 -0.197569
v -0.260998 0.732569 -0.150964
v -0.280442 0.335317 -0.263235
v -0.278692 0.415878 -0.189177
v -0.276741 0.415577 -0.188751
v -0.239656 0.450300 -0.249912
v -0.265560 0.626664 -0.246638
v -0.204467 0.484534 -0.243775
v -0.275093 0.403013 -0.137619
v -0.276013 0.426080 -0.189061
v -0.257496 0.551398 -0.305496
v -0.274358 0.425030 -0.188718
v -0.212124 0.480448 -0.200815
v -0.249385 0.578123 0.042819
v -0.242807 0.392120 -0.306742
v -0.272676 0.492173 -0.100766
v -0.270798 0.424259 0.221628
v -0.269676 0.490298 -0.278108
v -0.269192 0.435398 0.224720
v -0.275359 0.492296 -0.211119
v -0.266892 0.406858 -0.185224
v -0.266899 0.406869 -0.185225
v -0.265915 0.410458 -0.184887
v -0.265866 0.410377 -0.184867
v -0.210450 0.459543 -0.375447
v -0.261518 0.456163 -0.081029
v -0.252988 0.761447 -0.125678
v -0.242943 0.338807 -0.087915
v -0.215065 0.446149 0.060888
v -0.265168 0.524254 -0.015926
v -0.263453 0.294129 -0.241063
v -0.255948 0.651785 -0.136113
v -0.237970 0.668125 -0.111076
v -0.255943 0.510448 -0.003060
v -0.258420 0.318405 -0.240070
v -0.222756 0.471104 0.143052
v -0.255221 0.395444 -0.181879
v -0.255211 0.395520 -0.181863
v -0.255310 0.395638 -0.181895
v -0.233651 0.452809 0.000763
v -0.263927 0.490787 -0.301283
v -0.256507 0.470039 -0.262306
v -0.255744 0.469812 -0.261887
v -0.285392 0.451132 -0.296520
v -0.255659 0.571327 -0.192563
v -0.251143 0.516959 -0.033877
v -0.236466 0.396208 -0.365055
v -0.172116 0.428821 -0.114730
v -0.244476 0.642747 0.013072
v -0.249875 0.500150 -0.014182
v -0.250513 0.388435 0.082196
v -0.238324 0.377636 -0.266032
v -0.249216 0.544393 -0.190988
v -0.248526 0.543805 -0.190909
v -0.249672 0.452363 -0.265470
v -0.247265 0.614511 -0.120708
v -0.248113 0.459328 -0.253078
v -0.248121 0.459346 -0.253090
v -0.242674 0.698286 -0.066084
v -0.248182 0.629232 -0.218864
v -0.162982 0.525197 -0.326811
v -0.212144 0.484855 0.357122
v -0.240000 0.632673 -0.077481
v -0.247400 0.459277 0.079395
v -0.247116 0.360498 -0.105633
v -0.246221 0.424366 0.139904
v -0.224085 0.348746 -0.235473
v -0.244000 0.529548 -0.189311
v -0.244006 0.529570 -0.189313
v -0.220371 0.554376 -0.196386
v -0.201044 0.448082 -0.327657
v -0.241173 0.720401 -0.182233
v -0.238312 0.460355 -0.066061
v -0.243738 0.624043 -0.357795
v -0.196307 0.323086 -0.071899
v -0.212345 0.824445 -0.258107
v -0.242766 0.556525 -0.249071
v -0.203474 0.465633 -0.039649
v -0.241130 0.447662 -0.245139
v -0.241155 0.447705 -0.245168
v -0.234573 0.398993 -0.001183
v -0.240634 0.514948 -0.188063
v -0.240634 0.514949 -0.188063
v -0.241287 0.361715 -0.237356
v -0.241409 0.483487 -0.218259
v -0.241166 0.565919 -0.150112
v -0.217119 0.395408 0.050134
v -0.239772 0.669212 0.007524
v -0.188893 0.460538 0.351401
v -0.150414 0.629766 -0.277273
v -0.174613 0.628865 -0.193157
v -0.239342 0.446692 -0.085185
v -0.238395 0.541945 -0.155011
v -0.237797 0.541304 -0.155223
v -0.238894 0.362494 -0.157256
v -0.180054 0.606837 -0.304315
v -0.237988 0.461056 -0.210267
v -0.237374 0.460466 -0.209972
v -0.211845 0.615129 0.131337
v -0.237577 0.399158 0.110320
v -0.187769 0.711599 -0.096144
v -0.234311 0.447517 -0.133449
v -0.210055 0.444153 -0.143576
v -0.235581 0.528695 -0.159068
v -0.235583 0.528713 -0.159064
v -0.170411 0.580392 -0.034611
v -0.234911 0.448765 -0.204777
v -0.234909 0.448757 -0.204773
v -0.233674 0.484554 -0.184101
v -0.225589 0.353885 -0.171931
v -0.243440 0.666601 -0.181134
v -0.234272 0.515683 -0.161792
v -0.234272 0.515685 -0.161792
v -0.234705 0.361314 -0.267042
v -0.232892 0.462496 -0.182276
v -0.232690 0.462434 -0.182454
v -0.217804 0.461071 0.150844
v -0.249058 0.725016 -0.165440
v -0.232379 0.436866 -0.200008
v -0.233113 0.437691 -0.200290
v -0.176062 0.525699 -0.311720
v -0.231981 0.462902 -0.177434
v -0.231509 0.462695 -0.177068
v -0.267484 0.852343 -0.136231
v -0.231480 0.487699 -0.167092
v -0.231529 0.423126 -0.230105
v -0.206332 0.489275 0.003204
v -0.231130 0.448997 -0.180195
v -0.231151 0.449039 -0.180194
v -0.231925 0.449980 -0.180102
v -0.167073 0.614306 -0.258682
v -0.173835 0.622806 -0.297931
v -0.242196 0.522647 0.003675
v -0.231318 0.419439 0.143124
v -0.231252 0.361275 -0.266290
v -0.230509 0.515432 -0.028880
v -0.225164 0.401448 -0.187238
v -0.193687 0.684346 -0.227204
v -0.224035 0.530348 0.155569
v -0.229155 0.634473 0.061013
v -0.228539 0.417230 -0.183577
v -0.227254 0.415932 -0.183253
v -0.222725 0.385666 -0.096148
v -0.223300 0.703522 0.124892
v -0.159747 0.534552 0.159224
v -0.228306 0.439795 0.143141
v -0.206701 0.679596 -0.062179
v -0.230707 0.408373 -0.223020
v -0.228481 0.718894 -0.089385
v -0.226398 0.402951 -0.187390
v -0.223532 0.732574 -0.221432
v -0.227416 0.546098 0.179399
v -0.226089 0.657038 -0.085397
v -0.225941 0.555822 -0.124718
v -0.222887 0.400937 -0.179206
v -0.222887 0.400945 -0.179204
v -0.230671 0.463510 -0.152208
v -0.225118 0.501590 -0.225100
v -0.222150 0.394363 -0.180637
v -0.222148 0.394373 -0.180628
v -0.224572 0.650017 -0.038285
v -0.222820 0.441321 -0.155011
v -0.223924 0.537651 0.108926
v -0.218109 0.405837 -0.212030
v -0.232698 0.541864 0.148513
v -0.222482 0.479373 -0.220629
v -0.221925 0.478717 -0.220459
v -0.214102 0.590765 0.107200
v -0.234600 0.529783 0.169180
v -0.220590 0.466755 -0.217594
v -0.220589 0.466743 -0.217591
v -0.218631 0.383153 -0.176298
v -0.218644 0.383202 -0.176312
v -0.145381 0.599398 -0.028426
v -0.218676 0.383117 -0.176298
v -0.208799 0.305890 -0.207251
v -0.198644 0.459571 0.108131
v -0.219120 0.454713 -0.215227
v -0.219119 0.454712 -0.215227
v -0.220370 0.293406 -0.037005
v -0.212094 0.335351 -0.171518
v -0.165547 0.512535 -0.101471
v -0.208686 0.428273 0.208018
v -0.183088 0.510688 -0.265784
v -0.217900 0.406026 -0.211874
v -0.218677 0.612125 0.168915
v -0.218305 0.607268 -0.085860
v -0.141462 0.434525 -0.277206
v -0.165164 0.630583 -0.014874
v -0.217880 0.489366 0.054860
v -0.217741 0.464295 -0.161686
v -0.212762 0.406890 -0.206572
v -0.219321 0.490955 0.059991
v -0.215936 0.500807 0.061490
v -0.192285 0.484491 -0.152062
v -0.210454 0.350090 -0.168848
v -0.196386 0.589912 0.015063
v -0.212065 0.335267 -0.171451
v -0.213115 0.406925 -0.206295
v -0.211916 0.394861 -0.203030
v -0.212910 0.395673 -0.203506
v -0.211986 0.395090 -0.203048
v -0.211784 0.455916 0.064539
v -0.203619 0.441399 0.054779
v -0.206973 0.331424 -0.171011
v -0.206952 0.331333 -0.171015
v -0.209751 0.592551 -0.067798
v -0.209106 0.592369 -0.067242
v -0.194035 0.514140 -0.227036
v -0.209601 0.249830 -0.189783
v -0.209292 0.403174 0.325044
v -0.145081 0.362078 -0.257527
v -0.202761 0.435522 -0.211091
v -0.220396 0.602514 0.073826
v -0.152798 0.616423 -0.136800
v -0.138391 0.421533 -0.260047
v -0.204986 0.584698 -0.056946
v -0.204986 0.584696 -0.056943
v -0.205142 0.284190 -0.028652
v -0.148582 0.502612 0.197088
v -0.140639 0.376458 0.319686
v -0.202622 0.317128 -0.170119
v -0.204744 0.318650 -0.170374
v -0.202715 0.317353 -0.170114
v -0.196340 0.580902 -0.116743
v -0.203301 0.370144 -0.189367
v -0.202158 0.369047 -0.189040
v -0.160143 0.773828 -0.023231
v -0.167833 0.458987 -0.139452
v -0.203271 0.395075 0.112895
v -0.201119 0.532934 0.180938
v -0.153359 0.176942 -0.143583
v -0.200733 0.496994 -0.055906
v -0.199532 0.355134 -0.185394
v -0.199536 0.355151 -0.185396
v -0.202403 0.476957 -0.180776
v -0.200822 0.576580 -0.047040
v -0.200826 0.576577 -0.047040
v -0.201987 0.642032 -0.064344
v -0.202607 0.494478 -0.057082
v -0.212809 0.335507 -0.291912
v -0.172389 0.574373 0.060996
v -0.197397 0.338179 -0.182383
v -0.198821 0.340235 -0.182564
v -0.134351 0.500689 0.204792
v -0.197448 0.338354 -0.182365
v -0.196860 0.353216 -0.181260
v -0.196880 0.353082 -0.181282
v -0.199015 0.595137 0.085555
v -0.144309 0.448871 -0.024112
v -0.190219 0.282018 -0.174071
v -0.195361 0.366785 -0.178510
v -0.194598 0.365050 -0.178825
v -0.197074 0.353674 -0.076620
v -0.198995 0.747240 -0.050706
v -0.196936 0.514630 0.049022
v -0.196606 0.382714 0.033750
v -0.167252 0.572953 -0.071294
v -0.195731 0.416580 -0.150009
v -0.195653 0.430941 -0.038911
v -0.193046 0.284986 -0.174484
v -0.197394 0.353038 -0.038072
v -0.192518 0.382247 -0.175408
v -0.195573 0.415182 -0.141365
v -0.194850 0.515901 0.115180
v -0.194657 0.412752 -0.189794
v -0.194025 0.573378 0.080068
v -0.193325 0.572828 0.079820
v -0.194450 0.374962 0.021769
v -0.192758 0.561090 -0.029811
v -0.196547 0.502604 -0.185615
v -0.191930 0.289246 -0.166619
v -0.189478 0.287156 -0.166041
v -0.193516 0.341024 0.093062
v -0.191886 0.411750 -0.173666
v -0.192439 0.412799 -0.173601
v -0.186810 0.271879 -0.166658
v -0.186748 0.271654 -0.166528
v -0.216860 0.727911 -0.217824
v -0.128497 0.572045 -0.094565
v -0.148250 0.728924 -0.037326
v -0.190745 0.425284 -0.171756
v -0.190747 0.425261 -0.171760
v -0.185272 0.270838 -0.162583
v -0.185226 0.270612 -0.162536
v -0.191133 0.492887 -0.062798
v -0.189417 0.561807 0.075672
v -0.189407 0.561777 0.075662
v -0.186530 0.682176 -0.188419
v -0.189406 0.439414 -0.169048
v -0.189015 0.438684 -0.169180
v -0.189123 0.699122 -0.219178
v -0.188665 0.464359 -0.164709
v -0.159476 0.532199 -0.048597
v -0.102542 0.358660 -0.350878
v -0.103088 0.441290 -0.087451
v -0.188340 0.555102 -0.160883
v -0.122949 0.653357 -0.039470
v -0.172426 0.483262 -0.125983
v -0.174602 0.471960 -0.107829
v -0.182280 0.552342 -0.008532
v -0.123962 0.683860 -0.158023
v -0.186717 0.861485 -0.158406
v -0.185530 0.551536 0.072266
v -0.184632 0.550890 0.071957
v -0.127972 0.644293 -0.037284
v -0.091537 0.452175 -0.074029
v -0.185618 0.380771 -0.252018
v -0.179371 0.254572 -0.159444
v -0.179351 0.254521 -0.159423
v -0.179406 0.254338 -0.159441
v -0.135706 0.487289 -0.024462
v -0.184587 0.497272 0.081440
v -0.164295 0.521560 0.052027
v -0.163961 0.445091 -0.037126
v -0.194422 0.467306 -0.236518
v -0.126693 0.517592 0.038219
v -0.183339 0.574977 0.036798
v -0.183706 0.584909 0.022853
v -0.182126 0.552595 -0.008324
v -0.183415 0.668299 -0.221247
v -0.182065 0.545982 0.263340
v -0.145793 0.522436 0.216053
v -0.102567 0.641746 0.029931
v -0.200825 0.424490 -0.335730
v -0.150177 0.398099 -0.116371
v -0.177654 0.556553 -0.002682
v -0.177430 0.556577 -0.002553
v -0.177606 0.543678 -0.000546
v -0.178469 0.544617 -0.000960
v -0.096971 0.703348 -0.156788
v -0.177688 0.543918 -0.000587
v -0.178630 0.655536 -0.285424
v -0.162935 0.675677 0.054822
v -0.176629 0.606515 -0.013658
v -0.178170 0.442191 -0.146233
v -0.174869 0.725210 -0.094255
v -0.177430 0.629781 -0.022799
v -0.176899 0.629079 -0.022518
v -0.176467 0.606431 -0.013921
v -0.178071 0.500876 -0.218149
v -0.175991 0.617881 -0.017918
v -0.175990 0.617913 -0.017930
v -0.177520 0.348564 -0.037989
v -0.098574 0.599193 0.330050
v -0.169044 0.516070 0.058927
v -0.112816 0.543678 -0.065465
v -0.176544 0.651352 -0.028434
v -0.177146 0.569354 -0.426157
v -0.177012 0.560928 -0.160114
v -0.151192 0.471236 -0.204764
v -0.100104 0.580188 0.327586
v -0.174233 0.654219 0.149233
v -0.158650 0.309900 -0.207343
v -0.145589 0.634973 -0.179711
v -0.150445 0.486995 -0.043455
v -0.188263 0.456403 -0.008625
v -0.175940 0.556408 0.154104
v -0.134553 0.646389 -0.035966
v -0.171787 0.499422 0.011993
v -0.171791 0.499341 0.011989
v -0.174449 0.667908 -0.207545
v -0.173612 0.667553 -0.207273
v -0.171243 0.480494 0.011726
v -0.171245 0.480426 0.011710
v -0.171253 0.480480 0.011744
v -0.174050 0.366759 -0.112798
v -0.170955 0.491871 0.016214
v -0.170960 0.491830 0.016159
v -0.110473 0.480740 0.109127
v -0.127795 0.404087 0.025903
v -0.101530 0.569458 0.110554
v -0.172071 0.515537 0.012828
v -0.171301 0.514232 0.012687
v -0.172035 0.540779 0.049069
v -0.172035 0.540764 0.049058
v -0.171955 0.530695 0.043592
v -0.172636 0.531586 0.044035
v -0.106651 0.592810 0.121999
v -0.172815 0.599050 0.029640
v -0.173375 0.552144 -0.056514
v -0.170358 0.507710 0.016307
v -0.079535 0.615718 -0.137363
v -0.172250 0.550898 0.055944
v -0.171789 0.550247 0.055528
v -0.170902 0.499287 0.024778
v -0.169983 0.498092 0.023547
v -0.170879 0.515334 0.014643
v -0.175650 0.603995 -0.002877
v -0.171937 0.552406 0.049600
v -0.171154 0.552059 0.049917
v -0.168612 0.449045 0.008933
v -0.154472 0.745380 -0.043908
v -0.170570 0.317506 -0.043072
v -0.169318 0.508503 0.033045
v -0.170671 0.569501 0.065901
v -0.170353 0.517182 0.059371
v -0.161907 0.394514 -0.055441
v -0.072015 0.500218 0.085234
v -0.169867 0.368302 0.169166
v -0.139067 0.650114 -0.108939
v -0.152833 0.513577 0.105740
v -0.081883 0.441407 0.205538
v -0.169017 0.779989 -0.144014
v -0.120436 0.439849 0.014111
v -0.139617 0.622868 -0.241382
v -0.168574 0.300830 -0.125971
v -0.186581 0.417842 -0.011741
v -0.168073 0.410773 -0.162412
v -0.164925 0.433157 0.017290
v -0.164909 0.433120 0.017314
v -0.112987 0.443881 -0.206647
v -0.167673 0.352494 -0.012589
v -0.167498 0.608059 0.076156
v -0.157487 0.557356 -0.034892
v -0.163757 0.507619 0.054319
v -0.163800 0.507728 0.054356
v -0.140170 0.525106 0.158965
v -0.165100 0.528367 0.055180
v -0.163951 0.526747 0.054995
v -0.131693 0.487452 -0.063981
v -0.166071 0.448692 -0.065327
v -0.117659 0.424217 -0.044363
v -0.190329 0.485039 -0.030649
v -0.165831 0.409781 -0.068252
v -0.165732 0.389939 0.044846
v -0.165575 0.516680 0.186211
v -0.159757 0.486488 0.137652
v -0.163757 0.540175 0.056319
v -0.163767 0.540200 0.056306
v -0.165043 0.388973 0.159326
v -0.161681 0.422466 0.028755
v -0.161678 0.422481 0.028750
v -0.159056 0.327954 -0.270619
v -0.136617 0.602941 -0.182535
v -0.161693 0.511847 0.052871
v -0.161695 0.511859 0.052873
v -0.156717 0.208217 -0.145390
v -0.164369 0.408077 0.167230
v -0.119685 0.420019 0.183221
v -0.162955 0.652626 -0.200330
v -0.162938 0.652605 -0.200320
v -0.165228 0.635197 -0.045466
v -0.162084 0.636098 -0.065344
v -0.164015 0.424041 -0.290184
v -0.163815 0.428121 0.193376
v -0.165672 0.550740 0.036338
v -0.109865 0.475444 -0.217354
v -0.148105 0.420126 -0.045493
v -0.163511 0.350687 -0.173603
v -0.160094 0.495334 0.050641
v -0.160113 0.495441 0.050666
v -0.160140 0.495222 0.050645
v -0.112868 0.474121 0.155794
v -0.129001 0.437341 0.170308
v -0.162078 0.654988 -0.109603
v -0.162920 0.578461 -0.200268
v -0.127888 0.533128 0.076089
v -0.162115 0.430707 -0.145884
v -0.116423 0.544651 0.109073
v -0.161253 0.430649 -0.145924
v -0.165873 0.416597 -0.302472
v -0.159471 0.557272 0.055270
v -0.159995 0.558325 0.055274
v -0.159499 0.557096 0.055264
v -0.160658 0.748564 -0.145225
v -0.159917 0.748003 -0.145218
v -0.157538 0.425364 0.037597
v -0.157071 0.425260 0.037068
v -0.112327 0.522580 0.026520
v -0.154001 0.555453 0.055903
v -0.158883 0.569892 0.056919
v -0.158787 0.569914 0.056424
v -0.151173 0.666105 0.071200
v -0.157086 0.406394 0.035584
v -0.158813 0.408414 0.035466
v -0.157184 0.406677 0.035571
v -0.097037 0.531394 -0.077982
v -0.101656 0.577846 0.122173
v -0.141869 0.638239 -0.288179
v -0.159560 0.405731 -0.073351
v -0.159305 0.786851 -0.288956
v -0.157631 0.527560 0.062893
v -0.157656 0.527619 0.062867
v -0.154933 0.458537 0.042778
v -0.117638 0.540989 -0.127764
v -0.158312 0.480985 0.216611
v -0.147580 0.538045 0.047770
v -0.176051 0.481001 0.057031
v -0.157301 0.526165 0.255875
v -0.156419 0.526121 0.255706
v -0.155526 0.568907 0.055051
v -0.155457 0.568826 0.055169
v -0.136270 0.475428 -0.054951
v -0.104495 0.568596 0.073653
v -0.134910 0.521160 0.132091
v -0.156186 0.307795 -0.192151
v -0.153609 0.520884 -0.160262
v -0.154423 0.619090 0.062974
v -0.154421 0.619112 0.062977
v -0.155623 0.614009 -0.136148
v -0.153920 0.633428 0.064846
v -0.153922 0.633402 0.064843
v -0.148372 0.913853 0.003209
v -0.155117 0.401155 -0.000939
v -0.130265 0.516433 0.111294
v -0.154913 0.709186 -0.286096
v -0.153371 0.731680 -0.144958
v -0.153374 0.731690 -0.144958
v -0.155887 0.322627 -0.083257
v -0.086862 0.408702 0.080345
v -0.152359 0.517138 -0.006346
v -0.154374 0.396944 -0.046728
v -0.083546 0.590407 0.168523
v -0.153101 0.648494 0.066365
v -0.152688 0.647712 0.066295
v -0.109412 0.606885 0.114935
v -0.151830 0.529335 -0.050206
v -0.152733 0.424124 -0.146511
v -0.152723 0.424116 -0.146512
v -0.151300 0.352931 0.039634
v -0.150172 0.349197 0.039026
v -0.150998 0.365095 0.039547
v -0.148594 0.362584 0.038870
v -0.155381 0.397994 -0.103612
v -0.152021 0.638524 -0.194515
v -0.151073 0.638045 -0.194353
v -0.145202 0.640840 0.186657
v -0.149435 0.496605 0.073926
v -0.150212 0.674969 0.065980
v -0.151464 0.348113 0.041028
v -0.147354 0.538090 0.037103
v -0.064227 0.254796 -0.222742
v -0.142817 0.534585 0.022499
v -0.143694 0.339810 0.033638
v -0.143748 0.339946 0.033679
v -0.143811 0.342448 0.033651
v -0.143805 0.342412 0.033642
v -0.149566 0.425285 -0.095936
v -0.149148 0.476684 -0.036282
v -0.147534 0.715002 -0.144641
v -0.147545 0.715040 -0.144641
v -0.148735 0.379994 -0.146277
v -0.148547 0.373742 -0.125838
v -0.143725 0.404437 0.227161
v -0.154247 0.353279 0.035354
v -0.143593 0.629502 -0.114289
v -0.127072 0.469234 0.015028
v -0.147384 0.459370 -0.108633
v -0.147141 0.631809 -0.117609
v -0.146283 0.631553 -0.117883
v -0.145159 0.574671 -0.030326
v -0.134923 0.546696 -0.314110
v -0.112655 0.423035 0.080705
v -0.145076 0.591066 0.052107
v -0.141510 0.623892 0.163382
v -0.088556 0.516701 0.121689
v -0.118373 0.343870 -0.072044
v -0.145639 0.452835 0.124048
v -0.123990 0.612321 0.198850
v -0.136728 0.633084 0.019342
v -0.085389 0.640479 0.134539
v -0.059398 0.382333 0.159129
v -0.145281 0.342323 0.253328
v -0.138954 0.318978 0.027695
v -0.138954 0.318998 0.027700
v -0.145181 0.321906 -0.058118
v -0.144140 0.417621 -0.147025
v -0.144166 0.417644 -0.147024
v -0.139068 0.318924 0.027698
v -0.086393 0.706974 -0.054242
v -0.158949 0.508358 0.038151
v -0.144544 0.430032 0.285623
v -0.140793 0.464753 0.082532
v -0.143783 0.416966 0.168222
v -0.142553 0.516034 0.251724
v -0.142529 0.516017 0.251717
v -0.140384 0.395974 0.072816
v -0.140556 0.395718 0.072697
v -0.141106 0.397951 0.074036
v -0.135997 0.470187 0.089745
v -0.089480 0.472527 -0.145356
v -0.136329 0.492342 0.216458
v -0.142252 0.483533 0.099240
v -0.127028 0.179897 -0.129761
v -0.129845 0.645199 -0.142927
v -0.083022 0.585569 0.119192
v -0.140247 0.368825 -0.305130
v -0.048298 0.414265 -0.201106
v -0.082638 0.708946 -0.240912
v -0.138081 0.614322 0.049901
v -0.138097 0.614280 0.049904
v -0.135027 0.657629 -0.208550
v -0.135804 0.410200 0.082639
v -0.135821 0.410140 0.082603
v -0.086266 0.638041 -0.105741
v -0.136900 0.828704 -0.105046
v -0.056367 0.465988 0.407471
v -0.138284 0.432097 0.383206
v -0.136688 0.620653 -0.123530
v -0.136715 0.620685 -0.123515
v -0.135993 0.470123 0.089893
v -0.136830 0.298120 -0.354747
v -0.136205 0.738508 -0.156201
v -0.103401 0.507829 -0.169836
v -0.136045 0.822269 -0.137199
v -0.126045 0.262264 0.013105
v -0.110667 0.546081 0.195442
v -0.133906 0.402609 0.084303
v -0.134065 0.402521 0.084054
v -0.135709 0.407419 0.226921
v -0.135587 0.584441 0.003345
v -0.134887 0.715535 -0.154921
v -0.134309 0.714843 -0.154784
v -0.135501 0.537516 0.135053
v -0.044880 0.431106 -0.188628
v -0.097671 0.552966 -0.282985
v -0.133323 0.453391 0.093675
v -0.134054 0.454483 0.093827
v -0.133367 0.453537 0.093672
v -0.070200 0.458488 -0.110671
v -0.133125 0.625299 0.049154
v -0.133129 0.625291 0.049155
v -0.133208 0.474007 -0.028119
v -0.169725 0.466111 0.223438
v -0.132577 0.702721 -0.152409
v -0.132576 0.702713 -0.152408
v -0.143342 0.670209 -0.016435
v -0.132204 0.465424 0.097139
v -0.132219 0.465349 0.097311
v -0.131802 0.423050 0.090444
v -0.131380 0.421964 0.089704
v -0.147010 0.653081 0.162745
v -0.133629 0.561069 -0.011862
v -0.128835 0.413624 -0.012128
v -0.126215 0.437714 0.114900
v -0.130809 0.604039 -0.187094
v -0.130880 0.690531 -0.150348
v -0.130878 0.690517 -0.150346
v -0.131815 0.445806 -0.246949
v -0.130175 0.645152 -0.143492
v -0.125299 0.534415 0.033017
v -0.147708 0.500756 -0.272012
v -0.126445 0.180443 -0.129298
v -0.132952 0.570947 0.117028
v -0.081439 0.376435 -0.192103
v -0.129746 0.404771 -0.147775
v -0.130663 0.358679 -0.371207
v -0.127637 0.684017 -0.012028
v -0.127305 0.531212 -0.273974
v -0.129516 0.608740 -0.128124
v -0.128650 0.608170 -0.128376
v -0.128080 0.489569 0.103101
v -0.128313 0.637171 0.047866
v -0.128158 0.636349 0.047936
v -0.063660 0.575332 0.029886
v -0.129123 0.520326 -0.078833
v -0.118907 0.434037 0.135645
v -0.127768 0.506764 0.248831
v -0.127790 0.506781 0.248836
v -0.128445 0.234942 -0.203858
v -0.126526 0.640151 -0.145429
v -0.126127 0.640076 -0.145371
v -0.126213 0.665715 -0.147964
v -0.087135 0.582387 0.036478
v -0.127648 0.323546 -0.020353
v -0.127033 0.785350 -0.144926
v -0.126300 0.784780 -0.144992
v -0.144196 0.534450 0.052437
v -0.125078 0.627279 -0.144463
v -0.125096 0.627384 -0.144469
v -0.126002 0.628202 -0.144442
v -0.125305 0.403865 0.094040
v -0.119415 0.235267 0.014419
v -0.119412 0.235271 0.014420
v -0.047785 0.264334 -0.014083
v -0.125143 0.429665 -0.237266
v -0.124447 0.429268 -0.236886
v -0.124535 0.405106 0.095212
v -0.039171 0.529201 0.386907
v -0.123412 0.512099 0.110308
v -0.123416 0.512080 0.110302
v -0.124596 0.464326 -0.252519
v -0.124272 0.472023 0.010779
v -0.055660 0.610664 0.096365
v -0.083845 0.502576 -0.078098
v -0.134260 0.752971 -0.120011
v -0.111474 0.611924 -0.040386
v -0.123441 0.389697 -0.135687
v -0.122933 0.541510 0.305291
v -0.100704 0.589425 0.095080
v -0.121845 0.601834 0.062207
v -0.146674 0.505113 0.079265
v -0.084797 0.502890 0.197460
v -0.120734 0.420678 -0.231278
v -0.120741 0.420700 -0.231291
v -0.121178 0.658146 0.044904
v -0.120279 0.523399 0.113911
v -0.120274 0.523417 0.113916
v -0.030252 0.492943 0.328977
v -0.113440 0.413626 0.120623
v -0.112350 0.396664 -0.150102
v -0.113639 0.212346 0.011177
v -0.113604 0.212217 0.011157
v -0.119938 0.422860 -0.047191
v -0.124564 0.687022 0.122481
v -0.118719 0.765340 -0.146552
v -0.118720 0.765341 -0.146552
v -0.119729 0.250727 -0.214562
v -0.117836 0.411448 -0.226245
v -0.117897 0.411464 -0.226225
v -0.131627 0.486136 -0.159239
v -0.118440 0.535448 0.118630
v -0.118097 0.534701 0.118368
v -0.055735 0.515852 0.077563
v -0.117181 0.581226 -0.136578
v -0.119113 0.524841 -0.114351
v -0.119024 0.256795 0.136390
v -0.117514 0.588083 -0.181212
v -0.115492 0.587876 -0.180603
v -0.117347 0.557449 -0.090626
v -0.057781 0.469358 0.125379
v -0.054497 0.617928 0.171805
v -0.116028 0.585709 -0.145522
v -0.114476 0.584584 -0.145632
v -0.116473 0.376970 -0.130892
v -0.115627 0.376624 -0.130702
v -0.116683 0.269176 -0.363637
v -0.116384 0.524888 0.125891
v -0.115842 0.448729 -0.248678
v -0.112078 0.389715 0.007818
v -0.079184 0.660316 -0.014200
v -0.071844 0.604671 -0.103109
v -0.115297 0.434001 -0.238787
v -0.114712 0.433459 -0.238312
v -0.115188 0.556944 0.124898
v -0.109969 0.162922 -0.117657
v -0.110067 0.163027 -0.117728
v -0.109854 0.378966 -0.209013
v -0.047964 0.511450 -0.039728
v -0.086012 0.614761 0.120236
v -0.113272 0.426123 -0.232267
v -0.113268 0.426114 -0.232260
v -0.113148 0.408696 0.107050
v -0.114260 0.397228 -0.095542
v -0.114590 0.495743 0.174241
v -0.104232 0.182485 0.004442
v -0.066144 0.480286 -0.116982
v -0.026526 0.453197 -0.239003
v -0.062793 0.405271 0.067322
v -0.046040 0.677397 -0.060984
v -0.110845 0.418949 -0.225847
v -0.111786 0.418441 -0.226581
v -0.067293 0.602888 -0.067894
v -0.112032 0.396851 -0.150070
v -0.096682 0.682026 -0.060315
v -0.087657 0.476980 -0.324599
v -0.111449 0.745641 -0.147785
v -0.111463 0.745688 -0.147781
v -0.110195 0.687967 0.013091
v -0.059170 0.460452 0.039480
v -0.056902 0.477863 0.113886
v -0.047994 0.446769 0.369330
v -0.104813 0.182707 0.004156
v -0.110794 0.370137 -0.128703
v -0.110804 0.370156 -0.128711
v -0.047300 0.494970 -0.122742
v -0.102485 0.309719 0.162682
v -0.110058 0.378805 -0.209282
v -0.110891 0.482467 0.150444
v -0.040236 0.484203 0.094543
v -0.027520 0.583482 0.039757
v -0.109014 0.393504 -0.212839
v -0.110741 0.529817 0.026328
v -0.110610 0.525222 0.292911
v -0.109815 0.525095 0.292458
v -0.109907 0.567232 -0.141277
v -0.108269 0.566423 -0.141893
v -0.014964 0.605731 0.324898
v -0.103478 0.635332 -0.201042
v -0.110372 0.412113 0.039726
v -0.107164 0.593175 -0.028343
v -0.111598 0.559133 0.122492
v -0.108386 0.380129 -0.209317
v -0.108423 0.380139 -0.209289
v -0.109651 0.399788 -0.114960
v -0.072570 0.482307 0.145341
v -0.055816 0.515187 0.134166
v -0.107998 0.370413 -0.204818
v -0.108016 0.370537 -0.204834
v -0.108807 0.371285 -0.205307
v -0.106483 0.394586 -0.244120
v -0.109540 0.462189 -0.034630
v -0.041927 0.278572 -0.170763
v -0.042714 0.479010 -0.049023
v -0.038185 0.518936 0.054886
v -0.005139 0.535575 0.283847
v -0.109204 0.291669 -0.232980
v -0.107554 0.445875 -0.159851
v -0.107554 0.445859 -0.159848
v -0.076816 0.581882 -0.301678
v -0.109007 0.512488 0.246044
v -0.107745 0.436658 -0.157384
v -0.107425 0.436609 -0.157671
v -0.106424 0.691879 0.181415
v -0.074337 0.465868 0.030974
v -0.108034 0.455908 -0.162016
v -0.107555 0.455177 -0.161861
v -0.088008 0.589004 0.123749
v -0.108638 0.524521 0.238605
v -0.107713 0.473172 -0.164941
v -0.098620 0.170617 0.000416
v -0.101193 0.172846 0.002164
v -0.106876 0.363071 -0.126359
v -0.106703 0.363367 -0.125952
v -0.106902 0.609166 -0.168642
v -0.105458 0.607610 -0.168735
v -0.104989 0.563945 -0.147400
v -0.105012 0.564005 -0.147390
v -0.115435 0.462524 -0.130569
v -0.106256 0.351293 -0.194793
v -0.105048 0.350266 -0.193875
v -0.105680 0.398996 -0.151344
v -0.105296 0.398981 -0.151305
v -0.104086 0.342847 -0.196618
v -0.105677 0.362349 -0.225519
v -0.106276 0.362969 -0.226360
v -0.106681 0.555161 -0.079508
v -0.067276 0.531220 -0.066166
v -0.106213 0.384536 -0.116471
v -0.105548 0.383932 -0.116541
v -0.106133 0.390280 -0.150138
v -0.104966 0.389409 -0.149979
v -0.105152 0.389805 -0.149979
v -0.104972 0.368362 -0.235098
v -0.104977 0.368353 -0.235084
v -0.104867 0.344045 -0.197762
v -0.074584 0.359859 0.116930
v -0.103638 0.605966 -0.007506
v -0.095457 0.629713 0.077345
v -0.114942 0.366517 0.012286
v -0.102132 0.526609 0.011759
v -0.106283 0.424417 -0.066816
v -0.102766 0.341378 -0.186705
v -0.102762 0.341362 -0.186691
v -0.103889 0.528138 0.093242
v -0.102609 0.555865 -0.146743
v -0.102638 0.555940 -0.146718
v -0.103097 0.578337 -0.174668
v -0.103243 0.578514 -0.174733
v -0.082973 0.660935 -0.195684
v -0.077454 0.455054 -0.057803
v -0.105346 0.535559 0.253326
v -0.102206 0.338487 -0.188203
v -0.102204 0.338480 -0.188186
v -0.104475 0.375202 -0.245043
v -0.104059 0.374726 -0.244441
v -0.105284 0.223466 -0.056130
v -0.105259 0.527648 -0.016446
v -0.103154 0.709893 -0.150452
v -0.103253 0.375754 -0.117347
v -0.103248 0.375733 -0.117349
v -0.104284 0.517241 0.108319
v -0.103621 0.517358 0.107776
v -0.116510 0.740953 0.138499
v -0.078773 0.508591 -0.085160
v -0.103319 0.489040 0.243205
v -0.097239 0.535828 0.065617
v -0.103188 0.386438 -0.262579
v -0.102588 0.517739 0.284679
v -0.102581 0.517728 0.284670
v -0.100571 0.331619 -0.179297
v -0.100572 0.331619 -0.179294
v -0.091155 0.139378 -0.104032
v -0.100611 0.331585 -0.179294
v -0.103510 0.343434 -0.196360
v -0.103038 0.462562 0.018244
v 0.020296 0.593384 0.178484
v -0.054350 0.522030 -0.146450
v -0.104169 0.383797 -0.246537
v -0.104270 0.527281 0.196635
v -0.102195 0.462693 0.018414
v -0.105070 0.700534 -0.004006
v -0.100146 0.367717 -0.117832
v -0.100719 0.367578 -0.117264
v -0.055977 0.443357 0.064830
v -0.098163 0.314504 -0.137971
v -0.009635 0.491673 0.090485
v -0.052106 0.704544 0.107426
v -0.101174 0.531162 -0.069300
v -0.100479 0.530653 -0.068960
v -0.101314 0.513453 0.021455
v -0.100458 0.513130 0.021260
v -0.099394 0.672507 -0.156906
v -0.094149 0.529919 -0.006252
v -0.029426 0.485217 -0.045222
v -0.100915 0.374841 -0.357936
v -0.042494 0.587968 0.235675
v -0.095902 0.449865 -0.223615
v -0.097795 0.586988 -0.168934
v -0.097818 0.587065 -0.168930
v -0.099239 0.672459 -0.156575
v -0.097573 0.541395 -0.151312
v -0.097588 0.541453 -0.151296
v -0.075658 0.622034 0.103954
v -0.097644 0.541419 -0.151307
v -0.100277 0.670504 -0.064373
v -0.100132 0.467369 -0.058278
v 0.018051 0.541136 0.106996
v -0.097846 0.653615 -0.160398
v -0.098367 0.654555 -0.160235
v -0.097896 0.653330 -0.160425
v -0.098383 0.425730 0.127345
v -0.098322 0.426669 0.128018
v -0.096268 0.566853 -0.121266
v -0.052894 0.535044 0.067509
v -0.095678 0.313046 -0.162105
v -0.098921 0.240369 -0.345539
v -0.098868 0.679661 -0.272931
v -0.083076 0.529603 -0.044584
v -0.075709 0.527480 0.043361
v -0.090325 0.606885 -0.007524
v -0.085813 0.147539 0.000641
v -0.093434 0.335088 -0.115481
v -0.094812 0.341911 -0.142723
v -0.094853 0.341772 -0.142702
v -0.094842 0.342135 -0.142707
v -0.096918 0.512612 0.098555
v -0.096919 0.512616 0.098559
v -0.105706 0.546467 -0.136025
v -0.097665 0.558753 -0.102581
v -0.096045 0.518570 -0.062455
v -0.096044 0.518571 -0.062457
v -0.094262 0.356694 -0.144709
v -0.094277 0.356629 -0.144698
v -0.092369 0.335373 -0.114795
v -0.046360 0.340187 0.047831
v -0.041878 0.498108 0.250851
v -0.091116 0.139255 -0.104441
v -0.096624 0.619292 0.081002
v -0.091822 0.299982 -0.142272
v -0.064476 0.498236 -0.048578
v -0.046755 0.661857 0.069790
v -0.128522 0.697240 0.079560
v -0.084592 0.586165 0.127568
v -0.050452 0.427787 0.363179
v 0.008816 0.522802 -0.012208
v -0.094890 0.510332 0.277298
v -0.094895 0.510337 0.277303
v -0.094244 0.368619 -0.146938
v -0.093506 0.367662 -0.146707
v -0.055168 0.381370 -0.102400
v -0.048458 0.501471 -0.094835
v -0.058840 0.401580 0.026856
v -0.099079 0.694871 -0.223100
v -0.086247 0.736448 -0.203156
v -0.016074 0.516677 0.339562
v -0.094162 0.505050 0.018571
v -0.094168 0.505059 0.018573
v -0.035511 0.700289 0.127113
v -0.095175 0.498654 0.200526
v -0.091820 0.302439 -0.136691
v -0.091915 0.302669 -0.136725
v -0.027469 0.542511 0.070698
v -0.092086 0.560976 -0.170644
v -0.092120 0.561180 -0.170668
v -0.092207 0.561347 -0.170686
v -0.091719 0.299957 -0.142283
v -0.093394 0.335078 -0.115451
v -0.070020 0.435296 0.254694
v -0.091580 0.350785 -0.144011
v -0.091738 0.350540 -0.143991
v -0.136720 0.266178 -0.196049
v -0.092346 0.335435 -0.114565
v -0.081432 0.552570 0.087539
v -0.060102 0.584642 0.207572
v -0.092130 0.506912 -0.054782
v -0.092136 0.506934 -0.054797
v -0.031555 0.381402 -0.065125
v -0.030148 0.671365 -0.046861
v -0.093260 0.521565 -0.049382
v -0.092292 0.558404 -0.058921
v -0.045519 0.552706 0.079971
v -0.091244 0.669726 -0.155890
v -0.091260 0.669554 -0.155817
v -0.038657 0.462165 -0.119047
v -0.087505 0.808585 -0.015359
v -0.039593 0.454568 0.106266
v -0.092086 0.322972 0.235445
v -0.088465 0.289782 -0.134466
v -0.090051 0.291282 -0.135377
v -0.088434 0.289807 -0.134529
v -0.090084 0.327269 -0.113727
v -0.091080 0.328072 -0.113808
v -0.090119 0.327345 -0.113737
v -0.085453 0.506082 0.127551
v -0.087620 0.657132 0.112895
v -0.091454 0.507406 0.090111
v -0.091045 0.538327 -0.049317
v -0.090431 0.537758 -0.048899
v -0.082631 0.555696 -0.096539
v -0.090559 0.507517 0.089328
v -0.090537 0.457162 0.021487
v -0.090531 0.457159 0.021489
v 0.016260 0.282907 -0.102339
v -0.028020 0.455694 -0.072628
v -0.086540 0.499302 -0.162100
v -0.069513 0.561629 0.126609
v -0.089741 0.435340 0.137059
v -0.089735 0.435346 0.137066
v -0.084782 0.131256 -0.099236
v -0.084771 0.131235 -0.099223
v -0.019937 0.533730 0.060190
v -0.064505 0.573457 0.046655
v -0.021161 0.526442 -0.124300
v -0.088147 0.527982 -0.042209
v -0.088146 0.527988 -0.042211
v -0.083920 0.149733 0.003175
v -0.088609 0.496187 0.016592
v -0.088278 0.496527 0.016188
v -0.019104 0.619829 0.325329
v -0.086703 0.358341 -0.144022
v -0.086138 0.356109 -0.143471
v -0.088399 0.591993 0.078305
v -0.087688 0.591454 0.078156
v -0.086155 0.269097 -0.123323
v -0.083834 0.266483 -0.122843
v -0.086605 0.485243 -0.039629
v -0.088087 0.250414 -0.176053
v -0.059678 0.418760 0.134886
v -0.086210 0.517528 -0.036352
v -0.086214 0.517549 -0.036363
v -0.082816 0.445826 0.104134
v -0.087188 0.549250 0.000171
v -0.081884 0.256252 -0.116494
v -0.081060 0.253897 -0.121019
v -0.081053 0.253813 -0.121015
v -0.053962 0.380798 -0.247586
v -0.084138 0.259445 -0.116215
v -0.073568 0.479406 0.242062
v -0.086725 0.384232 0.039408
v -0.081703 0.468803 -0.173568
v -0.086607 0.353596 -0.053293
v -0.050431 0.663069 0.058140
v -0.079907 0.249767 -0.118786
v -0.079922 0.249758 -0.118854
v -0.082512 0.466698 -0.020957
v -0.013812 0.565564 0.190446
v -0.018536 0.476722 0.236495
v -0.083037 0.371858 -0.161750
v -0.082225 0.468548 -0.172901
v -0.084339 0.308967 -0.112110
v -0.083306 0.307808 -0.112216
v -0.060532 0.606975 0.044186
v -0.046752 0.505435 0.008187
v -0.082164 0.285805 -0.113331
v -0.083265 0.287960 -0.113190
v -0.082236 0.297155 -0.112846
v -0.082236 0.297184 -0.112846
v -0.082208 0.285923 -0.113326
v -0.091685 0.604980 -0.002220
v -0.080724 0.468871 -0.016394
v -0.081395 0.447676 -0.176597
v -0.083031 0.449833 -0.176523
v -0.081409 0.447803 -0.176601
v -0.012673 0.283375 -0.139237
v -0.078413 0.239749 -0.117976
v -0.078410 0.239737 -0.117977
v -0.077663 0.287517 -0.140621
v -0.078552 0.239817 -0.117984
v -0.081438 0.292832 -0.112101
v -0.081472 0.292700 -0.112131
v -0.084264 0.386042 0.177658
v -0.082492 0.466812 -0.020811
v -0.064728 0.382758 -0.234989
v -0.018310 0.523870 0.098096
v -0.083846 0.426470 0.255110
v -0.082399 0.577243 0.074973
v -0.082396 0.577234 0.074971
v -0.074006 0.562068 0.114046
v -0.083407 0.533625 0.119216
v 0.003915 0.490781 -0.004445
v -0.083682 0.293922 0.121904
v 0.003872 0.425843 0.087983
v -0.079882 0.473596 -0.174830
v -0.078551 0.473281 -0.174388
v -0.083361 0.569553 -0.237945
v 0.008324 0.343502 0.050880
v -0.088540 0.267242 -0.108963
v -0.089433 0.431845 -0.098240
v -0.055013 0.516141 -0.080647
v -0.081393 0.468588 -0.017149
v -0.076431 0.140761 0.003968
v -0.076720 0.141162 0.003967
v -0.027338 0.472369 -0.229039
v -0.044044 0.527555 0.146610
v -0.080839 0.300084 -0.110455
v -0.079907 0.298154 -0.110560
v -0.080780 0.456012 -0.012166
v -0.081619 0.456880 -0.012674
v -0.080795 0.456082 -0.012168
v -0.104887 0.590973 -0.444411
v -0.081954 0.529954 0.001773
v -0.081203 0.529398 0.001803
v -0.083871 0.449770 0.090900
v -0.080594 0.485650 0.057488
v -0.112162 0.574810 -0.334015
v -0.066070 0.481533 0.246992
v -0.000792 0.420460 -0.035419
v -0.080667 0.447360 0.144797
v -0.080709 0.446541 0.144457
v -0.070737 0.248359 -0.125322
v 0.007460 0.633417 0.063122
v -0.072600 0.205391 -0.111762
v -0.080518 0.672870 0.096444
v -0.074691 0.336476 -0.163268
v -0.074734 0.336192 -0.162993
v -0.074698 0.336721 -0.163293
v -0.080361 0.316431 -0.353152
v -0.099973 0.562369 0.010481
v -0.069335 0.113136 -0.079618
v -0.084286 0.460750 0.092814
v -0.076643 0.515236 -0.170031
v -0.080093 0.451552 0.024660
v -0.030390 0.606138 0.041377
v -0.079884 0.393912 0.413460
v -0.012130 0.494421 -0.449240
v -0.078963 0.451637 0.024845
v -0.073473 0.365434 -0.171989
v -0.073472 0.365462 -0.172002
v -0.060924 0.851480 -0.179705
v -0.075645 0.561319 0.163089
v -0.018514 0.458717 -0.092035
v -0.075948 0.395728 -0.178785
v -0.074067 0.393077 -0.178138
v -0.077449 0.320156 -0.107387
v -0.077921 0.321260 -0.107263
v -0.078388 0.501942 0.005612
v 0.036722 0.537448 0.081422
v -0.084034 0.710920 0.068983
v -0.078847 0.660317 0.076033
v -0.076995 0.563096 0.071562
v -0.077877 0.563804 0.071784
v -0.076984 0.519410 0.002171
v -0.076981 0.519402 0.002170
v -0.102063 0.338634 -0.193596
v -0.078092 0.655326 -0.262701
v -0.076765 0.429039 0.003002
v -0.075584 0.427837 0.003527
v -0.013567 0.599247 0.177155
v -0.076039 0.327708 -0.106095
v -0.076047 0.327680 -0.106098
v -0.070323 0.248386 -0.125508
v -0.068526 0.493880 0.058929
v -0.070074 0.194180 -0.100709
v -0.070077 0.194213 -0.100738
v -0.076874 0.455571 0.254179
v -0.067771 0.512357 -0.248121
v -0.067808 0.512971 -0.074324
v -0.083270 0.718903 0.051110
v -0.089130 0.295633 -0.223940
v -0.036136 0.404582 0.238688
v -0.074779 0.384529 -0.148508
v -0.074963 0.385755 -0.148710
v 0.009785 0.371477 -0.242158
v -0.072712 0.530021 0.025741
v -0.072841 0.412785 0.009256
v -0.072839 0.412773 0.009262
v -0.074855 0.317214 0.014376
v -0.069700 0.113746 -0.078843
v -0.074586 0.336048 -0.104966
v -0.074285 0.335237 -0.105062
v -0.065105 0.111436 -0.000884
v -0.074755 0.480119 0.005346
v -0.074133 0.479475 0.005377
v -0.107631 0.568682 -0.137652
v -0.020030 0.537962 0.093364
v -0.002946 0.676644 0.066198
v -0.035454 0.456385 0.171936
v -0.068027 0.183449 -0.090858
v -0.068028 0.183477 -0.090868
v -0.066399 0.111632 -0.001480
v -0.074439 0.508426 -0.050888
v -0.058944 0.524465 -0.076534
v -0.075505 0.540396 0.069221
v -0.076801 0.320867 -0.008074
v -0.011879 0.450235 0.059254
v -0.072313 0.509403 0.002725
v -0.072794 0.509371 0.003203
v -0.073502 0.508490 -0.050885
v -0.077801 0.564053 0.171293
v -0.074099 0.443234 0.046812
v -0.068679 0.352109 -0.180324
v -0.068981 0.351706 -0.179822
v -0.073358 0.479851 0.242438
v -0.057295 0.437311 -0.004796
v -0.074127 0.636639 -0.003312
v -0.074466 0.593376 0.128354
v -0.071720 0.467706 0.005919
v -0.071721 0.467715 0.005917
v -0.069997 0.395725 0.014428
v -0.071473 0.397780 0.013998
v -0.069253 0.653767 0.028868
v -0.070077 0.395969 0.014412
v -0.064255 0.164135 -0.078068
v -0.069309 0.407824 0.012247
v -0.069321 0.407751 0.012249
v -0.071116 0.695068 -0.143326
v -0.071719 0.349975 -0.103241
v -0.068291 0.696796 0.103964
v -0.071980 0.359839 0.271296
v -0.064445 0.164397 -0.077973
v -0.064991 0.225944 -0.113813
v -0.064994 0.225980 -0.113833
v -0.065622 0.466378 0.008889
v -0.016617 0.431770 0.183470
v -0.020984 0.516529 0.042849
v -0.064170 0.102325 -0.004044
v -0.063989 0.101896 -0.004108
v -0.072065 0.744257 0.103384
v -0.034052 0.671763 -0.375859
v -0.130394 0.377428 0.181418
v -0.071462 0.530633 0.022374
v -0.069883 0.455924 0.007530
v -0.070540 0.456807 0.007381
v -0.070871 0.649417 0.087314
v -0.070107 0.648969 0.087106
v -0.069007 0.419681 0.012021
v -0.067478 0.417996 0.012615
v -0.081517 0.653500 -0.115338
v -0.069369 0.393982 -0.149780
v -0.069389 0.393952 -0.149775
v -0.070543 0.397302 0.194470
v -0.064474 0.107604 -0.071230
v -0.064537 0.107673 -0.071300
v -0.062186 0.351981 0.025654
v -0.063135 0.157873 -0.073697
v -0.063106 0.157720 -0.073602
v -0.069679 0.493695 0.060313
v -0.050876 0.621202 -0.072566
v -0.069560 0.612670 -0.057273
v -0.069360 0.617678 0.063165
v -0.070278 0.396031 -0.145087
v -0.063305 0.468104 0.007160
v -0.067024 0.536171 0.064951
v -0.068978 0.192293 -0.150444
v -0.020569 0.372627 -0.155592
v -0.068017 0.686075 -0.011429
v -0.067117 0.592357 0.004465
v -0.084377 0.560485 0.012177
v -0.068267 0.384779 0.340737
v -0.067553 0.574627 0.025649
v -0.036469 0.513577 -0.284997
v -0.058675 0.196190 -0.096421
v -0.066881 0.454786 0.010771
v -0.067497 0.298946 -0.122187
v 0.034103 0.560916 -0.204271
v -0.066056 0.481312 0.247241
v -0.065641 0.466306 0.008939
v -0.064361 0.354690 0.024760
v 0.032820 0.555950 0.088512
v -0.066315 0.687135 0.199332
v -0.065398 0.590676 0.085257
v -0.066229 0.668165 -0.017508
v -0.011443 0.491440 0.249259
v -0.058958 0.196501 -0.096156
v -0.055781 0.136084 -0.063464
v -0.070778 0.348910 -0.220810
v -0.065485 0.310582 -0.166612
v -0.065213 0.191902 -0.329456
v -0.063453 0.468105 0.006933
v -0.063732 0.636382 0.083142
v -0.063748 0.636420 0.083153
v -0.064322 0.466721 0.160522
v -0.064972 0.572542 -0.119870
v -0.058553 0.341585 0.033299
v -0.058571 0.341709 0.033262
v -0.061001 0.473843 -0.274604
v -0.063290 0.403898 -0.151228
v -0.063299 0.403026 -0.151139
v -0.062294 0.489614 0.050858
v -0.062280 0.489590 0.050817
v -0.063933 0.488717 -0.008464
v -0.056580 0.186278 -0.090461
v -0.056549 0.186154 -0.090397
v -0.017333 0.493015 -0.102095
v -0.062038 0.742735 0.078097
v -0.062182 0.517947 0.061980
v -0.061160 0.516578 0.061215
v -0.059427 0.629364 0.103551
v -0.057117 0.347245 0.035217
v -0.057128 0.347110 0.035234
v -0.062358 0.502943 -0.050725
v -0.062355 0.502941 -0.050725
v -0.056742 0.327085 0.038736
v -0.056754 0.327156 0.038720
v -0.056791 0.326908 0.038756
v 0.031106 0.343028 0.019240
v 0.009323 0.566436 0.210594
v -0.055330 0.135910 -0.064004
v -0.058110 0.363187 -0.196078
v -0.058143 0.360722 -0.193966
v -0.062200 0.466397 -0.104632
v -0.061139 0.523330 0.059148
v -0.061951 0.357892 0.310542
v -0.061924 0.441203 0.062193
v -0.059443 0.522563 0.058406
v -0.061269 0.458590 0.008256
v -0.060191 0.457845 0.008340
v -0.048283 0.079194 -0.004455
v -0.060269 0.457996 0.008346
v -0.058597 0.370325 0.032222
v -0.056787 0.367329 0.032591
v 0.022267 0.540577 -0.016465
v -0.060805 0.513267 0.060136
v 0.016855 0.814589 -0.198922
v -0.038663 0.647072 -0.302780
v -0.057967 0.504185 0.051537
v -0.057974 0.504219 0.051553
v -0.018782 0.479429 -0.051395
v -0.060870 0.392015 -0.134080
v -0.058573 0.623181 0.078806
v -0.059194 0.622952 0.079400
v -0.062639 0.590439 0.043868
v -0.059738 0.582499 -0.108339
v -0.060346 0.435500 -0.039938
v -0.056685 0.405689 0.033106
v -0.057983 0.407961 0.033089
v -0.056670 0.405598 0.033085
v -0.053069 0.290714 0.044484
v -0.053067 0.290682 0.044491
v -0.047165 0.085452 -0.057669
v -0.059855 0.474253 0.239892
v -0.057560 0.555117 0.057998
v 0.000011 0.570376 0.086401
v -0.058647 0.474225 0.239386
v -0.052252 0.127608 -0.060787
v -0.052303 0.127857 -0.060910
v -0.058853 0.474340 0.239393
v -0.047584 0.690473 -0.107702
v 0.030673 0.575149 -0.112123
v -0.059176 0.593831 -0.055965
v -0.058394 0.593429 -0.055851
v -0.071857 0.421824 -0.064697
v -0.059074 0.374361 -0.075502
v -0.021115 0.410389 0.143768
v -0.028984 0.515895 -0.066779
v 0.033602 0.530943 0.297618
v -0.058678 0.422655 0.054425
v 0.009017 0.577255 -0.072594
v -0.055146 0.483397 0.040934
v 0.028147 0.456392 0.244692
v -0.046449 0.157501 -0.080977
v -0.055239 0.483692 0.040977
v -0.055346 0.483918 0.041138
v 0.032622 0.661510 0.056533
v -0.048657 0.253456 0.046086
v -0.047869 0.277992 -0.225598
v -0.008965 0.542991 -0.180584
v -0.053924 0.426471 0.028740
v -0.053994 0.426249 0.028816
v -0.054412 0.490516 -0.019589
v -0.056404 0.440562 0.029640
v -0.022373 0.493847 0.080300
v -0.004607 0.370940 0.069987
v -0.053856 0.513238 0.053087
v -0.053912 0.513382 0.053149
v -0.056208 0.557980 -0.182522
v -0.048231 0.106484 -0.046275
v -0.047572 0.105770 -0.046735
v 0.020622 0.520057 -0.057737
v -0.056560 0.458572 -0.039872
v -0.025352 0.604058 0.046826
v -0.053140 0.581079 0.067021
v -0.056321 0.546340 -0.059402
v -0.054937 0.727037 -0.134491
v -0.054945 0.727025 -0.134494
v -0.054016 0.401618 -0.347712
v -0.055634 0.649112 -0.019018
v -0.054891 0.648628 -0.019255
v -0.055801 0.603477 0.059664
v -0.052430 0.426353 0.032251
v -0.052454 0.426261 0.032252
v -0.054931 0.603302 0.059537
v -0.024132 0.290197 -0.215355
v -0.061620 0.412753 -0.019657
v -0.055207 0.637867 -0.024591
v -0.054391 0.637414 -0.024778
v -0.059802 0.683366 0.136456
v -0.053697 0.553584 0.059870
v -0.054139 0.554598 0.059806
v -0.053622 0.567748 0.064139
v -0.053623 0.567732 0.064135
v -0.047326 0.099921 -0.040826
v -0.047268 0.099591 -0.040574
v -0.053753 0.553344 0.059891
v -0.048350 0.253717 0.045304
v -0.001390 0.569531 0.040734
v -0.069803 0.524252 -0.025450
v 0.005100 0.612681 0.021072
v -0.053814 0.615000 -0.093275
v -0.054354 0.581412 -0.037572
v -0.054345 0.334457 -0.248414
v -0.054041 0.515840 0.123717
v -0.052632 0.583390 -0.054035
v -0.052635 0.583397 -0.054035
v -0.047135 0.085112 -0.058782
v -0.047396 0.079666 -0.003796
v -0.049614 0.712843 0.045758
v -0.049162 0.378196 -0.205876
v -0.048811 0.499788 0.046533
v -0.050278 0.499403 0.047803
v -0.051946 0.526836 0.055273
v -0.050981 0.525142 0.054931
v -0.050309 0.499128 0.047768
v -0.050264 0.513009 0.051671
v -0.050266 0.513017 0.051674
v 0.055268 0.474235 -0.050079
v -0.045957 0.157396 -0.081876
v -0.036576 0.739666 -0.030435
v -0.052081 0.420777 -0.151800
v -0.007850 0.616433 -0.268901
v -0.051864 0.530178 -0.189332
v -0.051192 0.529558 -0.189487
v -0.052292 0.497259 -0.050742
v -0.029615 0.449728 -0.043657
v -0.051212 0.497205 -0.050740
v -0.048492 0.437770 0.023087
v -0.055023 0.603818 0.195060
v -0.051816 0.490101 0.162357
v -0.050363 0.434606 0.009850
v -0.049262 0.433616 0.010319
v -0.047195 0.442752 0.033007
v -0.050826 0.489541 0.062642
v -0.050072 0.489061 0.062685
v -0.050353 0.604278 0.101144
v -0.048248 0.646495 -0.069229
v -0.050092 0.460026 0.036584
v -0.050007 0.732288 0.010606
v -0.046668 0.453265 0.023536
v -0.047635 0.590811 0.117511
v -0.049964 0.418566 0.286445
v -0.046903 0.421460 0.014392
v -0.046908 0.421473 0.014389
v -0.037851 0.076622 -0.032101
v -0.043204 0.235474 0.043904
v -0.043169 0.235358 0.043899
v 0.012544 0.570548 0.176962
v -0.044460 0.372695 -0.226794
v -0.033626 0.649164 -0.072984
v -0.049625 0.340575 -0.008281
v -0.049604 0.431641 -0.027714
v -0.041763 0.146662 -0.079362
v -0.041818 0.146858 -0.079434
v 0.009545 0.696227 -0.009163
v -0.049084 0.196185 -0.353161
v -0.049012 0.537406 0.305372
v -0.047500 0.566198 0.053792
v -0.047554 0.566127 0.053845
v -0.066048 0.496793 0.077965
v 0.037881 0.615904 0.051701
v -0.047286 0.572979 -0.052736
v -0.047306 0.573026 -0.052744
v -0.021388 0.617250 -0.069494
v -0.047028 0.514742 -0.192635
v -0.047036 0.514780 -0.192628
v -0.048526 0.614587 0.230171
v -0.047055 0.740901 -0.131309
v -0.047059 0.740894 -0.131310
v -0.047245 0.595872 0.057675
v -0.047251 0.595878 0.057676
v -0.045082 0.407303 0.018571
v -0.046519 0.409338 0.018093
v -0.048412 0.679010 0.125556
v -0.048221 0.432938 -0.137813
v -0.020949 0.644558 -0.082934
v -0.045155 0.407497 0.018546
v -0.046485 0.630124 -0.026208
v -0.046492 0.630141 -0.026203
v -0.047869 0.457298 0.001000
v -0.045480 0.466344 -0.199144
v -0.039559 0.558878 0.270694
v -0.047232 0.594821 0.011981
v -0.041159 0.076842 -0.055075
v -0.041111 0.076762 -0.055029
v -0.004686 0.575299 0.083887
v -0.044531 0.418986 0.015413
v -0.044571 0.418799 0.015481
v -0.047640 0.293620 0.074750
v -0.044424 0.420890 -0.212005
v -0.045385 0.423020 -0.212289
v -0.044468 0.420864 -0.212005
v -0.040101 0.070897 -0.003225
v -0.040386 0.071302 -0.003223
v -0.048252 0.533461 0.025006
v 0.011197 0.460454 -0.086292
v -0.045716 0.622508 -0.029125
v -0.045709 0.622493 -0.029130
v -0.045332 0.450231 -0.204424
v -0.044086 0.448850 -0.205199
v -0.045883 0.338378 0.102652
v 0.019104 0.601267 -0.041101
v -0.040020 0.524843 -0.258326
v -0.029064 0.505399 -0.006040
v -0.046488 0.485957 -0.285884
v -0.044698 0.550504 0.055553
v -0.045114 0.551567 0.055562
v -0.044740 0.550323 0.055548
v -0.045028 0.667372 -0.019169
v -0.044771 0.499426 -0.195475
v -0.045323 0.500330 -0.195377
v -0.045221 0.571032 0.015264
v -0.044626 0.570365 0.015444
v -0.042649 0.437423 -0.211165
v -0.042645 0.437549 -0.211144
v -0.041211 0.375924 0.025804
v 0.033194 0.605967 0.062299
v -0.044147 0.476308 0.063469
v -0.044161 0.476350 0.063464
v -0.044949 0.574061 0.098860
v -0.044322 0.573430 0.098778
v -0.043729 0.560973 0.057767
v -0.043291 0.560953 0.057425
v -0.045929 0.566094 -0.186980
v -0.037278 0.076532 -0.033018
v 0.017056 0.646524 -0.104678
v -0.042640 0.429500 0.011116
v -0.041398 0.427477 0.011492
v -0.022808 0.537166 -0.001488
v -0.008031 0.596128 0.064614
v -0.028046 0.609369 0.034536
v -0.018864 0.427566 0.037867
v -0.043762 0.498093 0.118299
v -0.034094 0.118112 -0.064897
v -0.042531 0.557871 0.018669
v -0.042531 0.557876 0.018669
v -0.042958 0.497740 0.118094
v -0.040427 0.601795 0.066207
v -0.044200 0.437735 0.032749
v 0.053338 0.546289 0.125133
v -0.040835 0.446052 -0.215926
v -0.040821 0.446134 -0.215939
v -0.043991 0.563875 0.161011
v -0.043612 0.395250 0.259155
v -0.041860 0.465842 -0.218162
v -0.041049 0.464147 -0.217837
v -0.042539 0.625941 0.070386
v -0.041996 0.625204 0.070223
v 0.010534 0.643499 -0.057640
v -0.041716 0.571817 0.045513
v -0.032090 0.207265 0.044894
v -0.033364 0.681377 -0.071753
v -0.034626 0.118579 -0.064251
v -0.042439 0.438863 0.033183
v 0.045408 0.473171 -0.017001
v -0.040990 0.613647 0.067717
v -0.040991 0.613663 0.067720
v -0.040626 0.545096 0.020923
v -0.040893 0.545124 0.021202
v -0.040883 0.557191 0.096903
v -0.040887 0.557216 0.096905
v -0.041748 0.647240 0.075291
v -0.054678 0.331835 -0.209718
v -0.040780 0.601915 0.065741
v -0.024538 0.625850 0.136649
v 0.013645 0.618773 -0.050013
v -0.040112 0.462998 0.065381
v -0.040975 0.463781 0.065309
v -0.031268 0.531035 -0.046694
v -0.029892 0.681607 0.176702
v -0.039942 0.588040 0.055724
v -0.039959 0.588062 0.055728
v -0.033065 0.067388 -0.030847
v -0.033159 0.067693 -0.030965
v -0.043897 0.604966 0.022135
v 0.009214 0.524022 0.069524
v -0.032792 0.109268 -0.058281
v -0.032754 0.109100 -0.058182
v -0.040573 0.656269 0.053268
v -0.039148 0.563870 0.053374
v -0.038817 0.563649 0.053426
v -0.040684 0.372997 -0.085202
v -0.040308 0.438542 0.043381
v -0.039222 0.610715 -0.031711
v -0.039209 0.610684 -0.031719
v 0.019727 0.618115 0.080936
v -0.039464 0.438157 0.043586
v -0.039099 0.540637 0.096005
v -0.038848 0.540682 0.095732
v -0.036311 0.499359 0.027615
v -0.040306 0.475503 0.128401
v -0.039120 0.755658 -0.128240
v -0.039062 0.754791 -0.128372
v -0.040088 0.262417 -0.060741
v -0.039378 0.542171 0.135907
v -0.038814 0.541553 0.135510
v -0.039393 0.564104 0.146139
v -0.038923 0.458854 0.030965
v 0.064341 0.672042 0.001474
v 0.041189 0.567731 0.267981
v -0.035604 0.679231 0.040762
v -0.037099 0.457621 0.031388
v -0.039459 0.292893 -0.273290
v -0.027664 0.042809 -0.006674
v -0.039170 0.578195 0.168906
v 0.058340 0.455560 0.109319
v -0.039257 0.495148 0.146476
v -0.031885 0.207267 0.045183
v -0.038587 0.531262 0.007976
v -0.038503 0.545174 0.201365
v -0.037310 0.530584 0.128570
v -0.037309 0.530565 0.128558
v -0.038631 0.377579 -0.154800
v -0.036891 0.488458 0.114920
v -0.036895 0.488464 0.114922
v -0.036417 0.462581 -0.001975
v -0.036883 0.463618 -0.002330
v 0.028818 0.537198 0.034583
v -0.036520 0.607770 -0.033563
v -0.036540 0.607806 -0.033553
v -0.036003 0.499407 0.027680
v -0.028690 0.042907 -0.007122
v -0.036549 0.361386 0.029502
v -0.036433 0.762163 0.023212
v -0.025373 0.058664 -0.035749
v -0.032382 0.359911 0.029731
v -0.003179 0.634280 0.056299
v -0.036279 0.458366 0.225847
v -0.034688 0.519677 0.121674
v -0.035305 0.519932 0.121161
v -0.035083 0.458206 0.224983
v 0.018315 0.685588 -0.164383
v -0.026063 0.043651 -0.017512
v -0.034942 0.582823 0.033829
v -0.036322 0.409742 -0.060696
v -0.036305 0.428869 -0.016412
v -0.036260 0.519598 0.203037
v -0.034637 0.472310 -0.007288
v -0.034638 0.472308 -0.007285
v -0.035806 0.553486 -0.047233
v -0.034299 0.487654 0.028742
v -0.034877 0.488568 0.028660
v -0.035010 0.553166 -0.047435
v -0.034365 0.487287 0.028724
v -0.031273 0.735285 0.128833
v -0.026677 0.044228 -0.016945
v -0.035606 0.361188 0.010517
v -0.023590 0.081906 -0.048330
v -0.028188 0.197030 0.045177
v -0.028228 0.197142 0.045184
v -0.041005 0.471580 -0.048762
v -0.043355 0.582204 0.203214
v -0.043077 0.534165 0.047343
v 0.041776 0.577136 0.367200
v -0.035047 0.466946 0.190031
v -0.026684 0.587870 0.042964
v -0.033486 0.482426 -0.013633
v -0.033115 0.481717 -0.013241
v -0.025847 0.033974 -0.008945
v -0.025646 0.033549 -0.008994
v -0.025253 0.036867 -0.011366
v -0.025188 0.036596 -0.011171
v -0.030516 0.483040 0.093073
v -0.034028 0.451813 -0.473702
v -0.025739 0.422715 0.069788
v -0.032178 0.427639 0.047055
v -0.032170 0.427627 0.047058
v -0.020279 0.411479 -0.173506
v -0.032120 0.439116 0.035798
v -0.032465 0.439240 0.035695
v -0.032816 0.462473 0.054210
v -0.030870 0.479228 0.111169
v -0.031299 0.478958 0.111460
v -0.031028 0.531109 -0.047271
v 0.054129 0.673414 0.009606
v -0.030851 0.483017 0.092721
v -0.029771 0.480243 0.093922
v -0.032307 0.498893 0.012438
v -0.032279 0.492886 -0.136737
v 0.050009 0.627918 0.258531
v -0.031923 0.529587 -0.010378
v -0.030299 0.479961 0.094402
v -0.025676 0.059292 -0.034952
v -0.029273 0.448387 0.035227
v -0.029311 0.448459 0.035211
v 0.036032 0.559729 -0.340940
v -0.035151 0.545048 -0.097491
v -0.031804 0.502686 -0.024216
v -0.040852 0.469680 0.249571
v 0.057362 0.612691 0.254340
v -0.029864 0.468280 0.090210
v -0.029872 0.468298 0.090213
v -0.030635 0.469240 0.090530
v -0.023206 0.081719 -0.049062
v -0.030389 0.482650 -0.050694
v 0.005836 0.664246 0.192391
v -0.029369 0.497004 -0.242840
v -0.029693 0.497923 -0.243433
v -0.029389 0.496845 -0.242806
v -0.030039 0.500201 -0.023635
v -0.028316 0.618382 -0.034024
v -0.030242 0.585524 -0.025306
v 0.032808 0.547263 0.041038
v -0.029180 0.596461 0.163711
v -0.031380 0.507273 0.082802
v 0.046948 0.660304 -0.132387
v -0.027926 0.448345 0.215264
v -0.027903 0.448319 0.215237
v -0.028907 0.498700 0.029479
v -0.028686 0.498188 0.029520
v -0.029693 0.534963 0.289118
v -0.030101 0.554080 -0.123600
v -0.020353 0.167137 0.040367
v -0.030011 0.559415 0.158488
v -0.029389 0.262658 -0.063063
v -0.028122 0.435621 0.079411
v -0.026807 0.434282 0.079150
v -0.028441 0.526420 0.185011
v -0.027785 0.526108 0.184572
v -0.020950 0.167321 0.039673
v -0.027197 0.743914 0.099997
v -0.027895 0.504607 0.008543
v -0.027099 0.504137 0.008500
v -0.061799 0.218339 -0.026485
v -0.015328 0.011369 -0.001264
v -0.019672 0.071511 -0.046034
v -0.019721 0.071729 -0.046128
v -0.026906 0.424083 0.070149
v -0.026013 0.534217 -0.047308
v -0.025819 0.533971 -0.047261
v -0.026491 0.571624 0.052070
v -0.025915 0.520312 -0.046834
v -0.025979 0.520587 -0.046842
v -0.026908 0.521273 -0.046840
v -0.025843 0.513074 -0.246627
v -0.026262 0.513417 -0.245815
v -0.021991 0.349106 0.030110
v -0.022214 0.349511 0.030075
v -0.027228 0.423450 0.092864
v -0.026543 0.512478 0.275545
v -0.025985 0.511945 0.275126
v -0.020239 0.053129 -0.027272
v -0.020333 0.053227 -0.027377
v 0.086548 0.615676 0.002854
v -0.024352 0.556415 0.092958
v -0.025007 0.579401 -0.034099
v -0.023280 0.445975 0.215635
v -0.023271 0.445838 0.215426
v -0.024908 0.362769 -0.221938
v -0.018832 0.157302 0.037284
v -0.018795 0.157155 0.037263
v -0.025833 0.417809 0.051029
v -0.024953 0.504255 -0.255872
v -0.025199 0.503869 -0.255867
v -0.024938 0.538078 -0.052643
v -0.024933 0.538070 -0.052646
v 0.009450 0.546381 0.071296
v 0.019622 0.525925 -0.002528
v -0.024800 0.417346 0.051247
v -0.024359 0.500248 0.266888
v -0.024358 0.500266 0.266902
v 0.027636 0.683363 0.128034
v -0.023921 0.488777 0.258270
v -0.024617 0.489508 0.258927
v -0.025135 0.556781 0.169401
v -0.024276 0.556467 0.169356
v -0.024476 0.781360 -0.122800
v -0.022210 0.417087 0.076516
v -0.022198 0.417032 0.076507
v -0.024920 0.470105 0.030924
v -0.024328 0.561981 -0.018249
v -0.023617 0.561452 -0.017987
v -0.023151 0.578200 -0.038845
v -0.023360 0.515583 0.175638
v -0.023341 0.515552 0.175608
v -0.024688 0.398852 -0.183529
v -0.022565 0.454577 0.226979
v -0.021678 0.453402 0.225694
v 0.086450 0.613684 0.161486
v -0.024035 0.456930 -0.072933
v -0.015068 0.011328 -0.001786
v 0.011691 0.544140 -0.146332
v -0.013462 0.044792 -0.030585
v -0.020593 0.412441 0.072515
v -0.020614 0.412501 0.072518
v -0.009703 0.010674 -0.009432
v -0.023452 0.506370 -0.002369
v -0.013998 0.045382 -0.029969
v -0.022566 0.433730 0.038740
v -0.020536 0.432722 0.039231
v -0.023094 0.352588 0.106645
v -0.013136 0.557216 -0.044916
v -0.020969 0.433181 0.039169
v 0.090358 0.584481 0.149608
v -0.020014 0.437577 0.203422
v -0.020000 0.437569 0.203370
v -0.020125 0.437747 0.203409
v -0.020274 0.465761 0.238880
v 0.027995 0.628984 0.159920
v -0.018923 0.675297 0.063540
v -0.014156 0.113129 0.029313
v -0.014136 0.112796 0.029248
v -0.016316 0.351963 0.028362
v -0.016318 0.351814 0.028391
v -0.022356 0.490685 0.018396
v -0.031311 0.362056 0.098332
v -0.017537 0.506586 -0.287509
v -0.019259 0.373128 0.024415
v -0.017319 0.369795 0.024909
v 0.018738 0.504949 0.047073
v 0.007203 0.678351 -0.052111
v -0.021985 0.433168 0.189095
v -0.021979 0.464077 0.039888
v 0.031721 0.661751 0.164520
v 0.067376 0.598213 0.116425
v -0.012723 0.036931 -0.023610
v -0.012682 0.036725 -0.023462
v -0.027537 0.496622 0.073659
v -0.020131 0.606781 0.019023
v -0.020142 0.606768 0.019034
v -0.021380 0.522885 0.182896
v -0.029477 0.479493 -0.319359
v -0.019736 0.490473 0.007500
v -0.019741 0.490482 0.007500
v -0.013674 0.657529 -0.128206
v -0.009442 0.087161 0.015638
v -0.012546 0.123380 0.030412
v -0.011714 0.122978 0.029416
v 0.033117 0.538897 -0.077357
v -0.014562 0.332298 0.031626
v -0.014676 0.332688 0.031584
v -0.014592 0.331929 0.031606
v -0.019067 0.549447 -0.013191
v -0.019071 0.549462 -0.013199
v -0.024201 0.565667 0.166385
v -0.008029 0.129178 0.037375
v -0.018442 0.533395 0.177623
v -0.018578 0.614494 0.034886
v -0.018595 0.614447 0.034902
v -0.019520 0.606353 -0.046028
v -0.025906 0.480991 0.145821
v 0.038841 0.740230 0.019624
v -0.010879 0.001919 0.000578
v -0.019274 0.633018 0.172493
v 0.066515 0.557531 0.239016
v -0.019206 0.493334 -0.046768
v -0.016408 0.398989 0.072009
v -0.018112 0.400553 0.072340
v -0.016461 0.398980 0.072016
v -0.010324 0.166402 0.038005
v -0.018630 0.600915 0.164911
v -0.018772 0.506758 0.166530
v -0.017067 0.492749 -0.046810
v 0.028730 0.517798 0.188915
v -0.017806 0.506518 0.165826
v -0.018928 0.497012 -0.024190
v 0.005990 0.530272 0.117137
v -0.018228 0.692684 0.079737
v -0.011004 0.559371 0.047264
v -0.010934 0.196143 0.046381
v -0.010945 0.195976 0.046358
v 0.011346 0.586487 0.156702
v -0.016511 0.558040 -0.047668
v -0.045439 0.667888 0.003716
v 0.011627 0.515166 -0.088233
v -0.017978 0.515801 0.153135
v -0.017964 0.479025 -0.049610
v -0.010397 0.542381 -0.046369
v -0.009568 0.166616 0.037221
v 0.051808 0.627077 0.120767
v -0.004940 0.011125 -0.012615
v -0.015483 0.537436 -0.007574
v -0.016233 0.538185 -0.007923
v -0.015666 0.545597 0.168444
v -0.015675 0.545609 0.168445
v -0.009440 0.205987 0.047381
v -0.009182 0.205742 0.047027
v -0.012436 0.436874 0.098517
v -0.016412 0.657675 0.112100
v -0.016628 0.455748 0.218654
v -0.002949 0.031014 -0.013038
v -0.016490 0.468753 -0.258805
v -0.009291 0.011011 -0.009112
v -0.008446 0.088023 0.014483
v -0.016091 0.480090 -0.049473
v -0.014903 0.573955 -0.268295
v -0.014899 0.573976 -0.268304
v 0.069222 0.596500 0.204964
v -0.008472 0.155435 0.033482
v -0.008471 0.155679 0.033536
v -0.040345 0.574617 -0.000687
v -0.015555 0.523287 -0.056233
v 0.065935 0.579551 0.031266
v -0.015834 0.252988 -0.005894
v -0.015244 0.613926 0.163143
v -0.014592 0.613394 0.162806
v -0.006533 0.035773 0.000104
v -0.006522 0.035496 0.000043
v -0.016641 0.526469 -0.101581
v -0.014511 0.522818 -0.056453
v 0.091908 0.481979 0.063196
v -0.015301 0.273285 -0.018102
v -0.013525 0.556981 -0.044724
v -0.007372 0.129336 0.038337
v -0.007928 0.254617 0.037846
v -0.005606 0.254388 0.038925
v 0.036057 0.507849 -0.131716
v -0.005558 0.046332 0.001544
v -0.004768 0.046183 0.000524
v 0.042696 0.403419 -0.163485
v -0.013322 0.616041 0.009317
v -0.013311 0.616060 0.009297
v 0.036298 0.556959 0.050811
v -0.013847 0.477101 0.007848
v -0.012967 0.476423 0.007905
v -0.015393 0.602645 0.088366
v -0.003093 0.009749 -0.011631
v -0.010707 0.406631 0.024792
v -0.011646 0.408952 0.024790
v -0.010812 0.406435 0.024740
v -0.012614 0.589569 -0.275975
v -0.012619 0.589543 -0.275962
v -0.012472 0.436840 0.098604
v -0.004732 0.011066 -0.013067
v -0.004179 -0.000012 -0.014866
v -0.004153 0.009955 -0.018589
v -0.004751 0.009872 -0.018805
v -0.012299 0.586011 -0.049550
v -0.012304 0.585983 -0.049550
v -0.005244 0.077781 0.008242
v -0.005278 0.078124 0.008331
v -0.006899 -0.003373 -0.018764
v -0.012327 0.627405 0.029725
v -0.012344 0.627379 0.029738
v 0.025728 0.721030 0.178998
v -0.011676 0.603286 0.157513
v -0.011680 0.603301 0.157520
v -0.011181 0.398257 0.056482
v -0.005950 0.234004 0.037798
v -0.005945 0.233951 0.037798
v -0.011390 0.513964 0.034044
v -0.003410 -0.001411 -0.018546
v -0.004695 0.664520 0.140258
v -0.010200 0.513436 0.001922
v 0.056324 0.537568 0.199296
v -0.004873 -0.003022 0.000844
v 0.052564 0.533711 -0.102659
v -0.002776 0.010007 -0.012073
v -0.010894 0.559241 0.047435
v 0.032514 0.384187 -0.315304
v -0.010498 0.542356 -0.046233
v -0.004338 0.185024 0.041132
v -0.004331 0.184740 0.041100
v 0.019530 0.531757 -0.022755
v -0.006958 0.367365 0.066509
v -0.002154 -0.001610 -0.009384
v -0.004302 -0.003280 -0.011893
v -0.003217 0.118726 0.038759
v -0.003344 0.119039 0.038772
v -0.009730 0.522373 -0.313546
v -0.009724 0.522370 -0.313547
v -0.009558 0.592834 0.152524
v -0.009556 0.592832 0.152522
v -0.011035 0.671701 -0.318301
v -0.003485 0.194751 0.041734
v -0.003084 0.194367 0.041382
v -0.003960 0.235220 0.048840
v -0.003982 0.235118 0.048826
v -0.018771 0.303104 -0.083574
v -0.009083 0.542332 -0.047264
v -0.009075 0.542310 -0.047268
v -0.010727 0.583199 0.035726
v -0.001648 0.206079 0.036570
v -0.010044 0.634748 0.044716
v -0.007169 0.423901 0.027056
v -0.006460 0.423438 0.028033
v -0.001382 0.001568 -0.010222
v -0.002969 0.030672 -0.014175
v -0.009622 0.605482 -0.284392
v -0.009298 0.604714 -0.284049
v -0.008648 0.432846 0.104541
v -0.008428 0.432579 0.104610
v -0.000753 0.001038 -0.017266
v -0.008722 0.600904 -0.048863
v -0.008721 0.600909 -0.048863
v 0.000574 0.158605 0.034605
v -0.009558 0.579818 -0.040353
v -0.008869 0.579311 -0.040190
v -0.008347 0.597449 0.042586
v -0.008347 0.597422 0.042586
v -0.008107 0.425693 0.095283
v -0.008136 0.425859 0.095283
v -0.008892 0.426457 0.095852
v -0.008192 0.606970 0.042867
v -0.008192 0.606967 0.042866
v -0.009673 0.495092 0.138532
v -0.000728 0.036639 -0.027716
v -0.000952 0.036047 -0.027564
v -0.000290 0.008542 -0.018769
v -0.000074 0.008482 -0.019332
v -0.002282 0.003136 -0.008507
v -0.005850 0.382567 -0.236027
v -0.008744 0.617254 0.043556
v -0.008261 0.616554 0.043508
v -0.008531 0.625826 -0.002211
v -0.008355 0.625142 -0.001674
v -0.006055 0.442114 0.122438
v -0.008619 0.534720 0.168104
v -0.001484 0.206031 0.036757
v -0.007695 0.534168 0.168020
v -0.006875 0.415586 0.175977
v -0.008900 0.532926 0.254597
v -0.005838 0.559346 0.044667
v -0.005228 0.461330 0.053294
v 0.000020 0.088237 0.028796
v 0.001160 0.087551 0.029766
v -0.008646 0.310483 -0.042848
v -0.006605 0.485731 -0.047250
v -0.006630 0.485746 -0.047249
v -0.008067 0.399470 -0.253308
v -0.008923 0.599457 0.131576
v 0.000231 0.078719 0.024223
v 0.000283 0.078386 0.024146
v -0.001346 0.002049 -0.011438
v -0.001438 0.001390 -0.010899
v -0.000212 0.196026 0.036074
v -0.000224 0.196113 0.036085
v 0.001464 0.008354 -0.010752
v 0.001689 0.008201 -0.011571
v -0.005882 0.559409 0.045106
v -0.006554 0.503550 0.009522
v -0.005013 0.502757 0.010470
v -0.007379 0.530125 0.076536
v -0.006939 0.666398 0.077917
v -0.006150 0.665944 0.077820
v -0.005826 0.529921 -0.328895
v -0.005829 0.529927 -0.328904
v 0.097147 0.509776 0.045532
v 0.000959 0.166027 0.029636
v 0.001454 0.165734 0.030239
v -0.005941 0.616723 -0.047358
v -0.005607 0.615964 -0.047424
v -0.001251 0.450527 0.031251
v 0.001180 0.156030 0.027093
v 0.001191 0.155865 0.027066
v 0.000513 0.603166 -0.210554
v -0.004824 0.549774 0.046041
v -0.005787 0.550704 0.046088
v 0.094757 0.658451 0.155368
v 0.060527 0.422940 0.220291
v -0.004914 0.550053 0.046044
v -0.005485 0.640151 0.022804
v -0.005390 0.639357 0.023114
v 0.067487 0.540965 0.094428
v -0.004738 0.460909 0.141566
v -0.004741 0.460917 0.141573
v -0.009433 0.683711 0.123841
v -0.004337 0.569565 0.144447
v -0.005286 0.480146 -0.048668
v -0.005583 0.480224 -0.048689
v -0.004574 0.469942 0.151374
v -0.004575 0.469930 0.151361
v 0.002348 0.109218 0.029265
v 0.002365 0.108790 0.029225
v 0.000968 0.224263 0.041992
v 0.000933 0.224066 0.042002
v -0.002913 0.425783 0.030217
v -0.001893 0.424376 0.031538
v -0.004405 0.490544 0.146344
v -0.004338 0.490487 0.146241
v 0.075079 0.497423 -0.101590
v 0.067172 0.492702 0.238830
v -0.004972 0.402116 0.078464
v -0.003493 0.400992 0.078103
v 0.001676 0.004829 -0.002054
v 0.002165 0.004499 -0.002020
v 0.001639 0.158948 0.033865
v -0.004957 0.389397 0.062400
v 0.001477 0.258161 0.052439
v 0.004534 0.257630 0.053363
v -0.003816 0.564842 -0.036676
v -0.003823 0.564867 -0.036681
v -0.004484 0.479292 0.161866
v -0.004032 0.478774 0.161319
v -0.003191 0.389151 0.063405
v 0.090083 0.651473 0.131490
v 0.003447 0.118647 0.029378
v 0.003380 0.118329 0.029400
v -0.003041 0.352839 0.059815
v 0.073367 0.475039 -0.042434
v 0.000168 0.351358 0.057739
v -0.006431 0.564963 0.001576
v -0.001592 0.494799 0.016309
v -0.001634 0.494995 0.016203
v 0.007694 0.646775 -0.277448
v 0.001547 0.369576 0.054372
v 0.001543 0.369413 0.054392
v -0.003916 0.526012 -0.050801
v -0.002852 0.525338 -0.051087
v -0.002867 0.525381 -0.051086
v 0.003689 0.044811 -0.028989
v 0.004496 0.044087 -0.028263
v -0.004274 0.458842 0.164235
v 0.002912 0.022693 -0.009992
v 0.002996 0.022565 -0.009904
v -0.003618 0.495589 0.180195
v -0.002127 0.448255 0.009638
v 0.047787 0.632361 -0.185652
v -0.000932 0.482399 0.021565
v -0.000942 0.482452 0.021545
v 0.002872 0.004132 -0.009524
v 0.003257 0.003613 -0.009057
v -0.000983 0.482375 0.021562
v 0.006544 0.126720 0.026189
v -0.003348 0.644897 -0.044741
v -0.000831 0.391471 0.051942
v 0.001090 0.388274 0.052257
v 0.069400 0.707051 -0.084704
v -0.000578 0.503869 0.015568
v -0.000575 0.503878 0.015566
v -0.003684 0.402219 -0.311172
v -0.002061 0.522373 0.010192
v -0.001177 0.520781 0.010540
v -0.023649 0.439058 0.039006
v 0.008351 0.084391 0.021555
v 0.007438 0.385991 0.054110
v 0.003152 0.349405 0.055336
v 0.003151 0.349276 0.055336
v 0.006424 0.827223 0.106056
v 0.003022 0.349512 0.055333
v -0.002182 0.539664 -0.343947
v -0.001877 0.539154 -0.343369
v 0.055495 0.621093 -0.048026
v 0.129333 0.641488 -0.036177
v 0.000163 0.501192 0.046803
v 0.000139 0.501092 0.046832
v 0.004811 0.148511 0.030841
v 0.004761 0.148922 0.030912
v 0.000130 0.501386 0.046807
v 0.010499 0.050298 0.022368
v 0.003890 0.372923 0.055381
v 0.003813 0.372564 0.055391
v -0.001696 0.633624 -0.298341
v 0.005792 0.128849 0.028502
v 0.005897 0.129406 0.028475
v 0.000923 0.515074 0.046049
v 0.000911 0.515002 0.046060
v -0.004919 0.595481 -0.183196
v 0.001372 0.443183 0.051090
v 0.001321 0.443356 0.051106
v 0.007232 0.037013 -0.016223
v 0.007272 0.037180 -0.016200
v 0.014019 0.524542 0.012697
v 0.101038 0.595244 -0.058208
v 0.000755 0.550137 -0.032963
v -0.000074 0.549929 -0.033533
v 0.095559 0.490931 0.340591
v 0.007066 0.126777 0.026971
v -0.001625 0.508954 -0.006833
v -0.001028 0.605324 -0.133800
v -0.000623 0.300930 0.159521
v 0.006237 0.246253 0.040040
v 0.006145 0.245994 0.040084
v 0.001853 0.546341 0.136409
v 0.015381 0.323650 -0.344331
v 0.008905 0.046816 -0.012368
v 0.008464 0.046546 -0.011449
v 0.001322 0.527631 0.044384
v 0.002067 0.526466 0.044603
v 0.001147 0.652365 0.075727
v 0.001133 0.652396 0.075732
v 0.001552 0.546350 0.136298
v 0.002599 0.388795 0.075930
v 0.002613 0.388758 0.075925
v 0.016941 0.631664 0.211475
v 0.006122 0.340932 0.048718
v 0.006036 0.341230 0.048832
v 0.002446 0.383495 0.069322
v 0.002417 0.383539 0.069322
v 0.003367 0.511199 0.043566
v 0.003228 0.510965 0.043674
v 0.058346 0.585631 -0.038426
v 0.001441 0.558519 -0.370046
v 0.023534 0.654814 0.041962
v 0.005068 0.388158 0.054056
v 0.004513 0.425633 0.050863
v 0.003379 0.427427 0.050778
v 0.004517 0.425305 0.050856
v 0.001335 0.394788 -0.233142
v 0.001859 0.395074 -0.232490
v 0.009428 0.115880 0.027332
v 0.009381 0.116107 0.027342
v 0.010047 0.036703 -0.009675
v 0.010094 0.036881 -0.009661
v 0.099993 0.696969 -0.268641
v 0.001919 0.643963 -0.020502
v 0.009333 0.084816 0.020743
v 0.026165 0.526256 0.191439
v 0.001629 0.459150 -0.107316
v 0.002905 0.535470 0.037482
v 0.002876 0.535433 0.037475
v 0.036738 0.557798 -0.276197
v -0.074106 0.346750 -0.204590
v 0.003797 0.511699 0.165885
v 0.012960 0.640357 0.072434
v 0.007173 -0.003997 0.013376
v 0.010788 0.086425 0.021020
v 0.011467 0.086006 0.021769
v 0.060032 0.530954 0.039255
v 0.010967 0.076868 0.018456
v 0.010990 0.076623 0.018428
v 0.005896 0.442710 0.052665
v 0.005885 0.442675 0.052660
v 0.076951 0.681202 0.141170
v 0.003055 0.690142 0.009258
v 0.002524 0.443229 0.272382
v 0.011816 0.036500 0.015383
v 0.011843 0.036029 0.015333
v 0.008779 0.351828 0.045371
v 0.008776 0.351792 0.045360
v 0.011233 0.324886 0.040868
v 0.008979 0.324390 0.043164
v 0.011941 0.046157 -0.005341
v 0.011449 0.045737 -0.004234
v 0.003332 0.485785 0.133048
v 0.008892 0.324052 0.043166
v 0.004643 0.546647 0.130370
v 0.004404 0.546536 0.130159
v 0.011328 0.050535 0.023472
v 0.016148 0.729993 -0.250341
v 0.045316 0.663979 -0.191424
v 0.006159 0.377206 0.049366
v 0.007920 0.373655 0.049064
v 0.005075 0.534661 0.131650
v 0.005058 0.534813 0.131668
v 0.004301 0.535637 0.131798
v 0.013044 0.082874 -0.039018
v 0.012685 0.045652 0.015470
v 0.013647 0.045231 0.014619
v 0.007129 0.491185 -0.022521
v 0.004362 0.438547 0.023541
v 0.005594 0.558932 0.016461
v 0.005115 0.559998 0.016620
v 0.005554 0.558768 0.016443
v 0.004613 0.664301 0.010386
v 0.005143 0.663600 0.010470
v 0.007487 0.454193 0.056713
v 0.018896 0.476635 -0.068458
v 0.012807 0.074816 0.017274
v 0.012742 0.075248 0.017353
v 0.004542 0.486528 0.131589
v 0.006099 0.649677 0.012104
v 0.006099 0.649667 0.012105
v 0.004600 0.591981 -0.204717
v 0.005535 0.434354 0.009407
v 0.006776 0.474661 -0.047983
v 0.059723 0.569143 -0.002723
v 0.007263 0.433488 0.009289
v -0.000590 0.612461 -0.034284
v 0.005953 0.445248 0.000666
v 0.007363 0.443878 0.001179
v 0.007234 0.475382 -0.047227
v 0.006546 0.474869 -0.047999
v 0.007987 0.567321 0.122094
v 0.005066 0.490589 0.211288
v 0.004472 0.526371 -0.110966
v 0.009171 0.737589 -0.115820
v 0.007037 0.574469 0.015036
v 0.007171 0.574461 0.014446
v 0.013562 0.073185 -0.003291
v 0.013528 0.073035 -0.003286
v 0.001384 0.432973 0.046479
v 0.006906 0.638051 0.073455
v 0.006896 0.638083 0.073458
v 0.050656 0.704071 0.083059
v 0.007270 0.491239 -0.022456
v 0.017235 0.505164 0.015095
v 0.006302 0.663280 0.011538
v 0.014163 0.082768 -0.038420
v 0.017941 0.049102 0.019544
v 0.007903 0.635718 0.013867
v 0.007175 0.635694 0.013150
v 0.012865 0.261594 0.035960
v 0.005313 0.640701 -0.065399
v 0.008110 0.519086 0.039571
v 0.008617 0.516688 0.040072
v 0.005873 0.324389 0.099305
v 0.017984 0.010500 0.006824
v 0.073237 0.552836 -0.064865
v 0.079651 0.416533 0.320684
v 0.014414 0.072197 -0.034327
v 0.014444 0.072896 -0.034577
v 0.017548 0.007297 0.009873
v 0.006073 0.421533 0.111646
v 0.097458 0.376894 0.162087
v 0.115652 0.557394 0.122549
v 0.007039 0.392736 -0.221588
v 0.007061 0.392732 -0.221547
v 0.066571 0.758015 0.145979
v -0.015140 0.483465 -0.225941
v 0.072167 0.478643 -0.359366
v 0.006262 0.342712 0.161917
v 0.006449 0.487389 -0.093288
v 0.014549 0.108226 -0.049344
v 0.014379 0.107679 -0.049184
v 0.007527 0.503477 0.127490
v 0.008841 0.502431 0.126652
v 0.061867 0.602551 -0.128381
v 0.074843 0.591924 0.067121
v 0.015676 0.458467 0.068218
v 0.081967 0.540810 -0.155545
v 0.092239 0.566529 0.115441
v 0.014711 0.021096 0.004938
v 0.014794 0.021231 0.005000
v 0.016096 0.039424 0.023939
v 0.015942 0.039840 0.023966
v 0.008238 0.375111 0.071519
v 0.006796 0.585042 0.107677
v 0.010196 0.373901 0.071191
v 0.010073 0.374084 0.071139
v 0.101379 0.515035 -0.219165
v 0.078912 0.299224 0.101287
v 0.017091 -0.001150 0.012728
v 0.072517 0.573463 0.089407
v 0.009774 0.476619 -0.018216
v 0.009197 0.477386 -0.018722
v 0.009777 0.476288 -0.018194
v 0.008478 0.680164 0.030638
v 0.009366 0.646429 0.059524
v 0.065567 0.658343 0.144239
v 0.081428 0.357069 -0.166672
v 0.023374 0.411069 0.149030
v 0.010141 0.592688 0.118512
v 0.010135 0.592650 0.118520
v 0.029124 0.593834 0.157932
v 0.016851 0.082585 -0.003790
v 0.017245 0.082257 -0.004839
v 0.016846 0.071392 0.005189
v 0.016808 0.071237 0.005195
v 0.018332 -0.001062 0.001241
v 0.109394 0.550118 -0.155197
v 0.082443 0.532619 -0.263334
v 0.010756 0.571664 0.021952
v 0.010713 0.571686 0.021800
v 0.017768 0.029734 -0.010479
v 0.018024 0.030383 -0.010691
v 0.018796 -0.000971 0.008969
v 0.009367 0.440679 -0.011873
v 0.018520 0.010847 0.006277
v 0.011685 0.484728 0.119929
v 0.011583 0.484781 0.120068
v 0.014928 0.000867 0.008006
v 0.015403 0.000451 0.008128
v 0.009784 0.505937 -0.104326
v 0.018773 0.049264 0.020653
v 0.019592 0.008803 0.009177
v 0.019967 0.008509 0.008385
v 0.010314 0.404539 0.032954
v 0.010688 0.608336 0.208533
v 0.029443 0.402117 0.015208
v 0.013340 0.492343 0.118357
v 0.013326 0.492374 0.118378
v 0.013404 0.427876 0.005478
v 0.013397 0.427926 0.005462
v 0.047321 0.528065 0.087257
v 0.108163 0.526903 0.061870
v 0.013451 0.422550 0.008436
v 0.013411 0.422659 0.008420
v 0.017253 0.007876 0.010345
v -0.016191 0.652094 -0.056564
v 0.021772 0.010158 0.017507
v 0.012084 0.545775 0.039884
v 0.012067 0.545756 0.039877
v 0.018496 0.116444 -0.050511
v 0.019316 0.115755 -0.049664
v 0.020550 0.008549 -0.002880
v 0.020787 0.008270 -0.003514
v 0.010877 0.405502 0.175223
v 0.012747 0.605424 0.115246
v 0.012750 0.605445 0.115240
v 0.011622 0.501583 0.166418
v 0.021087 0.009720 0.010370
v 0.020848 0.008759 0.013654
v 0.021603 0.008272 0.014329
v 0.021220 0.010297 0.017023
v 0.020775 0.041327 -0.013922
v 0.019663 0.041888 -0.013951
v 0.012077 0.391161 -0.211500
v 0.025223 0.464641 0.159227
v 0.013741 0.501319 0.166585
v 0.012727 0.391475 -0.210687
v 0.061203 0.619900 -0.023996
v 0.012034 0.442440 0.160650
v 0.020071 0.029232 0.007143
v 0.019945 0.029602 0.006176
v 0.021826 0.009673 0.010158
v 0.015555 0.457003 0.041588
v 0.021917 0.000330 0.013445
v 0.020414 0.080591 0.004621
v 0.020807 0.080226 0.003395
v 0.014019 0.487476 -0.025545
v 0.014139 0.487333 -0.025500
v 0.013239 0.487960 -0.062499
v 0.014876 0.487195 -0.063024
v 0.021821 0.038301 0.021599
v 0.021684 0.038822 0.021603
v 0.022565 0.000376 0.015557
v 0.021004 0.028132 -0.005692
v 0.021221 0.028589 -0.005705
v 0.032883 0.659986 -0.159282
v 0.013878 0.619125 0.111565
v 0.014277 0.618412 0.111751
v 0.022189 0.001766 0.001922
v 0.004851 0.678476 0.134796
v 0.013539 0.376956 -0.018019
v 0.014249 0.643407 0.106541
v 0.023425 0.048516 0.007832
v 0.026678 0.499592 0.062218
v 0.082999 0.517490 -0.169727
v 0.014611 0.614181 -0.036996
v 0.004934 0.621419 0.112666
v 0.016374 0.607238 0.071400
v 0.017982 0.459171 0.042446
v 0.014624 0.518490 -0.435488
v 0.088508 0.461545 -0.166417
v 0.024009 0.048751 0.006640
v 0.034160 0.603437 -0.120701
v 0.017837 0.477278 0.107954
v 0.024066 0.038279 0.004288
v 0.024097 0.038585 0.004280
v 0.018963 0.476527 0.109150
v 0.017783 0.477574 0.108018
v 0.025233 0.423820 0.010052
v 0.023862 0.032923 -0.005981
v 0.023529 0.032273 -0.005433
v 0.099364 0.601588 0.130526
v 0.005351 0.593486 0.084176
v 0.018408 0.408136 0.011498
v 0.016863 0.409687 0.011145
v 0.018370 0.408029 0.011501
v 0.022031 0.003468 0.018798
v 0.015916 0.659887 0.035028
v 0.016657 0.659393 0.035192
v 0.102627 0.593925 -0.034524
v 0.024046 0.075683 0.011830
v 0.024001 0.075374 0.011899
v 0.023195 0.326714 0.056428
v 0.022056 0.326119 0.051277
v 0.006879 0.599189 0.020366
v 0.022019 0.326255 0.051181
v 0.022194 0.348132 0.049293
v 0.022187 0.348038 0.049325
v 0.025396 0.037272 -0.010431
v 0.025426 0.037487 -0.010459
v 0.016280 0.463693 -0.341837
v 0.016935 0.490949 -0.240846
v 0.017739 0.518336 0.176486
v 0.019138 0.516733 0.176078
v 0.085946 0.599888 0.012280
v 0.025579 0.039313 -0.006970
v 0.024736 0.039764 -0.007854
v 0.017398 0.477393 -0.067643
v 0.023672 0.263255 0.052206
v 0.026212 0.048697 -0.009831
v 0.025839 0.048710 -0.008868
v 0.025150 0.110603 -0.003398
v 0.025192 0.110781 -0.003375
v 0.098867 0.576443 -0.066969
v 0.023235 0.344018 0.043897
v 0.023144 0.343753 0.044062
v 0.015514 0.527108 0.165675
v 0.050255 0.422363 0.060770
v 0.020561 0.369234 0.044826
v 0.022153 0.366253 0.045382
v 0.058415 0.433587 -0.164265
v 0.087344 0.506542 -0.333028
v 0.024575 0.248204 0.040804
v 0.024580 0.248124 0.040765
v 0.081770 0.516480 0.272331
v 0.026710 0.153343 -0.060556
v 0.021472 0.442969 0.042069
v 0.021453 0.443087 0.042075
v 0.004519 0.493851 0.179831
v 0.005558 0.315709 -0.169670
v 0.026534 0.119681 -0.000210
v 0.026131 0.119492 0.000567
v 0.026538 0.084769 0.009109
v 0.027186 0.084030 0.007875
v 0.018831 0.478213 -0.227825
v 0.019427 0.477807 -0.227271
v 0.021355 0.494821 0.033583
v 0.021353 0.494836 0.033578
v 0.021270 0.494701 0.033569
v 0.081458 0.432065 0.146294
v 0.017599 0.556270 0.148428
v 0.023048 0.659640 -0.003157
v 0.034780 0.542663 0.002688
v 0.092524 0.565528 0.117986
v 0.077687 0.556440 -0.255479
v 0.019689 0.535423 -0.172969
v 0.020161 0.511751 -0.176470
v 0.020688 0.511036 -0.176600
v 0.097540 0.628220 -0.043334
v 0.028181 0.079667 -0.009002
v 0.028161 0.079538 -0.008971
v 0.021079 0.471258 -0.219939
v 0.021079 0.471267 -0.219945
v 0.023051 0.403701 0.056505
v 0.021831 0.405846 0.057068
v 0.023118 0.403642 0.056469
v 0.023099 0.420218 0.040713
v 0.022407 0.422007 0.040318
v 0.022075 0.495122 0.167604
v 0.021911 0.495308 0.167599
v 0.021328 0.518282 0.017603
v 0.022544 0.517178 0.018857
v 0.019749 0.391021 -0.354707
v 0.022987 0.419569 0.040681
v 0.021395 0.503924 0.056028
v 0.022527 0.502335 0.055540
v 0.021356 0.648700 0.037810
v 0.021353 0.648709 0.037808
v 0.021494 0.498278 -0.178865
v 0.021494 0.498269 -0.178866
v 0.027516 0.178120 -0.071166
v 0.027443 0.177811 -0.071067
v 0.027772 0.153358 -0.059887
v 0.022393 0.528303 0.005930
v 0.027748 0.039109 -0.011475
v 0.028329 0.038252 -0.011122
v 0.020245 0.523706 -0.011669
v 0.023354 0.509123 0.027327
v 0.023361 0.509230 0.027266
v 0.023545 0.492877 0.054416
v 0.023545 0.492857 0.054413
v 0.028258 0.143298 -0.055611
v 0.028261 0.143902 -0.055844
v 0.027717 0.226148 0.031188
v 0.027708 0.226241 0.031220
v 0.031067 0.533039 0.087739
v 0.021780 0.556227 0.043873
v 0.021660 0.555425 0.043685
v 0.047481 0.397755 -0.133187
v 0.021505 0.616198 0.043962
v 0.022033 0.615455 0.044002
v 0.022316 0.485473 -0.180908
v 0.022317 0.485468 -0.180909
v 0.022349 0.615232 0.204917
v 0.022348 0.615205 0.204907
v 0.022376 0.463709 -0.213553
v 0.022374 0.463710 -0.213553
v 0.022410 0.536715 0.064638
v 0.021836 0.537724 0.064913
v 0.020815 0.564730 0.136148
v 0.030517 0.122848 0.008229
v 0.024189 0.496046 0.052505
v 0.024188 0.496019 0.052503
v 0.021719 0.635420 0.043130
v 0.029001 0.149843 0.015458
v 0.028998 0.149688 0.015449
v 0.022721 0.605045 0.044572
v 0.022721 0.605041 0.044572
v 0.021195 0.376035 -0.116757
v 0.024145 0.502677 0.172750
v 0.024132 0.502699 0.172758
v 0.029321 0.107887 0.005514
v 0.029367 0.108058 0.005541
v 0.023202 0.587756 0.195299
v 0.059003 0.476179 -0.211329
v 0.025905 0.372794 0.018191
v 0.024806 0.419447 0.055866
v 0.024914 0.419402 0.055625
v 0.024489 0.481369 0.053035
v 0.024488 0.481378 0.053035
v 0.024439 0.481300 0.053037
v 0.060316 0.434940 -0.123625
v 0.022926 0.512165 0.053021
v 0.023898 0.510655 0.052983
v 0.017087 0.644460 0.184816
v 0.035622 0.516274 0.047679
v 0.030086 0.089990 -0.011630
v 0.030371 0.089629 -0.012340
v 0.022283 0.559325 0.072174
v 0.022784 0.558614 0.071910
v 0.023750 0.549593 0.050223
v 0.023200 0.547816 0.067760
v 0.023202 0.547844 0.067768
v 0.025815 0.357188 0.028675
v 0.027158 0.355112 0.030903
v 0.023231 0.594584 0.045376
v 0.023230 0.594604 0.045374
v 0.023223 0.627546 0.210018
v 0.023223 0.627535 0.210012
v 0.021780 0.247440 -0.297816
v 0.044674 0.743965 -0.171588
v 0.022587 0.569951 0.070658
v 0.030753 0.198416 0.021665
v 0.022137 0.442689 0.201657
v 0.096480 0.604381 -0.119356
v 0.029996 0.159588 0.015775
v 0.030508 0.159437 0.015007
v 0.024409 0.549599 0.050241
v 0.024290 0.537989 0.050581
v 0.023626 0.539034 0.050491
v 0.024283 0.537912 0.050578
v 0.023191 0.580006 0.076994
v 0.030179 0.143999 0.008074
v 0.030153 0.143882 0.008066
v 0.024455 0.549560 0.049987
v 0.031067 0.123049 0.007313
v 0.023223 0.587899 -0.039316
v 0.023901 0.587355 -0.039414
v 0.031112 0.118141 0.010059
v 0.030567 0.117814 0.011056
v 0.029994 0.068674 -0.023580
v 0.029543 0.068093 -0.023346
v 0.024577 0.459756 -0.182226
v 0.029988 0.186566 -0.073213
v 0.030250 0.186189 -0.072849
v 0.026308 0.424115 0.063833
v 0.026308 0.424064 0.063804
v 0.024196 0.544958 0.026788
v 0.024145 0.546147 0.026400
v 0.024456 0.589718 0.038291
v 0.023817 0.640056 0.216593
v 0.024234 0.639375 0.216255
v 0.035493 0.290200 0.163919
v 0.024704 0.411773 0.149881
v 0.026944 0.343778 0.065229
v 0.022872 0.658881 0.092312
v 0.031566 0.112780 0.004703
v 0.031595 0.113078 0.004711
v 0.030381 0.580262 0.068328
v 0.024963 0.505398 -0.043761
v 0.030968 0.198462 0.021339
v 0.026354 0.499972 0.059374
v 0.024734 0.385722 -0.188798
v 0.028630 0.435051 0.069755
v 0.046161 0.582481 0.097101
v 0.092349 0.524755 -0.054621
v 0.026282 0.499671 0.059392
v 0.027359 0.446578 0.053236
v 0.028992 0.430065 -0.189859
v 0.069752 0.663765 -0.068068
v 0.025535 0.637738 0.040379
v 0.025526 0.637762 0.040375
v 0.031694 0.188288 0.018376
v 0.031694 0.188421 0.018400
v 0.024574 0.549577 0.050051
v 0.026926 0.468943 -0.071147
v 0.026912 0.468960 -0.071143
v 0.030248 0.574913 -0.075609
v 0.026176 0.551973 0.050356
v 0.026469 0.551882 0.050145
v 0.027485 0.516495 0.033275
v 0.027507 0.516576 0.033273
v 0.028120 0.433622 -0.187051
v 0.025340 0.663590 0.224024
v 0.026550 0.563165 0.189459
v 0.026308 0.563222 0.189258
v 0.020829 0.621287 -0.075506
v 0.026575 0.335824 -0.176162
v 0.032785 0.152639 0.008539
v 0.033081 0.152463 0.007894
v 0.025315 0.406035 0.084676
v 0.026211 0.549685 0.063201
v 0.026779 0.549088 0.062938
v 0.027433 0.549587 0.185813
v 0.026986 0.550501 0.186067
v 0.027304 0.549174 0.185786
v 0.028402 0.464607 -0.071823
v 0.028386 0.464628 -0.071815
v 0.095241 0.452420 -0.002245
v 0.059458 0.341698 0.146307
v 0.088816 0.558382 -0.097245
v 0.027367 0.510545 0.030146
v 0.028446 0.509062 0.030092
v 0.095603 0.527371 0.062267
v 0.023732 0.372641 0.043021
v 0.029200 0.483892 0.167125
v 0.029161 0.484110 0.167104
v 0.029097 0.484221 0.167124
v 0.113129 0.537054 0.037016
v 0.026413 0.453824 -0.130242
v 0.121748 0.609156 -0.011962
v 0.027514 0.523849 -0.039985
v 0.028263 0.433649 -0.187077
v 0.035091 0.120541 -0.018375
v 0.035113 0.120716 -0.018392
v 0.030530 0.579235 0.048271
v 0.077557 0.596631 -0.009374
v 0.028323 0.538059 0.058616
v 0.028322 0.538072 0.058621
v 0.033803 0.051241 0.014121
v 0.033772 0.051202 0.014096
v 0.087623 0.613549 0.075114
v 0.028446 0.573106 -0.041438
v 0.028441 0.573123 -0.041435
v 0.028821 0.429803 -0.190251
v 0.028840 0.534418 0.031853
v 0.029417 0.532721 0.031880
v 0.028698 0.553733 -0.011218
v 0.028350 0.554623 -0.011733
v 0.035812 0.131527 -0.018113
v 0.035410 0.131581 -0.017199
v 0.046887 0.584811 -0.373378
v 0.029165 0.542398 0.017994
v 0.028526 0.543399 0.017648
v 0.029172 0.542370 0.018006
v 0.029827 0.504161 0.046393
v 0.034834 0.018244 -0.007587
v 0.035204 0.018848 -0.008067
v 0.029119 0.526877 0.054570
v 0.028512 0.527778 0.054905
v 0.098406 0.634198 0.049179
v 0.014598 0.620466 -0.213857
v 0.029694 0.556671 0.016356
v 0.028888 0.556648 0.015632
v 0.030979 0.492726 0.028600
v 0.030985 0.492683 0.028595
v 0.030995 0.435655 0.033237
v 0.031599 0.435277 0.033693
v 0.027962 0.685724 -0.145340
v 0.029571 0.493121 0.040238
v 0.030886 0.491928 0.039181
v 0.028173 0.480823 0.019431
v 0.035743 0.145732 0.022301
v 0.035714 0.145604 0.022286
v 0.029981 0.552026 0.012192
v 0.030139 0.551907 0.012162
v 0.031300 0.517084 0.059875
v 0.031288 0.517047 0.059870
v 0.029910 0.565693 -0.023780
v 0.029911 0.565694 -0.023780
v 0.028427 0.368113 -0.029526
v 0.038307 0.548463 0.263093
v 0.030584 0.420841 -0.184712
v 0.030595 0.420860 -0.184703
v 0.029704 0.421648 -0.185135
v 0.030746 0.580323 0.068216
v 0.029169 0.381363 -0.016285
v 0.030564 0.553369 0.022915
v 0.030551 0.553358 0.022922
v 0.029980 0.384845 -0.176205
v 0.032458 0.484393 0.032932
v 0.032451 0.484393 0.032924
v 0.080762 0.519890 0.068412
v 0.030313 0.577274 -0.037717
v 0.030760 0.576789 -0.037161
v 0.029754 0.381997 0.093203
v 0.029841 0.674893 -0.231967
v 0.030575 0.599094 -0.061279
v 0.030008 0.316914 -0.120029
v 0.042226 0.443149 -0.048653
v 0.031999 0.558656 -0.043824
v 0.031222 0.559477 -0.043635
v 0.010549 0.570949 -0.185116
v 0.030706 0.386022 -0.174702
v 0.038357 0.160700 -0.020168
v 0.038310 0.160479 -0.020078
v 0.106843 0.467477 0.014894
v 0.037899 0.067313 -0.009271
v 0.037682 0.067013 -0.009307
v 0.031779 0.574408 0.202286
v 0.032676 0.566430 -0.003562
v 0.039460 0.027229 -0.014121
v 0.038592 0.027954 -0.014341
v 0.030966 0.363306 -0.032875
v 0.033609 0.511595 0.057322
v 0.033491 0.511456 0.057361
v 0.032895 0.614257 0.043898
v 0.031176 0.485885 -0.022208
v 0.039507 0.061524 -0.026826
v 0.039664 0.062065 -0.027183
v 0.034371 0.473142 0.028140
v 0.034369 0.473161 0.028142
v 0.034355 0.473165 0.028134
v 0.023656 0.635073 0.138181
v 0.130504 0.649409 0.147313
v 0.031586 0.482725 0.105135
v 0.037329 0.075523 -0.026255
v 0.038151 0.074231 -0.025833
v 0.035649 0.612218 0.012931
v 0.039217 0.155927 0.023188
v 0.039693 0.155754 0.022110
v 0.039839 0.071402 -0.032555
v 0.033435 0.607259 0.048787
v 0.033437 0.607280 0.048788
v 0.031956 0.292675 -0.220500
v 0.032644 0.667912 0.056230
v 0.040716 0.070968 -0.032523
v 0.087735 0.644278 -0.084898
v 0.038773 0.057319 0.019266
v 0.038706 0.056722 0.019882
v 0.033043 0.639183 0.052702
v 0.033557 0.638462 0.052591
v 0.039034 0.212043 -0.077795
v 0.038935 0.211811 -0.077770
v 0.034003 0.333906 0.056763
v 0.039971 0.178212 0.010509
v 0.039989 0.178283 0.010520
v 0.036651 0.333851 0.054044
v 0.034080 0.529124 -0.055237
v 0.034093 0.529161 -0.055255
v 0.034253 0.622919 0.050221
v 0.034253 0.622948 0.050224
v 0.023674 0.555912 -0.055954
v 0.070890 0.688293 0.166416
v 0.129427 0.718524 0.145474
v 0.034961 0.564569 0.065730
v 0.034252 0.565624 0.065870
v 0.034944 0.564756 0.065738
v 0.035461 0.353898 0.036822
v 0.038164 0.350800 0.036621
v 0.085325 0.451034 -0.154974
v 0.025969 0.627205 0.137576
v 0.040941 0.169674 -0.024478
v 0.041319 0.168968 -0.025377
v 0.055662 0.665113 -0.129027
v 0.035423 0.533818 0.061450
v 0.035960 0.532460 0.061344
v 0.119509 0.732420 0.071990
v 0.034800 0.559331 0.188775
v 0.034916 0.558928 0.188761
v 0.035415 0.577846 0.066451
v 0.035618 0.577838 0.066239
v 0.035279 0.584029 -0.017004
v 0.035271 0.583996 -0.016971
v 0.112439 0.543063 -0.039820
v 0.120200 0.732644 -0.164162
v 0.035744 0.595183 0.066353
v 0.035295 0.398269 -0.175204
v 0.036383 0.397554 -0.174066
v 0.097132 0.596768 0.002453
v 0.035731 0.612193 0.012883
v 0.036061 0.386268 -0.164872
v 0.041931 0.187650 0.012861
v 0.041796 0.187641 0.013098
v 0.035858 0.614545 0.050676
v 0.035846 0.614530 0.050666
v 0.108126 0.484465 0.140453
v 0.101285 0.523171 0.012516
v 0.121512 0.623805 0.273748
v 0.035071 0.540861 -0.000782
v 0.035240 0.298004 -0.193372
v 0.041091 0.518215 -0.051849
v 0.036580 0.450350 -0.076810
v 0.038445 0.449251 -0.077275
v 0.038423 0.449173 -0.077285
v 0.042412 0.560133 0.158361
v 0.037284 0.541554 -0.061877
v 0.037289 0.541573 -0.061887
v 0.038800 0.390283 -0.164334
v 0.038812 0.390239 -0.164275
v 0.039947 0.433121 0.023966
v 0.037056 0.562357 0.018331
v 0.037053 0.561588 0.018599
v 0.038926 0.515052 0.048017
v 0.038855 0.514763 0.048012
v 0.036146 0.478995 0.022837
v 0.036137 0.386166 -0.164597
v 0.037684 0.591038 -0.024911
v 0.037678 0.591028 -0.024899
v 0.050081 0.396693 0.233888
v 0.037091 0.575700 0.051841
v 0.039990 0.419870 0.146795
v 0.041597 0.419453 0.146590
v 0.040039 0.400548 0.139516
v 0.037982 0.402129 0.140709
v 0.036344 0.587290 0.045131
v 0.042408 0.327103 0.041958
v 0.042329 0.327325 0.041990
v 0.037469 0.685641 -0.083607
v 0.039608 0.401594 0.139597
v 0.037042 0.465761 0.034076
v 0.040703 0.409807 0.029676
v 0.041316 0.409652 0.029080
v 0.038841 0.628268 0.014144
v 0.038841 0.628265 0.014143
v 0.043911 0.259343 0.082901
v 0.045066 0.093205 -0.048778
v 0.044764 0.092702 -0.048358
v 0.084027 0.667123 0.032425
v 0.101751 0.462550 -0.271953
v 0.039180 0.629403 0.068199
v 0.039178 0.629386 0.068198
v 0.043780 0.333563 0.034497
v 0.043760 0.333651 0.034503
v 0.039695 0.565162 0.049689
v 0.039362 0.566188 0.050164
v 0.051313 0.463774 0.010564
v 0.039657 0.565066 0.049676
v 0.038992 0.554673 -0.069283
v 0.039362 0.553985 -0.068929
v 0.038265 0.536512 0.133084
v 0.039744 0.519604 -0.051619
v 0.038545 0.480267 -0.233903
v 0.044854 0.074918 -0.006705
v 0.045323 0.073860 -0.005833
v 0.039493 0.658919 -0.079601
v 0.040010 0.658226 -0.079511
v 0.040180 0.530249 -0.054330
v 0.041256 0.528701 -0.054213
v 0.042334 0.391586 0.032236
v 0.041195 0.393502 0.032046
v 0.045234 0.282157 -0.042366
v 0.042310 0.391242 0.032268
v 0.038934 0.319585 -0.009926
v 0.039853 0.598505 -0.033585
v 0.040127 0.597859 -0.033034
v 0.039056 0.469574 0.037204
v 0.041442 0.521355 0.054116
v 0.041153 0.519507 0.054510
v 0.040726 0.643669 -0.077668
v 0.040726 0.643651 -0.077666
v 0.044214 0.595550 0.047645
v 0.039915 0.499242 -0.108366
v 0.042284 0.381241 -0.153442
v 0.041984 0.381456 -0.153613
v 0.040628 0.382089 -0.154858
v 0.041345 0.642659 0.069790
v 0.041347 0.642673 0.069791
v 0.042909 0.511342 -0.053284
v 0.042910 0.511344 -0.053282
v 0.046734 0.214039 0.020494
v 0.046733 0.214034 0.020500
v 0.047394 0.197294 -0.035016
v 0.047425 0.197449 -0.035051
v 0.043186 0.506938 -0.053361
v 0.043181 0.507007 -0.053360
v 0.043679 0.449626 0.158724
v 0.042230 0.629123 -0.075877
v 0.041858 0.629181 -0.075506
v 0.047816 0.185627 0.027974
v 0.047841 0.185733 0.028002
v 0.041808 0.625209 0.058968
v 0.041798 0.625189 0.058950
v 0.108645 0.760185 0.039823
v 0.043979 0.433832 -0.050336
v 0.043987 0.433779 -0.050348
v 0.041417 0.644997 0.017084
v 0.041761 0.644193 0.016958
v 0.040666 0.451723 -0.032779
v 0.101790 0.538601 -0.275566
v 0.044012 0.493179 -0.053675
v 0.044012 0.493203 -0.053674
v 0.043950 0.493198 -0.053674
v 0.048576 0.208187 -0.036297
v 0.048408 0.208323 -0.035916
v 0.041709 0.579154 -0.079088
v 0.038223 0.661636 -0.104476
v 0.042309 0.656708 0.072400
v 0.042715 0.655967 0.072268
v 0.041573 0.495068 -0.011208
v 0.043352 0.579788 0.051037
v 0.043049 0.579893 0.051064
v 0.043384 0.561405 -0.061719
v 0.043380 0.561394 -0.061718
v 0.042770 0.562451 -0.061948
v 0.046998 0.430224 -0.055267
v 0.043125 0.571993 0.057976
v 0.043369 0.571432 0.058012
v 0.044797 0.533670 0.048166
v 0.044779 0.533624 0.048161
v 0.047945 0.310859 0.032536
v 0.047950 0.310933 0.032528
v 0.044476 0.575365 -0.063624
v 0.047937 0.310656 0.032531
v 0.049538 0.196146 0.032670
v 0.049296 0.196023 0.033120
v 0.089022 0.579998 -0.127627
v 0.043986 0.573343 -0.063969
v 0.043585 0.573295 -0.064214
v 0.066772 0.584291 0.098050
v 0.049310 0.260761 -0.039758
v 0.049279 0.261030 -0.039783
v 0.044351 0.575305 -0.063742
v 0.087457 0.750399 -0.196461
v 0.118946 0.634214 -0.002198
v 0.046144 0.412362 0.027421
v 0.046148 0.412304 0.027458
v 0.043480 0.681544 0.074989
v 0.044483 0.595578 0.047828
v 0.079387 0.515712 0.176029
v 0.043283 0.461758 -0.038859
v 0.049793 0.099437 -0.054206
v 0.050403 0.098674 -0.053813
v 0.127965 0.620274 -0.055729
v 0.046886 0.430348 -0.054111
v 0.050598 0.239076 -0.037914
v 0.050602 0.239352 -0.037939
v 0.050337 0.247172 0.065178
v 0.050137 0.247452 0.065507
v 0.126493 0.555898 0.150401
v 0.106966 0.690092 0.030962
v 0.049938 0.233513 -0.078855
v 0.051104 0.232663 -0.077480
v 0.063687 0.707818 -0.120019
v 0.042211 0.599200 -0.031818
v 0.101699 0.552350 -0.077279
v 0.051479 0.235779 0.022416
v 0.052890 0.235084 0.020782
v 0.044810 0.596696 -0.001864
v 0.045574 0.612191 -0.047099
v 0.047315 0.528068 0.050850
v 0.047098 0.527860 0.050774
v 0.048447 0.414256 -0.052551
v 0.046587 0.416154 -0.052457
v 0.048435 0.414420 -0.052575
v 0.051027 0.577885 0.076380
v 0.051499 0.319887 0.108369
v 0.040972 0.576772 -0.011078
v 0.043631 0.563749 0.158397
v 0.045609 0.485230 -0.137034
v 0.049168 0.423266 0.019838
v 0.051543 0.047397 -0.032418
v 0.051034 0.046999 -0.031970
v 0.114099 0.548434 -0.081893
v 0.052826 0.224923 0.048021
v 0.052886 0.225199 0.048149
v 0.046603 0.579532 0.011553
v 0.101757 0.489488 -0.273193
v 0.048023 0.583490 0.049057
v 0.047287 0.584582 0.049058
v 0.043723 0.478534 0.155180
v 0.047999 0.583717 0.049053
v 0.047056 0.674439 0.021664
v 0.053486 0.076289 0.032663
v 0.053541 0.076382 0.032701
v 0.045085 0.495010 -0.095802
v 0.048247 0.558449 -0.088925
v 0.048245 0.558442 -0.088918
v 0.048294 0.545664 -0.077655
v 0.047635 0.546413 -0.078318
v 0.055021 0.845591 -0.024680
v 0.047879 0.571724 -0.100778
v 0.048357 0.571176 -0.100291
v 0.047724 0.595032 -0.122000
v 0.048126 0.635677 0.068525
v 0.048229 0.634960 0.068085
v 0.049039 0.597181 0.050616
v 0.048828 0.597198 0.050585
v 0.163921 0.733694 0.028435
v 0.071234 0.659283 -0.202322
v 0.053632 0.321153 0.103763
v 0.047566 0.347296 0.180625
v 0.053329 0.320268 0.103913
v 0.049573 0.550333 0.049551
v 0.050057 0.549032 0.049425
v 0.047630 0.406742 0.057850
v 0.048481 0.465254 0.161535
v 0.050802 0.521543 -0.057044
v 0.053589 0.617910 -0.074704
v 0.051349 0.531927 0.051226
v 0.055454 0.346064 0.110857
v 0.055453 0.346016 0.110855
v 0.055552 0.334652 -0.051960
v 0.055550 0.334120 -0.052005
v 0.055369 0.333705 -0.051924
v 0.065109 0.451716 0.268795
v 0.057424 0.100441 -0.034536
v 0.057686 0.101205 -0.034804
v 0.061120 0.344214 -0.111149
v 0.116474 0.457708 -0.001126
v 0.114859 0.530237 0.079056
v 0.050257 0.446001 0.059527
v 0.051841 0.509876 -0.043487
v 0.053064 0.509100 -0.042142
v 0.047449 0.607609 -0.005233
v 0.080628 0.658741 -0.003417
v 0.058039 0.113119 -0.038682
v 0.059047 0.268028 0.022551
v 0.135671 0.557645 0.233195
v 0.123512 0.493809 0.228819
v 0.054336 0.368838 0.115770
v 0.055883 0.366608 0.115441
v 0.054525 0.651001 0.053501
v 0.059560 0.112532 -0.038511
v 0.054434 0.500822 -0.030408
v 0.054438 0.500860 -0.030457
v 0.054567 0.490235 -0.017265
v 0.054585 0.490288 -0.017336
v 0.054529 0.490133 -0.017290
v 0.053123 0.637581 0.056362
v 0.053121 0.637569 0.056360
v 0.097011 0.515907 -0.164384
v 0.053205 0.618050 -0.074308
v 0.057910 0.356357 -0.054200
v 0.057912 0.356379 -0.054209
v 0.051858 0.646763 -0.158496
v 0.068816 0.458035 -0.100547
v 0.056076 0.487631 -0.075887
v 0.059239 0.085160 0.034813
v 0.059122 0.085532 0.033721
v 0.124510 0.544338 0.102568
v 0.043822 0.511688 0.178172
v 0.144871 0.601610 0.243616
v 0.053969 0.650983 0.054044
v 0.067470 0.270163 -0.081038
v 0.056514 0.502366 -0.028700
v 0.056500 0.502312 -0.028656
v 0.056778 0.378487 -0.054999
v 0.058511 0.376023 -0.054866
v 0.142718 0.472366 -0.109091
v 0.110484 0.483955 0.266526
v 0.077335 0.513710 -0.142686
v 0.054433 0.559475 0.045468
v 0.055771 0.573716 0.194039
v 0.058547 0.407733 -0.088853
v 0.054633 0.529501 -0.035600
v 0.048796 0.546092 0.145497
v 0.056240 0.652226 0.058251
v 0.056236 0.652210 0.058247
v 0.050626 0.589263 -0.185564
v 0.059029 0.051782 -0.037567
v 0.059540 0.050767 -0.036919
v 0.119227 0.611796 -0.175713
v 0.056544 0.665964 0.056151
v 0.056543 0.665962 0.056150
v 0.057650 0.536321 0.054913
v 0.056970 0.534553 0.054447
v 0.056866 0.629320 -0.077038
v 0.056863 0.629312 -0.077036
v 0.103363 0.593250 0.075144
v 0.136106 0.467077 0.106560
v 0.063349 0.121425 -0.069595
v 0.063512 0.121946 -0.069956
v 0.047160 0.530456 -0.291492
v 0.053653 0.573158 0.133228
v 0.111356 0.575192 0.082068
v 0.056618 0.461600 0.002851
v 0.063786 0.131286 -0.075706
v 0.058711 0.345866 -0.112802
v 0.064797 0.130873 -0.075588
v 0.061943 0.336180 0.101959
v 0.061475 0.335693 0.102154
v 0.062032 0.587875 0.153698
v 0.058841 0.516443 -0.039863
v 0.059473 0.515036 -0.038949
v 0.064758 0.100212 -0.001933
v 0.064924 0.100579 -0.001956
v 0.058571 0.681670 0.059137
v 0.058928 0.680857 0.059002
v 0.059093 0.594835 0.092576
v 0.059079 0.594817 0.092553
v 0.131059 0.620408 0.050655
v 0.063112 0.347011 -0.054645
v 0.062770 0.346627 -0.054576
v 0.058811 0.655667 0.083827
v 0.059422 0.667419 0.061451
v 0.059727 0.666637 0.061306
v 0.065674 0.141307 -0.049470
v 0.065314 0.140747 -0.049256
v 0.042820 0.431416 0.090469
v 0.120073 0.700096 0.071736
v 0.060235 0.641280 -0.080623
v 0.060470 0.640462 -0.080422
v 0.083313 0.469776 0.004209
v 0.060924 0.567483 0.041785
v 0.115590 0.596815 -0.076469
v 0.144539 0.586980 -0.016635
v 0.164160 0.727633 -0.045932
v 0.097867 0.602466 0.012530
v 0.060145 0.535510 0.062229
v 0.102578 0.548705 -0.139195
v 0.164815 0.664668 0.054828
v 0.060494 0.319830 0.270186
v 0.101260 0.620517 0.146584
v 0.067681 0.270532 -0.081388
v 0.122710 0.292459 0.240285
v 0.069363 0.111428 -0.003483
v 0.068625 0.111794 -0.004311
v 0.062842 0.600915 0.101215
v 0.062852 0.600928 0.101234
v 0.067740 0.333067 -0.107096
v 0.067641 0.333569 -0.107306
v 0.067742 0.630754 -0.218500
v 0.059602 0.585575 0.000581
v 0.146516 0.607414 0.100407
v 0.120184 0.352894 0.211412
v 0.063922 0.556768 0.048799
v 0.063886 0.557974 0.048713
v 0.064397 0.402467 -0.273506
v 0.069363 0.312552 -0.098780
v 0.069353 0.312749 -0.098864
v 0.069251 0.312339 -0.098813
v 0.063278 0.525234 0.224019
v 0.070148 0.153115 -0.092324
v 0.069953 0.152789 -0.092066
v 0.064123 0.694666 0.065382
v 0.064255 0.709261 0.062104
v 0.053124 0.575059 -0.068979
v 0.064146 0.493752 -0.034757
v 0.060848 0.427126 -0.090747
v 0.065141 0.607658 0.110920
v 0.065411 0.607065 0.110322
v 0.064374 0.473304 0.029121
v 0.067412 0.510724 -0.181268
v 0.066892 0.549870 0.007867
v 0.155021 0.481821 -0.079686
v 0.066917 0.540989 -0.054898
v 0.066493 0.541959 -0.055400
v 0.118449 0.484269 -0.224345
v 0.066879 0.540843 -0.054871
v 0.071506 0.333960 -0.106551
v 0.071496 0.333893 -0.106525
v 0.139496 0.640712 -0.083901
v 0.130068 0.635045 -0.067500
v 0.066964 0.662474 -0.083798
v 0.076805 0.535466 -0.233514
v 0.138638 0.477807 -0.069017
v 0.114730 0.629617 -0.308510
v 0.125989 0.682163 -0.031988
v 0.068599 0.551983 -0.062074
v 0.068601 0.551984 -0.062075
v 0.059023 0.476440 0.148408
v 0.072769 0.149094 -0.052122
v 0.073833 0.147819 -0.051501
v 0.069042 0.389009 -0.098379
v 0.072440 0.387615 -0.099678
v 0.113563 0.643293 0.077473
v 0.071399 0.354911 -0.114223
v 0.072816 0.351502 -0.113272
v 0.070937 0.567426 -0.072408
v 0.074358 0.108248 0.043346
v 0.074317 0.108208 0.043321
v 0.074489 0.159566 -0.097560
v 0.074658 0.159106 -0.097231
v 0.073778 0.360076 -0.056435
v 0.073182 0.356804 -0.056219
v 0.153712 0.586371 -0.080536
v 0.069951 0.618411 0.127901
v 0.091375 0.551052 -0.033194
v 0.085818 0.433992 -0.035856
v 0.071155 0.550740 -0.060911
v 0.070998 0.550801 -0.060906
v 0.070886 0.567687 0.048386
v 0.070871 0.567666 0.048384
v 0.071367 0.545238 0.058308
v 0.080980 0.608968 0.134403
v 0.070348 0.475611 -0.142827
v 0.070083 0.501012 -0.147813
v 0.071832 0.489547 -0.054792
v 0.065378 0.668684 0.037906
v 0.142910 0.587390 0.151340
v 0.173494 0.626812 -0.151161
v 0.162168 0.638846 -0.107779
v 0.134558 0.454202 -0.008706
v 0.070892 0.612634 -0.270686
v 0.072717 0.450310 -0.121528
v 0.072718 0.450285 -0.121503
v 0.071963 0.458661 -0.130337
v 0.072449 0.458191 -0.129814
v 0.090277 0.560295 -0.035681
v 0.125319 0.475176 -0.057744
v 0.072738 0.593400 0.197487
v 0.072725 0.593386 0.197486
v 0.149628 0.660521 -0.295154
v 0.079898 0.622645 -0.007522
v 0.076383 0.348677 0.093767
v 0.075465 0.345508 0.094937
v 0.073799 0.441779 -0.113975
v 0.073155 0.442489 -0.114595
v 0.072278 0.485266 -0.014441
v 0.061904 0.494023 -0.038382
v 0.090704 0.430225 0.206417
v 0.075554 0.423588 -0.099197
v 0.073458 0.530577 0.005524
v 0.117171 0.356013 -0.223610
v 0.079488 0.114011 0.049909
v 0.079297 0.113196 0.050618
v 0.077731 0.561252 -0.046378
v 0.074433 0.593640 -0.152501
v 0.057324 0.581197 0.203368
v 0.169195 0.599905 -0.300142
v 0.074737 0.727291 -0.180840
v 0.081207 0.068761 -0.052808
v 0.081579 0.069382 -0.053309
v 0.063533 0.398812 -0.232767
v 0.081503 0.140995 -0.007429
v 0.081392 0.140814 -0.007433
v 0.076242 0.596947 -0.085775
v 0.076241 0.596944 -0.085775
v 0.075873 0.477957 0.022913
v 0.081729 0.372727 -0.106899
v 0.081620 0.373035 -0.106843
v 0.080666 0.415700 0.143499
v 0.077300 0.415088 -0.090843
v 0.078911 0.414314 -0.089745
v 0.081224 0.371653 -0.061891
v 0.097266 0.421322 -0.035013
v 0.071116 0.361562 0.195411
v 0.078730 0.609203 -0.089634
v 0.078731 0.609214 -0.089638
v 0.078372 0.579121 0.049274
v 0.078374 0.578291 0.049230
v 0.077297 0.529997 0.102723
v 0.073582 0.559174 0.149129
v 0.071656 0.559360 -0.239582
v 0.085458 0.078538 -0.059711
v 0.084235 0.079396 -0.059930
v 0.128431 0.553311 0.292370
v 0.081177 0.412886 -0.104853
v 0.083148 0.409721 -0.105051
v 0.127879 0.554969 0.023868
v 0.149825 0.802035 -0.211474
v 0.102492 0.488425 0.255007
v 0.079467 0.696616 -0.169874
v 0.080041 0.696016 -0.169593
v 0.078023 0.615511 -0.034026
v 0.085155 0.382082 -0.108116
v 0.085160 0.381984 -0.108128
v 0.080203 0.622508 -0.093208
v 0.080582 0.621789 -0.093025
v 0.082456 0.407375 -0.083659
v 0.082431 0.407566 -0.083795
v 0.096133 0.591644 -0.019658
v 0.078294 0.636407 0.132075
v 0.079661 0.439451 -0.232155
v 0.080270 0.566274 -0.145894
v 0.080974 0.565709 -0.145673
v 0.079994 0.463945 0.053071
v 0.080029 0.462045 0.243295
v 0.062477 0.641007 0.172488
v 0.143475 0.648117 -0.224846
v 0.139153 0.574255 0.081900
v 0.083426 0.397093 -0.077233
v 0.082392 0.398721 -0.078220
v 0.083375 0.396800 -0.077172
v 0.080954 0.645769 -0.099637
v 0.081561 0.602442 0.198284
v 0.081560 0.602442 0.198283
v 0.080597 0.356335 -0.287669
v 0.119379 0.555696 0.176674
v 0.186070 0.636333 -0.110184
v 0.082394 0.679712 -0.162740
v 0.082395 0.679709 -0.162739
v 0.101678 0.605062 0.124966
v 0.090294 0.588693 -0.083741
v 0.083764 0.470454 0.006869
v 0.081227 0.613586 0.087542
v 0.081341 0.390013 -0.115695
v 0.134467 0.725986 -0.067681
v 0.083460 0.470052 0.006897
v 0.087750 0.150137 -0.006416
v 0.088105 0.149630 -0.005836
v 0.124834 0.596933 0.047595
v 0.085423 0.390560 -0.114377
v 0.084796 0.393020 -0.114438
v 0.091601 0.349875 -0.113766
v 0.088297 0.349388 -0.109695
v 0.080318 0.609123 -0.105075
v 0.082657 0.619506 -0.015844
v 0.085190 0.390319 -0.114477
v 0.088255 0.348983 -0.109714
v 0.077298 0.443851 0.090472
v 0.146634 0.558096 -0.040783
v 0.079505 0.406009 0.081219
v 0.079898 0.539815 -0.059725
v 0.144893 0.481465 0.095502
v 0.117479 0.441834 0.210553
v 0.126906 0.497624 -0.030856
v 0.083629 0.525545 0.146397
v 0.149455 0.589808 -0.095873
v 0.083012 0.412552 0.126280
v 0.084565 0.664096 -0.154377
v 0.083921 0.664944 -0.154741
v 0.083160 0.357418 -0.135850
v 0.089472 0.179066 -0.112170
v 0.089521 0.179121 -0.112217
v 0.086767 0.414487 -0.088772
v 0.086776 0.414497 -0.088777
v 0.086067 0.413267 0.217788
v 0.091038 0.176055 -0.060735
v 0.091190 0.176566 -0.060923
v 0.083960 0.516829 -0.042758
v 0.087387 0.514057 -0.105808
v 0.086687 0.739215 -0.237885
v 0.085883 0.551628 -0.141093
v 0.085875 0.551664 -0.141104
v 0.092302 0.188770 -0.065437
v 0.093759 0.522831 -0.069615
v 0.122656 0.515687 -0.041313
v 0.087080 0.631154 -0.141067
v 0.085013 0.430820 -0.149346
v 0.088520 0.494891 -0.113955
v 0.088516 0.494915 -0.113948
v 0.085823 0.457975 0.098758
v 0.087065 0.616239 -0.129194
v 0.088228 0.615087 -0.128075
v 0.086982 0.371926 0.171849
v 0.093074 0.188322 -0.065218
v 0.086330 0.597309 -0.011707
v 0.086935 0.596694 -0.011494
v 0.086084 0.681203 -0.096807
v 0.089139 0.467494 -0.118621
v 0.088106 0.469461 -0.119119
v 0.089243 0.467292 -0.118670
v 0.089867 0.362065 0.089350
v 0.088943 0.604284 -0.118122
v 0.088946 0.604296 -0.118116
v 0.178946 0.734212 0.005440
v 0.087579 0.429332 -0.099633
v 0.088168 0.427706 -0.098799
v 0.169032 0.586648 0.020160
v 0.089603 0.587274 -0.112294
v 0.182508 0.712404 -0.034385
v 0.089565 0.587234 -0.112277
v 0.089686 0.605401 -0.114646
v 0.089681 0.605327 -0.114634
v 0.094138 0.221251 -0.078758
v 0.094119 0.221143 -0.078710
v 0.086660 0.534003 0.218773
v 0.177291 0.608016 -0.073971
v 0.088953 0.537038 -0.136476
v 0.088229 0.537881 -0.136691
v 0.089191 0.585065 -0.007868
v 0.089196 0.585041 -0.007860
v 0.089282 0.587718 -0.108740
v 0.089921 0.503494 -0.025323
v 0.122773 0.655863 -0.135968
v 0.090598 0.413563 0.010701
v 0.089850 0.621668 -0.117088
v 0.090587 0.620102 -0.116903
v 0.091943 0.487831 -0.125147
v 0.091885 0.487625 -0.125062
v 0.088661 0.503496 0.288458
v 0.091858 0.407903 -0.114977
v 0.091809 0.407740 -0.114961
v 0.090087 0.588936 -0.083457
v 0.094822 0.132210 0.067599
v 0.094836 0.132243 0.067617
v 0.089383 0.507921 0.101883
v 0.091394 0.483061 0.003825
v 0.091335 0.482990 0.003839
v 0.089797 0.600088 0.051101
v 0.089205 0.682670 -0.307110
v 0.090312 0.612512 0.199861
v 0.090201 0.611693 0.199778
v 0.089755 0.599927 0.221123
v 0.106683 0.573963 0.047944
v 0.170081 0.716158 -0.093854
v 0.090159 0.503240 -0.143192
v 0.090896 0.485693 0.101198
v 0.091417 0.484993 0.101126
v 0.092698 0.557840 -0.144689
v 0.091062 0.515313 0.078387
v 0.092110 0.472962 0.099922
v 0.092110 0.472950 0.099921
v 0.092105 0.573153 -0.005540
v 0.092097 0.573197 -0.005547
v 0.091782 0.569590 0.063386
v 0.092036 0.570784 0.063546
v 0.093113 0.435075 0.096301
v 0.093310 0.401092 -0.110157
v 0.093130 0.400937 -0.110219
v 0.130040 0.610207 -0.015653
v 0.091102 0.416717 -0.293767
v 0.087626 0.483310 0.146184
v 0.096691 0.100366 -0.078787
v 0.096232 0.099982 -0.078382
v 0.092905 0.460890 0.099147
v 0.092319 0.461845 0.099255
v 0.093669 0.509109 -0.130075
v 0.099007 0.248288 -0.091643
v 0.098972 0.248209 -0.091605
v 0.112606 0.671928 -0.072993
v 0.178281 0.654315 -0.121291
v 0.094146 0.650759 -0.107010
v 0.093590 0.651780 -0.106698
v 0.094128 0.650714 -0.107009
v 0.103893 0.323756 0.058038
v 0.117584 0.536592 0.035891
v 0.176734 0.623136 0.112185
v 0.094769 0.552320 -0.002541
v 0.094922 0.663659 -0.105195
v 0.095106 0.663610 -0.104940
v 0.096878 0.498943 -0.130656
v 0.099931 0.139202 0.071362
v 0.099944 0.139333 0.071087
v 0.158797 0.418949 0.034231
v 0.095412 0.477923 0.004754
v 0.095136 0.477816 0.004806
v 0.095486 0.598706 -0.088132
v 0.095480 0.598698 -0.088127
v 0.093652 0.545933 -0.000932
v 0.095767 0.727403 -0.102402
v 0.095767 0.727377 -0.102402
v 0.095898 0.685926 -0.101743
v 0.145381 0.505690 -0.282284
v 0.063122 0.443468 -0.127348
v 0.100651 0.385710 0.188805
v 0.096160 0.665770 -0.097487
v 0.096077 0.665616 -0.097352
v 0.095288 0.741204 -0.102253
v 0.095768 0.740446 -0.102264
v 0.108398 0.723136 0.110009
v 0.095991 0.421697 0.094602
v 0.097506 0.420419 0.094398
v 0.096379 0.714304 -0.102241
v 0.096379 0.714330 -0.102242
v 0.101099 0.196840 -0.122473
v 0.101154 0.196909 -0.122516
v 0.103632 0.267666 -0.103847
v 0.083035 0.607641 0.042450
v 0.095222 0.531721 0.138846
v 0.134331 0.559038 0.082297
v 0.100341 0.421021 -0.112942
v 0.096305 0.765207 -0.100151
v 0.125071 0.570784 -0.197351
v 0.122247 0.353904 0.037408
v 0.142649 0.528625 -0.203597
v 0.096511 0.509098 -0.172374
v 0.093184 0.396968 -0.276899
v 0.098789 0.494843 0.001781
v 0.098904 0.493553 0.001970
v 0.085163 0.459433 -0.124198
v 0.101443 0.531553 -0.001255
v 0.159432 0.609529 0.091694
v 0.099979 0.395899 0.092731
v 0.099360 0.397880 0.092929
v 0.157681 0.536216 0.073958
v 0.099815 0.395513 0.092750
v 0.135494 0.477700 -0.180845
v 0.097817 0.513059 0.127647
v 0.098547 0.495686 -0.126323
v 0.100178 0.494669 -0.125824
v 0.100867 0.409412 0.093046
v 0.100849 0.409664 0.093059
v 0.107978 0.361983 -0.046566
v 0.098028 0.208306 -0.258043
v 0.119375 0.799394 -0.279944
v 0.141123 0.516268 0.208090
v 0.099079 0.366533 0.023359
v 0.099159 0.416471 0.135710
v 0.105821 0.177851 -0.004110
v 0.105874 0.177948 -0.004110
v 0.190343 0.752193 0.083069
v 0.100721 0.609002 -0.093766
v 0.100834 0.608229 -0.093453
v 0.101611 0.531493 -0.001276
v 0.106637 0.419843 0.166615
v 0.101726 0.687737 -0.072521
v 0.093459 0.655796 -0.183566
v 0.111185 0.414444 -0.095292
v 0.098007 0.542831 -0.037799
v 0.104470 0.105149 -0.083987
v 0.105024 0.104107 -0.083217
v 0.102806 0.520584 -0.000828
v 0.102795 0.520360 -0.000832
v 0.102280 0.521550 -0.000941
v 0.102630 0.579251 0.064833
v 0.102633 0.579253 0.064834
v 0.104711 0.484438 -0.122352
v 0.104674 0.484585 -0.122383
v 0.102054 0.350171 -0.131685
v 0.102383 0.553661 0.333091
v 0.158086 0.480460 0.086984
v 0.156234 0.460558 0.107807
v 0.114118 0.544026 -0.167248
v 0.130737 0.447872 -0.019103
v 0.103027 0.528829 0.064704
v 0.196781 0.462516 -0.048484
v 0.104834 0.538536 -0.000836
v 0.114161 0.218292 -0.134034
v 0.104181 0.631213 0.201951
v 0.105380 0.531008 -0.001637
v 0.105296 0.531093 -0.001421
v 0.105339 0.460706 -0.104926
v 0.105159 0.461790 -0.105069
v 0.199194 0.330614 0.056700
v 0.105210 0.460496 -0.104927
v 0.110685 0.187239 -0.004585
v 0.110540 0.187392 -0.004772
v 0.107439 0.469912 -0.119979
v 0.107397 0.469568 -0.119963
v 0.104709 0.481149 0.181207
v 0.109727 0.469796 -0.118027
v 0.058875 0.527219 0.010892
v 0.105190 0.436562 -0.003870
v 0.108222 0.413581 0.092720
v 0.108226 0.413588 0.092721
v 0.163104 0.811065 0.084820
v 0.138433 0.722154 0.089141
v 0.135436 0.632469 -0.213922
v 0.108488 0.481924 0.002148
v 0.107292 0.480569 0.002430
v 0.109572 0.488064 -0.124066
v 0.109580 0.488104 -0.124073
v 0.166531 0.617852 -0.220445
v 0.106544 0.534040 0.112284
v 0.106637 0.455947 0.009941
v 0.134760 0.587177 0.179413
v 0.215360 0.479301 -0.241803
v 0.155268 0.679592 -0.103417
v 0.108927 0.504452 -0.129320
v 0.109727 0.502642 -0.128907
v 0.110377 0.573345 -0.007162
v 0.143160 0.714995 -0.083948
v 0.109291 0.474687 -0.109096
v 0.108449 0.474747 -0.109853
v 0.109111 0.717474 -0.054323
v 0.109115 0.717500 -0.054307
v 0.121060 0.532394 0.156592
v 0.114298 0.159907 0.080606
v 0.114403 0.160062 0.080683
v 0.109158 0.628100 -0.101668
v 0.110074 0.573337 -0.007466
v 0.109704 0.476627 -0.104161
v 0.153672 0.470271 -0.155338
v 0.110811 0.217951 -0.224283
v 0.138826 0.712816 -0.245701
v 0.111036 0.584954 -0.008893
v 0.111031 0.584918 -0.008889
v 0.123683 0.798779 -0.349485
v 0.175447 0.593690 0.104172
v 0.111721 0.734279 -0.043710
v 0.111715 0.734255 -0.043727
v 0.216038 0.754863 -0.083456
v 0.105156 0.568403 -0.037331
v 0.110640 0.504082 0.329921
v 0.113581 0.544835 -0.166441
v 0.113598 0.544902 -0.166523
v 0.112101 0.469080 -0.103806
v 0.112184 0.468887 -0.103724
v 0.110813 0.693689 -0.277979
v 0.103619 0.408398 0.132918
v 0.110882 0.516501 0.104405
v 0.108421 0.421487 0.118664
v 0.149988 0.459139 -0.112800
v 0.112485 0.597216 -0.010613
v 0.112845 0.596414 -0.010511
v 0.147283 0.614883 -0.254856
v 0.113495 0.590122 0.065288
v 0.113319 0.589299 0.065265
v 0.112522 0.510401 0.112270
v 0.114441 0.431270 0.091780
v 0.114531 0.429228 0.091936
v 0.121912 0.633664 -0.090576
v 0.114116 0.395061 -0.089340
v 0.115105 0.750526 -0.031298
v 0.115434 0.749849 -0.031733
v 0.167070 0.588436 -0.106049
v 0.115070 0.535566 -0.028980
v 0.114745 0.409250 0.344693
v 0.110767 0.770487 -0.154175
v 0.130276 0.433884 -0.163105
v 0.116059 0.618322 -0.013806
v 0.123806 0.530344 -0.119352
v 0.140085 0.339788 -0.138953
v 0.115861 0.468961 0.175193
v 0.116679 0.468799 0.174887
v 0.118597 0.553197 -0.180382
v 0.118522 0.553121 -0.180233
v 0.122615 0.175433 0.088496
v 0.122627 0.175466 0.088515
v 0.184890 0.474494 -0.013932
v 0.130763 0.582900 -0.112273
v 0.184204 0.654076 -0.021159
v 0.117438 0.521572 0.101265
v 0.130394 0.552623 -0.064250
v 0.123361 0.213883 -0.006625
v 0.123294 0.213768 -0.006625
v 0.125601 0.512028 0.034600
v 0.117496 0.440809 0.073767
v 0.214649 0.619831 0.049873
v 0.118007 0.471342 0.078005
v 0.149288 0.558460 -0.065740
v 0.175192 0.451485 -0.105721
v 0.138844 0.516325 -0.004982
v 0.119281 0.519322 -0.186535
v 0.120034 0.507067 -0.021823
v 0.120663 0.506449 -0.021655
v 0.181065 0.749463 -0.129264
v 0.122801 0.567186 -0.181483
v 0.122799 0.567184 -0.181481
v 0.121192 0.617322 0.006964
v 0.123614 0.441197 -0.084766
v 0.123635 0.441255 -0.084748
v 0.120646 0.470410 -0.099896
v 0.123504 0.441142 -0.084763
v 0.121647 0.588285 0.009323
v 0.122214 0.587559 0.009342
v 0.122122 0.782697 -0.014392
v 0.123182 0.533809 -0.129807
v 0.122919 0.534868 -0.129824
v 0.123077 0.533588 -0.129813
v 0.122736 0.462498 0.170894
v 0.122726 0.462507 0.170902
v 0.132579 0.195287 0.100306
v 0.123195 0.486826 -0.001672
v 0.191523 0.596937 0.186915
v 0.217737 0.612334 0.050251
v 0.124206 0.559430 -0.194320
v 0.124321 0.558163 -0.192973
v 0.130475 0.746332 0.094431
v 0.123909 0.530308 -0.119413
v 0.124052 0.571903 0.009646
v 0.124053 0.571900 0.009646
v 0.124047 0.491097 -0.018016
v 0.124048 0.491094 -0.018015
v 0.128185 0.122056 -0.099442
v 0.128416 0.122307 -0.099666
v 0.147118 0.565389 0.083684
v 0.141421 0.659194 0.142377
v 0.126941 0.450794 -0.082254
v 0.126979 0.450973 -0.082217
v 0.125618 0.547224 -0.131115
v 0.125600 0.547248 -0.131015
v 0.167981 0.658452 -0.241844
v 0.125739 0.556237 0.010457
v 0.125742 0.556218 0.010458
v 0.126291 0.461706 -0.081047
v 0.126719 0.460028 -0.081266
v 0.108816 0.477628 0.140795
v 0.209132 0.745527 -0.122172
v 0.126659 0.483677 -0.095568
v 0.174285 0.807460 -0.258067
v 0.071529 0.507053 -0.105128
v 0.180811 0.305590 0.112664
v 0.195284 0.421011 0.222258
v 0.127324 0.475524 -0.015265
v 0.126564 0.476371 -0.015437
v 0.149116 0.530955 0.055839
v 0.175178 0.659614 -0.086365
v 0.126269 0.426354 0.046422
v 0.142622 0.666732 0.234742
v 0.127436 0.634153 0.107535
v 0.182452 0.633987 -0.259812
v 0.133000 0.606313 -0.092886
v 0.128093 0.455876 0.166317
v 0.128070 0.455914 0.166339
v 0.202660 0.441111 0.089288
v 0.128610 0.545432 -0.120303
v 0.128614 0.545445 -0.120304
v 0.124378 0.414183 0.219734
v 0.127724 0.488452 0.045597
v 0.134205 0.130190 -0.106020
v 0.133935 0.130623 -0.106266
v 0.129823 0.588084 -0.194347
v 0.130207 0.586568 -0.193616
v 0.130631 0.454571 -0.077316
v 0.130617 0.454555 -0.077325
v 0.128510 0.394682 0.122008
v 0.129339 0.569831 -0.134559
v 0.138124 0.829274 -0.337068
v 0.131021 0.524289 0.011949
v 0.130774 0.545556 -0.127098
v 0.130572 0.545580 -0.126988
v 0.194916 0.538717 -0.227443
v 0.130220 0.522861 0.170125
v 0.134590 0.538557 0.106984
v 0.136221 0.234499 -0.006071
v 0.137230 0.233786 -0.005863
v 0.130378 0.353321 -0.206913
v 0.178575 0.609921 -0.127336
v 0.132437 0.568164 -0.208685
v 0.200695 0.500308 -0.027253
v 0.159223 0.427335 -0.033536
v 0.131787 0.567928 -0.061228
v 0.132862 0.447791 -0.010295
v 0.131477 0.610189 0.063744
v 0.132442 0.490868 -0.077100
v 0.132102 0.491972 -0.076966
v 0.131816 0.537239 0.090457
v 0.132178 0.561670 -0.120872
v 0.132469 0.560850 -0.120847
v 0.165062 0.591119 -0.231641
v 0.131823 0.246692 0.040347
v 0.182319 0.611303 -0.018431
v 0.133713 0.496467 0.009624
v 0.150987 0.467480 -0.289684
v 0.132273 0.577353 -0.011277
v 0.133898 0.496429 0.009862
v 0.132416 0.583039 -0.033491
v 0.134651 0.500129 -0.075444
v 0.134653 0.500134 -0.075443
v 0.133380 0.542997 0.033546
v 0.166741 0.808711 -0.106599
v 0.134146 0.448621 -0.318387
v 0.135306 0.446297 0.000237
v 0.136682 0.444880 0.000177
v 0.136009 0.481305 0.006625
v 0.136012 0.481492 0.006645
v 0.135318 0.482405 0.006814
v 0.134441 0.570350 0.138282
v 0.181128 0.648041 -0.044180
v 0.199227 0.634356 -0.071920
v 0.137001 0.468695 -0.069932
v 0.137117 0.466902 -0.070608
v 0.135652 0.374616 0.118127
v 0.136343 0.374100 0.117959
v 0.136096 0.510259 -0.073455
v 0.136440 0.509511 -0.073590
v 0.135502 0.351965 0.239443
v 0.137487 0.440344 0.158041
v 0.137135 0.598533 -0.138286
v 0.137127 0.598508 -0.138281
v 0.136764 0.433302 -0.006811
v 0.138404 0.432162 -0.006403
v 0.138112 0.495211 0.010392
v 0.138587 0.494971 0.010812
v 0.137448 0.527644 -0.070030
v 0.117880 0.603088 0.092093
v 0.193514 0.712376 -0.123296
v 0.154909 0.430075 0.123625
v 0.138607 0.502033 -0.092419
v 0.138602 0.502028 -0.092420
v 0.192355 0.437672 -0.069414
v 0.138202 0.518524 0.171210
v 0.139194 0.453798 0.083146
v 0.139300 0.454817 0.082908
v 0.138637 0.590065 -0.124079
v 0.138926 0.453529 0.083175
v 0.139000 0.373443 -0.373517
v 0.138326 0.275262 -0.264824
v 0.141561 0.358244 -0.407160
v 0.140175 0.363283 0.115255
v 0.140172 0.363295 0.115258
v 0.190661 0.659822 0.099864
v 0.142207 0.426960 0.000068
v 0.142214 0.426930 0.000067
v 0.242652 0.541286 0.199632
v 0.194347 0.600945 -0.363164
v 0.202349 0.312802 0.036346
v 0.141320 0.609976 -0.140613
v 0.141309 0.609950 -0.140608
v 0.142935 0.421468 -0.003495
v 0.142940 0.421462 -0.003492
v 0.141363 0.498488 0.164138
v 0.141930 0.497877 0.163885
v 0.188306 0.406539 0.034061
v 0.169855 0.504797 0.237956
v 0.143186 0.591697 -0.229414
v 0.142994 0.592681 -0.230053
v 0.143380 0.487036 0.159832
v 0.143382 0.487019 0.159826
v 0.143352 0.352241 0.112710
v 0.142535 0.353034 0.112876
v 0.228081 0.638031 -0.049189
v 0.148053 0.153241 -0.125474
v 0.148130 0.153392 -0.125583
v 0.149236 0.549197 0.023865
v 0.142733 0.559956 -0.167118
v 0.148694 0.238828 0.107598
v 0.148673 0.238778 0.107607
v 0.148720 0.239116 0.107599
v 0.147151 0.429516 0.147101
v 0.159257 0.616794 -0.172968
v 0.145185 0.476263 0.155608
v 0.145089 0.476181 0.155913
v 0.222188 0.559438 -0.036133
v 0.143686 0.492983 -0.027540
v 0.199759 0.409559 0.083650
v 0.157212 0.273506 -0.006879
v 0.216901 0.560415 -0.027900
v 0.187552 0.667626 0.223238
v 0.201572 0.598353 -0.354560
v 0.145611 0.512113 -0.090065
v 0.145618 0.512123 -0.090063
v 0.140446 0.682276 0.022936
v 0.146132 0.466510 0.081012
v 0.145714 0.466796 0.081409
v 0.144929 0.568220 0.179901
v 0.145940 0.622060 -0.143122
v 0.146090 0.621189 -0.142984
v 0.145899 0.503964 -0.005969
v 0.146399 0.505063 -0.006129
v 0.148344 0.407774 -0.000475
v 0.146827 0.409298 -0.000560
v 0.148323 0.407690 -0.000433
v 0.206432 0.536718 -0.155494
v 0.147273 0.429696 0.146858
v 0.159470 0.547447 0.105406
v 0.146864 0.641738 0.138344
v 0.146272 0.468857 -0.287184
v 0.148049 0.633939 -0.203711
v 0.148016 0.633848 -0.203711
v 0.147766 0.635071 -0.203931
v 0.146434 0.361266 -0.196825
v 0.143618 0.491671 0.071681
v 0.145361 0.454037 -0.162353
v 0.152530 0.254724 0.109805
v 0.152525 0.254717 0.109820
v 0.149141 0.331117 0.108972
v 0.150364 0.432874 0.145227
v 0.148194 0.458171 0.079740
v 0.148170 0.457671 0.079691
v 0.149049 0.563585 -0.116094
v 0.148023 0.353832 -0.296145
v 0.149176 0.602690 -0.241160
v 0.149166 0.602676 -0.241143
v 0.196054 0.545628 -0.141150
v 0.149664 0.549227 0.023367
v 0.153936 0.251745 0.106643
v 0.153721 0.251420 0.106743
v 0.150415 0.432869 0.145221
v 0.151543 0.421786 0.142502
v 0.150619 0.422674 0.142846
v 0.153907 0.253358 -0.160006
v 0.153921 0.253359 -0.160002
v 0.151482 0.422008 0.142534
v 0.153913 0.253547 -0.160014
v 0.156532 0.169638 -0.136101
v 0.157027 0.169759 -0.135585
v 0.153853 0.273441 0.110192
v 0.155203 0.270346 0.110139
v 0.150858 0.515239 0.158904
v 0.150539 0.507840 -0.316794
v 0.150559 0.314828 0.016913
v 0.152156 0.561690 0.026664
v 0.152155 0.561686 0.026663
v 0.154192 0.336688 0.130009
v 0.152039 0.523547 -0.088000
v 0.152057 0.522660 -0.088118
v 0.148498 0.448258 -0.292410
v 0.151380 0.432124 0.070696
v 0.153327 0.653514 -0.203291
v 0.153339 0.653572 -0.203282
v 0.161809 0.352384 0.000619
v 0.152082 0.444583 0.010865
v 0.153212 0.320766 0.107064
v 0.232698 0.735194 -0.028279
v 0.155093 0.319885 0.106825
v 0.156494 0.314494 0.118001
v 0.154200 0.575116 0.029527
v 0.154542 0.574327 0.029376
v 0.154925 0.488934 -0.057595
v 0.154890 0.489938 -0.057197
v 0.154766 0.488725 -0.057617
v 0.155272 0.670565 -0.198223
v 0.196326 0.406841 -0.025900
v 0.157092 0.300058 0.113734
v 0.157083 0.299879 0.113700
v 0.155904 0.302102 0.113966
v 0.153792 0.415425 0.091020
v 0.155884 0.651206 -0.212088
v 0.155945 0.651116 -0.212297
v 0.155783 0.314193 0.118726
v 0.155626 0.613857 -0.253572
v 0.155751 0.613152 -0.253062
v 0.157968 0.366310 0.132102
v 0.157949 0.366217 0.132107
v 0.157946 0.366501 0.132090
v 0.159702 0.263834 0.102296
v 0.159889 0.260571 0.103268
v 0.155692 0.642722 -0.145283
v 0.155042 0.425136 0.031647
v 0.165996 0.493852 0.000646
v 0.158601 0.313187 0.117417
v 0.158601 0.313177 0.117414
v 0.158253 0.382204 0.133118
v 0.158252 0.382177 0.133119
v 0.156223 0.492447 0.152646
v 0.156844 0.491857 0.152474
v 0.158249 0.530796 -0.241552
v 0.157466 0.397164 0.133402
v 0.158329 0.395914 0.133431
v 0.156279 0.303117 -0.358876
v 0.159908 0.323053 0.122498
v 0.162675 0.319658 -0.005995
v 0.162680 0.319664 -0.005999
v 0.162581 0.319754 -0.005995
v 0.147245 0.522044 -0.126953
v 0.159928 0.355198 0.000232
v 0.157140 0.510537 -0.072950
v 0.158915 0.693875 -0.194496
v 0.283119 0.646636 -0.163409
v 0.160304 0.312268 0.105591
v 0.160221 0.312461 0.105619
v 0.158145 0.598508 0.034260
v 0.160659 0.376318 0.131122
v 0.160642 0.376259 0.131155
v 0.160436 0.415891 0.117298
v 0.159933 0.576023 -0.213322
v 0.164013 0.382471 0.017346
v 0.159560 0.479352 0.149391
v 0.159562 0.479342 0.149388
v 0.159758 0.499997 -0.052953
v 0.159833 0.499973 -0.052897
v 0.164395 0.339456 -0.005260
v 0.164375 0.339357 -0.005259
v 0.158689 0.338062 -0.279394
v 0.158410 0.386472 -0.042748
v 0.159421 0.337951 -0.278856
v 0.239404 0.510319 0.192112
v 0.142471 0.256302 -0.242024
v 0.158661 0.360987 -0.182178
v 0.165038 0.338927 -0.003556
v 0.165059 0.339283 -0.003509
v 0.160217 0.490091 -0.155511
v 0.220236 0.585144 -0.106884
v 0.246100 0.360631 0.119328
v 0.163453 0.541841 -0.200809
v 0.169880 0.554569 -0.172105
v 0.160237 0.512359 -0.009454
v 0.160247 0.512366 -0.009456
v 0.164306 0.274687 0.101829
v 0.163459 0.301178 0.104093
v 0.162259 0.302844 0.104238
v 0.163424 0.300840 0.104074
v 0.162664 0.385528 0.126740
v 0.163725 0.383299 0.126913
v 0.163850 0.317598 0.103001
v 0.163846 0.317578 0.102999
v 0.160792 0.586954 -0.172598
v 0.162317 0.467148 0.145219
v 0.162315 0.467167 0.145226
v 0.164601 0.360890 -0.005057
v 0.166053 0.357234 -0.005069
v 0.163022 0.332831 0.102927
v 0.163818 0.330848 0.102985
v 0.169738 0.479707 -0.065222
v 0.162006 0.507701 0.158867
v 0.219703 0.686517 -0.061619
v 0.166473 0.265230 -0.165560
v 0.166517 0.265276 -0.165598
v 0.165793 0.263609 -0.170658
v 0.165476 0.263440 -0.170385
v 0.163376 0.496438 -0.052848
v 0.163302 0.496353 -0.052823
v 0.167701 0.359475 0.120282
v 0.162567 0.473938 -0.055068
v 0.163344 0.573314 -0.138176
v 0.156393 0.472871 -0.170197
v 0.226271 0.388174 0.205050
v 0.192222 0.408930 -0.255847
v 0.164446 0.586581 -0.107886
v 0.164429 0.586561 -0.107894
v 0.164479 0.542212 -0.082913
v 0.156473 0.631284 -0.200835
v 0.164108 0.620965 -0.166397
v 0.219528 0.408636 -0.333721
v 0.167520 0.359036 0.117548
v 0.167486 0.359144 0.117538
v 0.175221 0.415304 -0.390602
v 0.165734 0.330830 -0.269027
v 0.165756 0.330810 -0.268997
v 0.166443 0.443915 0.137235
v 0.164895 0.341315 0.076971
v 0.165918 0.441092 -0.289612
v 0.165204 0.547558 0.147630
v 0.168970 0.507161 0.065036
v 0.167144 0.614218 -0.221738
v 0.252435 0.585208 -0.261570
v 0.180982 0.435604 0.110657
v 0.167031 0.631950 -0.276992
v 0.169539 0.374186 0.113780
v 0.169524 0.374116 0.113800
v 0.166659 0.430707 -0.144189
v 0.174399 0.544307 -0.034180
v 0.169822 0.369442 0.113775
v 0.169832 0.369457 0.113786
v 0.145291 0.477074 -0.065306
v 0.168933 0.687222 -0.228296
v 0.168111 0.463267 0.070418
v 0.226109 0.583861 -0.211059
v 0.169661 0.731621 -0.195295
v 0.169657 0.731605 -0.195294
v 0.170147 0.377832 0.106849
v 0.170292 0.376050 0.107318
v 0.168915 0.616766 0.014082
v 0.170053 0.432551 0.128713
v 0.168717 0.528466 0.153906
v 0.199001 0.893167 -0.297079
v 0.171339 0.417216 0.223397
v 0.149419 0.328057 0.234605
v 0.152340 0.508356 0.007947
v 0.169870 0.595594 0.009263
v 0.170428 0.594911 0.009053
v 0.170769 0.413916 0.117084
v 0.170390 0.415016 0.116816
v 0.171261 0.387967 0.109987
v 0.171836 0.386522 0.110390
v 0.169484 0.258777 -0.157450
v 0.169981 0.295014 -0.316104
v 0.234016 0.656452 0.087541
v 0.171670 0.583691 0.005708
v 0.171671 0.583674 0.005703
v 0.168235 0.611139 -0.065925
v 0.172128 0.425409 0.121063
v 0.172120 0.425451 0.121094
v 0.171217 0.592555 -0.222401
v 0.170627 0.368456 -0.223844
v 0.172465 0.447425 0.111154
v 0.232439 0.502075 -0.284949
v 0.189796 0.643869 -0.309758
v 0.170846 0.541290 -0.263044
v 0.172416 0.468964 0.110870
v 0.172415 0.468934 0.110869
v 0.145160 0.504524 -0.014129
v 0.220480 0.453834 -0.079786
v 0.234025 0.742561 -0.274945
v 0.173240 0.414080 0.115357
v 0.173239 0.414017 0.115325
v 0.172638 0.415058 0.115507
v 0.173724 0.425284 0.114309
v 0.208802 0.513311 -0.088464
v 0.170497 0.348758 -0.000408
v 0.172774 0.596986 -0.103412
v 0.172763 0.596972 -0.103418
v 0.173110 0.422841 0.114892
v 0.173109 0.422840 0.114893
v 0.199500 0.566615 -0.031036
v 0.172625 0.572105 0.003405
v 0.173241 0.572350 0.002846
v 0.172312 0.512677 0.111275
v 0.176210 0.279660 -0.168373
v 0.176074 0.276737 -0.167893
v 0.173633 0.425255 0.114337
v 0.173394 0.480090 0.111423
v 0.173396 0.480107 0.111424
v 0.172275 0.324404 -0.260116
v 0.172018 0.236010 -0.308506
v 0.173150 0.324315 -0.259425
v 0.173104 0.492055 0.112320
v 0.173569 0.491339 0.112265
v 0.172404 0.620420 -0.365356
v 0.173776 0.515964 0.075607
v 0.173781 0.515973 0.075606
v 0.173939 0.544282 -0.033791
v 0.176864 0.271098 -0.181230
v 0.175681 0.268290 -0.179303
v 0.242468 0.749663 -0.244488
v 0.173073 0.409599 -0.262949
v 0.174396 0.522294 -0.013463
v 0.174070 0.521500 -0.013297
v 0.204258 0.602937 -0.208629
v 0.275360 0.517266 -0.129457
v 0.174881 0.432556 0.112106
v 0.175177 0.431721 0.112311
v 0.175623 0.749196 -0.195962
v 0.175623 0.749194 -0.195962
v 0.195824 0.533286 0.019753
v 0.177853 0.391492 -0.006078
v 0.177196 0.393645 -0.006126
v 0.222245 0.617238 -0.190045
v 0.177742 0.391144 -0.006057
v 0.170356 0.398077 -0.335565
v 0.174610 0.170333 0.071000
v 0.174765 0.563685 0.106888
v 0.165822 0.412001 -0.342232
v 0.202240 0.559496 0.137533
v 0.176808 0.554791 -0.029127
v 0.176812 0.554800 -0.029123
v 0.185008 0.544546 -0.176526
v 0.257261 0.428676 0.126440
v 0.203076 0.504034 0.020609
v 0.206567 0.560195 -0.025383
v 0.162720 0.526387 -0.164222
v 0.175057 0.566718 -0.218450
v 0.225462 0.828990 -0.196566
v 0.180246 0.406737 -0.006906
v 0.179715 0.406886 -0.006467
v 0.178333 0.724134 -0.240468
v 0.178330 0.724124 -0.240465
v 0.178590 0.356582 0.099607
v 0.178442 0.357628 0.099485
v 0.178415 0.356278 0.099621
v 0.177627 0.305354 0.115019
v 0.227151 0.465943 -0.110271
v 0.177676 0.498420 0.095280
v 0.178670 0.566077 -0.023825
v 0.179012 0.565383 -0.024124
v 0.178167 0.494024 -0.245835
v 0.178455 0.346806 0.004251
v 0.182850 0.533120 -0.006849
v 0.172922 0.354966 -0.302854
v 0.173710 0.663819 0.007597
v 0.225013 0.464396 0.165851
v 0.179836 0.448527 0.107199
v 0.186353 0.553053 -0.217330
v 0.260587 0.719771 -0.012310
v 0.180354 0.586500 -0.016308
v 0.181198 0.529651 0.074718
v 0.181187 0.529633 0.074718
v 0.181637 0.368247 0.099724
v 0.181514 0.368290 0.099813
v 0.258325 0.457534 0.109965
v 0.185808 0.236788 -0.172569
v 0.185941 0.236244 -0.172855
v 0.185653 0.236188 -0.172498
v 0.181191 0.767721 -0.196291
v 0.181422 0.766875 -0.196278
v 0.181753 0.404405 0.090738
v 0.181606 0.405474 0.090301
v 0.180377 0.510357 -0.081745
v 0.153861 0.417496 0.103573
v 0.181505 0.607898 -0.098437
v 0.181424 0.607064 -0.098681
v 0.190198 0.362272 -0.167876
v 0.182259 0.362622 0.193393
v 0.184113 0.404675 -0.007932
v 0.184042 0.404550 -0.007905
v 0.238805 0.493598 -0.044747
v 0.181880 0.506764 -0.040850
v 0.223697 0.268027 -0.242619
v 0.232999 0.635680 0.044412
v 0.179638 0.476184 0.196399
v 0.181277 0.687450 -0.061743
v 0.181656 0.488917 -0.063184
v 0.183371 0.533156 -0.006373
v 0.183743 0.592512 -0.012011
v 0.183743 0.592502 -0.012011
v 0.183764 0.580220 -0.011508
v 0.183764 0.580213 -0.011507
v 0.183298 0.605548 -0.012699
v 0.183777 0.604811 -0.012660
v 0.257091 0.480711 -0.036945
v 0.185295 0.534527 -0.006835
v 0.183303 0.628164 -0.014473
v 0.184310 0.744547 -0.247290
v 0.184312 0.744556 -0.247293
v 0.186028 0.464860 -0.007901
v 0.186016 0.464794 -0.007901
v 0.185969 0.464877 -0.007900
v 0.240340 0.486788 -0.161344
v 0.184707 0.312161 -0.242481
v 0.183340 0.493893 0.000708
v 0.218621 0.347103 0.205839
v 0.185616 0.534520 -0.007218
v 0.184781 0.475299 0.063562
v 0.184787 0.475301 0.063561
v 0.185720 0.412810 0.085457
v 0.185717 0.412804 0.085461
v 0.184508 0.411523 -0.012926
v 0.186367 0.522770 -0.007206
v 0.185577 0.523763 -0.007182
v 0.186341 0.522908 -0.007199
v 0.184502 0.593340 -0.251281
v 0.188250 0.307585 -0.168760
v 0.188117 0.307163 -0.168795
v 0.187735 0.309793 -0.168876
v 0.186399 0.499748 -0.261456
v 0.188278 0.479943 -0.007477
v 0.188282 0.479971 -0.007475
v 0.188789 0.355797 -0.157328
v 0.188417 0.475748 -0.007927
v 0.188381 0.475639 -0.007924
v 0.186479 0.363909 0.096953
v 0.186544 0.363446 0.096720
v 0.189391 0.278620 -0.188873
v 0.186612 0.549023 -0.092033
v 0.181023 0.460458 0.049518
v 0.263851 0.454746 0.112898
v 0.187057 0.528173 -0.101590
v 0.187632 0.527553 -0.101968
v 0.189668 0.412313 -0.010102
v 0.188529 0.496127 -0.007896
v 0.189371 0.494757 -0.007854
v 0.182843 0.545552 0.116740
v 0.177256 0.586768 -0.182722
v 0.266667 0.342458 -0.337671
v 0.193250 0.413566 0.098546
v 0.191108 0.324075 -0.165681
v 0.190866 0.388526 -0.159965
v 0.190865 0.388501 -0.159958
v 0.189226 0.516945 -0.108220
v 0.189225 0.516938 -0.108224
v 0.190822 0.388547 -0.159967
v 0.282939 0.553078 0.051926
v 0.189095 0.543918 0.074584
v 0.189154 0.543077 0.074589
v 0.189087 0.765674 -0.255347
v 0.189393 0.764906 -0.255094
v 0.189486 0.422050 0.079854
v 0.189647 0.421257 0.080217
v 0.194314 0.259092 -0.180861
v 0.194345 0.259172 -0.180895
v 0.190810 0.486270 -0.008315
v 0.191300 0.484385 -0.008256
v 0.188739 0.343027 -0.101443
v 0.188867 0.445940 -0.027390
v 0.192094 0.406833 -0.160180
v 0.192090 0.406792 -0.160180
v 0.219820 0.554971 -0.115419
v 0.192411 0.402745 -0.163555
v 0.192400 0.402686 -0.163533
v 0.191250 0.506188 -0.114342
v 0.190792 0.506428 -0.114732
v 0.273708 0.537513 -0.050474
v 0.191255 0.324048 -0.164888
v 0.190464 0.461364 0.069267
v 0.190524 0.543131 -0.059483
v 0.299583 0.586607 -0.130590
v 0.227642 0.575972 -0.129266
v 0.190896 0.499672 -0.054077
v 0.195790 0.250096 -0.180730
v 0.195553 0.249871 -0.180586
v 0.191745 0.800393 -0.197602
v 0.190188 0.727184 0.052210
v 0.192783 0.425117 -0.160133
v 0.193554 0.423607 -0.160135
v 0.213582 0.509130 0.134224
v 0.194385 0.466736 -0.143701
v 0.193355 0.415451 -0.168258
v 0.194323 0.413586 -0.168159
v 0.230927 0.414311 -0.145237
v 0.192497 0.480882 0.060496
v 0.192509 0.480892 0.060492
v 0.193069 0.413618 0.099011
v 0.194882 0.318708 -0.170525
v 0.194500 0.318906 -0.170882
v 0.192237 0.549888 -0.046110
v 0.265783 0.692213 -0.283665
v 0.192582 0.306128 -0.234887
v 0.192531 0.521026 0.110576
v 0.194851 0.496672 -0.009205
v 0.194863 0.496705 -0.009206
v 0.194650 0.466838 -0.143883
v 0.194655 0.455616 -0.149825
v 0.194662 0.455581 -0.149831
v 0.194018 0.456612 -0.149513
v 0.194357 0.306487 -0.233878
v 0.301207 0.758143 -0.244013
v 0.290527 0.707552 -0.299255
v 0.218893 0.331312 -0.289877
v 0.195495 0.468983 -0.146446
v 0.195473 0.468971 -0.146407
v 0.239215 0.593791 -0.126646
v 0.206112 0.375183 0.092526
v 0.195999 0.425694 0.099472
v 0.195990 0.425663 0.099469
v 0.196511 0.482716 -0.142664
v 0.194574 0.487757 0.041795
v 0.192954 0.640722 0.002819
v 0.194981 0.429316 -0.072429
v 0.273861 0.434556 -0.119254
v 0.198956 0.284485 -0.187278
v 0.200078 0.281302 -0.186574
v 0.199646 0.447159 -0.219239
v 0.273599 0.511730 -0.088643
v 0.232110 0.297430 0.096578
v 0.198656 0.522412 -0.138399
v 0.197724 0.522487 -0.139335
v 0.196954 0.437395 0.070077
v 0.219771 0.649228 -0.303524
v 0.197283 0.804430 -0.267116
v 0.197434 0.627124 -0.091143
v 0.197834 0.523085 -0.029999
v 0.197818 0.523072 -0.030009
v 0.185241 0.342104 0.185616
v 0.198378 0.537671 -0.139911
v 0.198375 0.537639 -0.139911
v 0.205987 0.337848 -0.174277
v 0.243514 0.360110 -0.186103
v 0.199576 0.517938 -0.011528
v 0.199251 0.519110 -0.011640
v 0.199183 0.539179 -0.022572
v 0.198503 0.357248 0.130577
v 0.199458 0.438331 0.100713
v 0.199696 0.437486 0.100646
v 0.213052 0.447039 -0.003946
v 0.180185 0.461307 0.084642
v 0.200177 0.458131 -0.176508
v 0.199727 0.459138 -0.176661
v 0.199664 0.553553 -0.140045
v 0.200063 0.552781 -0.140040
v 0.199927 0.487758 0.056829
v 0.199746 0.486980 0.057069
v 0.200889 0.472729 -0.181150
v 0.200889 0.472729 -0.181151
v 0.204301 0.261155 -0.186966
v 0.205247 0.258009 -0.185397
v 0.199736 0.500244 0.001673
v 0.202030 0.302588 -0.227716
v 0.201889 0.302839 -0.227958
v 0.199910 0.421210 -0.293925
v 0.200879 0.488369 -0.184850
v 0.201339 0.487652 -0.184682
v 0.200970 0.516226 -0.189630
v 0.250642 0.420308 0.025425
v 0.200809 0.647823 0.003675
v 0.201609 0.569768 0.072712
v 0.201039 0.528902 0.103022
v 0.201148 0.352970 -0.034399
v 0.202068 0.581488 -0.141782
v 0.203351 0.528518 -0.013066
v 0.203353 0.528527 -0.013067
v 0.248518 0.543282 -0.250572
v 0.205155 0.402437 -0.387404
v 0.195003 0.564956 -0.144086
v 0.201512 0.449888 -0.086547
v 0.203268 0.544618 0.018708
v 0.254169 0.478756 0.065548
v 0.203609 0.440884 -0.292295
v 0.186907 0.460903 -0.133621
v 0.205218 0.317384 -0.242813
v 0.206039 0.315800 -0.241738
v 0.203787 0.428695 -0.006913
v 0.206916 0.306776 -0.232643
v 0.206928 0.306764 -0.232638
v 0.206918 0.293883 -0.219862
v 0.206771 0.294382 -0.219969
v 0.205635 0.295308 -0.221238
v 0.212895 0.417346 0.021504
v 0.293472 0.622109 0.013805
v 0.204429 0.514814 -0.204661
v 0.203409 0.554778 0.129169
v 0.299974 0.602808 0.035591
v 0.206324 0.540056 -0.015289
v 0.206582 0.539250 -0.015156
v 0.205438 0.487236 -0.023372
v 0.199686 0.391602 -0.122470
v 0.206340 0.460212 0.101041
v 0.209181 0.327025 -0.192840
v 0.209156 0.326866 -0.192852
v 0.208263 0.329196 -0.193145
v 0.282295 0.637638 -0.222693
v 0.206141 0.399145 -0.002162
v 0.207343 0.531430 -0.024217
v 0.207357 0.531441 -0.024209
v 0.222122 0.497408 0.015702
v 0.150250 0.370972 0.258180
v 0.201783 0.433478 -0.244109
v 0.206204 0.428959 -0.382014
v 0.209803 0.307104 -0.197929
v 0.209754 0.306981 -0.197925
v 0.209981 0.309302 -0.198430
v 0.207518 0.268483 0.018950
v 0.244145 0.515795 -0.116616
v 0.211082 0.345175 -0.192021
v 0.210558 0.345188 -0.191482
v 0.207590 0.361653 0.076464
v 0.230647 0.497951 -0.133914
v 0.210249 0.582211 -0.242650
v 0.269420 0.525896 -0.088808
v 0.257220 0.483541 -0.059382
v 0.192046 0.435954 -0.194545
v 0.213558 0.374793 -0.186538
v 0.211365 0.447751 -0.002404
v 0.211285 0.447614 -0.002444
v 0.204381 0.567410 0.203490
v 0.270652 0.404215 -0.361212
v 0.210096 0.513669 0.085572
v 0.232307 0.504345 0.178783
v 0.253658 0.460881 -0.034031
v 0.213642 0.345874 -0.199034
v 0.213633 0.345836 -0.199019
v 0.296138 0.847626 -0.306986
v 0.202353 0.405642 0.199136
v 0.210741 0.483900 -0.310722
v 0.211234 0.560198 -0.017911
v 0.211683 0.500288 0.050325
v 0.260930 0.760054 -0.172682
v 0.211945 0.447468 -0.018174
v 0.200064 0.481740 0.239610
v 0.213128 0.513222 -0.311882
v 0.210242 0.350639 -0.286969
v 0.231412 0.442267 -0.068030
v 0.319576 0.841458 -0.289318
v 0.282197 0.502902 -0.016491
v 0.217597 0.359590 -0.205489
v 0.213954 0.598316 -0.090942
v 0.216970 0.455442 0.002939
v 0.216901 0.455369 0.002848
v 0.214766 0.374619 0.257456
v 0.217701 0.319912 -0.201542
v 0.217723 0.319946 -0.201553
v 0.274857 0.554063 -0.251025
v 0.217631 0.316996 -0.198380
v 0.217639 0.317007 -0.198386
v 0.215186 0.324441 -0.111933
v 0.216461 0.541559 -0.018674
v 0.216350 0.540753 -0.018946
v 0.289521 0.548725 0.071801
v 0.243012 0.646678 0.107200
v 0.263886 0.535949 -0.088282
v 0.240152 0.605099 0.048894
v 0.238836 0.618752 0.051799
v 0.216954 0.395481 -0.290323
v 0.298839 0.469095 -0.253004
v 0.284405 0.472500 -0.031927
v 0.219969 0.465265 0.002805
v 0.219960 0.465246 0.002798
v 0.217399 0.413500 -0.268779
v 0.207794 0.389912 0.231755
v 0.215334 0.491401 -0.272780
v 0.276172 0.477601 -0.275159
v 0.217853 0.708297 -0.230581
v 0.217968 0.447413 0.079195
v 0.218230 0.410255 -0.048664
v 0.221130 0.361547 -0.171533
v 0.221109 0.361519 -0.171540
v 0.221124 0.361623 -0.171531
v 0.210132 0.710612 -0.219904
v 0.228573 0.633520 -0.166511
v 0.218935 0.710740 -0.340254
v 0.220668 0.339450 -0.254790
v 0.220526 0.340435 -0.255166
v 0.220530 0.339254 -0.254760
v 0.219262 0.603989 -0.001393
v 0.276438 0.282483 -0.133616
v 0.222154 0.461456 0.010681
v 0.221945 0.459360 0.009964
v 0.221335 0.391979 0.090357
v 0.221330 0.391972 0.090357
v 0.223610 0.413635 -0.184107
v 0.223614 0.413648 -0.184107
v 0.223545 0.413645 -0.184108
v 0.224339 0.379529 -0.208519
v 0.209801 0.331838 0.194434
v 0.245908 0.421628 -0.166592
v 0.223347 0.333600 -0.204597
v 0.223522 0.331988 -0.204321
v 0.221316 0.334444 -0.076076
v 0.223788 0.327628 -0.196414
v 0.223761 0.325588 -0.196032
v 0.223376 0.349296 -0.261267
v 0.223299 0.349442 -0.261179
v 0.220382 0.575194 0.078625
v 0.222933 0.468764 -0.203908
v 0.222292 0.209215 -0.413167
v 0.231709 0.553430 0.051475
v 0.224178 0.496163 -0.318759
v 0.226828 0.369286 -0.168832
v 0.226791 0.369244 -0.168862
v 0.227613 0.428896 -0.183016
v 0.227577 0.428797 -0.183026
v 0.258143 0.253512 -0.264667
v 0.226727 0.481446 0.007805
v 0.226900 0.479870 0.007397
v 0.225189 0.487966 0.005512
v 0.287910 0.493918 -0.094707
v 0.228619 0.431604 -0.181252
v 0.228600 0.431549 -0.181256
v 0.221563 0.264680 -0.328293
v 0.273523 0.434703 -0.169567
v 0.224047 0.441815 -0.407829
v 0.227556 0.347860 -0.255732
v 0.227510 0.347816 -0.255737
v 0.230677 0.388768 -0.285864
v 0.286124 0.504529 0.064565
v 0.228639 0.362984 -0.122562
v 0.275075 0.418653 -0.066225
v 0.225614 0.458228 0.089528
v 0.229936 0.376115 -0.171336
v 0.229968 0.376171 -0.171336
v 0.269732 0.560276 0.042369
v 0.228590 0.606966 0.009812
v 0.228810 0.452514 0.082173
v 0.296627 0.499159 -0.301264
v 0.228583 0.582735 -0.117936
v 0.300031 0.546309 -0.088225
v 0.230287 0.401213 0.089321
v 0.230283 0.401210 0.089321
v 0.230715 0.388819 -0.285769
v 0.231678 0.376952 -0.164422
v 0.231635 0.374662 -0.164417
v 0.238145 0.338966 -0.171072
v 0.229559 0.428139 -0.173706
v 0.231736 0.442689 -0.181544
v 0.232101 0.440662 -0.181711
v 0.231347 0.354016 -0.219967
v 0.231003 0.355056 -0.220543
v 0.231326 0.354018 -0.219970
v 0.286320 0.482263 -0.278352
v 0.255473 0.411375 0.168526
v 0.228609 0.556762 -0.202767
v 0.277120 0.385695 -0.185755
v 0.230252 0.412028 -0.142413
v 0.233749 0.417001 -0.205287
v 0.233767 0.417075 -0.205275
v 0.233704 0.416927 -0.205306
v 0.231614 0.559047 -0.007551
v 0.232709 0.399792 -0.292298
v 0.232711 0.399807 -0.292307
v 0.244163 0.527551 -0.276741
v 0.304500 0.574068 -0.062529
v 0.231657 0.490554 -0.083553
v 0.233698 0.360567 -0.228178
v 0.233760 0.360369 -0.228311
v 0.233997 0.450703 -0.179906
v 0.234480 0.449164 -0.179995
v 0.256401 0.478132 -0.236195
v 0.233425 0.411492 -0.299383
v 0.233842 0.410832 -0.299006
v 0.232771 0.311078 0.210349
v 0.232792 0.272423 0.113053
v 0.236016 0.432289 -0.200315
v 0.236017 0.432328 -0.200304
v 0.234198 0.353442 -0.252844
v 0.234225 0.353467 -0.252833
v 0.236035 0.370846 -0.246951
v 0.233058 0.639506 -0.019745
v 0.234819 0.363795 -0.224671
v 0.234977 0.363617 -0.224908
v 0.297057 0.760269 -0.207228
v 0.233540 0.530820 0.144338
v 0.235677 0.446120 -0.192923
v 0.236662 0.444533 -0.193718
v 0.234106 0.413508 -0.012483
v 0.234739 0.432177 -0.311068
v 0.236248 0.392443 -0.170412
v 0.236517 0.390752 -0.170490
v 0.247864 0.488639 -0.275007
v 0.314391 0.392684 -0.222435
v 0.235293 0.394729 0.143485
v 0.277646 0.504342 -0.060745
v 0.252367 0.528886 -0.061526
v 0.236162 0.408717 -0.293341
v 0.289520 0.509243 -0.023179
v 0.238589 0.461467 -0.185560
v 0.237853 0.390127 -0.271222
v 0.237855 0.390124 -0.271219
v 0.237924 0.383942 -0.263368
v 0.237927 0.383968 -0.263402
v 0.237159 0.396876 -0.279485
v 0.237653 0.396439 -0.278922
v 0.240026 0.437610 -0.202535
v 0.240039 0.437652 -0.202529
v 0.239412 0.513328 0.000758
v 0.239390 0.513303 0.000767
v 0.239132 0.514490 0.000581
v 0.240146 0.457127 -0.180666
v 0.239127 0.479810 0.032716
v 0.239179 0.480793 0.033343
v 0.239737 0.483640 -0.176258
v 0.239728 0.483593 -0.176259
v 0.239218 0.484754 -0.176147
v 0.238036 0.218669 -0.375739
v 0.238197 0.367894 0.256448
v 0.241081 0.382047 -0.231566
v 0.239340 0.411414 0.088483
v 0.239186 0.410555 0.088529
v 0.321514 0.540066 -0.281463
v 0.273893 0.563177 -0.085591
v 0.254349 0.422674 -0.018753
v 0.241480 0.497174 -0.175211
v 0.241326 0.497169 -0.174769
v 0.242653 0.522141 -0.171988
v 0.287776 0.442317 -0.106654
v 0.312258 0.409414 0.005898
v 0.240890 0.367854 -0.060878
v 0.333332 0.402853 0.043649
v 0.242677 0.497981 -0.174947
v 0.242682 0.498009 -0.174945
v 0.241279 0.354594 0.192942
v 0.240343 0.232466 -0.299186
v 0.243097 0.525136 -0.003825
v 0.242870 0.525261 -0.003802
v 0.242931 0.362481 -0.249324
v 0.243441 0.458524 -0.200715
v 0.244053 0.456973 -0.200847
v 0.244816 0.513462 -0.174493
v 0.244135 0.491252 -0.178657
v 0.243740 0.492296 -0.178438
v 0.244482 0.526922 0.001867
v 0.244226 0.527031 0.001389
v 0.320445 0.418866 -0.108150
v 0.243639 0.243620 0.093557
v 0.315539 0.667654 -0.209741
v 0.244422 0.583596 -0.237791
v 0.244945 0.582866 -0.237671
v 0.328207 0.536147 -0.206291
v 0.245154 0.358961 -0.194726
v 0.245224 0.360136 -0.194722
v 0.244574 0.609847 -0.239933
v 0.246259 0.420693 -0.169962
v 0.245376 0.487184 0.040729
v 0.245384 0.487192 0.040738
v 0.245810 0.568827 -0.235299
v 0.245810 0.568816 -0.235297
v 0.246275 0.505707 -0.175357
v 0.246268 0.505673 -0.175362
v 0.244778 0.350842 0.044247
v 0.246772 0.554885 -0.232294
v 0.246772 0.554883 -0.232294
v 0.272577 0.362197 0.188822
v 0.247622 0.419709 -0.173770
v 0.247605 0.419661 -0.173759
v 0.247355 0.420870 -0.173864
v 0.247945 0.544455 -0.020426
v 0.246340 0.536421 -0.112145
v 0.248220 0.549572 -0.170256
v 0.248218 0.549562 -0.170257
v 0.248728 0.495955 -0.207888
v 0.248729 0.495909 -0.207875
v 0.248187 0.497011 -0.208054
v 0.248861 0.528444 -0.225177
v 0.247137 0.412307 0.218894
v 0.248715 0.403093 -0.240743
v 0.248720 0.403111 -0.240751
v 0.248622 0.399331 -0.155944
v 0.248678 0.400456 -0.155724
v 0.249332 0.507991 -0.212892
v 0.249631 0.507860 -0.213158
v 0.319077 0.409383 -0.001529
v 0.249304 0.521006 -0.173650
v 0.249614 0.520199 -0.173730
v 0.334563 0.493309 -0.342834
v 0.248631 0.480620 0.081112
v 0.248918 0.477101 0.071917
v 0.250772 0.430252 -0.176820
v 0.250907 0.430078 -0.177417
v 0.250870 0.512163 -0.207723
v 0.250866 0.512143 -0.207749
v 0.250492 0.495258 0.050010
v 0.250584 0.494558 0.049501
v 0.251324 0.562278 -0.170040
v 0.251328 0.562298 -0.170040
v 0.293225 0.528855 0.133570
v 0.250185 0.394719 -0.063639
v 0.252655 0.383275 -0.311580
v 0.252322 0.431648 -0.172698
v 0.252207 0.431644 -0.172348
v 0.252357 0.414533 -0.246054
v 0.252362 0.414547 -0.246061
v 0.266261 0.405932 0.026904
v 0.252618 0.369633 -0.193184
v 0.252612 0.369625 -0.193184
v 0.339930 0.470297 -0.140813
v 0.253081 0.575970 -0.171416
v 0.253440 0.575197 -0.171344
v 0.297109 0.512362 -0.017225
v 0.254891 0.536978 -0.205393
v 0.254043 0.483714 -0.182252
v 0.254013 0.484903 -0.182309
v 0.254110 0.407928 -0.154105
v 0.254089 0.407899 -0.154112
v 0.254792 0.553895 -0.178068
v 0.254782 0.553865 -0.178062
v 0.254853 0.426868 -0.251871
v 0.255165 0.426124 -0.251567
v 0.254665 0.547923 -0.170281
v 0.335912 0.342442 -0.333226
v 0.334092 0.634014 -0.012720
v 0.255869 0.472257 -0.191091
v 0.255872 0.472292 -0.191101
v 0.268173 0.578662 0.003958
v 0.255401 0.428797 0.086154
v 0.256166 0.482490 -0.194073
v 0.256166 0.482478 -0.194070
v 0.317194 0.528999 -0.021183
v 0.255622 0.599969 -0.171576
v 0.256550 0.566280 -0.031210
v 0.256548 0.566278 -0.031208
v 0.337757 0.512218 -0.214285
v 0.256095 0.493446 -0.197062
v 0.256547 0.492708 -0.196867
v 0.345778 0.694016 -0.199139
v 0.257123 0.512157 -0.202463
v 0.257769 0.379392 -0.249681
v 0.257770 0.379394 -0.249681
v 0.280711 0.702285 0.109699
v 0.204948 0.324390 0.120346
v 0.258214 0.448491 0.117671
v 0.340325 0.586589 -0.348258
v 0.348195 0.674805 -0.228919
v 0.259320 0.449236 -0.259676
v 0.258666 0.736404 -0.317701
v 0.260200 0.568721 -0.181512
v 0.260199 0.568722 -0.181511
v 0.259141 0.494268 0.065618
v 0.260203 0.416900 -0.151853
v 0.260179 0.416066 -0.151998
v 0.260199 0.381173 -0.191919
v 0.260153 0.380276 -0.191986
v 0.260161 0.509771 0.065152
v 0.247469 0.328031 -0.285298
v 0.261383 0.577853 -0.038826
v 0.261380 0.577850 -0.038823
v 0.261511 0.575151 -0.206251
v 0.261510 0.575144 -0.206250
v 0.262260 0.497261 -0.184354
v 0.262267 0.497273 -0.184356
v 0.370555 0.654687 -0.127246
v 0.262403 0.538597 0.005275
v 0.294385 0.528170 0.086983
v 0.353741 0.609095 -0.012595
v 0.330778 0.480746 -0.277378
v 0.264865 0.591359 -0.208683
v 0.264857 0.591327 -0.208676
v 0.263385 0.330782 -0.143646
v 0.261344 0.557994 -0.086168
v 0.265001 0.584218 -0.186423
v 0.265239 0.583442 -0.186215
v 0.265813 0.388465 -0.249713
v 0.265814 0.388466 -0.249713
v 0.265919 0.590169 -0.046926
v 0.266141 0.589443 -0.046550
v 0.359324 0.605253 -0.090041
v 0.259978 0.333748 0.160568
v 0.354437 0.496205 0.139518
v 0.237035 0.352658 0.228912
v 0.268227 0.511399 0.173892
v 0.268671 0.578442 0.003470
v 0.364180 0.535641 -0.213008
v 0.268071 0.465904 0.223235
v 0.269079 0.607805 -0.212757
v 0.269343 0.606990 -0.212588
v 0.269514 0.511898 -0.188099
v 0.269615 0.511072 -0.187937
v 0.268703 0.316960 0.070703
v 0.270104 0.432726 -0.147873
v 0.272010 0.477862 -0.167252
v 0.272011 0.477865 -0.167252
v 0.260155 0.507808 -0.288050
v 0.271860 0.612971 -0.191193
v 0.271479 0.407075 0.186375
v 0.271748 0.333436 0.193834
v 0.272845 0.612672 -0.060332
v 0.273716 0.398626 -0.250043
v 0.273626 0.397771 -0.250025
v 0.272684 0.394041 0.139086
v 0.337677 0.503436 -0.298350
v 0.274725 0.589940 0.004995
v 0.274727 0.589944 0.004996
v 0.275079 0.400124 -0.190233
v 0.263483 0.572945 -0.281896
v 0.336518 0.343111 -0.131278
v 0.331632 0.483476 -0.200918
v 0.276775 0.488826 -0.166364
v 0.276777 0.488830 -0.166363
v 0.330072 0.501105 -0.104730
v 0.277326 0.637449 -0.216116
v 0.292888 0.438573 -0.157574
v 0.280320 0.602563 0.005903
v 0.280455 0.601745 0.005857
v 0.280960 0.500840 -0.165617
v 0.281145 0.499999 -0.165660
v 0.280097 0.396588 0.169044
v 0.352045 0.434306 -0.241941
v 0.281406 0.538781 -0.191012
v 0.387125 0.598665 -0.138448
v 0.281451 0.247694 -0.146348
v 0.281571 0.305466 0.142408
v 0.287132 0.548037 -0.140972
v 0.282142 0.361040 0.146825
v 0.268445 0.479977 -0.301210
v 0.343003 0.545811 0.038086
v 0.284626 0.271681 -0.409711
v 0.318465 0.494050 -0.160018
v 0.349331 0.532465 -0.197293
v 0.373186 0.560519 -0.115789
v 0.287199 0.416373 -0.251127
v 0.339319 0.380080 0.169886
v 0.329131 0.652744 -0.294400
v 0.288175 0.521689 -0.165775
v 0.288240 0.625270 0.007789
v 0.325893 0.317720 -0.291333
v 0.370727 0.555598 -0.248110
v 0.286705 0.467248 0.006481
v 0.344526 0.576956 -0.238718
v 0.286167 0.400740 -0.212303
v 0.290680 0.267859 0.051124
v 0.287585 0.589960 -0.052982
v 0.292322 0.370180 0.179700
v 0.292522 0.458281 0.187750
v 0.404397 0.663202 -0.213868
v 0.293189 0.196081 -0.268694
v 0.294062 0.414663 0.015156
v 0.294688 0.259061 -0.288323
v 0.325955 0.490759 -0.037000
v 0.297965 0.537648 0.106087
v 0.295268 0.456413 -0.091432
v 0.298804 0.565769 -0.319115
v 0.299207 0.508900 -0.013387
v 0.299766 0.279433 -0.156999
v 0.297217 0.399512 -0.295822
v 0.301846 0.231014 0.120599
v 0.327212 0.388039 0.045847
v 0.337251 0.501940 -0.306323
v 0.304937 0.343624 -0.269371
v 0.351608 0.390759 -0.316580
v 0.303506 0.427765 -0.168780
v 0.310571 0.535555 -0.152074
v 0.350221 0.507727 -0.187251
v 0.311572 0.339377 -0.325643
v 0.302254 0.366301 -0.334194
v 0.400049 0.549533 -0.226720
v 0.312053 0.387276 -0.163358
v 0.317220 0.401511 -0.027665
v 0.317919 0.318822 0.077361
v 0.286467 0.258371 -0.275473
v 0.320671 0.458194 -0.035187
v 0.341647 0.479576 -0.193831
v 0.330860 0.344172 -0.119960
v 0.374510 0.627092 -0.043499
v 0.324437 0.361513 -0.356379
v 0.324724 0.313355 -0.158463
v 0.317179 0.407239 -0.255649
v 0.318893 0.481493 -0.095228
v 0.331426 0.570460 0.029028
v 0.334449 0.328409 -0.394080
v 0.334544 0.488950 -0.013202
v 0.369270 0.434845 -0.229018
v 0.340264 0.430705 -0.043161
v 0.344013 0.504757 -0.008070
v 0.346512 0.495561 -0.280398
v 0.327929 0.339621 -0.337094
v 0.360564 0.587352 0.044227
v 0.350655 0.531770 -0.135153
v 0.350549 0.658168 0.014195
v 0.331470 0.309859 -0.106198
v 0.351498 0.493634 0.024423
v 0.351956 0.382094 0.222614
v 0.354467 0.481330 -0.280329
v 0.354850 0.285354 -0.096642
v 0.340597 0.311123 -0.271386
v 0.369186 0.627147 -0.006675
v 0.359794 0.306430 -0.293200
v 0.361694 0.351397 -0.210903
v 0.365041 0.424643 -0.122219
v 0.374798 0.426821 -0.184762
v 0.367039 0.346568 -0.162415
v 0.368135 0.324850 -0.111897
v 0.368738 0.367768 -0.240644
v 0.380582 0.427611 -0.228327
v 0.382915 0.480815 -0.093914
v 0.383744 0.484752 -0.009674
v 0.396535 0.296445 -0.283301
v 0.403811 0.408618 -0.171981
v 0.417609 0.407097 -0.189724
v 0.419724 0.316740 -0.316680
vn 0.0279 -0.1067 -0.9939
vn 0.0279 -0.1074 -0.9938
vn -0.8537 0.3990 -0.3346
vn 0.9186 0.0671 -0.3895
vn -0.7180 0.6914 0.0806
vn -0.5847 0.7407 0.3309
vn -0.3287 0.8123 0.4818
vn -0.3335 0.8095 0.4832
vn -0.3043 0.8261 0.4742
vn -0.3574 0.7949 0.4902
vn -0.5417 0.6798 -0.4943
vn -0.5303 0.6866 -0.4973
vn -0.5094 0.6985 -0.5025
vn -0.5620 0.6673 -0.4887
vn 0.6896 -0.0397 0.7231
vn 0.6913 -0.0425 0.7213
vn 0.7403 -0.1283 0.6599
vn 0.6334 0.0432 0.7726
vn 0.7743 0.6280 -0.0780
vn 0.7055 0.6990 -0.1167
vn 0.8580 0.5132 -0.0207
vn 0.6006 0.7820 -0.1665
vn 0.5387 0.1212 0.8338
vn 0.5225 0.1454 0.8401
vn 0.6286 -0.0323 0.7770
vn 0.4163 0.2872 0.8627
vn -0.1061 0.2359 0.9660
vn -0.1660 0.2527 0.9532
vn 0.0946 0.1737 0.9802
vn -0.3585 0.3007 0.8837
vn -0.6889 0.7221 -0.0630
vn -0.6917 0.7195 -0.0626
vn -0.6862 0.7247 -0.0634
vn 0.0297 0.5392 0.8417
vn -0.2746 0.6143 0.7397
vn 0.3042 0.4198 0.8551
vn -0.5403 0.6236 0.5650
vn 0.1169 0.7535 0.6470
vn 0.1266 0.7476 0.6519
vn 0.1809 0.7124 0.6780
vn 0.0634 0.7836 0.6181
vn -0.6874 0.6804 -0.2540
vn -0.6053 0.6337 -0.4817
vn -0.7310 0.6707 0.1258
vn -0.3858 0.4690 -0.7945
vn -0.5607 0.8126 0.1588
vn -0.5784 0.8072 0.1178
vn -0.4844 0.8183 0.3093
vn -0.6342 0.7723 -0.0376
vn 0.6194 0.3708 -0.6920
vn 0.6273 0.3755 -0.6823
vn 0.6969 0.4167 -0.5836
vn 0.5401 0.3239 -0.7768
vn -0.7387 0.3567 -0.5719
vn -0.7375 0.3580 -0.5726
vn -0.7271 0.3693 -0.5787
vn -0.7488 0.3455 -0.5657
vn -0.4878 0.2282 -0.8426
vn -0.4851 0.2310 -0.8434
vn -0.4789 0.2374 -0.8452
vn -0.4938 0.2220 -0.8407
vn 0.1662 0.9296 0.3290
vn -0.1078 0.9811 0.1606
vn -0.1197 0.9829 0.1397
vn -0.1995 0.9799 -0.0066
vn -0.0653 0.9701 0.2339
vn -0.5839 0.7996 -0.1402
vn -0.6031 0.7539 -0.2606
vn -0.5469 0.8371 0.0105
vn -0.6127 0.6770 -0.4079
vn -0.2528 0.8704 0.4225
vn -0.3218 0.8879 0.3287
vn -0.0425 0.7570 0.6520
vn -0.4911 0.8702 0.0402
vn 0.4287 0.5735 -0.6981
vn 0.4194 0.5707 -0.7060
vn 0.4974 0.5917 -0.6344
vn 0.3488 0.5475 -0.7606
vn -0.3955 0.8325 0.3880
vn -0.3958 0.8320 0.3887
vn -0.3876 0.8447 0.3692
vn -0.4034 0.8195 0.4071
vn -0.4507 0.6255 -0.6368
vn -0.4541 0.6246 -0.6354
vn -0.4161 0.6350 -0.6509
vn -0.4883 0.6140 -0.6201
vn 0.6356 0.3460 -0.6901
vn 0.6404 0.3508 -0.6833
vn 0.6617 0.3724 -0.6508
vn 0.6129 0.3238 -0.7208
vn 0.8631 0.5048 -0.0163
vn 0.8584 0.5129 0.0142
vn 0.8441 0.5294 0.0847
vn 0.8705 0.4845 -0.0864
vn 0.4615 0.4257 -0.7783
vn 0.4660 0.4336 -0.7713
vn 0.4758 0.4512 -0.7550
vn 0.4513 0.4077 -0.7938
vn 0.7758 0.3648 -0.5149
vn 0.5032 0.3628 -0.7843
vn 0.5005 0.3543 -0.7899
vn 0.5125 0.3934 -0.7633
vn 0.4906 0.3239 -0.8090
vn 0.0161 0.6043 -0.7966
vn 0.0259 0.6160 -0.7873
vn 0.0022 0.5874 -0.8093
vn 0.0394 0.6317 -0.7742
vn -0.3547 0.8854 0.3005
vn -0.4346 0.8532 0.2884
vn -0.0376 0.9449 0.3251
vn -0.7145 0.6642 0.2197
vn -0.9795 -0.1680 -0.1113
vn -0.9795 -0.1710 -0.1068
vn -0.9806 -0.1684 -0.1001
vn -0.9794 -0.1705 -0.1082
vn 0.4066 0.9113 0.0643
vn 0.4181 0.9061 0.0647
vn 0.3309 0.9417 0.0614
vn 0.4917 0.8682 0.0671
vn -0.1226 0.5014 0.8565
vn -0.1231 0.5018 0.8562
vn -0.1513 0.5296 0.8347
vn -0.0953 0.4738 0.8755
vn -0.1810 0.6044 0.7758
vn 0.1456 0.7819 0.6062
vn -0.4674 0.4299 0.7725
vn -0.4683 0.4335 0.7699
vn -0.4736 0.4553 0.7539
vn -0.4617 0.4079 0.7877
vn -0.2069 0.5033 0.8390
vn -0.2256 0.5115 0.8291
vn -0.2817 0.5347 0.7967
vn -0.1507 0.4775 0.8656
vn -0.5349 0.1594 0.8298
vn -0.5368 0.1576 0.8289
vn -0.5368 0.1552 0.8293
vn -0.5367 0.1597 0.8285
vn -0.5206 0.8438 0.1304
vn -0.5250 0.8403 0.1350
vn -0.5093 0.8523 0.1187
vn -0.5358 0.8316 0.1464
vn 0.5782 0.5557 0.5974
vn -0.3171 0.7496 0.5810
vn 0.6514 0.5345 -0.5386
vn 0.6575 0.5407 -0.5247
vn 0.5462 0.4328 -0.7172
vn 0.7255 0.6117 -0.3154
vn -0.8702 0.3951 -0.2944
vn -0.8580 0.4023 -0.3195
vn -0.8293 0.4165 -0.3725
vn -0.8936 0.3790 -0.2406
vn 0.5421 0.7136 0.4437
vn 0.5411 0.7145 0.4436
vn 0.5560 0.7020 0.4451
vn 0.5269 0.7259 0.4420
vn -0.8535 0.4944 0.1648
vn -0.8759 0.4607 0.1430
vn -0.8338 0.5211 0.1823
vn -0.8930 0.4324 0.1250
vn 0.1546 0.8544 0.4961
vn 0.1105 0.8580 0.5017
vn 0.4799 0.7699 0.4206
vn -0.2408 0.8259 0.5099
vn -0.1743 0.9157 0.3621
vn -0.3316 0.8788 0.3431
vn 0.1001 0.9227 0.3722
vn -0.5929 0.7529 0.2858
vn 0.1655 0.9775 0.1309
vn 0.1320 0.9829 0.1286
vn 0.3356 0.9315 0.1400
vn -0.0261 0.9929 0.1162
vn 0.1089 0.9654 0.2371
vn 0.0823 0.9688 0.2340
vn 0.1999 0.9483 0.2465
vn -0.0054 0.9749 0.2226
vn 0.7321 0.0531 0.6792
vn 0.7314 0.0564 0.6796
vn 0.7338 0.0440 0.6779
vn 0.7296 0.0655 0.6808
vn -0.4697 0.8649 0.1771
vn -0.4690 0.8653 0.1769
vn -0.4754 0.8614 0.1788
vn -0.4633 0.8687 0.1751
vn -0.3777 0.9222 -0.0827
vn -0.3970 0.9158 -0.0607
vn -0.3222 0.9357 -0.1434
vn -0.4480 0.8940 -0.0004
vn -0.0399 0.8030 0.5947
vn -0.0434 0.8037 0.5935
vn 0.1106 0.7630 0.6369
vn -0.1888 0.8220 0.5373
vn 0.6711 0.5945 -0.4429
vn 0.6990 0.6599 -0.2755
vn 0.6944 0.6707 -0.2606
vn 0.6490 0.7480 -0.1390
vn 0.7142 0.6165 -0.3314
vn 0.1784 0.9284 0.3258
vn 0.1881 0.9283 0.3208
vn 0.4865 0.8627 0.1379
vn -0.1555 0.8686 0.4705
vn -0.6400 0.6826 -0.3527
vn -0.6519 0.6784 -0.3388
vn -0.5845 0.6983 -0.4132
vn -0.7011 0.6573 -0.2764
vn 0.6804 0.5405 0.4950
vn 0.6333 0.5614 0.5327
vn 0.8168 0.4550 0.3548
vn 0.4567 0.6146 0.6432
vn 0.2854 0.4794 0.8299
vn -0.6800 0.7331 0.0076
vn -0.6404 0.7653 -0.0647
vn -0.7577 0.6231 0.1941
vn -0.5077 0.8221 -0.2575
vn 0.1754 0.7912 -0.5858
vn 0.1726 0.7899 -0.5885
vn 0.2811 0.8338 -0.4751
vn 0.0660 0.7291 -0.6812
vn -0.1400 0.9318 -0.3350
vn -0.1414 0.9296 -0.3404
vn -0.1376 0.9353 -0.3259
vn -0.1437 0.9259 -0.3493
vn 0.8087 -0.1850 0.5584
vn 0.7935 -0.1739 0.5832
vn 0.8466 -0.2147 0.4870
vn 0.7478 -0.1426 0.6484
vn -0.3423 0.9375 -0.0626
vn -0.3467 0.9361 -0.0589
vn -0.2756 0.9541 -0.1169
vn -0.4081 0.9129 -0.0063
vn 0.6442 0.1826 0.7428
vn 0.5870 0.2355 0.7746
vn 0.8432 -0.0715 0.5329
vn 0.2605 0.4610 0.8483
vn 0.6881 0.3526 0.6341
vn 0.5230 0.3765 0.7647
vn 0.8680 0.2920 0.4016
vn 0.2543 0.3814 0.8887
vn 0.5314 -0.1235 0.8381
vn 0.5162 -0.1211 0.8479
vn 0.6122 -0.1357 0.7789
vn 0.4293 -0.1075 0.8967
vn 0.0850 0.6969 0.7121
vn -0.0804 0.7668 0.6369
vn 0.2958 0.5658 0.7696
vn -0.3024 0.8152 0.4940
vn 0.4929 0.1303 0.8603
vn 0.4942 0.1254 0.8602
vn 0.4990 0.1086 0.8598
vn 0.4879 0.1471 0.8604
vn -0.0012 0.9079 -0.4192
vn -0.0098 0.9075 -0.4199
vn 0.0210 0.9086 -0.4172
vn -0.0312 0.9063 -0.4215
vn 0.9303 -0.1971 0.3092
vn 0.9291 -0.1928 0.3157
vn 0.9434 -0.3025 0.1357
vn 0.8767 -0.0803 0.4742
vn 0.7387 0.4164 0.5301
vn 0.6942 0.0842 0.7148
vn 0.5752 0.1887 0.7959
vn 0.5623 0.2138 0.7988
vn 0.4732 0.3634 0.8025
vn 0.6105 0.1144 0.7837
vn 0.9698 0.2437 0.0008
vn 0.9729 0.2311 -0.0073
vn 0.9636 0.2668 0.0157
vn 0.9780 0.2072 -0.0225
vn 0.3678 0.4162 0.8316
vn 0.9600 -0.2584 -0.1079
vn 0.9814 -0.1848 0.0518
vn 0.9632 -0.2321 0.1354
vn 0.9730 -0.0232 0.2295
vn 0.9630 0.0048 0.2694
vn 0.9604 -0.2514 -0.1204
vn 0.7753 0.2445 0.5823
vn -0.1850 0.9825 0.0219
vn -0.1789 0.9837 0.0169
vn -0.1632 0.9866 0.0039
vn -0.2006 0.9791 0.0349
vn 0.8395 -0.5407 0.0541
vn 0.8398 -0.5394 0.0617
vn 0.8242 -0.5587 -0.0931
vn 0.8355 -0.5089 0.2073
vn 0.7381 -0.2176 0.6387
vn 0.7284 -0.1806 0.6610
vn 0.7622 -0.3608 0.5374
vn 0.6756 -0.0300 0.7366
vn -0.2025 0.8943 -0.3990
vn -0.1975 0.8951 -0.3997
vn -0.2216 0.8909 -0.3964
vn -0.1789 0.8980 -0.4020
vn 0.9740 -0.1457 -0.1737
vn 0.9731 -0.1483 -0.1764
vn 0.9625 -0.1768 -0.2055
vn 0.9826 -0.1169 -0.1443
vn 0.2573 0.7455 0.6149
vn 0.1590 0.7439 0.6491
vn 0.4955 0.7123 0.4970
vn -0.0979 0.7035 0.7039
vn 0.9751 0.2212 0.0166
vn 0.9670 0.2433 0.0755
vn 0.9617 0.1095 -0.2514
vn 0.8759 0.3340 0.3483
vn 0.3557 0.2226 0.9077
vn 0.2886 0.3063 0.9071
vn 0.4976 0.0148 0.8673
vn 0.1157 0.4909 0.8635
vn 0.8455 0.0609 0.5304
vn 0.7722 0.1499 0.6175
vn 0.9508 -0.1712 0.2581
vn 0.4934 0.3729 0.7858
vn 0.7100 0.2338 -0.6642
vn 0.7032 0.2265 -0.6739
vn 0.6095 0.1341 -0.7813
vn 0.7810 0.3181 -0.5375
vn -0.5883 0.8046 -0.0809
vn -0.5836 0.8055 -0.1031
vn -0.5700 0.8057 -0.1609
vn -0.5988 0.8005 -0.0238
vn 0.5137 0.8355 -0.1954
vn 0.5114 0.8384 -0.1885
vn 0.5538 0.7616 -0.3365
vn 0.4531 0.8908 -0.0332
vn -0.4712 0.2942 -0.8315
vn -0.4700 0.2956 -0.8317
vn -0.4814 0.2829 -0.8296
vn -0.4597 0.3069 -0.8334
vn -0.2159 0.3801 -0.8994
vn 0.2178 0.1987 -0.9555
vn 0.2350 0.2132 -0.9483
vn 0.1710 0.1594 -0.9723
vn 0.2796 0.2506 -0.9268
vn 0.6520 0.7578 0.0252
vn 0.5199 0.8483 0.1006
vn 0.8074 0.5837 -0.0858
vn 0.2867 0.9348 0.2095
vn -0.0539 0.6090 -0.7913
vn -0.0658 0.6038 -0.7944
vn 0.0296 0.6426 -0.7656
vn -0.1490 0.5639 -0.8123
vn 0.7185 0.2118 -0.6625
vn 0.7507 0.2594 -0.6076
vn 0.5052 -0.0291 -0.8625
vn 0.8380 0.4683 -0.2799
vn -0.2304 0.7087 -0.6668
vn -0.2810 0.8519 -0.4420
vn -0.1498 0.4755 -0.8669
vn -0.3141 0.9400 -0.1335
vn 0.3491 0.2596 -0.9004
vn 0.3588 0.2809 -0.8901
vn 0.3104 0.1779 -0.9338
vn 0.3915 0.3553 -0.8488
vn -0.9971 -0.0678 -0.0340
vn -0.9922 -0.1063 -0.0652
vn -0.9650 -0.2138 -0.1522
vn -0.9979 0.0386 0.0517
vn 0.4291 0.8756 -0.2219
vn 0.4388 0.8676 -0.2338
vn 0.5049 0.8022 -0.3185
vn 0.3554 0.9252 -0.1334
vn -0.9956 0.0898 0.0284
vn -0.9957 0.0904 0.0200
vn -0.9958 0.0916 0.0010
vn -0.9950 0.0885 0.0468
vn -0.0575 0.9980 -0.0272
vn -0.0767 0.9970 -0.0095
vn 0.2402 0.9252 -0.2939
vn -0.3726 0.8878 0.2701
vn -0.7395 0.2538 -0.6235
vn -0.7748 0.3045 -0.5541
vn -0.5806 0.0742 -0.8108
vn -0.8401 0.4412 -0.3156
vn -0.0673 0.9900 0.1242
vn -0.1695 0.9606 0.2202
vn 0.2298 0.9597 -0.1619
vn -0.4559 0.7486 0.4814
vn 0.0550 0.8940 -0.4446
vn -0.0550 0.9464 -0.3184
vn 0.2914 0.6792 -0.6736
vn -0.2989 0.9542 0.0066
vn 0.7914 0.5963 0.1350
vn 0.7913 0.5963 0.1350
vn 0.7924 0.5951 0.1343
vn 0.7903 0.5975 0.1357
vn 0.3710 0.9088 -0.1909
vn 0.2422 0.9701 -0.0132
vn 0.5115 0.7549 -0.4105
vn 0.0395 0.9705 0.2380
vn 0.3289 0.8533 -0.4047
vn 0.3292 0.8530 -0.4051
vn 0.3078 0.8716 -0.3817
vn 0.3504 0.8330 -0.4281
vn 0.8055 0.5820 -0.1116
vn 0.8053 0.5824 -0.1114
vn 0.8099 0.5749 -0.1164
vn 0.8008 0.5894 -0.1066
vn 0.8500 0.1070 -0.5159
vn 0.8898 0.0758 -0.4499
vn 0.7756 0.1543 -0.6120
vn 0.9382 0.0280 -0.3450
vn 0.7314 0.4125 -0.5430
vn 0.4194 0.6287 -0.6549
vn 0.7969 0.5829 -0.1585
vn 0.6629 0.6587 -0.3560
vn 0.2680 0.7796 -0.5660
vn 0.4879 0.8049 -0.3377
vn 0.0435 0.6878 -0.7246
vn 0.6464 0.7566 -0.0984
vn -0.1803 0.5991 0.7801
vn -0.1783 0.5967 0.7824
vn -0.2028 0.6247 0.7540
vn -0.1559 0.5704 0.8064
vn 0.9417 0.2637 0.2089
vn 0.9380 0.2710 0.2160
vn 0.9304 0.2852 0.2302
vn 0.9485 0.2497 0.1949
vn 0.4003 0.5363 -0.7431
vn 0.4311 0.5310 -0.7295
vn 0.0960 0.5549 -0.8263
vn 0.6953 0.4508 -0.5598
vn 0.5913 0.7875 0.1738
vn 0.5993 0.7811 0.1752
vn 0.5593 0.8117 0.1684
vn 0.6286 0.7566 0.1800
vn -0.6470 0.7622 -0.0200
vn -0.6603 0.7503 -0.0323
vn -0.6080 0.7938 0.0147
vn -0.6967 0.7142 -0.0674
vn 0.0569 0.7388 0.6715
vn 0.0592 0.7351 0.6753
vn 0.1637 0.5351 0.8288
vn -0.0518 0.8826 0.4673
vn -0.2983 0.8831 0.3622
vn -0.2980 0.8835 0.3614
vn -0.2985 0.8827 0.3630
vn 0.8039 0.4254 -0.4158
vn 0.8024 0.4189 -0.4250
vn 0.8092 0.4535 -0.3735
vn 0.7948 0.3905 -0.4645
vn -0.4900 0.7309 -0.4750
vn -0.4901 0.7309 -0.4749
vn -0.5837 0.7465 -0.3194
vn -0.3801 0.6911 -0.6147
vn 0.0680 0.9636 -0.2586
vn 0.1443 0.9314 -0.3343
vn -0.0817 0.9913 -0.1031
vn 0.2963 0.8272 -0.4775
vn 0.2921 0.5216 0.8016
vn 0.2826 0.5338 0.7970
vn 0.2676 0.5528 0.7892
vn 0.3067 0.5021 0.8086
vn -0.8344 0.5037 -0.2240
vn -0.8219 0.5400 -0.1815
vn -0.8497 0.4351 -0.2977
vn -0.7880 0.6087 -0.0927
vn 0.1321 0.8550 -0.5016
vn 0.2411 0.8549 -0.4594
vn -0.1336 0.8080 -0.5738
vn 0.4960 0.8039 -0.3282
vn -0.8470 0.2733 -0.4559
vn -0.8548 0.2687 -0.4440
vn -0.9309 0.2109 -0.2983
vn -0.7444 0.3216 -0.5852
vn -0.7639 0.4698 0.4424
vn -0.7796 0.4563 0.4289
vn -0.8698 0.3619 0.3354
vn -0.6492 0.5514 0.5240
vn -0.4958 0.4726 -0.7286
vn -0.4950 0.4734 -0.7286
vn -0.4846 0.4837 -0.7288
vn -0.5064 0.4619 -0.7282
vn -0.6050 0.7906 -0.0944
vn -0.5055 0.8627 0.0106
vn -0.6852 0.7026 -0.1922
vn -0.4062 0.9079 0.1036
vn -0.4333 0.3518 -0.8297
vn -0.4393 0.3384 -0.8322
vn -0.4122 0.3970 -0.8200
vn -0.4599 0.2897 -0.8394
vn -0.1122 0.4528 -0.8845
vn -0.1883 0.9662 0.1761
vn -0.1773 0.9742 0.1398
vn -0.2295 0.9195 0.3191
vn -0.1291 0.9916 -0.0125
vn 0.3750 0.5776 -0.7250
vn 0.3807 0.5759 -0.7234
vn 0.1313 0.6274 -0.7675
vn 0.6018 0.4875 -0.6326
vn -0.1160 0.9813 -0.1537
vn -0.1100 0.9814 -0.1573
vn -0.1846 0.9764 -0.1119
vn -0.0426 0.9795 -0.1969
vn 0.2638 -0.2041 -0.9427
vn 0.2643 -0.2082 -0.9417
vn 0.2631 -0.2079 -0.9421
vn 0.2695 -0.2054 -0.9408
vn 0.7894 0.4854 0.3759
vn 0.7882 0.4872 0.3760
vn 0.7691 0.5164 0.3766
vn 0.8073 0.4558 0.3748
vn 0.4433 0.8037 0.3970
vn 0.4832 0.7884 0.3809
vn 0.3605 0.8294 0.4268
vn 0.5597 0.7529 0.3463
vn 0.8523 0.5201 0.0565
vn 0.8541 0.5173 0.0551
vn 0.8424 0.5351 0.0638
vn 0.8633 0.5024 0.0479
vn 0.2373 0.9466 -0.2184
vn 0.3396 0.9337 -0.1136
vn 0.7721 0.5957 -0.2215
vn 0.7695 0.5995 -0.2202
vn 0.7783 0.5863 -0.2246
vn 0.7631 0.6087 -0.2171
vn 0.5167 0.8385 -0.1728
vn 0.4515 0.8867 -0.0990
vn 0.6544 0.6696 -0.3513
vn 0.2584 0.9612 0.0965
vn 0.5043 0.8562 0.1125
vn 0.5063 0.8551 0.1114
vn 0.4962 0.8603 0.1171
vn 0.5146 0.8508 0.1067
vn 0.4341 0.9008 -0.0112
vn 0.4100 0.9120 0.0136
vn 0.5730 0.8022 -0.1680
vn 0.2480 0.9542 0.1676
vn -0.9279 -0.0346 0.3713
vn -0.9329 -0.0310 0.3588
vn -0.9428 -0.0236 0.3325
vn -0.9169 -0.0419 0.3970
vn 0.3171 0.6865 -0.6544
vn 0.3171 0.6860 -0.6548
vn 0.3987 0.7593 -0.5143
vn 0.3987 0.7574 -0.5172
vn 0.3987 0.7552 -0.5204
vn 0.3987 0.7615 -0.5111
vn 0.0572 0.6205 -0.7821
vn 0.0649 0.6427 -0.7634
vn -0.0326 0.3343 -0.9419
vn 0.1495 0.8549 -0.4967
vn 0.1122 0.9800 0.1641
vn 0.0512 0.9716 0.2309
vn 0.2339 0.9720 0.0234
vn -0.0793 0.9273 0.3659
vn -0.3036 0.8582 -0.4139
vn -0.2982 0.8551 -0.4241
vn -0.3175 0.8658 -0.3867
vn -0.2826 0.8455 -0.4531
vn 0.2272 0.9104 -0.3458
vn 0.2154 0.9205 -0.3260
vn 0.3529 0.7507 -0.5585
vn 0.0694 0.9942 -0.0825
vn -0.5157 0.7186 0.4666
vn -0.5193 0.7131 0.4710
vn -0.4860 0.7602 0.4313
vn -0.5472 0.6676 0.5049
vn 0.4609 -0.1983 0.8650
vn 0.4277 -0.1794 0.8859
vn 0.5884 -0.2721 0.7614
vn 0.2829 -0.0982 0.9541
vn -0.1856 0.9533 -0.2382
vn 0.3684 0.2703 0.8895
vn 0.3677 0.2738 0.8887
vn 0.3620 0.3045 0.8810
vn 0.3737 0.2393 0.8962
vn -0.0860 0.6451 -0.7592
vn -0.0609 0.6577 -0.7508
vn -0.2641 0.5384 -0.8002
vn 0.1030 0.7253 -0.6807
vn 0.0344 0.8081 0.5880
vn 0.0347 0.8076 0.5888
vn 0.0304 0.8166 0.5764
vn 0.0386 0.7990 0.6001
vn -0.6160 0.7755 0.1382
vn -0.6259 0.7668 0.1426
vn -0.5948 0.7935 0.1286
vn -0.6457 0.7484 0.1517
vn -0.3428 0.5318 0.7744
vn -0.3430 0.5325 0.7738
vn -0.3453 0.5476 0.7621
vn -0.3404 0.5168 0.7855
vn -0.2765 0.9487 0.1535
vn -0.8165 0.5769 -0.0202
vn -0.8090 0.5872 -0.0261
vn -0.7918 0.6095 -0.0391
vn -0.8325 0.5540 -0.0072
vn 0.6665 0.7362 -0.1173
vn 0.6670 0.7356 -0.1184
vn 0.6661 0.7368 -0.1161
vn 0.2198 0.6445 0.7323
vn 0.3640 0.5422 0.7573
vn 0.2987 0.4797 0.8250
vn 0.4387 0.6102 0.6597
vn 0.2164 0.3978 0.8916
vn -0.5396 0.8139 0.2154
vn -0.5441 0.8117 0.2123
vn -0.5251 0.8207 0.2252
vn -0.5587 0.8044 0.2022
vn 0.1208 0.9493 0.2902
vn 0.1292 0.9436 0.3048
vn 0.0012 0.9969 0.0787
vn 0.2478 0.8243 0.5090
vn 0.0321 0.9947 0.0974
vn 0.0335 0.9944 0.1001
vn 0.0193 0.9971 0.0733
vn 0.0469 0.9910 0.1254
vn -0.2923 0.4673 0.8344
vn -0.6355 0.5493 0.5427
vn 0.5706 0.8211 -0.0152
vn 0.5595 0.8268 0.0587
vn 0.5835 0.7934 -0.1731
vn 0.5244 0.8230 0.2184
vn -0.0072 0.7383 0.6745
vn -0.0552 0.7770 0.6271
vn 0.1620 0.5661 0.8083
vn -0.2235 0.8762 0.4270
vn 0.7059 0.6825 0.1897
vn 0.7425 0.6569 0.1309
vn 0.6207 0.7224 0.3046
vn 0.8031 0.5957 0.0122
vn 0.5127 0.7787 -0.3616
vn 0.5109 0.7735 -0.3750
vn 0.5200 0.8018 -0.2945
vn 0.5010 0.7472 -0.4367
vn 0.4727 0.4502 -0.7575
vn 0.4501 0.4620 -0.7642
vn 0.2346 0.5529 -0.7995
vn 0.6636 0.3278 -0.6724
vn 0.8144 0.3478 0.4645
vn -0.2402 0.9111 -0.3349
vn -0.2247 0.9105 -0.3471
vn -0.5010 0.8602 -0.0957
vn 0.0718 0.8368 -0.5428
vn 0.4992 0.4763 -0.7239
vn 0.0318 0.7820 -0.6224
vn 0.9627 0.2630 0.0635
vn 0.9674 0.2499 0.0409
vn 0.9216 0.3357 0.1947
vn 0.9811 0.1738 -0.0857
vn -0.2956 0.9526 -0.0723
vn -0.3070 0.9495 -0.0645
vn -0.2827 0.9558 -0.0811
vn -0.3201 0.9458 -0.0553
vn 0.7333 0.4800 0.4816
vn 0.7327 0.4821 0.4803
vn 0.7284 0.4974 0.4712
vn 0.7373 0.4646 0.4905
vn 0.4957 -0.1293 -0.8588
vn 0.4898 -0.1333 -0.8616
vn 0.4779 -0.1411 -0.8670
vn 0.5074 -0.1214 -0.8531
vn -0.3616 0.8895 -0.2795
vn -0.3581 0.8927 -0.2736
vn -0.4110 0.8355 -0.3646
vn -0.3020 0.9358 -0.1817
vn -0.1321 0.8683 -0.4781
vn -0.0927 0.8537 -0.5125
vn -0.2865 0.9012 -0.3251
vn 0.0824 0.7598 -0.6449
vn -0.0881 0.8225 -0.5618
vn 0.1595 0.7615 -0.6282
vn -0.3868 0.8184 -0.4250
vn 0.4663 0.6015 -0.6486
vn 0.9217 0.3873 -0.0229
vn 0.9178 0.3967 -0.0166
vn 0.9065 0.4221 0.0006
vn 0.9314 0.3617 -0.0398
vn 0.8906 0.3083 -0.3343
vn 0.8877 0.3175 -0.3333
vn 0.8755 0.3539 -0.3291
vn 0.9012 0.2715 -0.3379
vn 0.8557 0.4811 -0.1905
vn 0.8454 0.5009 -0.1854
vn 0.8664 0.4592 -0.1961
vn 0.8338 0.5220 -0.1797
vn 0.9275 0.3328 -0.1704
vn 0.9289 0.3286 -0.1707
vn 0.9235 0.3441 -0.1696
vn 0.9327 0.3174 -0.1715
vn 0.0379 0.6419 -0.7659
vn 0.0775 0.6185 -0.7819
vn -0.0359 0.6812 -0.7312
vn 0.1466 0.5740 -0.8056
vn -0.0708 0.4158 0.9067
vn -0.0741 0.4222 0.9035
vn -0.0248 0.3227 0.9462
vn -0.1177 0.5071 0.8538
vn -0.6330 0.6163 0.4685
vn -0.6361 0.6335 0.4406
vn -0.6055 0.5151 0.6066
vn -0.6409 0.7121 0.2868
vn 0.1964 0.1460 0.9696
vn 0.1923 0.1560 0.9688
vn 0.2562 -0.0097 0.9666
vn 0.1271 0.3066 0.9433
vn 0.1927 0.8842 -0.4255
vn 0.1628 0.9760 -0.1450
vn -0.0981 0.9167 -0.3873
vn -0.1142 0.8562 -0.5039
vn -0.0661 0.9833 -0.1697
vn -0.1362 0.7251 -0.6751
vn -0.4745 0.8713 0.1254
vn -0.4725 0.8726 0.1239
vn -0.5833 0.7840 0.2122
vn -0.3563 0.9336 0.0377
vn 0.5883 0.6907 0.4205
vn 0.5919 0.6889 0.4184
vn 0.5587 0.7046 0.4375
vn 0.6192 0.6747 0.4017
vn 0.1582 0.8095 -0.5654
vn 0.9046 0.3516 0.2412
vn 0.7703 0.2727 -0.5764
vn 0.7782 0.2773 -0.5635
vn 0.6849 0.2250 -0.6931
vn 0.8422 0.3169 -0.4361
vn -0.2445 0.8293 0.5025
vn -0.2485 0.8367 0.4880
vn -0.2770 0.8850 0.3743
vn -0.2128 0.7683 0.6037
vn 0.6995 -0.5557 0.4493
vn 0.6992 -0.5595 0.4452
vn 0.7044 -0.5582 0.4384
vn 0.6981 -0.5593 0.4471
vn 0.9105 0.2844 -0.3002
vn 0.9130 0.2808 -0.2960
vn 0.7120 0.4720 -0.5199
vn 0.9975 0.0586 -0.0399
vn 0.3362 0.8674 -0.3668
vn 0.3344 0.8677 -0.3677
vn 0.3426 0.8664 -0.3633
vn 0.3278 0.8688 -0.3712
vn 0.7849 0.4778 -0.3944
vn 0.8461 0.4527 -0.2812
vn 0.6051 0.5037 -0.6166
vn 0.9293 0.3691 -0.0132
vn 0.1870 0.2015 0.9615
vn 0.0749 0.8704 -0.4865
vn 0.2176 0.8755 -0.4315
vn -0.3277 0.7477 -0.5775
vn 0.6151 0.7620 -0.2023
vn 0.5873 0.4984 0.6376
vn 0.5876 0.4992 0.6368
vn 0.5870 0.4973 0.6388
vn 0.5880 0.5002 0.6356
vn 0.7768 0.2313 -0.5857
vn 0.7715 0.2280 -0.5939
vn 0.8870 0.1656 -0.4310
vn 0.8853 0.1650 -0.4347
vn 0.8836 0.1643 -0.4385
vn 0.8887 0.1663 -0.4272
vn -0.1541 0.9756 -0.1567
vn -0.1457 0.9864 -0.0765
vn -0.1775 0.8629 -0.4732
vn -0.1038 0.9652 0.2401
vn 0.5134 0.8022 -0.3049
vn 0.6969 0.7161 -0.0392
vn 0.3072 0.8044 -0.5086
vn 0.7938 0.5753 0.1971
vn 0.1968 0.8606 0.4697
vn 0.1978 0.8609 0.4688
vn 0.1863 0.8575 0.4796
vn 0.2083 0.8638 0.4587
vn -0.0805 0.9585 -0.2737
vn 0.1856 0.9358 -0.2996
vn -0.4255 0.8807 -0.2084
vn 0.5456 0.7831 -0.2985
vn 0.0329 0.8909 -0.4531
vn 0.1500 0.8289 -0.5389
vn -0.1989 0.9471 -0.2518
vn 0.3697 0.6456 -0.6682
vn 0.1725 0.7221 0.6699
vn 0.1723 0.7215 0.6707
vn 0.1730 0.7237 0.6680
vn 0.1717 0.7199 0.6725
vn 0.8950 0.4220 -0.1445
vn 0.8963 0.4193 -0.1443
vn 0.8791 0.4537 -0.1464
vn 0.9108 0.3877 -0.1422
vn 0.8199 0.2156 0.5304
vn 0.8207 0.2138 0.5299
vn 0.8089 0.2397 0.5369
vn 0.8309 0.1898 0.5230
vn 0.2363 0.8088 -0.5385
vn 0.2278 0.8085 -0.5426
vn 0.2033 0.8070 -0.5544
vn 0.2606 0.8095 -0.5261
vn 0.0370 0.9453 -0.3242
vn 0.0760 0.9406 -0.3310
vn -0.3069 0.9204 -0.2423
vn 0.4203 0.8296 -0.3675
vn -0.3071 0.9090 0.2819
vn -0.2848 0.9532 -0.1018
vn 0.8863 0.4026 0.2289
vn 0.8846 0.4042 0.2328
vn 0.8771 0.4107 0.2491
vn 0.8932 0.3961 0.2128
vn 0.5247 0.3128 0.7917
vn 0.5254 0.3120 0.7916
vn 0.5146 0.3233 0.7942
vn 0.5352 0.3017 0.7890
vn 0.1967 0.8815 -0.4292
vn 0.0788 0.9688 -0.2352
vn 0.8961 0.3525 -0.2696
vn 0.9073 0.3333 -0.2563
vn 0.8196 0.4588 -0.3431
vn 0.9593 0.2199 -0.1773
vn 0.0917 0.9946 0.0490
vn 0.2623 0.9638 0.0481
vn -0.1834 0.9819 0.0475
vn 0.5325 0.8453 0.0431
vn -0.4904 0.8535 -0.1762
vn 0.7897 0.4642 -0.4011
vn 0.8708 0.4074 -0.2751
vn 0.6649 0.5168 -0.5392
vn 0.9357 0.3303 -0.1236
vn 0.3401 0.9105 0.2353
vn 0.3376 0.9127 0.2303
vn 0.3469 0.9043 0.2486
vn 0.3308 0.9184 0.2171
vn 0.2952 0.9382 -0.1806
vn 0.3046 0.9373 -0.1692
vn 0.5508 0.5189 0.6538
vn 0.5447 0.5300 0.6499
vn 0.5339 0.5492 0.6429
vn 0.5610 0.4994 0.6602
vn 0.3449 0.6185 -0.7061
vn 0.5688 0.5680 -0.5948
vn 0.1321 0.6297 -0.7655
vn 0.7249 0.4992 -0.4747
vn 0.8836 0.4507 -0.1269
vn 0.8838 0.4505 -0.1264
vn 0.6825 0.3926 -0.6165
vn 0.6833 0.3925 -0.6156
vn 0.6819 0.3926 -0.6171
vn 0.6839 0.3925 -0.6150
vn -0.7069 0.6083 -0.3608
vn -0.4488 0.6880 -0.5704
vn -0.4368 0.6926 -0.5741
vn -0.3448 0.7228 -0.5989
vn -0.4930 0.6697 -0.5554
vn 0.2038 0.6108 0.7651
vn 0.1999 0.6136 0.7639
vn 0.1791 0.6287 0.7568
vn 0.2240 0.5956 0.7714
vn 0.0149 0.8252 -0.5646
vn 0.1515 0.8297 -0.5372
vn -0.2850 0.7586 -0.5859
vn 0.4497 0.7795 -0.4360
vn 0.7353 0.3746 -0.5648
vn 0.7504 0.3722 -0.5462
vn 0.6832 0.3809 -0.6230
vn 0.7964 0.3630 -0.4837
vn 0.3706 0.5765 -0.7282
vn 0.4033 0.5807 -0.7072
vn 0.1301 0.5231 -0.8423
vn 0.6144 0.5851 -0.5294
vn 0.1551 0.8183 -0.5535
vn 0.1755 0.8080 -0.5624
vn 0.1122 0.8381 -0.5339
vn 0.2173 0.7854 -0.5796
vn 0.0382 0.6807 -0.7316
vn 0.1018 0.6750 -0.7308
vn -0.1424 0.6818 -0.7175
vn 0.2790 0.6438 -0.7125
vn -0.1236 0.7265 -0.6760
vn 0.0038 0.7683 -0.6400
vn -0.4567 0.5410 -0.7063
vn 0.3732 0.8035 -0.4638
vn 0.4895 0.7339 -0.4710
vn 0.6247 0.6746 -0.3933
vn 0.2645 0.7840 -0.5616
vn 0.7900 0.5548 -0.2609
vn -0.3282 0.8011 -0.5006
vn -0.3215 0.8050 -0.4987
vn -0.3531 0.7861 -0.5073
vn -0.2958 0.8192 -0.4913
vn 0.0488 0.9195 -0.3901
vn 0.0398 0.9193 -0.3915
vn -0.2551 0.8718 -0.4182
vn 0.3493 0.8791 -0.3245
vn 0.5563 0.8153 0.1606
vn 0.5587 0.8140 0.1586
vn 0.5695 0.8083 0.1494
vn 0.5453 0.8209 0.1698
vn -0.3750 0.9174 -0.1336
vn -0.3623 0.9239 -0.1230
vn -0.3930 0.9074 -0.1488
vn -0.3426 0.9334 -0.1066
vn -0.6781 0.6352 -0.3697
vn 0.9422 0.1937 0.2733
vn 0.9405 0.1967 0.2769
vn 0.9333 0.2092 0.2920
vn 0.9489 0.1813 0.2584
vn -0.4319 0.8244 -0.3658
vn -0.4353 0.8228 -0.3654
vn -0.4751 0.8026 -0.3607
vn -0.3935 0.8418 -0.3695
vn -0.6565 0.7538 -0.0274
vn -0.6376 0.7694 -0.0400
vn -0.7573 0.6514 0.0470
vn -0.5191 0.8473 -0.1122
vn 0.8633 0.3253 0.3858
vn -0.5081 0.8370 0.2030
vn -0.3173 0.9465 0.0592
vn -0.3149 0.9473 0.0587
vn -0.2232 0.9739 0.0414
vn -0.3591 0.9309 0.0671
vn 0.3557 0.8569 -0.3731
vn 0.6418 0.7080 -0.2947
vn 0.0121 0.9115 -0.4111
vn 0.8709 0.4598 -0.1737
vn -0.1045 0.9237 -0.3685
vn -0.1251 0.9236 -0.3623
vn -0.4250 0.8703 -0.2490
vn 0.2181 0.8699 -0.4423
vn 0.7857 0.5031 -0.3600
vn 0.7856 0.4998 -0.3649
vn 0.7859 0.5116 -0.3473
vn 0.7851 0.4914 -0.3771
vn -0.3382 0.9368 0.0901
vn -0.2067 0.9784 0.0053
vn -0.5021 0.8411 0.2012
vn -0.0279 0.9941 -0.1050
vn 0.5289 0.7398 -0.4159
vn 0.5947 0.7619 -0.2566
vn 0.4063 0.6688 -0.6226
vn 0.6595 0.7517 -0.0038
vn -0.4135 0.6019 -0.6832
vn -0.4132 0.6022 -0.6832
vn -0.4030 0.6102 -0.6821
vn -0.4242 0.5932 -0.6842
vn 0.2951 0.8115 0.5044
vn 0.2958 0.8109 0.5049
vn 0.2937 0.8128 0.5031
vn 0.2972 0.8096 0.5061
vn -0.3805 0.5466 -0.7459
vn -0.3807 0.5464 -0.7460
vn -0.3797 0.5478 -0.7455
vn -0.3815 0.5453 -0.7464
vn -0.2515 0.5788 -0.7757
vn 0.0016 0.6681 -0.7441
vn 0.0078 0.6719 -0.7406
vn 0.0491 0.6961 -0.7162
vn -0.0176 0.6560 -0.7545
vn 0.6715 0.6147 0.4139
vn 0.6738 0.6127 0.4130
vn 0.6393 0.6410 0.4248
vn 0.7040 0.5858 0.4015
vn -0.1851 0.4029 -0.8964
vn -0.1860 0.4012 -0.8969
vn -0.2030 0.3726 -0.9055
vn -0.1678 0.4310 -0.8866
vn -0.6377 0.7147 0.2872
vn -0.6414 0.7076 0.2964
vn -0.6302 0.7282 0.2693
vn -0.6484 0.6934 0.3143
vn -0.7734 0.3320 -0.5400
vn -0.7771 0.3260 -0.5384
vn -0.7600 0.3534 -0.5455
vn -0.7902 0.3037 -0.5322
vn -0.7011 0.7120 -0.0389
vn -0.6974 0.7121 -0.0814
vn -0.6844 0.6643 0.3006
vn -0.6140 0.6598 -0.4332
vn 0.5387 0.7828 -0.3116
vn 0.5340 0.7875 -0.3079
vn 0.5161 0.8045 -0.2940
vn 0.5559 0.7651 -0.3251
vn -0.4044 0.5760 -0.7104
vn -0.6517 0.6510 -0.3893
vn -0.1629 0.5172 -0.8402
vn -0.1583 0.5116 -0.8445
vn -0.1751 0.5322 -0.8283
vn -0.1461 0.4963 -0.8557
vn -0.3014 0.0027 -0.9535
vn -0.3016 0.0026 -0.9534
vn -0.4076 -0.0936 -0.9084
vn -0.1893 0.0982 -0.9770
vn -0.9274 0.0667 -0.3681
vn -0.9177 0.0806 -0.3889
vn -0.9884 -0.0883 -0.1238
vn -0.7802 0.2199 -0.5856
vn -0.5903 0.2778 -0.7579
vn -0.5435 0.2817 -0.7907
vn -0.7258 0.2594 -0.6371
vn -0.3872 0.2878 -0.8759
vn 0.0329 0.8399 0.5418
vn 0.0269 0.8399 0.5420
vn 0.0158 0.8400 0.5424
vn 0.0438 0.8396 0.5414
vn 0.0285 0.5424 -0.8396
vn -0.3205 0.4580 -0.8292
vn -0.6487 0.4704 -0.5982
vn -0.5591 0.4821 -0.6746
vn -0.7606 0.4423 -0.4752
vn -0.4202 0.4871 -0.7656
vn -0.5730 0.4049 0.7125
vn -0.6154 0.4158 0.6696
vn -0.2838 0.3114 0.9069
vn -0.8197 0.4469 0.3582
vn 0.5103 0.7885 -0.3432
vn 0.5098 0.7895 -0.3417
vn 0.5041 0.8009 -0.3232
vn 0.5156 0.7770 -0.3611
vn 0.2505 0.9607 -0.1193
vn 0.2529 0.9602 -0.1189
vn 0.2467 0.9617 -0.1199
vn 0.2566 0.9593 -0.1183
vn -0.0898 0.9161 0.3906
vn -0.0832 0.9187 0.3860
vn -0.1943 0.8664 0.4600
vn 0.0202 0.9501 0.3112
vn -0.4492 0.3481 -0.8228
vn -0.8463 0.0916 -0.5247
vn -0.7149 0.1948 -0.6716
vn -0.9678 -0.0813 -0.2381
vn -0.3995 0.3512 -0.8468
vn 0.5345 0.4736 -0.7000
vn 0.5591 0.7027 -0.4400
vn 0.5570 0.7071 -0.4356
vn 0.5058 0.7928 -0.3402
vn 0.5805 0.6544 -0.4845
vn -0.0702 0.3238 -0.9435
vn 0.1677 0.6328 -0.7559
vn -0.2458 0.0425 -0.9684
vn 0.3441 0.8020 -0.4883
vn -0.9560 -0.0644 -0.2863
vn -0.9614 -0.0680 -0.2666
vn -0.9865 -0.0908 -0.1361
vn -0.9119 -0.0407 -0.4085
vn -0.1362 0.9826 0.1266
vn -0.1363 0.9826 0.1265
vn -0.1377 0.9825 0.1251
vn -0.1348 0.9826 0.1280
vn 0.2723 0.1317 -0.9532
vn 0.3342 0.1493 -0.9306
vn 0.1480 0.0956 -0.9844
vn 0.4422 0.1794 -0.8788
vn 0.1013 0.9244 -0.3676
vn 0.0915 0.9254 -0.3677
vn 0.1111 0.9234 -0.3675
vn 0.0823 0.9263 -0.3678
vn 0.9178 0.2752 -0.2862
vn 0.9089 0.2674 -0.3200
vn 0.9078 0.2664 -0.3240
vn 0.4339 0.2815 -0.8559
vn 0.8962 0.2572 -0.3614
vn 0.4726 0.4562 -0.7540
vn 0.4866 0.8713 0.0645
vn 0.0345 0.9934 -0.1092
vn 0.0351 0.9936 -0.1075
vn 0.0290 0.9917 -0.1253
vn 0.0404 0.9950 -0.0916
vn 0.7188 -0.0542 -0.6931
vn 0.6182 -0.1307 -0.7751
vn 0.6245 -0.1263 -0.7707
vn -0.0719 -0.1735 -0.9822
vn 0.4918 -0.2112 -0.8447
vn 0.5417 0.7203 -0.4332
vn 0.5869 0.7725 -0.2425
vn 0.4996 0.6696 -0.5496
vn 0.6028 0.7888 -0.1200
vn 0.4062 0.0537 -0.9122
vn 0.2396 -0.0016 -0.9709
vn -0.0727 -0.3462 -0.9353
vn -0.1003 -0.4167 -0.9035
vn -0.9427 0.3196 -0.0959
vn -0.9390 0.3311 -0.0927
vn -0.9709 0.2040 -0.1259
vn -0.8919 0.4484 -0.0591
vn 0.1871 0.1056 -0.9766
vn 0.2305 0.1655 -0.9589
vn -0.0340 -0.1878 -0.9816
vn 0.4252 0.4482 -0.7863
vn -0.2221 0.3497 -0.9102
vn -0.3661 0.2321 -0.9012
vn -0.3358 0.2715 -0.9020
vn -0.4333 0.1378 -0.8907
vn -0.2657 0.3565 -0.8957
vn 0.2404 0.8025 -0.5460
vn 0.2356 0.8073 -0.5411
vn 0.2454 0.7977 -0.5509
vn 0.2308 0.8119 -0.5363
vn -0.7066 0.6474 0.2857
vn -0.8500 0.5266 0.0121
vn 0.6234 0.7200 -0.3048
vn 0.6212 0.7219 -0.3050
vn 0.6264 0.7176 -0.3046
vn 0.6184 0.7242 -0.3052
vn 0.9079 0.4176 0.0364
vn 0.7793 0.6004 -0.1796
vn 0.5726 0.7579 0.3125
vn 0.7622 0.3058 -0.5705
vn 0.4639 0.7591 0.4567
vn -0.5929 -0.0384 -0.8044
vn -0.5925 -0.0352 -0.8048
vn -0.5943 -0.0522 -0.8026
vn -0.5910 -0.0212 -0.8064
vn 0.1411 -0.1979 -0.9700
vn 0.1407 -0.1984 -0.9700
vn 0.0042 -0.3661 -0.9306
vn 0.2705 -0.0210 -0.9625
vn 0.0856 0.6669 -0.7402
vn 0.1712 0.6803 -0.7127
vn -0.1591 0.5994 -0.7845
vn 0.4245 0.6858 -0.5912
vn 0.0454 0.1151 -0.9923
vn 0.1230 0.2073 -0.9705
vn -0.1863 -0.1657 -0.9684
vn 0.3486 0.4697 -0.8111
vn -0.1804 -0.1456 -0.9728
vn -0.0802 -0.0476 -0.9956
vn -0.3925 -0.3551 -0.8485
vn 0.1651 0.1895 -0.9679
vn 0.1018 -0.0542 -0.9933
vn 0.1055 -0.0545 -0.9929
vn 0.0779 -0.0521 -0.9956
vn 0.1294 -0.0566 -0.9900
vn 0.6930 0.6823 0.2328
vn 0.4753 0.8276 0.2986
vn 0.8809 0.4534 0.1361
vn 0.1693 0.9219 0.3485
vn 0.0135 0.4733 -0.8808
vn 0.3778 0.3253 -0.8668
vn -0.0805 0.5679 -0.8192
vn -0.1061 0.6945 -0.7116
vn -0.0418 0.3689 -0.9285
vn -0.1346 0.8283 -0.5439
vn 0.2273 0.9509 0.2100
vn 0.6409 0.7615 0.0964
vn 0.8407 0.4691 -0.2704
vn -0.1943 0.3699 -0.9085
vn -0.1847 0.3645 -0.9127
vn -0.0710 0.2989 -0.9516
vn -0.3001 0.4260 -0.8535
vn 0.7700 0.6281 0.1119
vn 0.6988 0.6651 0.2632
vn 0.8240 0.5628 -0.0662
vn 0.5969 0.6832 0.4207
vn -0.5239 0.8012 0.2891
vn -0.5220 0.8030 0.2875
vn -0.5297 0.7956 0.2939
vn -0.5163 0.8085 0.2826
vn -0.5972 0.6450 0.4767
vn -0.5959 0.6491 0.4728
vn -0.5903 0.6657 0.4565
vn -0.6024 0.6281 0.4925
vn -0.7099 0.6276 0.3196
vn -0.7088 0.6303 0.3166
vn -0.7035 0.6433 0.3021
vn -0.7149 0.6145 0.3337
vn 0.4403 0.1861 0.8783
vn 0.4407 0.1849 0.8784
vn 0.4446 0.1743 0.8786
vn 0.4364 0.1966 0.8780
vn -0.5546 0.7874 0.2693
vn -0.5532 0.7892 0.2667
vn -0.5385 0.8077 0.2400
vn -0.5682 0.7682 0.2951
vn 0.0240 0.6366 -0.7708
vn 0.0271 0.6352 -0.7719
vn 0.1225 0.5868 -0.8004
vn -0.0746 0.6780 -0.7313
vn 0.7835 0.2474 0.5701
vn 0.7896 0.2388 0.5653
vn 0.8249 0.1850 0.5341
vn 0.7459 0.2967 0.5963
vn 0.8013 0.5939 -0.0715
vn 0.7947 0.6038 -0.0622
vn 0.8072 0.5849 -0.0798
vn 0.7881 0.6132 -0.0533
vn -0.2970 0.9543 0.0329
vn -0.3068 0.9506 0.0475
vn -0.2156 0.9730 -0.0828
vn -0.3805 0.9107 0.1610
vn 0.9497 0.2953 0.1040
vn 0.9350 0.3233 0.1455
vn 0.9790 0.2019 -0.0282
vn 0.8725 0.4054 0.2727
vn 0.6836 0.7298 -0.0074
vn 0.5542 0.7897 -0.2631
vn 0.6597 0.7472 -0.0798
vn 0.6579 0.7524 -0.0343
vn 0.6340 0.6679 -0.3897
vn 0.6003 0.7401 0.3032
vn 0.3404 0.6722 -0.6575
vn 0.2776 0.7314 -0.6229
vn 0.5126 0.4568 -0.7270
vn 0.0793 0.8681 -0.4901
vn -0.1603 0.8085 0.5662
vn -0.1766 0.8078 0.5624
vn 0.0062 0.8034 0.5955
vn -0.3379 0.7875 0.5154
vn -0.5849 0.8104 -0.0333
vn -0.5859 0.8097 -0.0326
vn -0.5783 0.8150 -0.0374
vn -0.5924 0.8052 -0.0286
vn 0.0530 0.3834 -0.9221
vn 0.5586 0.2518 -0.7903
vn 0.0981 0.9723 0.2123
vn 0.1088 0.9740 0.1987
vn 0.0753 0.9677 0.2408
vn 0.1309 0.9767 0.1702
vn -0.4711 0.6167 0.6307
vn -0.0051 0.5586 0.8294
vn -0.0750 0.5812 0.8103
vn 0.2271 0.4602 0.8583
vn -0.3054 0.6323 0.7120
vn -0.4526 0.3485 -0.8208
vn -0.4458 0.3549 -0.8217
vn -0.4290 0.3706 -0.8238
vn -0.4691 0.3326 -0.8181
vn 0.6895 0.4921 0.5315
vn 0.6621 0.4790 0.5763
vn 0.7560 0.5213 0.3959
vn 0.5794 0.4370 0.6880
vn 0.2656 0.9607 -0.0800
vn 0.1268 0.9901 -0.0594
vn 0.6259 0.7692 -0.1289
vn -0.3105 0.9505 0.0109
vn -0.1094 0.9846 0.1365
vn -0.1762 0.9700 0.1677
vn 0.0774 0.9959 0.0468
vn -0.3551 0.9012 0.2487
vn -0.8217 0.2832 0.4946
vn -0.5931 0.4853 0.6424
vn -0.3646 0.6492 0.6676
vn -0.6221 0.4907 0.6101
vn -0.3928 0.6542 0.6464
vn -0.1282 0.7280 0.6735
vn -0.1167 0.7243 0.6796
vn -0.0544 0.7018 0.7103
vn -0.1861 0.7449 0.6407
vn -0.6901 0.4416 -0.5733
vn -0.6559 0.7071 -0.2643
vn -0.4350 0.7811 0.4479
vn -0.5190 0.7681 0.3752
vn -0.1622 0.7632 0.6255
vn -0.7303 0.6707 0.1295
vn -0.4138 0.9012 0.1286
vn -0.4048 0.9075 0.1120
vn -0.4261 0.8918 0.1518
vn -0.3910 0.9163 0.0870
vn -0.6155 0.7521 -0.2358
vn -0.6145 0.7523 -0.2376
vn -0.7103 0.7038 -0.0073
vn -0.4773 0.7518 -0.4549
vn -0.6647 0.7459 0.0428
vn -0.6565 0.7542 0.0175
vn -0.7223 0.6033 0.3381
vn -0.5157 0.8069 -0.2881
vn -0.8950 0.3287 0.3017
vn -0.8959 0.3302 0.2973
vn -0.8423 0.2606 0.4718
vn -0.9151 0.3856 0.1175
vn -0.7669 0.6044 -0.2159
vn -0.6304 0.6051 0.4863
vn -0.6371 0.6116 0.4691
vn -0.5604 0.5381 0.6296
vn -0.6836 0.6561 0.3196
vn 0.7509 0.5296 0.3947
vn 0.4559 0.7157 0.5291
vn 0.4507 0.7190 0.5291
vn 0.3603 0.7706 0.5257
vn 0.4998 0.6862 0.5285
vn -0.0953 0.6922 0.7154
vn -0.1040 0.7045 0.7021
vn -0.0393 0.6078 0.7931
vn -0.1557 0.7726 0.6156
vn -0.5056 0.8462 0.1681
vn -0.5237 0.8359 0.1641
vn -0.4818 0.8590 0.1732
vn -0.5467 0.8221 0.1589
vn -0.1967 0.8133 0.5476
vn -0.2407 0.7966 0.5546
vn -0.1704 0.8223 0.5429
vn -0.2662 0.7859 0.5581
vn -0.9806 0.1878 0.0569
vn -0.9841 0.1727 0.0428
vn -0.9564 0.2627 0.1275
vn -0.9945 0.1021 -0.0223
vn -0.9072 0.3769 -0.1868
vn -0.9310 0.2896 -0.2223
vn -0.8483 0.5148 -0.1236
vn -0.9507 0.1433 -0.2749
vn -0.3136 0.8343 -0.4535
vn -0.3102 0.8380 -0.4490
vn -0.3231 0.8235 -0.4664
vn -0.3006 0.8483 -0.4359
vn 0.2059 0.5257 0.8253
vn 0.1974 0.5323 0.8232
vn 0.2766 0.4683 0.8392
vn 0.1273 0.5830 0.8024
vn -0.5058 0.7403 0.4429
vn -0.9136 0.3408 0.2219
vn -0.9131 0.3352 0.2321
vn -0.9104 0.3144 0.2687
vn -0.9141 0.3605 0.1853
vn 0.4243 0.7257 -0.5416
vn -0.0153 0.6015 -0.7987
vn 0.0365 0.5969 -0.8015
vn -0.2392 0.6024 -0.7615
vn 0.2608 0.5578 -0.7880
vn -0.9618 0.2601 -0.0857
vn -0.9605 0.2617 -0.0948
vn -0.9691 0.2465 -0.0129
vn -0.9472 0.2736 -0.1670
vn 0.5546 0.8321 0.0049
vn 0.5475 0.8368 0.0057
vn 0.5672 0.8235 0.0035
vn 0.5348 0.8450 0.0071
vn 0.5956 0.6953 -0.4023
vn 0.6817 0.6419 -0.3510
vn 0.3622 0.7851 -0.5024
vn 0.8429 0.4915 -0.2191
vn 0.4517 0.6997 -0.5535
vn 0.5761 0.6609 -0.4809
vn 0.2890 0.7257 -0.6244
vn 0.7098 0.5941 -0.3785
vn 0.5038 0.8635 0.0226
vn 0.4933 0.8697 0.0166
vn 0.5148 0.8568 0.0290
vn 0.4821 0.8760 0.0103
vn 0.4737 0.8678 -0.1504
vn 0.4500 0.8765 -0.1712
vn 0.4896 0.8613 -0.1361
vn 0.4338 0.8818 -0.1851
vn 0.3516 0.8061 0.4760
vn 0.3941 0.7817 0.4833
vn -0.8999 0.2866 -0.3286
vn -0.9016 0.2835 -0.3267
vn -0.8961 0.2936 -0.3328
vn -0.9052 0.2767 -0.3225
vn 0.3124 0.9297 -0.1950
vn 0.2907 0.9377 -0.1901
vn 0.3986 0.8919 -0.2139
vn 0.2063 0.9636 -0.1702
vn 0.1269 0.7963 0.5914
vn -0.2642 0.9306 0.2533
vn -0.2766 0.9280 0.2495
vn -0.3942 0.8948 0.2096
vn -0.1466 0.9466 0.2873
vn 0.2181 0.8442 -0.4896
vn 0.2431 0.8777 -0.4130
vn 0.1147 0.6703 -0.7332
vn 0.3217 0.9428 -0.0872
vn 0.4390 0.4252 -0.7915
vn 0.4765 0.6765 -0.5615
vn 0.4733 0.6852 -0.5536
vn 0.4531 0.7342 -0.5056
vn 0.4847 0.6527 -0.5823
vn 0.4937 0.7581 -0.4261
vn 0.5005 0.7866 -0.3615
vn 0.4547 0.6396 -0.6198
vn 0.5050 0.8518 -0.1395
vn -0.6913 0.6110 0.3858
vn -0.6924 0.6116 0.3828
vn -0.6991 0.6149 0.3648
vn -0.6844 0.6075 0.4031
vn 0.0831 0.6246 -0.7765
vn 0.1025 0.6213 -0.7769
vn 0.0620 0.6280 -0.7757
vn 0.1230 0.6174 -0.7770
vn -0.8510 0.1586 -0.5007
vn -0.8742 0.1884 -0.4475
vn -0.8014 0.1047 -0.5889
vn -0.9051 0.2370 -0.3530
vn 0.3492 0.6712 -0.6538
vn 0.3772 0.6818 -0.6267
vn 0.3328 0.6646 -0.6690
vn 0.3929 0.6874 -0.6108
vn -0.0902 0.1566 -0.9835
vn -0.0924 0.1544 -0.9837
vn 0.1472 0.2315 -0.9616
vn 0.1351 0.2222 -0.9656
vn 0.1255 0.2148 -0.9686
vn 0.1567 0.2388 -0.9583
vn 0.3427 0.9083 0.2400
vn 0.1077 0.9537 0.2808
vn 0.6866 0.7133 0.1406
vn -0.3342 0.8895 0.3117
vn 0.4198 0.8796 -0.2239
vn 0.3546 0.9300 -0.0964
vn 0.4964 0.7715 -0.3980
vn 0.2379 0.9656 0.1049
vn -0.0958 0.9041 0.4165
vn 0.0160 0.9976 0.0668
vn -0.5037 0.8529 0.1373
vn -0.4707 0.8696 0.1490
vn -0.6784 0.7317 0.0663
vn -0.2841 0.9362 0.2070
vn -0.1336 0.8376 0.5298
vn -0.1342 0.8380 0.5289
vn -0.1320 0.8364 0.5319
vn -0.1357 0.8391 0.5267
vn -0.8472 0.5236 0.0903
vn -0.8463 0.5256 0.0872
vn -0.8391 0.5401 0.0641
vn -0.8535 0.5086 0.1131
vn -0.6103 0.7836 0.1161
vn -0.6131 0.7804 0.1224
vn -0.5957 0.7987 0.0850
vn -0.6263 0.7645 0.1524
vn -0.6742 0.7178 0.1740
vn -0.6774 0.7135 0.1791
vn -0.6668 0.7274 0.1621
vn -0.6844 0.7038 0.1907
vn -0.2539 0.1298 -0.9585
vn -0.2502 0.1241 -0.9602
vn -0.2625 0.1434 -0.9542
vn -0.2416 0.1107 -0.9640
vn 0.7391 0.5880 -0.3286
vn 0.7318 0.6010 -0.3213
vn 0.7759 0.5130 -0.3672
vn 0.6879 0.6697 -0.2798
vn -0.9440 0.1848 0.2734
vn -0.9555 0.1437 0.2576
vn -0.9143 0.2678 0.3040
vn -0.9716 0.0673 0.2271
vn 0.4909 0.8699 0.0474
vn 0.4457 0.8912 0.0844
vn 0.6722 0.7300 -0.1235
vn 0.2185 0.9437 0.2485
vn -0.1702 0.5747 -0.8005
vn -0.1724 0.5686 -0.8044
vn -0.1452 0.6404 -0.7542
vn -0.1951 0.5016 -0.8428
vn -0.7698 0.4520 0.4507
vn -0.8553 0.3166 0.4102
vn -0.6555 0.5828 0.4802
vn -0.9185 0.1693 0.3573
vn -0.1582 0.8836 -0.4407
vn -0.1241 0.8402 -0.5279
vn -0.2321 0.9483 -0.2162
vn -0.0387 0.7030 -0.7102
vn -0.5148 0.6311 -0.5803
vn -0.4985 0.6338 -0.5915
vn -0.5543 0.6233 -0.5515
vn -0.4574 0.6393 -0.6181
vn -0.6516 0.7476 0.1283
vn -0.6325 0.7679 0.1010
vn -0.7660 0.5487 0.3348
vn -0.4461 0.8868 -0.1212
vn -0.8500 0.4623 -0.2524
vn 0.2336 0.6001 -0.7651
vn 0.2457 0.6119 -0.7519
vn 0.2935 0.6570 -0.6944
vn 0.1846 0.5503 -0.8143
vn -0.2494 0.4172 -0.8739
vn -0.2464 0.4256 -0.8707
vn -0.2376 0.4497 -0.8610
vn -0.2579 0.3929 -0.8827
vn -0.7607 0.6484 -0.0314
vn -0.7560 0.6520 -0.0585
vn -0.7766 0.5936 0.2110
vn -0.6874 0.6619 -0.2990
vn -0.4218 0.8639 0.2752
vn 0.6239 0.7758 -0.0938
vn 0.6288 0.7456 -0.2206
vn 0.5991 0.7959 0.0872
vn 0.6192 0.6880 -0.3785
vn -0.6465 0.7484 -0.1483
vn -0.6452 0.7496 -0.1479
vn -0.6478 0.7472 -0.1488
vn -0.6439 0.7507 -0.1474
vn -0.5889 0.5635 -0.5793
vn -0.5924 0.5606 -0.5786
vn -0.5481 0.5966 -0.5862
vn -0.6314 0.5259 -0.5700
vn -0.6336 0.6485 -0.4219
vn -0.6417 0.6397 -0.4231
vn -0.6226 0.6600 -0.4204
vn -0.6521 0.6282 -0.4244
vn 0.7441 0.6418 -0.1856
vn 0.7431 0.6439 -0.1820
vn 0.7342 0.6622 -0.1500
vn 0.7518 0.6227 -0.2170
vn 0.6472 0.2541 0.7187
vn 0.6663 0.3783 0.6426
vn 0.6079 0.1041 0.7871
vn 0.6700 0.5197 0.5301
vn -0.4915 0.8412 0.2256
vn -0.7929 0.0104 0.6093
vn -0.7712 0.3391 0.5388
vn -0.9832 0.0663 0.1701
vn -0.3553 0.5272 0.7719
vn -0.9985 -0.0539 0.0016
vn -0.8923 0.4475 0.0603
vn -0.9359 0.3415 -0.0868
vn -0.8444 0.5112 0.1601
vn -0.9468 0.2659 -0.1812
vn -0.2966 0.6571 -0.6930
vn -0.3052 0.6427 -0.7027
vn -0.2825 0.6800 -0.6766
vn -0.3184 0.6195 -0.7175
vn 0.5942 0.6097 -0.5246
vn 0.5941 0.6099 -0.5244
vn 0.5944 0.6092 -0.5250
vn 0.5940 0.6104 -0.5241
vn 0.9326 0.0331 0.3595
vn 0.9246 0.0457 0.3782
vn 0.9502 0.0014 0.3116
vn 0.9023 0.0772 0.4241
vn 0.1414 0.6065 -0.7824
vn 0.1455 0.6103 -0.7787
vn 0.1338 0.5994 -0.7892
vn 0.1530 0.6173 -0.7717
vn 0.0168 0.6384 0.7695
vn -0.0122 0.6550 0.7555
vn 0.1659 0.5396 0.8254
vn -0.1605 0.7264 0.6683
vn -0.7063 0.4082 -0.5783
vn -0.6926 0.3713 -0.6184
vn -0.7158 0.4371 -0.5446
vn -0.6798 0.3403 -0.6497
vn -0.7214 0.6783 0.1395
vn -0.7523 0.6545 0.0753
vn -0.6188 0.7231 0.3069
vn -0.8137 0.5731 -0.0974
vn 0.0520 0.4389 -0.8970
vn 0.0521 0.4341 -0.8993
vn 0.0517 0.4535 -0.8897
vn 0.0523 0.4195 -0.9062
vn -0.7750 0.6315 -0.0259
vn -0.7760 0.6304 -0.0204
vn -0.7830 0.6218 0.0191
vn -0.7664 0.6389 -0.0658
vn -0.5527 0.8329 -0.0286
vn -0.5562 0.8291 -0.0563
vn -0.5074 0.8390 0.1966
vn -0.5686 0.7713 -0.2860
vn -0.0857 0.5935 0.8003
vn -0.1230 0.5913 0.7970
vn 0.2017 0.5818 0.7879
vn -0.4054 0.5464 0.7329
vn 0.9321 0.3619 -0.0134
vn 0.9322 0.3615 -0.0192
vn 0.9242 0.3751 -0.0711
vn 0.9371 0.3476 0.0333
vn -0.1574 0.4946 0.8547
vn -0.1878 0.4707 0.8621
vn -0.0559 0.5678 0.8213
vn -0.2796 0.3924 0.8763
vn 0.2949 0.9279 -0.2283
vn 0.5426 0.8397 -0.0225
vn -0.8974 0.4287 -0.1046
vn -0.8971 0.4292 -0.1050
vn -0.8882 0.4446 -0.1156
vn -0.9056 0.4134 -0.0943
vn -0.8010 0.5867 -0.1190
vn -0.7997 0.5884 -0.1194
vn -0.8041 0.5826 -0.1181
vn -0.7967 0.5924 -0.1202
vn -0.4059 0.4880 0.7727
vn -0.4329 0.4527 0.7795
vn -0.3391 0.5675 0.7503
vn -0.4895 0.3710 0.7891
vn -0.8924 0.4456 0.0705
vn -0.8795 0.4691 0.0805
vn -0.9010 0.4292 0.0636
vn -0.8706 0.4843 0.0870
vn -0.8731 0.1737 0.4556
vn -0.9327 -0.0111 0.3605
vn -0.8072 0.2980 0.5095
vn -0.9480 -0.1289 0.2909
vn -0.3050 0.9160 0.2607
vn -0.3778 0.9015 0.2109
vn 0.0464 0.8896 0.4543
vn -0.6735 0.7380 -0.0412
vn 0.6236 0.6107 -0.4881
vn 0.0688 0.9976 -0.0119
vn 0.0689 0.9976 -0.0118
vn 0.0701 0.9975 -0.0109
vn 0.0676 0.9976 -0.0128
vn 0.1177 0.8772 0.4654
vn -0.0316 0.8909 0.4531
vn 0.4503 0.7693 0.4532
vn -0.3849 0.8405 0.3814
vn -0.6780 0.5814 -0.4498
vn -0.6706 0.5818 -0.4602
vn -0.8371 0.5303 -0.1345
vn -0.4140 0.5543 -0.7220
vn -0.2451 0.6714 -0.6994
vn -0.1926 0.9203 -0.3405
vn 0.3886 0.4318 -0.8139
vn 0.3876 0.4315 -0.8146
vn 0.4574 0.4537 -0.7648
vn 0.3165 0.4065 -0.8571
vn -0.6976 0.6162 0.3656
vn -0.7221 0.5945 0.3536
vn -0.6682 0.6403 0.3789
vn -0.7497 0.5683 0.3391
vn -0.6725 0.7366 -0.0716
vn -0.8118 0.5766 0.0928
vn -0.7112 0.6672 -0.2214
vn -0.7010 0.6741 -0.2330
vn -0.6012 0.7267 -0.3323
vn -0.7541 0.6345 -0.1697
vn 0.7438 0.6681 -0.0216
vn 0.7430 0.6690 -0.0209
vn 0.7457 0.6659 -0.0230
vn 0.7411 0.6711 -0.0195
vn -0.5755 0.7729 -0.2673
vn -0.4143 0.7759 -0.4758
vn -0.7255 0.6874 0.0335
vn -0.1569 0.6965 -0.7002
vn -0.5335 0.6470 0.5447
vn -0.5352 0.6447 0.5459
vn -0.5303 0.6514 0.5426
vn -0.5385 0.6401 0.5480
vn -0.7601 0.5993 -0.2511
vn -0.6927 0.6541 -0.3038
vn -0.9268 0.3712 -0.0567
vn -0.4263 0.7838 -0.4516
vn 0.3276 0.9443 0.0307
vn -0.4380 0.4964 -0.7495
vn -0.4193 0.4856 -0.7671
vn -0.5133 0.5378 -0.6688
vn -0.3428 0.4395 -0.8303
vn -0.0578 0.8143 -0.5776
vn -0.0573 0.8149 -0.5768
vn -0.0602 0.8109 -0.5820
vn -0.0550 0.8181 -0.5724
vn -0.3424 0.9052 -0.2518
vn -0.1302 0.8205 -0.5566
vn -0.4853 0.8735 0.0393
vn 0.0617 0.6588 -0.7498
vn -0.5466 -0.0192 0.8372
vn -0.5631 0.0155 0.8263
vn -0.4209 -0.2395 0.8749
vn -0.6476 0.2389 0.7235
vn -0.9523 0.3047 0.0144
vn -0.9523 0.3052 0.0017
vn -0.9367 0.2917 0.1936
vn -0.9351 0.3077 -0.1761
vn -0.9292 0.2733 0.2487
vn -0.9360 0.2867 0.2040
vn -0.8488 0.1837 0.4958
vn -0.9343 0.3512 -0.0613
vn -0.7433 -0.1153 0.6589
vn -0.6993 0.2530 0.6686
vn -0.9524 0.2687 0.1437
vn -0.2973 0.1724 0.9391
vn -0.9663 0.2545 -0.0378
vn 0.8406 0.2572 0.4768
vn 0.6546 0.2573 0.7108
vn 0.6415 0.2636 0.7204
vn 0.4353 0.3437 0.8321
vn 0.7399 0.2117 0.6386
vn -0.0326 0.9191 -0.3927
vn -0.0359 0.9187 -0.3932
vn 0.0536 0.9251 -0.3759
vn -0.1196 0.9058 -0.4065
vn -0.1202 0.0083 0.9927
vn -0.0625 -0.0833 0.9946
vn -0.1726 0.0934 0.9806
vn -0.1552 0.1152 0.9811
vn -0.2371 0.2385 0.9418
vn -0.0306 -0.0674 0.9973
vn -0.3483 0.4109 0.8425
vn -0.0887 0.2865 0.9540
vn -0.0919 0.2902 0.9526
vn 0.0376 0.1411 0.9893
vn -0.2167 0.4264 0.8782
vn -0.4826 0.1821 0.8567
vn -0.4819 0.1771 0.8582
vn -0.4784 0.1537 0.8646
vn -0.4857 0.2055 0.8496
vn 0.1330 0.9441 -0.3016
vn 0.1423 0.9450 -0.2946
vn 0.1640 0.9464 -0.2782
vn 0.1113 0.9417 -0.3175
vn -0.1193 0.1142 0.9863
vn -0.1282 0.1203 0.9844
vn 0.1794 -0.0925 0.9794
vn -0.4181 0.3165 0.8515
vn -0.3679 0.7668 0.5260
vn -0.3766 0.7679 0.5181
vn -0.2105 0.7300 0.6502
vn -0.5179 0.7710 0.3706
vn 0.6847 0.4193 -0.5962
vn 0.6885 0.4231 -0.5891
vn 0.7047 0.4396 -0.5569
vn 0.6668 0.4015 -0.6279
vn -0.5337 0.7818 -0.3224
vn -0.3759 0.2448 0.8937
vn -0.3932 0.2755 0.8772
vn -0.3167 0.1441 0.9375
vn -0.4436 0.3689 0.8168
vn -0.3357 0.9399 0.0627
vn -0.6006 0.7910 0.1163
vn 0.2624 0.4493 0.8540
vn 0.2625 0.4492 0.8540
vn 0.2619 0.4498 0.8539
vn 0.2630 0.4487 0.8541
vn 0.8497 0.4508 0.2736
vn 0.8494 0.4511 0.2738
vn 0.8505 0.4497 0.2729
vn 0.8486 0.4522 0.2745
vn 0.7247 0.1720 0.6672
vn 0.6112 0.2364 0.7553
vn 0.5159 0.1564 0.8423
vn -0.0998 0.6260 -0.7734
vn -0.4979 0.6421 -0.5829
vn -0.9613 0.0391 -0.2726
vn -0.9612 0.0395 -0.2729
vn -0.9607 0.0414 -0.2745
vn -0.9619 0.0373 -0.2710
vn -0.9947 0.1031 -0.0044
vn -0.9839 0.1515 -0.0951
vn -0.9562 -0.0598 0.2867
vn -0.8756 0.2967 -0.3811
vn -0.6893 0.6014 0.4040
vn -0.6932 0.5873 0.4178
vn -0.7169 0.4331 0.5464
vn -0.6364 0.7259 0.2609
vn 0.6490 0.6154 0.4474
vn 0.6404 0.6200 0.4533
vn 0.5985 0.6409 0.4807
vn 0.6891 0.5920 0.4180
vn -0.1680 0.2673 0.9489
vn -0.2356 0.3193 0.9179
vn 0.0843 0.0641 0.9944
vn -0.4596 0.4820 0.7460
vn 0.8158 0.5286 0.2347
vn 0.8092 0.5296 0.2542
vn 0.7807 0.5314 0.3287
vn 0.8373 0.5227 0.1602
vn -0.6989 0.6539 0.2896
vn -0.6995 0.6532 0.2899
vn -0.6958 0.6580 0.2878
vn -0.7026 0.6491 0.2917
vn -0.7012 0.7124 0.0295
vn -0.6578 0.7514 -0.0523
vn -0.7791 0.5812 0.2349
vn -0.5061 0.8187 -0.2713
vn 0.1028 -0.0071 0.9947
vn 0.0536 0.0207 0.9983
vn 0.2499 -0.0913 0.9639
vn -0.0963 0.1045 0.9898
vn 0.6036 0.4377 0.6664
vn 0.0812 0.9608 -0.2650
vn 0.0814 0.9612 -0.2637
vn 0.0804 0.9596 -0.2695
vn 0.0821 0.9623 -0.2592
vn -0.7017 0.6128 -0.3634
vn -0.6695 0.6105 -0.4232
vn -0.7603 0.6081 -0.2283
vn -0.5915 0.5963 -0.5427
vn -0.1102 0.9181 -0.3808
vn -0.1076 0.9231 -0.3691
vn -0.1154 0.9073 -0.4043
vn -0.1023 0.9328 -0.3455
vn -0.3769 0.9130 -0.1562
vn -0.2354 0.8842 -0.4034
vn -0.4791 0.8741 0.0804
vn -0.0927 0.7972 -0.5965
vn -0.6606 0.3007 0.6879
vn -0.6605 0.2985 0.6889
vn -0.6618 0.3496 0.6632
vn -0.6572 0.2474 0.7119
vn 0.4794 0.8500 -0.2185
vn 0.4709 0.8494 -0.2382
vn 0.5259 0.8449 -0.0983
vn 0.4177 0.8388 -0.3491
vn 0.2992 0.9408 0.1597
vn 0.1887 -0.3956 0.8988
vn 0.2035 -0.4006 0.8934
vn 0.2818 -0.4259 0.8598
vn 0.1100 -0.3671 0.9236
vn 0.1832 0.9303 0.3178
vn 0.1802 0.9322 0.3140
vn 0.2030 0.9171 0.3432
vn 0.1607 0.9438 0.2888
vn -0.2865 -0.1582 0.9449
vn -0.3287 -0.1049 0.9386
vn -0.1289 -0.3380 0.9323
vn -0.4665 0.0891 0.8800
vn 0.4107 0.7938 0.4485
vn 0.4159 0.7963 0.4393
vn 0.3906 0.7835 0.4833
vn 0.4344 0.8045 0.4050
vn 0.5856 0.1476 0.7970
vn 0.5859 0.1471 0.7969
vn 0.5932 0.1363 0.7935
vn 0.5782 0.1586 0.8004
vn -0.3163 0.2352 0.9191
vn -0.3598 0.3386 0.8694
vn -0.2473 0.0845 0.9652
vn -0.4127 0.4779 0.7754
vt 0.731718 0.247902
vt 0.733964 0.273689
vt 0.727387 0.247872
vt 0.696826 0.414094
vt 0.692730 0.448160
vt 0.685905 0.414099
vt 0.701344 0.414282
vt 0.000256 0.503906
vt 0.996094 0.964157
vt 0.002035 0.982329
vt 0.996094 0.503906
vt -0.001094 0.503906
vt 0.996139 0.976225
vt 0.003864 0.989515
vt 0.000235 0.503906
vt 0.996095 0.996037
vt 0.001940 0.998204
vt 0.003910 0.511100
vt 0.996094 0.996094
vt 0.021716 0.996094
vt 0.987561 0.504674
vt 0.003906 0.503906
vt 0.996142 0.987898
vt 0.003906 0.986786
vt 0.995956 0.503906
vt 0.003990 0.520219
vt 0.044912 0.996094
vt 0.994234 0.511861
vt -0.005245 0.503023
vt -0.000107 0.996094
vt 0.996094 0.503085
vt 0.018565 0.503906
vt 0.996043 0.984019
vt 0.004182 0.996394
vt 0.007253 0.509429
vt 0.026077 0.996094
vt 0.996094 0.512842
vt 0.023079 0.503920
vt 0.052604 0.996094
vt 0.996094 0.503614
vt 0.003915 0.525863
vt 0.036992 0.996094
vt 0.995021 0.545623
vt 0.003408 0.506891
vt 0.009021 0.996094
vt 0.996094 0.504012
vt 0.997921 0.998057
vt 0.003906 0.994852
vt 1.000820 0.503906
vt 0.004822 0.503906
vt 0.996135 0.988446
vt 0.004002 0.995275
vt 0.009637 0.503906
vt 0.990259 0.995947
vt 0.003906 0.995316
vt 0.008653 0.508723
vt 0.500000 0.996094
vt 0.003906 0.996094
vt 0.996094 0.505983
vt 0.004029 0.512830
vt 0.004370 0.996094
vt 0.996094 0.512646
vt 0.003939 0.524285
vt 0.039174 0.996094
vt 0.994645 0.526828
vt 0.996107 0.986031
vt 0.004059 0.991854
vt 0.995082 0.503906
vt 0.001363 0.503906
vt 0.996134 0.993138
vt 0.002803 0.997232
vt 0.992438 0.996423
vt 0.003906 0.995101
vt 0.977807 0.503906
vt 0.995779 0.996307
vt 0.003906 0.996153
vt 0.995478 0.503906
vt 0.999351 0.998760
vt 0.003906 0.997578
vt 1.000682 0.503906
vt 0.005381 0.503906
vt 0.996098 0.995350
vt 0.003955 0.996061
vt 0.003906 0.908853
vt 0.989332 0.520945
vt 0.988409 0.996094
vt 0.010472 0.503906
vt 0.996071 0.985497
vt 0.004149 0.996462
vt 0.029883 0.503906
vt 0.991143 0.986466
vt 0.003906 0.994131
vt 0.012150 0.511832
vt 0.023204 0.996094
vt 0.996094 0.515959
vt -0.000878 0.503905
vt -0.001372 0.996027
vt 0.996094 0.503830
vt 0.003908 0.516489
vt 0.981439 0.996094
vt 0.995604 0.509476
vt 0.020974 0.503906
vt 0.994078 0.996249
vt 0.003906 0.994831
vt 0.008870 0.503906
vt 0.996094 0.978725
vt 0.005164 0.988649
vt 0.013484 0.503906
vt 0.996116 0.992212
vt 0.006311 0.995631
vt 0.996272 0.996386
vt 0.003906 0.995493
vt 0.996527 0.503906
vt 0.003935 0.502753
vt 0.999596 0.996094
vt 0.999672 0.502818
vt 0.012242 0.503906
vt 0.995999 0.982069
vt 0.005235 0.995703
vt 0.002470 0.503906
vt 0.996094 0.538003
vt 0.002237 0.974501
vt 0.001538 0.502165
vt 0.002052 0.996094
vt 0.996094 0.504349
vt 0.995326 0.996048
vt 0.003906 0.995483
vt 0.993998 0.503906
vt 0.003881 0.504720
vt 0.986881 0.996094
vt 0.995810 0.503780
vt 0.000694 0.503906
vt 0.995954 0.957955
vt 0.003716 0.982318
vt 0.007868 0.506917
vt 0.020719 0.996094
vt 0.996094 0.507113
vt 0.007132 0.508760
vt 0.020613 0.996094
vt 0.996094 0.513434
vt 0.003995 0.518881
vt 0.066299 0.996094
vt 0.994642 0.512300
vt 0.003972 0.519082
vt 0.037000 0.996094
vt 0.994525 0.507449
vt 0.003996 0.502058
vt 1.002985 0.996094
vt 1.004863 0.502491
vt 0.019701 0.503906
vt 0.996106 0.985944
vt 0.004936 0.996554
vt 0.996093 0.983915
vt 0.004003 0.989112
vt 0.998542 0.503906
vt 0.003945 0.516719
vt 0.033800 0.996094
vt 0.994439 0.508488
vt 0.016715 0.504201
vt 0.996094 0.503279
vt 0.003950 0.518678
vt 0.031997 0.996094
vt 0.994398 0.521546
vt 0.996086 0.983926
vt 0.004023 0.990315
vt 0.998934 0.503906
vt 0.008330 0.515231
vt 0.025039 0.996094
vt 0.996094 0.506146
vt 0.010023 0.503906
vt 0.996094 0.545511
vt 0.009968 0.980523
vt 0.003892 0.520427
vt 0.023932 0.996094
vt 0.994699 0.522304
vt 0.995124 0.995851
vt 0.003906 0.993603
vt 0.990327 0.503906
vt 0.011989 0.503906
vt 0.995977 0.981748
vt 0.005559 0.995566
vt -0.009642 0.502258
vt -0.002805 0.996094
vt 0.996094 0.501678
vt 0.996110 0.985689
vt 0.003990 0.993225
vt 0.993365 0.503906
vt 0.006797 0.505083
vt 0.039542 0.996094
vt 0.996094 0.506507
vt 0.004473 0.515488
vt 0.009624 0.996094
vt 0.996094 0.512990
vt 0.000718 0.496500
vt -0.000701 0.996094
vt 0.996094 0.500772
vt 0.005987 0.510549
vt 0.012691 0.996094
vt 0.996094 0.515442
vt 0.003848 0.505453
vt 0.962056 0.996094
vt 0.982338 0.504048
vt 0.015570 0.503906
vt 0.994894 0.995913
vt 0.003906 0.994908
vt 0.015997 0.507381
vt 0.027022 0.996094
vt 0.996094 0.503000
vt 0.019559 0.503906
vt 0.996094 0.635031
vt 0.014870 0.979148
vt 0.018953 0.504119
vt 0.996094 0.503078
vt 0.004006 0.517908
vt 0.964085 0.996094
vt 0.995574 0.504496
vt 0.005912 0.508544
vt 0.996094 0.668552
vt 0.012673 0.996094
vt 0.003906 0.503380
vt 0.969985 0.503864
vt 0.009351 0.505163
vt 0.044534 0.996094
vt 0.996094 0.508314
vt 0.993670 0.995945
vt 0.003906 0.995751
vt 0.990932 0.503906
vt -0.005260 0.502938
vt 0.009425 0.996094
vt 0.996094 0.501880
vt 0.009826 0.514029
vt 0.025767 0.996094
vt 0.996094 0.505180
vt 0.020400 0.503906
vt 0.993087 0.992562
vt 0.003906 0.994829
vt 0.003881 0.506825
vt 0.953858 0.996094
vt 0.980605 0.503898
vt 0.002785 0.518566
vt 0.002494 0.996094
vt 0.996094 0.529256
vt 0.005873 0.502752
vt 0.032049 0.996094
vt 0.996094 0.508331
vt 0.004013 0.504541
vt 0.007959 0.996094
vt 0.996094 0.506161
vt 0.005875 0.504655
vt 0.024325 0.996094
vt 0.996094 0.509774
vt 0.014774 0.512220
vt 0.033919 0.996094
vt 0.996094 0.504639
vt 0.995057 0.995906
vt 0.003906 0.995278
vt 0.992842 0.503906
vt 0.012636 0.508299
vt 0.023024 0.996094
vt 0.996094 0.510460
vt 0.003950 0.503087
vt 0.990398 0.996094
vt 0.999561 0.503319
vt 0.003906 0.943177
vt 0.987965 0.528412
vt 0.984578 0.996094
vt 0.007115 0.503335
vt 0.034201 0.996094
vt 0.996094 0.505452
vt 0.005284 0.509857
vt 0.012917 0.996094
vt 0.996094 0.514225
vt 0.010508 0.518291
vt 0.967251 0.996094
vt 0.996094 0.505825
vt 0.003922 0.522361
vt 0.036884 0.996094
vt 0.994871 0.530101
vt 0.008279 0.513939
vt 0.015217 0.996094
vt 0.996094 0.519324
vt 0.003988 0.523756
vt -0.000083 0.996094
vt 0.995844 0.509949
vt 0.996481 0.996427
vt 0.003906 0.994112
vt 0.997225 0.503906
vt -0.000002 0.503776
vt 0.003572 0.996094
vt 0.996094 0.502339
vt 0.016529 0.503906
vt 0.992170 0.996180
vt 0.003906 0.995385
vt 0.005308 0.504406
vt 0.021555 0.996094
vt 0.996094 0.510647
vt 0.992640 0.987637
vt 0.003906 0.979521
vt 0.991604 0.503906
vt 0.006612 0.504330
vt 0.027275 0.996094
vt 0.996094 0.509926
vt 0.004067 0.527030
vt 0.053438 0.996094
vt 0.994843 0.535318
vt 0.003838 0.505866
vt 0.979862 0.996094
vt 0.993559 0.504023
vt 0.009533 0.511811
vt 0.028345 0.996094
vt 0.996094 0.513247
vt 0.004081 0.518512
vt 0.960923 0.996094
vt 0.994467 0.504842
vt 0.011290 0.503906
vt 0.996075 0.984403
vt 0.004137 0.994370
vt 0.003453 0.506985
vt 0.000171 0.996094
vt 0.996094 0.514219
vt 0.002727 0.503906
vt 0.996094 0.969164
vt 0.003157 0.987971
vt 0.001529 0.503906
vt 0.996094 0.962858
vt 0.002932 0.973853
vt 0.005050 0.511218
vt 0.014811 0.996094
vt 0.996094 0.514070
vt 0.010059 0.503906
vt 0.996080 0.987494
vt 0.004473 0.996460
vt 0.008679 0.503906
vt 0.993676 0.996054
vt 0.003906 0.995590
vt 0.005896 0.504416
vt 0.017427 0.996094
vt 0.996094 0.508407
vt 0.026386 0.503906
vt 0.988613 0.991195
vt 0.003906 0.993044
vt 0.002792 0.503906
vt 0.996104 0.955614
vt 0.003904 0.984913
vt 0.019400 0.511904
vt 0.035319 0.996094
vt 0.996094 0.504720
vt 0.003812 0.511467
vt 0.939556 0.996094
vt 0.985384 0.504476
vt 0.010395 0.503906
vt 0.996073 0.985076
vt 0.004033 0.996163
vt -0.003135 0.503087
vt 0.000659 0.996094
vt 0.996094 0.502318
vt 0.008746 0.507683
vt 0.023717 0.996094
vt 0.996094 0.512115
vt 0.007664 0.503906
vt 0.996101 0.995221
vt 0.004828 0.996028
vt 0.996236 0.943143
vt 0.004148 0.972162
vt 0.997733 0.503906
vt 0.016687 0.512841
vt 0.036891 0.996094
vt 0.996094 0.513004
vt 0.016615 0.508992
vt 0.029596 0.996094
vt 0.996094 0.503716
vt 0.996443 0.993451
vt 0.003906 0.988748
vt 0.999285 0.503906
vt 0.009750 0.504655
vt 0.973300 0.996094
vt 0.996094 0.504658
vt 0.995795 0.988802
vt 0.003906 0.985096
vt 0.994990 0.503906
vt 0.011474 0.516351
vt 0.982163 0.996094
vt 0.996094 0.505694
vt 0.009384 0.508254
vt 0.996094 0.722236
vt 0.028827 0.996094
vt 0.003940 0.519694
vt 0.024629 0.996094
vt 0.995238 0.513070
vt 0.008633 0.510901
vt 0.019047 0.996094
vt 0.996094 0.505998
vt 0.003969 0.517534
vt 0.033661 0.996094
vt 0.995466 0.506499
vt 0.003920 0.503710
vt 0.999690 0.996094
vt 0.999845 0.503713
vt 0.008003 0.503906
vt 0.996100 0.993659
vt 0.004968 0.995809
vt 0.996162 0.980199
vt 0.004181 0.983524
vt 0.999130 0.503906
vt 0.009372 0.503906
vt 0.993942 0.996255
vt 0.003906 0.995240
vt 0.027175 0.503906
vt 0.995690 0.519308
vt 0.003906 0.992246
vt 0.973979 0.996094
vt 0.010521 0.503906
vt 0.996063 0.983767
vt 0.004099 0.993187
vt 0.007214 0.504881
vt 0.038689 0.996094
vt 0.996094 0.505389
vt 0.003814 0.512737
vt 0.946073 0.996094
vt 0.988251 0.504605
vt 0.010531 0.504448
vt 0.051311 0.996094
vt 0.996094 0.506411
vt 0.007919 0.503906
vt 0.996097 0.994916
vt 0.005491 0.995942
vt 0.003906 0.503606
vt 0.500000 0.503737
vt 0.996094 0.503885
vt 0.007601 0.504318
vt 0.038754 0.996094
vt 0.996094 0.504084
vt 0.004387 0.505722
vt 0.008428 0.996094
vt 0.996094 0.508721
vt 0.004185 0.520190
vt 0.941015 0.996094
vt 0.992116 0.509613
vt 0.010390 0.504834
vt 0.049748 0.996094
vt 0.996094 0.505037
vt 0.996060 0.984116
vt 0.005135 0.995158
vt 0.976778 0.503906
vt 0.003254 0.503552
vt 0.025705 0.996094
vt 0.996094 0.502257
vt 0.003906 0.809631
vt 0.985434 0.503906
vt 0.993859 0.990827
vt -0.001194 0.503906
vt 0.996190 0.987759
vt 0.002755 0.995665
vt 0.003887 0.514350
vt 0.058024 0.996094
vt 0.982354 0.504508
vt 0.015593 0.503906
vt 0.996014 0.982706
vt 0.004451 0.996334
vt 0.014836 0.503906
vt 0.996049 0.983245
vt 0.004100 0.996400
vt 0.008536 0.503906
vt 0.992479 0.996516
vt 0.003906 0.995484
vt 0.007749 0.670590
vt 0.992705 0.989986
vt 0.009274 0.503906
vt 0.996099 0.994425
vt 0.005963 0.995882
vt 0.003827 0.509833
vt 0.970964 0.996094
vt 0.990496 0.504423
vt 0.011522 0.509669
vt 0.996094 0.677432
vt 0.017597 0.996094
vt 0.003862 0.519449
vt 0.001162 0.996094
vt 0.995901 0.526696
vt 0.011299 0.511768
vt 0.971664 0.996094
vt 0.996094 0.505999
vt 0.006298 0.505561
vt 0.019359 0.996094
vt 0.996094 0.511559
vt 0.004084 0.519472
vt 0.964854 0.996094
vt 0.993122 0.506034
vt 0.010238 0.503906
vt 0.996094 0.521339
vt 0.009638 0.979959
vt 0.006887 0.504269
vt 0.025871 0.996094
vt 0.996094 0.506489
vt 0.013167 0.514746
vt 0.031402 0.996094
vt 0.996094 0.505677
vt 0.996153 0.982238
vt 0.004309 0.979326
vt 0.994756 0.503906
vt 0.996053 0.982883
vt 0.007240 0.993581
vt 0.986430 0.503906
vt 0.003914 0.505531
vt 0.003558 0.996094
vt 0.996094 0.509129
vt 0.003906 0.863598
vt 0.976832 0.503906
vt 0.981776 0.986533
vt 0.016602 0.520253
vt 0.054726 0.996094
vt 0.996094 0.506494
vt 0.011881 0.503906
vt 0.996094 0.971792
vt 0.007511 0.980136
vt 0.995890 0.994309
vt 0.003906 0.992095
vt 0.994751 0.503906
vt 0.003996 0.518970
vt 0.960863 0.996094
vt 0.995324 0.505599
vt -0.000251 0.503906
vt 0.996180 0.991087
vt 0.002503 0.996989
vt 0.003918 0.503581
vt 0.992448 0.996094
vt 0.999086 0.503463
vt 0.996118 0.971660
vt 0.003936 0.986600
vt 0.999171 0.503906
vt 0.004873 0.507171
vt 0.010519 0.996094
vt 0.996094 0.512497
vt 0.010887 0.514688
vt 0.028493 0.996094
vt 0.996094 0.514477
vt 0.005830 0.503906
vt 0.996097 0.990448
vt 0.004258 0.996124
vt -0.000403 0.503906
vt 0.996161 0.977927
vt 0.003757 0.991305
vt 0.015294 0.503906
vt 0.995893 0.981488
vt 0.005140 0.994243
vt 0.001383 0.503906
vt 0.996127 0.983376
vt 0.003901 0.990837
vt 0.003977 0.524006
vt -0.001009 0.996094
vt 0.995943 0.514030
vt 0.014818 0.504257
vt 0.045464 0.996094
vt 0.996094 0.503815
vt 0.001978 0.505073
vt 0.007954 0.996094
vt 0.996094 0.502985
vt 0.001145 0.504550
vt 0.006596 0.996094
vt 0.996094 0.502809
vt 0.001277 0.503906
vt 0.996094 0.974388
vt 0.002903 0.988574
vt 0.002597 0.520867
vt 0.000696 0.996094
vt 0.996094 0.531037
vt 0.011447 0.504393
vt 0.059605 0.996094
vt 0.996094 0.505730
vt 0.030343 0.503906
vt 0.995966 0.981365
vt 0.005483 0.994376
vt 0.012171 0.503906
vt 0.996094 0.874796
vt 0.009026 0.983371
vt 0.008043 0.503906
vt 0.996094 0.589025
vt 0.007635 0.983997
vt 0.012347 0.504289
vt 0.041509 0.996094
vt 0.996094 0.503541
vt 0.996103 0.987043
vt 0.004225 0.992233
vt 0.992260 0.503906
vt 0.003887 0.503441
vt 0.000768 0.996094
vt 0.992638 0.503412
vt 0.003944 0.518929
vt 0.036111 0.996094
vt 0.994087 0.518653
vt 0.003836 0.505462
vt 0.983197 0.996094
vt 0.996743 0.503855
vt 0.001855 0.507329
vt 0.011669 0.996094
vt 0.996094 0.505515
vt 0.003906 0.893986
vt 0.989103 0.503906
vt 0.993489 0.988863
vt 0.007263 0.501938
vt 0.053226 0.996094
vt 0.996094 0.509224
vt 0.002214 0.503906
vt 0.995900 0.977571
vt 0.003831 0.988148
vt 0.003906 0.503366
vt 0.500000 0.503759
vt 0.996094 0.503947
vt 0.994030 0.988492
vt 0.003906 0.981645
vt 0.990507 0.503906
vt 0.006109 0.510304
vt 0.016047 0.996094
vt 0.996094 0.515403
vt 0.012127 0.510163
vt 0.986117 0.996094
vt 0.996094 0.505946
vt 0.007031 0.507069
vt 0.031722 0.996094
vt 0.996094 0.512525
vt 0.004682 0.511425
vt 0.009296 0.996094
vt 0.996094 0.516977
vt 0.009236 0.503906
vt 0.995997 0.982059
vt 0.004294 0.994733
vt -0.000141 0.503906
vt 0.996029 0.971789
vt 0.003940 0.986195
vt 0.000916 0.503906
vt 0.996129 0.985128
vt 0.003752 0.993307
vt 0.003835 0.507037
vt 0.945369 0.996094
vt 0.978565 0.503992
vt 0.010166 0.512575
vt 0.024585 0.996094
vt 0.996094 0.507077
vt 0.003906 0.524872
vt 0.995573 0.996094
vt 0.996131 0.511116
vt 0.006781 0.503906
vt 0.992539 0.996479
vt 0.003906 0.995739
vt 0.009711 0.503906
vt 0.993983 0.995508
vt 0.003906 0.994997
vt 0.000166 0.503906
vt 0.996094 0.978555
vt 0.003948 0.988547
vt 0.001600 0.498618
vt -0.001397 0.996094
vt 0.996094 0.505479
vt 0.005985 0.507079
vt 0.021523 0.996094
vt 0.996094 0.512444
vt 0.003906 0.755439
vt 0.969290 0.503906
vt 0.982931 0.990899
vt 0.002638 0.521569
vt 0.000332 0.996094
vt 0.996094 0.530342
vt 0.008466 0.503906
vt 0.995994 0.980691
vt 0.004146 0.991448
vt 0.013819 0.503906
vt 0.995838 0.521473
vt 0.003906 0.993943
vt 0.986966 0.996094
vt -0.001383 0.503906
vt 0.996105 0.995463
vt 0.001297 0.998863
vt 0.003880 0.514060
vt 0.004603 0.996094
vt 0.996094 0.516878
vt 0.003521 0.503906
vt 0.996094 0.750000
vt 0.003523 0.750000
vt 0.003556 0.996094
vt 0.013054 0.505060
vt 0.996094 0.505191
vt 0.009093 0.503906
vt 0.994501 0.996012
vt 0.003906 0.995350
vt 0.005054 0.506355
vt 0.016565 0.996094
vt 0.996094 0.509585
vt -0.007067 0.500836
vt -0.005254 0.996094
vt 0.996094 0.500627
vt 0.006992 0.505051
vt 0.015205 0.996094
vt 0.996094 0.502814
vt 0.000421 0.503906
vt 0.995801 0.958874
vt 0.003348 0.983595
vt 0.001543 0.501621
vt -0.001691 0.996094
vt 0.996094 0.506826
vt 0.007341 0.502793
vt 0.046851 0.996094
vt 0.996094 0.508610
vt 0.004041 0.509943
vt 0.003700 0.996094
vt 0.996094 0.511324
vt 0.003856 0.510348
vt 0.949026 0.996094
vt 0.983424 0.504173
vt 0.005937 0.503400
vt 0.026817 0.996094
vt 0.996094 0.508202
vt 0.003853 0.508586
vt 0.975415 0.996094
vt 0.990446 0.504362
vt 0.012450 0.509549
vt 0.968783 0.996094
vt 0.996094 0.507064
vt 0.003906 0.599280
vt 0.993305 0.514170
vt 0.991614 0.996094
vt 0.001701 0.503906
vt 0.988711 0.997655
vt 0.003906 0.996625
vt 0.003896 0.505329
vt 0.026911 0.996094
vt 0.986160 0.503870
vt 0.013649 0.512703
vt 0.031480 0.996094
vt 0.996094 0.504305
vt 0.005870 0.509708
vt 0.996094 0.527209
vt 0.006388 0.996094
vt 0.003804 0.513635
vt 0.988266 0.504616
vt 0.006152 0.509553
vt 0.019265 0.996094
vt 0.996094 0.515470
vt 0.003956 0.518302
vt 0.032426 0.996094
vt 0.994575 0.519205
vt 0.013649 0.503906
vt 0.994610 0.995653
vt 0.003906 0.994980
vt 0.013868 0.508517
vt 0.057322 0.996094
vt 0.996094 0.509756
vt 0.004542 0.509927
vt 0.014174 0.996094
vt 0.996094 0.511517
vt 0.014246 0.504362
vt 0.949889 0.996094
vt 0.996094 0.504981
vt 0.005573 0.503906
vt 0.996045 0.982468
vt 0.004015 0.991721
vt 0.003820 0.507267
vt 0.977873 0.996094
vt 0.992914 0.504256
vt 0.003852 0.513473
vt 0.986097 0.504526
vt 0.008545 0.503906
vt 0.996078 0.986932
vt 0.004139 0.996361
vt 0.003884 0.505813
vt 0.974792 0.996094
vt 0.988862 0.504036
vt 0.004067 0.518860
vt 0.979721 0.996094
vt 0.994912 0.503944
vt 0.003770 0.512293
vt 0.940021 0.996094
vt 0.986432 0.504550
vt 0.005596 0.505213
vt 0.023381 0.996094
vt 0.996094 0.512234
vt 0.000076 0.503906
vt 0.996143 0.990769
vt 0.002872 0.996309
vt 0.003596 0.503906
vt 0.996094 0.971498
vt 0.003542 0.986695
vt -0.000796 0.503906
vt 0.996139 0.979020
vt 0.003881 0.988878
vt 0.000509 0.503821
vt 0.006794 0.996094
vt 0.996094 0.501998
vt 0.003987 0.521183
vt 0.055731 0.996094
vt 0.980140 0.506080
vt 0.003496 0.508835
vt -0.001505 0.996094
vt 0.996094 0.514157
vt 0.011845 0.503906
vt 0.992562 0.995993
vt 0.003906 0.995376
vt 0.000996 0.503906
vt 0.996094 0.963231
vt 0.001984 0.981697
vt 0.003895 0.517267
vt -0.000678 0.996094
vt 0.996094 0.515474
vt 0.013025 0.510729
vt 0.025177 0.996094
vt 0.996094 0.506053
vt 0.015548 0.503906
vt 0.993896 0.996028
vt 0.003906 0.995115
vt 0.003533 0.503906
vt 0.996067 0.982373
vt 0.003999 0.989902
vt 0.996125 0.982646
vt 0.004027 0.987307
vt 0.997148 0.503906
vt 0.008733 0.512954
vt 0.996094 0.614968
vt 0.017706 0.996094
vt 0.005512 0.505549
vt 0.037952 0.996094
vt 0.996094 0.506653
vt 0.016056 0.505305
vt 0.996094 0.505217
vt 0.011138 0.514184
vt 0.042362 0.996094
vt 0.996094 0.512460
vt 0.019838 0.503970
vt 0.052506 0.996094
vt 0.996094 0.503105
vt 0.009620 0.503906
vt 0.996108 0.986178
vt 0.004266 0.995010
vt 0.003989 0.521784
vt -0.002070 0.996094
vt 0.995906 0.520728
vt 0.015494 0.503906
vt 0.985845 0.975481
vt 0.003906 0.991786
vt 0.002458 0.503906
vt 0.996094 0.943847
vt 0.002958 0.750000
vt 0.003406 0.996094
vt 0.003252 0.503906
vt 0.996094 0.536117
vt 0.002990 0.986619
vt 0.001861 0.503906
vt 0.996016 0.977334
vt 0.003957 0.988943
vt 0.001917 0.503906
vt 0.996094 0.947201
vt 0.001512 0.750000
vt 0.002353 0.996094
vt 0.001583 0.514612
vt -0.000144 0.996094
vt 0.996094 0.524297
vt 0.000363 0.503906
vt 0.996094 0.968707
vt 0.002590 0.978440
vt 0.003906 0.502964
vt 0.966198 0.996094
vt 0.991726 0.503861
vt 0.996173 0.963792
vt 0.004036 0.982051
vt 0.999031 0.503906
vt 0.018908 0.512523
vt 0.032082 0.996094
vt 0.996094 0.505829
vt 0.014021 0.508559
vt 0.996094 0.742848
vt 0.034706 0.996094
vt 0.004016 0.521347
vt 0.041592 0.996094
vt 0.995502 0.511795
vt 0.016862 0.503906
vt 0.986862 0.980989
vt 0.003906 0.992883
vt 0.003906 0.536514
vt 0.998884 0.996094
vt 0.997980 0.521046
vt 0.002821 0.503906
vt 0.996036 0.980887
vt 0.004013 0.987200
vt 0.002883 0.503906
vt 0.996094 0.545997
vt 0.002317 0.750000
vt 0.002007 0.996094
vt 0.003879 0.522113
vt 1.000447 0.996094
vt 0.996038 0.512821
vt 0.012636 0.514659
vt 0.033875 0.996094
vt 0.996094 0.505487
vt 0.008084 0.511512
vt 0.009446 0.996094
vt 0.996094 0.518656
vt 0.003875 0.520293
vt 0.028449 0.996094
vt 0.995196 0.533716
vt 0.006279 0.503568
vt 0.031478 0.996094
vt 0.996094 0.508502
vt -0.000611 0.500690
vt -0.000922 0.996094
vt 0.996094 0.501061
vt 0.004723 0.512165
vt 0.017349 0.996094
vt 0.996094 0.511318
vt 0.003906 0.524879
vt 0.995299 0.996094
vt 0.996178 0.507650
vt 0.995105 0.987891
vt 0.003906 0.981100
vt 0.993729 0.503906
vt 0.010491 0.503906
vt 0.996094 0.605011
vt 0.011230 0.983092
vt 0.020024 0.511636
vt 0.996094 0.678596
vt 0.032289 0.996094
vt 0.019999 0.511806
vt 0.996094 0.693077
vt 0.024849 0.996094
vt 0.996429 0.993743
vt 0.003906 0.991696
vt 0.999723 0.503906
vt 0.003188 0.515296
vt 0.001126 0.996094
vt 0.996094 0.519866
vt 0.012010 0.503906
vt 0.995967 0.981790
vt 0.004503 0.994765
vt 0.000864 0.503906
vt 0.996110 0.995083
vt 0.002251 0.997688
vt 0.003099 0.503906
vt 0.990762 0.997157
vt 0.003906 0.996252
vt 0.003996 0.502737
vt 0.997204 0.996094
vt 1.003877 0.503175
vt 0.016475 0.503906
vt 0.996073 0.986629
vt 0.004869 0.996496
vt 0.996045 0.977388
vt 0.004025 0.989779
vt 1.000264 0.503906
vt 0.003902 0.507683
vt 0.029772 0.996094
vt 0.986905 0.503976
vt 0.012401 0.510582
vt 0.967993 0.996094
vt 0.996094 0.506791
vt 0.996092 0.982585
vt 0.004728 0.990267
vt 0.979887 0.503906
vt 0.003252 0.506351
vt 0.009531 0.996094
vt 0.996094 0.503545
vt 0.013321 0.503906
vt 0.996094 0.983231
vt 0.009679 0.985411
vt 0.010884 0.509734
vt 0.023502 0.996094
vt 0.996094 0.514732
vt 0.995966 0.986191
vt 0.003906 0.978219
vt 0.995665 0.503906
vt 0.003858 0.520364
vt 0.001789 0.996094
vt 0.995866 0.517466
vt 0.009989 0.503906
vt 0.996090 0.985995
vt 0.004237 0.995525
vt 0.003906 0.979732
vt 0.996571 0.503906
vt 0.996618 0.984493
vt 0.003906 0.565821
vt 0.994523 0.509445
vt 0.991719 0.996094
vt 0.012056 0.503906
vt 0.995889 0.979715
vt 0.004560 0.992174
vt 0.016387 0.515043
vt 0.996094 0.628963
vt 0.026095 0.996094
vt 0.011168 0.511094
vt 0.024223 0.996094
vt 0.996094 0.505009
vt 0.010428 0.503906
vt 0.996099 0.995619
vt 0.005642 0.996052
vt 0.003531 0.500233
vt 0.002516 0.996094
vt 0.996094 0.510179
vt 0.002959 0.505969
vt 0.049196 0.996094
vt 0.996094 0.508786
vt 0.003474 0.506991
vt 0.000503 0.996094
vt 0.996094 0.509994
vt 0.001474 0.518391
vt 0.996094 0.494885
vt 0.000080 0.996094
vt 0.000304 0.503906
vt 0.996094 0.971523
vt 0.002957 0.986835
vt 0.000737 0.503906
vt 0.996094 0.971391
vt 0.002629 0.984171
vt 0.003905 0.508057
vt 0.032107 0.996094
vt 0.986744 0.504023
vt 0.006754 0.503906
vt 0.996094 0.977679
vt 0.004998 0.989702
vt 0.007021 0.505430
vt 0.023010 0.996094
vt 0.996094 0.507956
vt 0.004058 0.520986
vt 0.964830 0.996094
vt 0.994492 0.507874
vt 0.005602 0.504398
vt 0.012395 0.996094
vt 0.996094 0.506910
vt 0.010846 0.517926
vt 0.036837 0.996094
vt 0.996094 0.507196
vt 0.010996 0.506042
vt 0.020013 0.996094
vt 0.996094 0.502705
vt 0.006357 0.512201
vt 0.996094 0.561346
vt 0.007858 0.996094
vt 0.003905 0.514907
vt 0.029579 0.996094
vt 0.980854 0.504936
vt 0.010507 0.504983
vt 0.996094 0.505446
vt 0.019574 0.504369
vt 0.062111 0.996094
vt 0.996094 0.504058
vt 0.000015 0.503906
vt 0.996077 0.971967
vt 0.003911 0.987951
vt -0.000011 0.503906
vt 0.995775 0.959173
vt 0.003146 0.983488
vt 0.003954 0.523919
vt 0.002396 0.996094
vt 0.995871 0.504872
vt 0.002790 0.525487
vt 0.000689 0.996094
vt 0.996094 0.527671
vt 0.011328 0.503906
vt 0.995861 0.979014
vt 0.005374 0.994324
vt 0.021862 0.503988
vt 0.054231 0.996094
vt 0.996094 0.503477
vt 0.011700 0.519138
vt 0.996094 0.590446
vt 0.022712 0.996094
vt 0.011358 0.504977
vt 0.023467 0.996094
vt 0.996094 0.503564
vt 0.011785 0.509525
vt 0.996094 0.700413
vt 0.023508 0.996094
vt 0.003749 0.508432
vt 0.000648 0.996094
vt 0.996094 0.511089
vt -0.005646 0.501541
vt -0.003946 0.996094
vt 0.996094 0.501085
vt 0.009808 0.503906
vt 0.996086 0.984143
vt 0.004125 0.991832
vt 0.002847 0.518008
vt 0.001505 0.996094
vt 0.996094 0.528996
vt 0.003755 0.514942
vt 0.002086 0.996094
vt 0.996094 0.516576
vt 0.009637 0.503906
vt 0.995806 0.978905
vt 0.006020 0.994123
vt 0.008396 0.503906
vt 0.995622 0.978030
vt 0.006790 0.995396
vt 0.003906 0.503605
vt 0.953737 0.996094
vt 0.981051 0.503925
vt 0.004268 0.503906
vt 0.996149 0.987716
vt 0.003917 0.994380
vt 0.003978 0.518685
vt 0.043015 0.996094
vt 0.995245 0.508143
vt 0.000948 0.519533
vt 0.996094 0.495024
vt -0.000057 0.996094
vt 0.996274 0.995455
vt 0.003906 0.993379
vt 0.997341 0.503906
vt 0.011801 0.513062
vt 0.017280 0.996094
vt 0.996094 0.517467
vt 0.003927 0.518215
vt 0.984181 0.505349
vt 0.003905 0.508867
vt 0.001708 0.996094
vt 0.996094 0.511179
vt 0.005803 0.503906
vt 0.990510 0.996664
vt 0.003906 0.995616
vt -0.000029 0.503906
vt 0.995862 0.970734
vt 0.003436 0.987152
vt 0.996308 0.983984
vt 0.003906 0.985598
vt 1.000479 0.503906
vt -0.000482 0.503906
vt 0.995797 0.963312
vt 0.003228 0.984407
vt 0.003906 0.503708
vt 0.500000 0.503403
vt 0.996094 0.503648
vt 0.007564 0.505887
vt 0.038485 0.996094
vt 0.996094 0.512530
vt 0.005085 0.507045
vt 0.015180 0.996094
vt 0.996094 0.512122
vt 0.007620 0.503906
vt 0.996094 0.979427
vt 0.005292 0.988621
vt 0.990982 0.991817
vt 0.003906 0.986296
vt 0.986919 0.503906
vt 0.008492 0.503906
vt 0.996027 0.982693
vt 0.004066 0.993299
vt 0.003106 0.503906
vt 0.996117 0.992733
vt 0.003566 0.996538
vt 0.010438 0.503906
vt 0.996057 0.984023
vt 0.004027 0.996195
vt 0.009605 0.503906
vt 0.996087 0.986293
vt 0.004294 0.996036
vt 0.000019 0.503906
vt 0.996059 0.978712
vt 0.003945 0.988809
vt -0.007956 0.503096
vt 0.002607 0.996094
vt 0.996094 0.502443
vt 0.003969 0.532534
vt 0.001341 0.996094
vt 0.995988 0.511781
vt 0.008446 0.504979
vt 0.047351 0.996094
vt 0.996094 0.505658
vt 0.996110 0.984619
vt 0.004021 0.993098
vt 0.991965 0.503906
vt 0.003413 0.517630
vt -0.000034 0.996094
vt 0.996094 0.519443
vt 0.003303 0.515182
vt 0.002145 0.996094
vt 0.996094 0.521349
vt -0.008622 0.502823
vt -0.004033 0.996094
vt 0.996094 0.502455
vt 0.013754 0.504362
vt 0.048498 0.996094
vt 0.996094 0.503747
vt 0.008541 0.513813
vt 0.996094 0.535407
vt 0.010466 0.996094
vt 0.997328 0.997282
vt 0.003906 0.995734
vt 0.998834 0.503906
vt 0.002998 0.503906
vt 0.996115 0.992896
vt 0.003532 0.996544
vt 0.004219 0.505434
vt 0.011234 0.996094
vt 0.996094 0.503372
vt 0.016305 0.517828
vt 0.996094 0.617894
vt 0.024202 0.996094
vt 0.994842 0.993206
vt 0.003906 0.988678
vt 0.986276 0.503906
vt 0.009505 0.503906
vt 0.995981 0.981728
vt 0.004347 0.994044
vt 0.996063 0.983988
vt 0.004244 0.995343
vt 0.982869 0.503906
vt 0.011828 0.503906
vt 0.996023 0.982199
vt 0.004242 0.996086
vt 0.012091 0.503906
vt 0.996099 0.993261
vt 0.006399 0.995793
vt 0.997645 0.967868
vt 0.003906 0.961566
vt 0.998096 0.503906
vt 0.014526 0.508792
vt 0.996094 0.723978
vt 0.017045 0.996094
vt 0.002556 0.503906
vt 0.996094 0.543204
vt 0.001734 0.750000
vt 0.001610 0.996094
vt 0.001780 0.517317
vt -0.000136 0.996094
vt 0.996094 0.524379
vt 0.012216 0.503906
vt 0.996056 0.983315
vt 0.004050 0.996418
vt 0.012360 0.503906
vt 0.996020 0.982912
vt 0.004141 0.995414
vt -0.005283 0.501152
vt -0.004238 0.996094
vt 0.996094 0.501025
vt 0.012114 0.503906
vt 0.996048 0.983579
vt 0.004104 0.993804
vt 0.008521 0.503802
vt 0.036354 0.996094
vt 0.996094 0.502439
vt 0.001240 0.503906
vt 0.995875 0.949415
vt 0.003515 0.979617
vt 0.002742 0.504829
vt -0.000871 0.996094
vt 0.996094 0.509114
vt 0.000664 0.503906
vt 0.996138 0.983704
vt 0.003827 0.991400
vt 0.003885 0.508597
vt 0.967107 0.996094
vt 0.988598 0.504216
vt 0.003905 0.518902
vt 0.024937 0.996094
vt 0.995604 0.516279
vt 0.004945 0.504385
vt 0.011044 0.996094
vt 0.996094 0.507617
vt 0.003900 0.499170
vt 0.003546 0.996094
vt 0.995864 0.495067
vt 0.003833 0.532677
vt -0.000080 0.996094
vt 0.995978 0.521388
vt 0.003906 0.527198
vt 0.997862 0.996094
vt 0.996623 0.513887
vt 0.014190 0.503906
vt 0.993186 0.996259
vt 0.003906 0.995256
vt 0.016898 0.503906
vt 0.996016 0.982895
vt 0.004175 0.996062
vt 0.003954 0.525895
vt -0.001215 0.996094
vt 0.996030 0.516116
vt 0.007299 0.503906
vt 0.995647 0.976745
vt 0.004663 0.994162
vt 0.001929 0.518115
vt -0.000141 0.996094
vt 0.996094 0.528901
vt 0.005568 0.503636
vt 0.025562 0.996094
vt 0.996094 0.510591
vt 0.003906 0.615768
vt 0.992045 0.521156
vt 0.984522 0.996094
vt 0.003962 0.516170
vt 0.978074 0.996094
vt 0.995762 0.503475
vt 0.005061 0.506196
vt 0.018298 0.996094
vt 0.996094 0.510901
vt 0.008325 0.505410
vt 0.032290 0.996094
vt 0.996094 0.507666
vt 0.018322 0.503906
vt 0.996094 0.980185
vt 0.009416 0.978408
vt 0.996063 0.985810
vt 0.004325 0.992752
vt 0.999370 0.503906
vt 0.001366 0.503906
vt 0.996017 0.956427
vt 0.003829 0.983501
vt 0.009165 0.503906
vt 0.996094 0.868676
vt 0.007252 0.987255
vt 0.016907 0.504740
vt 0.996094 0.504691
vt 0.018014 0.503906
vt 0.996038 0.983467
vt 0.004168 0.996303
vt 0.004991 0.511284
vt 0.015499 0.996094
vt 0.996094 0.514626
vt 0.003858 0.518243
vt 0.997315 0.996094
vt 0.995991 0.512726
vt 0.004059 0.524341
vt 0.062283 0.996094
vt 0.993597 0.523538
vt 0.011418 0.690438
vt 0.995718 0.523155
vt 0.984851 0.996094
vt 0.003916 0.532519
vt 0.000282 0.996094
vt 0.996083 0.516095
vt 0.006186 0.503906
vt 0.996027 0.980810
vt 0.004061 0.990993
vt 0.009704 0.516451
vt 0.018095 0.996094
vt 0.996094 0.518943
vt 0.000945 0.503398
vt 0.023446 0.996094
vt 0.996094 0.502587
vt 0.003461 0.507476
vt -0.000783 0.996094
vt 0.996094 0.512148
vt 0.002423 0.502305
vt 0.001724 0.996094
vt 0.996094 0.508015
vt 0.002339 0.503906
vt 0.996094 0.561731
vt 0.002174 0.750000
vt 0.002505 0.996094
vt 0.017180 0.504433
vt 0.996094 0.503775
vt 0.996103 0.987399
vt 0.004373 0.993986
vt 0.993364 0.503906
vt 0.003904 0.510135
vt 0.040495 0.996094
vt 0.985470 0.504119
vt 0.003837 0.522072
vt 0.026019 0.996094
vt 0.995319 0.529412
vt 0.003943 0.518141
vt 0.027541 0.996094
vt 0.995613 0.512141
vt 0.003871 0.506472
vt 0.980738 0.996094
vt 0.991302 0.504165
vt 0.011260 0.503906
vt 0.996110 0.993888
vt 0.006107 0.995829
vt 0.005688 0.504580
vt 0.018665 0.996094
vt 0.996094 0.509158
vt 0.003856 0.519647
vt 0.003062 0.996094
vt 0.995754 0.519306
vt 0.996092 0.992761
vt 0.007114 0.995808
vt 0.986766 0.503906
vt 0.006456 0.503906
vt 0.996094 0.933904
vt 0.005533 0.987995
vt 0.012052 0.513351
vt 0.031217 0.996094
vt 0.996094 0.504272
vt 0.018326 0.503906
vt 0.996094 0.661302
vt 0.015766 0.982146
vt 0.006741 0.503906
vt 0.996094 0.944654
vt 0.005168 0.988479
vt 0.003865 0.513244
vt 0.969993 0.996094
vt 0.993550 0.504716
vt 0.003861 0.504978
vt 0.986115 0.996094
vt 0.997596 0.503733
vt 0.003906 0.504030
vt 0.973222 0.503945
vt 0.003936 0.503906
vt 0.996094 0.969231
vt 0.003615 0.987755
vt 0.003915 0.503750
vt 0.981362 0.996094
vt 0.996539 0.503537
vt 0.011764 0.505292
vt 0.064508 0.996094
vt 0.996094 0.505996
vt 0.003959 0.517204
vt 0.040169 0.996094
vt 0.994321 0.510364
vt 0.003781 0.513391
vt 0.982160 0.996094
vt 0.994778 0.504813
vt 0.003982 0.523046
vt 0.041831 0.996094
vt 0.994799 0.523540
vt 0.994593 0.995836
vt 0.003906 0.994631
vt 0.988544 0.503906
vt 0.003924 0.515733
vt 0.984587 0.996094
vt 0.995777 0.503756
vt 0.004977 0.507964
vt 0.015214 0.996094
vt 0.996094 0.512045
vt -0.003638 0.503714
vt 0.000089 0.996094
vt 0.996094 0.503231
vt 0.003906 0.835405
vt 0.982902 0.503906
vt 0.988923 0.989270
vt 0.003883 0.503906
vt 0.996106 0.982046
vt 0.004033 0.989170
vt 0.003749 0.512349
vt -0.001474 0.996094
vt 0.996094 0.515951
vt 0.012649 0.503906
vt 0.995975 0.982065
vt 0.004260 0.992467
vt 0.007404 0.512729
vt 0.009586 0.996094
vt 0.996094 0.521707
vt 0.003771 0.512511
vt 0.937437 0.996094
vt 0.988470 0.504762
vt 0.995624 0.995747
vt 0.003906 0.993068
vt 0.991976 0.503906
vt 0.003906 0.733726
vt 0.980080 0.503906
vt 0.986681 0.991720
vt 0.008339 0.503916
vt 0.027849 0.996094
vt 0.996094 0.503131
vt 0.014574 0.503906
vt 0.996041 0.983488
vt 0.004123 0.996222
vt 0.004526 0.505149
vt 0.008584 0.996094
vt 0.996094 0.508789
vt 0.016420 0.503906
vt 0.996001 0.981795
vt 0.005515 0.995795
vt 0.003806 0.509813
vt 0.997795 0.996094
vt 0.996695 0.503690
vt 0.003877 0.521225
vt 0.020468 0.996094
vt 0.995692 0.521196
s 1
usemtl Bush_Blo
f 2693/1/1 2698/2/2 2710/3/1
f 639/4/3 688/5/3 630/6/3
f 654/7/4 688/5/4 639/4/4
f 2198/8/5 1045/9/5 2009/10/5
f 2198/8/6 1151/11/6 1045/9/6
f 794/12/7 1295/13/8 2397/14/9
f 794/12/7 534/11/10 1295/13/8
f 1114/15/11 1091/16/12 2567/17/13
f 1114/15/11 613/11/14 1091/16/12
f 3079/18/15 1744/19/16 2684/20/17
f 3079/18/15 1854/21/18 1744/19/16
f 3005/22/19 2200/23/20 3599/24/21
f 3005/22/19 1433/25/22 2200/23/20
f 3225/26/23 1480/19/24 2923/27/25
f 3225/26/23 1509/28/26 1480/19/24
f 2226/29/27 1559/19/28 2748/30/29
f 2226/29/27 1267/31/30 1559/19/28
f 1467/32/31 1506/33/31 2900/34/32
f 1467/32/31 1016/11/33 1506/33/31
f 1814/35/34 1588/19/35 2783/36/36
f 1814/35/34 974/37/37 1588/19/35
f 2162/38/38 1185/19/39 2158/39/40
f 2162/38/38 1189/40/41 1185/19/39
f 1798/41/42 719/19/43 1065/42/44
f 1798/41/42 1324/43/45 719/19/43
f 1887/44/46 681/19/47 1456/45/48
f 1887/44/46 895/46/49 681/19/47
f 3643/22/50 1497/47/51 3382/48/52
f 3643/22/50 1813/49/53 1497/47/51
f 2317/50/54 1804/51/55 3263/52/56
f 2317/50/54 1538/11/57 1804/51/55
f 2786/53/58 1678/54/59 3605/55/60
f 2786/53/58 1699/11/61 1678/54/59
f 2404/56/62 2120/57/62 3535/58/62
f 2404/56/63 910/19/64 2120/57/65
f 2404/56/63 1083/59/66 910/19/64
f 2157/60/67 918/19/68 1788/61/69
f 2157/60/67 1204/62/70 918/19/68
f 2194/63/71 961/19/72 1953/64/73
f 2194/63/71 1116/65/74 961/19/72
f 3642/22/75 1549/66/76 2949/67/77
f 3642/22/75 1363/68/78 1549/66/76
f 1274/69/79 2606/70/80 2241/71/81
f 1274/69/79 1763/11/82 2606/70/80
f 2456/22/83 1907/72/84 3413/73/85
f 2456/22/83 1104/74/86 1907/72/84
f 3775/22/87 1709/75/88 3426/76/89
f 3775/22/87 2267/77/90 1709/75/88
f 3744/22/91 1732/78/92 2522/79/93
f 3744/22/91 3286/80/94 1732/78/92
f 3434/81/95 1517/82/96 2407/83/97
f 3434/81/95 2639/11/98 1517/82/96
f 3262/84/99 1360/85/99 2129/86/99
f 3203/87/100 1311/88/101 2322/89/102
f 3203/87/100 1895/11/103 1311/88/101
f 2791/90/104 1398/91/105 3836/92/106
f 2791/90/104 1331/11/107 1398/91/105
f 2058/93/108 2861/19/109 3377/94/110
f 2058/93/108 1493/95/111 2861/19/109
f 1632/96/112 2702/19/113 1776/97/114
f 1632/96/112 2229/98/115 2702/19/113
f 2273/99/116 2592/100/117 3924/58/118
f 2273/99/116 988/101/119 2592/100/117
f 1158/102/120 2429/103/121 1266/104/122
f 1158/102/120 3476/11/123 2429/103/121
f 1611/105/124 2583/106/124 2607/107/124
f 1611/105/125 1583/11/125 2583/106/125
f 1007/108/126 2449/109/127 1530/110/128
f 1007/108/126 2671/11/129 2449/109/127
f 1377/22/130 2450/111/131 1386/112/132
f 1377/22/130 2439/113/133 2450/111/131
f 2677/114/134 1990/115/135 2953/58/136
f 2677/114/134 2203/116/137 1990/115/135
f 1486/117/138 2533/118/139 2409/119/140
f 1486/117/138 1721/11/141 2533/118/139
f 3025/120/142 3638/121/142 3632/122/142
f 3632/122/143 3638/121/143 4590/19/143
f 2769/123/144 4742/19/145 3625/124/146
f 2769/123/144 4176/125/147 4742/19/145
f 3664/22/148 3878/126/149 3980/127/150
f 3664/22/148 3530/128/151 3878/126/149
f 4529/129/152 4352/130/153 4981/58/154
f 4529/129/152 3728/131/155 4352/130/153
f 4735/132/156 4493/133/157 4835/134/158
f 4735/132/156 4518/11/159 4493/133/157
f 4428/135/160 4855/19/161 4962/136/162
f 4428/135/160 4057/137/163 4855/19/161
f 4001/138/164 4391/19/165 4707/139/166
f 4001/138/164 3669/140/167 4391/19/165
f 4384/141/168 4483/19/169 4823/142/170
f 4384/141/168 3672/143/171 4483/19/169
f 4394/144/172 4415/19/173 4842/145/174
f 4394/144/172 3594/146/175 4415/19/173
f 3620/147/176 3138/148/177 3988/58/178
f 3620/147/176 3059/149/179 3138/148/177
f 2310/150/180 3108/151/181 3698/152/182
f 2310/150/180 1787/11/183 3108/151/181
f 1613/22/184 3339/153/185 3052/154/186
f 1613/22/184 1973/155/187 3339/153/185
f 4245/156/188 3961/19/189 4535/157/190
f 4245/156/188 3554/158/191 3961/19/189
f 3652/159/192 4782/57/192 4506/58/192
f 3652/159/193 4966/19/194 4782/57/195
f 3652/159/193 4434/160/196 4966/19/194
f 4139/161/197 4876/19/198 4936/162/199
f 4139/161/197 3769/163/200 4876/19/198
f 3427/22/201 3896/164/202 3858/165/203
f 3427/22/201 3490/166/204 3896/164/202
f 3720/167/205 4295/19/206 4534/168/207
f 3720/167/205 3460/169/208 4295/19/206
f 3285/170/209 3718/171/209 3837/172/209
f 404/173/210 139/19/211 183/174/212
f 404/173/210 320/175/213 139/19/211
f 1511/22/214 124/176/215 1198/177/216
f 1511/22/214 192/178/217 124/176/215
f 697/179/218 117/180/219 415/181/220
f 697/179/218 243/11/221 117/180/219
f 240/182/222 65/19/223 179/183/224
f 240/182/222 82/184/225 65/19/223
f 21/22/226 121/185/227 133/186/228
f 21/22/226 18/187/229 121/185/227
f 104/188/230 44/19/231 155/189/232
f 104/188/230 22/190/233 44/19/231
f 119/191/234 318/19/235 433/192/236
f 119/191/234 69/193/237 318/19/235
f 246/194/238 143/19/239 292/195/240
f 246/194/238 128/196/241 143/19/239
f 169/197/242 81/19/243 324/198/244
f 169/197/242 39/199/245 81/19/243
f 77/200/246 8/201/247 63/58/248
f 77/200/246 24/202/249 8/201/247
f 3/203/250 4/204/251 114/205/252
f 3/203/250 1/11/253 4/204/251
f 28/206/254 2/19/255 17/207/256
f 28/206/254 7/208/257 2/19/255
f 5/209/258 68/210/258 23/211/258
f 108/212/259 54/57/259 163/58/259
f 108/212/260 6/19/261 54/57/262
f 108/212/260 15/213/263 6/19/261
f 26/214/264 67/215/265 64/58/266
f 26/214/264 27/216/267 67/215/265
f 33/217/268 29/218/268 79/219/268
f 35/220/269 19/57/269 13/58/269
f 35/220/270 34/221/270 19/57/270
f 34/221/271 12/19/271 19/57/271
f 20/222/272 16/19/273 40/223/274
f 20/222/272 10/224/275 16/19/273
f 36/22/276 156/225/277 296/226/278
f 36/22/276 14/227/279 156/225/277
f 239/228/280 37/19/281 107/229/282
f 239/228/280 87/230/283 37/19/281
f 229/231/284 38/19/285 123/232/286
f 229/231/284 74/233/287 38/19/285
f 45/234/288 75/235/289 556/236/290
f 45/234/288 9/11/291 75/235/289
f 115/237/292 134/238/293 80/58/294
f 115/237/292 171/239/295 134/238/293
f 53/240/296 200/19/297 317/241/298
f 53/240/296 32/242/299 200/19/297
f 72/243/300 203/19/301 152/244/302
f 72/243/300 97/245/303 203/19/301
f 198/246/304 11/19/305 116/247/306
f 198/246/304 31/248/307 11/19/305
f 98/249/308 46/19/309 149/250/310
f 98/249/308 30/251/311 46/19/309
f 750/252/312 2395/19/313 949/253/314
f 750/252/312 1949/254/315 2395/19/313
f 365/22/316 1369/255/317 1004/256/318
f 365/22/316 563/257/319 1369/255/317
f 490/258/320 2402/19/321 1494/259/322
f 490/258/320 878/260/323 2402/19/321
f 716/261/324 1192/262/325 508/58/326
f 716/261/324 1923/263/327 1192/262/325
f 548/264/328 1006/265/328 1962/266/328
f 664/267/329 2501/19/330 536/268/331
f 664/267/329 2872/269/332 2501/19/330
f 1003/270/333 1988/19/334 2232/271/335
f 1003/270/333 854/272/336 1988/19/334
f 668/273/337 879/274/338 373/58/339
f 668/273/337 2443/275/340 879/274/338
f 582/276/341 2211/19/342 801/277/343
f 582/276/341 1084/278/344 2211/19/342
f 1759/279/345 4412/19/346 3302/280/347
f 1759/279/345 3581/281/348 4412/19/346
f 1338/282/349 4395/19/350 2374/283/351
f 1338/282/349 2611/284/352 4395/19/350
f 3392/22/353 3152/285/354 3194/286/355
f 3392/22/353 3367/287/356 3152/285/354
f 2256/288/357 4492/19/358 4072/289/359
f 2256/288/357 3107/290/360 4492/19/358
f 3788/291/361 3707/292/362 3693/293/363
f 3788/291/361 3886/11/364 3707/292/362
f 3222/294/365 4600/19/366 4490/295/367
f 3222/294/365 3362/296/368 4600/19/366
f 3093/22/369 3355/297/370 3212/298/371
f 3093/22/369 3271/299/372 3355/297/370
f 2824/300/373 4648/19/374 4360/301/375
f 2824/300/373 3341/302/376 4648/19/374
f 2865/303/377 4693/19/378 4258/304/379
f 2865/303/377 2942/305/380 4693/19/378
f 3380/306/381 3823/307/382 4334/58/383
f 3380/306/381 2529/308/384 3823/307/382
f 3120/309/385 4697/19/386 4199/310/387
f 3120/309/385 3712/311/388 4697/19/386
f 3307/312/389 4507/313/390 4473/58/391
f 3307/312/389 3348/314/392 4507/313/390
f 3219/315/393 1809/316/394 1582/317/395
f 3219/315/393 3372/11/396 1809/316/394
f 2237/318/397 1796/19/398 1547/319/399
f 2237/318/397 2545/320/400 1796/19/398
f 2165/321/401 1999/322/401 1268/323/401
f 2165/321/402 3215/11/402 1999/322/402
f 1987/324/403 3687/325/403 1972/326/403
f 1987/324/404 3699/11/404 3687/325/404
f 1753/327/405 3881/19/406 1687/328/407
f 1753/327/405 3912/329/408 3881/19/406
f 1371/330/409 3151/331/410 1528/332/411
f 1371/330/409 3894/11/412 3151/331/410
f 1609/333/413 1199/334/414 976/335/415
f 1609/333/413 2125/11/416 1199/334/414
f 1122/336/417 1690/19/418 732/337/419
f 1122/336/417 2349/338/420 1690/19/418
f 1213/339/421 1094/340/422 620/341/423
f 1213/339/421 2849/11/424 1094/340/422
f 903/342/425 662/343/426 1247/344/427
f 903/342/425 452/11/428 662/343/426
f 1055/345/429 172/19/430 619/346/431
f 1055/345/429 402/347/432 172/19/430
f 996/348/433 148/349/433 547/58/434
f 996/348/433 586/350/435 148/349/433
f 1473/351/436 523/352/437 896/353/438
f 1473/351/436 853/11/439 523/352/437
f 1221/354/440 368/19/441 566/355/442
f 1221/354/440 848/356/443 368/19/441
f 1184/357/444 394/19/445 510/358/446
f 1184/357/444 960/359/447 394/19/445
f 1214/360/448 2576/361/449 1558/362/450
f 1214/360/448 3158/11/451 2576/361/449
f 1878/22/452 2707/363/453 1604/364/454
f 1878/22/452 2799/365/455 2707/363/453
f 1481/366/456 3122/19/457 1028/367/458
f 1481/366/456 3528/368/459 3122/19/457
f 2916/369/460 3174/19/461 2306/370/462
f 2916/369/460 3455/371/463 3174/19/461
f 3431/22/464 2991/372/465 2473/373/466
f 3431/22/464 3701/374/467 2991/372/465
f 2283/375/468 3173/376/469 2104/58/470
f 2283/375/468 3813/377/471 3173/376/469
f 1929/22/472 2793/378/473 1472/379/474
f 1929/22/472 3287/380/475 2793/378/473
f 2051/381/476 3254/382/477 2141/58/478
f 2051/381/476 3804/383/479 3254/382/477
f 2043/384/480 3615/385/480 1673/386/480
f 2146/387/481 648/19/482 1096/388/483
f 2146/387/481 1394/389/484 648/19/482
f 1152/390/485 1411/19/486 660/391/487
f 1152/390/485 2261/392/488 1411/19/486
f 1443/393/489 825/19/490 596/394/491
f 1443/393/489 1937/395/492 825/19/490
f 1639/396/493 2417/397/494 1414/58/495
f 1639/396/493 3046/398/496 2417/397/494
f 2467/399/497 3178/400/498 1829/401/499
f 2467/399/497 3736/11/500 3178/400/498
f 3295/22/501 2604/402/502 1812/403/503
f 3295/22/501 3549/404/504 2604/402/502
f 2603/405/505 1584/406/506 1318/407/507
f 2603/405/505 3301/11/508 1584/406/506
f 2886/408/509 2290/409/509 1105/410/509
f 1105/410/510 2290/409/510 1348/411/510
f 2924/412/511 1545/413/512 1328/414/513
f 2924/412/511 3218/11/514 1545/413/512
f 4276/415/515 5007/19/516 4983/416/517
f 4276/415/515 4571/417/518 5007/19/516
f 4812/418/519 5003/419/520 5020/58/521
f 4812/418/519 4512/420/522 5003/419/520
f 4579/421/523 5015/19/524 5008/422/525
f 4579/421/523 4642/423/526 5015/19/524
f 4747/424/527 4683/425/528 4524/426/529
f 4747/424/527 4967/11/530 4683/425/528
f 3923/427/531 4977/57/531 4940/58/531
f 3923/427/532 4149/428/532 4977/57/532
f 4149/428/533 5016/19/534 4977/57/535
f 4149/428/533 4620/429/536 5016/19/534
f 3622/430/537 5023/19/538 4635/431/539
f 3622/430/537 4953/432/540 5023/19/538
f 4247/433/541 5014/19/542 4978/434/543
f 4247/433/541 4658/435/544 5014/19/542
f 4557/436/545 4995/437/546 4988/58/547
f 4557/436/545 4636/438/548 4995/437/546
f 4250/439/549 5022/19/550 4999/440/551
f 4250/439/549 4767/441/552 5022/19/550
f 3566/22/553 4436/442/554 4194/443/555
f 3566/22/553 3758/444/556 4436/442/554
f 4517/445/557 3863/19/558 4587/446/559
f 4517/445/557 3779/447/560 3863/19/558
f 4141/448/561 3755/449/561 4269/450/561
f 3717/451/562 4325/452/563 3957/453/564
f 3717/451/562 4380/11/565 4325/452/563
f 3425/454/566 4659/19/567 3199/455/568
f 3425/454/566 4389/456/569 4659/19/567
f 3200/457/570 4237/458/571 3618/459/572
f 3200/457/570 4498/11/573 4237/458/571
f 3880/460/574 4303/461/575 4568/462/576
f 3880/460/574 3748/11/577 4303/461/575
f 3306/463/578 4393/464/579 3818/465/580
f 3306/463/578 4435/11/581 4393/464/579
f 3598/466/582 4131/11/582 4440/467/582
f 4425/468/583 4643/469/584 4920/470/585
f 4425/468/583 4183/11/586 4643/469/584
f 4439/471/587 4986/472/587 4972/58/588
f 4439/471/587 4558/473/589 4986/472/587
f 4523/474/590 4601/475/590 4990/476/590
f 4064/477/591 5011/19/592 4906/478/593
f 4064/477/591 4454/479/594 5011/19/592
f 4406/480/595 4650/481/596 4233/58/597
f 4406/480/595 4976/482/598 4650/481/596
f 4133/483/599 5006/19/600 4550/484/601
f 4133/483/599 4974/485/602 5006/19/600
f 4158/486/603 4931/487/604 4494/58/605
f 4158/486/603 4758/488/606 4931/487/604
f 4676/489/607 4668/490/607 4950/491/607
f 4950/491/608 4668/490/608 5012/19/608
f 4259/492/609 5021/19/610 4938/493/611
f 4259/492/609 4964/494/612 5021/19/610
f 1526/495/613 382/19/614 1196/496/615
f 1526/495/613 557/497/616 382/19/614
f 1899/22/617 626/498/618 744/499/619
f 1899/22/617 1452/500/620 626/498/618
f 2466/22/621 496/501/622 870/502/623
f 2466/22/621 951/503/624 496/501/622
f 773/504/625 652/19/626 341/505/627
f 773/504/625 1304/506/628 652/19/626
f 516/507/629 820/508/629 333/509/629
f 764/510/630 299/19/631 235/511/632
f 764/510/630 856/512/633 299/19/631
f 1568/513/634 506/514/634 579/515/634
f 1568/513/635 1453/11/635 506/514/635
f 1149/22/636 655/516/637 777/517/638
f 1149/22/636 928/518/639 655/516/637
f 1024/519/640 407/520/641 421/58/642
f 1024/519/640 987/521/643 407/520/641
f 466/522/644 1163/523/645 736/524/646
f 466/522/644 1181/11/647 1163/523/645
f 442/525/648 665/526/649 298/58/650
f 442/525/648 1068/527/651 665/526/649
f 260/22/652 880/528/653 422/529/654
f 260/22/652 622/530/655 880/528/653
f 1978/531/656 967/19/657 1053/532/658
f 1978/531/656 1866/533/659 967/19/657
f 1870/534/660 1483/19/661 1013/535/662
f 1870/534/660 2605/536/663 1483/19/661
f 2662/537/664 1660/538/665 1395/539/666
f 2662/537/664 3062/11/667 1660/538/665
f 1651/540/668 1228/541/669 1052/542/670
f 1651/540/668 1847/11/671 1228/541/669
f 1760/543/672 947/544/673 913/545/674
f 1760/543/672 1786/11/675 947/544/673
f 1537/546/676 1169/547/677 973/548/678
f 1537/546/676 1779/11/679 1169/547/677
f 1156/549/680 377/19/681 526/550/682
f 1156/549/680 858/551/683 377/19/681
f 1017/552/684 174/19/685 671/553/686
f 1017/552/684 350/554/687 174/19/685
f 986/555/688 159/19/689 511/556/690
f 986/555/688 425/557/691 159/19/689
f 2242/558/692 364/19/693 1190/559/694
f 2242/558/692 840/560/695 364/19/693
f 2365/561/696 890/562/696 1694/563/696
f 2365/561/697 1383/11/697 890/562/697
f 2552/564/698 720/19/699 1625/565/700
f 2552/564/698 1292/566/701 720/19/699
f 1258/567/702 742/19/703 604/568/704
f 1258/567/702 1508/569/705 742/19/703
f 1299/570/706 868/571/707 461/572/708
f 1299/570/706 2080/11/709 868/571/707
f 1959/573/710 578/574/710 636/575/710
f 606/576/711 2311/577/711 758/578/711
f 701/579/712 1884/19/713 751/580/714
f 701/579/712 1795/581/715 1884/19/713
f 344/22/716 1365/582/717 725/583/718
f 344/22/716 729/584/719 1365/582/717
f 2303/585/720 1005/19/721 1794/586/722
f 2303/585/720 1361/587/723 1005/19/721
f 1425/588/724 1772/19/725 1210/589/726
f 1425/588/724 1930/590/727 1772/19/725
f 909/591/728 1235/592/729 457/58/730
f 909/591/728 2584/593/731 1235/592/729
f 1063/594/732 2625/19/733 1215/595/734
f 1063/594/732 2408/596/735 2625/19/733
f 865/597/736 2814/598/736 1329/599/736
f 959/600/737 2532/19/738 661/601/739
f 959/600/737 3236/602/740 2532/19/738
f 164/603/741 713/604/742 429/605/743
f 164/603/741 530/11/744 713/604/742
f 180/606/745 458/57/745 185/58/745
f 180/606/746 445/607/746 458/57/746
f 445/607/747 765/19/748 458/57/749
f 445/607/747 757/608/750 765/19/748
f 66/22/751 491/609/752 178/610/753
f 66/22/751 214/611/754 491/609/752
f 257/612/755 1195/19/756 219/613/757
f 257/612/755 1284/614/758 1195/19/756
f 704/615/759 259/616/760 261/58/761
f 704/615/759 698/617/762 259/616/760
f 389/618/763 441/19/764 141/619/765
f 389/618/763 888/620/766 441/19/764
f 679/621/767 168/19/768 255/622/769
f 679/621/767 543/623/770 168/19/768
f 50/624/771 439/625/772 184/626/773
f 50/624/771 347/11/774 439/625/772
f 363/627/775 387/628/776 232/629/777
f 363/627/775 609/11/778 387/628/776
f 262/630/779 588/631/780 226/632/781
f 262/630/779 791/11/782 588/631/780
f 110/633/783 204/634/784 55/58/785
f 110/633/783 410/635/786 204/634/784
f 209/636/787 182/19/788 58/637/789
f 209/636/787 514/638/790 182/19/788
f 463/639/791 1740/640/791 1027/58/791
f 463/639/792 859/641/792 1740/640/792
f 2392/642/793 1239/643/794 1095/644/795
f 2392/642/793 2859/11/796 1239/643/794
f 1015/645/797 1424/646/798 705/647/799
f 1015/645/797 3198/11/800 1424/646/798
f 1448/648/801 397/649/801 501/650/801
f 1448/648/802 1255/11/802 397/649/802
f 612/651/803 615/19/804 411/652/805
f 612/651/803 795/653/806 615/19/804
f 336/654/807 590/19/808 135/655/809
f 336/654/807 1064/656/810 590/19/808
f 340/657/811 784/658/811 1113/659/811
f 743/660/812 1354/19/813 475/661/814
f 743/660/812 1832/662/815 1354/19/813
f 502/663/816 1174/664/817 558/665/818
f 502/663/816 2002/11/819 1174/664/817
f 1294/666/820 902/667/820 370/668/820
f 370/668/821 902/667/821 462/669/821
f 362/670/822 754/671/823 449/672/824
f 362/670/822 966/11/825 754/671/823
f 423/673/826 769/19/827 251/674/828
f 423/673/826 1197/675/829 769/19/827
f 813/676/830 1364/677/830 657/678/830
f 813/676/831 1702/11/831 1364/677/831
f 657/678/832 1137/19/833 517/679/834
f 657/678/832 1364/677/835 1137/19/833
f 513/680/836 515/57/836 288/58/836
f 513/680/837 817/19/838 515/57/839
f 513/680/837 1355/681/840 817/19/838
f 327/682/841 724/683/842 270/684/843
f 327/682/841 1823/11/844 724/683/842
f 434/685/845 1026/19/846 284/686/847
f 434/685/845 1466/687/848 1026/19/846
f 565/688/849 1378/19/850 570/689/851
f 565/688/849 1376/690/852 1378/19/850
f 379/691/853 1564/19/854 349/692/855
f 379/691/853 1671/693/856 1564/19/854
f 1351/694/857 542/695/858 372/696/859
f 1351/694/857 1711/11/860 542/695/858
f 594/697/861 711/19/862 321/698/863
f 594/697/861 1146/699/864 711/19/862
f 303/700/865 1227/19/866 175/701/867
f 303/700/865 1557/702/868 1227/19/866
f 408/703/869 836/19/870 256/704/871
f 408/703/869 1269/705/872 836/19/870
f 211/706/873 403/707/874 111/58/875
f 211/706/873 857/708/876 403/707/874
f 337/709/877 756/19/878 160/710/879
f 337/709/877 1183/711/880 756/19/878
f 900/712/881 2077/713/882 2897/58/883
f 900/712/881 633/714/884 2077/713/882
f 666/715/885 1273/716/886 605/58/887
f 666/715/885 2651/717/888 1273/716/886
f 641/718/889 1087/719/889 2018/720/889
f 618/721/890 459/722/891 348/723/892
f 618/721/890 906/11/893 459/722/891
f 186/724/894 416/19/895 88/725/896
f 186/724/894 690/726/897 416/19/895
f 358/727/898 222/19/899 136/728/900
f 358/727/898 520/729/901 222/19/899
f 265/730/902 1081/731/902 424/732/902
f 531/733/903 374/57/903 173/58/903
f 531/733/904 553/19/905 374/57/906
f 531/733/904 1203/734/907 553/19/905
f 464/735/908 696/19/909 210/736/910
f 464/735/908 1254/737/911 696/19/909
f 3468/738/912 3450/19/913 2468/739/914
f 3468/738/912 4040/740/915 3450/19/913
f 3940/741/916 2760/742/917 3860/743/918
f 3940/741/916 3493/11/919 2760/742/917
f 3666/744/920 2792/19/921 2580/745/922
f 3666/744/920 3738/746/923 2792/19/921
f 2978/747/924 4700/19/925 3373/748/926
f 2978/747/924 4462/749/927 4700/19/925
f 3446/750/928 3866/751/929 3305/58/930
f 3446/750/928 4578/752/931 3866/751/929
f 3405/753/932 3964/754/933 3177/755/934
f 3405/753/932 4800/11/935 3964/754/933
f 2648/756/936 3671/757/937 2523/58/938
f 2648/756/936 3801/758/939 3671/757/937
f 2313/759/940 3484/57/940 1964/58/940
f 2313/759/941 4309/19/942 3484/57/943
f 2313/759/941 3774/760/944 4309/19/942
f 3633/761/945 3747/762/946 2437/763/947
f 3633/761/945 4511/11/948 3747/762/946
f 3989/764/949 4796/765/950 4274/58/951
f 3989/764/949 4574/766/952 4796/765/950
f 4892/767/953 4504/768/954 4908/58/955
f 4892/767/953 4710/769/956 4504/768/954
f 4544/770/957 4741/771/958 4458/58/959
f 4544/770/957 4939/772/960 4741/771/958
f 4878/773/961 4381/19/962 4641/774/963
f 4878/773/961 4632/775/964 4381/19/962
f 4992/776/965 4651/777/966 4277/778/967
f 4992/776/965 5018/11/968 4651/777/966
f 5009/779/969 4536/780/969 4577/781/969
f 5009/779/970 5001/11/970 4536/780/970
f 5000/782/971 4521/783/972 4575/784/973
f 5000/782/971 4996/11/974 4521/783/972
f 4399/785/975 5019/19/976 4622/786/977
f 4399/785/975 5002/787/978 5019/19/976
f 4853/788/979 4984/19/980 4810/789/981
f 4853/788/979 4987/790/982 4984/19/980
f 4306/791/983 4484/19/984 4151/792/985
f 4306/791/983 4581/793/986 4484/19/984
f 4644/794/987 4100/795/988 3654/796/989
f 4644/794/987 5004/11/990 4100/795/988
f 4619/797/991 4736/798/991 3772/799/991
f 4619/797/992 4997/11/992 4736/798/992
f 4185/800/993 4092/19/994 3982/801/995
f 4185/800/993 4317/802/996 4092/19/994
f 4281/803/997 3834/19/998 4369/804/999
f 4281/803/997 3776/805/1000 3834/19/998
f 4877/806/1001 3418/807/1002 3983/808/1003
f 4877/806/1001 4678/11/1004 3418/807/1002
f 4359/809/1005 4206/810/1006 3267/811/1007
f 4359/809/1005 4994/11/1008 4206/810/1006
f 4963/22/1009 3838/812/1010 3832/813/1011
f 4963/22/1009 4955/814/1012 3838/812/1010
f 3928/815/1013 4560/816/1013 3812/817/1013
f 3469/818/1014 4248/19/1015 3278/819/1016
f 3469/818/1014 4441/820/1017 4248/19/1015
f 2787/821/1018 4268/57/1018 3877/58/1018
f 2787/821/1019 4686/19/1020 4268/57/1021
f 2787/821/1019 3844/822/1022 4686/19/1020
f 2486/823/1023 4687/19/1024 2735/824/1025
f 2486/823/1023 4610/825/1026 4687/19/1024
f 4402/826/1027 4759/19/1028 4328/827/1029
f 4402/826/1027 4817/828/1030 4759/19/1028
f 4300/829/1031 4743/830/1032 4084/831/1033
f 4300/829/1031 5005/11/1034 4743/830/1032
f 4251/832/1035 4969/19/1036 4082/833/1037
f 4251/832/1035 4945/834/1038 4969/19/1036
f 4585/835/1039 3933/836/1040 3600/837/1041
f 4585/835/1039 4982/11/1042 3933/836/1040
f 4122/838/1043 4854/839/1044 3873/840/1045
f 4122/838/1046 4956/11/1046 4854/839/1046
f 3873/840/1045 4854/839/1044 3845/841/1047
f 4307/842/1048 4891/843/1048 3737/844/1048
f 3737/844/1049 4891/843/1049 4774/19/1049
f 3499/845/1050 4101/846/1051 3619/847/1052
f 3499/845/1050 4565/11/1053 4101/846/1051
f 4172/848/1054 4450/849/1055 3768/850/1056
f 4172/848/1057 4930/11/1057 4450/849/1057
f 3768/850/1056 4450/849/1055 3496/851/1058
f 3324/852/1059 4935/19/1060 3466/853/1061
f 3324/852/1059 4893/854/1062 4935/19/1060
f 3521/855/1063 4175/856/1063 2591/857/1063
f 3521/855/1064 4730/11/1064 4175/856/1064
f 2373/858/1065 3829/859/1065 3275/58/1065
f 2373/858/1066 3353/860/1066 3829/859/1066
f 3753/22/1067 3667/861/1068 3288/862/1069
f 3753/22/1067 3941/863/1070 3667/861/1068
f 2579/864/1071 4909/19/1072 3400/865/1073
f 2579/864/1071 4555/866/1074 4909/19/1072
f 3410/867/1075 4134/868/1075 3168/869/1075
f 2844/870/1076 4706/19/1077 2972/871/1078
f 2844/870/1076 3931/872/1079 4706/19/1077
f 4777/873/1080 3580/874/1081 4174/875/1082
f 4777/873/1080 4528/11/1083 3580/874/1081
f 3828/876/1084 4480/877/1084 4018/58/1084
f 3828/876/1085 4255/878/1085 4480/877/1085
f 4549/879/1086 4207/880/1087 3567/881/1088
f 4549/879/1086 4954/11/1089 4207/880/1087
f 3471/882/1090 4522/883/1090 3555/884/1090
f 3555/884/1091 4746/19/1092 3773/885/1093
f 3555/884/1091 4522/883/1094 4746/19/1092
f 3415/886/1095 4278/887/1096 3903/58/1097
f 3415/886/1095 3800/888/1098 4278/887/1096
f 3121/889/1099 4789/19/1100 3481/890/1101
f 3121/889/1099 4541/891/1102 4789/19/1100
f 3641/892/1103 4532/19/1104 3395/893/1105
f 3641/892/1103 4666/894/1106 4532/19/1104
f 3406/895/1107 4913/19/1108 3650/896/1109
f 3406/895/1107 4094/897/1110 4913/19/1108
f 3245/898/1111 4937/19/1112 3374/899/1113
f 3245/898/1111 4894/900/1114 4937/19/1112
f 849/901/1115 826/19/1116 667/902/1117
f 849/901/1115 1138/903/1118 826/19/1116
f 914/904/1119 1413/19/1120 1914/905/1121
f 914/904/1119 653/906/1122 1413/19/1120
f 876/907/1123 1797/908/1123 2269/58/1123
f 876/907/1124 691/909/1124 1797/908/1124
f 78/22/1125 507/910/1126 195/911/1127
f 78/22/1125 253/912/1128 507/910/1126
f 154/913/1129 144/914/1129 420/915/1129
f 92/916/1130 225/917/1130 465/918/1130
f 247/919/1131 1330/920/1131 311/921/1131
f 338/22/1132 831/922/1133 830/923/1134
f 338/22/1132 339/924/1135 831/922/1133
f 322/925/1136 1341/19/1137 680/926/1138
f 322/925/1136 733/927/1139 1341/19/1137
f 181/928/1140 478/929/1141 455/930/1142
f 181/928/1140 208/11/1143 478/929/1141
f 142/931/1144 480/932/1145 406/933/1146
f 142/931/1144 242/11/1147 480/932/1145
f 158/934/1148 487/935/1149 414/936/1150
f 158/934/1148 254/11/1151 487/935/1149
f 388/937/1152 138/938/1153 621/58/1154
f 388/937/1152 167/939/1155 138/938/1153
f 47/940/1156 282/941/1157 199/942/1158
f 47/940/1156 93/11/1159 282/941/1157
f 85/22/1160 297/943/1161 290/944/1162
f 85/22/1160 86/945/1163 297/943/1161
f 509/946/1164 302/19/1165 529/947/1166
f 509/946/1164 196/948/1167 302/19/1165
f 140/949/1168 555/950/1169 405/58/1170
f 140/949/1168 248/951/1171 555/950/1169
f 76/22/1172 432/952/1173 323/953/1174
f 76/22/1172 122/954/1175 432/952/1173
f 269/955/1176 539/19/1177 532/956/1178
f 269/955/1176 273/957/1179 539/19/1177
f 59/958/1180 597/959/1180 73/960/1180
f 59/958/1181 535/11/1181 597/959/1181
f 60/961/1182 692/19/1183 241/962/1184
f 60/961/1182 277/963/1185 692/19/1183
f 244/22/1186 695/964/1187 656/965/1188
f 244/22/1186 276/966/1189 695/964/1187
f 864/967/1190 723/19/1191 1233/968/1192
f 864/967/1190 305/969/1193 723/19/1191
f 366/970/1194 670/971/1195 1088/972/1196
f 366/970/1194 271/11/1197 670/971/1195
f 137/973/1198 207/974/1198 587/975/1198
f 301/976/1199 252/977/1199 741/978/1199
f 157/979/1200 625/980/1201 467/981/1202
f 157/979/1200 294/11/1203 625/980/1201
f 3356/982/1204 2430/983/1204 3962/984/1204
f 3513/985/1205 3154/19/1206 3841/986/1207
f 3513/985/1205 2418/987/1208 3154/19/1206
f 3589/988/1209 2958/989/1210 3724/990/1211
f 3589/988/1209 2858/11/1212 2958/989/1210
f 3613/991/1213 4902/19/1214 4327/992/1215
f 3613/991/1213 4296/993/1216 4902/19/1214
f 4200/994/1217 4897/19/1218 4970/995/1219
f 4200/994/1217 3914/996/1220 4897/19/1218
f 4121/997/1221 4957/19/1222 4951/998/1223
f 4121/997/1221 4154/999/1224 4957/19/1222
f 3960/1000/1225 3679/1001/1225 4647/1002/1225
f 4212/1003/1226 4353/1004/1226 4505/1005/1226
f 4212/1003/1227 4044/11/1227 4353/1004/1227
f 4257/1006/1228 4287/1007/1228 4508/1008/1228
f 4257/1006/1229 4025/11/1229 4287/1007/1229
f 2053/1009/1230 1359/19/1231 2398/1010/1232
f 2053/1009/1230 1069/1011/1233 1359/19/1231
f 2587/1012/1234 1054/1013/1234 1762/1014/1234
f 2587/1012/1235 1652/11/1235 1054/1013/1235
f 1996/1015/1236 1234/19/1237 2265/1016/1238
f 1996/1015/1236 1078/1017/1239 1234/19/1237
f 808/1018/1240 291/1019/1241 707/58/1242
f 808/1018/1240 562/1020/1243 291/1019/1241
f 453/1021/1244 125/19/1245 170/1022/1246
f 453/1021/1244 353/1023/1247 125/19/1245
f 460/1024/1248 127/19/1249 197/1025/1250
f 460/1024/1248 328/1026/1251 127/19/1249
f 1129/1027/1252 672/19/1253 871/1028/1254
f 1129/1027/1252 802/1029/1255 672/19/1253
f 905/1030/1256 329/1031/1256 788/1032/1256
f 887/1033/1257 319/19/1258 706/1034/1259
f 887/1033/1257 431/1035/1260 319/19/1258
f 1811/1036/1261 2706/57/1261 3473/58/1261
f 1811/1036/1262 1550/19/1263 2706/57/1264
f 1811/1036/1262 989/1037/1265 1550/19/1263
f 1902/1038/1266 595/19/1267 1460/1039/1268
f 1902/1038/1266 799/1040/1269 595/19/1267
f 1072/1041/1270 1046/1042/1271 2544/1043/1272
f 1072/1041/1270 554/11/1273 1046/1042/1271
f 2747/1044/1274 3213/1045/1275 3627/1046/1276
f 2747/1044/1274 2324/11/1277 3213/1045/1275
f 3692/1047/1278 3729/19/1279 3835/1048/1280
f 3692/1047/1278 3442/1049/1281 3729/19/1279
f 3582/1050/1282 3665/19/1283 3965/1051/1284
f 3582/1050/1282 3182/1052/1285 3665/19/1283
f 3102/1053/1286 1590/1054/1287 2951/1055/1288
f 3102/1053/1286 1715/11/1289 1590/1054/1287
f 2917/1056/1290 1565/19/1291 3181/1057/1292
f 2917/1056/1290 1370/1058/1293 1565/19/1291
f 2887/1059/1294 1373/1060/1294 3205/1061/1294
f 1285/1062/1295 774/19/1296 946/1063/1297
f 1285/1062/1295 1050/1064/1298 774/19/1296
f 285/1065/1299 1277/1066/1299 189/1067/1299
f 568/1068/1300 675/19/1301 312/1069/1302
f 568/1068/1300 1062/1070/1303 675/19/1301
f 2383/1071/1304 1755/19/1305 1965/1072/1306
f 2383/1071/1304 2062/1073/1307 1755/19/1305
f 3204/1074/1308 2794/1075/1309 1306/1076/1310
f 3204/1074/1308 4029/11/1311 2794/1075/1309
f 1970/1077/1312 3051/19/1313 1442/1078/1314
f 1970/1077/1312 3464/1079/1315 3051/19/1313
f 917/1080/1316 1743/19/1317 640/1081/1318
f 917/1080/1316 2380/1082/1319 1743/19/1317
f 891/1083/1320 1455/1084/1321 488/1085/1322
f 891/1083/1320 2968/11/1323 1455/1084/1321
f 753/1086/1324 1428/1087/1325 427/1088/1326
f 753/1086/1324 3019/11/1327 1428/1087/1325
f 3868/1089/1328 3133/1090/1328 4589/58/1328
f 3868/1089/1329 1683/1091/1329 3133/1090/1329
f 3470/1092/1330 3276/1093/1331 3895/1094/1332
f 3470/1092/1330 3159/11/1333 3276/1093/1331
f 3467/1095/1334 3972/19/1335 4256/1096/1336
f 3467/1095/1334 2426/1097/1337 3972/19/1335
f 1030/1098/1338 2497/1099/1338 2367/1100/1338
f 1575/22/1339 1563/1101/1340 948/1102/1341
f 1575/22/1339 2438/1103/1342 1563/1101/1340
f 814/1104/1343 3449/19/1344 1432/1105/1345
f 814/1104/1343 2687/1106/1346 3449/19/1344
f 1357/1107/1347 3670/57/1347 3239/58/1347
f 1357/1107/1348 4150/19/1349 3670/57/1350
f 1357/1107/1348 1922/1108/1351 4150/19/1349
f 1248/1109/1352 4249/19/1353 2557/1110/1354
f 1248/1109/1352 3432/1111/1355 4249/19/1353
f 1853/1112/1356 2930/1113/1357 1919/1114/1358
f 1853/1112/1356 3548/11/1359 2930/1113/1357
f 3237/1115/1360 2541/1116/1361 1188/1117/1362
f 3237/1115/1360 4056/11/1363 2541/1116/1361
f 2773/22/1364 3087/1118/1365 2781/1119/1366
f 2773/22/1364 3082/1120/1367 3087/1118/1365
f 2024/1121/1368 2869/1122/1369 1358/1123/1370
f 2024/1121/1368 4270/11/1371 2869/1122/1369
f 522/1124/1372 1921/57/1372 889/58/1372
f 522/1124/1373 1249/1125/1373 1921/57/1373
f 1249/1125/1374 3430/19/1375 1921/57/1376
f 1249/1125/1374 2738/1126/1377 3430/19/1375
f 862/1127/1378 1745/19/1379 2385/1128/1380
f 862/1127/1378 614/1129/1381 1745/19/1379
f 497/1130/1382 3003/19/1383 1507/1131/1384
f 497/1130/1382 1240/1132/1385 3003/19/1383
f 950/1133/1386 2855/1134/1386 1458/1135/1386
f 950/1133/1387 1974/11/1387 2855/1134/1387
f 1822/22/1388 1674/1136/1389 1029/1137/1390
f 1822/22/1388 2804/1138/1391 1674/1136/1389
f 954/1139/1392 1852/1140/1393 796/1141/1394
f 954/1139/1392 3614/11/1395 1852/1140/1393
f 2770/1142/1396 3363/1143/1397 3311/1144/1398
f 2770/1142/1396 3016/11/1399 3363/1143/1397
f 1857/1145/1400 3308/1146/1401 2992/1147/1402
f 1857/1145/1400 2843/11/1403 3308/1146/1401
f 2110/1148/1404 3319/1149/1405 3130/1150/1406
f 2110/1148/1404 2876/11/1407 3319/1149/1405
f 4708/1151/1408 3399/1152/1409 3565/1153/1410
f 4708/1151/1408 4614/11/1411 3399/1152/1409
f 3407/1154/1412 4862/19/1413 4495/1155/1414
f 3407/1154/1412 3883/1156/1415 4862/19/1413
f 3876/1157/1416 4649/19/1417 4562/1158/1418
f 3876/1157/1416 3917/1159/1419 4649/19/1417
f 3318/1160/1420 4554/19/1421 4537/1161/1422
f 3318/1160/1420 3351/1162/1423 4554/19/1421
f 4975/22/1424 3300/1163/1425 3948/1164/1426
f 4975/22/1424 3990/1165/1427 3300/1163/1425
f 3741/1166/1428 4631/19/1429 4595/1167/1430
f 3741/1166/1428 3777/1168/1431 4631/19/1429
f 1663/1169/1432 533/19/1433 869/1170/1434
f 1663/1169/1432 1060/1171/1435 533/19/1433
f 1051/1172/1436 651/19/1437 642/1173/1438
f 1051/1172/1436 1061/1174/1439 651/19/1437
f 1121/1175/1440 367/19/1441 479/1176/1442
f 1121/1175/1440 875/1177/1443 367/19/1441
f 2262/1178/1444 1217/1179/1444 2001/1180/1444
f 4074/22/1445 991/1181/1446 3352/1182/1447
f 4074/22/1445 2007/1183/1448 991/1181/1446
f 3268/1184/1449 1305/1185/1450 1950/1186/1451
f 3268/1184/1449 2411/11/1452 1305/1185/1450
f 1707/1187/1453 589/19/1454 904/1188/1455
f 1707/1187/1453 1123/1189/1456 589/19/1454
f 1449/1190/1457 602/1191/1457 1422/1192/1457
f 2880/22/1458 552/1193/1459 1761/1194/1460
f 2880/22/1458 1038/1195/1461 552/1193/1459
f 2527/1196/1462 1918/1197/1463 3472/1198/1464
f 2527/1196/1462 1560/11/1465 1918/1197/1463
f 3350/22/1466 1735/1199/1467 3316/1200/1468
f 3350/22/1466 1470/1201/1469 1735/1199/1467
f 2419/1202/1470 1638/1203/1471 3315/1204/1472
f 2419/1202/1470 1391/11/1473 1638/1203/1471
f 3778/1205/1474 1933/1206/1475 2292/1207/1476
f 3778/1205/1474 3621/11/1477 1933/1206/1475
f 3952/22/1478 2478/1208/1479 3827/1209/1480
f 3952/22/1478 2831/1210/1481 2478/1208/1479
f 3443/1211/1482 1890/1212/1482 3269/1213/1482
f 2518/1214/1483 2179/1215/1483 3106/1216/1483
f 3106/1216/1484 3376/19/1485 3575/1217/1486
f 3106/1216/1484 2179/1215/1487 3376/19/1485
f 2938/1218/1488 2952/19/1489 3451/1219/1490
f 2938/1218/1488 2055/1220/1491 2952/19/1489
f 3354/1221/1492 1617/1222/1493 3270/1223/1494
f 3354/1221/1492 1820/11/1495 1617/1222/1493
f 2782/1224/1496 839/1225/1497 1287/1226/1498
f 2782/1224/1496 2010/11/1499 839/1225/1497
f 1572/1227/1500 1191/19/1501 1534/1228/1502
f 1572/1227/1500 1230/1229/1503 1191/19/1501
f 1406/1230/1504 682/1231/1505 1714/1232/1506
f 1406/1230/1504 521/11/1507 682/1231/1505
f 2474/1233/1508 1097/19/1509 2403/1234/1510
f 2474/1233/1508 1141/1235/1511 1097/19/1509
f 3092/1236/1512 1270/1237/1513 1708/1238/1514
f 3092/1236/1512 2410/11/1515 1270/1237/1513
f 2420/1239/1516 1319/19/1517 2180/1240/1518
f 2420/1239/1516 1454/1241/1519 1319/19/1517
f 2602/1242/1520 766/1243/1521 1407/1244/1522
f 2602/1242/1520 1597/11/1523 766/1243/1521
f 1556/1245/1524 809/1246/1525 1265/58/1526
f 1556/1245/1524 1325/1247/1527 809/1246/1525
f 1648/1248/1528 683/19/1529 1157/1249/1530
f 1648/1248/1528 994/1250/1531 683/19/1529
f 3751/1251/1532 4148/19/1533 4545/1252/1534
f 3751/1251/1532 3342/1253/1535 4148/19/1533
f 3969/1254/1536 4811/19/1537 4392/1255/1538
f 3969/1254/1536 4242/1256/1539 4811/19/1537
f 3766/1257/1540 4960/19/1541 4883/1258/1542
f 3766/1257/1540 3867/1259/1543 4960/19/1541
f 4162/1260/1544 3272/1261/1544 4433/58/1544
f 4162/1260/1545 2915/1262/1545 3272/1261/1545
f 3214/1263/1546 3329/1264/1547 3703/1265/1548
f 3214/1263/1546 2983/11/1549 3329/1264/1547
f 3273/1266/1550 3232/1267/1551 3833/1268/1552
f 3273/1266/1550 2834/11/1553 3232/1267/1551
f 2535/1269/1554 4801/19/1555 4188/1270/1556
f 2535/1269/1554 3172/1271/1557 4801/19/1555
f 3864/1272/1558 3630/1273/1559 4123/1274/1560
f 3864/1272/1558 3700/11/1561 3630/1273/1559
f 3529/1275/1562 4543/19/1563 4308/1276/1564
f 3529/1275/1562 3765/1277/1565 4543/19/1563
f 2937/1278/1566 1920/19/1567 3233/1279/1568
f 2937/1278/1566 1640/1280/1569 1920/19/1567
f 3735/1281/1570 1293/1282/1570 1943/1283/1570
f 2950/1284/1571 1945/1285/1572 3859/58/1573
f 2950/1284/1571 1603/1286/1574 1945/1285/1572
f 2416/1287/1575 2888/19/1576 3491/1288/1577
f 2416/1287/1575 1612/1289/1578 2888/19/1576
f 3103/1290/1579 1888/19/1580 1865/1291/1581
f 3103/1290/1579 3126/1292/1582 1888/19/1580
f 3465/1293/1583 1637/1294/1583 2823/1295/1583
f 3465/1293/1584 2462/11/1584 1637/1294/1584
f 3688/22/1585 1908/1296/1586 3238/1297/1587
f 3688/22/1585 1789/1298/1588 1908/1296/1586
f 2752/1299/1589 2432/1300/1590 3510/1301/1591
f 2752/1299/1589 1913/11/1592 2432/1300/1590
f 3096/1302/1593 1684/1303/1593 3274/1304/1593
f 2021/1305/1594 1434/57/1594 1457/58/1594
f 2021/1305/1595 1429/19/1596 1434/57/1597
f 2021/1305/1595 2015/1306/1598 1429/19/1596
f 1926/1307/1599 1023/1308/1600 800/1309/1601
f 1926/1307/1599 2307/11/1602 1023/1308/1600
f 1569/1310/1603 647/19/1604 823/1311/1605
f 1569/1310/1603 1241/1312/1606 647/19/1604
f 1726/1313/1607 1109/1314/1608 1300/58/1609
f 1726/1313/1607 1634/1315/1610 1109/1314/1608
f 997/1316/1611 1039/19/1612 603/1317/1613
f 997/1316/1611 1657/1318/1614 1039/19/1612
f 1594/1319/1615 841/1320/1615 551/1321/1615
f 1783/1322/1616 901/19/1617 1162/1323/1618
f 1783/1322/1616 1479/1324/1619 901/19/1617
f 1610/1325/1620 669/1326/1621 1286/1327/1622
f 1610/1325/1620 829/11/1623 669/1326/1621
f 1464/1328/1624 489/19/1625 793/1329/1626
f 1464/1328/1624 937/1330/1627 489/19/1625
f 4076/1331/1628 2563/19/1629 3702/1332/1630
f 4076/1331/1628 3320/1333/1631 2563/19/1629
f 4201/1334/1632 3984/19/1633 4236/1335/1634
f 4201/1334/1632 3966/1336/1635 3984/19/1633
f 4232/1337/1636 3888/19/1637 4165/1338/1638
f 4232/1337/1636 3932/1339/1639 3888/19/1637
f 3826/1340/1640 3383/1341/1640 4260/1342/1640
f 4260/1342/1641 4114/19/1642 4553/1343/1643
f 4260/1342/1641 3383/1341/1644 4114/19/1642
f 4173/1344/1645 4588/57/1645 4859/58/1645
f 4173/1344/1646 4140/19/1647 4588/57/1648
f 4173/1344/1646 3754/1345/1649 4140/19/1647
f 4596/22/1650 3887/1346/1651 4696/1347/1652
f 4596/22/1650 3486/1348/1653 3887/1346/1651
f 4423/1349/1654 3357/19/1654 4153/1350/1655
f 4423/1349/1654 3640/1351/1656 3357/19/1654
f 4559/1352/1657 3545/19/1658 4424/1353/1659
f 4559/1352/1657 3723/1354/1660 3545/19/1658
f 4548/1355/1661 3734/19/1662 4413/1356/1663
f 4548/1355/1661 3854/1357/1664 3734/19/1662
f 3576/1358/1665 2154/1359/1666 3551/58/1667
f 3576/1358/1665 3086/1360/1668 2154/1359/1666
f 3366/1361/1669 2375/1362/1670 3550/1363/1671
f 3366/1361/1669 2072/11/1672 2375/1362/1670
f 3414/1364/1673 2362/19/1674 3433/1365/1675
f 3414/1364/1673 2338/1366/1676 2362/19/1674
f 3782/1367/1677 3111/19/1678 3767/1368/1679
f 3782/1367/1677 2927/1369/1680 3111/19/1678
f 4481/22/1681 3143/1370/1682 3691/1371/1683
f 4481/22/1681 3503/1372/1684 3143/1370/1682
f 4031/1373/1685 2500/1374/1685 3646/1375/1685
f 3727/1376/1686 2268/19/1687 3522/1377/1688
f 3727/1376/1686 2703/1378/1689 2268/19/1687
f 3913/1379/1690 2339/1380/1690 3321/1381/1690
f 3824/1382/1691 2216/1383/1691 3515/1384/1691
f 4361/1385/1692 3719/1386/1693 4959/58/1694
f 4361/1385/1692 3441/1387/1695 3719/1386/1693
f 3925/1388/1696 4095/1389/1697 4621/58/1698
f 3925/1388/1696 3387/1390/1699 4095/1389/1697
f 4489/1391/1700 4222/57/1700 4729/58/1700
f 4489/1391/1701 3291/1392/1701 4222/57/1701
f 3291/1392/1702 3639/19/1702 4222/57/1702
f 4980/1393/1703 4628/1394/1703 4299/1395/1703
f 4980/1393/1704 5010/11/1704 4628/1394/1704
f 4925/1396/1705 4949/1397/1706 4934/58/1707
f 4925/1396/1705 4971/1398/1708 4949/1397/1706
f 4941/1399/1709 4961/19/1710 4919/1400/1711
f 4941/1399/1709 4973/1401/1712 4961/19/1710
f 4705/1402/1713 4067/19/1714 4305/1403/1715
f 4705/1402/1713 4542/1404/1716 4067/19/1714
f 4637/1405/1717 4868/1406/1718 4993/58/1719
f 4637/1405/1717 4024/1407/1720 4868/1406/1718
f 4799/1408/1721 4184/19/1722 4834/1409/1723
f 4799/1408/1721 4144/1410/1724 4184/19/1722
f 4989/22/1725 4280/1411/1726 4491/1412/1727
f 4989/22/1725 4968/1413/1728 4280/1411/1726
f 4923/1414/1729 4704/1415/1730 4669/58/1731
f 4923/1414/1729 4952/1416/1732 4704/1415/1730
f 4943/1417/1733 4584/19/1734 4740/1418/1735
f 4943/1417/1733 4879/1419/1736 4584/19/1734
f 4849/1420/1737 4096/19/1738 4846/1421/1739
f 4849/1420/1737 4102/1422/1740 4096/19/1738
f 4611/1423/1741 4918/1424/1741 4152/1425/1741
f 4942/1426/1742 4103/1427/1743 4677/1428/1744
f 4942/1426/1742 4556/11/1745 4103/1427/1743
f 4875/1429/1746 4192/19/1747 4576/1430/1748
f 4875/1429/1746 4580/1431/1749 4192/19/1747
f 4979/1432/1750 4254/1433/1751 4890/1434/1752
f 4979/1432/1750 4623/11/1753 4254/1433/1751
f 4933/1435/1754 4273/19/1755 4652/1436/1756
f 4933/1435/1754 4665/1437/1757 4273/19/1755
f 4820/1438/1758 4135/1439/1759 4882/58/1760
f 4820/1438/1758 4488/1440/1761 4135/1439/1759
f 5017/22/1762 4132/1441/1763 4991/1442/1764
f 5017/22/1762 4586/1443/1765 4132/1441/1763
f 5013/1444/1766 4342/1445/1766 4099/1446/1766
f 4760/1447/1767 4476/19/1768 4914/1448/1769
f 4760/1447/1767 4191/1449/1770 4476/19/1768
f 4856/1450/1771 4083/1451/1772 4763/1452/1773
f 4856/1450/1771 4226/11/1774 4083/1451/1772
f 4857/1453/1775 4017/19/1776 4734/1454/1777
f 4857/1453/1775 4195/1455/1778 4017/19/1776
f 4985/1456/1779 4338/1457/1780 4533/1458/1781
f 4985/1456/1779 4965/11/1782 4338/1457/1780
f 4946/1459/1783 4667/1460/1784 4998/58/1785
f 4946/1459/1783 4594/1461/1786 4667/1460/1784
f 4958/1462/1787 4196/19/1788 4896/1463/1789
f 4958/1462/1787 4445/1464/1790 4196/19/1788
l 2431 2464
l 2534 2538
l 2668 2708
l 2743 2756
l 2556 2577
l 2471 2548
l 2435 2509
l 2384 2433
l 1882 1963
l 2469 2536
l 2335 2342
l 2442 2487
l 2616 2679
l 2642 2682
l 2664 2683
l 2033 2034
l 2387 2400
l 2413 2482
l 2634 2726
l 2969 3027
l 2405 2499
l 2631 2655
l 2614 2659
l 3294 3313
l 3787 3814
l 3789 3850
l 4038 4128
l 4449 4519
l 4036 4087
l 3662 3683
l 3487 3523
l 4137 4208
l 1515 1593
l 1278 1343
l 1047 1120
l 752 846
l 351 355
l 342 354
l 165 188
l 392 419
l 48 62
l 131 145
l 95 100
l 94 102
l 215 227
l 263 283
l 230 236
l 212 221
l 223 237
l 176 191
l 2326 2346
l 2185 2246
l 2061 2073
l 2174 2270
l 2284 2330
l 1892 1955
l 1626 1675
l 1719 1738
l 1784 1800
l 2626 2829
l 3139 3141
l 3538 3592
l 3309 3322
l 3391 3401
l 3091 3134
l 2629 2754
l 3206 3226
l 2455 2491
l 2463 2514
l 2013 2048
l 1580 1595
l 1724 1746
l 1367 1419
l 1066 1128
l 1379 1417
l 2028 2175
l 2810 2841
l 3000 3069
l 3253 3281
l 2026 2083
l 2201 2218
l 1941 1980
l 2221 2227
l 2948 3044
l 2350 2376
l 2543 2637
l 2882 2899
l 4764 4818
l 4525 4566
l 4339 4363
l 4365 4385
l 4463 4469
l 4368 4382
l 4418 4419
l 4443 4451
l 4792 4827
l 4593 4645
l 4837 4840
l 4779 4813
l 4905 4921
l 2337 2424
l 2012 2067
l 1505 1555
l 1275 1312
l 1182 1209
l 1040 1086
l 1124 1140
l 1474 1520
l 1947 2041
l 1664 1672
l 1036 1110
l 1504 1566
l 1380 1431
l 2032 2085
l 1896 1925
l 1374 1393
l 1598 1622
l 1573 1618
l 1807 1861
l 1226 1237
l 955 1012
l 708 760
l 734 747
l 616 650
l 1020 1092
l 1485 1576
l 1002 1018
l 1633 1682
l 1408 1446
l 1320 1346
l 1263 1289
l 1153 1176
l 1164 1179
l 1244 1259
l 1166 1168
l 1077 1103
l 1082 1101
l 1144 1178
l 1076 1100
l 962 981
l 934 943
l 952 983
l 1034 1079
l 1271 1339
l 863 942
l 2871 3006
l 3249 3279
l 3389 3453
l 3771 3861
l 4070 4097
l 3929 3979
l 3891 3909
l 4002 4019
l 4071 4089
l 4845 4869
l 4721 4756
l 4243 4261
l 4323 4346
l 4455 4486
l 4329 4335
l 4311 4314
l 2040 2132
l 3540 3587
l 3714 3763
l 3926 3946
l 4109 4112
l 4265 4285
l 4409 4430
l 3955 3991
l 4033 4041
l 4052 4060
l 3796 3840
l 3944 3959
l 4042 4058
l 4143 4156
l 4189 4202
l 4085 4116
l 4198 4219
l 1991 2109
l 1516 1602
l 1126 1202
l 1021 1117
l 686 702
l 710 728
l 790 806
l 540 585
l 483 485
l 468 474
l 428 440
l 435 437
l 524 560
l 395 413
l 700 730
l 608 610
l 2064 2136
l 2447 2507
l 2675 2721
l 2836 2892
l 3155 3243
l 3628 3636
l 3631 3689
l 4228 4283
l 1855 1904
l 1868 1871
l 1815 1905
l 684 768
l 1366 1444
l 2621 2790
l 2778 2931
l 2657 2700
l 2056 2091
l 2006 2016
l 1910 1935
l 1969 1984
l 2076 2187
l 2236 2249
l 1111 1236
l 1792 1898
l 2204 2238
l 2296 2320
l 3289 3345
l 2918 2933
l 2994 3029
l 2257 2294
l 2244 2288
l 2730 2850
l 2057 2159
l 2448 2484
l 2562 2572
l 2797 2812
l 2868 2925
l 3167 3255
l 3358 3370
l 3680 3732
l 3916 3967
l 3677 3708
l 3047 3117
l 1401 1535
l 2126 2364
l 3037 3054
l 3031 3055
l 3066 3085
l 3022 3041
l 2575 2593
l 2909 2945
l 2286 2428
l 2089 2099
l 1722 1781
l 3015 3088
l 3452 3590
l 3975 4104
l 3658 3675
l 3716 3721
l 2984 3012
l 2853 2884
l 2800 2821
l 2943 2986
l 2054 2183
l 2454 2494
l 2724 2889
l 3170 3186
l 3261 3325
l 3483 3500
l 1863 2008
l 2758 2957
l 2059 2208
l 2078 2207
l 1605 1728
l 3419 3463
l 3730 3761
l 3942 3999
l 3985 4026
l 3444 3474
l 3579 3601
l 3577 3584
l 3595 3609
l 2314 2460
l 2820 2874
l 3125 3223
l 3386 3408
l 3569 3655
l 4852 4886
l 4655 4674
l 4288 4376
l 4607 4626
l 4784 4808
l 4727 4744
l 4515 4546
l 4671 4688
l 4754 4772
l 4770 4776
l 4786 4804
l 2663 2667
l 2646 2705
l 2578 2696
l 2678 2697
l 2215 2366
l 1830 1932
l 1717 1831
l 2368 2472
l 2510 2742
l 2960 3001
l 3002 3058
l 2560 2581
l 2333 2459
l 1826 1883
l 2344 2415
l 2372 2441
l 2488 2519
l 2070 2166
l 2680 2750
l 2681 2750
l 2628 2661
l 2692 2714
l 2898 2904
l 2653 2666
l 2483 2644
l 2727 2905
l 3105 3207
l 3277 3292
l 2852 2944
l 2745 2866
l 2496 2745
l 2297 2406
l 2128 2298
l 2940 2962
l 2847 2941
l 3815 3821
l 3851 3897
l 3898 4037
l 4129 4304
l 4520 4572
l 4088 4159
l 3537 3616
l 3616 3686
l 3572 3635
l 3524 3572
l 3428 3488
l 3697 3704
l 3857 3997
l 3997 4136
l 4209 4297
l 4298 4447
l 1850 1989
l 1342 1440
l 1119 1229
l 845 982
l 356 360
l 234 272
l 150 166
l 286 300
l 266 275
l 146 218
l 112 130
l 61 91
l 41 49
l 25 42
l 89 96
l 84 90
l 70 83
l 43 52
l 280 304
l 228 245
l 193 206
l 249 264
l 194 202
l 153 162
l 2357 2347
l 2171 2233
l 2196 2252
l 2074 2173
l 1956 2063
l 1542 1627
l 1423 1543
l 1824 1877
l 1704 1705
l 2328 2340
l 2341 2620
l 2830 2999
l 3142 3160
l 3247 3310
l 3344 3447
l 3422 3438
l 2531 2590
l 3229 3347
l 3347 3561
l 3072 3156
l 3132 3157
l 2879 3024
l 2436 2551
l 3227 3250
l 3251 3299
l 2318 2388
l 2299 2316
l 2152 2222
l 1938 2014
l 1624 1734
l 1596 1635
l 1766 1808
l 1539 1552
l 1127 1323
l 1142 1212
l 1912 1916
l 1917 2027
l 2624 2636
l 2842 2856
l 2857 2860
l 2764 2808
l 2809 2998
l 3070 3118
l 3282 3303
l 3304 3340
l 3221 3258
l 2151 2217
l 2052 2140
l 1981 2052
l 2228 2230
l 3045 3147
l 2353 2361
l 2323 2354
l 2490 2542
l 2638 2881
l 3240 3296
l 4231 4350
l 4350 4527
l 4570 4615
l 4616 4765
l 4866 4917
l 4567 4612
l 4713 4716
l 4709 4717
l 4695 4731
l 4832 4858
l 4217 4341
l 4345 4364
l 4386 4404
l 4383 4400
l 4401 4421
l 4354 4367
l 4453 4591
l 4625 4656
l 4657 4793
l 4828 4863
l 4864 4903
l 4703 4780
l 4929 4947
l 2423 2479
l 2066 2124
l 1554 1659
l 1368 1385
l 1310 1344
l 1333 1337
l 1282 1308
l 1246 1283
l 1256 1276
l 1208 1257
l 1136 1155
l 1085 1136
l 998 1041
l 936 999
l 1090 1108
l 1400 1420
l 1353 1415
l 1132 1187
l 1048 1133
l 1522 1615
l 1689 1764
l 1764 1946
l 2042 2160
l 1656 1670
l 1469 1536
l 1536 1548
l 1347 1390
l 1106 1262
l 837 972
l 1396 1427
l 1567 1658
l 1658 1742
l 1742 1927
l 2020 2113
l 2114 2304
l 1501 1482
l 1430 1482
l 1924 1979
l 1834 1891
l 1685 1756
l 1561 1642
l 1392 1461
l 1321 1362
l 1177 1220
l 1177 1224
l 1302 1409
l 1410 1518
l 1589 1608
l 1589 1619
l 1531 1574
l 1476 1532
l 1654 1806
l 2145 2239
l 2240 2291
l 1844 1994
l 2030 2087
l 2088 2251
l 1238 1242
l 1172 1243
l 1115 1150
l 759 824
l 658 709
l 832 927
l 746 772
l 574 617
l 512 575
l 1074 1231
l 745 828
l 634 745
l 925 1019
l 1316 1484
l 866 968
l 775 816
l 714 776
l 1769 1833
l 1681 1741
l 1445 1478
l 1288 1313
l 1222 1264
l 1175 1222
l 1206 1245
l 1280 1317
l 1102 1161
l 922 1032
l 797 835
l 938 970
l 894 939
l 1099 1135
l 1025 1049
l 945 963
l 933 984
l 933 935
l 944 964
l 881 893
l 838 843
l 785 804
l 748 786
l 995 1071
l 995 1033
l 1080 1130
l 1131 1272
l 1388 1529
l 940 1059
l 755 810
l 567 628
l 444 569
l 908 915
l 2220 2516
l 3007 3248
l 3280 3388
l 3454 3644
l 3963 4069
l 4073 4098
l 3869 3908
l 3831 3869
l 3752 3781
l 3890 3893
l 4020 4034
l 3855 3882
l 3785 3791
l 4090 4117
l 4302 4356
l 4356 4461
l 4603 4725
l 4916 4926
l 4927 4948
l 4262 4322
l 4347 4378
l 4379 4416
l 4417 4456
l 4487 4509
l 4510 4551
l 4344 4357
l 4213 4275
l 4177 4187
l 4313 4318
l 4316 4319
l 2133 2421
l 2503 2802
l 2902 3136
l 3764 3798
l 3798 3953
l 4004 4053
l 4054 4106
l 4106 4108
l 4113 4119
l 4349 4429
l 4654 4732
l 4733 4839
l 4286 4362
l 4021 4050
l 4211 4238
l 4239 4279
l 4061 4065
l 3904 3956
l 3759 3797
l 3958 3994
l 3918 3939
l 4059 4068
l 4169 4294
l 4333 4374
l 4157 4181
l 4182 4204
l 4171 4190
l 4115 4147
l 4220 4224
l 4215 4225
l 1767 1894
l 715 783
l 673 715
l 718 787
l 1219 1382
l 727 740
l 591 637
l 498 538
l 761 789
l 807 821
l 518 541
l 472 500
l 486 503
l 345 378
l 436 443
l 446 451
l 577 593
l 559 593
l 412 454
l 528 572
l 601 663
l 731 762
l 581 607
l 611 623
l 624 638
l 2332 2446
l 2508 2674
l 2722 2835
l 2893 3042
l 3078 3127
l 2988 3101
l 3507 3629
l 3552 3557
l 3541 3553
l 3690 3745
l 3746 3920
l 4408 4467
l 4468 4552
l 3971 4227
l 4284 4370
l 4371 4482
l 1903 2119
l 1848 1869
l 1819 1849
l 1441 1739
l 598 685
l 430 599
l 1056 1216
l 798 884
l 2312 2498
l 2116 2312
l 1713 1874
l 2565 2673
l 3547 3674
l 2734 2766
l 2038 2017
l 1936 1997
l 1958 1968
l 1897 2234
l 1232 1471
l 985 1112
l 792 990
l 1710 1750
l 1818 2049
l 2481 2649
l 2650 2973
l 1591 1621
l 3346 3403
l 2381 2530
l 2934 2939
l 2939 2993
l 3061 3090
l 2122 2243
l 2289 2393
l 2394 2731
l 2851 2964
l 2965 3129
l 2255 2276
l 2156 2277
l 1679 1839
l 1489 1579
l 2097 2121
l 2573 2612
l 2690 2796
l 2926 3035
l 3057 3098
l 3014 3084
l 3014 3166
l 3256 3337
l 3396 3424
l 3349 3361
l 3968 4022
l 4023 4138
l 3709 3757
l 3197 3210
l 2370 2862
l 1975 2168
l 1803 1993
l 1291 1402
l 1089 1298
l 1954 2127
l 1842 1961
l 2150 2223
l 1570 1677
l 3004 3038
l 2864 2954
l 3010 3032
l 3081 3161
l 3231 3264
l 3008 3023
l 2445 2574
l 2594 2715
l 2772 2908
l 2946 3033
l 2425 2737
l 2046 2193
l 2181 2282
l 2101 2182
l 2192 2214
l 1780 1986
l 1641 1723
l 1512 1645
l 2922 3013
l 3123 3266
l 3591 3694
l 3695 3799
l 4105 4234
l 3543 3623
l 3624 3659
l 3583 3626
l 3501 3526
l 3461 3502
l 3676 3706
l 3722 3739
l 3740 3756
l 2963 2985
l 2832 2854
l 2818 2833
l 2818 2822
l 2774 2801
l 2785 2816
l 2873 2935
l 3018 3112
l 2826 2891
l 2987 3049
l 2495 2723
l 3574 3612
l 2955 3217
l 2206 2512
l 1881 1976
l 1692 1881
l 1356 1488
l 2011 2079
l 1372 1496
l 3411 3420
l 3534 3586
l 3762 3802
l 3865 3943
l 4000 4048
l 4049 4155
l 3784 3848
l 3849 3987
l 4292 4398
l 4046 4163
l 4373 4446
l 3485 3495
l 3485 3527
l 3492 3498
l 3475 3492
l 3384 3417
l 3602 3651
l 3651 3710
l 3726 3749
l 3750 3792
l 3585 3597
l 3597 3608
l 2461 2819
l 2875 3124
l 3224 3385
l 4397 4471
l 4326 4422
l 4221 4326
l 4091 4146
l 4497 4598
l 4639 4690
l 4750 4851
l 4912 4944
l 4618 4640
l 4531 4538
l 4627 4660
l 4661 4723
l 4723 4826
l 4901 4932
l 4738 4739
l 4739 4783
l 4809 4821
l 4753 4829
l 4885 4907
l 4547 4561
l 4561 4609
l 4609 4670
l 4699 4711
l 4752 4787
l 4775 4788
l 4762 4766
l 4805 4824
l 4881 4898
l 4899 4924
l 2554 2595
l 2718 2740
l 2585 2647
l 2475 2546
l 1931 2023
l 2912 2959
l 2189 2264
l 2558 2559
l 2618 2728
l 2458 2540
l 2280 2343
l 2044 2071
l 2660 2694
l 2713 2761
l 2896 2913
l 2711 2717
l 2669 2699
l 2106 2209
l 2635 2645
l 2906 3104
l 3283 3293
l 2961 3026
l 2795 2845
l 2807 2846
l 3462 3563
l 3871 3884
l 4229 4252
l 3456 3536
l 3684 3696
l 3795 3856
l 3793 3816
l 3906 3934
l 2477 2549
l 2086 2213
l 1791 1851
l 385 418
l 383 390
l 293 310
l 307 308
l 278 287
l 306 332
l 129 147
l 101 105
l 56 71
l 313 330
l 267 281
l 2457 2521
l 2305 2358
l 2172 2195
l 1876 1957
l 1790 1799
l 1668 1697
l 2327 2334
l 3187 3190
l 3191 3208
l 3312 3343
l 2589 2619
l 2967 3113
l 3560 3660
l 2966 3071
l 3131 3149
l 2315 2319
l 2266 2300
l 2147 2153
l 2117 2135
l 1845 1939
l 1551 1585
l 1252 1297
l 1911 1940
l 2600 2640
l 2601 2763
l 2997 3063
l 3193 3220
l 2352 2451
l 2360 2390
l 2504 2515
l 2990 3094
l 3235 3242
l 3297 3335
l 3478 3610
l 4009 4126
l 4526 4569
l 4664 4679
l 4712 4715
l 4662 4694
l 4791 4815
l 4011 4124
l 4366 4388
l 4420 4426
l 4340 4410
l 4592 4624
l 4778 4802
l 2493 2506
l 2123 2131
l 1828 1859
l 1716 1758
l 1384 1404
l 1309 1314
l 1307 1332
l 1200 1207
l 1399 1405
l 1437 1490
l 1186 1250
l 1523 1524
l 1616 1688
l 1614 1630
l 1435 1468
l 1389 1463
l 1426 1459
l 1928 2019
l 1498 1500
l 1802 1835
l 1661 1686
l 1527 1562
l 1261 1322
l 1225 1301
l 1600 1649
l 2069 2144
l 1805 1843
l 1995 2029
l 1159 1173
l 926 1014
l 770 778
l 749 779
l 1171 1193
l 957 1075
l 549 635
l 1008 1073
l 815 867
l 1889 1951
l 1754 1770
l 1477 1503
l 873 923
l 969 993
l 892 897
l 850 861
l 877 898
l 803 819
l 1070 1098
l 1035 1042
l 627 677
l 931 941
l 907 912
l 2065 2219
l 2517 2568
l 3645 3681
l 3936 3977
l 3808 3830
l 3879 3892
l 3806 3820
l 4246 4301
l 4540 4563
l 4724 4768
l 4539 4582
l 4720 4748
l 4895 4915
l 4324 4343
l 4310 4337
l 4186 4214
l 2422 2502
l 2803 2901
l 3137 3201
l 3334 3378
l 3954 4003
l 4077 4107
l 4267 4348
l 4605 4653
l 4051 4080
l 4179 4210
l 3981 4010
l 4005 4006
l 4142 4160
l 4293 4332
l 4203 4218
l 1730 1768
l 1290 1327
l 872 921
l 782 812
l 643 674
l 687 717
l 537 592
l 726 737
l 645 678
l 473 476
l 325 346
l 448 450
l 576 583
l 544 561
l 573 600
l 571 580
l 2302 2331
l 3043 3077
l 3100 3128
l 3556 3570
l 3922 3995
l 4331 4407
l 3919 3970
l 3153 3163
l 2736 2982
l 1303 1447
l 978 1057
l 2974 2976
l 1982 2118
l 2672 2788
l 3365 3439
l 2767 2776
l 1992 2039
l 1977 1998
l 1777 1901
l 1752 1817
l 2309 2480
l 1729 1749
l 1643 1667
l 2749 2877
l 2744 2839
l 2848 2920
l 2278 2382
l 2247 2254
l 1578 1680
l 2138 2155
l 2098 2102
l 2613 2689
l 3036 3056
l 3083 3099
l 3423 3435
l 3437 3479
l 3805 3842
l 3165 3196
l 2167 2371
l 1837 1840
l 2037 2092
l 1782 1841
l 1513 1571
l 3097 3115
l 2805 2863
l 3065 3080
l 3195 3230
l 2050 2107
l 2260 2274
l 2379 2444
l 2716 2771
l 3034 3109
l 2979 3074
l 1774 1867
l 2281 2427
l 2164 2169
l 2031 2100
l 2995 3076
l 3448 3542
l 3649 3657
l 3525 3559
l 2827 2885
l 2817 2837
l 2936 2970
l 2815 2825
l 3520 3573
l 3393 3459
l 2779 2956
l 1586 1693
l 3506 3533
l 3731 3783
l 4167 4240
l 3986 4045
l 4264 4320
l 3494 3504
l 3508 3514
l 3516 3517
l 3711 3725
l 3811 3846
l 3950 4012
l 4290 4396
l 4474 4502
l 4145 4223
l 4499 4501
l 4599 4638
l 4597 4617
l 4514 4530
l 4825 4873
l 4608 4633
l 4726 4737
l 4830 4860
l 4672 4718
l 4785 4794
l 4872 4880
l 2465 2537
l 2525 2553
l 2596 2739
l 2709 2755
l 2571 2586
l 2555 2571
l 2547 2678
l 2363 2476
l 2022 2215
l 2369 2434
l 2742 2911
l 2263 2348
l 2095 2190
l 1948 2096
l 2582 2617
l 2729 2746
l 2539 2746
l 2177 2359
l 1960 2178
l 1718 1827
l 2414 2470
l 2336 2372
l 2520 2524
l 2166 2272
l 2003 2045
l 1952 2004
l 2627 2643
l 2691 2695
l 2665 2685
l 2686 2712
l 2762 2798
l 2798 2895
l 2903 2914
l 2693 2757
l 2652 2670
l 2035 2105
l 2210 2399
l 2345 2412
l 2588 2633
l 3241 3284
l 3028 3171
l 2725 2765
l 2654 2725
l 2609 2632
l 2608 2610
l 2658 2751
l 2597 2615
l 2564 2598
l 3314 3330
l 3331 3457
l 3564 3653
l 3653 3786
l 3822 3872
l 3885 3901
l 3902 3911
l 4304 4448
l 4573 4673
l 4253 4271
l 4272 4282
l 3634 3663
l 3381 3429
l 3705 3794
l 3817 3853
l 3853 3905
l 3935 3973
l 3974 4055
l 2212 2401
l 1592 1733
l 546 693
l 417 546
l 369 386
l 352 359
l 361 371
l 371 384
l 391 398
l 399 401
l 334 343
l 309 335
l 187 234
l 126 151
l 274 279
l 380 393
l 331 381
l 218 289
l 91 113
l 118 132
l 103 120
l 106 109
l 99 109
l 51 57
l 304 314
l 258 268
l 205 216
l 238 250
l 231 233
l 220 233
l 201 213
l 217 224
l 190 217
l 161 177
l 2325 2396
l 2245 2253
l 2060 2094
l 2271 2391
l 2329 2391
l 2197 2285
l 2063 2199
l 1836 1893
l 1676 1773
l 1801 1825
l 1737 1785
l 1703 1720
l 1696 1771
l 1628 1669
l 1544 1629
l 2999 3189
l 3175 3188
l 3160 3176
l 3140 3144
l 3145 3146
l 3209 3246
l 3593 3647
l 3648 3715
l 3323 3332
l 3332 3390
l 3402 3421
l 2531 2688
l 3114 3228
l 3661 3742
l 3743 3870
l 2753 2879
l 2550 2630
l 3150 3185
l 2513 2492
l 2134 2148
l 2047 2081
l 1731 1846
l 1581 1624
l 1636 1725
l 1747 1765
l 1416 1540
l 1000 1067
l 882 1001
l 1296 1352
l 1211 1253
l 2176 2505
l 2505 2599
l 2623 2641
l 2636 2811
l 3118 3252
l 3064 3192
l 3259 3298
l 2084 2151
l 2139 2202
l 1879 1942
l 1810 1880
l 2231 2351
l 2452 2732
l 2732 2947
l 3148 3257
l 2389 2377
l 2894 2989
l 3095 3234
l 3336 3477
l 3611 3673
l 3673 4008
l 4127 4230
l 4819 4865
l 4613 4663
l 4680 4692
l 4692 4714
l 4731 4790
l 4816 4831
l 4125 4216
l 4345 4390
l 4405 4464
l 4470 4477
l 4478 4479
l 4387 4403
l 4351 4355
l 4427 4432
l 4432 4442
l 4452 4465
l 4466 4485
l 4411 4453
l 4646 4702
l 4803 4836
l 4841 4847
l 4848 4850
l 4814 4904
l 4922 4928
l 2130 2248
l 1858 1944
l 1757 1821
l 1438 1465
l 1403 1439
l 1315 1336
l 1139 1170
l 1107 1125
l 1421 1436
l 1491 1541
l 1519 1541
l 1412 1475
l 1251 1353
l 1521 1525
l 2161 2386
l 1631 1646
l 1655 1665
l 1462 1548
l 971 1037
l 1397 1499
l 1334 1381
l 1223 1335
l 1518 1599
l 1607 1623
l 1650 1653
l 1862 1915
l 1915 2068
l 1011 1115
l 885 956
l 824 886
l 564 659
l 780 833
l 772 771
l 721 735
l 712 722
l 649 694
l 1194 1231
l 827 958
l 470 550
l 400 471
l 924 1009
l 1093 1316
l 1577 1700
l 1701 1875
l 968 1010
l 1502 1553
l 1345 1375
l 1147 1154
l 1143 1165
l 1180 1205
l 1260 1279
l 1160 1167
l 834 874
l 992 1044
l 1134 1145
l 980 1025
l 965 977
l 929 953
l 899 930
l 860 881
l 842 851
l 818 847
l 1340 1387
l 1043 1058
l 676 755
l 911 932
l 916 919
l 2569 2870
l 3682 3770
l 3862 3963
l 3978 4028
l 3907 3937
l 3780 3809
l 3889 3930
l 3910 3951
l 4035 4079
l 3819 3855
l 3790 3807
l 4118 4244
l 4564 4602
l 4769 4806
l 4807 4867
l 4583 4629
l 4630 4722
l 4749 4781
l 4781 4844
l 4870 4888
l 4889 4910
l 4757 4838
l 4336 4358
l 4170 4178
l 4312 4315
l 3202 3333
l 3379 3539
l 3588 3713
l 4030 4078
l 3993 4032
l 3947 3993
l 3899 3927
l 3852 3900
l 4120 4266
l 4429 4604
l 4431 4459
l 4460 4513
l 3992 4014
l 4015 4043
l 4021 4047
l 4081 4110
l 4111 4180
l 4007 4066
l 3839 3904
l 3685 3760
l 3938 3945
l 4068 4130
l 4161 4168
l 4375 4444
l 4147 4171
l 4062 4086
l 4016 4063
l 4193 4205
l 4193 4197
l 1601 1712
l 1326 1418
l 1201 1281
l 920 1031
l 811 855
l 629 644
l 781 852
l 852 1022
l 1118 1218
l 703 739
l 637 689
l 426 499
l 738 761
l 822 844
l 631 646
l 584 632
l 500 519
l 477 494
l 495 503
l 484 492
l 493 504
l 469 481
l 438 482
l 378 409
l 315 326
l 295 316
l 447 456
l 505 525
l 375 396
l 357 376
l 527 545
l 663 699
l 763 805
l 2137 2301
l 2988 3119
l 3244 3368
l 3369 3507
l 3606 3637
l 3562 3607
l 3562 3571
l 3996 4164
l 4164 4330
l 3164 3183
l 2977 3184
l 2119 2440
l 1856 1885
l 1886 1906
l 1872 1906
l 1736 1816
l 975 1148
l 767 975
l 883 979
l 3039 2975
l 2789 3039
l 2489 2622
l 1873 1983
l 2566 2777
l 2932 3216
l 3216 3364
l 3440 3546
l 2676 2768
l 2656 2676
l 2701 2733
l 2005 2025
l 1909 1934
l 1985 2075
l 2235 2188
l 2250 2293
l 1647 1778
l 1471 1662
l 1706 1793
l 2049 2308
l 1666 1698
l 1620 1644
l 2205 2224
l 2225 2295
l 2321 2355
l 2355 2526
l 2878 3020
l 3021 3162
l 3162 3290
l 3404 3544
l 2840 2928
l 2919 2929
l 2530 2741
l 2142 2279
l 1966 2143
l 3030 3060
l 2122 2258
l 1839 1967
l 1350 1492
l 2103 2111
l 2082 2112
l 2485 2561
l 2813 2867
l 3338 3398
l 3398 3436
l 3375 3397
l 3371 3375
l 3359 3360
l 3480 3511
l 3512 3678
l 3733 3825
l 3825 3915
l 3843 3874
l 3875 3921
l 3116 3211
l 2862 3048
l 1533 1803
l 1838 1971
l 1971 2036
l 2093 2149
l 1450 1514
l 1349 1451
l 3053 3068
l 2719 2806
l 2528 2720
l 3011 3067
l 3265 3317
l 3040 3075
l 2981 3009
l 2108 2259
l 2275 2378
l 3110 3180
l 3073 3180
l 2907 2980
l 2737 2910
l 2186 2287
l 1860 2046
l 1691 1775
l 1546 1695
l 2090 2115
l 2115 2163
l 2170 2191
l 2921 2996
l 3089 3123
l 3799 3976
l 4235 4457
l 3558 3583
l 2883 2963
l 2704 2775
l 2784 2828
l 2838 2873
l 2971 3017
l 3050 3135
l 2184 2453
l 2890 3169
l 3179 3260
l 3326 3482
l 3489 3519
l 3458 3612
l 3327 3394
l 3217 3328
l 2570 2780
l 2000 2356
l 1748 1864
l 1510 1751
l 2511 2759
l 1487 1587
l 1727 1900
l 1495 1606
l 3412 3505
l 3586 3668
l 3803 3865
l 4027 4039
l 4039 4075
l 4075 4166
l 4241 4291
l 4163 4263
l 4321 4372
l 3497 3509
l 3416 3445
l 3518 3531
l 3532 3578
l 3596 3603
l 3604 3617
l 3409 3568
l 3656 3810
l 3847 3949
l 4013 4289
l 4503 4472
l 4414 4475
l 3998 4093
l 4496 4500
l 4691 4750
l 4887 4911
l 4675 4684
l 4685 4701
l 4377 4437
l 4438 4516
l 4538 4606
l 4874 4900
l 4634 4681
l 4682 4728
l 4822 4843
l 4745 4753
l 4861 4884
l 4689 4698
l 4711 4755
l 4773 4797
l 4798 4833
l 4719 4751
l 4795 4788
l 4761 4771
l 4824 4871
