# Blender 5.1.0
# www.blender.org
mtllib tree_9.mtl
o Tall_Pin
v -0.397772 2.273330 0.106437
v -0.397669 2.266522 0.090663
v -0.394220 2.260662 0.112762
v -0.393431 2.321311 0.103944
v -0.393145 2.249498 0.083729
v -0.393136 2.293909 0.024563
v -0.393130 2.257394 0.092611
v -0.386866 2.282565 0.115202
v -0.386301 2.761484 0.087290
v -0.390814 2.253159 0.050480
v -0.384857 2.251589 0.164712
v -0.384425 2.396765 -0.077696
v -0.381182 2.192783 0.134564
v -0.380123 2.247000 0.012630
v -0.379519 2.182442 0.163242
v -0.378432 2.653377 0.060852
v -0.378304 2.276567 0.063740
v -0.377659 2.804505 -0.022387
v -0.377538 2.849482 0.037929
v -0.375682 2.270969 0.064650
v -0.374068 2.908706 -0.122048
v -0.373539 2.723859 0.028435
v -0.373001 2.195149 0.028843
v -0.372029 2.384963 0.072721
v -0.371814 2.288239 0.173105
v -0.370675 2.253681 0.121994
v -0.361690 2.770800 -0.029959
v -0.368409 2.809298 -0.122871
v -0.368386 2.869529 -0.018769
v -0.368329 2.252347 0.023091
v -0.368304 3.047841 0.166566
v -0.368298 2.299159 0.015948
v -0.367942 2.237526 0.041954
v -0.367544 2.227366 0.107821
v -0.367409 3.273587 0.077913
v -0.366698 2.663722 -0.071482
v -0.361443 2.795840 -0.155190
v -0.364293 3.226030 0.017192
v -0.364143 2.429769 -0.054962
v -0.364093 2.253388 0.132455
v -0.364077 2.708250 0.083571
v -0.364001 2.290726 -0.143849
v -0.363361 2.283504 -0.013616
v -0.362286 2.322481 -0.087857
v -0.362574 2.442528 0.003081
v -0.363272 2.362574 0.033139
v -0.360795 2.322202 0.205487
v -0.360480 2.726503 -0.031754
v -0.360385 2.226184 0.041390
v -0.360182 2.332506 0.194630
v -0.360033 2.782366 0.139793
v -0.359516 3.205586 -0.135873
v -0.359086 3.010668 -0.153053
v -0.356375 3.008531 0.129390
v -0.357593 2.949885 -0.127347
v -0.356732 2.274423 0.087881
v -0.356645 2.273539 0.009119
v -0.354815 2.925674 -0.012911
v -0.354768 2.853469 -0.118486
v -0.353703 2.286304 0.044105
v -0.353125 2.233459 0.120712
v -0.353035 3.284300 -0.009485
v -0.352831 2.749526 -0.022210
v -0.352589 3.151712 -0.027179
v -0.350193 2.263036 0.165001
v -0.350607 3.033037 0.053477
v -0.349734 2.418812 -0.179477
v -0.348566 2.760358 -0.094613
v -0.348528 2.536102 0.021346
v -0.347887 2.274056 0.061758
v -0.347713 2.238465 0.045623
v -0.347671 3.001443 0.056421
v -0.347427 2.734923 -0.092050
v -0.347020 2.342672 -0.083810
v -0.346622 2.196080 0.082323
v -0.346204 2.220940 0.056960
v -0.346062 2.929556 -0.101014
v -0.345840 3.215832 -0.092321
v -0.345038 3.268952 -0.127079
v -0.344590 2.356439 -0.063947
v -0.344081 3.256134 -0.066267
v -0.343922 3.120303 0.038989
v -0.343621 2.509283 -0.043345
v -0.343608 2.927661 -0.032620
v -0.343423 2.289102 0.074675
v -0.343276 2.397069 0.019655
v -0.343005 2.814249 -0.187336
v -0.342841 2.279164 -0.176006
v -0.342760 3.224625 0.079419
v -0.317961 2.779617 -0.033375
v -0.341718 2.321806 -0.081370
v -0.341656 2.310285 0.163074
v -0.341405 2.750115 0.038835
v -0.341383 2.757910 -0.168910
v -0.341238 3.049999 0.122435
v -0.341083 2.962238 0.112186
v -0.340918 3.003770 -0.127302
v -0.340606 2.261359 0.024084
v -0.340423 2.238831 0.053713
v -0.339887 3.224177 -0.208554
v -0.339775 2.222468 0.201137
v -0.339049 2.327621 -0.044714
v -0.338508 3.332640 -0.008866
v -0.338293 2.173800 0.106594
v -0.338190 2.906097 0.036677
v -0.338179 2.194180 0.236671
v -0.337882 2.742710 0.003474
v -0.337771 2.989103 -0.015485
v -0.337642 2.992589 -0.062644
v -0.337469 2.350172 -0.020411
v -0.337422 2.215620 0.085297
v -0.337420 2.901438 -0.040621
v -0.337298 2.229733 0.069929
v -0.337224 2.277462 0.149660
v -0.337069 3.183825 -0.060914
v -0.336918 2.197043 -0.123524
v -0.336054 3.291642 -0.062105
v -0.335448 2.884463 -0.119300
v -0.334362 2.261685 0.098399
v -0.333432 2.949668 -0.004076
v -0.293123 2.215595 -0.074078
v -0.333580 3.241761 -0.076188
v -0.333212 2.868975 0.041725
v -0.332789 2.271020 0.064076
v -0.316060 2.320912 -0.110945
v -0.332886 3.114973 -0.031121
v -0.332199 3.142431 0.142542
v -0.332181 3.199779 -0.147274
v -0.329785 2.948983 0.002420
v -0.338319 2.270176 0.117575
v -0.332150 2.832887 0.091746
v -0.332070 2.286581 -0.096557
v -0.337003 2.249363 0.120895
v -0.332001 2.228451 0.188052
v -0.331926 2.161722 -0.024861
v -0.331757 2.259078 0.177923
v -0.331505 2.873494 -0.044764
v -0.330922 2.153792 0.040929
v -0.330791 3.157042 -0.014827
v -0.330773 2.289332 0.154549
v -0.330271 2.334956 0.189814
v -0.330094 2.248738 0.206601
v -0.329657 2.361122 0.224315
v -0.329627 2.233399 0.021316
v -0.329399 3.003748 0.024706
v -0.329277 3.103357 0.187702
v -0.329090 2.216109 -0.105471
v -0.328821 2.272453 0.119063
v -0.328243 2.973127 -0.014396
v -0.328130 3.177669 -0.016823
v -0.327910 2.174373 0.185568
v -0.327128 3.098166 -0.199760
v -0.326904 2.289263 0.031172
v -0.326763 2.282957 -0.162614
v -0.326594 2.196648 0.107582
v -0.326579 3.087350 0.020801
v -0.326995 2.780429 -0.140795
v -0.326239 2.926052 0.205171
v -0.326078 2.217997 0.185032
v -0.325930 2.239052 0.037849
v -0.325894 2.744168 0.045060
v -0.325835 2.854511 -0.027027
v -0.325693 3.049084 0.061972
v -0.323495 2.784631 -0.141666
v -0.324441 2.727726 0.137475
v -0.324316 2.983795 0.114681
v -0.299243 2.633259 0.027594
v -0.324049 2.941309 0.216990
v -0.323925 2.748771 -0.161614
v -0.323297 2.699152 -0.078290
v -0.323291 3.357538 -0.064039
v -0.325102 2.842247 -0.006235
v -0.323753 3.291347 -0.021731
v -0.322936 2.252724 0.055836
v -0.322922 2.729108 0.087999
v -0.322860 2.291130 0.197910
v -0.322793 2.785659 -0.142717
v -0.322170 2.236871 0.092992
v -0.322580 3.027120 0.000727
v -0.321345 2.780877 -0.146493
v -0.321811 2.180715 0.233176
v -0.321808 2.705252 0.054251
v -0.321490 2.231915 0.091321
v -0.321674 3.163451 0.025768
v -0.321380 3.226699 -0.201886
v -0.320893 2.197643 0.081162
v -0.319928 2.347106 0.101915
v -0.320756 2.474731 0.008165
v -0.320509 2.224000 0.130965
v -0.319823 2.844162 -0.186502
v -0.319813 2.789501 -0.109130
v -0.319668 3.104695 0.033542
v -0.321748 2.257483 0.192352
v -0.319130 2.760373 -0.087506
v -0.318968 2.722585 0.051429
v -0.318623 2.309021 0.124822
v -0.318904 3.091812 -0.135568
v -0.318539 2.379852 0.002459
v -0.318454 2.791266 -0.078212
v -0.318148 3.103362 -0.020574
v -0.318001 3.170378 -0.085056
v -0.317477 3.225196 -0.017726
v -0.317235 3.334296 -0.060673
v -0.317095 2.446103 -0.039856
v -0.316798 2.880338 0.023622
v -0.316686 2.254158 -0.032340
v -0.316366 2.897237 -0.221042
v -0.316152 2.349677 0.002350
v -0.316038 2.505105 -0.016098
v -0.315992 2.910377 0.106155
v -0.315742 2.760919 -0.014979
v -0.315581 2.274626 0.058276
v -0.315549 2.404196 -0.060883
v -0.314865 3.001684 0.195291
v -0.314811 2.380341 -0.042762
v -0.314337 2.915150 0.029452
v -0.314333 2.287835 -0.072054
v -0.314261 3.367382 -0.029198
v -0.314154 2.437355 -0.020328
v -0.314023 3.072527 -0.196427
v -0.312681 3.042626 0.076635
v -0.312673 2.785484 0.024062
v -0.312251 2.370553 0.247638
v -0.312060 2.308937 0.106550
v -0.311726 3.145159 0.046627
v -0.311697 2.220575 0.056935
v -0.311670 2.847844 -0.153226
v -0.309743 3.181032 -0.116742
v -0.311945 3.214188 -0.142485
v -0.311178 3.166188 -0.163983
v -0.262254 2.202666 -0.044572
v -0.310989 3.361148 0.022006
v -0.310660 2.251908 0.042871
v -0.310131 2.902076 -0.107724
v -0.310051 2.843824 0.103560
v -0.309845 3.158664 0.022564
v -0.309782 2.334903 -0.102576
v -0.300980 2.254900 0.043673
v -0.309607 2.781072 0.041274
v -0.308636 3.071069 0.198459
v -0.308431 2.643114 0.076407
v -0.308151 2.843409 -0.137045
v -0.308052 2.887502 0.045037
v -0.308002 3.122223 -0.015631
v -0.307919 3.255578 -0.108788
v -0.309242 2.842099 0.009887
v -0.306899 3.126269 -0.214637
v -0.306676 2.363695 -0.100732
v -0.306780 2.887630 -0.010735
v -0.306747 2.276134 0.028058
v -0.306485 2.358526 -0.025128
v -0.306481 2.256098 0.061444
v -0.308122 2.252115 0.193113
v -0.306141 3.299546 -0.025923
v -0.305745 2.198407 0.149264
v -0.304435 2.314155 0.114941
v -0.307397 3.210721 0.052133
v -0.305298 2.350090 -0.137036
v -0.304776 2.715053 0.173553
v -0.304618 2.720972 0.147616
v -0.304433 3.040375 -0.040158
v -0.304430 2.342129 0.100818
v -0.304299 2.314213 0.114913
v -0.304238 2.219277 0.044413
v -0.303825 3.350554 -0.097064
v -0.303619 3.241149 0.032838
v -0.303614 2.885787 -0.121388
v -0.292032 2.952636 -0.001019
v -0.303354 2.204971 0.053074
v -0.303278 3.292914 -0.125382
v -0.303176 3.243644 0.029846
v -0.303106 2.863273 -0.121065
v -0.302918 2.874454 -0.051910
v -0.302723 3.251602 -0.071958
v -0.275843 2.882141 -0.063982
v -0.294584 2.709862 0.165078
v -0.301560 3.273693 -0.130157
v -0.301189 2.249546 0.054969
v -0.299782 2.346335 -0.125418
v -0.298856 2.800951 -0.145530
v -0.300848 2.864500 0.172051
v -0.300752 2.313420 0.182329
v -0.300705 2.972463 -0.110310
v -0.300681 2.181118 0.149529
v -0.300494 3.185897 -0.250102
v -0.300220 2.922108 0.298133
v -0.299940 2.801330 -0.018009
v -0.229938 2.701999 0.047377
v -0.286146 2.199729 0.179202
v -0.275511 2.873281 0.125412
v -0.299602 2.247452 0.111394
v -0.299597 2.792372 0.202712
v -0.298728 2.805145 0.088381
v -0.298407 3.112476 -0.135239
v -0.297956 2.654288 -0.096007
v -0.297835 2.301348 0.060947
v -0.297778 2.212258 -0.098371
v -0.297776 2.805001 0.093892
v -0.294650 2.886796 0.145962
v -0.297120 2.898714 0.088633
v -0.297117 2.395962 -0.214658
v -0.271979 2.762004 0.021645
v -0.296772 2.259378 0.048016
v -0.296757 2.252196 -0.161519
v -0.296709 3.202889 -0.096623
v -0.296622 3.135119 -0.030271
v -0.282189 2.790957 -0.079113
v -0.296246 2.915471 -0.183828
v -0.296090 2.802771 0.087711
v -0.295782 3.295764 -0.054944
v -0.295684 2.977109 -0.149825
v -0.295443 2.769509 0.022167
v -0.295092 3.011593 -0.064011
v -0.296045 2.396800 -0.050620
v -0.294730 3.177703 -0.052873
v -0.294664 3.212983 -0.023945
v -0.294638 2.876050 -0.039888
v -0.252646 2.437908 -0.040242
v -0.294622 2.764179 -0.041727
v -0.294187 2.254097 0.024686
v -0.294027 2.854313 0.032046
v -0.293854 2.828781 0.154993
v -0.293729 2.244190 0.138675
v -0.293650 2.229955 0.164920
v -0.293721 2.828264 0.157243
v -0.293336 3.283264 -0.132774
v -0.294299 2.924338 0.154189
v -0.293123 2.346611 0.176598
v -0.292998 2.319829 0.016673
v -0.292893 2.777818 0.096111
v -0.292885 2.849251 -0.042016
v -0.292701 2.743466 0.103932
v -0.292546 2.884875 0.137535
v -0.292481 3.082420 -0.004659
v -0.247899 2.314826 -0.082831
v -0.292319 2.923472 0.195907
v -0.292254 2.852735 0.021948
v -0.292007 2.180743 0.047516
v -0.290102 2.312326 0.108878
v -0.291749 3.330648 -0.114776
v -0.291343 2.824054 -0.189916
v -0.291203 2.828916 0.009264
v -0.261588 2.908394 -0.034038
v -0.291012 2.757768 -0.016426
v -0.293353 3.200300 -0.037375
v -0.290849 3.262000 0.079266
v -0.292394 2.900364 0.134614
v -0.290661 2.853958 0.033467
v -0.290131 2.192964 0.015677
v -0.290055 3.210440 -0.219130
v -0.289509 2.258830 0.042887
v -0.289182 2.196940 0.061321
v -0.287982 2.895910 0.137413
v -0.289378 2.184942 0.145769
v -0.288384 2.851661 -0.240247
v -0.289163 3.197710 -0.069325
v -0.288990 2.762665 0.023410
v -0.288834 2.350264 -0.129975
v -0.288593 3.067443 -0.066045
v -0.287961 3.242805 -0.054789
v -0.287947 2.199738 0.097565
v -0.287805 2.907247 0.171574
v -0.265929 2.613994 0.037364
v -0.286276 2.905526 -0.033648
v -0.286933 2.244322 0.144132
v -0.286194 2.910499 0.034716
v -0.286135 2.834294 0.002952
v -0.285969 3.240740 -0.036369
v -0.285941 2.291333 -0.008437
v -0.285912 2.937012 0.146672
v -0.285854 2.994708 -0.236923
v -0.285703 3.021917 -0.104259
v -0.285700 2.210027 -0.189779
v -0.241301 2.360475 0.107434
v -0.285569 2.935410 0.120312
v -0.267353 2.814261 0.069667
v -0.283851 2.853526 -0.237802
v -0.282122 2.853283 -0.237910
v -0.285099 3.182551 0.087985
v -0.285098 2.917329 -0.053804
v -0.284988 3.275892 -0.023314
v -0.279248 2.901298 -0.028790
v -0.258225 2.650446 0.085476
v -0.284409 3.073516 -0.232178
v -0.239918 2.297824 0.036398
v -0.283888 3.189915 -0.024902
v -0.283743 3.246413 -0.154406
v -0.283708 2.927062 -0.047360
v -0.258445 2.667961 -0.005114
v -0.283602 3.083883 0.066443
v -0.283599 2.831439 0.003797
v -0.283436 2.551796 0.003619
v -0.283333 2.221974 0.038998
v -0.283069 2.745794 -0.046024
v -0.265055 3.185484 -0.076410
v -0.282654 3.224785 -0.096157
v -0.282521 3.328855 -0.063167
v -0.282150 2.815567 0.080060
v -0.278129 2.906821 -0.032791
v -0.279837 2.906791 -0.034225
v -0.282029 2.825726 -0.264257
v -0.281931 3.241086 0.021345
v -0.280690 3.252778 0.152207
v -0.281570 3.073227 0.154329
v -0.253186 3.218427 -0.213593
v -0.281475 3.297889 -0.097241
v -0.281451 2.221735 0.091507
v -0.281439 3.128223 -0.037001
v -0.281364 2.965705 0.026881
v -0.281045 2.305614 0.104757
v -0.280887 3.207470 0.039036
v -0.279320 2.906090 -0.034456
v -0.279012 2.364594 -0.259517
v -0.280133 2.325778 -0.005223
v -0.280102 1.006997 0.039314
v -0.279645 2.300384 0.109529
v -0.278143 2.296878 0.109219
v -0.279855 2.872211 -0.178685
v -0.279695 3.182364 -0.116130
v -0.279476 2.908436 -0.100482
v -0.280212 2.448457 0.281716
v -0.279074 2.518460 -0.066790
v -0.278970 3.370151 -0.031385
v -0.259133 3.221177 -0.135705
v -0.278682 3.279272 0.080329
v -0.278459 2.266848 0.110124
v -0.278632 2.212037 0.111031
v -0.278376 2.234741 0.028217
v -0.278284 2.239083 0.209977
v -0.278178 2.856094 0.026371
v -0.277850 2.351955 -0.130674
v -0.274109 2.403712 -0.060454
v -0.277964 2.272219 -0.138361
v -0.277184 2.855564 -0.001373
v -0.276861 2.984849 0.084126
v -0.276704 2.742485 0.092557
v -0.276687 2.419636 -0.051278
v -0.276574 2.971925 -0.113990
v -0.276482 2.891704 0.167092
v -0.276581 2.304043 0.219040
v -0.268270 2.963216 0.283840
v -0.276069 3.207898 -0.077786
v -0.276050 3.216074 -0.015741
v -0.273172 2.238931 0.099159
v -0.275824 2.302078 0.098809
v -0.275432 2.270437 0.111923
v -0.275297 3.196345 -0.073175
v -0.275280 2.323060 0.016915
v -0.275220 3.158506 0.041266
v -0.275125 2.917030 -0.101415
v -0.275074 2.752810 0.066001
v -0.274989 2.851806 0.154151
v -0.274874 2.150528 0.052414
v -0.274664 2.396304 -0.159046
v -0.272031 2.722884 -0.167416
v -0.274365 2.817516 0.162992
v -0.274146 2.176546 0.108887
v -0.274037 3.212457 0.013416
v -0.273836 2.232560 0.121323
v -0.273795 2.850598 -0.124968
v -0.273219 3.057595 0.051304
v -0.273600 2.275574 -0.004622
v -0.273562 2.418793 -0.052282
v -0.273288 2.300504 0.150803
v -0.273173 2.231175 -0.060773
v -0.266262 2.867337 -0.148171
v -0.272634 2.838767 -0.068229
v -0.272628 2.834044 -0.146192
v -0.272588 2.134640 0.056689
v -0.272531 3.189611 -0.077436
v -0.272464 2.791424 0.086900
v -0.272242 2.800892 -0.176992
v -0.272206 3.009424 -0.122533
v -0.269286 2.807464 -0.178230
v -0.269987 2.806982 -0.179719
v -0.272163 3.334237 0.015767
v -0.272115 3.385805 -0.022213
v -0.272003 2.442429 -0.016720
v -0.271752 2.272309 0.038729
v -0.271430 2.153792 0.124024
v -0.271366 3.270572 0.113621
v -0.270696 2.969828 0.234058
v -0.270482 3.128595 -0.251366
v -0.270431 3.149153 -0.087350
v -0.270428 3.132419 -0.184710
v -0.270205 2.788638 -0.189528
v -0.237522 2.827234 0.080884
v -0.269788 2.976655 -0.104489
v -0.268365 2.949435 0.186453
v -0.269189 2.308744 0.035100
v -0.269650 3.374443 -0.157479
v -0.269594 2.944679 0.249969
v -0.264425 2.284746 -0.219673
v -0.268851 2.808249 -0.179298
v -0.269082 2.244228 0.120085
v -0.269046 3.005957 -0.158756
v -0.268886 2.871197 0.149095
v -0.268778 3.265335 0.067148
v -0.268758 2.152416 0.054579
v -0.268669 3.227274 -0.147097
v -0.268463 3.340310 -0.116816
v -0.267897 2.158251 0.060463
v -0.267652 2.690984 0.065473
v -0.267518 2.786807 0.134308
v -0.267453 2.306014 0.039803
v -0.267453 3.193101 0.159048
v -0.267252 3.192412 -0.003522
v -0.267185 3.169593 -0.176472
v -0.267697 2.454149 0.283637
v -0.266835 0.995369 0.090971
v -0.266774 2.443913 -0.008963
v -0.260770 2.367643 -0.125128
v -0.266453 3.259287 0.111555
v -0.266428 2.880281 -0.187409
v -0.266414 2.733974 -0.020315
v -0.257596 3.257450 -0.132076
v -0.265999 2.757167 0.018169
v -0.265765 2.456289 0.285582
v -0.240032 2.798735 0.098903
v -0.265626 3.228622 0.075391
v -0.263860 2.354995 -0.134477
v -0.265507 2.210279 0.145594
v -0.265413 2.887096 0.093556
v -0.230696 2.834172 0.016016
v -0.265268 3.014068 0.215428
v -0.264609 2.344916 0.055090
v -0.265134 2.354193 -0.134688
v -0.264851 2.303943 0.104830
v -0.264981 2.887312 0.064125
v -0.264966 2.988393 -0.174763
v -0.261196 2.783262 0.029823
v -0.264886 2.814133 0.154426
v -0.257647 2.371107 -0.238698
v -0.264646 3.004582 0.078811
v -0.264629 2.356704 0.050298
v -0.261619 2.871393 0.059306
v -0.264605 2.251465 0.134208
v -0.264425 3.053369 0.038670
v -0.264308 3.078923 -0.117858
v -0.264123 2.305501 0.032998
v -0.264088 2.272814 0.211658
v -0.263920 3.316121 0.164371
v -0.263831 3.034761 -0.122656
v -0.263754 2.819431 -0.004380
v -0.263569 2.870635 0.054015
v -0.263144 3.221274 -0.138253
v -0.266165 3.204393 -0.086648
v -0.262907 3.121693 0.006014
v -0.257452 2.384053 -0.117877
v -0.262629 3.192391 -0.204440
v -0.262628 3.191238 0.077154
v -0.262563 3.077561 -0.165172
v -0.262358 3.109961 -0.007259
v -0.262345 3.193167 -0.069580
v -0.244316 2.519873 -0.151169
v -0.262206 2.956546 -0.075970
v -0.262134 2.437577 -0.008695
v -0.262093 2.884361 0.028423
v -0.261568 3.081404 -0.170649
v -0.261541 2.163657 0.182096
v -0.261505 3.121994 -0.045375
v -0.261472 3.166048 -0.049131
v -0.261472 3.071695 0.033912
v -0.255177 2.914099 0.112254
v -0.261366 2.821594 -0.116857
v -0.261134 3.066465 0.006281
v -0.261042 2.850534 0.024352
v -0.245519 2.844960 0.018402
v -0.261021 2.162056 0.165421
v -0.260920 2.437718 0.268335
v -0.260612 2.258311 0.029865
v -0.260573 3.187369 -0.028447
v -0.221352 2.336556 0.211316
v -0.255390 2.388347 -0.116090
v -0.239310 2.816005 -0.015599
v -0.260051 3.055377 -0.210622
v -0.260036 0.987948 0.096991
v -0.259950 2.421102 -0.044307
v -0.259871 3.189314 -0.051806
v -0.259804 3.301135 -0.070119
v -0.259700 2.733208 0.169154
v -0.258927 2.949889 -0.107312
v -0.259449 2.866844 -0.148565
v -0.259378 2.818567 -0.027056
v -0.217153 2.185504 -0.045552
v -0.258921 3.146306 -0.174945
v -0.234157 2.871270 -0.014055
v -0.258874 3.225335 0.001553
v -0.258749 3.098177 0.003955
v -0.258708 2.848570 -0.046598
v -0.258516 2.853054 -0.004605
v -0.258485 3.303164 -0.013133
v -0.263391 3.304875 0.042114
v -0.258406 2.798270 -0.136656
v -0.257774 2.248711 0.195864
v -0.257752 2.825750 0.010659
v -0.257680 2.210177 0.009245
v -0.257487 3.285410 -0.162335
v -0.257473 3.320674 0.141675
v -0.257404 2.910021 0.131651
v -0.257632 0.989082 0.142481
v -0.257013 3.160328 -0.137374
v -0.256870 2.867475 -0.055208
v -0.257052 3.113032 -0.102299
v -0.251709 2.371513 -0.230076
v -0.256797 2.974000 -0.060453
v -0.256623 3.014629 -0.049287
v -0.256615 3.144080 0.055768
v -0.256544 2.432483 -0.098903
v -0.256530 2.959238 -0.169684
v -0.214735 3.061409 -0.010140
v -0.252570 2.871002 0.054706
v -0.247832 2.871221 0.041917
v -0.227597 2.826838 -0.063749
v -0.247379 2.868363 0.054129
v -0.256216 3.030434 -0.118287
v -0.256167 2.812049 0.201473
v -0.256035 2.959518 -0.240503
v -0.248568 2.447812 0.268233
v -0.251746 2.445940 0.266482
v -0.255941 3.152452 -0.076594
v -0.250463 3.196241 -0.115133
v -0.241359 2.780785 0.194231
v -0.255665 2.490426 -0.009562
v -0.246252 2.264797 -0.039211
v -0.255513 2.874757 0.021650
v -0.250413 3.268015 0.065568
v -0.255293 2.877031 0.022011
v -0.255088 2.738999 0.130561
v -0.255125 2.210853 0.224568
v -0.255099 2.193621 0.011208
v -0.255073 2.788389 0.210754
v -0.252780 2.436067 -0.058976
v -0.254852 3.262106 -0.202576
v -0.254371 3.168046 -0.074743
v -0.254300 2.754947 -0.064828
v -0.250680 2.413479 -0.082066
v -0.176886 3.316355 -0.018868
v -0.252856 2.832147 0.179262
v -0.253989 0.979804 0.074407
v -0.253981 0.927216 0.038055
v -0.250380 2.425340 -0.071186
v -0.253593 3.162532 -0.005719
v -0.252762 2.891107 -0.030241
v -0.253433 2.757990 0.145272
v -0.252914 2.430745 0.264134
v -0.253148 2.723344 0.071966
v -0.253059 3.049771 -0.207665
v -0.252936 1.245398 0.208469
v -0.252735 3.342957 -0.015586
v -0.252644 2.891046 -0.029947
v -0.252598 2.368843 0.133097
v -0.252548 2.455280 -0.063300
v -0.252537 3.291509 -0.012043
v -0.252332 2.766983 0.075691
v -0.252284 2.846534 0.069509
v -0.252258 3.246689 -0.097967
v -0.252209 2.613207 0.184029
v -0.252154 2.871693 0.054644
v -0.252048 2.631232 0.262926
v -0.250313 2.453554 -0.034829
v -0.250691 2.867943 0.047078
v -0.174599 3.268203 -0.032386
v -0.251002 2.413373 -0.084328
v -0.254087 2.896987 -0.120012
v -0.254589 2.826852 -0.004155
v -0.224040 2.698568 0.051709
v -0.203978 2.409508 -0.134015
v -0.250140 3.236650 -0.143430
v -0.250111 2.811074 0.056488
v -0.250066 3.212930 -0.041336
v -0.249858 2.984932 -0.086534
v -0.197105 2.305262 0.026326
v -0.249617 2.946747 0.114161
v -0.249514 3.151560 -0.252272
v -0.249400 3.164997 -0.267744
v -0.249225 2.216062 0.074039
v -0.249170 3.271240 -0.151869
v -0.249063 2.453050 -0.038054
v -0.249056 2.159537 -0.038027
v -0.249016 3.066636 -0.212433
v -0.209389 2.287400 0.197184
v -0.248842 3.246006 -0.015154
v -0.248608 2.963688 -0.063134
v -0.248517 2.277493 0.156802
v -0.248276 2.813321 -0.190805
v -0.249466 2.875864 -0.115754
v -0.190800 2.814626 0.064187
v -0.248174 2.817197 -0.187350
v -0.248123 2.673541 0.060161
v -0.247800 2.905909 0.097914
v -0.247684 3.146970 0.127721
v -0.247671 2.951447 -0.008459
v -0.247625 3.225257 -0.106418
v -0.247565 2.228818 0.046331
v -0.247551 2.448356 0.267927
v -0.248988 2.447266 0.267215
v -0.247394 3.234698 0.192693
v -0.244845 2.852009 -0.136519
v -0.247317 3.044193 -0.048921
v -0.247316 2.759789 0.076794
v -0.248619 2.890745 0.168662
v -0.247116 3.289503 -0.113658
v -0.245448 2.372628 -0.221793
v -0.247024 3.044313 0.023148
v -0.246789 2.847676 -0.008439
v -0.246527 3.343493 0.053331
v -0.246339 2.351809 0.038939
v -0.246339 2.351809 0.038939
v -0.246212 3.187247 -0.191986
v -0.246045 2.912148 0.177874
v -0.246027 2.210301 0.018544
v -0.246004 2.716742 0.080241
v -0.246000 3.098184 -0.189057
v -0.245819 3.214747 -0.274083
v -0.245679 3.173758 -0.167281
v -0.245648 2.155812 0.195861
v -0.245699 2.791486 0.054869
v -0.237298 2.952973 -0.171078
v -0.245535 2.214131 -0.187431
v -0.245517 2.800701 -0.221900
v -0.245276 2.593872 0.139097
v -0.245245 3.299277 -0.192519
v -0.222792 2.340974 0.014910
v -0.245113 2.326894 0.024000
v -0.244800 2.606902 0.301504
v -0.244762 3.107895 0.172881
v -0.244503 3.112110 -0.187043
v -0.244370 2.878515 0.061560
v -0.242686 3.118992 -0.013444
v -0.245477 2.911241 -0.022250
v -0.217453 2.335142 0.016333
v -0.244225 2.907393 0.169308
v -0.244220 3.151004 -0.150387
v -0.235569 2.899110 0.094104
v -0.237713 2.895605 0.100368
v -0.243710 2.414388 -0.099161
v -0.243689 2.941793 -0.147901
v -0.243629 2.122384 0.047368
v -0.243678 2.800890 0.118690
v -0.243462 3.022927 -0.026789
v -0.243378 2.799131 0.061987
v -0.243271 3.127255 -0.224787
v -0.243155 3.173865 -0.114594
v -0.185415 2.687968 0.133593
v -0.233072 2.872423 0.191813
v -0.242507 2.668726 0.092050
v -0.242413 2.549538 0.160541
v -0.207771 2.718553 0.099819
v -0.242228 3.211205 -0.103590
v -0.242134 2.904525 0.128842
v -0.242045 1.005493 0.118991
v -0.243590 3.192567 -0.034484
v -0.241782 2.806715 0.183910
v -0.241739 2.792208 -0.214100
v -0.241641 2.826913 0.117730
v -0.241560 3.049161 0.014085
v -0.242781 3.207570 -0.017698
v -0.241343 3.372840 -0.043999
v -0.222809 2.515425 -0.101521
v -0.241282 3.191789 -0.143486
v -0.241264 2.676583 0.131494
v -0.240301 2.833172 -0.205629
v -0.241196 3.322617 -0.073210
v -0.241195 1.008324 0.142153
v -0.241194 2.817288 -0.102358
v -0.239355 3.165601 -0.097019
v -0.215716 2.946580 0.124142
v -0.240733 3.220096 -0.149311
v -0.240496 0.933499 0.089637
v -0.227982 2.856205 0.204548
v -0.240278 3.065107 -0.140919
v -0.240268 2.365301 0.108363
v -0.240005 3.324685 -0.181048
v -0.226645 2.297104 0.028715
v -0.239945 3.158597 -0.112245
v -0.239747 3.121027 -0.255106
v -0.239413 3.070763 -0.239033
v -0.239392 3.008156 -0.134444
v -0.238178 3.245094 -0.190042
v -0.239346 3.338134 0.010350
v -0.231197 2.724884 0.231500
v -0.239275 2.344142 -0.160429
v -0.236547 2.341237 -0.164838
v -0.223404 2.887650 0.128373
v -0.239219 2.872979 0.063012
v -0.239208 2.722624 -0.074131
v -0.233501 2.835845 -0.202009
v -0.185250 2.824664 0.122415
v -0.238855 3.232281 -0.082840
v -0.228452 2.784572 0.172258
v -0.234422 2.894263 0.097267
v -0.237022 3.160500 -0.080705
v -0.238364 2.775164 -0.165953
v -0.238322 2.621075 0.092603
v -0.238075 2.908849 -0.043869
v -0.238062 3.236942 0.002151
v -0.206707 2.879741 -0.119691
v -0.237983 3.113219 -0.118013
v -0.228177 2.869982 0.188864
v -0.166244 2.254528 0.022169
v -0.237799 2.276322 -0.136013
v -0.237731 2.799127 -0.018782
v -0.237270 2.838408 -0.002740
v -0.237130 2.334872 0.033515
v -0.235032 2.835670 -0.201817
v -0.234735 2.835378 -0.203649
v -0.237038 3.118836 -0.248960
v -0.215927 2.714577 0.122437
v -0.239633 2.854454 0.199392
v -0.210525 2.854312 -0.067236
v -0.236815 2.714744 0.146086
v -0.236603 3.158849 -0.078500
v -0.236581 3.186017 0.104572
v -0.236505 2.793455 -0.090574
v -0.227161 2.822400 -0.132676
v -0.231774 2.874134 -0.016104
v -0.235935 2.837342 -0.003202
v -0.235915 2.360855 0.067984
v -0.235914 3.257772 -0.052512
v -0.235887 2.962658 -0.124308
v -0.229678 2.883815 -0.011896
v -0.228943 2.882949 -0.012046
v -0.235712 2.921430 0.270658
v -0.173701 3.098829 -0.118256
v -0.235510 3.030982 0.145697
v -0.235317 0.970743 0.065468
v -0.228494 2.806509 0.224160
v -0.235611 2.894289 0.098488
v -0.235553 2.895146 0.097200
v -0.233809 3.278639 -0.026691
v -0.234527 3.150649 0.055734
v -0.234281 2.718255 0.146688
v -0.234212 2.896097 0.131874
v -0.164567 3.251937 -0.027559
v -0.233811 2.929143 -0.071003
v -0.233566 3.036501 0.041826
v -0.233564 3.219525 -0.049951
v -0.194042 2.224346 0.156264
v -0.175234 2.680745 0.125930
v -0.233398 2.837624 -0.136210
v -0.233378 3.053826 -0.132222
v -0.233322 3.257632 -0.094008
v -0.231780 2.917677 0.118066
v -0.237379 3.347148 -0.110529
v -0.233102 3.093934 -0.178872
v -0.233141 1.035189 0.163359
v -0.232768 2.790893 0.125820
v -0.228073 2.823017 -0.133036
v -0.183933 3.291465 -0.158977
v -0.230635 3.061029 -0.120512
v -0.230973 3.060883 -0.121574
v -0.232328 3.304056 -0.094580
v -0.232283 2.652246 0.162631
v -0.232160 2.796925 0.066444
v -0.232153 3.198522 -0.011979
v -0.232175 3.056783 -0.120208
v -0.226776 2.811913 -0.174232
v -0.226099 2.811792 -0.173895
v -0.232065 3.080022 0.107662
v -0.230033 2.838348 0.013577
v -0.228206 2.349025 0.027857
v -0.231892 2.867192 0.061390
v -0.231879 2.642936 -0.179711
v -0.231854 2.445066 0.056206
v -0.220414 2.957788 -0.091811
v -0.231614 3.011682 -0.235034
v -0.231586 3.200955 -0.101652
v -0.231492 2.164571 0.032405
v -0.186989 0.913571 0.040749
v -0.231030 2.349450 -0.165379
v -0.231001 2.990974 0.083298
v -0.230966 3.331672 0.017739
v -0.230956 3.213631 -0.223895
v -0.230658 0.945556 0.140688
v -0.222889 3.142536 -0.076758
v -0.228555 3.111592 -0.229294
v -0.230334 3.160891 -0.042873
v -0.221161 2.339522 0.016120
v -0.229958 3.140943 -0.056979
v -0.229786 3.243219 -0.230747
v -0.229741 3.153461 -0.015727
v -0.229560 2.886731 0.090695
v -0.209511 2.682183 0.206270
v -0.226036 2.937298 0.045227
v -0.229284 2.747793 0.138332
v -0.229256 2.884564 -0.011285
v -0.229256 2.884564 -0.011285
v -0.229075 3.099103 0.228524
v -0.228903 3.229649 -0.181874
v -0.228814 3.245048 -0.175131
v -0.228610 0.953047 0.077683
v -0.228774 2.207600 0.052264
v -0.212469 3.004971 -0.232908
v -0.232407 3.154294 -0.052190
v -0.228114 3.230026 -0.181312
v -0.228540 2.878800 0.094506
v -0.227673 2.940118 -0.110713
v -0.174860 2.755376 0.064965
v -0.228325 3.100600 -0.256342
v -0.228172 2.757219 0.141222
v -0.227932 2.459701 -0.091421
v -0.204915 2.773068 0.004550
v -0.227908 2.780635 0.069561
v -0.227792 3.131313 -0.218020
v -0.227692 2.757556 -0.131809
v -0.227591 3.163017 -0.271414
v -0.187955 2.330596 -0.052157
v -0.227469 2.988588 -0.111129
v -0.227360 2.788532 -0.080161
v -0.228166 3.328430 -0.097562
v -0.227299 3.289325 -0.146142
v -0.233214 3.144822 0.104945
v -0.227216 3.190511 -0.139317
v -0.227185 2.616416 0.168709
v -0.227084 2.654537 -0.105603
v -0.227073 3.188918 -0.057334
v -0.227011 2.415816 0.048591
v -0.227007 3.123655 -0.221906
v -0.226619 3.131486 0.064342
v -0.216838 2.267151 -0.018180
v -0.219195 0.950558 0.075918
v -0.228383 2.809889 -0.170959
v -0.230156 2.808069 -0.170141
v -0.226483 3.068612 -0.062182
v -0.224110 3.147892 -0.073405
v -0.226309 3.213027 0.193496
v -0.225206 2.858217 0.031856
v -0.224545 2.857114 0.033570
v -0.226239 3.285440 0.034509
v -0.226464 1.033937 0.187338
v -0.225466 3.147332 -0.065837
v -0.226145 3.312254 -0.148561
v -0.225174 0.970130 0.133358
v -0.225958 3.185243 0.111589
v -0.225725 3.310566 -0.153997
v -0.225639 3.071063 -0.019180
v -0.225444 1.198760 0.162592
v -0.225171 3.381468 0.062600
v -0.198131 3.198753 -0.280192
v -0.159502 3.183251 0.016228
v -0.224728 3.190813 -0.212434
v -0.224722 3.045471 -0.049111
v -0.224531 3.051682 0.025014
v -0.224438 3.264605 0.063871
v -0.224399 2.346343 -0.226822
v -0.224232 3.173674 -0.053206
v -0.224042 3.294618 0.071725
v -0.223903 2.425982 0.054278
v -0.223865 3.142176 -0.055025
v -0.223736 2.461238 -0.087894
v -0.223696 2.655083 -0.033076
v -0.223625 3.253973 -0.146751
v -0.223622 2.496676 0.344005
v -0.148021 2.787136 0.029620
v -0.223477 2.378145 -0.206267
v -0.223477 2.378145 -0.206267
v -0.223470 2.396309 0.165114
v -0.223465 2.857744 -0.171653
v -0.223454 3.190833 -0.067738
v -0.223370 3.180006 0.065117
v -0.223317 3.114930 -0.205910
v -0.223166 2.841296 -0.198757
v -0.223132 2.519173 0.129474
v -0.223107 3.095244 -0.088952
v -0.223036 3.143417 0.083878
v -0.222889 3.182764 -0.002445
v -0.213004 2.907684 0.178340
v -0.222749 3.025537 -0.057394
v -0.222679 3.226492 -0.110412
v -0.222671 2.983330 -0.240606
v -0.222118 2.647359 0.224842
v -0.222526 3.223167 -0.229770
v -0.222504 3.047385 -0.061490
v -0.222314 2.887283 0.002396
v -0.222346 2.807333 -0.030337
v -0.203330 2.374067 -0.185708
v -0.200757 2.810806 0.048885
v -0.221044 2.920841 -0.089495
v -0.221667 3.129481 0.023295
v -0.183667 3.300888 -0.093290
v -0.220845 2.364116 -0.165142
v -0.221304 2.363632 -0.164984
v -0.221464 3.193967 -0.030240
v -0.221347 2.850582 -0.085427
v -0.218664 3.099089 -0.087570
v -0.218526 3.099120 -0.089064
v -0.220116 3.087585 0.069689
v -0.220903 2.735729 -0.000230
v -0.220739 2.857565 -0.057940
v -0.220663 3.245208 -0.195160
v -0.221635 2.916078 0.155004
v -0.220640 2.869368 0.034990
v -0.220640 2.869368 0.034990
v -0.223873 2.867505 0.033213
v -0.221472 2.866600 0.032091
v -0.220605 3.164650 -0.148119
v -0.220548 2.848302 -0.065179
v -0.220547 2.950137 -0.192772
v -0.220542 2.883520 -0.085991
v -0.220392 2.707803 0.110972
v -0.220334 2.651489 0.075813
v -0.220271 3.181363 0.053318
v -0.220868 2.786146 0.053983
v -0.220202 2.886897 -0.179307
v -0.220023 0.910141 0.074272
v -0.219939 1.251287 0.241483
v -0.158456 2.450117 -0.098725
v -0.219725 3.089477 -0.029413
v -0.219669 2.807888 0.239839
v -0.219555 2.939961 0.282782
v -0.219531 2.840018 -0.128932
v -0.219525 2.803947 -0.065529
v -0.219418 2.539679 0.237613
v -0.206231 3.222972 -0.139694
v -0.219223 3.321552 -0.163805
v -0.218933 3.051791 -0.019046
v -0.177654 3.133651 -0.017703
v -0.218847 2.966524 0.146343
v -0.221547 3.197264 0.122162
v -0.218620 2.766369 0.077973
v -0.218564 2.954243 -0.089043
v -0.209560 3.142298 -0.089187
v -0.218512 3.230791 0.162339
v -0.218377 0.913401 0.115761
v -0.218312 3.236937 0.170188
v -0.218274 2.379849 0.055465
v -0.173825 0.901868 0.092343
v -0.163113 2.519807 -0.081948
v -0.217822 2.711067 0.130651
v -0.217832 3.133182 0.130480
v -0.217775 3.166988 -0.079984
v -0.217599 3.362158 -0.169594
v -0.214200 3.302394 -0.004814
v -0.217270 3.129310 -0.100517
v -0.217138 2.814092 -0.202798
v -0.217596 2.810290 -0.128600
v -0.201462 2.802588 -0.162070
v -0.216625 3.081887 0.052835
v -0.216583 3.117480 -0.091883
v -0.216557 3.146106 -0.089388
v -0.214708 2.813365 -0.130038
v -0.216167 2.957526 -0.044995
v -0.214274 2.814393 -0.131236
v -0.215755 3.236246 0.008464
v -0.215523 1.332232 0.181049
v -0.215435 2.177983 0.173456
v -0.200771 2.732800 0.112521
v -0.215188 3.273956 -0.021446
v -0.214773 2.728421 0.122557
v -0.207507 2.838473 0.203106
v -0.214371 3.001982 0.266209
v -0.214188 2.810965 -0.132415
v -0.214026 2.960291 -0.207432
v -0.166075 3.243807 -0.177170
v -0.213843 2.913763 -0.198508
v -0.213494 3.112022 -0.039006
v -0.213469 2.747247 -0.027305
v -0.213420 2.887425 0.017567
v -0.213396 2.906054 -0.146845
v -0.213177 3.284487 -0.033496
v -0.213126 2.890282 -0.082378
v -0.213098 2.681960 0.093041
v -0.212998 2.996497 -0.106398
v -0.212989 2.786225 0.027237
v -0.212988 2.658280 0.169647
v -0.212984 3.116428 0.021784
v -0.212961 3.041683 -0.071068
v -0.212501 2.805093 -0.149483
v -0.205052 2.380160 -0.184549
v -0.204783 2.380586 -0.184916
v -0.212478 3.135933 -0.113257
v -0.212441 3.014305 0.028421
v -0.210762 2.343615 0.012829
v -0.152663 2.513849 -0.070589
v -0.212274 3.198503 -0.178903
v -0.212237 3.191050 -0.172683
v -0.212228 3.260083 -0.148740
v -0.212163 2.888899 0.198563
v -0.211901 0.963604 -0.167603
v -0.211886 2.970166 -0.159388
v -0.211749 2.766070 -0.119884
v -0.196702 3.125048 -0.187181
v -0.211573 2.483041 0.321500
v -0.211566 3.055563 -0.151887
v -0.209970 2.349749 0.009991
v -0.210864 2.349392 0.009291
v -0.211384 3.197350 -0.173215
v -0.154634 2.224941 0.003662
v -0.195264 2.765002 0.166181
v -0.211282 3.262325 -0.037538
v -0.211198 2.520689 0.300037
v -0.211022 3.273236 -0.241367
v -0.151660 3.164984 0.044167
v -0.210701 3.385699 -0.138733
v -0.210486 1.250326 0.237036
v -0.210607 2.972677 -0.102082
v -0.166084 0.889667 0.088375
v -0.210064 2.731531 0.091803
v -0.209949 3.039932 0.020597
v -0.209736 3.238009 -0.240378
v -0.209716 3.189084 -0.078994
v -0.197655 2.444372 0.180961
v -0.194037 3.152019 0.073645
v -0.209540 3.310950 -0.201413
v -0.180209 3.219691 -0.156336
v -0.208660 2.431828 0.260332
v -0.208026 2.429647 0.263171
v -0.193260 2.809915 -0.165775
v -0.208844 3.166549 -0.091555
v -0.208789 3.289454 0.039998
v -0.208706 3.161820 -0.140139
v -0.156821 3.048096 -0.062012
v -0.205072 2.379829 -0.184859
v -0.208485 0.956704 -0.132762
v -0.208481 2.879707 0.130490
v -0.208479 3.050912 0.228016
v -0.208375 2.869897 -0.005614
v -0.208356 2.822083 -0.181867
v -0.208310 3.151416 -0.165409
v -0.208027 2.753494 0.337404
v -0.206836 2.959458 0.041420
v -0.207738 2.810416 -0.189329
v -0.207661 3.000986 -0.086178
v -0.164851 0.878563 0.074760
v -0.207443 2.753154 0.117222
v -0.190295 3.236677 0.124024
v -0.207242 2.774583 0.105217
v -0.207021 3.346506 -0.133625
v -0.207018 3.194940 -0.185399
v -0.206932 3.238322 0.114540
v -0.206901 3.329677 -0.078422
v -0.206490 2.811726 0.043278
v -0.206688 3.128406 -0.057008
v -0.181472 2.808677 -0.061809
v -0.206191 3.163557 -0.010229
v -0.205191 0.950631 0.109275
v -0.206041 2.919353 0.151137
v -0.181796 3.174093 -0.037655
v -0.205953 0.943604 0.134653
v -0.205942 3.191393 0.154770
v -0.205915 3.257168 -0.185278
v -0.205666 3.169050 -0.055535
v -0.205619 0.971824 0.114316
v -0.205540 3.182638 -0.173457
v -0.200614 2.860339 0.171686
v -0.205504 3.191174 -0.150728
v -0.205473 0.930361 0.071958
v -0.205210 2.808188 -0.125447
v -0.205154 2.973689 -0.253805
v -0.204997 3.305357 -0.178513
v -0.204993 3.111891 -0.196368
v -0.204951 1.006984 -0.113151
v -0.204944 2.394544 0.162478
v -0.204548 2.484721 0.303969
v -0.204524 1.212317 0.190251
v -0.204471 3.221614 0.073398
v -0.204462 2.725306 0.115576
v -0.196208 2.728918 0.107434
v -0.154481 3.080037 0.003468
v -0.204393 0.982468 0.108073
v -0.205593 3.238215 -0.190772
v -0.199966 3.157847 -0.057606
v -0.203891 3.209715 0.007639
v -0.203801 2.449580 0.266319
v -0.203801 2.449580 0.266319
v -0.206368 2.448041 0.264087
v -0.203628 2.446847 0.263651
v -0.203196 0.954278 0.127977
v -0.201856 0.951048 0.107221
v -0.203013 2.766762 -0.082026
v -0.198607 2.807349 -0.162246
v -0.202907 3.234974 -0.136076
v -0.202851 3.242672 -0.159508
v -0.202771 2.566897 0.332222
v -0.202752 3.062857 -0.244213
v -0.202727 3.214519 0.013936
v -0.202572 3.038509 0.003475
v -0.202560 3.263712 0.079146
v -0.202545 3.188680 -0.143895
v -0.184399 2.494201 -0.037920
v -0.202470 2.975702 -0.126690
v -0.202435 0.900264 -0.193152
v -0.202431 2.973053 0.090119
v -0.202332 2.773761 0.077575
v -0.202952 3.251231 -0.023236
v -0.179299 2.782454 0.074699
v -0.202146 3.006210 0.215882
v -0.201108 3.158820 -0.055436
v -0.203504 3.121622 -0.159868
v -0.201837 3.273571 0.024558
v -0.201765 0.946659 -0.123757
v -0.201754 3.099789 -0.245106
v -0.169164 2.802222 -0.002105
v -0.199086 2.815456 0.045881
v -0.179060 2.881078 -0.133014
v -0.201428 3.377571 -0.129576
v -0.182754 2.904778 0.045097
v -0.201253 3.135341 -0.255725
v -0.201129 2.822458 -0.164448
v -0.199298 0.954543 0.127338
v -0.199516 2.855849 0.006199
v -0.200630 3.117893 -0.237707
v -0.139499 3.180019 -0.209966
v -0.184231 0.932855 0.086608
v -0.200580 1.067438 0.168628
v -0.200574 2.843389 0.033736
v -0.189389 3.264313 -0.152251
v -0.197660 3.196912 -0.040122
v -0.160425 2.390128 0.016943
v -0.200215 2.374900 -0.175084
v -0.200217 3.144177 0.061960
v -0.200895 3.161677 -0.057078
v -0.200152 2.642161 0.097864
v -0.199853 2.426099 -0.179498
v -0.199790 3.104765 -0.235138
v -0.199018 3.251393 -0.060035
v -0.199681 3.233979 -0.203493
v -0.200020 2.824914 0.005541
v -0.199608 2.805861 0.167741
v -0.199409 3.203641 -0.256419
v -0.198700 1.204573 0.186901
v -0.199038 1.210350 0.123749
v -0.199276 3.194382 -0.286768
v -0.197385 3.108494 -0.234231
v -0.197333 3.108536 -0.235355
v -0.199249 3.121003 -0.199628
v -0.197632 2.379336 -0.173533
v -0.196180 2.380693 -0.174497
v -0.199146 3.281522 -0.154424
v -0.199397 0.982498 -0.170636
v -0.198810 3.107545 0.082967
v -0.198697 1.201678 0.189702
v -0.166359 2.805738 -0.000603
v -0.198562 2.680259 0.115167
v -0.175936 2.848621 -0.111938
v -0.159825 2.695808 0.070055
v -0.198207 3.194671 0.173156
v -0.189876 2.857897 0.001657
v -0.198076 2.845315 0.001554
v -0.197996 3.210032 -0.227009
v -0.197930 2.806545 0.038787
v -0.130228 3.286095 -0.017156
v -0.192909 2.903017 0.157297
v -0.197804 0.998737 -0.080428
v -0.197667 3.200171 0.064388
v -0.197618 0.939853 0.081272
v -0.197400 3.071779 -0.069930
v -0.197287 3.173796 -0.039580
v -0.197217 2.603049 0.353853
v -0.197174 3.142082 0.126181
v -0.197163 3.117777 0.035548
v -0.179373 3.139400 -0.286772
v -0.192026 2.377291 -0.176914
v -0.190844 3.193687 -0.141679
v -0.196986 2.976265 0.260380
v -0.196139 2.380398 -0.173579
v -0.196192 2.377043 -0.176385
v -0.198454 2.858945 -0.048296
v -0.149687 0.832060 0.037860
v -0.196596 3.260846 -0.015556
v -0.196455 3.298002 -0.163262
v -0.196452 3.269059 -0.084255
v -0.196365 3.169765 -0.292497
v -0.196243 0.955743 0.115877
v -0.196171 3.122061 -0.040241
v -0.196149 0.989151 -0.163383
v -0.195951 3.298219 -0.163387
v -0.195967 3.106741 -0.159282
v -0.195950 2.809684 -0.222908
v -0.195731 2.769537 0.049283
v -0.152943 0.904222 0.119383
v -0.196935 2.379141 -0.172974
v -0.190574 2.771587 0.177646
v -0.195583 0.930694 -0.109220
v -0.197633 3.173687 -0.123433
v -0.195470 3.047803 -0.147975
v -0.195422 3.269588 -0.084669
v -0.195258 3.199888 -0.236617
v -0.195257 2.713345 0.055367
v -0.195256 0.970155 0.112343
v -0.194922 3.296021 -0.163882
v -0.194771 3.298980 -0.151368
v -0.194756 2.874456 0.183079
v -0.194723 2.701985 0.313936
v -0.194944 3.259690 -0.139359
v -0.194059 2.854512 0.005800
v -0.192024 2.857168 0.004861
v -0.190024 2.858238 0.001856
v -0.194621 3.074708 -0.223764
v -0.194275 2.809610 -0.165259
v -0.194275 2.809610 -0.165259
v -0.194418 0.880277 0.075972
v -0.194090 2.547930 0.361849
v -0.189874 3.148029 -0.067550
v -0.193519 3.016070 0.018463
v -0.193386 0.988292 -0.132792
v -0.193162 1.227836 0.140021
v -0.192933 2.807941 -0.039638
v -0.192791 2.501792 0.262747
v -0.190493 2.853323 -0.002777
v -0.190765 0.881731 0.076297
v -0.186352 3.157126 -0.009845
v -0.192296 3.092217 -0.257955
v -0.192270 3.005053 -0.128892
v -0.192193 3.194488 0.163792
v -0.192077 3.041971 -0.051273
v -0.192021 2.851543 0.003452
v -0.149791 3.228598 -0.190640
v -0.191968 2.790496 0.065413
v -0.167599 2.866219 -0.184728
v -0.191838 3.301123 0.141232
v -0.191816 0.942904 -0.153156
v -0.191752 3.137096 -0.155791
v -0.191747 3.041161 -0.214083
v -0.191668 3.060426 0.013916
v -0.191615 0.938426 0.107941
v -0.147315 0.909965 0.133619
v -0.191435 1.275333 0.136564
v -0.175026 3.228309 -0.206164
v -0.191379 3.257174 0.094559
v -0.191228 3.071745 0.045757
v -0.191102 0.988454 0.159448
v -0.190952 3.073405 -0.257063
v -0.190902 3.319915 -0.209471
v -0.152425 3.266326 -0.080721
v -0.190722 3.180292 -0.150960
v -0.190374 2.840542 0.107094
v -0.166592 2.472772 0.357539
v -0.190284 3.000812 -0.238927
v -0.190169 3.141863 -0.239678
v -0.190060 0.985019 -0.186051
v -0.178111 3.169687 -0.147544
v -0.192810 2.856793 0.000403
v -0.189966 3.117435 0.052412
v -0.177714 0.931810 0.092901
v -0.189797 0.917308 0.106378
v -0.190615 3.230316 -0.011656
v -0.167085 3.093956 -0.140941
v -0.168487 3.096585 -0.140891
v -0.189038 3.144843 -0.292934
v -0.188995 3.267911 -0.156069
v -0.188986 3.018274 -0.042592
v -0.188702 0.979921 -0.214984
v -0.188593 3.308393 0.113806
v -0.188577 3.247922 0.211148
v -0.188537 3.116201 -0.136214
v -0.188406 3.118104 -0.076530
v -0.188342 0.947954 0.141937
v -0.188242 2.803243 0.010320
v -0.188241 3.377084 0.048034
v -0.188140 0.937873 -0.160787
v -0.188008 3.110406 -0.256629
v -0.190734 3.140152 -0.073944
v -0.187875 3.058252 -0.159711
v -0.161025 2.896509 -0.192774
v -0.187451 3.164748 0.166463
v -0.187448 2.792856 -0.020907
v -0.187338 3.349365 -0.198267
v -0.187300 3.217652 0.134626
v -0.187230 2.824661 -0.166277
v -0.187235 3.122854 -0.061998
v -0.138517 2.887137 -0.111240
v -0.188210 3.262561 -0.014426
v -0.182930 2.828457 -0.165012
v -0.186456 0.939297 -0.174441
v -0.186378 3.157881 -0.010458
v -0.185917 3.212801 -0.209353
v -0.185601 2.853819 0.191989
v -0.185559 3.219432 -0.178422
v -0.185271 2.735917 0.100986
v -0.167530 2.798986 0.002526
v -0.185254 3.190265 0.111437
v -0.185037 2.863236 0.180813
v -0.185484 3.201643 0.063973
v -0.184643 0.975095 -0.175527
v -0.184590 3.210315 -0.218290
v -0.184578 2.837262 -0.144321
v -0.184576 3.100520 -0.002396
v -0.184409 3.136300 -0.229429
v -0.184405 3.059620 0.116794
v -0.139833 0.878454 0.050901
v -0.184165 0.951965 -0.238742
v -0.159691 2.982652 0.136774
v -0.184035 3.133717 -0.076265
v -0.184187 3.013286 0.012470
v -0.183962 2.823420 0.126507
v -0.186025 2.862811 0.002514
v -0.183920 1.358701 0.199165
v -0.183843 0.973611 -0.211167
v -0.183707 3.105226 -0.044089
v -0.183525 3.114424 0.222268
v -0.183489 3.127325 -0.080502
v -0.183433 3.135193 -0.142454
v -0.183282 2.769640 -0.144455
v -0.183229 3.013383 -0.289223
v -0.127269 0.849315 0.140918
v -0.183099 2.485131 0.016064
v -0.183024 3.202919 -0.202855
v -0.141047 1.218692 0.223204
v -0.182875 2.403995 0.303444
v -0.173317 2.379591 -0.048662
v -0.116427 3.170918 -0.091054
v -0.182447 3.363898 -0.201872
v -0.181894 3.228744 -0.058399
v -0.182355 3.185994 -0.024356
v -0.156844 0.848841 -0.127475
v -0.182179 2.724561 -0.097624
v -0.182015 2.905809 -0.233818
v -0.182013 0.952224 -0.213198
v -0.182012 2.423958 -0.138224
v -0.182001 2.819154 0.003958
v -0.161166 2.585353 0.188984
v -0.161899 2.682744 0.262781
v -0.111078 3.122115 -0.066337
v -0.176104 2.383316 -0.039246
v -0.181762 2.383656 -0.038421
v -0.164895 2.801476 0.004102
v -0.172700 2.805640 0.011530
v -0.155926 2.786809 0.001378
v -0.181505 3.134189 -0.066049
v -0.173267 3.192897 -0.156322
v -0.136363 3.069878 -0.069648
v -0.181356 2.997849 0.216695
v -0.181342 3.075454 0.020209
v -0.181185 3.007882 -0.063727
v -0.180493 3.133300 -0.133855
v -0.181523 3.163065 -0.078206
v -0.180871 0.887350 -0.211615
v -0.180823 3.194980 -0.005171
v -0.157434 0.830563 -0.101323
v -0.152563 3.165327 -0.078604
v -0.180524 3.263258 -0.011703
v -0.180332 0.971291 -0.132422
v -0.180202 3.266442 -0.005379
v -0.180267 3.189035 -0.080998
v -0.163581 0.933098 0.107947
v -0.142148 3.165545 -0.084513
v -0.179979 0.942369 -0.169913
v -0.180022 2.792365 -0.150501
v -0.179336 3.185379 -0.227412
v -0.156378 2.868259 -0.168147
v -0.179542 3.136658 0.178107
v -0.179514 3.157763 -0.241911
v -0.179447 1.011402 0.134739
v -0.179318 2.794784 0.098180
v -0.179270 3.114570 -0.213663
v -0.179248 3.244463 0.042253
v -0.179023 2.865784 0.174259
v -0.178658 3.130481 -0.123137
v -0.176524 2.786770 0.071478
v -0.178815 3.144018 0.104236
v -0.178750 3.311435 -0.123864
v -0.176794 2.926064 -0.109918
v -0.177507 3.283201 -0.020232
v -0.178433 3.126768 -0.263379
v -0.178433 3.255751 -0.127541
v -0.164131 1.223652 0.151368
v -0.178136 3.266712 -0.112225
v -0.177990 1.218202 0.162199
v -0.177943 3.156995 0.127109
v -0.177775 1.287766 0.157257
v -0.177736 3.143120 -0.190826
v -0.131171 2.359863 -0.146214
v -0.116471 3.108378 -0.261310
v -0.177466 2.873724 0.010637
v -0.177438 0.999916 0.150408
v -0.177183 3.060012 -0.124584
v -0.178779 2.913049 -0.043341
v -0.177122 3.204384 0.188090
v -0.176884 0.940204 0.112748
v -0.176854 3.286547 -0.028708
v -0.176837 2.509915 0.236943
v -0.176724 0.910153 -0.227090
v -0.176638 3.034415 -0.123232
v -0.176532 2.782173 0.061477
v -0.176438 3.011775 -0.087579
v -0.176365 3.225752 0.201375
v -0.176343 1.258879 0.117775
v -0.176304 2.851119 -0.125920
v -0.176230 3.186912 -0.230663
v -0.175293 3.147443 -0.184697
v -0.176939 3.316209 0.091945
v -0.131714 0.867453 0.119070
v -0.172331 2.796316 -0.147892
v -0.170387 2.796637 -0.149816
v -0.175660 2.436326 -0.000855
v -0.175577 3.273235 0.037233
v -0.175273 3.145830 -0.230848
v -0.175072 3.161241 -0.200803
v -0.175050 2.996562 -0.040650
v -0.175038 3.050584 0.059007
v -0.172898 2.912070 -0.117545
v -0.174737 3.318018 -0.164780
v -0.174673 3.124218 0.103453
v -0.174660 3.173143 -0.083696
v -0.168934 2.792855 -0.151415
v -0.174562 2.877079 -0.017769
v -0.174385 2.671519 0.378236
v -0.169678 2.796713 -0.149360
v -0.174120 0.986290 -0.166650
v -0.174076 2.468427 0.018666
v -0.174023 2.571600 0.217065
v -0.173991 3.136117 0.159864
v -0.173743 3.144389 -0.114121
v -0.173890 2.510870 0.281019
v -0.170123 0.924830 0.087864
v -0.173826 2.952888 -0.154623
v -0.173780 3.051839 -0.039642
v -0.146947 0.887840 -0.088705
v -0.173695 3.245363 -0.125479
v -0.173533 2.868107 -0.187811
v -0.173437 2.943734 0.188284
v -0.173165 3.105452 0.123700
v -0.173054 0.931255 -0.202067
v -0.147251 3.176741 -0.236875
v -0.172576 3.192166 -0.077024
v -0.172388 2.967838 -0.008500
v -0.172305 0.948605 0.112221
v -0.172272 3.059040 -0.154583
v -0.130890 3.207765 -0.105745
v -0.169886 0.953970 0.144087
v -0.147288 0.788879 -0.139299
v -0.172120 0.938621 -0.226082
v -0.161026 3.149210 -0.197123
v -0.172128 3.128169 -0.115186
v -0.171894 2.789733 -0.146301
v -0.171544 3.222093 -0.254873
v -0.171763 2.829613 -0.162253
v -0.158371 3.069431 0.203659
v -0.171733 3.093255 -0.214688
v -0.171725 2.974369 -0.229310
v -0.171721 3.086322 -0.086087
v -0.171592 2.679447 0.075423
v -0.171566 2.492728 -0.124607
v -0.171401 0.924905 -0.227303
v -0.171351 3.140604 -0.128533
v -0.170930 2.792779 -0.068205
v -0.170910 1.264348 0.094402
v -0.170880 2.533416 0.275586
v -0.169225 3.103664 -0.016128
v -0.170793 2.857452 0.061997
v -0.170674 3.283131 0.109905
v -0.170591 2.952723 -0.224760
v -0.167482 3.142853 -0.244917
v -0.168489 1.203786 0.206910
v -0.170291 1.205449 0.203825
v -0.170318 0.973063 -0.114140
v -0.169520 0.924897 -0.163858
v -0.172371 2.794054 -0.145528
v -0.117739 2.902497 -0.190799
v -0.169845 2.437115 -0.241011
v -0.169822 3.254621 -0.206614
v -0.169770 3.202206 0.038784
v -0.150732 2.770301 0.118325
v -0.169756 0.976519 0.140090
v -0.169733 3.155091 0.146130
v -0.169595 3.144175 0.092934
v -0.154803 2.402901 0.094598
v -0.155900 3.244474 -0.237775
v -0.138393 2.874910 0.045436
v -0.169571 2.797145 -0.148741
v -0.169421 3.034798 -0.115393
v -0.169415 3.197093 -0.280863
v -0.169312 3.123540 -0.181687
v -0.169362 2.992274 0.027865
v -0.169114 3.145860 0.114432
v -0.168703 0.933398 0.090603
v -0.163157 3.150834 -0.273687
v -0.127867 3.085995 -0.006708
v -0.168805 3.155409 -0.140176
v -0.126995 3.198212 0.022218
v -0.167888 0.925745 -0.137299
v -0.168453 3.183537 -0.118779
v -0.168435 2.828994 -0.249103
v -0.168378 3.094145 -0.184501
v -0.168373 3.185536 -0.063423
v -0.168334 1.268768 0.267128
v -0.168314 3.211178 -0.138949
v -0.168242 2.602005 0.335063
v -0.168073 1.241152 0.253830
v -0.168038 3.264724 0.043808
v -0.167981 3.102464 0.086879
v -0.167171 0.953991 0.141228
v -0.167807 2.565823 0.324394
v -0.167480 2.968767 -0.112540
v -0.167654 3.060809 0.048944
v -0.167603 3.213897 -0.290893
v -0.141479 0.876707 -0.062525
v -0.167539 3.100041 -0.115851
v -0.167373 3.217642 0.033746
v -0.167345 3.094898 -0.037396
v -0.165673 0.925005 -0.164686
v -0.167312 0.964761 -0.061945
v -0.167272 3.138384 0.104988
v -0.139119 2.396363 0.319935
v -0.138071 0.831600 -0.093484
v -0.166986 0.957348 0.126210
v -0.166924 1.324328 0.203113
v -0.166871 2.620595 0.118984
v -0.164796 0.933991 0.090536
v -0.166609 3.274921 -0.175026
v -0.163854 3.095026 -0.112364
v -0.166526 3.140623 0.067960
v -0.156644 2.382691 0.092186
v -0.166843 3.161108 0.151735
v -0.166002 0.956994 0.128738
v -0.162558 3.218955 -0.257431
v -0.122279 0.818002 0.056405
v -0.165722 3.220112 -0.256752
v -0.165842 2.784556 -0.092378
v -0.165746 3.219710 -0.256360
v -0.164119 3.219724 -0.257235
v -0.164019 0.925604 -0.137994
v -0.165514 3.170152 -0.232981
v -0.165242 2.877666 -0.191296
v -0.116346 2.838185 -0.185688
v -0.165011 3.197504 0.189985
v -0.125344 2.418965 0.070608
v -0.163316 2.921308 -0.116918
v -0.164953 3.311300 -0.154761
v -0.155257 0.931528 0.111054
v -0.164744 3.024000 -0.219675
v -0.148289 0.830811 -0.187447
v -0.164617 3.181499 0.155381
v -0.164415 2.433563 0.336983
v -0.164394 2.985909 0.111834
v -0.164095 2.447201 0.257532
v -0.164025 0.896172 0.143839
v -0.123842 0.827654 0.074843
v -0.163931 2.994643 -0.194930
v -0.163827 3.007561 0.042312
v -0.163664 2.897534 -0.134943
v -0.164787 3.157860 -0.037681
v -0.163611 3.224316 -0.079458
v -0.163338 0.974942 -0.209392
v -0.158975 1.223343 0.155048
v -0.163069 3.339728 -0.189571
v -0.133163 2.806602 -0.207560
v -0.162579 3.210442 -0.240895
v -0.162551 3.023323 0.155587
v -0.162392 0.973671 0.136879
v -0.162308 2.490533 -0.115115
v -0.162102 2.634520 0.352305
v -0.162018 2.468629 0.359521
v -0.107242 0.964528 0.155322
v -0.161851 3.124427 -0.281913
v -0.161820 2.860242 -0.028845
v -0.161815 1.001118 -0.218889
v -0.161698 0.987532 0.167667
v -0.161668 3.191408 0.165182
v -0.161597 3.206430 -0.188007
v -0.161532 2.945124 -0.155964
v -0.110142 3.207348 0.058704
v -0.161373 0.945196 -0.119643
v -0.161304 3.165833 -0.091577
v -0.160721 3.152098 -0.013424
v -0.160781 2.900601 -0.195264
v -0.159707 1.272145 0.159099
v -0.160885 2.514555 0.360417
v -0.157393 3.150319 0.096499
v -0.160679 2.925689 -0.085814
v -0.160667 2.818839 -0.049132
v -0.160643 2.823879 -0.138759
v -0.134588 3.124879 0.134592
v -0.152825 3.170320 -0.035057
v -0.163236 2.992029 -0.095582
v -0.161170 3.258460 -0.036590
v -0.160283 2.591147 0.315159
v -0.160247 2.390078 -0.068790
v -0.160206 3.073792 -0.067989
v -0.160139 3.166526 -0.136079
v -0.159070 2.791556 0.000659
v -0.132539 0.863611 -0.168162
v -0.159730 1.003271 0.132442
v -0.152027 3.212362 -0.206687
v -0.159606 0.856435 -0.127552
v -0.126789 0.833816 0.095957
v -0.159392 3.197003 -0.247429
v -0.159195 2.898745 -0.047431
v -0.159033 3.176817 -0.140433
v -0.158964 3.252153 -0.154394
v -0.158927 3.132021 -0.172535
v -0.158911 3.116595 -0.021783
v -0.138810 2.985297 -0.039203
v -0.155170 3.111898 -0.086266
v -0.153400 2.425428 0.228973
v -0.158572 1.057979 0.154517
v -0.131831 0.822054 -0.117959
v -0.158398 3.334829 0.046211
v -0.155700 2.752660 0.074187
v -0.157048 1.273901 0.156680
v -0.158281 2.439239 0.283285
v -0.127842 0.811440 -0.086672
v -0.124709 3.088156 -0.076876
v -0.158004 3.153517 0.239367
v -0.159970 2.888649 -0.079502
v -0.141795 2.618257 0.325277
v -0.157702 3.108787 -0.109856
v -0.157689 3.111404 0.128768
v -0.157609 3.209881 0.041065
v -0.129361 0.861532 -0.190554
v -0.157340 3.164588 -0.275624
v -0.157267 2.863111 -0.037982
v -0.152826 3.217232 -0.205948
v -0.136710 0.868916 0.069081
v -0.157061 3.096312 -0.079641
v -0.123616 3.091766 -0.078430
v -0.157048 3.213558 -0.140964
v -0.156866 2.804883 -0.001387
v -0.156840 3.113943 -0.133831
v -0.156805 2.916491 0.017789
v -0.156764 3.099055 0.064776
v -0.156715 0.989888 -0.255477
v -0.156572 2.588158 0.374416
v -0.151649 0.923820 0.100978
v -0.114265 0.873962 0.095323
v -0.156429 3.138352 0.112414
v -0.153809 2.391837 -0.167706
v -0.154584 2.792124 0.000105
v -0.154146 2.792334 -0.001253
v -0.153114 2.775774 0.048657
v -0.113376 0.834068 0.061919
v -0.156270 3.080248 -0.239636
v -0.153397 2.411140 0.226266
v -0.146242 2.420100 0.239484
v -0.155617 0.899649 0.101714
v -0.156250 2.995114 0.144525
v -0.156019 0.985097 -0.087208
v -0.155061 0.916049 -0.173976
v -0.155677 0.872600 0.069372
v -0.155604 3.262515 -0.177674
v -0.155590 2.836669 0.100925
v -0.115353 2.694525 -0.008045
v -0.155521 3.055450 0.043587
v -0.155489 3.216814 -0.146354
v -0.155227 0.877667 -0.163622
v -0.155197 0.927974 -0.252226
v -0.155162 2.815484 -0.241198
v -0.120856 2.374538 -0.111688
v -0.154485 3.117620 -0.066259
v -0.144325 0.905040 0.076344
v -0.154872 3.207413 -0.021534
v -0.154822 3.031561 0.067020
v -0.154639 3.217893 0.172822
v -0.154593 3.142079 0.203428
v -0.154924 2.781804 -0.134182
v -0.154346 3.087406 0.044321
v -0.154339 2.402030 0.094796
v -0.154158 3.041479 -0.064235
v -0.154050 3.179040 -0.228610
v -0.154026 2.743158 0.364136
v -0.153367 0.878258 -0.174811
v -0.154028 2.824292 -0.149188
v -0.152715 3.222270 -0.168079
v -0.153908 3.238085 0.225786
v -0.138342 2.383177 -0.085771
v -0.100178 3.306015 0.050617
v -0.154361 2.655333 0.325455
v -0.153603 2.646458 0.320752
v -0.151901 0.900259 0.100482
v -0.082446 0.907004 0.136407
v -0.150304 2.389649 -0.161978
v -0.153391 3.097378 -0.165094
v -0.151314 0.878246 -0.163523
v -0.149758 3.048111 0.030500
v -0.150390 2.829376 -0.148614
v -0.149433 2.830914 -0.150186
v -0.152821 3.089503 -0.170715
v -0.151310 0.915884 -0.172819
v -0.151462 0.918125 -0.205960
v -0.102079 1.203508 0.217421
v -0.082842 3.337249 -0.008470
v -0.152540 2.857967 -0.121178
v -0.145604 2.381611 -0.166999
v -0.152360 2.999990 -0.066258
v -0.128972 2.889121 -0.081682
v -0.127132 0.845033 -0.135878
v -0.151977 3.030928 -0.087187
v -0.151852 3.131601 -0.226973
v -0.127957 0.788526 -0.144716
v -0.151634 3.045808 -0.000551
v -0.143465 1.269889 0.123193
v -0.151482 2.619489 0.372168
v -0.147579 2.993444 -0.117044
v -0.150553 0.881719 0.094469
v -0.151430 2.532646 0.374616
v -0.130580 0.813221 -0.156947
v -0.149829 0.878761 -0.173111
v -0.151315 3.187705 0.052613
v -0.097760 3.066576 -0.116606
v -0.151169 3.102042 -0.029098
v -0.150777 2.806824 0.380712
v -0.150540 2.941365 -0.048372
v -0.124637 3.125112 -0.227043
v -0.150120 0.912176 0.082021
v -0.149837 3.113127 0.067160
v -0.149726 3.060503 -0.062257
v -0.149651 2.712781 0.305116
v -0.149572 3.289244 -0.184314
v -0.148361 0.918481 -0.203519
v -0.146171 2.825938 -0.154409
v -0.149162 3.231431 -0.268591
v -0.141677 2.387554 -0.088679
v -0.149112 2.622649 0.352339
v -0.150008 2.829070 -0.148510
v -0.147659 0.882687 0.091976
v -0.148727 3.112777 0.110159
v -0.139959 3.093193 -0.038314
v -0.148689 3.160019 -0.003754
v -0.148660 2.632293 0.265654
v -0.147747 0.889654 0.119279
v -0.148333 2.758354 0.062797
v -0.148271 3.261875 0.213456
v -0.148227 2.957224 -0.263145
v -0.124991 2.842959 -0.193483
v -0.144401 2.460065 0.319699
v -0.143228 1.273791 0.123331
v -0.147889 0.973152 0.143303
v -0.147787 2.423075 0.278450
v -0.146752 2.409982 0.227141
v -0.147741 2.405428 0.226287
v -0.147559 3.159243 0.025261
v -0.146263 2.623731 0.351840
v -0.147784 3.078586 0.145764
v -0.125777 2.821251 -0.120087
v -0.143161 3.195038 -0.193571
v -0.107780 0.870475 0.081593
v -0.147116 3.129320 -0.104982
v -0.099700 0.891316 0.150081
v -0.146255 0.912221 -0.124621
v -0.146904 0.988855 0.131256
v -0.146791 2.887199 -0.220609
v -0.117428 0.821428 -0.165842
v -0.146726 3.119223 -0.213750
v -0.146700 3.074662 0.082960
v -0.142143 3.071953 0.092310
v -0.137186 2.761363 0.040493
v -0.142433 2.758721 0.050747
v -0.093693 2.755150 0.041821
v -0.146076 3.164093 0.163477
v -0.145747 2.419801 0.239403
v -0.145961 1.002825 0.150606
v -0.143163 2.377976 -0.134672
v -0.144962 2.380099 -0.133073
v -0.144221 0.890230 0.117547
v -0.140224 0.911174 0.086189
v -0.145661 3.194273 -0.046307
v -0.145471 3.215600 -0.153273
v -0.145436 3.129426 -0.071709
v -0.145370 0.978632 -0.261342
v -0.145357 3.139370 -0.141475
v -0.142369 3.321860 0.028140
v -0.145232 2.891518 -0.219656
v -0.087691 3.189996 -0.144202
v -0.129586 0.895460 -0.135274
v -0.143725 3.100168 -0.153614
v -0.144854 0.959653 -0.071141
v -0.144813 2.416836 0.226465
v -0.144265 3.077928 0.066813
v -0.112246 0.834422 -0.190124
v -0.144619 3.069500 -0.112493
v -0.144535 2.880743 -0.051665
v -0.144437 2.580667 0.304612
v -0.142490 0.951721 0.123963
v -0.144380 2.605585 0.375403
v -0.104332 3.203712 0.038619
v -0.144195 2.844519 -0.138273
v -0.142314 0.912167 -0.125000
v -0.144549 2.675658 0.285381
v -0.143972 3.185168 -0.049461
v -0.143957 2.939266 -0.235532
v -0.116958 0.858689 -0.159260
v -0.145394 2.940426 -0.026968
v -0.143071 0.897774 0.070306
v -0.143763 0.934164 0.163541
v -0.143755 2.796736 0.042191
v -0.143729 3.143842 -0.102762
v -0.143562 2.868483 0.008898
v -0.138877 0.902953 0.077346
v -0.143430 2.863809 0.048114
v -0.143329 2.892419 -0.213674
v -0.143091 2.996180 0.082226
v -0.130937 3.108346 -0.075052
v -0.124667 0.848197 -0.167270
v -0.142944 2.456674 0.319486
v -0.142915 0.911508 -0.284458
v -0.095779 1.269465 0.182989
v -0.126061 0.915820 0.079486
v -0.142773 3.127569 -0.219392
v -0.143803 3.185974 -0.277445
v -0.142613 3.149274 0.191426
v -0.142464 2.796348 -0.092776
v -0.125986 2.887460 -0.180513
v -0.142336 2.862811 -0.062894
v -0.142299 3.061914 -0.190049
v -0.138742 1.280198 0.161421
v -0.142247 3.108522 -0.083247
v -0.142199 3.202832 -0.249602
v -0.084357 3.189407 -0.210443
v -0.141981 3.226260 -0.239259
v -0.142294 2.913270 -0.067948
v -0.141918 3.148839 -0.048821
v -0.067708 2.798216 0.006848
v -0.141814 3.143083 -0.171010
v -0.141686 3.110670 -0.219760
v -0.139827 2.423603 0.232115
v -0.140851 2.427582 0.227442
v -0.083782 3.150041 -0.295156
v -0.141564 2.388011 -0.088718
v -0.134249 1.270442 0.124572
v -0.141521 0.956970 -0.262312
v -0.141509 2.716413 -0.023555
v -0.141325 0.863052 -0.197003
v -0.141420 0.900353 -0.243863
v -0.123477 0.892131 -0.163836
v -0.102584 0.828244 0.065864
v -0.141296 1.217701 0.152368
v -0.141289 2.528811 0.312799
v -0.141169 2.486785 0.372954
v -0.108202 2.860642 -0.104246
v -0.082882 2.886772 0.103055
v -0.140808 3.096595 -0.153432
v -0.140662 3.072971 0.265801
v -0.140616 2.427628 0.226287
v -0.144291 2.425087 0.221493
v -0.140531 2.785096 -0.046976
v -0.140500 2.918738 -0.037996
v -0.139030 0.918655 -0.098597
v -0.139574 0.951610 0.121321
v -0.134216 1.268245 0.113264
v -0.140347 2.729690 0.237350
v -0.140292 2.733106 0.391023
v -0.131935 1.252506 0.073429
v -0.138112 0.897993 0.069020
v -0.111233 0.836643 -0.054582
v -0.140095 0.921316 0.081382
v -0.114402 3.197656 -0.031730
v -0.138774 3.236292 -0.268592
v -0.139963 3.220432 0.112128
v -0.138093 1.250028 0.064723
v -0.139907 3.105711 0.080042
v -0.139702 3.016611 -0.208585
v -0.139665 2.391115 -0.153857
v -0.058377 2.927986 -0.054560
v -0.139607 3.099345 0.193351
v -0.138972 2.386451 0.062427
v -0.139481 3.137261 -0.012382
v -0.139367 3.214804 -0.195846
v -0.137464 0.863744 -0.196999
v -0.138335 0.881715 -0.128768
v -0.139252 0.911375 0.087242
v -0.139617 3.078025 0.035015
v -0.138705 3.121456 0.163186
v -0.138545 2.852689 -0.178080
v -0.137413 0.912511 -0.201627
v -0.138513 3.234695 -0.070489
v -0.138301 3.177072 -0.232680
v -0.095896 3.196406 -0.125779
v -0.138230 2.810787 -0.079380
v -0.136896 0.871274 -0.212596
v -0.138188 3.128814 -0.303740
v -0.119946 3.203480 -0.280096
v -0.127404 0.892715 -0.142905
v -0.137626 3.065893 0.051571
v -0.072579 0.883201 0.123933
v -0.137477 2.465432 0.314720
v -0.106762 0.824778 -0.195468
v -0.137374 3.080029 -0.242535
v -0.132235 2.893205 -0.143906
v -0.137347 3.057587 -0.305650
v -0.137312 3.069529 0.104547
v -0.137247 2.647960 0.384124
v -0.137208 2.997850 -0.090380
v -0.137182 3.279151 0.137507
v -0.135571 0.918338 -0.100479
v -0.136340 1.280510 0.158314
v -0.068597 3.077611 0.132729
v -0.125295 0.867962 0.072128
v -0.136439 2.746679 -0.010124
v -0.136356 3.121189 0.159616
v -0.134654 0.881717 -0.130167
v -0.136082 3.221350 -0.202895
v -0.136003 3.273454 0.142823
v -0.135928 0.871264 -0.138898
v -0.113729 2.415771 0.169914
v -0.135863 3.037070 -0.140791
v -0.135857 3.230168 0.169298
v -0.136313 2.387718 -0.135611
v -0.136957 2.387469 -0.136041
v -0.135714 2.388240 -0.136041
v -0.135714 2.388240 -0.136041
v -0.135641 2.918930 -0.060044
v -0.137471 3.001914 -0.161818
v -0.135516 0.839183 0.089113
v -0.133082 1.252844 0.060317
v -0.135422 3.073045 -0.049281
v -0.135304 3.187734 0.079387
v -0.134488 0.872428 -0.209647
v -0.133569 0.911915 -0.200998
v -0.135024 0.867326 -0.114897
v -0.128366 2.394071 0.060669
v -0.131378 2.392664 0.058871
v -0.134936 2.875822 0.054207
v -0.122299 2.875552 -0.164601
v -0.134044 2.623778 0.393394
v -0.134673 3.000495 0.029826
v -0.135150 3.128753 -0.089556
v -0.131283 2.377642 0.059016
v -0.129934 2.786165 -0.125032
v -0.134314 2.887668 -0.172809
v -0.109384 0.875926 -0.186231
v -0.134010 3.194166 -0.115679
v -0.133964 0.900499 -0.154414
v -0.067146 0.900240 0.128944
v -0.131723 0.904992 0.122346
v -0.127658 0.789873 -0.216799
v -0.133632 3.298071 -0.232166
v -0.133622 3.194115 -0.006385
v -0.133594 3.062181 -0.220189
v -0.107875 0.854986 0.073443
v -0.133444 3.227879 0.061273
v -0.132713 2.751785 0.035582
v -0.133192 2.733117 -0.005019
v -0.133093 2.595505 0.384799
v -0.132960 2.450170 0.343828
v -0.132686 1.004218 -0.042542
v -0.132576 3.218437 -0.049998
v -0.132570 2.940058 -0.014111
v -0.132390 2.928362 0.014417
v -0.130868 3.181355 -0.183429
v -0.112079 2.451485 0.251483
v -0.110665 2.940091 0.009551
v -0.118082 0.857160 -0.162433
v -0.129774 3.110065 -0.075718
v -0.130224 3.110567 -0.075573
v -0.132000 0.936195 0.178294
v -0.120121 0.889664 -0.172453
v -0.122752 3.089090 -0.052352
v -0.127459 1.261534 0.087906
v -0.119480 2.440512 0.254521
v -0.131638 0.850373 -0.142638
v -0.131625 3.147526 -0.243540
v -0.131595 2.975810 -0.107791
v -0.095907 2.979921 -0.024624
v -0.118975 0.918959 0.086705
v -0.131415 3.000819 -0.158323
v -0.127582 1.261659 0.088909
v -0.130947 3.174210 -0.182130
v -0.130924 2.985497 0.221069
v -0.130748 1.343437 0.195519
v -0.130633 0.902795 -0.253957
v -0.128612 0.898091 0.107844
v -0.128586 2.753347 0.033701
v -0.128627 2.753900 0.032477
v -0.067351 0.959728 0.136519
v -0.108261 2.858376 -0.156338
v -0.130055 3.148031 -0.222228
v -0.094150 3.119779 -0.137095
v -0.129822 3.005960 0.011687
v -0.129817 3.224290 0.069922
v -0.129778 3.086912 0.022191
v -0.128973 0.905069 0.119523
v -0.128736 3.139266 -0.076344
v -0.116573 0.880900 0.069340
v -0.129376 2.969823 -0.283652
v -0.129313 2.682315 0.369416
v -0.117306 0.892814 -0.118098
v -0.118847 2.923920 -0.114309
v -0.129229 1.043676 0.152157
v -0.129152 3.121114 -0.181473
v -0.129168 2.377361 -0.114326
v -0.129055 0.977191 -0.250361
v -0.092220 0.837011 0.085587
v -0.128869 3.124395 0.162089
v -0.128453 1.235136 0.114225
v -0.128744 2.412749 -0.001451
v -0.128620 3.229580 -0.245147
v -0.062912 3.151686 0.027456
v -0.128321 2.601826 0.329953
v -0.128276 2.623470 0.366006
v -0.083961 0.837774 -0.066250
v -0.128126 3.218220 0.156449
v -0.080231 0.877592 -0.045462
v -0.127873 2.394597 0.060120
v -0.133482 2.390120 0.057510
v -0.121817 2.456733 0.277714
v -0.127828 2.460095 0.286277
v -0.127783 3.280519 -0.204310
v -0.126238 0.943644 0.115336
v -0.118095 0.875256 0.082711
v -0.127701 0.899443 -0.184934
v -0.127636 3.244636 -0.074273
v -0.124104 3.149822 -0.026823
v -0.127408 2.659768 0.356019
v -0.127237 3.143703 0.019553
v -0.100431 0.876202 -0.214288
v -0.126984 3.109368 -0.104727
v -0.126884 3.216394 0.173033
v -0.126882 2.918575 -0.044086
v -0.126830 3.217192 -0.152978
v -0.126829 0.860576 -0.169549
v -0.126086 0.898907 0.104895
v -0.126733 2.518158 -0.017122
v -0.124488 3.143620 -0.026831
v -0.126451 3.127915 0.142295
v -0.119188 2.447643 0.254798
v -0.120001 2.446541 0.254762
v -0.115146 0.894179 -0.112143
v -0.126393 2.950052 -0.230588
v -0.126366 3.061103 0.201908
v -0.109533 0.856060 -0.145046
v -0.126089 1.016884 0.130877
v -0.125919 0.989284 0.124022
v -0.048334 3.076377 0.053295
v -0.123558 2.876853 -0.189562
v -0.125657 3.024138 -0.124873
v -0.122415 2.382752 -0.112314
v -0.119339 2.384732 -0.114369
v -0.124953 3.138468 -0.032914
v -0.125257 3.093588 0.024704
v -0.114482 0.890879 -0.185899
v -0.124995 2.399903 -0.201238
v -0.124971 1.035020 0.150230
v -0.124942 3.009156 -0.273166
v -0.124921 1.012452 0.138357
v -0.072884 1.269021 0.152807
v -0.124872 2.826427 -0.120126
v -0.122721 2.991205 -0.143694
v -0.124305 2.569507 0.270729
v -0.124181 2.995555 -0.062395
v -0.124121 2.724930 0.047141
v -0.112874 0.877774 0.083355
v -0.122613 0.942753 0.113860
v -0.111030 2.830606 -0.156847
v -0.123758 3.193915 -0.262316
v -0.123495 0.863003 -0.153133
v -0.123531 2.882715 0.122170
v -0.123484 2.901767 -0.144735
v -0.123266 3.294170 0.031456
v -0.114214 2.377771 -0.117981
v -0.115347 2.378365 -0.111213
v -0.122023 3.142934 -0.067928
v -0.123170 1.243614 0.114129
v -0.123122 2.609272 0.379006
v -0.123073 3.276433 0.026917
v -0.123760 1.258806 0.115317
v -0.121381 2.828462 -0.120339
v -0.122919 3.115759 -0.053741
v -0.115119 0.855045 -0.170980
v -0.122856 2.885038 -0.013274
v -0.119633 2.858993 -0.150899
v -0.122384 3.083338 0.157746
v -0.115135 2.766154 -0.019801
v -0.122311 1.256444 0.116466
v -0.122163 3.112571 0.090440
v -0.122036 3.107904 0.139532
v -0.121401 3.104759 0.168579
v -0.121960 2.636097 0.334693
v -0.114018 2.855317 -0.154435
v -0.093135 0.808637 -0.216567
v -0.121532 3.113217 0.032265
v -0.121749 3.142038 0.081074
v -0.121699 3.227941 -0.007392
v -0.121694 2.857551 -0.041229
v -0.118210 0.884441 -0.134305
v -0.121470 3.180321 0.179906
v -0.121280 3.189295 -0.112802
v -0.121274 2.298303 0.196229
v -0.107534 0.872033 0.045400
v -0.118159 0.862740 0.065464
v -0.105216 0.879908 0.043130
v -0.120991 2.367924 -0.114272
v -0.076410 2.646559 0.298507
v -0.120773 2.367896 -0.114272
v -0.120767 3.145226 -0.078512
v -0.120650 3.088339 0.100006
v -0.120636 2.928567 -0.240187
v -0.120625 2.934198 0.042642
v -0.120518 2.793411 -0.140055
v -0.120455 2.936767 -0.113913
v -0.120033 -0.069772 -0.014911
v -0.117885 -0.079320 -0.019766
v -0.117326 0.924068 -0.246667
v -0.120254 -0.090501 -0.019604
v -0.120324 2.249208 0.197103
v -0.119934 2.879958 -0.164246
v -0.119470 2.890823 -0.002595
v -0.083650 2.775388 -0.072430
v -0.119875 2.872236 0.151644
v -0.119806 0.826417 -0.143552
v -0.119492 3.101866 0.144253
v -0.109184 0.879843 0.070624
v -0.119294 1.328906 0.225809
v -0.119161 3.072244 0.220985
v -0.119069 2.446536 0.277431
v -0.116642 1.246304 0.024408
v -0.119009 3.080982 0.107079
v -0.105097 0.855909 -0.137362
v -0.118962 0.860627 -0.185558
v -0.045855 3.097759 0.034883
v -0.118856 2.833068 -0.077170
v -0.100282 2.889272 0.007312
v -0.124085 2.379799 -0.117635
v -0.122763 2.381734 -0.111328
v -0.112568 2.802793 -0.060964
v -0.115707 1.252984 0.019071
v -0.118248 3.134480 -0.263470
v -0.118051 3.050940 0.026192
v -0.117815 2.873950 -0.149874
v -0.112749 0.907510 0.074964
v -0.116764 2.862337 -0.158887
v -0.058627 0.912494 0.112252
v -0.117454 0.820812 -0.137699
v -0.117447 3.090058 0.126407
v -0.117438 2.410552 -0.053432
v -0.117391 1.246931 0.266469
v -0.115463 1.253629 0.020586
v -0.116962 1.251922 0.021345
v -0.117319 2.907897 -0.093957
v -0.114747 0.920808 0.117589
v -0.117879 2.386033 0.285552
v -0.117287 2.394683 0.286464
v -0.117268 2.394977 0.287828
v -0.125595 2.396671 0.287436
v -0.115785 3.020787 -0.025510
v -0.116064 1.248225 0.017508
v -0.116324 1.245306 0.017242
v -0.095557 3.206522 -0.145130
v -0.116823 3.203807 -0.162811
v -0.106663 0.921951 0.087998
v -0.093553 3.137194 -0.084405
v -0.116718 3.047518 0.091684
v -0.116699 3.338181 0.044088
v -0.115574 1.240741 0.019468
v -0.116533 2.989320 -0.217438
v -0.116504 2.547941 0.142806
v -0.116368 2.812346 0.029756
v -0.116089 2.831131 -0.147981
v -0.116061 3.115116 0.164160
v -0.115090 2.942863 0.165686
v -0.045183 0.901979 0.101967
v -0.115862 3.113987 -0.275005
v -0.105726 0.880236 0.042643
v -0.110918 0.893778 -0.195614
v -0.108232 2.897077 0.046162
v -0.114963 3.118354 0.022780
v -0.075141 2.761746 0.043721
v -0.110930 -0.089445 0.010876
v -0.111906 -0.090473 0.002002
v -0.113515 2.372279 0.327859
v -0.112972 2.369630 0.325850
v -0.115282 2.370952 0.324182
v -0.114672 2.371130 0.323768
v -0.115273 2.652277 0.286215
v -0.114696 0.923748 -0.243618
v -0.110497 1.245990 0.014164
v -0.112748 1.239006 0.015913
v -0.114990 3.187107 -0.298450
v -0.112764 2.856470 -0.151026
v -0.113138 2.857239 -0.152440
v -0.114769 2.895225 0.030784
v -0.114689 1.236231 0.182231
v -0.114636 0.816358 -0.170945
v -0.066069 2.722946 0.049083
v -0.114550 3.096440 -0.156311
v -0.114514 3.152271 0.187835
v -0.114423 3.248389 -0.196567
v -0.112931 2.861794 -0.158526
v -0.111537 2.445111 0.238465
v -0.114104 2.896448 -0.209753
v -0.118110 2.438090 0.233197
v -0.113963 2.445897 -0.039918
v -0.113928 3.119137 0.021515
v -0.113600 3.098408 0.123018
v -0.113596 3.210811 -0.184079
v -0.113582 3.145123 -0.143077
v -0.113544 3.100226 -0.247942
v -0.108116 0.868126 0.071197
v -0.114675 2.833616 -0.075219
v -0.113468 3.256243 0.082527
v -0.113374 3.232566 0.056530
v -0.112279 0.877754 0.046307
v -0.113324 3.145179 -0.025840
v -0.113324 3.145179 -0.025840
v -0.113187 3.139557 -0.077455
v -0.112369 2.944759 0.009926
v -0.113015 2.831593 0.106980
v -0.112953 1.267384 0.160916
v -0.112648 2.497722 -0.008555
v -0.051436 3.126561 -0.142259
v -0.112591 2.449765 0.294744
v -0.112551 3.122697 0.256847
v -0.111633 0.919388 0.115593
v -0.112410 0.845861 -0.106815
v -0.112430 2.972382 -0.020963
v -0.112334 2.802560 -0.060761
v -0.104734 0.925505 0.087252
v -0.041006 3.321044 -0.147604
v -0.112267 3.042098 -0.015385
v -0.112237 3.288456 0.095305
v -0.112135 2.751884 -0.129346
v -0.112088 3.074286 0.110124
v -0.094326 0.840922 -0.182833
v -0.112010 1.330177 0.199151
v -0.045812 3.202368 -0.007516
v -0.111902 3.118829 0.240988
v -0.111843 3.104973 -0.176394
v -0.111770 3.257416 0.234355
v -0.111882 2.895223 -0.114378
v -0.041851 0.943365 0.122782
v -0.100065 2.719057 -0.087928
v -0.070234 3.179848 0.076875
v -0.111334 3.085332 0.131914
v -0.111272 3.109970 -0.141754
v -0.084980 0.848707 -0.204703
v -0.105623 0.895935 0.062810
v -0.108940 2.901932 0.014546
v -0.110974 2.451209 -0.281850
v -0.110815 3.160200 -0.006286
v -0.109643 2.945419 0.007938
v -0.096736 2.988263 -0.029226
v -0.110707 2.961877 -0.181527
v -0.110490 3.134118 -0.176988
v -0.109766 3.032519 0.025855
v -0.077434 2.800044 -0.163550
v -0.049947 3.199399 0.012012
v -0.110310 3.301836 -0.150305
v -0.110302 2.905384 -0.268794
v -0.110268 2.566628 0.392664
v -0.109181 1.259321 0.010937
v -0.108108 1.259318 0.010027
v -0.109172 1.255233 0.005416
v -0.110265 1.260502 0.009447
v -0.110238 3.227638 -0.261788
v -0.104217 1.240789 0.043936
v -0.105365 1.242748 0.051388
v -0.110151 3.143680 -0.207532
v -0.110907 3.101238 -0.071745
v -0.108225 3.100624 -0.072186
v -0.107494 0.892445 0.063272
v -0.105337 2.370194 0.333342
v -0.101953 0.850100 0.056783
v -0.099930 0.891155 0.070579
v -0.107921 2.448320 0.234552
v -0.109277 2.448794 0.234253
v -0.107247 3.102028 -0.066270
v -0.109910 3.102443 -0.066377
v -0.108499 3.031817 -0.008650
v -0.109484 2.997818 -0.100955
v -0.054106 3.096323 -0.208769
v -0.109446 1.241042 0.156729
v -0.109406 3.074791 0.095014
v -0.109400 -0.045967 -0.008684
v -0.109328 0.813169 -0.165944
v -0.109215 3.112360 -0.108796
v -0.109174 1.067134 0.117911
v -0.105933 3.151155 -0.096263
v -0.099071 3.171829 -0.087454
v -0.106072 0.879776 0.043798
v -0.107152 0.880421 0.042659
v -0.108932 2.885232 -0.185289
v -0.108901 0.858736 -0.208062
v -0.105611 0.927185 0.104026
v -0.108820 3.144047 -0.074269
v -0.108818 2.956436 0.179549
v -0.090247 0.850542 -0.208100
v -0.108619 0.890566 0.093146
v -0.108549 0.902590 -0.213043
v -0.101379 2.840265 -0.154270
v -0.097913 2.839180 -0.154226
v -0.108421 2.693806 0.047858
v -0.108328 2.653186 0.323282
v -0.108297 3.094052 -0.078430
v -0.108291 -0.102242 -0.021178
v -0.108291 -0.102242 -0.021178
v -0.108291 -0.102242 -0.021178
v -0.108291 -0.102242 -0.021178
v -0.105373 2.745211 -0.025374
v -0.104904 1.247431 0.059038
v -0.083233 0.863287 0.096919
v -0.108064 3.100632 -0.065951
v -0.107993 3.168507 -0.208886
v -0.107822 1.013216 -0.284963
v -0.107806 3.261973 -0.022920
v -0.100945 0.852987 0.053362
v -0.107401 3.096147 -0.172824
v -0.102123 0.895339 0.064214
v -0.107142 -0.099505 -0.001621
v -0.107281 3.054632 0.128664
v -0.107244 3.086643 0.024056
v -0.104463 2.899801 0.147380
v -0.107153 3.253790 -0.198116
v -0.105846 0.848893 -0.221856
v -0.106977 3.200251 -0.216251
v -0.106949 3.025010 0.205396
v -0.106757 2.888332 -0.118812
v -0.106712 2.247808 0.217982
v -0.095454 3.157377 -0.230747
v -0.106591 2.500848 0.358028
v -0.102644 3.139179 -0.017089
v -0.102759 3.139184 -0.017090
v -0.105457 2.839774 -0.157076
v -0.106499 2.416930 -0.105698
v -0.101621 2.841711 -0.158581
v -0.099819 2.840298 -0.159093
v -0.106268 2.423547 0.173039
v -0.106201 3.155034 -0.066791
v -0.106096 2.915905 -0.053372
v -0.106003 3.021596 -0.156697
v -0.105872 2.803966 -0.054858
v -0.104765 3.050287 -0.240398
v -0.094369 2.729822 -0.014480
v -0.105799 2.933935 0.053829
v -0.106892 3.152553 -0.196404
v -0.105613 2.762906 -0.109998
v -0.105494 3.069532 -0.108660
v -0.101702 0.877492 0.044380
v -0.102897 0.875007 0.038486
v -0.097714 0.891730 0.067103
v -0.105319 3.037371 -0.052598
v -0.097282 0.854517 0.053586
v -0.032402 3.193866 -0.224835
v -0.105209 3.118070 -0.105654
v -0.105136 0.857929 0.058372
v -0.103756 0.853156 0.052747
v -0.105081 2.900263 0.063620
v -0.099236 0.912812 0.080835
v -0.101765 0.897655 0.063662
v -0.103817 0.891940 0.060130
v -0.102954 0.848141 0.052874
v -0.103002 -0.089362 -0.039409
v -0.102351 1.256694 0.015403
v -0.098829 1.254980 0.020823
v -0.103712 1.252036 0.010780
v -0.104388 1.257387 0.014274
v -0.109818 1.242272 0.050263
v -0.106018 1.239426 0.048226
v -0.104210 1.238777 0.046866
v -0.103475 0.850161 -0.218921
v -0.104198 2.489282 0.297186
v -0.104096 3.169150 -0.098820
v -0.099179 2.969334 0.099689
v -0.104066 2.726468 -0.107173
v -0.104030 2.537167 0.391947
v -0.103714 0.859962 0.105563
v -0.103704 3.041556 0.031042
v -0.103695 2.475495 0.388644
v -0.093210 0.858591 -0.130036
v -0.103659 3.085398 0.041907
v -0.097699 2.882009 -0.117384
v -0.044985 0.923069 0.124501
v -0.103480 2.900575 -0.021362
v -0.102995 0.926065 0.101297
v -0.102704 1.253550 0.013063
v -0.074782 2.914708 -0.089469
v -0.098216 0.894319 0.063769
v -0.102847 0.920445 -0.277062
v -0.097296 0.920473 0.089165
v -0.102569 3.003919 -0.183681
v -0.102226 0.859127 -0.091046
v -0.102213 2.965269 0.149043
v -0.102092 2.483453 0.335814
v -0.096175 0.879507 0.055785
v -0.101908 2.809691 -0.014023
v -0.078924 3.252991 -0.060883
v -0.101701 3.131946 -0.014081
v -0.099255 2.373794 0.319122
v -0.099211 3.122612 0.138011
v -0.072775 2.898841 0.113639
v -0.101371 3.111574 0.144639
v -0.097907 2.402729 0.283851
v -0.101326 3.180817 -0.287874
v -0.101293 2.429940 0.349691
v -0.093084 1.238950 0.057180
v -0.101108 1.240016 0.060202
v -0.101198 2.788066 -0.153915
v -0.100967 3.177917 0.190851
v -0.096391 0.870014 0.032921
v -0.098563 2.743032 -0.024449
v -0.099246 2.743501 -0.026194
v -0.100644 3.217778 -0.198994
v -0.100623 3.133273 0.180957
v -0.040525 2.843328 -0.115127
v -0.093317 0.863855 0.042668
v -0.100491 0.860755 0.059782
v -0.100475 3.168604 0.199996
v -0.094907 0.874841 0.032199
v -0.098379 1.245667 0.054935
v -0.100236 3.126968 -0.041974
v -0.100018 3.181886 0.187455
v -0.100011 1.305247 0.190433
v -0.094039 3.044589 0.014617
v -0.097639 0.848841 0.049386
v -0.098187 0.850208 0.050120
v -0.099926 0.868416 -0.127678
v -0.100124 2.867498 -0.107577
v -0.097505 3.120692 0.013171
v -0.099882 3.073202 -0.169664
v -0.099822 3.271663 -0.009177
v -0.094701 -0.020825 0.000109
v -0.094153 -0.021120 -0.000125
v -0.099689 -0.048529 -0.003744
v -0.080383 -0.020343 -0.016453
v -0.099632 3.098181 0.012121
v -0.098272 2.870062 -0.106446
v -0.086566 2.731383 -0.010099
v -0.099522 3.191918 -0.166558
v -0.086545 2.735275 -0.013164
v -0.099521 2.743594 0.001786
v -0.087617 2.723508 -0.024444
v -0.087535 2.723303 -0.024425
v -0.097514 0.861296 0.041575
v -0.099426 3.234095 -0.149198
v -0.093584 0.875904 0.039661
v -0.098955 -0.123451 0.012960
v -0.098955 -0.123451 0.012960
v -0.098955 -0.123451 0.012960
v -0.098955 -0.123451 0.012960
v -0.097872 3.156682 -0.115396
v -0.098678 3.198160 0.017155
v -0.098625 2.916672 -0.241418
v -0.095290 0.846792 -0.139982
v -0.098219 3.161905 0.003583
v -0.097079 0.850008 -0.229445
v -0.098119 3.116555 -0.218382
v -0.094477 2.733681 -0.008678
v -0.097970 3.197360 -0.239270
v -0.097954 3.090554 0.074340
v -0.097882 2.409186 0.286464
v -0.097876 0.824809 -0.116035
v -0.097682 3.216615 0.205484
v -0.093622 0.945448 0.117437
v -0.074139 2.426845 0.137422
v -0.097237 -0.119755 -0.015180
v -0.097518 2.522976 0.308403
v -0.097460 3.095533 0.199646
v -0.097403 3.123967 -0.092911
v -0.095185 0.875215 0.040174
v -0.094540 0.874827 0.032363
v -0.096989 0.901381 0.069954
v -0.096912 2.966595 0.043983
v -0.096758 3.155529 -0.100097
v -0.096739 3.009137 0.030371
v -0.096647 3.043705 -0.104867
v -0.096269 3.061590 -0.201889
v -0.090554 0.849001 0.025540
v -0.091817 1.246490 0.097923
v -0.096111 2.513374 0.390143
v -0.096075 2.909281 -0.106185
v -0.095851 2.448811 0.394451
v -0.093436 0.876940 0.040003
v -0.095590 3.311825 0.015607
v -0.082924 2.718741 -0.017401
v -0.095413 1.243670 0.052993
v -0.095664 1.245052 0.052398
v -0.094411 0.851002 -0.226695
v -0.095269 3.181638 0.019189
v -0.095255 2.959704 -0.073725
v -0.094852 2.994942 0.161574
v -0.094809 0.874644 0.032389
v -0.081788 2.695038 -0.022343
v -0.094509 -0.021147 0.000738
v -0.094509 -0.021147 0.000738
v -0.090546 0.846999 0.019870
v -0.093175 0.859858 0.039327
v -0.094302 3.226032 0.072548
v -0.094299 3.101583 0.181007
v -0.094081 3.118064 0.148063
v -0.094215 3.295811 -0.130432
v -0.094119 2.907342 -0.056005
v -0.094108 2.832479 -0.126397
v -0.092291 0.844519 0.029612
v -0.092570 0.849861 0.026385
v -0.093258 0.849329 0.024624
v -0.093944 2.858654 -0.222007
v -0.086323 0.836579 -0.187645
v -0.082153 2.357969 0.284043
v -0.093770 3.149966 0.241224
v -0.093599 0.863545 0.099527
v -0.093409 0.847099 0.089066
v -0.090994 0.850739 0.025699
v -0.093234 0.870631 0.046444
v -0.093204 3.106763 -0.013665
v -0.093166 3.072198 -0.075713
v -0.093023 2.938358 -0.034408
v -0.076411 2.931037 -0.087301
v -0.092785 0.844029 0.023421
v -0.092906 2.984221 0.210072
v -0.092863 3.194147 -0.223936
v -0.092835 3.050878 -0.123266
v -0.092788 3.149975 -0.058797
v -0.090693 -0.105654 0.038295
v -0.070334 3.078718 -0.155728
v -0.092586 3.001971 0.005629
v -0.030662 0.927856 0.070945
v -0.092162 3.109027 -0.100950
v -0.078012 -0.038418 0.023457
v -0.092009 3.314519 -0.222469
v -0.092003 3.078254 -0.030365
v -0.091943 2.623514 0.367300
v -0.091612 0.943540 0.114642
v -0.088590 -0.102387 -0.019317
v -0.092001 1.278935 0.101569
v -0.085217 2.838075 -0.143807
v -0.085355 2.838327 -0.143958
v -0.086740 1.248021 0.113893
v -0.088233 1.245481 0.110024
v -0.090764 -0.012317 0.004604
v -0.090764 -0.012317 0.004604
v -0.087054 -0.018469 0.007666
v -0.087281 -0.015108 0.000894
v -0.090763 1.031027 0.121601
v -0.090685 0.920389 -0.283703
v -0.090614 1.223480 0.165008
v -0.090466 3.032925 0.177289
v -0.090339 3.073429 -0.172970
v -0.090253 3.106478 -0.251720
v -0.090247 3.087169 -0.152201
v -0.085303 0.843331 0.025812
v -0.088355 2.731549 -0.010308
v -0.089242 2.732501 -0.011605
v -0.090073 2.387710 -0.173324
v -0.090070 2.946057 -0.017296
v -0.090060 3.072074 0.129420
v -0.089912 3.152566 -0.292053
v -0.089826 0.841195 -0.199453
v -0.089766 2.979386 0.133931
v -0.089479 2.870635 0.056695
v -0.089426 2.446229 0.185697
v -0.089426 2.446229 0.185697
v 0.000206 3.069183 0.151686
v -0.089200 3.148422 -0.272868
v -0.086056 0.854988 0.021893
v -0.088413 0.854807 0.022457
v -0.085631 3.311992 0.068382
v -0.085311 -0.019724 0.049575
v -0.085995 -0.022321 0.044424
v -0.088984 3.186215 -0.300603
v -0.088941 2.881135 0.026036
v -0.088749 2.973531 0.184478
v -0.088579 3.066134 -0.016210
v -0.071615 0.892918 -0.231989
v -0.088334 2.779035 0.081080
v -0.088241 3.215198 -0.296075
v -0.088230 0.853790 0.021937
v -0.088123 3.078150 -0.220882
v -0.085152 2.702540 -0.022048
v -0.087966 0.913801 0.115221
v -0.087688 2.452409 0.351613
v -0.087563 3.192338 -0.306933
v -0.087623 3.246365 0.013475
v -0.087427 1.270535 -0.001364
v -0.087028 1.270816 -0.001628
v -0.087499 3.191743 -0.307137
v -0.082937 0.854885 0.016178
v -0.083073 0.854907 0.016304
v -0.087476 2.980852 -0.096213
v -0.069822 2.913605 -0.019581
v -0.084616 0.854719 0.015887
v -0.087359 3.264864 0.102296
v -0.087156 2.894824 0.061537
v -0.085125 0.852539 0.023155
v -0.087067 2.465008 0.330111
v -0.086953 2.348104 0.350665
v -0.087001 2.347456 0.350431
v -0.087901 0.021929 0.000241
v -0.086862 0.021927 -0.000000
v -0.086862 0.000000 0.000000
v -0.086807 2.819721 -0.008618
v -0.086600 1.271070 -0.001653
v -0.079081 2.698176 -0.028782
v -0.086775 3.141197 -0.232969
v -0.081242 -0.019957 -0.016699
v -0.086634 3.086480 0.184094
v -0.087569 3.123301 -0.016852
v -0.084830 3.122055 -0.018163
v -0.086575 0.806392 -0.173541
v -0.086534 2.370099 0.233153
v -0.086374 3.064432 -0.311114
v -0.082810 0.850133 -0.132985
v -0.042509 0.956909 0.073959
v -0.063532 2.424327 0.143961
v -0.072372 2.822384 -0.137167
v -0.066162 2.371178 0.067938
v -0.086074 2.228199 0.279311
v -0.077935 2.358002 0.356781
v -0.085786 0.004621 0.033695
v -0.082409 0.024387 0.018941
v -0.085769 3.121276 0.197969
v -0.082024 3.123277 -0.012290
v -0.084382 3.124630 -0.011668
v -0.085618 2.926707 -0.018905
v -0.085553 0.904797 -0.281977
v -0.085362 2.652126 0.368244
v -0.085175 3.083942 -0.058340
v -0.085138 2.942009 0.120953
v -0.081458 -0.126493 -0.049067
v -0.081093 -0.125055 -0.056279
v -0.084927 2.823810 -0.178186
v -0.084664 2.924953 0.010046
v -0.084454 3.113767 -0.295149
v -0.074097 2.826988 -0.134625
v -0.084349 2.830149 -0.133387
v -0.084298 3.050861 0.234969
v -0.074861 0.827338 -0.144050
v -0.084212 3.082797 0.092684
v -0.083959 3.179574 -0.254202
v -0.083943 3.313208 0.036669
v -0.083861 3.200250 0.114059
v -0.082774 0.024050 0.017877
v -0.083766 2.942020 -0.090860
v -0.083641 3.206598 0.025815
v -0.083554 0.864471 0.096427
v -0.083538 3.122486 0.064881
v -0.072398 0.834650 -0.200578
v -0.083445 3.103957 -0.143651
v -0.069313 0.856517 -0.002754
v -0.081668 3.115592 0.156531
v -0.082995 3.054250 0.047171
v -0.082879 3.122150 -0.011887
v -0.082698 3.050880 0.049192
v -0.065021 0.848670 0.006112
v -0.079491 0.022796 0.020919
v -0.078992 0.016073 0.017652
v -0.083516 2.348587 0.009910
v -0.082496 2.927691 -0.011690
v -0.082343 3.057282 -0.011918
v -0.082259 0.810521 -0.180558
v -0.079231 0.035036 0.015024
v -0.080701 0.034992 0.015401
v -0.079008 0.851600 -0.162761
v -0.081810 3.219586 -0.004910
v -0.076559 2.700066 -0.023823
v -0.081751 3.319185 0.108540
v -0.081557 3.205220 -0.204514
v -0.081288 3.102587 -0.030218
v -0.081068 2.872659 -0.250646
v -0.080901 0.057635 0.016115
v -0.080901 0.057635 0.016115
v -0.080901 0.057635 0.016115
v -0.080901 0.057635 0.016115
v -0.080874 0.123099 -0.000000
v -0.080493 0.123067 -0.000067
v -0.080874 0.084737 -0.000000
v -0.080874 0.084737 -0.000000
v -0.080599 1.262719 0.110276
v -0.080818 3.089617 0.132759
v -0.080738 0.033880 0.011973
v -0.080738 0.033880 0.011973
v -0.077360 0.031955 0.015364
v -0.076675 0.027617 0.009614
v -0.076292 0.031570 0.017390
v -0.076936 0.032299 0.011309
v -0.080586 3.087781 0.128334
v -0.080410 -0.020306 -0.016850
v -0.080410 -0.020306 -0.016850
v -0.080303 0.836281 -0.139078
v -0.061702 2.894474 -0.025799
v -0.038899 2.756173 -0.108926
v -0.079898 3.127234 0.148102
v -0.046683 2.750785 -0.118723
v -0.069378 2.805590 -0.126539
v -0.077583 2.700821 -0.022977
v -0.076443 2.700935 -0.025318
v -0.057221 2.459981 0.222724
v -0.052345 3.008556 -0.036537
v -0.052316 2.794166 -0.059562
v -0.079371 2.979347 -0.119838
v -0.079358 3.109262 0.220675
v -0.079293 3.117250 0.071476
v -0.079035 1.341196 0.192624
v -0.079010 3.040883 -0.055860
v -0.078717 2.927929 0.094606
v -0.078688 2.706746 0.283898
v -0.076291 2.346889 0.117457
v -0.078589 0.868642 0.087672
v -0.074447 2.783494 -0.068967
v -0.078451 3.037386 -0.102941
v -0.078268 3.274752 0.092792
v -0.073554 1.254268 0.162497
v -0.077999 2.644785 0.367554
v -0.077985 2.471174 0.235579
v -0.074647 -0.120528 0.039832
v -0.075451 -0.121519 0.033272
v -0.041432 3.132049 -0.043164
v -0.077760 2.813683 -0.056811
v -0.060456 3.069980 0.041177
v -0.067487 3.043694 0.140343
v -0.066932 -0.052457 -0.018216
v -0.077157 -0.084953 -0.035791
v -0.077059 2.888674 0.123974
v -0.060191 -0.042600 0.005274
v -0.076874 3.048355 0.036566
v -0.059131 -0.046264 -0.048506
v -0.076351 3.021070 -0.232261
v -0.076425 2.325234 0.231949
v -0.076299 3.076487 0.047899
v -0.069873 -0.026902 -0.022073
v -0.076207 0.868446 0.019730
v -0.062676 0.860827 0.003484
v -0.076178 3.192446 -0.036673
v -0.076052 2.439015 -0.253936
v -0.076050 -0.011280 -0.020958
v -0.076050 -0.011280 -0.020958
v -0.076050 -0.011280 -0.020958
v -0.076050 -0.011280 -0.020958
v -0.075988 0.801931 -0.211699
v -0.045736 2.877496 -0.032534
v -0.073140 2.815284 -0.133278
v -0.075501 3.062937 0.058253
v -0.066771 2.770686 -0.128040
v -0.075438 2.771678 -0.129533
v -0.075649 2.352426 -0.057072
v -0.074149 2.368021 0.156835
v -0.074429 2.917574 -0.054225
v -0.065675 2.813113 -0.130597
v -0.072230 0.115219 0.018029
v -0.072260 0.115137 0.017690
v -0.075352 2.865491 0.013177
v -0.075019 0.065467 0.002581
v -0.075019 0.065467 0.002581
v -0.072439 0.063873 0.004978
v -0.070648 0.060949 -0.001731
v -0.070666 -0.124920 0.010182
v -0.068651 0.850740 -0.007144
v -0.074681 1.261021 0.139162
v -0.074551 2.968170 0.000534
v -0.072742 2.354984 -0.057425
v -0.028394 2.392146 0.133729
v -0.074337 2.783478 -0.069097
v -0.063352 2.434433 0.140007
v -0.066534 2.432458 0.138781
v -0.063425 2.432206 0.140531
v -0.074708 1.251597 0.159827
v -0.070900 1.254145 0.070964
v -0.073752 3.203958 -0.127352
v -0.071452 2.810116 -0.129327
v -0.048617 0.826123 -0.206456
v -0.073731 3.291277 0.169809
v -0.053416 3.173205 -0.177757
v -0.073575 2.525447 0.367952
v -0.071647 1.244120 0.147609
v -0.072715 1.241890 0.144513
v -0.073385 2.561667 0.326223
v -0.074422 2.920870 0.061236
v -0.073315 3.096590 0.052876
v -0.073304 -0.043490 0.000178
v -0.073304 -0.043490 0.000178
v -0.073304 -0.043490 0.000178
v -0.073304 -0.043490 0.000178
v -0.073227 2.644635 0.298440
v -0.073099 3.144148 0.178044
v -0.072956 2.512738 0.361930
v -0.072740 -0.039318 0.021649
v -0.072824 2.994751 -0.087600
v -0.008239 2.997970 -0.033156
v -0.072782 3.176722 -0.180679
v -0.072712 3.084915 0.069019
v -0.055283 2.440038 0.309437
v -0.068927 3.147578 -0.014561
v -0.071205 3.044283 -0.212916
v -0.072486 3.011813 -0.137667
v -0.072471 0.115267 0.017018
v -0.072471 0.115267 0.017018
v -0.072241 2.887923 0.152013
v -0.072216 -0.040142 0.036412
v -0.072115 0.904052 0.100807
v -0.071918 -0.038478 0.054832
v -0.071918 -0.038478 0.054832
v -0.071918 -0.038478 0.054832
v -0.071918 -0.038478 0.054832
v -0.068457 0.855023 -0.252961
v -0.065711 0.834426 -0.205585
v -0.064339 2.809495 -0.126068
v -0.063319 2.809496 -0.127152
v -0.071490 3.196045 -0.154799
v -0.067195 2.439260 0.167543
v -0.071458 1.241373 0.111235
v -0.068507 0.821545 -0.147104
v -0.071178 2.872219 -0.096847
v -0.071127 3.269704 0.031414
v -0.066333 0.860056 -0.000951
v -0.065215 0.858997 -0.000186
v -0.070810 2.220480 0.070740
v -0.070693 3.198838 -0.313902
v -0.069955 -0.030673 -0.018247
v -0.070294 0.851320 -0.001453
v -0.070379 0.081253 0.002452
v -0.070330 0.081388 0.002868
v -0.070330 0.081388 0.002868
v -0.070330 0.081388 0.002868
v -0.068475 2.371806 0.042553
v -0.069075 2.372870 0.041621
v -0.070060 3.253916 -0.053825
v -0.070041 3.050205 -0.103482
v -0.070026 -0.026742 -0.022265
v -0.069950 2.990397 0.081076
v -0.068981 -0.021691 0.068528
v -0.069813 0.133190 0.016445
v -0.069813 0.133190 0.016445
v -0.069813 0.133190 0.016445
v -0.069527 0.133113 0.016560
v -0.064425 -0.053990 -0.017012
v -0.068905 0.162127 -0.008707
v -0.069705 0.162273 -0.009156
v -0.069705 0.162273 -0.009156
v -0.069705 0.162273 -0.009156
v -0.069632 3.096342 0.061214
v -0.061730 -0.023623 0.016382
v -0.069427 2.870707 0.130877
v -0.062363 0.846748 0.003332
v -0.069383 2.451523 0.268190
v -0.049197 2.884418 0.065210
v -0.069107 3.164135 -0.023860
v -0.053808 -0.043764 0.000454
v -0.069075 2.962950 -0.253445
v -0.067317 3.125031 -0.150043
v -0.061047 2.429030 0.143609
v -0.059789 2.421536 0.147781
v -0.064986 0.828339 -0.191431
v -0.066793 2.814107 -0.130482
v -0.066434 2.813476 -0.131725
v -0.068809 2.954022 -0.002017
v -0.068292 0.144003 -0.006017
v -0.067690 0.144139 -0.005868
v -0.068778 0.144066 -0.006142
v -0.067722 0.143777 -0.005343
v -0.063065 3.169026 0.230768
v -0.068638 3.095314 0.154200
v -0.068292 0.098494 0.002602
v -0.068601 0.098424 0.002695
v -0.068601 0.098424 0.002695
v -0.068601 0.098424 0.002695
v -0.069283 3.001744 -0.052406
v -0.068567 3.193501 0.237907
v -0.064820 0.857593 0.001610
v -0.068373 2.947880 0.229285
v -0.068356 3.089913 0.122887
v -0.068258 3.046616 0.005987
v -0.062535 3.154785 0.222779
v -0.062700 2.786540 0.041938
v -0.059333 3.195806 -0.067152
v -0.062220 0.861906 0.002891
v -0.063854 0.008052 0.000476
v -0.065314 2.809524 -0.126666
v -0.064705 2.808874 -0.127947
v -0.067259 2.920584 0.057529
v -0.067204 0.887510 0.069943
v -0.039662 3.229124 -0.172282
v -0.067102 3.176542 -0.036432
v -0.063752 3.207632 0.263571
v -0.063059 0.216662 -0.013461
v -0.066855 0.198058 -0.012455
v -0.066691 0.877540 0.104120
v -0.062507 3.128351 0.205469
v -0.066368 2.715291 -0.160160
v -0.065935 0.854952 -0.249761
v -0.066220 -0.014716 -0.018885
v -0.066143 2.933182 0.106996
v -0.066088 3.034312 0.012282
v -0.066072 3.190643 0.079883
v -0.066066 3.117332 0.141834
v -0.066047 -0.149609 -0.038206
v -0.065937 -0.149126 -0.061355
v -0.065937 -0.149126 -0.061355
v -0.065937 -0.149126 -0.061355
v -0.065937 -0.149126 -0.061355
v -0.062954 0.188794 0.021407
v -0.063007 0.188617 0.021171
v -0.065688 3.003336 -0.316446
v -0.065678 3.028378 -0.225219
v -0.065638 -0.054572 -0.015304
v -0.065638 -0.054572 -0.015304
v -0.065527 -0.145757 0.041579
v -0.065527 -0.145757 0.041579
v -0.065527 -0.145757 0.041579
v -0.065527 -0.145757 0.041579
v -0.059372 2.901427 -0.029342
v -0.065461 3.118514 -0.094626
v -0.065324 2.886390 -0.079555
v -0.065442 -0.003325 0.009235
v -0.065178 2.915571 0.090378
v -0.065157 3.196692 0.041106
v -0.065120 -0.086684 0.027523
v -0.049178 -0.061699 0.016603
v -0.066199 0.855050 -0.003312
v -0.052404 2.419819 0.118108
v -0.064882 2.382792 0.044598
v -0.064882 2.382792 0.044598
v -0.069062 2.380764 0.042481
v -0.065784 2.380052 0.041792
v -0.048890 3.047750 -0.094745
v -0.000024 3.007993 0.020153
v -0.064376 -0.143203 0.020651
v -0.064568 0.000135 0.027960
v -0.064568 0.000135 0.027960
v -0.064568 0.000135 0.027960
v -0.064568 0.000135 0.027960
v -0.064553 0.276793 -0.000000
v -0.065700 0.276832 0.000251
v -0.064553 0.233189 -0.000000
v -0.064553 0.233189 -0.000000
v -0.062922 3.252228 0.123439
v -0.064500 0.019526 -0.024902
v -0.059201 0.034599 -0.023464
v -0.064403 3.210238 0.182249
v -0.064094 2.827886 0.010416
v -0.045129 2.883695 -0.097879
v -0.063901 3.102714 0.137853
v -0.057256 2.420325 0.116258
v -0.060116 2.417178 0.127513
v -0.058089 2.453072 0.266919
v -0.062208 3.094032 -0.097255
v -0.052371 2.420095 0.119386
v -0.063271 3.188984 -0.193237
v -0.062968 3.118618 0.105697
v -0.062951 0.840616 -0.221017
v -0.062950 0.209311 0.024423
v -0.062950 0.209311 0.024423
v -0.062950 0.209311 0.024423
v -0.062505 0.209454 0.024316
v -0.062945 3.166221 0.068304
v -0.057693 2.453059 0.259019
v -0.062866 0.188686 0.022117
v -0.062866 0.188686 0.022117
v -0.061360 2.795247 -0.120988
v -0.062720 2.862667 -0.120415
v -0.052023 0.829964 -0.131802
v -0.045763 2.881978 -0.050910
v -0.062510 -0.042534 -0.007517
v -0.062510 -0.042534 -0.007517
v -0.062510 -0.042534 -0.007517
v -0.062510 -0.042534 -0.007517
v -0.054266 2.364377 -0.106044
v -0.060960 -0.129349 -0.080178
v -0.062387 0.861648 0.002719
v -0.063626 0.859725 0.001003
v -0.050999 2.419658 0.118543
v -0.062161 0.300642 -0.019516
v -0.062274 0.300413 -0.019910
v -0.062219 0.300611 -0.019286
v -0.062219 0.300611 -0.019286
v -0.062160 2.959632 -0.190036
v -0.061735 3.205999 0.261396
v -0.061998 0.009538 -0.001323
v -0.061944 0.008769 0.018308
v -0.061944 0.008769 0.018308
v -0.061944 0.008769 0.018308
v -0.061944 0.008769 0.018308
v -0.061938 3.100451 0.165864
v -0.058821 1.258297 0.078853
v -0.061904 3.126354 -0.321478
v -0.052191 0.814013 -0.173931
v -0.061892 2.925088 0.031475
v -0.041602 3.111593 0.114805
v -0.061725 3.089980 -0.304885
v -0.061693 0.014455 0.037871
v -0.011769 1.232708 0.146793
v -0.044822 0.828450 -0.140493
v -0.061536 2.320118 0.283781
v -0.061491 2.856520 0.066957
v -0.061382 0.216198 -0.012874
v -0.061349 0.216337 -0.012545
v -0.061349 0.216337 -0.012545
v -0.061333 0.907498 0.084114
v -0.056231 2.895823 -0.028404
v -0.053120 2.795000 -0.118215
v -0.049346 2.902997 0.048393
v -0.053238 2.795177 -0.118298
v -0.059490 -0.132365 0.060159
v -0.055634 3.115168 0.198755
v -0.060926 3.236853 0.065889
v -0.012678 1.252592 0.113253
v -0.060709 1.309176 0.191781
v -0.060670 2.912628 0.050435
v -0.057857 3.018501 0.138610
v -0.060461 0.281690 -0.017674
v -0.059436 0.281604 -0.017483
v -0.060572 0.281653 -0.017501
v -0.060572 0.281653 -0.017501
v -0.060554 3.077500 -0.065739
v -0.057114 0.357562 -0.021840
v -0.060523 0.337978 -0.021315
v -0.060403 0.055011 0.036669
v -0.060403 0.055011 0.036669
v -0.060309 2.354698 -0.094196
v -0.053766 0.057167 0.001836
v -0.046376 0.056353 0.009077
v -0.060228 0.022160 -0.008568
v -0.054321 2.598441 -0.164281
v -0.038041 0.810494 -0.210070
v -0.060195 3.109395 -0.150893
v -0.060033 0.024561 -0.003942
v -0.058630 0.038391 -0.006772
v -0.059687 0.023517 0.033603
v -0.060088 2.896889 -0.204324
v -0.059921 0.020447 0.030334
v -0.058708 0.033367 0.035104
v -0.059903 0.015271 0.012601
v -0.059903 0.015271 0.012601
v -0.059903 0.015271 0.012601
v -0.059903 0.015271 0.012601
v -0.059806 0.034951 -0.021010
v -0.059806 0.034951 -0.021010
v -0.059806 0.034951 -0.021010
v -0.059735 2.413772 0.306885
v -0.058313 0.031790 0.036136
v -0.055246 2.446564 0.307370
v -0.059597 2.799397 -0.156135
v -0.059651 0.232771 -0.013301
v -0.059475 0.233179 -0.012814
v -0.059475 0.233179 -0.012814
v -0.059475 0.233179 -0.012814
v -0.055953 2.432093 0.158653
v -0.060721 2.435591 0.163612
v -0.059372 2.942181 -0.092935
v -0.051809 0.833473 -0.133230
v -0.059249 2.888238 0.037633
v -0.058023 2.926734 -0.133546
v -0.059030 2.226826 0.171968
v -0.058976 3.120698 0.160978
v -0.054335 0.854939 -0.000032
v -0.053414 0.852854 0.000661
v -0.058783 0.057824 -0.018554
v -0.058783 0.057824 -0.018554
v -0.058783 0.057824 -0.018554
v -0.058783 0.057824 -0.018554
v -0.058583 2.804702 -0.058649
v -0.057713 2.986328 -0.028666
v -0.057275 0.503386 -0.026563
v -0.057065 0.503278 -0.026601
v -0.058746 0.446776 -0.026362
v -0.058566 0.446368 -0.026395
v -0.058399 0.446576 -0.025762
v -0.058399 0.446576 -0.025762
v -0.057456 0.038855 0.033397
v -0.058278 3.143329 0.199126
v -0.056054 0.266959 0.023336
v -0.056049 0.266591 0.022847
v -0.058544 2.289232 0.305477
v -0.057915 0.041630 0.002225
v -0.057915 0.041630 0.002225
v -0.057915 0.041630 0.002225
v -0.057915 0.041630 0.002225
v -0.029830 2.729351 -0.119544
v -0.050641 0.835198 -0.146979
v -0.053590 0.838072 -0.149147
v -0.057693 2.378136 -0.114102
v -0.057693 2.378136 -0.114102
v -0.051746 0.817016 -0.172685
v -0.057490 0.820776 -0.176639
v -0.057481 2.772120 -0.095434
v -0.057471 3.110212 0.137803
v -0.057340 0.264616 -0.015189
v -0.057167 2.720878 0.066495
v -0.055006 2.795691 -0.118124
v -0.054837 2.795394 -0.119721
v -0.057296 3.221843 -0.162572
v -0.057277 -0.048097 -0.049637
v -0.057267 3.042458 0.146514
v -0.057209 2.869685 0.163076
v -0.057012 0.046753 -0.015488
v -0.055633 2.947139 0.088845
v -0.052976 3.101150 0.194766
v -0.056957 3.152858 0.203475
v -0.056775 1.759713 -0.019046
v -0.056720 1.759691 -0.019596
v -0.056769 0.266881 0.022097
v -0.056416 0.266948 0.022257
v -0.053188 -0.034901 0.051308
v -0.056198 0.051772 0.020625
v -0.056552 0.038694 0.007341
v -0.056552 0.038694 0.007341
v -0.053425 0.037315 0.009894
v -0.053021 0.037369 0.004192
v -0.056382 0.503333 -0.026377
v -0.056499 0.503338 -0.026257
v -0.039882 2.963833 0.007964
v -0.056449 3.111150 -0.245180
v -0.056434 3.098709 -0.171426
v -0.048551 2.366981 -0.117874
v -0.056185 3.112516 0.089306
v -0.053767 0.425504 -0.022738
v -0.053730 0.425092 -0.026081
v -0.054941 0.426888 -0.024474
v -0.055318 0.426609 -0.023628
v -0.055214 2.926654 -0.131689
v -0.056087 2.775173 -0.128355
v -0.053050 0.111026 -0.002039
v -0.052603 0.112853 0.037941
v -0.048929 2.894749 -0.006506
v -0.055898 1.256124 0.078530
v -0.044301 -0.076715 0.008803
v -0.051896 -0.034845 0.072798
v -0.053041 -0.036987 0.066037
v -0.054146 0.012527 0.006982
v -0.055637 -0.006639 0.004016
v -0.055595 0.286313 0.020417
v -0.055595 0.286313 0.020417
v -0.055231 0.286389 0.020576
v -0.055075 0.286089 0.020173
v -0.055571 1.662218 -0.016591
v -0.055571 1.662218 -0.016591
v -0.055524 3.022631 0.220879
v -0.051981 -0.041354 0.001746
v -0.055498 0.357263 -0.021454
v -0.055498 0.357357 -0.021228
v -0.055498 0.357357 -0.021228
v -0.043299 3.130858 0.020701
v -0.053003 2.419424 0.121569
v -0.053626 2.421521 0.118936
v -0.055235 2.336628 0.212161
v -0.055094 0.858401 -0.003070
v -0.051274 3.110582 -0.049077
v -0.050971 2.356814 0.197850
v -0.054804 0.059481 -0.018133
v -0.054792 0.012692 0.005957
v -0.054792 0.012692 0.005957
v -0.054792 0.012692 0.005957
v -0.049705 -0.061571 0.016310
v -0.054702 3.133871 0.250430
v -0.048825 2.961849 -0.081384
v -0.054512 2.275215 0.244259
v -0.054363 0.522493 -0.025893
v -0.054246 0.522478 -0.025775
v -0.050929 3.221283 0.092428
v -0.053054 3.218261 0.093585
v -0.054275 3.268808 -0.001013
v -0.054192 3.236661 -0.200869
v -0.054050 3.113657 0.087061
v -0.053967 3.035890 0.248251
v -0.047837 0.063495 0.018119
v -0.053132 2.947453 0.086442
v -0.054078 0.857964 -0.003648
v -0.055350 0.857531 -0.004124
v -0.053870 3.090299 -0.091339
v -0.052849 0.345267 0.024096
v -0.053078 0.345239 0.024097
v -0.053783 3.292343 0.041090
v -0.053689 3.205683 -0.042849
v -0.054622 2.893022 -0.004093
v -0.052577 2.887412 -0.006079
v -0.053605 2.461488 0.310812
v -0.053575 0.375507 -0.021974
v -0.053470 0.375346 -0.021378
v -0.051615 0.374658 -0.019844
v -0.051834 0.374533 -0.022648
v -0.053149 3.052766 -0.052496
v -0.053330 3.078354 0.128685
v -0.051469 3.016612 0.138094
v -0.050686 3.016609 0.136085
v -0.053233 0.366263 0.027170
v -0.052768 0.366443 0.026950
v -0.051194 0.365170 0.028839
v -0.051773 0.365514 0.025998
v -0.047456 2.436732 0.255030
v -0.052982 0.345264 0.024985
v -0.052653 0.345161 0.025084
v -0.052906 3.055041 -0.154546
v -0.052896 2.885667 -0.154043
v -0.052869 2.427803 0.145531
v -0.052869 2.427803 0.145531
v -0.051236 2.759014 -0.047391
v -0.052822 2.455809 0.339230
v -0.045238 -0.030099 0.016228
v -0.052384 3.218365 0.197319
v -0.045569 0.109928 0.003320
v -0.052041 0.112738 0.037556
v -0.052008 3.151922 -0.160926
v -0.051132 1.381902 -0.010011
v -0.051861 0.520949 0.025437
v -0.051861 0.520949 0.025437
v -0.051852 0.845038 -0.005285
v -0.051852 0.845038 -0.005285
v -0.051840 3.097082 0.191926
v -0.051180 0.425448 0.024209
v -0.050947 0.425292 0.023948
v -0.051735 3.145273 0.153700
v -0.049552 2.756147 -0.044098
v -0.051561 1.381896 -0.010242
v -0.038938 0.077107 0.009278
v -0.046266 0.077519 0.014393
v -0.051509 0.078889 -0.016119
v -0.051788 3.099020 0.193957
v -0.051374 0.501356 0.023145
v -0.051490 0.501354 0.022624
v -0.051491 0.501351 0.023261
v -0.051554 0.501354 0.022774
v -0.043979 2.065235 -0.028733
v -0.051490 2.036734 -0.027973
v -0.051487 2.954289 0.027026
v -0.051411 1.307340 0.168715
v -0.036317 3.103619 -0.052782
v -0.049303 0.423887 0.024888
v -0.049219 0.423045 0.021764
v -0.051324 0.958843 -0.007895
v -0.051091 0.958838 -0.008287
v -0.051314 1.283599 -0.009094
v -0.051314 1.283599 -0.009094
v -0.051268 3.112003 -0.050053
v -0.051008 2.855358 -0.051101
v -0.050976 3.090264 0.051902
v -0.050924 2.346632 0.138597
v -0.038442 0.163054 -0.002343
v -0.044608 0.164079 0.003334
v -0.050881 0.159720 -0.027800
v -0.050797 2.722476 0.030837
v -0.050747 3.194049 -0.190243
v -0.048214 3.221143 0.092331
v -0.047985 3.221253 0.092523
v -0.050629 0.516968 -0.000324
v -0.050285 0.516969 -0.000036
v -0.050548 0.445493 0.020792
v -0.050548 0.445493 0.020792
v -0.049625 0.445726 0.020327
v -0.050004 0.445267 0.020496
v -0.037599 0.147606 -0.000014
v -0.049432 0.149304 0.012070
v -0.048197 3.062045 0.056502
v -0.049054 3.062827 0.103142
v -0.050106 2.258223 0.172790
v -0.050062 1.295973 0.125236
v -0.044312 2.429668 0.231745
v -0.050008 3.215910 -0.266091
v -0.049993 2.839716 0.065892
v -0.045716 0.104977 0.014210
v -0.045920 0.105075 0.013889
v -0.046800 0.115338 -0.024485
v -0.049780 0.095689 -0.021044
v -0.049772 0.095542 -0.016230
v -0.049334 0.141859 -0.023861
v -0.049687 0.401782 -0.000000
v -0.049687 0.401782 -0.000000
v -0.049676 3.179461 -0.294449
v -0.046404 3.064360 0.032164
v -0.038076 0.096558 0.009085
v -0.043005 0.097553 0.015423
v -0.047772 2.885564 0.021158
v -0.053005 3.108494 0.130379
v -0.049401 0.130702 0.037005
v -0.045067 -0.097499 -0.040043
v -0.045111 -0.095247 -0.046082
v -0.043176 0.130186 0.003522
v -0.035726 0.129548 0.009584
v -0.046440 0.214083 -0.028915
v -0.047377 1.287068 -0.018388
v -0.049261 1.288666 -0.020270
v -0.046626 0.214389 0.003120
v -0.049087 -0.061835 0.016221
v -0.049087 -0.061835 0.016221
v -0.049065 3.048585 -0.187516
v -0.047868 3.062969 0.102423
v -0.048061 3.145020 -0.189746
v -0.044544 2.757498 -0.047996
v -0.048915 2.925156 -0.265699
v -0.048411 -0.053667 -0.021391
v -0.048856 -0.061820 -0.026355
v -0.048821 2.119678 -0.031181
v -0.048905 2.119667 -0.031451
v -0.037692 2.645438 -0.051010
v -0.048610 2.725481 0.367418
v -0.048295 -0.005527 0.055647
v -0.040189 0.015293 0.040465
v -0.048184 0.002583 0.024965
v -0.031138 0.804850 -0.139180
v -0.048110 0.115103 -0.025970
v -0.048110 0.115103 -0.025970
v -0.048110 0.115103 -0.025970
v -0.045485 0.812547 -0.167007
v -0.038696 0.301658 -0.013990
v -0.043336 0.301941 -0.009858
v -0.047889 2.780210 0.082904
v -0.047872 3.057035 0.118246
v -0.046293 0.056465 0.017175
v -0.047859 0.057001 0.016071
v -0.047859 0.057001 0.016071
v -0.047859 0.057001 0.016071
v -0.046809 -0.034200 -0.006041
v -0.032858 -0.080744 -0.007085
v -0.044525 -0.146631 0.039431
v -0.046285 2.758665 -0.046174
v -0.044874 2.758525 -0.047725
v -0.035838 3.151434 -0.273752
v -0.047360 3.058783 0.106954
v -0.047202 -0.034706 -0.005286
v -0.047202 -0.034706 -0.005286
v -0.047202 -0.034706 -0.005286
v -0.038510 0.354677 -0.027099
v -0.039539 0.447671 -0.022155
v -0.043473 0.447594 -0.018371
v -0.044699 0.355855 -0.009240
v -0.047043 3.223512 -0.054840
v -0.036493 2.388191 0.010662
v -0.047010 0.207993 0.040354
v -0.040533 0.209066 0.015359
v -0.036488 0.209072 0.019146
v -0.030747 3.135481 0.038384
v -0.041536 0.190364 0.011548
v -0.046181 0.191497 0.004717
v -0.046887 0.186487 0.037910
v -0.046428 0.186509 0.037696
v -0.046842 -0.021065 0.002524
v -0.046842 -0.021065 0.002524
v -0.041090 -0.026732 0.005509
v -0.043074 -0.022156 -0.001081
v -0.046379 2.359219 -0.017840
v -0.047838 2.441538 0.249524
v -0.038506 0.501498 -0.031813
v -0.037060 0.284922 -0.012720
v -0.039474 0.285162 -0.009606
v -0.045161 0.501924 -0.014295
v -0.043221 -0.146470 -0.057723
v -0.046529 3.037095 0.113659
v -0.042899 3.031073 -0.022354
v -0.046336 2.825406 0.351407
v -0.046232 3.092694 0.099676
v -0.046223 0.833632 -0.138793
v -0.045621 0.281868 -0.031036
v -0.046198 3.007472 0.190391
v -0.046152 0.134142 -0.029459
v -0.046152 0.134142 -0.029459
v -0.041905 0.131176 -0.025710
v -0.041163 0.128912 -0.033539
v -0.046108 3.221140 0.110332
v -0.035769 0.212747 -0.007268
v -0.045871 -0.028990 -0.054988
v -0.045871 -0.028990 -0.054988
v -0.045834 2.571209 -0.291221
v -0.045836 0.033491 0.016119
v -0.041541 0.031011 0.017877
v -0.045763 0.033865 0.015020
v -0.041775 0.031015 0.012109
v -0.045751 0.104810 0.013212
v -0.045724 0.105056 0.013649
v -0.042324 0.013417 0.016028
v -0.045572 -0.029988 0.015937
v -0.045484 0.014709 0.013804
v -0.045463 2.841298 0.284247
v -0.045455 3.170964 -0.269704
v -0.037296 0.265082 0.017550
v -0.045399 3.178140 -0.171775
v -0.042704 0.022897 0.013210
v -0.045350 3.202040 -0.121295
v -0.043925 0.267452 0.035441
v -0.034164 0.811263 -0.139962
v -0.035452 0.814271 -0.136696
v -0.045756 2.961792 -0.035028
v -0.045223 2.711008 0.082556
v -0.045124 2.945858 0.026681
v -0.043670 0.417036 -0.023552
v -0.039261 0.429839 -0.018280
v -0.045249 3.091939 -0.087229
v -0.045107 3.093246 -0.088737
v -0.045092 3.303352 0.075588
v -0.045062 3.106233 -0.074681
v -0.045030 3.106634 0.039302
v -0.043428 2.521132 0.280211
v -0.032457 2.807226 -0.190287
v -0.043615 0.417062 -0.023937
v -0.044139 0.427764 -0.035347
v -0.044754 -0.052684 0.012421
v -0.044754 -0.052684 0.012421
v -0.041087 -0.056033 0.016267
v -0.041182 -0.059598 0.009009
v -0.044759 2.490459 0.369867
v -0.044674 3.118778 -0.288452
v -0.036730 0.501149 -0.022279
v -0.044640 2.723552 0.322187
v -0.044604 2.761031 0.200193
v -0.043064 2.968376 0.008594
v -0.044468 2.480447 0.203788
v -0.041922 0.117045 0.023957
v -0.042054 0.117074 0.023864
v -0.044390 2.900279 0.170239
v -0.044327 2.283623 0.352691
v -0.044277 3.069510 0.149275
v -0.044125 3.166926 -0.178886
v -0.044103 2.491790 0.352149
v -0.044047 0.231611 -0.028294
v -0.043994 3.038885 0.179094
v -0.034042 0.231680 -0.008364
v -0.038864 0.232443 -0.002549
v -0.042870 0.353993 -0.000784
v -0.042588 0.354404 -0.001135
v -0.036062 0.354616 -0.017245
v -0.043826 2.442750 0.273378
v -0.043823 3.128797 -0.150644
v -0.040502 2.885902 0.019010
v -0.042073 2.886414 0.018358
v -0.039365 0.264672 0.013397
v -0.023743 -0.056910 -0.016978
v -0.044141 2.424580 0.228872
v -0.041502 2.972352 -0.111175
v -0.043548 3.026970 0.114552
v -0.043519 -0.077763 0.009765
v -0.022645 2.830230 0.010976
v -0.043429 0.297094 0.002931
v -0.043429 0.297094 0.002931
v -0.043429 0.297094 0.002931
v -0.042875 0.297344 0.002690
v -0.043409 3.031229 -0.119586
v -0.043358 2.371650 -0.098932
v -0.043358 2.371650 -0.098932
v -0.035500 3.136624 0.004180
v 0.019968 2.323378 0.223825
v -0.041249 0.015151 0.039161
v -0.042049 0.827852 -0.130810
v -0.042914 2.787771 0.237525
v -0.042906 2.270607 -0.325332
v -0.041005 2.364847 -0.075456
v -0.042774 3.144447 0.174540
v -0.042654 3.080505 0.121495
v -0.042368 2.913153 0.074256
v -0.042541 0.124760 0.015136
v -0.042541 0.124760 0.015136
v -0.042541 0.124760 0.015136
v -0.042541 0.124760 0.015136
v -0.038367 0.285292 0.011588
v -0.033879 0.285288 0.016092
v -0.034588 0.520364 -0.029870
v -0.042242 0.502725 -0.000230
v -0.042123 0.502775 -0.000330
v -0.042364 0.356540 0.027297
v -0.037372 2.649347 -0.052189
v -0.042296 0.180793 0.005075
v -0.042132 0.180803 0.005297
v -0.037865 0.179225 0.009207
v -0.038849 0.178823 0.002480
v -0.038613 0.046408 0.002329
v -0.042267 3.093080 0.083602
v -0.034687 3.057949 0.010831
v -0.042245 0.373842 -0.003933
v -0.041656 0.373594 -0.004230
v -0.040707 0.373398 -0.002672
v -0.040197 0.373003 -0.005625
v -0.039781 0.446452 0.003569
v -0.040316 0.446977 0.000335
v -0.042238 0.448835 0.001720
v -0.041745 0.449044 0.001473
v -0.035035 0.366308 0.023522
v -0.042196 0.277113 0.001410
v -0.042196 0.277113 0.001410
v -0.041786 0.277030 0.001589
v -0.041530 0.277289 0.000701
v -0.041892 0.354118 -0.001759
v -0.042174 0.354256 -0.001802
v -0.042144 3.185042 0.178628
v -0.041946 0.502736 -0.000896
v -0.042056 0.502750 -0.000785
v -0.042026 3.109692 -0.252856
v -0.042015 2.355656 -0.041538
v -0.042015 2.355656 -0.041538
v -0.042003 0.206923 0.022754
v -0.042003 0.206923 0.022754
v -0.042003 0.206923 0.022754
v -0.042325 0.206645 0.023429
v -0.038268 0.346501 0.017688
v -0.041403 0.347207 0.012750
v -0.036492 0.344697 0.029994
v -0.038772 0.429186 0.002134
v -0.041180 0.429081 -0.001185
v -0.041620 0.429225 -0.000228
v -0.041620 0.429410 -0.001092
v -0.042778 2.427164 0.228452
v -0.041494 2.426885 0.229094
v -0.041878 2.941834 -0.019730
v -0.028161 2.895172 -0.108219
v -0.041760 2.394366 -0.042780
v -0.041617 2.394356 -0.042958
v -0.041671 0.116944 0.023566
v -0.041756 0.117051 0.023827
v -0.041756 -0.018229 0.013072
v -0.041756 -0.018229 0.013072
v -0.041600 0.364605 -0.021090
v -0.041722 2.930731 -0.157473
v -0.041713 0.521376 -0.002825
v -0.041603 0.521386 -0.002714
v -0.037825 0.374752 -0.013648
v -0.041664 0.364571 -0.020678
v -0.039280 0.014923 0.017761
v -0.034816 0.424220 0.019409
v -0.040634 0.426546 0.034787
v -0.034809 2.366716 -0.072376
v -0.036673 0.193121 -0.029574
v -0.040977 0.172501 -0.031165
v -0.040932 3.114798 0.201837
v -0.038636 3.102357 0.199524
v -0.040915 0.215881 0.032026
v -0.041192 0.215614 0.032590
v -0.039102 0.215376 0.033536
v -0.039252 0.215472 0.030607
v -0.027074 2.910860 0.046417
v -0.040686 0.413783 0.024398
v -0.040713 0.014971 0.038913
v -0.040713 0.014971 0.038913
v -0.040721 3.046202 -0.035231
v -0.040652 2.843900 0.130256
v -0.038904 2.968325 0.006792
v -0.039296 2.968918 0.005875
v -0.040348 0.183678 0.021075
v -0.039621 0.183633 0.021007
v -0.040348 0.183678 0.021075
v -0.039961 0.183698 0.020977
v -0.040306 3.114531 0.195138
v -0.040272 0.221115 -0.000819
v -0.040272 0.221115 -0.000819
v -0.040272 0.221115 -0.000819
v -0.039688 0.220909 -0.001033
v -0.035219 0.138778 0.011841
v -0.035922 0.138821 0.004999
v -0.040253 0.142234 0.007862
v -0.039950 0.142330 0.007957
v -0.039060 0.830664 -0.128288
v -0.037730 0.830759 -0.128856
v -0.036027 0.521054 0.027185
v -0.040085 2.800473 0.313611
v -0.037071 2.422482 0.258057
v -0.039881 2.790763 0.191057
v -0.039506 0.201220 0.001478
v -0.039862 0.201397 0.001445
v -0.039862 0.201397 0.001445
v -0.039862 0.201397 0.001445
v -0.039836 0.135058 0.025439
v -0.039810 0.135509 0.025916
v -0.039810 0.135509 0.025916
v -0.039810 0.135509 0.025916
v -0.039453 0.502922 0.010859
v -0.039789 2.939359 0.172776
v -0.031940 0.501329 0.027148
v -0.034343 0.501056 0.029238
v -0.039728 3.265709 0.161823
v -0.039708 0.257557 -0.001272
v -0.039634 0.938129 -0.284119
v -0.037946 2.824014 -0.182531
v -0.039572 2.786191 -0.100969
v -0.039569 3.154446 -0.211038
v -0.035377 0.444891 0.013576
v -0.032274 0.444955 0.017159
v -0.037430 0.036270 0.015311
v -0.035619 2.048183 -0.010147
v -0.039404 2.797417 0.094320
v -0.035522 0.026533 0.012092
v -0.039280 -0.061720 0.055228
v -0.038151 2.367904 -0.071982
v -0.036255 2.368564 -0.072508
v -0.039053 3.121708 0.077801
v -0.038981 3.013747 0.148133
v -0.038979 0.193671 0.030945
v -0.038458 0.193667 0.031105
v -0.038794 0.193746 0.031270
v -0.038648 0.193657 0.031102
v -0.038896 -0.060646 0.078477
v -0.038896 -0.060646 0.078477
v -0.038896 -0.060646 0.078477
v -0.038896 -0.060646 0.078477
v -0.038734 3.083644 0.106270
v -0.037583 2.357774 -0.051670
v -0.038713 2.343163 0.019724
v -0.038458 2.961600 -0.022147
v -0.038402 3.011503 0.135280
v -0.038295 3.035759 0.002453
v -0.038333 2.682568 -0.255418
v -0.033460 3.136996 0.103650
v -0.033342 -0.051576 -0.040147
v -0.038144 2.878409 0.166990
v -0.034738 0.270862 0.023758
v -0.034764 0.271002 0.023444
v -0.037985 0.023244 0.033041
v -0.037985 0.023244 0.033041
v -0.037985 0.023244 0.033041
v -0.037985 0.023244 0.033041
v -0.037772 2.934872 -0.154243
v -0.037643 2.966296 0.023552
v -0.025573 2.815750 -0.185332
v -0.001583 3.056423 -0.103881
v -0.037349 2.192600 -0.298817
v -0.037231 3.057490 -0.006417
v -0.037173 0.119719 0.007983
v -0.037173 0.119719 0.007983
v -0.037173 0.119719 0.007983
v -0.036085 0.119888 0.007601
v -0.033998 0.277321 0.033631
v -0.033997 0.277572 0.033657
v -0.030770 3.203325 0.091013
v -0.031111 3.203544 0.091125
v -0.032788 0.108452 0.017523
v -0.036852 2.910203 0.149138
v -0.036714 2.980450 -0.128882
v -0.036751 2.631040 -0.251096
v -0.033188 3.250508 0.137279
v -0.036254 3.097340 0.221810
v -0.040561 2.365881 -0.071001
v -0.036093 -0.057578 0.019526
v -0.036093 -0.057578 0.019526
v -0.036091 2.760281 0.138515
v -0.036029 2.906811 -0.117350
v -0.036008 3.293569 0.153719
v -0.036646 2.979391 0.067612
v -0.036004 0.192825 -0.028407
v -0.032234 0.189105 -0.025651
v -0.032791 0.189933 -0.031100
v -0.035966 3.040276 -0.168561
v -0.035882 3.162846 0.012582
v -0.025636 2.388788 0.009979
v -0.035774 3.163884 0.255001
v -0.035589 3.019384 -0.211668
v -0.033424 2.969884 0.117059
v -0.027908 2.973559 0.124125
v -0.035504 2.382992 0.196567
v -0.035475 2.967245 0.085273
v -0.033776 2.436117 0.317263
v -0.035433 0.013374 0.017578
v -0.035433 0.013374 0.017578
v -0.035363 1.220846 0.029090
v -0.035328 3.055005 0.010269
v -0.035091 0.020274 0.005212
v -0.035091 0.020274 0.005212
v -0.035091 0.020274 0.005212
v -0.035091 0.020274 0.005212
v -0.035052 2.795165 0.202079
v -0.034450 0.213215 -0.026818
v -0.035010 0.213570 -0.027033
v -0.035010 0.213570 -0.027033
v -0.035010 0.213570 -0.027033
v -0.032788 2.738708 -0.081625
v -0.034578 0.025363 0.025698
v -0.034590 0.028769 -0.013624
v -0.034177 2.424602 0.271969
v -0.034636 2.421794 0.271222
v -0.034614 2.926655 0.058628
v -0.032481 0.372330 0.037919
v -0.030998 0.371926 0.039323
v -0.034526 0.372160 0.036715
v -0.034732 0.371954 0.036763
v -0.025205 2.965625 0.118919
v -0.034412 0.270929 0.023045
v -0.034412 0.270929 0.023045
v -0.026672 2.737706 -0.078973
v -0.034032 1.651328 0.020199
v -0.034353 1.652162 0.018192
v -0.025678 2.396178 0.012038
v -0.034303 2.405844 0.050668
v -0.034283 2.369799 0.333231
v -0.034261 1.258452 0.014108
v -0.034151 3.209135 -0.184166
v -0.032156 -0.041270 0.096455
v -0.033266 3.136535 0.214299
v -0.005534 2.873522 -0.121179
v -0.033761 -0.051268 -0.040373
v -0.033711 2.835499 0.077148
v -0.026090 0.037183 0.021881
v -0.033682 0.040608 -0.015436
v -0.033682 3.146365 -0.266045
v -0.030799 0.276764 0.035425
v -0.033506 0.277237 0.033511
v -0.029645 0.520497 0.040355
v -0.033486 0.520225 0.037042
v -0.033555 3.113862 -0.078245
v -0.027855 2.669418 -0.104716
v -0.031345 0.029396 0.005206
v -0.031447 0.429150 0.036217
v -0.031330 0.429407 0.036265
v -0.034072 2.545760 -0.324982
v -0.014817 2.584936 -0.048078
v -0.033148 1.251022 0.068863
v -0.033119 2.549666 -0.045670
v -0.033119 2.549666 -0.045670
v -0.033073 2.254257 -0.198027
v -0.033047 2.579102 -0.046019
v -0.032751 2.579087 -0.046078
v -0.032982 -0.018227 0.007195
v -0.028229 -0.000895 0.008183
v -0.029914 0.038528 -0.051216
v -0.029213 3.087048 -0.067499
v -0.032526 3.249137 0.137971
v -0.025345 0.805209 -0.141296
v -0.030116 0.352053 0.037383
v -0.028455 0.351566 0.038916
v -0.032360 0.351743 0.035755
v -0.032239 0.351505 0.035502
v -0.032408 -0.038287 -0.034560
v -0.032408 -0.038287 -0.034560
v -0.032386 2.191482 -0.151273
v -0.032350 0.029364 0.006344
v -0.016649 2.379488 0.207927
v -0.024563 0.016974 -0.009140
v -0.030938 0.016859 -0.016936
v -0.032144 1.267167 0.133429
v -0.031951 0.098347 0.007430
v -0.031947 0.037939 -0.048363
v -0.031920 3.066647 0.152933
v -0.031883 0.291092 0.022464
v -0.031883 0.291092 0.022464
v -0.031883 0.291092 0.022464
v -0.031978 0.291217 0.022876
v -0.031875 0.013343 0.028758
v -0.030787 0.013431 0.030373
v 0.027360 2.961374 -0.033450
v -0.029092 2.874580 0.061227
v -0.031807 3.176995 0.145425
v -0.030996 0.211943 -0.013103
v -0.026749 0.501533 0.040536
v -0.031150 0.501208 0.036056
v -0.031598 0.501216 0.036213
v -0.031248 0.501240 0.036137
v -0.031504 0.367851 0.027076
v -0.031572 0.367756 0.027392
v -0.029369 0.366863 0.028861
v -0.029778 0.367070 0.025631
v -0.031481 -0.082095 -0.008042
v -0.031476 2.892873 0.090342
v -0.031418 0.437615 0.001877
v -0.024407 0.449064 -0.001875
v -0.031504 1.289032 -0.014418
v -0.024776 0.501927 -0.005185
v -0.031133 0.503796 0.010954
v -0.031260 0.054736 0.009127
v -0.031260 0.054736 0.009127
v -0.028449 -0.068793 -0.051761
v -0.028212 -0.067227 -0.056425
v -0.030837 0.146981 -0.005715
v -0.029081 0.295251 0.034740
v -0.029082 0.295069 0.031567
v -0.031160 0.297009 0.033185
v -0.031431 0.297212 0.033705
v -0.031159 0.059355 0.011119
v -0.031159 0.059355 0.011119
v -0.028256 0.059427 0.013576
v -0.028082 0.058753 0.008670
v -0.031146 0.056011 -0.046235
v -0.031146 0.056011 -0.046235
v -0.025288 0.430512 -0.005944
v -0.030685 0.428334 0.008976
v -0.031025 0.037584 0.013768
v -0.031025 0.037584 0.013768
v -0.031025 0.037584 0.013768
v -0.031025 0.037584 0.013768
v -0.029933 0.189057 0.021763
v -0.023447 0.502776 0.002915
v -0.032285 2.701733 -0.266923
v -0.030379 0.429037 0.035841
v -0.026679 0.099905 0.033913
v -0.023119 0.520630 -0.006524
v 0.019679 2.800328 0.097595
v -0.030534 3.021009 0.053910
v -0.030499 0.332388 0.034144
v -0.030835 0.332504 0.034693
v -0.028519 0.331449 0.035536
v -0.028427 0.331392 0.032548
v -0.030477 2.949435 -0.131280
v -0.030459 2.317231 -0.233725
v -0.024782 0.818435 -0.213725
v -0.030307 0.346788 0.025721
v -0.029661 0.346700 0.025312
v -0.030083 0.346813 0.025986
v -0.029909 0.346840 0.025317
v -0.026545 0.102688 -0.005451
v -0.030130 3.185040 0.021795
v -0.016819 0.842738 -0.009220
v -0.023295 3.138511 -0.137980
v -0.029674 0.363650 -0.003961
v -0.021910 0.373898 -0.008008
v -0.029871 0.363385 -0.004516
v -0.021735 0.354956 0.002252
v -0.030355 0.356342 0.011794
v -0.022900 0.353455 -0.006068
v -0.029812 2.515625 0.355739
v -0.029105 1.640110 0.058928
v -0.026525 1.635498 0.054952
v -0.029598 2.891189 -0.043246
v -0.036236 2.881268 0.195665
v -0.028981 0.271243 -0.034168
v -0.028049 0.271759 -0.032899
v -0.029415 0.271419 -0.034323
v -0.029415 0.271419 -0.034323
v -0.029412 2.888659 0.069234
v -0.029220 0.251349 -0.029453
v -0.022809 -0.068282 0.040718
v -0.028691 2.793516 0.008227
v -0.023090 2.969959 0.120157
v -0.027333 0.291444 -0.036085
v -0.029086 0.291961 -0.037516
v -0.029086 0.291961 -0.037516
v -0.029086 0.291961 -0.037516
v -0.027971 2.738658 -0.078430
v -0.026462 2.737883 -0.079308
v -0.028692 1.636560 0.058170
v -0.025331 1.635385 0.055039
v -0.028967 3.285259 0.127311
v -0.028934 0.853688 -0.010265
v -0.017013 0.854155 -0.008094
v -0.022406 0.070342 0.024959
v -0.028910 0.054880 0.024026
v -0.027918 0.501739 -0.005875
v -0.027720 0.501888 -0.005782
v -0.026824 0.447509 0.036717
v -0.025377 0.447913 0.038109
v -0.028868 0.447721 0.035620
v -0.029022 0.447938 0.035620
v -0.021015 2.895545 0.032647
v -0.016341 2.044844 -0.022085
v -0.028731 0.059494 -0.003053
v -0.016159 0.057146 0.023531
v -0.022272 0.056730 0.028707
v -0.028567 1.634003 0.057000
v -0.028525 -0.000643 0.009852
v -0.024433 -0.004768 0.012914
v -0.025057 -0.003890 0.006929
v -0.028488 0.810085 -0.150467
v -0.021909 0.809541 -0.142358
v -0.022870 0.298181 -0.006792
v -0.018696 0.298346 -0.002045
v -0.028446 0.297492 0.017912
v -0.020764 -0.009151 0.015480
v -0.028333 0.810989 -0.142229
v -0.025375 0.426312 0.025912
v -0.025264 0.426484 0.025681
v -0.025790 0.112983 0.040394
v -0.028191 3.169954 -0.306049
v -0.028038 0.205993 0.031498
v -0.028097 0.205928 0.031973
v -0.019140 0.216806 0.027543
v -0.027882 -0.086758 0.015765
v -0.027882 -0.086758 0.015765
v -0.027882 -0.086758 0.015765
v -0.027882 -0.086758 0.015765
v -0.025673 0.116845 0.007793
v -0.025538 0.442996 -0.002981
v -0.024225 0.442359 -0.001749
v -0.027865 0.442583 -0.004165
v -0.027882 0.442366 -0.004306
v -0.027720 3.136550 -0.135797
v -0.027715 2.472894 0.361755
v -0.027649 -0.114701 -0.031153
v -0.027612 -0.113366 -0.051417
v -0.027612 -0.113366 -0.051417
v -0.027612 -0.113366 -0.051417
v -0.027612 -0.113366 -0.051417
v -0.027499 1.581814 0.149410
v -0.027411 3.177242 -0.160361
v -0.016173 2.345215 -0.084651
v -0.007011 2.962320 0.049591
v -0.022304 0.279570 -0.008550
v -0.027133 0.279802 -0.013767
v -0.027192 2.968481 0.118585
v -0.026992 -0.094629 -0.067251
v -0.026657 0.276866 0.014632
v -0.022328 0.501678 -0.001928
v -0.027116 0.501825 -0.006178
v -0.027111 0.022071 0.011205
v -0.027111 0.022071 0.011205
v -0.027111 0.022071 0.011205
v -0.025954 0.022320 0.010515
v -0.027044 2.894712 -0.072656
v -0.027017 2.511874 0.303199
v -0.027016 -0.034050 0.026378
v -0.027016 -0.034050 0.026378
v -0.027016 -0.034050 0.026378
v -0.027016 -0.034050 0.026378
v -0.026796 -0.081617 -0.006807
v -0.018701 0.275092 0.028994
v -0.026272 0.037372 -0.003676
v -0.025059 0.016600 0.013292
v -0.024242 -0.016490 -0.025223
v -0.024462 -0.017400 -0.024625
v -0.027404 1.641469 0.120406
v -0.024581 0.107690 -0.048106
v -0.026312 1.225752 0.120832
v -0.024207 -0.048564 0.013583
v -0.026287 0.035296 0.036037
v -0.024884 0.016750 0.014477
v -0.026381 0.520098 0.027207
v -0.026268 0.520101 0.027320
v -0.013237 -0.073326 -0.015815
v -0.026274 3.167989 -0.217261
v -0.023262 0.350515 -0.036249
v -0.026171 0.330105 -0.038240
v -0.018330 2.863787 -0.013945
v -0.021778 0.196263 0.022305
v -0.025233 0.196218 0.017247
v -0.029906 3.079336 0.090318
v -0.019088 0.195218 0.037606
v -0.024958 2.960998 -0.014684
v -0.023051 1.635715 0.071775
v -0.019769 1.631706 0.067781
v -0.012091 0.097997 0.020444
v -0.024275 2.811776 0.275911
v -0.023000 0.117358 -0.001560
v -0.025457 2.994771 0.073970
v -0.025346 3.108399 0.204462
v -0.025421 3.099713 -0.047268
v -0.018664 0.427546 0.032497
v -0.025192 2.599318 -0.144595
v -0.025296 2.432225 0.316481
v -0.023264 0.808897 -0.133980
v -0.025206 0.522022 -0.007511
v -0.020472 0.521294 -0.011762
v -0.017817 3.030177 -0.025467
v -0.025132 2.829476 -0.046554
v -0.013649 0.112655 0.029392
v -0.024132 0.016639 0.013874
v -0.019330 0.207732 0.010821
v -0.013323 0.207722 0.016955
v -0.022955 0.424546 0.026947
v -0.022997 0.423971 0.023790
v -0.023108 1.273393 0.104029
v -0.024318 1.270471 0.101741
v -0.024845 0.206272 0.039874
v -0.024835 0.420644 -0.005806
v -0.024371 0.420848 -0.005805
v -0.023919 0.420794 -0.006088
v -0.023850 -0.073833 0.036104
v -0.024590 3.076123 -0.107517
v -0.024396 0.500285 0.025782
v -0.023917 0.500214 0.025563
v -0.024507 0.500267 0.025895
v -0.024061 0.500312 0.025695
v -0.024106 0.812774 -0.130147
v -0.022972 0.813710 -0.130506
v -0.003538 2.428146 0.099242
v -0.015576 0.107918 -0.042121
v -0.024760 2.970631 0.122170
v -0.024380 2.970979 0.119552
v -0.017807 2.042791 -0.023155
v -0.024063 2.987819 0.081748
v -0.024020 -0.049578 0.014855
v -0.022048 2.373975 -0.006876
v -0.023526 1.214888 0.116705
v -0.024738 1.661491 0.003288
v -0.023764 2.365820 0.167274
v -0.023748 0.318586 -0.003098
v -0.021226 0.340560 -0.005086
v -0.023744 0.222766 0.015727
v -0.022994 1.657475 0.001540
v -0.023669 2.969889 0.119291
v -0.019263 0.220956 -0.011461
v -0.012755 0.221838 -0.006294
v -0.023589 2.356679 0.297528
v -0.023514 -0.017648 -0.024326
v -0.023522 -0.017630 -0.023823
v -0.008782 2.927531 -0.035142
v -0.014704 2.695921 -0.040007
v -0.016239 2.696283 -0.054210
v -0.016304 2.375111 -0.010887
v -0.023503 0.106506 -0.028345
v -0.023503 0.106506 -0.028345
v -0.023503 0.106506 -0.028345
v -0.023503 0.106506 -0.028345
v -0.019928 2.735416 -0.047165
v -0.023283 2.721283 -0.047101
v -0.017696 0.187012 0.009712
v -0.022310 0.187270 0.002981
v -0.012355 0.202823 0.006917
v -0.019584 0.202455 0.010413
v -0.022506 1.631921 0.070920
v -0.022953 1.624932 0.067047
v -0.020855 1.627050 0.067948
v -0.022290 1.627941 0.067587
v -0.020581 0.268334 0.009071
v -0.023237 0.199323 -0.014956
v -0.020253 0.269318 0.038512
v -0.023224 2.922063 -0.155815
v -0.023123 0.183678 0.038139
v -0.022168 0.183778 0.038164
v -0.023026 0.113359 -0.049672
v -0.020712 0.277451 0.000144
v -0.019154 0.277056 0.001650
v -0.023024 0.277067 -0.001229
v -0.023161 0.276881 -0.001259
v -0.015203 2.763521 -0.095482
v -0.020168 2.764441 -0.098440
v -0.023022 -0.068241 0.040484
v -0.023006 0.117302 -0.001830
v -0.022734 0.171965 0.024225
v -0.006441 -0.087800 0.016248
v -0.022070 2.441282 0.271666
v -0.021980 -0.023061 -0.025478
v -0.022889 0.070797 0.025924
v -0.022889 0.070797 0.025924
v -0.022889 0.070797 0.025924
v -0.011284 0.133517 0.030734
v -0.017132 0.133447 0.036834
v -0.022789 2.612769 -0.052235
v -0.022584 0.118042 -0.007642
v -0.010820 0.181421 -0.001183
v -0.022532 0.167685 -0.009826
v -0.016181 -0.027278 0.018069
v -0.022412 -0.043946 0.017040
v -0.022692 -0.012133 -0.019864
v -0.022399 -0.028423 -0.021216
v -0.022666 0.136283 0.008908
v -0.022366 0.350313 -0.035067
v -0.022594 0.350242 -0.035072
v -0.022594 0.350242 -0.035072
v -0.022530 0.445105 0.024042
v -0.022530 0.445105 0.024042
v -0.022478 0.445043 0.024427
v -0.022640 0.445208 0.024380
v -0.022497 -0.066186 -0.012708
v -0.021898 0.502543 0.026659
v -0.022483 0.162671 0.008556
v -0.022483 0.162671 0.008556
v -0.022483 0.162671 0.008556
v -0.022483 0.162671 0.008556
v -0.022439 -0.057779 -0.016850
v -0.017812 0.502426 0.041214
v -0.020063 2.587465 -0.048051
v -0.022237 -0.023072 -0.025428
v -0.022236 -0.044748 -0.004506
v -0.022236 -0.044748 -0.004506
v -0.022236 -0.044748 -0.004506
v -0.022236 -0.044748 -0.004506
v -0.007881 0.120906 0.021165
v -0.022186 0.121237 0.035679
v -0.021970 3.152518 0.247781
v -0.021893 1.227418 0.098851
v -0.021888 0.124301 -0.005407
v -0.008220 0.121885 0.008203
v -0.021817 3.086788 0.066728
v -0.005326 0.129687 -0.037488
v -0.025757 3.096662 0.011655
v -0.019759 3.139195 0.140155
v -0.021753 3.167060 0.239468
v -0.020938 0.369963 -0.033086
v -0.021546 0.370170 -0.033234
v -0.019778 0.369696 -0.031730
v -0.020384 0.369838 -0.034188
v 0.048512 3.085809 0.126719
v -0.021427 2.315308 -0.041781
v 0.007328 1.235079 0.055835
v -0.021336 0.134620 -0.004930
v -0.024433 1.272583 0.049024
v -0.015450 1.271787 0.042522
v -0.020563 -0.003621 -0.014162
v -0.021176 -0.003543 -0.014411
v -0.021176 -0.003543 -0.014411
v -0.021176 -0.003543 -0.014411
v -0.021112 0.090143 0.026717
v -0.021112 0.090143 0.026717
v -0.016983 0.088952 0.030458
v -0.018801 0.088988 0.024871
v -0.014777 2.864380 -0.000033
v -0.020237 0.822770 -0.114350
v -0.020940 2.937988 0.179661
v -0.020704 1.596637 0.131226
v -0.020664 2.248416 0.249416
v -0.014103 0.333815 0.030308
v -0.018931 0.323304 0.033439
v -0.020472 0.285253 0.032886
v -0.013406 0.295929 0.029483
v -0.020353 3.148510 -0.198272
v -0.018712 0.081027 0.003807
v -0.020336 0.060566 0.007736
v -0.020220 0.340487 -0.005572
v -0.020193 0.400050 -0.007598
v -0.020191 3.172004 0.266627
v -0.018039 1.628963 0.067607
v -0.020161 1.630603 0.068658
v -0.020055 0.080723 0.002485
v -0.020055 0.080723 0.002485
v -0.020055 0.080723 0.002485
v -0.020038 1.292150 0.221816
v -0.008098 3.013047 -0.035453
v -0.019526 0.446369 -0.040909
v -0.019325 0.446690 -0.040914
v -0.015434 0.446641 -0.044955
v -0.016678 0.446023 -0.043680
v -0.019905 0.142065 0.004088
v -0.016636 0.165830 0.000553
v -0.018694 0.131111 0.026313
v -0.017297 0.253778 0.000150
v -0.019838 0.253251 -0.001865
v -0.019715 0.253315 -0.001620
v -0.018837 0.253349 -0.002003
v -0.013718 0.500384 -0.009893
v -0.019804 2.337108 0.194210
v -0.020397 2.986358 0.023738
v -0.015267 2.902266 0.053867
v -0.019720 -0.010457 0.014394
v -0.018565 0.129760 -0.008550
v -0.006145 0.145692 0.001030
v -0.017322 1.642094 0.066993
v 0.053827 2.951464 -0.044869
v -0.019103 0.502313 -0.039767
v -0.019187 0.502223 -0.039568
v -0.019373 0.426420 -0.038419
v -0.018501 0.426850 -0.037452
v -0.015490 0.426142 -0.041956
v -0.019574 0.426497 -0.038440
v -0.013549 3.098650 -0.022738
v -0.019405 0.357107 0.026916
v -0.019465 0.357089 0.027357
v -0.019471 3.240793 -0.037367
v -0.014391 0.267469 0.012918
v -0.014074 3.161452 0.069031
v -0.013741 3.163161 0.068549
v -0.019397 0.067611 0.001710
v -0.019368 0.067507 0.002062
v -0.019368 0.067507 0.002062
v -0.019368 0.067507 0.002062
v -0.015242 -0.059827 0.074469
v -0.019265 0.269148 0.038277
v -0.019249 2.733075 0.017600
v -0.019129 2.898110 0.354155
v -0.019114 -0.057187 0.037550
v -0.009777 2.986145 -0.118684
v -0.019087 2.988468 -0.039630
v -0.010706 0.368164 0.022895
v 0.035074 2.934418 0.002129
v -0.018761 0.502266 -0.039153
v -0.014678 0.502499 -0.042636
v -0.018353 0.361130 -0.007243
v -0.018851 2.875639 0.059663
v -0.016537 2.374314 -0.010005
v -0.017629 2.375387 -0.010580
v -0.017247 0.189929 -0.010112
v -0.018670 3.021025 -0.167477
v -0.018665 3.094609 -0.157395
v -0.018633 0.406906 -0.034538
v 0.044636 2.433353 0.290157
v -0.018624 2.621546 0.379216
v -0.016704 0.193960 -0.049040
v -0.014717 0.027068 0.005991
v -0.018509 0.101276 -0.001156
v -0.018509 0.101276 -0.001156
v -0.018509 0.101276 -0.001156
v -0.018509 0.101276 -0.001156
v -0.015485 3.027488 -0.056331
v -0.018440 0.096459 0.008284
v -0.018683 0.096273 0.008823
v -0.015668 0.094391 0.010558
v -0.015872 0.094120 0.006639
v -0.009636 0.826296 -0.102966
v -0.014810 0.827336 -0.112078
v -0.018344 3.200314 -0.251184
v -0.018249 0.046255 0.000049
v -0.018102 0.046093 0.000697
v -0.018249 0.046255 0.000049
v -0.017450 0.045814 0.000689
v -0.018076 1.667595 0.017681
v -0.018359 0.172490 -0.030433
v -0.017461 0.172441 -0.029852
v -0.018159 0.172623 -0.029269
v -0.013940 0.521001 -0.033368
v -0.017992 0.521544 -0.036851
v -0.018007 3.101528 0.148364
v -0.017987 0.122674 0.009490
v -0.017987 0.122674 0.009490
v -0.017987 0.122674 0.009490
v -0.017987 0.122674 0.009490
v -0.013811 0.348880 0.017455
v -0.017014 0.349114 0.012283
v -0.017864 2.945018 -0.022900
v -0.017841 2.870017 -0.005139
v -0.011209 0.347604 0.031772
v -0.017176 1.249940 0.103649
v 0.055656 2.950072 0.002599
v -0.017724 3.260447 0.230437
v -0.017665 -0.055879 0.031458
v -0.017665 -0.055879 0.031458
v -0.017665 -0.055879 0.031458
v -0.017285 -0.055789 0.030869
v -0.017642 3.032424 -0.025650
v -0.015311 1.276752 0.036640
v 0.048058 2.996198 0.126114
v -0.008992 0.423685 0.021061
v -0.014723 0.425705 0.036732
v -0.016777 1.285342 0.037798
v -0.014594 3.174341 -0.231568
v -0.017371 3.157070 -0.001838
v -0.017260 3.084408 0.085699
v -0.017168 3.048239 -0.123959
v -0.010084 0.124085 -0.005732
v -0.016566 0.123143 -0.012374
v -0.006679 2.820393 -0.037285
v -0.002154 2.837157 -0.047651
v -0.011757 2.838331 -0.042428
v -0.016766 2.838316 -0.047513
v -0.016674 -0.082948 -0.060732
v -0.016803 0.122695 0.028567
v -0.016116 0.122904 0.026527
v -0.016758 0.103851 0.007173
v -0.016758 0.103851 0.007173
v -0.016758 0.103851 0.007173
v -0.017163 0.103538 0.007846
v -0.016734 2.920763 0.111072
v -0.014385 1.278698 0.048394
v 0.037745 3.170689 0.222487
v -0.015322 2.585418 -0.047088
v -0.015056 2.585299 -0.048410
v -0.016684 0.289943 0.037705
v -0.011753 0.289430 0.013049
v -0.006501 0.289163 0.017281
v -0.018268 0.849403 -0.005362
v -0.016681 0.853113 -0.007847
v -0.016681 0.853113 -0.007847
v -0.015629 2.763734 -0.095146
v -0.015932 2.763952 -0.097166
v -0.016616 2.987178 0.083444
v -0.016788 -0.082569 -0.061746
v -0.016008 -0.082956 -0.061279
v -0.012751 0.422773 -0.006110
v -0.016353 2.044419 -0.022034
v -0.019634 2.041523 -0.023756
v -0.008436 0.211670 -0.020077
v -0.009678 0.212315 -0.014502
v -0.016257 0.212743 -0.045804
v -0.015354 0.140109 0.016352
v -0.014601 0.140583 0.016882
v -0.016076 0.140291 0.016003
v -0.016076 0.140291 0.016003
v -0.015906 2.241174 0.117936
v -0.015825 0.159176 0.011895
v -0.015825 0.159176 0.011895
v -0.015825 0.159176 0.011895
v -0.015825 0.159176 0.011895
v -0.015760 0.166021 0.001039
v -0.013932 0.164517 0.002623
v -0.013904 0.163840 -0.000247
v -0.006443 1.285083 0.002215
v -0.011813 3.161908 0.069790
v -0.015371 3.228381 0.195182
v -0.014301 1.634412 0.066456
v -0.015222 0.413546 0.025908
v -0.007493 0.522135 0.023416
v -0.015096 2.969123 0.045684
v -0.015733 2.601875 -0.138708
v -0.014998 0.230755 -0.002753
v -0.014973 2.675370 0.333333
v -0.014681 0.827705 -0.111069
v -0.014775 0.123004 0.008352
v -0.014857 0.123178 0.008614
v -0.014857 0.123178 0.008614
v -0.014186 0.123553 0.008421
v -0.014834 0.122980 0.021621
v -0.011791 1.665081 -0.000541
v -0.013951 2.970680 0.056195
v -0.014738 0.268748 -0.047122
v -0.008365 0.339000 -0.008779
v -0.014252 0.274205 -0.019373
v -0.013184 -0.015555 0.015665
v -0.014450 -0.039898 0.020996
v -0.014439 1.354891 0.144458
v -0.004567 0.272117 -0.029476
v -0.015484 3.026879 -0.084108
v -0.014387 0.072195 0.010021
v -0.014141 0.072204 0.009791
v -0.014341 0.072358 0.010419
v -0.014387 0.072195 0.010021
v -0.007128 2.720066 -0.063767
v -0.011457 0.188379 0.001089
v -0.014251 0.188754 -0.001014
v -0.014333 0.188596 -0.000507
v -0.014405 0.188889 -0.000658
v -0.014176 0.290260 -0.052409
v -0.007463 1.277487 0.043507
v -0.003563 0.291618 -0.032960
v -0.008814 0.292376 -0.027586
v -0.014045 2.420050 0.206296
v -0.014041 2.645406 -0.166563
v 0.028919 2.981923 -0.070741
v -0.013758 0.215868 0.019146
v -0.013758 0.215868 0.019146
v -0.013377 0.215833 0.019358
v -0.013785 0.215763 0.019472
v -0.013753 3.138371 0.196213
v -0.013613 2.792753 -0.153016
v -0.013277 2.556304 -0.230518
v -0.013504 3.160284 0.069300
v -0.008780 0.165526 -0.001041
v -0.013462 0.143206 -0.002695
v -0.013456 2.997871 0.128325
v -0.000730 0.820242 -0.095878
v -0.012497 0.502189 0.014003
v -0.005572 0.501810 0.029686
v -0.007434 0.501494 0.031916
v -0.013068 2.803577 -0.186648
v 0.003406 1.614185 0.088384
v -0.012990 0.140583 0.010082
v -0.012990 0.140583 0.010082
v -0.012990 0.140583 0.010082
v -0.013133 0.140772 0.010614
v -0.012890 2.810241 -0.041222
v -0.007357 0.826318 -0.096028
v -0.011568 0.826635 -0.094248
v -0.007074 1.268003 0.086477
v -0.006402 0.348330 -0.030180
v 0.041847 3.022515 0.056303
v -0.011088 0.351210 -0.047787
v -0.012570 0.195155 0.017081
v -0.012183 0.195150 0.016853
v -0.012214 0.195130 0.017319
v -0.012349 0.195202 0.016792
v -0.010153 2.769709 -0.180955
v -0.007619 2.771729 -0.179241
v -0.008865 0.218346 0.009098
v -0.012562 0.197875 0.008718
v -0.012910 2.029353 -0.008691
v -0.009215 2.030907 -0.017866
v -0.012502 0.006135 0.005722
v -0.012502 0.006135 0.005722
v -0.010248 1.292641 0.002937
v -0.011586 1.286118 -0.000346
v -0.012346 2.211410 -0.218366
v -0.012333 3.004627 0.204557
v -0.004494 1.287574 0.005055
v -0.013080 0.279322 0.000363
v -0.010765 0.273663 0.020158
v -0.010715 0.273733 0.019951
v -0.007079 3.007608 -0.054786
v -0.009221 3.006944 -0.053915
v -0.001581 2.920879 -0.047715
v -0.005193 2.909318 -0.046119
v 0.004415 2.930135 -0.051586
v -0.007211 2.930001 -0.052291
v -0.011150 2.386728 0.268431
v -0.012358 2.388130 0.269322
v -0.006125 2.386613 0.264687
v -0.006127 2.034639 -0.017291
v -0.012135 2.041142 -0.017691
v -0.011717 3.161928 0.069739
v -0.011642 -0.074459 -0.015304
v -0.011638 3.104349 -0.030452
v -0.009449 0.112848 0.023511
v -0.011635 2.945501 -0.089200
v -0.011577 -0.035938 -0.020958
v -0.011577 -0.035938 -0.020958
v -0.011563 2.794285 0.073022
v -0.008660 -0.106990 -0.047912
v -0.007786 0.443996 0.016615
v -0.003997 0.443808 0.020227
v -0.003921 0.348609 -0.031356
v -0.011340 1.605843 0.143502
v -0.011336 2.030413 -0.018515
v -0.011336 2.030413 -0.018515
v -0.011328 2.853980 -0.020396
v -0.007155 0.097561 0.013514
v -0.011172 2.912268 0.102681
v -0.011117 2.927257 0.165434
v -0.011093 2.362833 0.251574
v -0.008829 2.355345 0.245565
v -0.007154 -0.031753 -0.008690
v -0.011081 1.761371 0.026623
v -0.011265 1.761346 0.026039
v -0.011076 1.758185 -0.064715
v -0.011287 1.758165 -0.065318
v -0.011052 1.208215 0.158992
v -0.010367 2.374697 0.253822
v -0.010834 1.296898 0.183188
v -0.010623 2.374320 0.303359
v -0.001453 0.823929 -0.098983
v -0.010590 0.273727 0.019385
v -0.010590 0.273727 0.019385
v -0.007785 1.263175 0.102582
v -0.009861 1.260563 0.100506
v -0.009322 0.255246 -0.011897
v -0.010351 0.360829 -0.033083
v -0.010407 0.360838 -0.032681
v -0.005308 0.255579 0.002650
v -0.007479 0.018388 0.063662
v -0.006392 0.369395 -0.025672
v -0.005904 0.427830 -0.032627
v -0.010164 3.242272 0.095924
v -0.008479 -0.087769 0.034314
v -0.010146 -0.088098 0.032880
v -0.010146 -0.088098 0.032880
v -0.010146 -0.088098 0.032880
v -0.010140 2.954121 -0.091159
v 0.043372 2.943135 -0.042936
v -0.009908 1.664340 0.029091
v -0.009908 1.664340 0.029091
v -0.009180 0.500914 -0.029934
v -0.008634 1.265465 0.088781
v -0.009193 1.263180 0.087530
v -0.009400 2.035942 -0.027562
v -0.003831 0.502210 -0.044021
v -0.009859 1.661969 -0.062272
v -0.009859 1.661969 -0.062272
v -0.009366 1.265126 0.083854
v -0.009439 1.264129 0.081107
v -0.006970 -0.004200 0.029182
v -0.006033 0.000024 -0.013271
v -0.002844 3.186947 -0.243237
v 0.031281 2.864071 -0.116531
v -0.006516 0.017690 0.007792
v 0.050082 2.956825 0.085036
v -0.009272 3.200446 0.094083
v -0.009205 -0.022777 0.008607
v -0.009205 -0.022777 0.008607
v -0.009205 -0.022777 0.008607
v -0.009205 -0.022777 0.008607
v -0.009151 0.369100 0.025083
v -0.009041 0.369095 0.025227
v -0.006973 0.368212 0.026890
v -0.007468 0.368480 0.023672
v -0.009086 2.979112 0.148063
v -0.000498 1.637366 0.089450
v -0.006186 1.632482 0.084709
v -0.011711 1.280314 0.048723
v -0.012154 1.279814 0.048157
v -0.009053 1.274906 0.045604
v -0.009022 0.292265 0.018769
v -0.009022 0.292265 0.018769
v -0.009022 0.292265 0.018769
v -0.008894 0.292268 0.018950
v 0.003642 2.989960 -0.046229
v 0.005347 2.991051 -0.047927
v -0.008870 -0.017172 0.026258
v -0.008915 2.384197 0.367089
v -0.005024 -0.085450 0.014551
v -0.005446 0.170746 0.007244
v -0.008775 -0.015817 0.018615
v -0.008559 -0.015870 0.018924
v -0.008775 -0.015817 0.018615
v -0.011199 3.102791 0.079280
v -0.008639 -0.013874 -0.008209
v -0.008712 3.074252 0.286486
v -0.009359 0.041235 0.037813
v -0.003123 2.839829 -0.029612
v -0.005632 0.266544 0.023210
v -0.001130 0.164079 -0.003275
v 0.016117 1.258830 0.038446
v -0.006831 0.166437 0.011991
v -0.008002 2.035060 -0.027342
v -0.008276 2.948942 0.042878
v -0.008273 0.063193 0.034084
v -0.006915 0.052066 0.032071
v -0.007651 2.514206 0.319930
v -0.005703 0.048314 0.013344
v -0.005473 0.047651 0.010473
v -0.008465 0.049796 0.010986
v -0.008172 0.049682 0.011754
v -0.007764 2.063262 -0.064945
v -0.008119 2.034384 -0.071362
v -0.007752 2.065609 0.007502
v -0.008057 2.037186 0.015417
v -0.007737 0.348279 0.022658
v -0.007893 0.348319 0.022584
v -0.008026 0.348290 0.023227
v -0.007744 0.348277 0.023449
v -0.008018 3.024149 -0.063882
v 0.029661 3.032845 -0.076233
v 0.007289 0.060873 0.002937
v -0.006669 0.047949 -0.007801
v -0.007969 2.927963 -0.020504
v -0.007941 0.040951 0.036609
v 0.000015 0.035442 -0.001486
v -0.008988 0.034172 -0.009894
v -0.007918 0.018404 0.063432
v -0.006483 2.035447 -0.028104
v -0.005065 0.829894 -0.100105
v -0.007862 2.908080 -0.158346
v -0.007808 2.035868 -0.026142
v -0.007786 2.202288 -0.240823
v 0.002313 2.360092 -0.029545
v 0.038104 2.368978 0.181422
v -0.005831 0.039014 0.016577
v -0.002949 0.162032 -0.016484
v -0.003060 0.161241 -0.023702
v -0.007654 0.165328 -0.020552
v -0.007654 0.165328 -0.020552
v -0.007447 0.165051 0.000251
v -0.007636 0.165041 0.000372
v -0.007636 0.165041 0.000372
v -0.007465 0.217924 0.010218
v -0.007623 0.217949 0.010414
v -0.007623 0.217949 0.010414
v -0.007578 2.079902 -0.029114
v -0.007578 2.079902 -0.029114
v -0.007578 2.079902 -0.029114
v -0.007578 2.079902 -0.029114
v -0.007938 2.037191 -0.027770
v -0.007220 2.023282 0.016048
v -0.006994 1.187282 0.151052
v -0.006535 1.272966 0.084361
v 0.001052 1.280919 0.056095
v -0.007356 0.025240 0.060361
v -0.007356 0.025240 0.060361
v -0.007280 2.391743 0.263967
v -0.007148 3.242083 -0.170294
v 0.005063 -0.027732 -0.019299
v -0.007066 2.829505 0.036257
v -0.006864 1.267958 0.086465
v -0.007002 3.235385 0.156368
v -0.007289 0.008068 0.016086
v -0.006992 0.007910 0.016943
v -0.005019 0.007667 0.018588
v -0.005319 0.007285 0.015716
v -0.006964 0.830204 -0.099872
v -0.006913 0.204448 -0.024435
v -0.006913 0.204448 -0.024435
v -0.003068 0.202149 -0.020665
v -0.003248 0.201465 -0.027711
v 0.054205 3.042298 0.088982
v -0.001543 -0.075087 0.039927
v -0.005414 0.311235 0.002246
v -0.006736 0.311537 0.001257
v -0.006736 0.311537 0.001257
v -0.006736 0.311537 0.001257
v -0.001368 2.693387 -0.045056
v -0.006674 3.180395 -0.236054
v -0.006666 2.521878 -0.232640
v -0.002528 -0.010798 -0.040410
v -0.006593 2.884202 0.281932
v 0.002191 0.018853 -0.001614
v 0.006815 0.018751 0.004448
v -0.005873 0.084823 0.009772
v -0.006518 0.020469 0.031856
v 0.010483 2.824652 -0.086912
v -0.006374 2.737940 -0.078476
v -0.004197 0.404849 0.027506
v -0.004704 0.405129 0.024237
v -0.006371 0.407139 0.025445
v -0.006566 0.407015 0.025858
v 0.001508 0.098261 0.004047
v -0.005811 0.084815 0.009370
v -0.006312 2.771379 0.023993
v -0.006274 0.154873 0.001923
v -0.003823 0.081087 -0.012204
v -0.006268 0.061353 -0.008444
v -0.004636 0.187214 0.021284
v -0.006159 1.632988 0.085935
v -0.003473 1.633193 0.086998
v -0.006000 3.025773 -0.056364
v -0.006075 2.422638 0.305406
v -0.006028 2.980773 0.045361
v -0.006010 0.043480 0.012708
v -0.006010 0.043480 0.012708
v -0.006010 0.043480 0.012708
v -0.006010 0.043480 0.012708
v -0.005855 2.769417 -0.296218
v -0.005991 -0.053331 -0.007517
v -0.005991 -0.053331 -0.007517
v -0.005979 1.291222 0.003106
v -0.005943 1.662303 0.024071
v -0.007547 1.669093 0.013789
v -0.004059 2.907898 -0.047795
v 0.000943 3.080143 -0.068002
v 0.002686 3.012610 -0.049264
v 0.000247 3.011705 -0.050646
v -0.005748 2.418635 0.306922
v -0.005388 0.290913 0.004234
v -0.004478 0.291311 0.005100
v -0.005793 0.290992 0.004167
v -0.005793 0.290992 0.004167
v -0.003887 1.238185 0.122577
v -0.005706 0.236920 0.010804
v -0.005703 0.236996 0.011154
v -0.005703 0.236996 0.011154
v -0.005703 0.236996 0.011154
v -0.005680 0.520347 0.025983
v -0.005565 0.520346 0.026096
v -0.000198 2.988550 -0.046146
v -0.005556 0.186479 0.002148
v -0.005657 0.186686 0.002345
v -0.005657 0.186686 0.002345
v -0.005657 0.186686 0.002345
v -0.001786 0.113797 -0.028766
v -0.005528 2.908037 0.018963
v -0.005478 2.903322 -0.119633
v -0.005469 2.116685 -0.074550
v -0.005392 2.116657 -0.075161
v -0.005427 2.906723 -0.149867
v -0.005416 -0.088501 0.016221
v -0.005375 2.120566 0.012187
v -0.005154 2.120568 0.012318
v -0.001800 -0.036307 -0.001982
v -0.000285 1.267690 0.084558
v 0.002761 2.781304 -0.185846
v 0.003624 2.780751 -0.186379
v -0.005156 0.022550 0.002033
v -0.005156 0.022550 0.002033
v -0.000497 0.020643 0.006513
v 0.000994 0.017257 -0.001219
v -0.003844 1.283656 -0.008871
v -0.005051 1.283893 -0.008925
v -0.001219 2.368974 0.009807
v 0.004926 2.362701 -0.029705
v -0.001864 1.672882 -0.001062
v -0.002859 1.382913 0.038352
v -0.002845 1.381610 -0.057876
v -0.001538 2.354423 -0.041083
v -0.004579 0.145111 -0.018299
v -0.004579 0.145111 -0.018299
v -0.004579 0.145111 -0.018299
v -0.003584 0.144939 -0.017487
v -0.003343 1.283768 -0.007046
v -0.001798 2.356530 -0.041076
v -0.003726 1.614272 0.085888
v -0.001985 1.613198 0.085719
v -0.004235 1.614210 0.084666
v -0.004491 0.032353 -0.021010
v -0.002777 0.032554 -0.021942
v -0.002044 1.285174 -0.009050
v -0.004917 2.939870 -0.106947
v -0.004358 1.318877 0.145549
v -0.001842 2.356556 -0.041250
v -0.004288 0.500926 0.024298
v -0.003930 0.500897 0.023910
v -0.004288 0.500926 0.024298
v -0.004023 0.500969 0.023993
v -0.001478 2.354449 -0.041554
v 0.001047 3.104444 -0.107377
v -0.004179 2.214602 -0.299188
v -0.004135 0.427211 0.023199
v -0.004135 0.427211 0.023199
v -0.003904 0.427205 0.023408
v -0.004066 0.427288 0.023356
v -0.000528 0.364985 0.000158
v -0.004122 0.346512 -0.000301
v 0.002730 0.188311 -0.004532
v -0.002938 0.503814 -0.035029
v -0.002700 0.503844 -0.035181
v -0.002047 2.356890 -0.041424
v -0.001267 0.132354 0.008902
v -0.003712 2.548255 -0.046890
v -0.003893 2.792683 -0.042749
v -0.003860 2.243866 -0.264901
v -0.003762 1.669492 -0.000997
v -0.003730 3.225423 0.118258
v 0.017844 2.909969 -0.005246
v -0.000342 2.549307 -0.045607
v -0.003664 0.448251 -0.033809
v -0.003664 0.448251 -0.033809
v -0.003945 0.448500 -0.033033
v -0.003998 0.448001 -0.033190
v -0.000454 2.549914 -0.045597
v -0.000410 2.549007 -0.045573
v -0.003623 0.052923 -0.018554
v -0.003623 0.052923 -0.018554
v -0.001877 2.550063 -0.045546
v -0.000916 2.548601 -0.045348
v 0.059359 3.264729 0.225500
v -0.008840 3.115821 0.082225
v -0.003178 2.312771 0.222523
v -0.003465 1.382898 0.037855
v -0.003455 1.381599 -0.058340
v -0.000478 2.696569 -0.046550
v -0.003412 0.272163 0.008264
v -0.000222 2.696948 -0.046820
v -0.003354 2.838373 -0.000013
v -0.003215 1.284171 0.039007
v -0.003215 1.284171 0.039007
v -0.003211 1.283595 -0.057196
v -0.003211 1.283595 -0.057196
v -0.002897 1.276318 0.053014
v -0.001323 1.276597 0.052821
v -0.003203 1.275921 0.051640
v -0.001503 2.990087 -0.046044
v 0.002726 2.839188 -0.062339
v -0.002186 0.827175 -0.084181
v -0.002954 0.832544 -0.084244
v 0.001222 0.070132 0.000082
v 0.008254 -0.009818 -0.008762
v 0.002208 -0.011277 -0.002563
v 0.000134 -0.037091 -0.006322
v -0.002817 2.353956 -0.080722
v -0.002817 2.353956 -0.080722
v -0.002796 2.356776 -0.002354
v -0.002796 2.356776 -0.002354
v 0.004893 2.998513 0.169442
v 0.001023 0.076007 0.018260
v -0.002715 0.313558 -0.030097
v -0.002715 0.313558 -0.030097
v -0.002745 0.313709 -0.029503
v -0.002986 0.313330 -0.029496
v -0.002714 0.069602 -0.014471
v -0.001714 -0.112079 0.044016
v -0.001559 -0.111407 0.044138
v -0.002709 -0.112610 0.043208
v -0.002709 -0.112610 0.043208
v 0.008391 0.066715 0.008089
v 0.002850 0.066159 0.012843
v -0.002028 0.503845 0.016206
v -0.001826 0.503969 0.016105
v 0.000325 0.109617 -0.025137
v -0.003273 2.034898 -0.018291
v -0.002588 0.446228 0.021774
v -0.002588 0.446228 0.021774
v -0.002225 0.446273 0.021852
v -0.002406 0.446186 0.021814
v -0.001998 0.368761 -0.039179
v -0.002574 0.368576 -0.039258
v -0.000843 0.367896 -0.037861
v -0.000379 0.367424 -0.041032
v -0.002558 2.392983 -0.081972
v -0.002527 2.392983 -0.081895
v -0.002545 2.395277 -0.003587
v -0.002493 2.395261 -0.003867
v -0.002286 1.254428 0.105636
v -0.002448 0.520698 -0.038394
v -0.002330 0.520714 -0.038274
v -0.002447 2.899362 -0.112774
v 0.001403 0.074838 0.002059
v 0.000129 0.366084 -0.032649
v 0.000622 0.366143 -0.033004
v -0.002270 1.310301 0.203916
v 0.000097 0.066420 0.047816
v -0.002215 1.263439 0.087596
v -0.002185 0.503846 -0.035127
v -0.002185 0.503846 -0.035127
v -0.001817 2.549187 -0.077322
v -0.002132 1.250219 0.228526
v -0.000620 0.075431 -0.015310
v -0.002025 2.473054 0.317400
v -0.002007 0.006246 0.008530
v -0.001123 0.006347 0.008511
v -0.002007 0.006246 0.008530
v -0.001245 0.005904 0.007560
v -0.001959 2.549181 -0.076829
v -0.001957 2.549986 -0.014512
v -0.001957 2.549986 -0.014512
v -0.000421 2.377629 0.284018
v -0.000170 2.377579 0.284220
v -0.001698 2.549808 -0.043734
v -0.001887 2.578686 -0.077179
v -0.001876 2.578678 -0.076956
v -0.001885 2.579376 -0.014860
v -0.001891 2.579357 -0.015188
v 0.000660 0.448245 0.019789
v 0.000205 0.448669 0.016553
v -0.001829 0.450792 0.017963
v -0.001698 0.450813 0.018041
v 0.003792 0.049422 -0.010968
v -0.001041 0.049683 -0.016262
v -0.000474 2.991509 -0.047886
v -0.001783 0.305615 0.018215
v -0.001783 0.305615 0.018215
v -0.001075 0.305513 0.018057
v -0.001712 0.305592 0.018420
v 0.015594 2.841529 -0.083432
v 0.038802 3.004781 -0.017993
v 0.000117 0.403891 -0.037649
v 0.000535 0.403328 -0.040891
v -0.001492 0.405820 -0.039013
v -0.001736 0.405785 -0.038820
v -0.001724 2.952856 0.058315
v -0.001716 2.333772 0.315831
v -0.001701 0.342391 0.017617
v 0.001024 0.361813 0.015469
v -0.001697 2.696179 -0.068751
v -0.001697 2.696439 -0.025126
v -0.001555 0.500961 -0.036433
v -0.001539 0.500997 -0.035726
v -0.001674 0.500967 -0.036313
v -0.001476 0.500956 -0.035867
v -0.001643 2.735301 -0.065431
v -0.001662 2.721147 -0.068716
v -0.001662 2.735492 -0.028879
v -0.001673 2.721373 -0.025474
v -0.001659 2.962187 0.028023
v 0.000490 2.351721 0.219626
v -0.001644 2.743080 -0.047198
v -0.001644 2.743080 -0.047198
v -0.001644 2.743080 -0.047198
v -0.001644 2.743080 -0.047198
v -0.000090 1.678765 0.052886
v -0.000887 0.269964 -0.004883
v -0.001616 0.270194 -0.005352
v -0.001018 0.270350 -0.005288
v -0.001616 0.270194 -0.005352
v -0.001589 2.820310 -0.062733
v -0.001446 2.837155 -0.048096
v -0.001597 2.837027 -0.047200
v 0.013540 2.838301 -0.047669
v -0.001588 2.838264 -0.062714
v -0.001567 2.838351 -0.032334
v 0.002721 3.063723 -0.045946
v 0.006365 2.990614 -0.047064
v -0.001240 2.990538 -0.047826
v 0.001121 3.059143 -0.046491
v -0.001326 0.846483 -0.005431
v 0.008785 2.930140 -0.047823
v 0.008603 2.929966 -0.047685
v -0.001259 0.247929 -0.002740
v -0.000063 0.248262 -0.001558
v -0.001501 0.248012 -0.002732
v -0.001501 0.248012 -0.002732
v -0.001239 0.348277 -0.037270
v -0.001419 0.348325 -0.036234
v -0.001491 0.348340 -0.037279
v -0.001168 0.348327 -0.036725
v 0.000442 0.083408 0.022289
v -0.001476 0.045482 0.016577
v -0.000897 0.045402 0.017833
v 0.004848 0.843377 -0.026146
v 0.008233 1.674024 0.046426
v 0.006977 1.668716 0.048080
v -0.001416 0.503924 0.015841
v -0.001416 0.503924 0.015841
v -0.001414 2.786942 -0.041608
v 0.004077 2.909164 0.071749
v -0.001250 0.429863 -0.034006
v -0.000213 0.429694 -0.034430
v -0.001141 0.429988 -0.033650
v -0.000528 0.429828 -0.033767
v -0.000608 0.959677 0.042428
v -0.001245 2.306839 -0.300599
v -0.000609 0.958013 -0.058860
v -0.001220 0.846168 0.045338
v -0.001220 0.846168 0.045338
v -0.001217 0.100483 0.022879
v -0.001217 0.844057 -0.055908
v -0.001217 0.844057 -0.055908
v -0.000940 0.425655 -0.035790
v -0.000912 0.425607 -0.035988
v -0.001145 0.425585 -0.035767
v -0.001145 0.425585 -0.035767
v -0.001112 0.002133 -0.032022
v -0.000993 2.817566 -0.049731
v -0.000749 0.292019 -0.033265
v -0.000325 0.291765 -0.033150
v -0.000971 0.291942 -0.033193
v -0.000971 0.291942 -0.033193
v -0.000962 3.073790 0.111245
v -0.000943 0.516604 -0.050011
v -0.000202 0.516602 -0.049744
v -0.000942 0.517160 0.049362
v -0.000067 0.517157 0.050202
v 0.001066 3.113449 0.219800
v 0.004112 0.103021 -0.001605
v 0.009364 0.101593 0.002277
v -0.000597 0.270759 -0.034935
v -0.000846 0.270618 -0.035907
v -0.000849 0.270647 -0.034901
v -0.001200 0.270583 -0.035563
v -0.000790 2.550880 -0.045965
v 0.002308 0.835192 -0.025433
v -0.000434 0.835228 -0.026995
v -0.000691 0.959682 0.042732
v -0.000690 0.958016 -0.058522
v -0.000677 0.224384 -0.026308
v -0.000677 0.224384 -0.026308
v -0.000677 0.224384 -0.026308
v -0.000677 0.224384 -0.026308
v -0.000647 -0.017873 0.055597
v -0.000647 -0.017873 0.055597
v -0.000592 3.020745 0.043602
v -0.000490 0.080567 -0.009612
v 0.003394 0.077105 -0.006264
v 0.003235 0.076080 -0.012367
v 0.006390 0.075889 -0.010550
v -0.000466 0.226565 0.001057
v -0.000399 2.771300 0.075385
v 0.000283 0.444916 -0.033438
v -0.000345 0.444733 -0.033822
v 0.000170 0.444585 -0.033775
v -0.000345 0.444733 -0.033822
v -0.000287 0.293459 -0.029761
v -0.000287 0.293459 -0.029761
v -0.000151 0.293613 -0.029350
v 0.000325 0.293210 -0.028889
v 0.014962 0.065781 0.033502
v 0.000736 3.056247 -0.049340
v -0.000203 3.114135 0.217106
v -0.000197 2.398853 0.157661
v -0.000172 0.522507 -0.035868
v -0.000048 0.522499 -0.035746
v -0.000082 0.521995 0.014247
v 0.000030 0.521997 0.014356
v 0.000178 0.271273 -0.033345
v -0.000012 2.467561 0.256584
v 0.000000 0.402056 0.049687
v 0.000000 0.402056 0.049687
v -0.000241 0.021929 -0.087901
v 0.000000 -0.000000 -0.086862
v 0.000000 0.021927 -0.086862
v 0.000000 0.123099 -0.080874
v 0.000067 0.123067 -0.080493
v 0.000000 0.084737 -0.080874
v 0.000000 0.084737 -0.080874
v 0.000000 0.276793 -0.064552
v -0.000253 0.276832 -0.065699
v 0.000000 0.233189 -0.064552
v 0.000000 0.233189 -0.064552
v 0.000250 0.276832 0.065694
v 0.000000 0.276793 0.064553
v 0.000000 0.233189 0.064553
v 0.000000 0.233189 0.064553
v -0.000067 0.123067 0.080493
v 0.000000 0.123099 0.080874
v 0.000000 0.084737 0.080874
v 0.000000 0.084737 0.080874
v 0.000241 0.021929 0.087901
v 0.000000 0.000000 0.086862
v 0.000000 0.021927 0.086862
v 0.000000 0.401916 -0.049687
v 0.000000 0.401916 -0.049687
v 0.002957 0.431870 0.018649
v 0.000010 0.431561 0.016331
v 0.000209 0.431578 0.016546
v 0.000834 0.431730 0.015904
v 0.000583 2.967729 0.131020
v 0.000133 0.069781 0.002999
v 0.000179 0.083371 0.022002
v 0.000215 0.069878 0.029438
v 0.000215 0.069878 0.029438
v 0.000215 0.069878 0.029438
v 0.000215 0.069878 0.029438
v 0.000222 3.141168 -0.103721
v 0.000229 2.547373 -0.082659
v 0.000279 3.098812 0.040271
v 0.000368 0.185172 0.019429
v 0.003074 0.207068 0.016454
v 0.000454 2.951962 0.063856
v 0.000332 1.245690 0.120928
v 0.000517 2.364675 0.343817
v -0.000365 2.881483 0.024781
v 0.000700 0.075686 0.008325
v 0.001751 0.207509 -0.036775
v 0.000636 0.207783 -0.037547
v 0.000636 0.207783 -0.037547
v 0.000636 0.207783 -0.037547
v 0.000706 2.366677 0.006858
v 0.000752 0.284121 0.016660
v 0.000752 0.284121 0.016660
v 0.000992 0.284162 0.016963
v 0.001663 0.284327 0.016156
v 0.000901 0.077676 0.048207
v 0.000517 3.115800 0.146111
v 0.000802 0.128341 -0.015653
v 0.000835 3.080565 0.258126
v 0.003816 0.335708 -0.003971
v 0.000897 0.312883 -0.005746
v 0.000944 -0.037945 -0.005286
v 0.000956 2.664443 -0.063418
v 0.000971 1.633903 0.163621
v 0.001092 0.364510 0.001061
v 0.001003 0.364546 0.001237
v 0.001003 0.364546 0.001237
v 0.001039 0.097765 -0.010672
v 0.001039 0.097765 -0.010672
v 0.001039 0.097765 -0.010672
v 0.001039 0.097765 -0.010672
v 0.001168 0.448782 -0.004923
v 0.001423 0.448801 -0.004884
v 0.001126 0.448761 -0.004743
v 0.001126 0.448761 -0.004743
v 0.001181 0.242065 -0.027647
v 0.001181 0.242065 -0.027647
v 0.001181 0.242065 -0.027647
v 0.000668 0.242458 -0.026764
v 0.001218 0.097535 -0.021011
v 0.001218 0.097535 -0.021011
v 0.010024 -0.018729 0.011531
v 0.001297 2.999362 -0.018204
v 0.037918 2.954360 0.000360
v 0.002334 0.503662 -0.004498
v 0.002376 0.503489 -0.004350
v 0.003079 -0.015957 0.031796
v 0.001396 0.366197 -0.032805
v 0.001552 0.366122 -0.032467
v 0.006525 0.216889 0.008927
v 0.011558 0.216636 0.014090
v 0.008208 2.867464 -0.079737
v 0.001983 0.190802 -0.029168
v 0.005031 2.379862 0.296939
v 0.015361 0.099109 0.004956
v 0.008590 0.100582 0.012093
v 0.001672 0.086865 0.003766
v 0.013077 0.119055 0.014198
v 0.001806 3.012398 -0.050467
v 0.001806 3.012398 -0.050467
v 0.001644 3.058682 -0.047930
v 0.001893 0.089340 0.049668
v 0.001934 0.361630 0.014991
v 0.001934 0.361630 0.014991
v 0.002240 0.361665 0.015125
v 0.002069 2.417122 0.380403
v 0.012891 0.120113 0.003672
v 0.002210 3.098906 0.083943
v 0.002238 2.780309 -0.184577
v 0.002238 2.780309 -0.184577
v 0.007124 3.060138 -0.196225
v 0.002596 0.185425 -0.035042
v 0.001942 0.185313 -0.033907
v 0.002321 0.185486 -0.035018
v 0.002238 0.185552 -0.034281
v 0.003999 0.271529 0.005069
v 0.004238 0.272920 0.035348
v 0.008251 1.280059 0.071480
v 0.007517 0.198018 0.007022
v 0.003225 0.198505 0.001137
v 0.002721 0.381521 0.001758
v 0.002458 0.381536 0.002020
v 0.004449 0.381166 0.003717
v 0.003901 0.381145 0.000848
v 0.006911 3.062457 0.092607
v 0.004723 0.429106 -0.000898
v 0.004897 0.428387 -0.004144
v 0.003757 0.430628 -0.002051
v 0.002494 0.430413 -0.002701
v 0.002854 0.372288 -0.015005
v 0.002507 0.372222 -0.014884
v 0.004316 0.371348 -0.013453
v 0.004683 0.370924 -0.016636
v 0.004694 0.209512 -0.017215
v 0.002514 0.210047 -0.018990
v 0.002514 0.210047 -0.018990
v 0.002514 0.210047 -0.018990
v 0.002666 2.235373 0.214490
v 0.002703 0.382607 -0.033723
v 0.002703 0.382607 -0.033723
v 0.002577 0.382352 -0.033065
v 0.002441 0.382813 -0.033197
v 0.003363 0.194409 0.032048
v 0.005677 0.040380 0.012576
v 0.005846 0.052709 0.020118
v 0.041774 2.304597 0.139679
v 0.002916 0.520362 -0.012095
v 0.003037 0.520381 -0.011972
v 0.003055 0.503566 -0.004005
v 0.002940 0.503570 -0.003890
v 0.010803 2.573032 -0.026250
v 0.008189 2.577642 -0.023757
v 0.003029 0.379783 0.013460
v 0.003160 0.379770 0.013551
v 0.004465 0.379348 0.014618
v 0.004813 0.379052 0.012013
v 0.006384 1.277784 0.065434
v 0.003172 0.395422 0.026672
v 0.003143 -0.070688 0.012421
v 0.003143 0.143329 0.020899
v 0.003143 0.143329 0.020899
v 0.003143 0.143329 0.020899
v 0.002820 0.143063 0.021619
v 0.008932 3.095401 -0.095256
v 0.005868 2.274408 -0.062763
v 0.005056 0.408298 -0.012709
v 0.005402 0.407777 -0.015977
v 0.003384 0.410359 -0.014185
v 0.003236 0.410367 -0.013893
v 0.003426 1.247185 0.120338
v 0.003333 0.413506 0.013836
v 0.003349 1.590011 0.108850
v 0.003200 0.376819 -0.043563
v 0.003384 0.377032 -0.042908
v 0.005029 0.376455 -0.041554
v 0.005085 0.376350 -0.044320
v 0.003556 0.358358 0.024800
v 0.003494 0.358336 0.025256
v 0.002534 0.125953 0.007011
v 0.003298 0.227592 -0.046612
v 0.003374 0.227270 -0.046819
v 0.003522 0.227462 -0.046131
v 0.003522 0.227462 -0.046131
v 0.003532 2.984810 0.112328
v 0.003554 0.275331 -0.029479
v 0.007676 2.848761 -0.067606
v 0.003597 -0.083316 0.043493
v 0.012250 0.369649 0.020812
v 0.003738 2.825379 -0.083103
v 0.007797 2.378314 0.303139
v 0.003817 -0.031533 -0.002840
v 0.003817 -0.031533 -0.002840
v 0.003823 0.138023 0.026949
v 0.005439 0.286579 -0.043792
v 0.005493 0.286461 -0.043808
v 0.009566 0.140105 -0.000687
v 0.015253 0.139370 0.004464
v 0.004945 0.273701 -0.014834
v 0.004629 0.273648 -0.014511
v 0.004241 0.351348 -0.013562
v 0.004495 0.351437 -0.012488
v 0.004070 0.351363 -0.013496
v 0.004717 0.351263 -0.012941
v 0.004249 0.501857 -0.010501
v 0.004396 0.501904 -0.009837
v 0.004127 0.501856 -0.010378
v 0.004428 0.501829 -0.009975
v 0.004156 0.207052 0.016360
v 0.004156 0.207052 0.016360
v 0.004578 0.207109 0.016521
v 0.004205 -0.033298 0.060138
v 0.004068 -0.033477 0.059843
v 0.008898 -0.018481 0.009702
v 0.004645 0.187115 -0.017383
v 0.004348 0.186958 -0.015943
v 0.004417 0.187134 -0.017287
v 0.004891 0.187095 -0.016718
v 0.004109 1.668794 0.050451
v 0.004422 1.666939 0.048959
v 0.003432 2.377682 0.249180
v 0.010897 0.405485 0.022106
v 0.011017 1.629634 0.109520
v 0.004532 0.135425 -0.002281
v 0.018266 0.142007 0.022506
v 0.005203 0.145599 0.035809
v 0.004577 3.083516 0.031117
v 0.004617 0.522212 -0.002485
v 0.004617 0.522212 -0.002485
v 0.004622 0.155225 -0.008447
v 0.004622 0.155225 -0.008447
v 0.004636 2.554374 0.265545
v 0.004835 0.430563 -0.010794
v 0.004888 0.430621 -0.010969
v 0.004664 0.430540 -0.010733
v 0.004664 0.430540 -0.010733
v 0.009000 0.350582 0.014701
v 0.005487 0.351042 0.009199
v 0.009980 0.271035 0.009024
v 0.004979 0.335413 -0.002811
v 0.004808 0.335386 -0.002767
v 0.005355 0.335265 -0.002529
v 0.004816 0.264160 0.014181
v 0.018878 0.158803 0.018425
v 0.012242 0.160311 0.025379
v 0.011525 0.348764 0.029292
v 0.004955 0.272824 0.034919
v 0.005198 0.273720 -0.013909
v 0.004979 0.273671 -0.013856
v 0.007585 0.161628 0.015511
v 0.005895 0.067233 -0.060086
v 0.005850 0.067720 -0.060361
v 0.005041 0.067489 -0.060608
v 0.005041 0.067489 -0.060608
v 0.005077 0.413333 0.000359
v 0.005134 3.066963 0.136836
v 0.005055 2.202286 -0.245366
v 0.008354 0.165403 -0.017078
v 0.005183 0.227099 0.014438
v 0.005183 0.227099 0.014438
v 0.005077 0.226887 0.015155
v 0.005223 0.227147 0.014691
v 0.005223 0.520028 -0.042312
v 0.005223 0.520028 -0.042312
v 0.007375 0.432556 -0.042031
v 0.007465 0.432476 -0.042069
v 0.007091 0.131604 -0.051878
v 0.006870 0.131319 -0.051581
v 0.017689 -0.080337 0.038932
v 0.012284 -0.079254 0.043510
v 0.011631 1.246784 0.092720
v 0.005742 0.294612 -0.011566
v 0.006070 0.294526 -0.011518
v 0.005621 0.294608 -0.011411
v 0.005621 0.294608 -0.011411
v 0.005646 3.097537 0.117054
v 0.005859 0.441740 -0.008377
v 0.006068 0.441911 -0.008375
v 0.005629 0.441797 -0.008405
v 0.008863 0.441350 -0.010907
v 0.006016 1.276933 0.069109
v 0.006614 1.276544 0.067888
v 0.008500 -0.016834 0.009039
v 0.013445 0.522049 0.022158
v 0.005733 0.357161 -0.042828
v 0.006411 0.357120 -0.042262
v 0.005770 0.357057 -0.042576
v 0.006278 0.357026 -0.042254
v 0.010780 2.709417 -0.060917
v 0.006572 2.912531 -0.046263
v 0.006666 2.912728 -0.048992
v 0.005882 3.089377 -0.084196
v 0.006265 0.124736 -0.016007
v 0.005922 0.124607 -0.015951
v 0.005922 0.124607 -0.015951
v 0.005922 0.124607 -0.015951
v 0.006996 1.597371 0.106842
v 0.007557 1.596429 0.106016
v 0.006536 0.449805 -0.008333
v 0.006348 0.449598 -0.008749
v 0.005981 0.449671 -0.008650
v 0.005981 0.449671 -0.008650
v 0.011055 2.922725 -0.041811
v 0.006974 0.501467 -0.007265
v 0.006954 0.501336 -0.007081
v 0.006111 1.264307 0.092567
v 0.006111 1.264307 0.092567
v 0.005708 2.393069 0.186722
v 0.006170 0.286415 -0.043732
v 0.006145 0.286500 -0.043492
v 0.004137 1.280347 0.071106
v 0.006177 3.118659 -0.046170
v 0.006216 0.206272 -0.046104
v 0.007070 0.206276 -0.045040
v 0.006259 0.206153 -0.045811
v 0.006990 0.206005 -0.045189
v 0.010771 0.008805 0.025738
v 0.007216 -0.002817 0.018525
v 0.007287 -0.002811 0.018050
v 0.005476 2.992783 0.166517
v 0.006512 2.993757 0.165347
v 0.006939 1.627493 0.106631
v 0.008333 1.626998 0.106282
v 0.007267 3.077044 0.019261
v 0.006512 0.291493 0.034321
v 0.011483 0.291297 0.008727
v 0.016896 0.291124 0.013560
v 0.006722 0.419348 -0.005894
v 0.007673 0.419686 -0.004672
v 0.010926 0.419236 -0.009666
v 0.006537 0.419396 -0.005881
v 0.007039 0.105070 -0.019392
v 0.006993 0.104808 -0.020466
v 0.006553 0.104852 -0.019506
v 0.006340 0.104892 -0.020093
v 0.006562 3.266945 0.103782
v 0.006923 0.357169 -0.001144
v 0.006564 0.357258 -0.001077
v 0.008481 0.356315 0.000508
v 0.007989 0.356522 -0.002207
v 0.006868 1.205768 0.213169
v 0.006629 3.121974 0.106531
v 0.006733 2.953249 -0.161022
v 0.006734 2.970543 0.073491
v 0.006756 2.363242 0.245529
v 0.006833 2.245132 -0.145826
v 0.016503 2.378920 0.092460
v 0.013747 2.384936 0.105243
v 0.006898 0.122342 -0.030307
v 0.006898 0.122342 -0.030307
v 0.006898 0.122342 -0.030307
v 0.007501 0.122701 -0.030559
v 0.010693 0.424978 0.015730
v 0.014341 0.424996 0.019551
v 0.006985 1.667455 0.048959
v 0.002628 1.670658 0.051840
v 0.007084 2.223860 -0.267901
v 0.007095 1.569110 0.168508
v 0.010154 0.216975 -0.008891
v 0.007655 0.502782 0.012296
v 0.009621 0.214718 0.027832
v 0.007105 0.043266 -0.060378
v 0.007158 0.043166 -0.060040
v 0.007158 0.043166 -0.060040
v 0.007158 0.043166 -0.060040
v 0.011214 0.502150 0.022577
v 0.012757 0.501599 0.030320
v 0.007285 0.501636 -0.041961
v 0.007788 0.501673 -0.041789
v 0.007285 0.501636 -0.041961
v 0.007693 0.501625 -0.041781
v 0.007516 0.501388 -0.006699
v 0.007411 0.501391 -0.006594
v 0.013031 -0.007362 0.038463
v 0.007530 -0.131446 0.056180
v 0.007594 3.129081 0.181881
v 0.018184 0.161599 0.005523
v 0.008832 2.930139 -0.047718
v 0.007793 -0.014257 0.025658
v 0.007846 0.121813 0.020107
v 0.007846 0.121813 0.020107
v 0.007846 0.121813 0.020107
v 0.008805 0.121874 0.020325
v 0.007561 0.304689 -0.043188
v 0.007707 0.305192 -0.043292
v 0.007881 0.304946 -0.042565
v 0.007881 0.304946 -0.042565
v 0.008003 0.131331 -0.051409
v 0.007889 0.131382 -0.051226
v 0.007890 -0.090287 0.016682
v 0.007942 2.345619 -0.254210
v 0.011479 1.596553 0.108985
v 0.008032 0.432425 -0.041988
v 0.012130 0.431874 -0.045419
v 0.008013 3.105181 -0.296217
v 0.007115 1.540232 0.172771
v 0.013902 1.673695 0.049473
v 0.010193 1.676491 0.058016
v 0.016492 0.501693 -0.040533
v 0.009590 0.503124 -0.022344
v 0.008389 0.397749 -0.002191
v 0.012444 0.449388 -0.041447
v 0.016496 0.449636 -0.038034
v 0.008506 2.404926 0.333818
v 0.015570 0.502323 0.011261
v 0.009252 0.504191 0.027601
v 0.008562 2.827886 -0.113491
v 0.008587 3.205376 0.036744
v 0.010445 2.335433 0.179515
v 0.012433 0.445497 0.014250
v 0.016111 0.445414 0.018023
v 0.015711 0.451787 0.014462
v 0.008732 2.919368 -0.176914
v 0.008827 0.440008 0.018144
v 0.008745 0.521858 -0.004707
v 0.008849 0.521842 -0.004603
v 0.008809 0.394428 -0.040565
v 0.008881 2.909310 -0.047682
v 0.008881 2.909310 -0.047682
v 0.012341 1.214873 0.165938
v 0.009675 1.215253 0.163003
v 0.008900 3.088453 0.039572
v 0.008996 2.947170 0.143338
v 0.016723 1.677959 0.054920
v 0.010213 1.681649 0.060099
v 0.009056 0.100595 -0.032033
v 0.009056 0.100595 -0.032033
v 0.009056 0.100595 -0.032033
v 0.009575 0.100770 -0.032781
v 0.013401 -0.025273 -0.024636
v 0.009152 0.022065 -0.058950
v 0.009152 0.022065 -0.058950
v 0.010380 2.824574 -0.045363
v 0.010514 2.824834 -0.049422
v 0.009266 0.045557 -0.028373
v 0.009266 0.045557 -0.028373
v 0.011904 0.044837 -0.026325
v 0.013405 0.044251 -0.031839
v 0.012676 0.404777 -0.031407
v 0.009409 1.666034 0.054434
v 0.009930 1.666747 0.054585
v 0.009541 1.665679 0.054231
v 0.025584 3.143054 0.085878
v 0.009530 2.351629 0.322797
v 0.009642 3.213939 0.253125
v 0.013112 0.051246 0.012102
v 0.017694 0.521065 -0.042401
v 0.013976 0.369507 -0.031029
v 0.009959 0.358146 -0.039303
v 0.009467 0.151179 -0.048508
v 0.009574 0.151562 -0.048661
v 0.009731 0.151303 -0.047925
v 0.009731 0.151303 -0.047925
v 0.009768 0.357904 -0.039860
v 0.014523 2.602781 0.000134
v 0.013647 0.502708 0.014169
v 0.010222 2.907903 0.015269
v 0.009831 2.993414 0.070951
v 0.009876 2.453086 0.065038
v 0.009903 0.183280 -0.022506
v 0.009903 0.183280 -0.022506
v 0.009903 0.183280 -0.022506
v 0.009903 0.183280 -0.022506
v 0.017883 0.184457 0.007637
v 0.015253 0.184867 0.012836
v 0.009990 0.186025 -0.013304
v 0.021909 0.213881 0.016350
v 0.009760 0.450057 -0.041923
v 0.009839 0.450401 -0.042057
v 0.013775 0.449830 -0.044590
v 0.012337 0.450428 -0.043109
v 0.013668 1.281768 0.073822
v 0.010209 0.001293 -0.023324
v 0.010305 0.023474 -0.025432
v 0.014531 0.502032 -0.036993
v 0.022292 -0.099524 0.049243
v 0.011181 -0.098047 0.058963
v 0.011129 0.434130 0.005374
v 0.018439 0.502103 -0.032304
v 0.015963 0.502341 -0.029030
v 0.018092 0.424139 -0.031945
v 0.014110 0.423910 -0.028072
v 0.010505 0.500222 -0.047938
v 0.010584 2.383754 0.266062
v 0.019274 2.738278 -0.005875
v 0.015561 0.433001 0.021213
v 0.014632 0.432646 -0.042018
v 0.011531 0.432184 -0.046278
v 0.022535 0.312130 0.007329
v 0.016630 0.312867 0.012854
v 0.010232 2.573121 -0.025468
v 0.010554 2.573932 -0.026539
v 0.018944 0.350264 -0.033235
v 0.010688 0.350975 -0.023914
v 0.011001 2.945417 0.038231
v 0.016755 0.432806 -0.027623
v 0.010716 0.309958 -0.016102
v 0.010733 0.026542 0.023816
v 0.010733 0.026542 0.023816
v 0.010952 0.188879 -0.040890
v 0.010736 0.023364 -0.026486
v 0.010736 0.023364 -0.026486
v 0.010736 0.023364 -0.026486
v 0.022924 2.931939 -0.038783
v 0.018323 0.348918 -0.041582
v 0.011243 0.192535 -0.005498
v 0.018500 0.520296 0.010531
v 0.011038 2.851365 -0.070769
v 0.011135 3.043253 0.216014
v 0.018664 0.359584 0.010796
v 0.012608 3.112894 0.230081
v 0.019082 0.444228 -0.030023
v 0.015201 0.444097 -0.026052
v 0.012312 0.362247 0.027412
v 0.013619 2.838301 -0.047529
v 0.013608 2.838299 -0.047530
v 0.013841 1.625044 0.115461
v 0.019924 0.363580 -0.038365
v 0.020173 0.270051 -0.001106
v 0.015833 0.270481 0.003303
v 0.011409 1.314508 0.151314
v 0.023147 0.293843 0.009840
v 0.012102 0.295248 0.021523
v 0.013093 0.365774 -0.019615
v 0.013147 1.277255 0.069827
v 0.012828 1.280458 0.066906
v 0.020092 0.248963 0.001519
v 0.017609 0.249492 0.004916
v 0.011587 0.246576 -0.014026
v 0.009865 2.380371 0.097231
v 0.012004 2.376256 0.095411
v 0.016139 0.314448 -0.039832
v 0.021096 0.314982 -0.035081
v 0.011631 2.962752 -0.117177
v 0.011691 2.895326 0.137298
v 0.011713 2.376329 0.095656
v 0.013739 0.362257 0.014583
v 0.012098 0.289287 -0.011916
v 0.011826 -0.018362 -0.069848
v 0.011826 -0.018362 -0.069848
v 0.011826 -0.018362 -0.069848
v 0.014167 -0.016686 -0.071348
v 0.014214 0.364097 -0.013306
v 0.012028 3.081259 0.088215
v 0.016911 0.307112 0.008838
v 0.021285 0.307373 0.013596
v 0.011899 2.583168 -0.218406
v 0.012133 0.235471 -0.006739
v 0.012262 3.023049 0.020833
v 0.020449 0.520117 -0.040016
v 0.023200 0.235060 0.016980
v 0.018190 0.235680 0.023137
v 0.019538 0.449558 -0.001136
v 0.016004 0.449675 0.002689
v 0.012281 1.585313 0.116535
v 0.012381 2.977444 -0.073206
v 0.012413 3.124199 0.093305
v 0.012651 1.263176 0.133757
v 0.014060 1.264045 0.119932
v 0.014054 -0.003685 0.008799
v 0.012707 0.078641 -0.034878
v 0.014151 0.501759 0.007389
v 0.013124 1.240539 0.094511
v 0.020614 0.502425 -0.009582
v 0.027058 0.201405 -0.030592
v 0.012994 1.263997 0.106588
v 0.016822 0.359639 0.007528
v 0.013053 -0.049201 0.002777
v 0.014256 -0.048301 0.003117
v 0.013076 -0.007024 0.038913
v 0.013081 3.234235 -0.132815
v 0.013782 1.278167 0.069592
v 0.013495 1.276943 0.074768
v 0.013142 1.274279 0.075256
v 0.013150 2.710290 -0.184424
v 0.021019 0.334319 -0.008855
v 0.013249 0.205043 -0.004473
v 0.013326 0.398658 -0.015682
v 0.013311 2.744585 -0.330539
v 0.013559 2.923958 -0.000119
v 0.018172 -0.038003 0.043203
v 0.019006 -0.042146 0.038550
v 0.014478 0.420325 -0.001410
v 0.018987 0.433041 0.003722
v 0.013735 0.154726 -0.000900
v 0.020289 0.169304 -0.006343
v 0.015130 -0.038835 -0.079737
v 0.013470 -0.038747 -0.081063
v 0.013470 -0.038747 -0.081063
v 0.012869 -0.038454 -0.082098
v 0.013308 3.098805 0.011565
v 0.013680 2.820348 -0.047464
v 0.013680 2.820348 -0.047464
v 0.013691 2.838301 -0.047518
v 0.022834 0.292151 -0.028249
v 0.018721 0.292021 -0.023375
v 0.014032 0.430135 -0.012613
v 0.021440 0.271558 -0.042198
v 0.015800 2.724778 -0.043797
v 0.015981 2.725016 -0.050197
v 0.013787 3.285746 0.190386
v 0.013798 0.269283 -0.021526
v 0.020820 0.296884 -0.022469
v 0.018018 0.363794 -0.041181
v 0.023546 0.270147 -0.030045
v 0.014067 0.150525 -0.037032
v 0.013882 0.164664 -0.041812
v 0.018565 0.296197 -0.039252
v 0.014719 0.295523 -0.043825
v 0.014164 1.587571 0.116734
v 0.014035 0.144564 -0.018109
v 0.014035 0.144564 -0.018109
v 0.014035 0.144564 -0.018109
v 0.014035 0.144564 -0.018109
v 0.036797 3.169113 0.070681
v 0.023151 0.361773 0.005682
v 0.014623 3.140602 0.088076
v 0.021746 0.379370 0.009694
v 0.014424 0.369991 0.012924
v 0.014613 0.370257 0.013431
v 0.014254 1.320310 0.109464
v 0.018945 0.287680 0.007459
v 0.015191 0.287636 0.002276
v 0.017913 0.408894 -0.006571
v 0.014449 0.368272 -0.043146
v 0.014399 0.368215 -0.042746
v 0.014372 -0.008427 -0.028604
v 0.014997 0.015260 -0.032662
v 0.011988 3.031372 0.058784
v 0.018449 0.373010 -0.006908
v 0.014551 0.361914 -0.015092
v 0.018076 0.377834 -0.035701
v 0.022203 0.501590 -0.000027
v 0.014367 0.361697 -0.015635
v 0.014575 3.173103 -0.215078
v 0.014606 2.341835 0.297198
v 0.016954 0.430975 -0.032268
v 0.021118 0.286537 0.023278
v 0.022036 0.430714 -0.046194
v 0.015404 0.223555 0.029025
v 0.014771 0.223719 0.028722
v 0.014771 0.223719 0.028722
v 0.014771 0.223719 0.028722
v 0.014859 0.103110 0.018539
v 0.014886 0.038442 -0.034361
v 0.014886 0.038442 -0.034361
v 0.014886 0.038442 -0.034361
v 0.015089 0.038458 -0.034191
v 0.014746 2.495955 0.231121
v 0.016637 0.048891 0.001455
v 0.035253 2.841846 -0.156552
v 0.014740 0.037555 0.013673
v 0.015250 2.847057 -0.015015
v 0.086669 2.876544 0.049964
v 0.019552 0.381848 -0.041388
v 0.023711 0.381956 -0.038133
v 0.016176 2.314492 0.370164
v 0.018901 2.314692 0.368964
v 0.023546 0.521330 -0.016208
v 0.019663 2.718613 -0.072559
v 0.015419 3.066083 0.184528
v 0.018988 0.521600 -0.040773
v 0.016425 0.277848 0.032855
v 0.016253 0.277647 0.033224
v 0.022750 0.333269 0.000811
v 0.015609 -0.056643 -0.096287
v 0.013304 1.672714 0.059663
v 0.016037 1.671343 0.057990
v 0.015670 1.671481 0.058339
v 0.015675 2.483626 -0.304472
v 0.026214 0.209636 -0.032682
v 0.021017 0.209734 -0.027436
v 0.022329 0.442189 -0.005075
v 0.015735 0.370143 0.001973
v 0.020288 0.380846 0.010934
v 0.015883 0.370448 0.002841
v 0.023833 0.353659 -0.009545
v 0.021631 0.353629 -0.006061
v 0.015856 0.207818 -0.052712
v 0.016405 0.370236 0.002425
v 0.030007 0.152664 -0.010890
v 0.017047 0.152095 0.001967
v 0.015938 2.442237 0.236705
v 0.016350 0.368833 0.034624
v 0.016118 0.368892 0.034134
v 0.015949 0.368926 0.034491
v 0.015949 0.368926 0.034491
v 0.015962 0.015713 -0.032066
v 0.019630 0.013457 -0.029081
v 0.019976 0.012021 -0.034512
v 0.015963 3.214527 0.179975
v 0.020403 3.097038 0.083997
v 0.023652 2.752899 -0.000181
v 0.021879 2.761500 -0.001195
v 0.021725 0.220459 -0.037666
v 0.016020 0.220750 -0.043280
v 0.016476 0.351477 -0.024940
v 0.016153 0.049171 0.021359
v 0.016153 0.049171 0.021359
v 0.019650 0.046519 0.024278
v 0.019880 0.044997 0.018810
v 0.016962 -0.112966 0.028689
v 0.020226 0.520676 -0.000747
v 0.018517 0.284189 -0.030507
v 0.024166 0.428347 -0.006867
v 0.020102 0.428284 -0.003044
v 0.020218 2.595247 -0.006450
v 0.087908 2.634795 -0.291213
v 0.016331 3.070972 0.166192
v 0.025658 0.284571 -0.049296
v 0.016390 0.223539 -0.009335
v 0.019973 0.221708 -0.017013
v 0.018248 1.622399 0.114883
v 0.016411 2.417776 0.168584
v 0.016503 0.204266 0.029063
v 0.016481 0.204151 0.030132
v 0.016423 0.204217 0.029294
v 0.016754 0.204169 0.029812
v 0.024713 0.503496 -0.006263
v 0.022323 0.503631 -0.002964
v 0.025052 0.228763 -0.041437
v 0.020695 0.228481 -0.037653
v 0.016766 0.501573 -0.022431
v 0.021690 0.421155 0.000492
v 0.017752 0.499817 0.003503
v 0.023983 0.359943 -0.038824
v 0.022637 0.359610 -0.036462
v 0.023611 0.500823 -0.011886
v 0.017016 1.621368 0.116092
v 0.019593 0.077832 0.003348
v 0.019954 2.721241 -0.047094
v 0.019960 2.721239 -0.047092
v 0.017692 0.358695 -0.054046
v 0.016993 0.418717 -0.014779
v 0.017545 1.680904 0.050313
v 0.020669 0.074903 0.028429
v 0.017086 0.277705 0.033510
v 0.016898 0.277704 0.033628
v 0.019460 0.270582 0.019774
v 0.016917 3.172602 -0.049120
v 0.016921 0.068508 0.019959
v 0.016921 0.068508 0.019959
v 0.016921 0.068508 0.019959
v 0.015576 0.069103 0.021707
v 0.016975 0.146380 -0.039514
v 0.017670 0.146593 -0.039123
v 0.017012 2.642093 -0.312041
v 0.017999 2.313993 0.369044
v 0.017121 2.313555 0.369604
v 0.017134 3.208671 0.030200
v 0.023272 -0.114873 0.057810
v 0.024418 -0.117851 0.051337
v 0.017770 0.204414 0.002073
v 0.017802 0.208129 0.032588
v 0.017292 0.347278 -0.000838
v 0.027462 0.188459 -0.030032
v 0.016918 0.189210 -0.018539
v 0.021048 0.356366 0.006183
v 0.021062 0.503087 -0.043499
v 0.022577 0.503403 -0.036087
v 0.017599 0.348586 0.035107
v 0.017992 0.348623 0.036069
v 0.017492 0.348561 0.035264
v 0.018106 0.348457 0.035758
v 0.018012 0.502571 -0.052287
v 0.017522 2.903488 0.029575
v 0.067022 3.041857 -0.038501
v 0.017564 0.184772 -0.049483
v 0.018638 0.271321 -0.001368
v 0.019996 0.076655 -0.032765
v 0.025736 0.273781 -0.020730
v 0.018721 0.197590 0.017073
v 0.025770 0.448891 -0.004707
v 0.021705 0.448779 -0.000778
v 0.019715 0.425666 0.037828
v 0.019602 0.425421 0.038132
v 0.017890 -0.041048 -0.029963
v 0.017890 -0.041048 -0.029963
v 0.017890 -0.041048 -0.029963
v 0.017890 -0.041048 -0.029963
v 0.024962 0.499947 -0.003086
v 0.017961 3.023192 -0.142016
v 0.018026 2.269293 -0.285174
v 0.018999 2.730893 -0.292453
v 0.020096 0.079210 0.011657
v 0.018122 3.116886 -0.227437
v 0.018127 0.008132 0.033041
v 0.018127 0.008132 0.033041
v 0.018137 2.975787 0.076966
v 0.018158 0.240374 -0.044646
v 0.029500 0.240489 -0.033785
v 0.018136 0.294674 0.035349
v 0.018181 0.294759 0.035708
v 0.018181 0.294759 0.035708
v 0.018181 0.294759 0.035708
v 0.018197 2.960904 -0.058009
v 0.018228 0.520004 0.037594
v 0.018228 0.520004 0.037594
v 0.029975 0.240897 -0.023859
v 0.018252 2.320734 0.376872
v 0.018281 2.924035 0.006620
v 0.018297 2.259082 0.147164
v 0.021041 2.908185 -0.192093
v 0.021563 2.746644 -0.185106
v 0.023228 2.746089 -0.185042
v 0.018786 0.026610 0.030052
v 0.018323 0.026299 0.029798
v 0.020665 1.262089 0.162703
v 0.019331 1.259663 0.159401
v 0.030134 0.211473 -0.013636
v 0.024454 0.211556 -0.008048
v 0.018838 2.508545 0.204364
v 0.028128 0.271965 -0.009284
v 0.018868 0.210631 -0.035347
v 0.023949 0.204547 0.006462
v 0.018921 2.937858 -0.034563
v 0.027542 0.209709 -0.041428
v 0.025855 0.209359 -0.038209
v 0.021369 0.127280 -0.037467
v 0.019031 0.056398 -0.008453
v 0.019031 0.056398 -0.008453
v 0.019031 0.056398 -0.008453
v 0.019031 0.056398 -0.008453
v 0.019033 0.035293 0.025754
v 0.020314 0.017764 0.027329
v 0.020001 0.208156 -0.058743
v 0.022326 -0.099191 -0.116053
v 0.022094 -0.097519 -0.119719
v 0.028231 0.283482 -0.039043
v 0.021608 0.132325 -0.065547
v 0.019822 1.226428 0.161515
v 0.023157 1.225907 0.163545
v 0.026336 0.521035 -0.008214
v 0.019412 2.327908 0.369604
v 0.018879 2.391388 0.095959
v 0.019542 0.062885 -0.026884
v 0.029221 0.068394 -0.055817
v 0.024478 0.067981 -0.050907
v 0.022996 -0.172303 0.077902
v 0.023695 -0.174728 0.074037
v 0.019883 0.152605 0.028446
v 0.019576 0.152514 0.028481
v 0.019576 0.152514 0.028481
v 0.019576 0.152514 0.028481
v 0.028458 0.294249 -0.006865
v 0.024257 0.294045 -0.002097
v 0.031350 2.609449 0.008086
v 0.019631 2.729081 -0.005626
v 0.020775 2.387334 0.039973
v 0.021853 2.385836 0.040348
v 0.019835 0.065019 0.009172
v 0.019676 2.468108 0.264924
v 0.020295 0.133538 0.025276
v 0.020418 0.133367 0.024516
v 0.019993 0.133418 0.025307
v 0.020035 0.133499 0.024796
v 0.019779 1.609538 0.054725
v 0.020155 0.499807 0.038972
v 0.020565 0.499901 0.039716
v 0.020025 0.499815 0.039103
v 0.020546 0.499749 0.039561
v 0.022818 1.263551 0.118282
v 0.020062 3.194663 -0.285781
v 0.024716 0.226487 0.005335
v 0.030057 0.226862 0.009379
v 0.020116 2.696282 -0.046939
v 0.020116 2.696282 -0.046939
v 0.020116 2.696282 -0.046939
v 0.020116 2.696282 -0.046939
v 0.024766 2.752887 -0.002846
v 0.020450 0.425465 0.038486
v 0.020322 0.425484 0.038610
v 0.020334 -0.018450 0.029835
v 0.020334 -0.018450 0.029835
v 0.026092 -0.020085 0.034550
v 0.026606 -0.021137 0.025972
v 0.020345 1.586469 0.097882
v 0.020365 3.188877 0.179056
v 0.064529 2.297296 0.361402
v 0.026158 0.146759 0.008989
v 0.032089 0.147733 0.014957
v 0.020455 0.145920 0.038404
v 0.025351 2.743701 -0.181686
v 0.031474 0.190548 -0.011867
v 0.020457 0.190788 0.000638
v 0.020541 1.278753 0.070521
v 0.020673 2.615286 -0.285176
v 0.024165 2.921701 0.115569
v 0.021139 0.187258 -0.033126
v 0.020907 2.358345 0.225577
v 0.020941 3.010030 0.142990
v 0.084795 2.319004 0.294444
v 0.021142 2.835356 0.367106
v 0.025707 2.318167 0.371022
v 0.030277 0.304063 -0.038298
v 0.025642 0.304151 -0.033880
v 0.031035 0.046316 -0.055142
v 0.021263 0.045650 -0.043231
v 0.021441 0.016219 -0.021688
v 0.022357 0.001347 -0.013087
v 0.021526 0.075261 0.017511
v 0.021526 0.075261 0.017511
v 0.021526 0.075261 0.017511
v 0.021526 0.075261 0.017511
v 0.021767 0.044466 -0.073066
v 0.021610 2.912169 -0.145915
v 0.021654 3.027409 0.187416
v 0.021826 2.490837 0.341477
v 0.021929 3.080188 0.072038
v 0.021970 0.000395 0.009771
v 0.021970 0.000395 0.009771
v 0.021970 0.000395 0.009771
v 0.021970 0.000395 0.009771
v 0.022065 3.192536 0.174048
v 0.022095 3.139037 0.185460
v 0.031902 0.127587 -0.046547
v 0.022372 0.443482 0.040313
v 0.022288 0.443547 0.039978
v 0.022198 0.443470 0.040391
v 0.022198 0.443470 0.040391
v 0.022383 2.984869 0.152694
v 0.022464 2.982665 0.002366
v 0.022558 0.095296 -0.032116
v 0.022558 0.095296 -0.032116
v 0.037182 2.256680 -0.335432
v 0.036894 0.097763 -0.004087
v 0.029761 0.098801 0.003729
v 0.022672 2.288007 0.286199
v 0.022749 2.963259 0.011696
v 0.023372 0.065552 0.024543
v 0.022915 0.032377 0.021151
v 0.023242 0.053603 0.019732
v 0.022958 1.311185 0.144008
v 0.022962 2.066310 -0.028780
v 0.022962 2.066310 -0.028780
v 0.022986 3.130587 0.025114
v 0.026147 2.921428 -0.107654
v 0.023072 2.774027 -0.000971
v 0.023289 3.124307 0.242127
v 0.023618 0.161737 -0.000645
v 0.023487 1.599039 0.172114
v 0.023523 0.053536 0.018872
v 0.027595 0.051113 0.021986
v 0.027891 0.050046 0.016111
v 0.023568 2.602186 -0.329183
v 0.023581 3.193326 0.019323
v 0.029667 0.124799 -0.041471
v 0.034668 0.125154 -0.035961
v 0.023770 2.425542 0.249667
v 0.023765 0.123530 -0.013411
v 0.023951 3.247142 0.088540
v 0.027320 2.916456 0.114217
v 0.024207 3.061279 0.060443
v 0.024032 1.628379 0.077145
v 0.024511 2.919433 0.112893
v 0.025042 0.140471 0.016747
v 0.034068 0.150091 -0.043250
v 0.029074 0.149793 -0.038526
v 0.029008 2.578956 -0.046070
v 0.029017 2.578949 -0.046065
v 0.033804 2.599571 -0.098025
v 0.032230 2.598487 -0.097810
v 0.023855 2.754897 -0.001091
v 0.024590 2.753906 -0.002291
v 0.030215 0.128464 0.008579
v 0.025475 0.127544 0.002500
v 0.044535 -0.111816 0.080724
v 0.024676 0.086062 0.026717
v 0.024738 2.875062 -0.020195
v 0.024743 -0.059388 -0.035398
v 0.024598 -0.059512 -0.035324
v 0.024743 -0.059388 -0.035398
v 0.026082 -0.058196 -0.036281
v 0.029201 2.355347 0.190954
v 0.028982 0.189477 -0.023251
v 0.025029 0.125304 0.037582
v 0.026141 0.125795 0.035777
v 0.025200 2.953519 -0.056815
v 0.025218 2.368349 0.152013
v 0.028995 2.931665 -0.082521
v 0.034271 2.940261 -0.031880
v 0.025436 2.934832 -0.022706
v 0.025533 3.136892 -0.182616
v 0.033275 2.596659 -0.100176
v 0.025879 2.550699 0.309637
v 0.031387 0.104106 -0.043257
v 0.025544 0.104106 -0.048913
v 0.028773 1.277089 0.097046
v 0.025867 2.960427 0.126264
v 0.026050 0.100623 -0.015221
v 0.026301 0.100912 -0.017081
v 0.026071 -0.054734 -0.026968
v 0.026071 -0.054734 -0.026968
v 0.032486 -0.056943 -0.022418
v 0.031914 -0.057023 -0.030788
v 0.026194 0.127764 -0.036242
v 0.026231 3.160039 -0.191533
v 0.025016 2.744483 -0.188323
v 0.026345 3.092185 0.122702
v 0.038181 0.125196 -0.008994
v 0.033379 0.124458 -0.002324
v 0.026413 -0.000028 -0.012991
v 0.026909 0.000855 -0.012166
v 0.035338 1.665965 0.062591
v 0.032981 1.666160 0.056856
v 0.030235 2.385603 -0.073612
v 0.032727 2.387665 -0.081670
v 0.026627 3.188390 0.245323
v 0.026725 3.036657 0.073476
v 0.026713 3.179464 0.282591
v 0.026363 0.109820 -0.039717
v 0.026830 3.125887 -0.145333
v 0.027575 0.213604 0.009333
v 0.027067 2.941872 -0.070300
v 0.040309 0.104308 -0.012865
v 0.027089 0.101524 -0.001157
v 0.027548 2.194595 -0.246472
v 0.027213 2.789366 0.247815
v 0.027226 2.593806 0.040546
v 0.027256 2.691881 0.324822
v 0.035746 -0.034156 0.063879
v 0.039362 2.192407 -0.249334
v 0.027520 2.386619 0.274553
v 0.034676 -0.012910 -0.079484
v 0.037941 -0.014451 -0.074930
v 0.027414 0.361618 0.000545
v 0.027681 3.177443 -0.161588
v 0.027811 2.556571 -0.158465
v 0.033318 2.876593 -0.018074
v 0.026291 2.706796 0.166277
v 0.062170 2.955972 -0.144805
v 0.039285 2.191907 -0.248951
v 0.030382 1.280799 0.077801
v 0.039288 2.745084 -0.189797
v 0.038517 2.740737 -0.191366
v 0.033414 2.968040 -0.016177
v 0.029142 1.662140 0.060949
v 0.031098 1.662510 0.060192
v 0.026698 1.664962 0.061582
v 0.028568 -0.023106 -0.054689
v 0.028642 3.119663 0.182566
v 0.036358 2.751152 -0.188804
v 0.028956 2.373158 0.242777
v 0.028959 3.079931 -0.037864
v 0.028975 2.384762 0.239978
v 0.032100 0.154204 -0.018996
v 0.029455 0.293393 0.004984
v 0.029407 -0.027454 -0.095784
v 0.030616 2.383376 0.041087
v 0.031194 2.389252 0.038919
v 0.063658 2.974826 -0.227045
v 0.029203 2.549500 -0.045670
v 0.029203 2.549500 -0.045670
v 0.029582 2.549492 -0.045824
v 0.029203 2.549500 -0.045670
v 0.030075 2.377424 0.212919
v 0.030382 -0.098704 0.044333
v 0.029275 2.578960 -0.046019
v 0.029275 2.578960 -0.046019
v 0.038269 0.369439 0.039317
v 0.033735 0.369421 0.043378
v 0.034265 2.724489 -0.087986
v 0.036397 2.731067 -0.091951
v 0.029473 2.790669 -0.001677
v 0.050802 3.029981 -0.213728
v 0.029506 -0.007963 0.013968
v 0.029506 -0.007963 0.013968
v 0.036907 -0.012102 0.018023
v 0.034511 -0.009676 0.009786
v 0.030062 2.396672 0.302216
v 0.031020 1.279593 0.112947
v 0.032231 0.422562 0.050476
v 0.039055 0.423877 0.032553
v 0.031714 0.274288 0.048149
v 0.030185 -0.015356 0.026378
v 0.030185 -0.015356 0.026378
v 0.030326 2.590427 0.361255
v 0.031806 0.278490 0.018191
v 0.040029 -0.040025 -0.076609
v 0.030658 -0.045567 -0.069043
v 0.036472 2.385781 0.138357
v 0.030564 0.224660 0.012904
v 0.041298 0.224794 0.034204
v 0.035877 0.224591 0.039289
v 0.039623 0.351068 0.039722
v 0.037295 0.350837 0.043209
v 0.034660 1.546154 0.149071
v 0.031633 1.546868 0.146677
v 0.038237 2.892417 0.018865
v 0.035556 2.898624 0.023563
v 0.030838 2.467489 0.295880
v 0.031484 0.349211 0.022085
v 0.030890 2.880537 0.111296
v 0.031830 1.237005 0.089138
v 0.045024 0.048629 -0.035548
v 0.032203 0.035759 -0.048193
v 0.031113 0.047214 -0.006464
v 0.032228 0.035695 -0.010551
v 0.031174 -0.039291 0.033550
v 0.031174 -0.039291 0.033550
v 0.031174 -0.039291 0.033550
v 0.031471 -0.039127 0.033087
v 0.031226 2.689952 0.279591
v 0.031621 2.383213 -0.080979
v 0.029577 2.680864 -0.187755
v 0.031364 3.256923 0.088286
v 0.031404 2.365995 0.317924
v 0.035914 0.521725 0.039563
v 0.034012 3.054005 -0.106547
v 0.034448 3.056161 -0.107405
v 0.031564 1.703282 0.158724
v 0.031570 2.871763 -0.010868
v 0.102248 2.498035 0.333113
v 0.031701 3.057559 -0.059016
v 0.036586 1.621964 0.148129
v 0.042598 0.207476 0.034595
v 0.032154 0.206928 0.046164
v 0.042420 0.274566 0.038673
v 0.032171 1.296361 0.221922
v 0.032223 2.322490 0.354096
v 0.032565 0.205288 0.013746
v 0.036028 2.341537 0.144739
v 0.032270 2.844427 0.268950
v 0.047071 0.027423 -0.019260
v 0.030812 0.028309 -0.001926
v 0.032580 3.157220 -0.106476
v 0.032582 2.810284 0.185809
v 0.033259 0.188448 -0.033957
v 0.032618 1.670202 0.213008
v 0.034281 2.602506 0.295073
v 0.032674 2.958879 0.167529
v 0.032687 2.292589 0.224623
v 0.034290 2.963177 -0.018778
v 0.041226 0.422290 0.042771
v 0.049351 3.061065 -0.253332
v 0.032793 0.022635 -0.048234
v 0.032040 0.022650 -0.046795
v 0.032856 0.029009 -0.030127
v 0.032856 0.029009 -0.030127
v 0.032856 0.029009 -0.030127
v 0.032856 0.029009 -0.030127
v 0.035381 0.128253 -0.052069
v 0.077571 1.266118 0.157465
v 0.033102 2.381391 -0.078365
v 0.032536 2.382128 -0.079971
v 0.041852 0.502024 0.043480
v 0.039507 0.502070 0.046974
v 0.033085 2.384100 0.039672
v 0.033085 2.384100 0.039672
v 0.034254 -0.108063 -0.123992
v 0.033151 2.386255 0.369876
v 0.034841 2.872159 -0.016377
v 0.038967 -0.181771 0.081367
v 0.033618 0.500035 0.026272
v 0.033728 2.975002 -0.041542
v 0.036680 2.393900 -0.043038
v 0.033776 0.050000 0.041782
v 0.033428 2.857475 -0.112895
v 0.033596 1.620444 0.146141
v 0.036444 1.277498 0.107127
v 0.033576 0.041180 -0.015530
v 0.033582 3.211582 0.123838
v 0.042527 2.417400 0.300045
v 0.043689 0.293504 0.040644
v 0.038704 0.293393 0.045917
v 0.033686 0.295385 0.020271
v 0.039206 0.039577 -0.045141
v 0.046238 0.040918 -0.040651
v 0.033678 0.046129 0.001668
v 0.033397 0.205115 0.016966
v 0.034026 2.229418 -0.329856
v 0.034073 2.787057 0.315988
v 0.030149 3.078824 0.152436
v 0.034256 2.471518 0.222401
v 0.033565 2.676309 -0.151142
v 0.033568 1.279013 0.113066
v 0.034945 -0.108217 -0.123605
v 0.034414 -0.108328 -0.123158
v 0.034381 1.265145 0.098393
v 0.086459 1.277980 0.164615
v 0.035239 2.725524 -0.088194
v 0.033987 2.724758 -0.088829
v 0.034604 3.168061 -0.245034
v 0.034619 1.759843 -0.019046
v 0.034619 1.759830 -0.019695
v 0.034619 1.759843 -0.019046
v 0.034638 1.759832 -0.019572
v 0.032901 0.019602 -0.011420
v 0.035734 -0.002261 -0.029747
v 0.034639 2.330852 0.315178
v 0.037566 0.061651 -0.008870
v 0.034722 1.258404 0.103259
v 0.034749 2.265889 -0.208445
v 0.034636 0.027826 0.021908
v 0.035565 0.027825 0.022501
v 0.034844 0.028039 0.023073
v 0.043422 0.442235 0.044774
v 0.039038 0.442236 0.048762
v 0.034379 2.963716 -0.017242
v 0.034725 2.964260 -0.018187
v 0.034922 -0.026621 0.031458
v 0.034807 -0.026474 0.032005
v 0.033764 0.014385 -0.050421
v 0.035568 -0.002521 -0.030874
v 0.036552 2.393890 -0.042819
v 0.043859 2.590917 -0.046359
v 0.078427 2.810134 -0.077659
v 0.035173 3.007960 0.009982
v 0.035186 1.307150 0.103970
v 0.035264 2.409012 0.040483
v 0.035314 2.034836 -0.027973
v 0.035314 2.034836 -0.027973
v 0.035314 2.034836 -0.027973
v 0.035314 2.034836 -0.027973
v 0.037500 3.052808 -0.111365
v 0.036984 3.051688 -0.110998
v 0.035397 2.978908 0.092051
v 0.035518 1.611073 0.069699
v 0.035524 3.087834 -0.162118
v 0.036466 -0.002454 -0.030298
v 0.035687 3.085184 -0.091084
v 0.035687 -0.025978 0.008207
v 0.035778 -0.026002 0.008320
v 0.035687 -0.025978 0.008207
v 0.036746 -0.024916 0.007350
v 0.035804 1.664091 -0.016591
v 0.035804 1.664091 -0.016591
v 0.035804 1.664091 -0.016591
v 0.035804 1.664091 -0.016591
v 0.039498 2.948171 -0.014342
v 0.037256 0.047088 -0.057959
v 0.035861 3.039936 -0.056737
v 0.035968 2.847467 0.020463
v 0.035991 2.424696 0.308193
v 0.040306 1.284093 0.162118
v 0.051827 2.380294 0.182413
v 0.036089 -0.074145 -0.026903
v 0.036292 -0.073998 -0.026864
v 0.036089 -0.074145 -0.026903
v 0.036254 -0.074034 -0.026862
v 0.036126 2.750695 -0.187942
v 0.040534 2.592626 -0.054861
v 0.042660 2.593760 -0.052114
v 0.050730 0.070448 0.024180
v 0.043478 3.072361 -0.125830
v 0.040232 3.071395 -0.127898
v 0.036382 0.068593 0.000549
v 0.049236 0.069766 0.012590
v 0.036402 2.355077 -0.041538
v 0.036402 2.355077 -0.041538
v 0.036402 2.355077 -0.041538
v 0.036402 2.355077 -0.041538
v 0.036509 2.992928 0.182518
v 0.036560 3.148922 -0.025287
v 0.036657 2.393894 -0.042780
v 0.036657 2.393894 -0.042780
v 0.036735 2.253079 -0.302824
v 0.037551 1.559324 0.148225
v 0.041165 1.558485 0.149485
v 0.038217 0.190926 -0.016138
v 0.040283 3.129548 -0.166012
v 0.037071 2.252296 0.164127
v 0.037168 0.155293 0.010886
v 0.036932 2.369563 0.131865
v 0.037235 2.369112 0.131871
v 0.048649 0.153127 0.034262
v 0.043224 0.152293 0.040243
v 0.039578 -0.053694 0.028784
v 0.037451 2.970394 0.012738
v 0.037782 0.153281 -0.018297
v 0.039111 2.893008 0.019172
v 0.037515 2.836520 -0.221777
v 0.037522 2.649644 -0.265733
v 0.043948 1.665352 0.077394
v 0.036989 0.136978 0.008110
v 0.037719 1.305361 0.204611
v 0.049358 0.132727 0.031072
v 0.037657 0.130715 0.041184
v 0.037771 1.679369 0.070009
v 0.053604 1.685176 0.081118
v 0.037977 2.117573 -0.031181
v 0.038668 2.117549 -0.031560
v 0.037977 2.117573 -0.031181
v 0.038561 2.117577 -0.031498
v 0.038001 2.745024 -0.187942
v 0.038001 2.745024 -0.187942
v 0.038137 2.955577 0.062717
v 0.037686 1.241171 0.089423
v 0.038100 2.893265 0.020316
v 0.039264 2.893531 0.019388
v 0.038954 -0.182319 0.080526
v 0.039641 -0.181926 0.080978
v 0.044394 3.088647 -0.063068
v 0.039282 -0.052156 0.048744
v 0.039282 -0.052156 0.048744
v 0.039282 -0.052156 0.048744
v 0.039282 -0.052156 0.048744
v 0.039330 -0.083291 -0.051932
v 0.039361 2.674987 -0.238136
v 0.043048 0.012268 0.006965
v 0.040845 1.662315 0.075340
v 0.041020 1.661870 0.073901
v 0.039836 1.288711 0.227160
v 0.039381 1.281356 0.159232
v 0.040106 2.490941 -0.279310
v 0.041491 2.588184 -0.050860
v 0.042598 2.779934 -0.223797
v 0.047035 2.780339 -0.220091
v 0.040324 2.762124 0.278192
v 0.040326 3.179505 -0.202466
v 0.040580 3.268541 -0.073939
v 0.040814 3.022938 -0.102315
v 0.041379 2.421965 0.351464
v 0.040954 2.234409 -0.279534
v 0.041010 2.986667 0.015897
v 0.041046 2.940811 -0.160852
v 0.041235 2.770237 -0.230170
v 0.040296 2.751050 0.241556
v 0.045804 0.077414 0.003684
v 0.054158 0.078558 0.010883
v 0.038076 2.327519 0.363784
v 0.041470 0.076848 0.037514
v 0.041470 0.076848 0.037514
v 0.041637 0.130792 0.019379
v 0.041705 1.295036 0.073250
v 0.041801 -0.026911 -0.056074
v 0.041801 -0.026911 -0.056074
v 0.041872 1.276007 0.225065
v 0.043470 1.663497 0.083580
v 0.042039 1.601632 0.212913
v 0.042044 3.009209 -0.174771
v 0.041443 0.075092 -0.010902
v 0.042070 1.272902 0.174283
v 0.042087 -0.005175 0.054494
v 0.046557 -0.021574 0.053540
v 0.042229 2.944995 -0.041943
v 0.041795 1.283024 0.090364
v 0.042392 2.938604 -0.073689
v 0.043445 2.886896 0.034988
v 0.045218 1.382638 -0.009889
v 0.045087 1.382614 -0.009984
v 0.041377 0.104174 -0.033238
v 0.044751 1.283291 0.084230
v 0.043009 2.588392 -0.051538
v 0.043000 2.589807 -0.052766
v 0.042060 0.057989 0.041548
v 0.044404 0.044496 0.036417
v 0.051415 -0.059236 0.040606
v 0.043357 2.262519 0.221349
v 0.087131 1.608591 0.105388
v 0.043569 2.297383 -0.315233
v 0.043585 2.830347 0.178873
v 0.043187 0.054025 -0.000047
v 0.044739 0.041483 0.003005
v 0.044998 3.069871 -0.128250
v 0.045451 3.113966 0.091330
v 0.049433 -0.124274 0.036628
v 0.043861 2.605706 -0.185137
v 0.042540 2.669512 -0.127090
v 0.043980 2.314091 0.364851
v 0.043980 2.314091 0.364851
v 0.043980 2.314091 0.364851
v 0.044207 2.886206 0.132420
v 0.044208 -0.037442 -0.059747
v 0.043862 -0.037418 -0.060074
v 0.132531 2.899649 -0.010619
v 0.044513 3.137728 -0.190968
v 0.044641 1.382601 -0.010242
v 0.044641 1.382601 -0.010242
v 0.046221 2.329583 0.363415
v 0.044707 2.321349 0.357611
v 0.044736 1.327336 0.218959
v 0.044888 1.284168 -0.009094
v 0.044888 1.284168 -0.009094
v 0.044888 1.284168 -0.009094
v 0.044888 1.284168 -0.009094
v 0.046531 0.275080 0.032777
v 0.045216 0.035979 0.020143
v 0.045216 0.035979 0.020143
v 0.045216 0.035979 0.020143
v 0.045216 0.035979 0.020143
v 0.045253 2.291876 0.280154
v 0.045364 -0.013662 0.005177
v 0.049359 -0.028916 0.011318
v 0.044819 2.512830 0.276633
v 0.045631 0.028962 0.002033
v 0.045638 -0.039753 -0.003852
v 0.045638 -0.039753 -0.003852
v 0.045809 2.805263 0.009218
v 0.045904 3.096887 0.132370
v 0.045949 3.106802 0.295496
v 0.045531 -0.035402 -0.082365
v 0.045376 1.660827 0.083271
v 0.046217 3.002987 0.047961
v 0.046243 3.143065 0.130768
v 0.046264 2.254472 0.349361
v 0.048803 3.109870 0.263794
v 0.047121 3.107959 0.261482
v 0.046644 2.926305 0.071516
v 0.046701 3.121595 0.233071
v 0.045968 0.106332 -0.020791
v 0.047091 2.857201 0.091172
v 0.047206 0.020336 0.008530
v 0.047830 0.021438 0.009870
v 0.052315 1.264561 0.154111
v 0.066234 2.667644 -0.197984
v 0.047365 3.094120 0.264015
v 0.050945 0.037234 -0.029507
v 0.048855 0.208051 0.030152
v 0.047921 2.524660 -0.185378
v 0.073962 2.857995 0.036555
v 0.047993 2.841881 0.314018
v 0.082992 2.833889 -0.093119
v 0.090957 1.556141 0.103745
v 0.048187 2.220589 -0.261733
v 0.048255 3.211831 -0.236390
v 0.051317 3.055422 0.136767
v 0.048366 -0.020136 0.057942
v 0.049699 -0.019159 0.057670
v 0.048471 3.004690 -0.225604
v 0.050183 0.958855 -0.008317
v 0.050155 0.958857 -0.008234
v 0.048614 -0.045086 -0.002458
v 0.053346 -0.060808 -0.005441
v 0.048654 3.016793 0.165689
v 0.048745 0.516795 -0.000324
v 0.049835 0.516841 0.000014
v 0.048745 0.516795 -0.000324
v 0.049598 0.516798 -0.000105
v 0.048771 3.039368 0.057913
v 0.056116 3.129573 -0.161021
v 0.048937 2.890848 -0.133248
v 0.050639 1.659577 0.081203
v 0.048999 -0.046039 -0.051477
v 0.053642 -0.061600 -0.047285
v 0.049076 3.088510 -0.141054
v 0.049087 2.475637 0.289442
v 0.056284 2.939989 -0.223230
v 0.063155 2.631850 -0.030493
v 0.049415 0.845187 -0.005285
v 0.049415 0.845187 -0.005285
v 0.049415 0.845187 -0.005285
v 0.049415 0.845187 -0.005285
v 0.053152 1.605210 0.148638
v 0.050443 1.603977 0.146117
v 0.049575 1.262394 0.152301
v 0.056236 -0.113870 -0.061218
v 0.054846 -0.111079 -0.067757
v 0.049687 0.402190 -0.000000
v 0.049687 0.402190 -0.000000
v 0.049687 0.402190 -0.000000
v 0.049687 0.402190 -0.000000
v 0.049900 3.054126 -0.097191
v 0.049737 1.321614 0.196799
v 0.049934 -0.050874 -0.008693
v 0.049943 0.958855 -0.007895
v 0.049943 0.958855 -0.007895
v 0.050370 -0.034193 0.033780
v 0.050370 -0.034193 0.033780
v 0.050370 -0.034193 0.033780
v 0.050370 -0.034193 0.033780
v 0.050414 3.169847 0.253875
v 0.050444 2.832704 -0.103464
v 0.050477 2.419321 0.361762
v 0.050309 2.449942 0.163019
v 0.050546 1.573805 0.206111
v 0.050620 -0.127205 0.059646
v 0.050620 -0.127205 0.059646
v 0.050620 -0.127205 0.059646
v 0.050620 -0.127205 0.059646
v 0.050860 3.104308 0.057250
v 0.050999 1.282810 0.104894
v 0.051040 2.992922 -0.113403
v 0.050935 2.878787 -0.209542
v 0.051291 2.893079 -0.064804
v 0.058424 3.152365 -0.167126
v 0.051416 2.523231 0.253701
v 0.051611 3.297578 0.047400
v 0.052029 3.057393 -0.117842
v 0.053640 2.953810 -0.064763
v 0.059503 1.689782 0.092123
v 0.057873 2.612306 -0.032149
v 0.052507 0.005490 -0.010876
v 0.056290 -0.011740 -0.010569
v 0.105851 1.282723 0.126648
v 0.056648 2.961976 -0.170918
v 0.056908 2.954846 -0.077660
v 0.052751 3.076154 0.001041
v 0.059267 2.401130 -0.082280
v 0.053062 2.780200 -0.069651
v 0.053036 2.767661 -0.223696
v 0.053542 2.764020 -0.224941
v 0.053036 2.767661 -0.223696
v 0.053036 2.767661 -0.223696
v 0.051482 2.948880 0.111649
v 0.053111 3.033864 0.232844
v 0.053197 3.128924 -0.158160
v 0.053224 1.270718 0.081713
v 0.053339 2.521303 -0.029850
v 0.064222 2.902956 -0.242866
v 0.053241 0.018099 -0.031435
v 0.053615 2.825811 -0.144040
v 0.056050 -0.041795 0.045191
v 0.075643 2.483605 0.238056
v 0.053758 3.057284 -0.167324
v 0.054025 2.643806 -0.203888
v 0.059043 2.907134 0.038323
v 0.054059 -0.058374 -0.011048
v 0.055433 -0.056928 -0.012307
v 0.054710 0.027441 -0.024899
v 0.053785 0.134212 0.024222
v 0.054542 3.290950 0.209035
v 0.054602 2.596392 0.334857
v 0.054685 2.954066 -0.139112
v 0.054719 -0.063744 0.042195
v 0.054758 2.962472 -0.045002
v 0.053737 0.046499 0.021112
v 0.055039 -0.029650 0.009159
v 0.056549 -0.028458 0.009139
v 0.055079 -0.005620 -0.014961
v 0.054840 -0.005581 -0.015216
v 0.056860 3.168884 0.164579
v 0.055162 2.958651 -0.097333
v 0.058097 3.050062 -0.087722
v 0.058345 2.611594 -0.122493
v 0.055327 3.087339 0.055290
v 0.055386 2.444722 0.125891
v 0.061352 2.399599 -0.080878
v 0.055129 2.197368 -0.247652
v 0.055627 2.195246 -0.243732
v 0.055956 2.467700 0.191843
v 0.056871 3.125687 -0.169527
v 0.055983 2.197672 -0.221360
v 0.052934 2.959573 -0.172994
v 0.056135 -0.069972 -0.026000
v 0.056135 -0.069972 -0.026000
v 0.056135 -0.069972 -0.026000
v 0.056135 -0.069972 -0.026000
v 0.056151 -0.007640 0.038812
v 0.059474 -0.023141 0.031988
v 0.056198 1.291289 0.236544
v 0.075553 2.635980 -0.038914
v 0.056302 -0.060262 -0.051412
v 0.056477 -0.060134 -0.051410
v 0.061291 1.664899 0.114009
v 0.104985 2.442981 0.241690
v 0.056447 2.614204 -0.203055
v 0.056547 2.951841 0.182386
v 0.057101 1.685504 0.090042
v 0.056651 3.006644 0.008812
v 0.056700 1.635023 0.066726
v 0.056723 1.631013 0.113514
v 0.056832 2.957881 -0.107988
v 0.056855 2.934354 -0.222630
v 0.056875 2.593257 -0.061735
v 0.058397 2.787563 -0.015119
v 0.065696 2.789006 -0.019293
v 0.056920 -0.061208 -0.002394
v 0.057140 -0.061043 -0.002478
v 0.057051 2.255106 -0.316607
v 0.092876 1.624025 0.095193
v 0.057197 2.323326 0.356540
v 0.055477 3.015343 -0.115103
v 0.059265 2.862160 0.150265
v 0.057876 2.865127 0.149913
v 0.057556 3.237836 -0.194426
v 0.057680 2.616062 -0.078068
v 0.057701 3.005453 -0.089353
v 0.057738 3.048986 -0.086135
v 0.059445 1.281652 0.139077
v 0.058469 1.279189 0.136193
v 0.061471 3.025433 -0.108995
v 0.066081 2.787105 -0.012579
v 0.074356 2.625090 -0.030822
v 0.057999 1.308200 0.055563
v 0.061494 3.090222 0.070820
v 0.058131 2.507673 -0.101233
v 0.060879 2.935848 -0.228889
v 0.058223 2.225638 0.259285
v 0.058226 2.991035 0.013386
v 0.064657 -0.101230 -0.025954
v 0.064790 -0.101378 -0.031302
v 0.058236 -0.099558 -0.028425
v 0.058236 -0.099558 -0.028425
v 0.058810 2.574741 -0.293022
v 0.058276 2.637351 -0.046437
v 0.058414 3.141158 0.210620
v 0.058562 2.679894 -0.293671
v 0.063451 2.958872 -0.110826
v 0.075193 -0.106878 -0.090953
v 0.061240 0.044943 0.019684
v 0.059000 2.959702 -0.173774
v 0.066921 2.791312 -0.259853
v 0.058988 1.264675 0.107550
v 0.059027 1.620216 0.061006
v 0.058995 1.662610 0.111772
v 0.100406 1.302923 0.123861
v 0.064890 2.735033 -0.116099
v 0.067657 2.733725 -0.121284
v 0.059460 3.023832 -0.109108
v 0.075244 3.138245 0.140329
v 0.059558 3.052544 -0.166448
v 0.061781 3.017112 -0.107302
v 0.059707 2.533454 -0.309294
v 0.059769 2.799417 0.061604
v 0.064017 2.728043 -0.117105
v 0.059911 -0.026741 0.009068
v 0.059911 -0.026741 0.009068
v 0.059911 -0.026741 0.009068
v 0.059911 -0.026741 0.009068
v 0.071536 2.628649 -0.026469
v 0.066070 -0.082477 -0.018602
v 0.064992 -0.080145 -0.024355
v 0.060120 2.456332 0.245342
v 0.064702 2.640993 -0.159414
v 0.060440 3.220353 0.180315
v 0.060538 3.133562 0.086069
v 0.060562 2.403967 0.240465
v 0.060743 3.175386 -0.168889
v 0.112440 2.973857 0.060275
v 0.061830 1.648086 0.105580
v 0.114320 3.085746 0.137201
v 0.061111 3.186029 0.265888
v 0.063213 2.781921 -0.015894
v 0.061385 2.820496 0.166044
v 0.061488 3.055432 -0.084818
v 0.061526 2.999751 -0.134731
v 0.061584 2.314398 0.358455
v 0.061637 3.113690 0.024787
v 0.065700 0.276925 0.000003
v 0.065392 0.276904 -0.000309
v 0.081347 3.022863 -0.121999
v 0.061891 2.854371 0.166094
v 0.062094 3.042743 -0.081588
v 0.062127 3.084721 0.330285
v 0.062177 2.985922 0.171457
v 0.064255 2.729954 -0.116586
v 0.064161 2.354320 0.288319
v 0.062366 2.317223 -0.295802
v 0.065196 3.094107 0.079781
v 0.065870 2.801848 -0.103766
v 0.062672 1.587036 0.065812
v 0.062677 2.626373 -0.302057
v 0.067302 3.221318 -0.178790
v 0.062819 3.197740 0.192697
v 0.062837 3.033354 -0.101484
v 0.062839 2.370093 0.017726
v 0.063156 2.954951 -0.108553
v 0.062680 2.954575 -0.109521
v 0.062997 2.592846 -0.309806
v 0.085992 3.062052 0.014481
v 0.063083 2.924146 -0.237556
v 0.063210 2.564069 0.182233
v 0.064058 0.058475 0.020241
v 0.063295 2.423252 0.181843
v 0.066281 2.909649 -0.238980
v 0.063497 1.274917 0.115147
v 0.073190 2.654083 0.051973
v 0.067215 2.216233 -0.233868
v 0.063800 -0.026391 0.031375
v 0.064844 -0.025063 0.029982
v 0.063988 2.465368 0.202416
v 0.069307 2.827915 0.008006
v 0.064073 2.781057 -0.017530
v 0.064077 3.134804 0.080437
v 0.064139 3.214573 0.241995
v 0.064161 1.651373 0.208275
v 0.064166 2.988379 0.118630
v 0.066237 2.926563 -0.065385
v 0.064188 3.015870 -0.099199
v 0.063892 2.618095 -0.175983
v 0.063104 2.679076 -0.245865
v 0.064553 0.276793 -0.000000
v 0.064553 0.276793 -0.000000
v 0.064553 0.233189 -0.000000
v 0.064553 0.233189 -0.000000
v 0.064553 0.233189 -0.000000
v 0.064553 0.233189 -0.000000
v 0.064583 3.142696 0.250042
v 0.066792 3.020378 -0.080293
v 0.064748 2.863762 0.078235
v 0.064801 3.083613 0.218497
v 0.064805 2.252483 -0.237759
v 0.071146 2.646200 0.046225
v 0.064848 2.896850 0.155014
v 0.072700 2.912414 0.156168
v 0.074354 2.416087 -0.096099
v 0.071072 2.633162 -0.136910
v 0.064988 1.618839 0.083978
v 0.069888 -0.108455 0.056922
v 0.068160 -0.017339 0.032326
v 0.065105 2.537729 0.322174
v 0.065116 2.781969 -0.017530
v 0.065289 2.782592 -0.017406
v 0.065616 2.784281 -0.019387
v 0.065207 3.047557 -0.115964
v 0.067857 2.727160 -0.116301
v 0.066812 2.729928 -0.117542
v 0.065518 2.729053 -0.118615
v 0.065457 2.373021 0.308441
v 0.065533 3.217897 0.185413
v 0.065534 2.966208 0.070253
v 0.065563 2.677223 -0.132677
v 0.069111 2.619447 -0.034831
v 0.065577 2.614272 -0.037917
v 0.067476 2.815669 -0.078639
v 0.065663 2.947793 0.056596
v 0.065696 2.662432 -0.267287
v 0.068795 1.685475 0.098933
v 0.066057 1.630531 0.062422
v 0.066300 2.704187 -0.176568
v 0.066301 2.945717 -0.050937
v 0.073187 2.792917 -0.039244
v 0.071168 2.786438 -0.034434
v 0.072785 2.741751 -0.135751
v 0.074191 2.736044 -0.131026
v 0.067242 2.205204 -0.239885
v 0.066459 2.646159 -0.262038
v 0.066498 3.111765 0.056456
v 0.074354 2.810772 -0.003766
v 0.077003 2.806070 -0.005638
v 0.066518 2.704708 -0.278092
v 0.066709 2.947671 -0.009164
v 0.066901 3.021136 -0.079397
v 0.067051 2.209381 -0.279710
v 0.067117 -0.000388 0.029835
v 0.067159 3.151212 -0.211184
v 0.066624 2.814320 -0.076713
v 0.071324 1.689218 0.099491
v 0.067306 2.851247 -0.204434
v 0.067366 2.254311 -0.189193
v 0.067377 2.613658 -0.131227
v 0.067585 2.354439 0.242216
v 0.066964 2.677718 -0.225263
v 0.108311 1.325530 0.123309
v 0.096410 2.883199 0.065992
v 0.066725 2.610431 -0.162086
v 0.067881 2.686428 0.281005
v 0.070665 2.993110 -0.057153
v 0.068022 2.337150 -0.282725
v 0.068118 2.976547 0.080808
v 0.066835 2.622610 0.300863
v 0.068375 2.599817 -0.275565
v 0.075268 2.613070 -0.269852
v 0.068339 2.350283 -0.210794
v 0.083233 -0.076617 -0.045044
v 0.068537 2.783871 0.017457
v 0.068722 2.497250 0.238018
v 0.066588 3.062674 0.224939
v 0.068533 2.743411 -0.202398
v 0.068919 2.778218 -0.075226
v 0.082933 2.802633 -0.260168
v 0.069313 2.952300 -0.006651
v 0.069537 2.908772 -0.170690
v 0.069549 -0.025615 -0.029963
v 0.069549 -0.025615 -0.029963
v 0.069566 3.152595 -0.004767
v 0.069680 3.180099 -0.175757
v 0.072967 2.907302 -0.242447
v 0.069625 3.217643 -0.177542
v 0.069619 3.217421 -0.178648
v 0.075036 -0.092690 0.053191
v 0.076026 -0.094777 0.047328
v 0.070750 2.815095 -0.076118
v 0.073003 -0.053256 -0.026360
v 0.070187 3.175014 0.240570
v 0.070269 2.877639 0.135849
v 0.070333 1.328352 0.037942
v 0.070389 2.220932 -0.146843
v 0.070563 1.260628 0.119366
v 0.072216 2.907889 -0.239991
v 0.072887 2.908018 -0.242006
v 0.127600 2.422935 0.253869
v 0.070526 2.610832 -0.163840
v 0.070863 2.312496 -0.130144
v 0.080262 2.882088 -0.006815
v 0.071079 1.573360 0.094358
v 0.112864 1.654042 0.074973
v 0.071976 2.644669 0.047919
v 0.071288 2.811553 -0.264220
v 0.071408 1.266322 0.075203
v 0.071499 2.322236 0.248471
v 0.071542 -0.036392 -0.026968
v 0.071593 3.075867 -0.002519
v 0.071710 2.776834 -0.246055
v 0.071964 2.211317 -0.236959
v 0.072354 2.787018 -0.035035
v 0.071679 2.786690 -0.035728
v 0.071833 3.160967 0.191819
v 0.083204 2.659566 0.064537
v 0.071911 2.321593 0.277122
v 0.073631 2.626429 -0.282722
v 0.072231 -0.010495 0.033550
v 0.072236 -0.010343 0.034032
v 0.072303 2.797059 -0.061222
v 0.072505 2.706238 0.238955
v 0.074365 1.287902 0.131842
v 0.073196 1.285375 0.129058
v 0.104195 3.197937 -0.075247
v 0.073113 2.411894 -0.096836
v 0.111916 2.252242 0.258382
v 0.128911 2.971992 -0.089831
v 0.075917 2.629213 -0.029805
v 0.073195 1.298852 0.080115
v 0.078893 -0.129066 -0.025665
v 0.078836 -0.129345 -0.031553
v 0.073323 2.706286 -0.185552
v 0.073567 2.713684 0.247468
v 0.073946 3.004196 -0.087218
v 0.073525 -0.036428 -0.035398
v 0.073722 -0.035574 -0.036614
v 0.072981 2.646435 0.049170
v 0.074139 2.648170 0.047925
v 0.073816 2.907847 -0.241540
v 0.071964 2.820967 0.006590
v 0.073838 2.818640 0.003188
v 0.073163 2.197939 -0.249650
v 0.076713 2.199523 -0.243130
v 0.074240 2.402657 0.126510
v 0.080429 0.123069 0.000054
v 0.080512 0.123083 0.000030
v 0.074514 2.485448 0.318831
v 0.074482 2.737383 -0.131080
v 0.074498 2.737849 -0.133763
v 0.074563 2.957369 0.050183
v 0.082020 2.681522 0.157951
v 0.075051 2.851529 0.027488
v 0.075168 1.654568 0.182804
v 0.075239 2.668728 0.274971
v 0.075291 3.117837 0.085738
v 0.077513 3.076643 -0.090959
v 0.075610 3.159265 0.019587
v 0.075628 3.092839 -0.058353
v 0.075742 3.061311 0.275973
v 0.079826 2.794674 -0.050047
v 0.079210 -0.011535 0.010836
v 0.076010 2.286807 -0.243846
v 0.087096 2.879310 -0.255086
v 0.087020 2.878919 -0.255017
v 0.087514 2.881600 -0.253092
v 0.080932 -0.122902 -0.048786
v 0.083715 2.675544 0.086118
v 0.080111 2.673730 0.080497
v 0.074320 3.000654 -0.229685
v 0.077361 3.088346 0.106519
v 0.084712 2.736452 -0.132712
v 0.079785 2.739295 -0.129499
v 0.077975 3.136894 0.144990
v 0.126916 2.911401 0.044666
v 0.085816 -0.099408 -0.047378
v 0.090565 -0.079635 -0.034985
v 0.077133 -0.047325 -0.026903
v 0.077244 -0.047247 -0.026959
v 0.077159 3.052479 -0.056004
v 0.077535 2.651400 -0.007374
v 0.076848 2.806287 -0.005032
v 0.076892 2.806892 -0.006692
v 0.142542 2.731287 -0.243197
v 0.077480 2.441265 0.292498
v 0.077603 2.601373 0.262032
v 0.077619 1.723676 0.166715
v 0.086277 -0.100135 -0.010631
v 0.077659 -0.088370 -0.006023
v 0.077706 2.684927 0.218705
v 0.077839 2.518755 -0.309300
v 0.092846 3.037506 -0.023462
v 0.077877 2.552500 -0.174620
v 0.077899 3.077875 0.024754
v 0.077980 2.827976 0.008847
v 0.077987 3.050041 0.263654
v 0.078014 1.334225 0.192203
v 0.081574 2.741848 -0.154728
v 0.076126 2.743371 -0.144515
v 0.078178 3.051012 -0.054536
v 0.079129 2.547140 0.302186
v 0.078248 2.666245 0.274995
v 0.078450 2.696241 0.232241
v 0.078598 2.749530 0.221936
v 0.114074 2.997551 0.027524
v 0.078961 2.648340 -0.157292
v 0.078961 2.648340 -0.157292
v 0.078957 2.756565 0.228217
v 0.079035 2.199329 -0.214065
v 0.080168 2.873610 0.061164
v 0.081903 2.201645 -0.241692
v 0.079135 2.631012 -0.221041
v 0.079149 2.325480 -0.137041
v 0.079152 0.005813 0.013968
v 0.079159 2.695833 0.229861
v 0.079384 2.926199 0.162411
v 0.079296 3.030746 0.188375
v 0.079190 2.541852 -0.191248
v 0.079412 2.922064 0.008119
v 0.079417 3.090737 0.103227
v 0.079486 3.045251 -0.149317
v 0.079668 2.927101 0.164056
v 0.079796 2.591180 -0.296986
v 0.079958 1.311187 0.202606
v 0.080793 2.969671 0.184635
v 0.080135 2.984490 0.191885
v 0.078848 2.757503 0.235501
v 0.080466 2.303796 -0.235905
v 0.080478 2.896077 -0.216418
v 0.080495 3.152460 0.191303
v 0.080535 2.793559 -0.182186
v 0.081878 2.731615 -0.129394
v 0.080566 2.731107 -0.130291
v 0.080574 2.730270 -0.129462
v 0.079827 2.731422 -0.130109
v 0.080795 2.264016 -0.277876
v 0.080813 2.294883 -0.321314
v 0.080874 0.123099 -0.000000
v 0.080874 0.123099 -0.000000
v 0.080874 0.084737 -0.000000
v 0.080874 0.084737 -0.000000
v 0.080874 0.084737 -0.000000
v 0.080874 0.084737 -0.000000
v 0.084582 2.695003 0.342050
v 0.079339 2.755626 0.233722
v 0.081314 -0.123994 -0.071549
v 0.081314 -0.123994 -0.071549
v 0.081314 -0.123994 -0.071549
v 0.081314 -0.123994 -0.071549
v 0.081394 1.582002 0.165551
v 0.093669 2.790268 -0.053262
v 0.089908 2.786254 -0.046709
v 0.081442 2.539905 -0.211423
v 0.081457 2.941118 -0.232251
v 0.123424 2.677881 -0.329104
v 0.087790 2.881639 -0.255790
v 0.081566 2.541845 -0.292489
v 0.081716 3.133981 0.169866
v 0.081882 2.317364 0.354626
v 0.081989 2.623670 -0.260713
v 0.083689 3.112272 0.047090
v 0.082026 2.592103 -0.032873
v 0.082080 2.300734 0.192117
v 0.082116 3.038177 0.046977
v 0.087638 2.651999 0.054372
v 0.087465 2.651931 0.054332
v 0.085582 1.656198 0.105396
v 0.083146 1.654256 0.103094
v 0.082257 2.955930 0.176141
v 0.113416 1.300604 0.069518
v 0.082328 2.274772 -0.202473
v 0.082341 3.045499 -0.020081
v 0.083058 3.048859 -0.037907
v 0.082395 2.600512 0.269628
v 0.089576 2.908838 -0.260875
v 0.084489 2.904143 -0.263721
v 0.082709 2.803217 -0.260755
v 0.082553 3.104630 0.044460
v 0.081780 3.103805 0.045488
v 0.082755 3.112934 -0.110767
v 0.082801 2.548883 -0.093367
v 0.082852 3.055832 0.032187
v 0.083088 1.591464 0.179569
v 0.083192 -0.006032 0.008207
v 0.083229 -0.005224 0.006881
v 0.133168 2.742056 -0.191648
v 0.083394 2.669858 -0.295802
v 0.083496 1.312790 0.228877
v 0.083505 2.724432 0.226374
v 0.088566 1.292513 0.103234
v 0.083848 2.374029 0.282357
v 0.083268 2.544797 -0.214256
v 0.087936 -0.091129 -0.007468
v 0.084127 3.156705 0.192475
v 0.084312 2.818393 0.247212
v 0.084326 2.884726 -0.064158
v 0.084510 2.513803 0.351205
v 0.084590 3.180652 0.130526
v 0.101708 2.665760 -0.106140
v 0.111946 2.856290 -0.003017
v 0.086046 3.016300 0.213232
v 0.085049 2.974936 -0.053667
v 0.085445 3.081756 0.115120
v 0.085194 3.046899 -0.076277
v 0.084966 2.268331 -0.217437
v 0.085266 1.309462 0.225982
v 0.085481 3.149065 -0.229230
v 0.085564 2.697218 0.289829
v 0.085811 1.289723 0.102823
v 0.085628 2.741663 0.271415
v 0.117581 2.649222 -0.310166
v 0.086047 1.274833 0.110214
v 0.086116 2.690242 0.285117
v 0.086331 2.792067 -0.127034
v 0.086383 2.739759 0.270386
v 0.086548 2.490084 0.210551
v 0.086846 3.104573 -0.045650
v 0.087798 0.022083 0.000114
v 0.087503 0.022081 -0.000407
v 0.086862 0.021927 -0.000000
v 0.086862 0.021927 -0.000000
v 0.086862 0.000000 0.000000
v 0.086862 0.000000 0.000000
v 0.086874 2.535453 -0.086399
v 0.085687 3.056578 -0.165533
v 0.103961 1.347443 0.067442
v 0.086990 2.625994 0.287900
v 0.086998 3.148268 0.149416
v 0.087159 3.123083 -0.156500
v 0.087211 2.375160 0.220897
v 0.087250 2.880264 -0.219278
v 0.087032 2.670781 0.082445
v 0.087552 2.671872 0.081092
v 0.124446 2.865806 -0.088211
v 0.087515 2.521632 0.244789
v 0.094320 -0.091464 0.070153
v 0.088968 2.729751 -0.140137
v 0.092455 2.702884 0.148423
v 0.091126 2.672797 0.079524
v 0.087703 2.671647 0.080184
v 0.088154 2.491110 0.197960
v 0.088162 2.410181 0.200037
v 0.088168 2.534724 0.307004
v 0.088226 -0.092052 -0.027781
v 0.088226 -0.092052 -0.027781
v 0.088226 -0.092052 -0.027781
v 0.088226 -0.092052 -0.027781
v 0.092816 2.901571 -0.260942
v 0.088437 1.704826 0.044559
v 0.088540 2.933206 -0.322775
v 0.122572 1.706392 0.080556
v 0.088701 2.331757 -0.246019
v 0.088855 2.908620 0.018157
v 0.089005 2.676627 0.109190
v 0.089008 3.105398 -0.212350
v 0.089062 2.990284 0.023999
v 0.102204 2.776030 -0.202683
v 0.089682 2.621566 0.288373
v 0.089723 2.200498 -0.066548
v 0.089801 1.725065 0.176703
v 0.089833 2.837994 0.355055
v 0.089896 2.706430 0.192190
v 0.095690 2.707339 0.175211
v 0.090089 1.349423 0.183539
v 0.090166 2.759630 -0.111432
v 0.090518 3.036631 0.012479
v 0.090936 3.035766 0.011791
v 0.091536 2.652497 -0.296191
v 0.090674 3.022047 -0.041655
v 0.092353 2.989706 0.199230
v 0.090436 2.316627 -0.230737
v 0.090516 3.064299 0.098442
v 0.090582 -0.105989 -0.029336
v 0.090582 -0.105989 -0.029336
v 0.090582 -0.105989 -0.029336
v 0.090582 -0.105989 -0.029336
v 0.148020 2.529363 0.297282
v 0.093925 3.037349 0.015301
v 0.090783 1.672119 0.169865
v 0.090868 2.762046 0.281202
v 0.097563 2.707765 0.158873
v 0.090539 2.767718 0.284282
v 0.091551 2.659773 -0.259944
v 0.091357 2.905926 -0.257148
v 0.091358 1.348944 0.236618
v 0.097578 -0.098053 0.034040
v 0.091602 3.048568 0.104176
v 0.091739 2.823621 0.008818
v 0.091873 2.449414 0.319790
v 0.092183 3.042270 -0.099914
v 0.092232 1.308850 0.074769
v 0.098465 -0.130183 -0.046377
v 0.098599 -0.130410 -0.011182
v 0.092432 3.181955 0.102717
v 0.095387 2.984820 0.198185
v 0.092776 2.985733 -0.168178
v 0.092894 2.873655 0.138909
v 0.092923 2.781464 0.226816
v 0.094362 2.702075 0.223043
v 0.092932 2.902389 -0.259228
v 0.092698 2.902656 -0.260867
v 0.093057 2.601958 -0.322873
v 0.093062 2.629111 -0.296010
v 0.093239 2.230662 -0.231056
v 0.092972 2.506510 0.307668
v 0.093385 2.989341 -0.246025
v 0.093308 2.631226 0.070500
v 0.093450 2.362183 0.319583
v 0.093424 2.901423 -0.260145
v 0.094566 2.699192 0.144064
v 0.115082 -0.083233 0.051718
v 0.096502 2.736495 -0.202652
v 0.099240 2.725513 0.191889
v 0.094229 3.122457 -0.243367
v 0.094328 2.903878 -0.032347
v 0.094346 3.140910 0.106684
v 0.094405 3.052252 0.240759
v 0.094693 2.493722 -0.232048
v 0.094800 2.781151 -0.216300
v 0.127878 2.612050 -0.038455
v 0.094875 2.655955 -0.321386
v 0.094669 2.699740 0.145428
v 0.095111 2.700874 0.145268
v 0.095047 3.002501 -0.024204
v 0.095117 2.849521 -0.204854
v 0.095206 2.459242 0.343977
v 0.095617 2.645754 -0.237483
v 0.098295 -0.109059 -0.068553
v 0.095852 3.082086 -0.128767
v 0.096053 2.428369 0.314828
v 0.113546 2.899667 0.125087
v 0.103537 2.665715 0.060229
v 0.097163 2.666667 0.057893
v 0.101734 -0.090236 -0.029033
v 0.096751 2.463765 0.239691
v 0.097025 1.318623 0.172055
v 0.097352 2.930106 -0.122085
v 0.097543 2.497651 -0.145674
v 0.097404 2.852047 -0.302930
v 0.097427 2.476895 0.310878
v 0.111534 2.793288 0.325666
v 0.097610 2.261391 -0.292055
v 0.097750 1.660332 0.169040
v 0.097790 3.217282 -0.236690
v 0.097921 2.417960 0.199015
v 0.097943 2.373021 0.353530
v 0.098177 2.818950 0.027937
v 0.114777 2.265125 -0.249375
v 0.098478 3.006186 0.210550
v 0.097862 2.546585 -0.188918
v 0.098577 2.690754 0.327598
v 0.099078 2.705607 0.159961
v 0.109461 2.299321 -0.205402
v 0.111770 2.299939 -0.208885
v 0.098722 3.086645 -0.001732
v 0.098944 2.518535 0.267307
v 0.101708 2.704398 -0.022672
v 0.099079 2.480787 0.282543
v 0.099126 2.426378 0.301609
v 0.099327 -0.101544 0.053630
v 0.099327 -0.101544 0.053630
v 0.099327 -0.101544 0.053630
v 0.099327 -0.101544 0.053630
v 0.099431 1.672927 0.079456
v 0.135269 2.974567 -0.005301
v 0.099618 2.589204 -0.313151
v 0.099734 2.291915 0.346181
v 0.100289 2.659049 0.059664
v 0.100827 2.659046 0.058237
v 0.099806 2.657455 0.058487
v 0.099701 2.658692 0.057698
v 0.099876 3.052281 0.135504
v 0.102466 2.461797 -0.160678
v 0.100326 2.202457 -0.197590
v 0.100209 2.552143 -0.251542
v 0.101672 2.630417 -0.290647
v 0.106389 2.648248 -0.205740
v 0.104330 2.740232 0.215254
v 0.100572 2.862693 -0.347303
v 0.100928 2.970054 0.000705
v 0.101318 2.605402 -0.317429
v 0.101857 2.524932 0.150542
v 0.103790 -0.079208 -0.025089
v 0.101570 2.388371 -0.157245
v 0.101289 2.388000 -0.156584
v 0.101764 2.391766 -0.161891
v 0.113599 2.389472 -0.164742
v 0.101996 2.636602 -0.186481
v 0.101829 -0.136904 -0.028836
v 0.101829 -0.136904 -0.028836
v 0.101829 -0.136904 -0.028836
v 0.101829 -0.136904 -0.028836
v 0.102022 2.976928 0.017101
v 0.103426 2.741119 -0.180758
v 0.104283 2.742867 -0.183340
v 0.102500 2.925546 -0.190116
v 0.102548 2.688825 0.282367
v 0.102574 2.604436 0.041909
v 0.102579 2.236202 -0.225395
v 0.109636 2.762636 0.267593
v 0.104982 2.646867 -0.206632
v 0.102929 3.142451 0.266129
v 0.102989 3.038724 0.276311
v 0.103023 2.825456 -0.140636
v 0.103093 2.806561 -0.111394
v 0.110787 2.641769 -0.186540
v 0.103459 3.196571 0.230589
v 0.103657 2.890545 -0.007408
v 0.104331 2.882767 0.029476
v 0.103912 2.649937 -0.220362
v 0.113944 2.679605 -0.115579
v 0.111048 2.672483 -0.118340
v 0.104095 2.821757 0.187669
v 0.104825 2.970560 0.166520
v 0.108340 2.749831 0.227318
v 0.104491 2.464208 -0.272740
v 0.104632 2.886142 0.042122
v 0.104910 2.375153 -0.151122
v 0.105674 2.739197 0.214931
v 0.110397 2.850692 0.001787
v 0.104989 1.649420 0.083272
v 0.108107 3.097256 0.057424
v 0.106776 2.563769 -0.193648
v 0.134199 2.260935 -0.234256
v 0.105622 1.741253 0.200429
v 0.110242 2.647591 -0.182972
v 0.107769 2.647945 -0.189257
v 0.107197 2.650825 -0.188198
v 0.109030 2.649924 -0.186439
v 0.106466 2.647017 -0.187591
v 0.105988 2.648970 -0.187345
v 0.105833 2.473558 -0.262184
v 0.105915 2.533238 -0.067697
v 0.105950 2.228918 -0.270067
v 0.112622 2.397225 -0.159145
v 0.106123 2.893199 -0.298054
v 0.106179 3.117390 0.236711
v 0.108985 1.690520 0.133063
v 0.107300 1.688033 0.130547
v 0.105845 2.370414 -0.167666
v 0.106652 2.370148 -0.167047
v 0.107132 2.371033 -0.166722
v 0.105876 2.368304 -0.165596
v 0.107200 2.983930 -0.062924
v 0.106699 2.629265 -0.035580
v 0.109672 2.943773 -0.102429
v 0.106980 3.122024 0.181898
v 0.106984 3.036061 -0.013338
v 0.111919 2.673021 -0.081689
v 0.109419 3.138604 -0.134870
v 0.107120 2.452675 0.229851
v 0.107139 2.726092 0.318434
v 0.107218 2.704531 0.303014
v 0.166147 3.111871 -0.034564
v 0.107426 3.068977 -0.108886
v 0.109307 2.846954 0.001467
v 0.108377 2.402995 -0.155115
v 0.107829 2.875005 -0.012436
v 0.108009 2.207045 -0.333169
v 0.152100 2.406021 0.266317
v 0.108077 2.672987 -0.082338
v 0.116774 2.671289 -0.087621
v 0.105878 2.422887 0.192432
v 0.108268 2.497102 0.275783
v 0.110576 2.390220 -0.155852
v 0.109033 2.644405 -0.189964
v 0.158815 2.916026 -0.006896
v 0.108742 2.609221 -0.263473
v 0.159341 3.126154 0.091009
v 0.109065 2.665583 0.273338
v 0.109464 2.664465 0.273614
v 0.109756 2.847901 0.003031
v 0.109870 2.940371 -0.258829
v 0.114951 1.704271 0.134569
v 0.109949 2.696099 -0.224784
v 0.110165 2.384356 -0.157245
v 0.110165 2.384356 -0.157245
v 0.112323 2.385651 -0.158631
v 0.110175 2.385326 -0.160543
v 0.110255 3.147240 -0.051892
v 0.110281 2.479583 -0.104573
v 0.110978 3.059213 0.136822
v 0.114474 3.058976 0.137691
v 0.110666 2.440658 -0.011356
v 0.137677 3.111840 0.054093
v 0.110649 2.229270 -0.299143
v 0.111993 2.991743 -0.018474
v 0.113423 2.665393 -0.078360
v 0.111028 3.108085 0.058287
v 0.114292 -0.122421 -0.028789
v 0.160742 2.730564 -0.182158
v 0.118112 2.692305 -0.138825
v 0.117342 2.691677 -0.131564
v 0.111540 2.759299 0.239515
v 0.111568 2.830166 0.288287
v 0.113797 2.774269 0.266566
v 0.111854 2.666433 -0.084275
v 0.111880 2.366308 0.313677
v 0.115223 2.862293 0.007327
v 0.111205 2.926905 -0.117967
v 0.114956 2.675024 -0.116151
v 0.112447 3.234185 -0.168387
v 0.112487 2.898779 -0.343015
v 0.112595 2.492156 -0.321504
v 0.112947 2.688002 -0.153306
v 0.112647 3.083024 -0.155914
v 0.112709 1.701287 0.133402
v 0.112715 3.117192 0.155743
v 0.114789 2.477302 0.303317
v 0.118072 2.377881 -0.170989
v 0.112830 2.571661 -0.318732
v 0.113036 2.909438 -0.123478
v 0.113178 2.375322 0.204752
v 0.113342 2.796444 -0.123412
v 0.113426 1.359434 0.144396
v 0.113525 2.922359 -0.300596
v 0.113563 1.603063 0.126400
v 0.113590 2.547235 -0.181792
v 0.114064 2.640778 0.166431
v 0.113965 2.629185 -0.248626
v 0.114109 2.762725 0.012927
v 0.114274 2.221194 -0.223458
v 0.114274 2.221194 -0.223458
v 0.114482 2.667322 -0.087397
v 0.114418 3.060225 0.034289
v 0.114458 3.101419 0.195426
v 0.114710 2.745805 0.328277
v 0.114725 3.103170 -0.149446
v 0.114993 2.445599 0.287721
v 0.114993 3.034271 0.218121
v 0.116255 2.313389 -0.199647
v 0.115837 2.315012 -0.200487
v 0.122820 2.314031 -0.198236
v 0.113887 2.314233 -0.198633
v 0.115443 2.556840 -0.028710
v 0.120121 2.348298 -0.180071
v 0.117010 2.351216 -0.173251
v 0.115515 3.165724 0.140774
v 0.119440 2.223381 -0.228706
v 0.116024 2.958434 0.003411
v 0.117991 2.663973 -0.082261
v 0.116566 3.145668 -0.095831
v 0.116600 2.235731 -0.167504
v 0.116615 2.989390 0.149951
v 0.146243 1.683581 0.086516
v 0.117023 1.372356 0.185259
v 0.121802 2.225833 -0.225857
v 0.117419 2.663128 -0.082729
v 0.116860 2.664904 -0.085519
v 0.117064 2.902364 -0.073149
v 0.117318 2.675468 -0.116356
v 0.116864 2.861919 0.005757
v 0.117403 3.240984 0.187912
v 0.117596 2.347189 0.340134
v 0.117921 3.120054 -0.057373
v 0.121600 2.413231 -0.183465
v 0.135271 2.409235 -0.183040
v 0.118294 2.941604 -0.110382
v 0.118402 2.449350 0.295502
v 0.118411 1.647035 0.153680
v 0.118420 2.660921 -0.329474
v 0.118441 2.661838 0.062582
v 0.118643 2.720743 -0.103672
v 0.118484 2.456861 0.311574
v 0.122270 2.338879 0.340817
v 0.118733 2.458881 0.278736
v 0.119388 2.246444 -0.227723
v 0.118772 1.344894 0.184328
v 0.119043 3.041082 0.030333
v 0.119261 2.310958 -0.202302
v 0.119555 2.233016 -0.227774
v 0.119734 3.022521 0.026035
v 0.120106 2.747018 -0.231178
v 0.121469 2.991807 0.218282
v 0.120373 2.858083 -0.070722
v 0.120376 3.266512 -0.202310
v 0.120485 2.463970 -0.112086
v 0.120548 2.993037 0.215513
v 0.140969 1.702091 0.059632
v 0.120672 2.228529 -0.315441
v 0.121352 2.301545 -0.214524
v 0.121129 2.300785 -0.215232
v 0.120755 2.873270 -0.225258
v 0.120837 2.207678 -0.204977
v 0.120912 3.005657 -0.272294
v 0.120953 2.680041 -0.227597
v 0.121017 2.211626 -0.305634
v 0.122533 2.344117 0.347294
v 0.121277 2.688163 -0.135393
v 0.121328 2.685389 -0.134054
v 0.121429 3.002879 0.199801
v 0.121454 2.685297 -0.133830
v 0.122298 3.116256 -0.110413
v 0.121606 2.979873 -0.067072
v 0.123548 2.344863 0.338628
v 0.128865 2.740908 0.205234
v 0.121859 2.229636 -0.264840
v 0.121876 2.815502 -0.243345
v 0.121992 2.736429 -0.142233
v 0.120713 2.339302 0.339468
v 0.122307 3.256251 0.176810
v 0.132990 2.437313 -0.207567
v 0.122544 2.943608 -0.246486
v 0.122616 2.408643 0.347461
v 0.122742 1.706898 0.151427
v 0.124175 2.982220 -0.059725
v 0.123368 2.232255 -0.315547
v 0.135735 2.402351 -0.186095
v 0.134192 2.406989 -0.184902
v 0.123531 2.344857 0.338663
v 0.123531 2.344857 0.338663
v 0.190123 3.056278 0.070108
v 0.122757 2.756769 -0.081078
v 0.129922 2.347554 -0.178133
v 0.124869 2.266206 -0.236763
v 0.124091 1.749616 0.177712
v 0.123680 2.602951 -0.219616
v 0.129652 2.986559 -0.251502
v 0.124649 2.521562 -0.221290
v 0.125006 3.035175 -0.195798
v 0.124446 2.984030 -0.253469
v 0.125414 1.592031 0.147499
v 0.164935 2.881803 -0.093386
v 0.125418 2.296383 -0.238496
v 0.128921 2.297183 -0.236003
v 0.125771 2.383400 0.315708
v 0.125839 2.979372 0.078160
v 0.136887 2.448577 0.296997
v 0.126469 2.752597 -0.276138
v 0.127009 2.256126 -0.247852
v 0.127297 2.594398 -0.236952
v 0.127306 2.668044 -0.049008
v 0.127513 3.098966 -0.081875
v 0.129403 2.456071 0.295816
v 0.128481 2.987609 0.023939
v 0.131221 2.985470 0.022954
v 0.128211 2.300346 -0.218374
v 0.128239 2.821081 -0.288306
v 0.128740 2.250887 -0.263236
v 0.128481 2.777861 -0.214595
v 0.129339 2.254881 -0.256770
v 0.128925 2.844446 -0.111297
v 0.129044 1.405499 0.119905
v 0.129159 3.161299 -0.163919
v 0.129252 1.387554 0.176395
v 0.129454 2.983422 0.140980
v 0.129467 3.201991 -0.188483
v 0.129472 2.423077 0.257628
v 0.129706 2.428594 0.163741
v 0.174047 2.244059 -0.218355
v 0.129738 2.709692 -0.282902
v 0.129828 2.262992 -0.226603
v 0.129913 1.755249 0.176271
v 0.130060 2.939809 0.021870
v 0.133096 2.349391 0.334063
v 0.130320 2.982970 -0.252747
v 0.130573 2.989808 0.224467
v 0.132471 2.715755 -0.170799
v 0.134410 2.717059 -0.173053
v 0.131000 2.469235 0.273616
v 0.131317 2.490948 -0.269237
v 0.132266 2.640490 -0.229952
v 0.131540 2.870039 -0.036013
v 0.132722 3.068339 -0.250341
v 0.131828 2.571026 0.298619
v 0.131885 2.879761 -0.002635
v 0.132210 1.678427 0.131004
v 0.132221 3.098636 -0.099371
v 0.132607 3.133842 -0.240535
v 0.132661 2.835811 -0.029850
v 0.132776 2.261518 -0.260607
v 0.131148 3.018009 0.105039
v 0.133267 2.545794 -0.069809
v 0.133281 3.106128 0.221306
v 0.133457 2.428849 0.312366
v 0.133515 2.442816 0.235937
v 0.133916 2.770669 -0.130000
v 0.133948 3.168055 0.046352
v 0.134134 2.810590 -0.052346
v 0.134282 3.055612 0.100405
v 0.136278 2.982427 -0.082739
v 0.176008 2.415088 0.299366
v 0.134516 2.346081 -0.140160
v 0.134623 2.283772 -0.202234
v 0.134983 2.999177 -0.062842
v 0.134991 2.241452 -0.270682
v 0.135033 2.365381 0.342326
v 0.135056 2.706182 -0.092915
v 0.141652 2.357052 0.330007
v 0.135188 3.100981 -0.301383
v 0.135203 2.844282 -0.216409
v 0.136932 2.933512 0.061827
v 0.135424 2.706491 -0.224246
v 0.141133 2.430906 -0.213551
v 0.132778 2.425072 -0.199647
v 0.135756 2.520473 -0.293262
v 0.135869 2.608644 -0.185591
v 0.135967 2.347172 0.335119
v 0.136463 2.463797 -0.092444
v 0.142307 2.692867 -0.073373
v 0.143697 2.695225 -0.082432
v 0.136719 2.468875 -0.094675
v 0.154649 2.913778 0.032005
v 0.137132 2.475522 0.350290
v 0.142181 2.433661 0.301499
v 0.137702 2.440047 -0.163585
v 0.137732 2.658218 -0.288130
v 0.137740 2.773535 -0.226317
v 0.137924 3.015518 0.011297
v 0.138018 2.846243 -0.152414
v 0.138891 2.521561 0.255138
v 0.198413 2.719329 0.347149
v 0.138587 2.268047 -0.086395
v 0.138918 2.236101 -0.205933
v 0.138940 2.299572 -0.174047
v 0.138961 2.734119 0.061457
v 0.139128 2.689622 -0.278884
v 0.139149 2.318503 -0.304154
v 0.198860 2.389170 -0.269783
v 0.199140 2.749413 0.301759
v 0.139556 2.867256 -0.053863
v 0.139613 2.249122 -0.145260
v 0.144616 2.690830 -0.079117
v 0.139702 2.422203 -0.264242
v 0.139966 3.088174 -0.286252
v 0.155707 2.979176 0.235926
v 0.139850 3.130442 -0.183492
v 0.140142 2.895773 0.035478
v 0.141053 2.940459 -0.020485
v 0.140783 2.602089 -0.247630
v 0.141279 2.730504 0.256592
v 0.141582 3.191513 0.144632
v 0.142186 2.714817 -0.183225
v 0.141817 3.200446 -0.033631
v 0.141874 2.476774 -0.097199
v 0.142067 2.885404 0.007925
v 0.145770 2.898098 0.004367
v 0.142284 2.364048 -0.139455
v 0.209744 2.700139 0.330480
v 0.142518 2.709166 -0.302865
v 0.142551 2.519996 -0.310746
v 0.203127 2.654204 0.340432
v 0.143253 2.609558 0.173946
v 0.145330 2.894030 0.003205
v 0.143935 2.704559 -0.178761
v 0.144008 2.494840 0.273971
v 0.143721 2.406489 0.256772
v 0.143819 2.908362 0.100191
v 0.144176 2.692728 0.023118
v 0.144036 1.764999 0.174815
v 0.146308 2.360690 0.334484
v 0.145938 2.939344 0.041785
v 0.154399 2.940624 0.037773
v 0.144538 2.734192 0.240696
v 0.144720 2.735559 0.318299
v 0.144748 2.621307 0.294161
v 0.144555 2.783304 0.222180
v 0.156315 2.393173 0.140218
v 0.164021 2.402835 0.143014
v 0.144961 2.826636 -0.069702
v 0.145018 2.879060 0.051085
v 0.145430 2.242691 -0.177033
v 0.145568 3.066814 -0.181166
v 0.145596 2.716175 0.264370
v 0.145912 2.689619 -0.077542
v 0.146111 2.382671 0.272377
v 0.147633 2.367858 0.324478
v 0.148116 2.368720 0.324932
v 0.146893 2.408513 0.344889
v 0.146974 2.773107 -0.109141
v 0.148257 2.933210 0.038058
v 0.147449 2.205140 -0.211102
v 0.147746 3.103636 -0.014708
v 0.147939 2.435396 -0.183278
v 0.148147 3.057733 0.057456
v 0.197740 3.016518 -0.061091
v 0.148741 2.695064 -0.264363
v 0.150516 2.713739 -0.196990
v 0.149003 2.765657 0.205611
v 0.151099 2.405406 0.149913
v 0.152103 2.934079 0.037161
v 0.150100 3.073907 0.077370
v 0.150639 3.073599 0.076001
v 0.149451 2.600069 0.222108
v 0.155704 3.075888 0.078391
v 0.149730 3.266832 -0.198416
v 0.149778 2.425097 0.281108
v 0.153486 2.391450 0.143874
v 0.149956 2.898974 0.033564
v 0.150234 2.205511 -0.273032
v 0.150257 2.543892 -0.301291
v 0.156559 2.954437 0.100193
v 0.228673 2.898852 0.088169
v 0.150553 2.391536 0.283888
v 0.150884 2.388367 0.141761
v 0.152147 2.388634 0.141726
v 0.156120 2.392258 0.140053
v 0.192312 3.032093 -0.224470
v 0.151403 2.410034 0.140187
v 0.219367 2.803378 0.279441
v 0.157225 2.668002 0.075471
v 0.151483 2.933917 0.037805
v 0.151978 2.934899 0.038442
v 0.153256 2.936206 0.036660
v 0.151514 2.400213 0.139302
v 0.181945 2.886491 -0.054799
v 0.151592 3.089436 0.147970
v 0.160526 2.711384 -0.062734
v 0.153009 2.711204 -0.066916
v 0.152024 2.465408 0.317556
v 0.152033 2.606477 -0.179582
v 0.152081 3.001065 0.164326
v 0.152509 2.603023 -0.185079
v 0.152552 2.740778 -0.211104
v 0.152592 3.043112 0.289637
v 0.152596 2.286739 -0.132617
v 0.213143 3.082614 -0.221734
v 0.222919 2.795633 0.273871
v 0.152779 2.388510 0.141761
v 0.153111 2.426189 0.227127
v 0.153950 2.664649 0.074931
v 0.154680 2.664800 0.073882
v 0.153602 2.765048 -0.217821
v 0.153603 2.686854 -0.183033
v 0.153603 2.686854 -0.183033
v 0.153748 3.122917 0.250913
v 0.153908 2.211043 -0.136808
v 0.175385 3.099541 -0.123040
v 0.154308 2.953315 0.020265
v 0.154476 2.586099 -0.258688
v 0.154970 1.748259 0.136510
v 0.159038 2.704703 -0.068051
v 0.156193 3.072971 0.260998
v 0.156539 2.858342 0.014569
v 0.156665 2.918977 -0.049279
v 0.156814 2.514110 0.284340
v 0.156836 2.321269 0.310486
v 0.157210 2.709738 -0.276651
v 0.158005 2.941851 0.331940
v 0.228069 2.735197 0.282304
v 0.189138 2.750383 0.019956
v 0.230309 2.714442 0.263661
v 0.159070 2.960851 0.057140
v 0.162282 2.978828 0.242613
v 0.158476 2.847987 -0.164458
v 0.159379 3.002493 -0.004275
v 0.158879 3.059296 -0.229942
v 0.159739 2.637036 0.276313
v 0.159938 2.942399 0.136907
v 0.160305 3.056754 0.180347
v 0.160331 2.622614 -0.165008
v 0.216631 2.516744 0.007253
v 0.161098 2.635509 -0.100295
v 0.160540 2.897520 -0.269421
v 0.160921 2.613868 -0.158151
v 0.160849 2.705745 -0.063696
v 0.161189 2.704458 -0.065945
v 0.161120 2.703777 -0.065871
v 0.232029 2.793742 0.249447
v 0.239751 2.344504 -0.249492
v 0.161677 3.105706 0.177866
v 0.161715 2.649520 0.290114
v 0.162272 2.788758 -0.314803
v 0.170209 2.981139 0.066096
v 0.162357 2.686509 -0.238804
v 0.162550 2.881856 -0.103701
v 0.171053 2.720544 -0.067193
v 0.175902 2.864170 -0.107961
v 0.163040 2.490361 0.315162
v 0.163485 2.959247 0.084448
v 0.163556 2.991048 -0.112808
v 0.163582 2.730261 -0.196084
v 0.163716 2.257181 -0.221478
v 0.166856 2.666666 0.080252
v 0.166014 2.703867 -0.224842
v 0.164106 2.402651 0.142543
v 0.163911 2.528644 0.252542
v 0.164498 3.044894 -0.222742
v 0.164914 2.893284 -0.068765
v 0.165084 2.854079 -0.234438
v 0.165231 2.715206 -0.152791
v 0.165947 3.150403 0.268656
v 0.166272 2.373614 -0.241137
v 0.166314 2.686819 -0.193244
v 0.166502 2.926811 -0.062031
v 0.167104 2.775898 0.003978
v 0.168864 2.857030 -0.201525
v 0.167448 2.479221 0.224924
v 0.167571 2.717337 -0.204725
v 0.167669 2.662122 0.075160
v 0.167654 2.723989 -0.260402
v 0.167982 3.153392 -0.178366
v 0.168092 2.461866 0.296968
v 0.172307 2.396229 0.338797
v 0.168253 2.864725 -0.278811
v 0.171173 3.068141 -0.227145
v 0.168589 2.639004 -0.227870
v 0.168955 3.038144 0.171549
v 0.169106 2.658456 -0.200232
v 0.169456 2.853457 -0.126318
v 0.169643 2.522401 0.269253
v 0.169708 3.220604 -0.114482
v 0.169780 2.323092 -0.253702
v 0.170017 2.778183 0.351586
v 0.170150 2.997425 0.228839
v 0.170246 2.796978 -0.086976
v 0.172966 2.654082 -0.199750
v 0.170590 1.790444 0.178734
v 0.170619 2.334780 -0.167347
v 0.170954 2.219816 -0.263359
v 0.170984 2.949936 -0.044986
v 0.171208 2.498868 0.247728
v 0.177819 3.000216 0.079506
v 0.171404 2.365119 -0.287336
v 0.171642 3.184026 0.009034
v 0.172495 2.379828 0.263435
v 0.175661 3.051209 -0.218674
v 0.172899 2.851731 0.321633
v 0.173160 2.640640 -0.204304
v 0.173223 2.741143 0.230777
v 0.172514 2.975244 0.064407
v 0.172920 2.975555 0.062454
v 0.188598 2.673977 0.090234
v 0.173558 2.769956 -0.032211
v 0.174429 2.374022 0.186201
v 0.173773 2.381966 0.187308
v 0.171916 2.380628 0.188912
v 0.166427 2.382470 0.188457
v 0.173849 2.253561 -0.298390
v 0.173920 2.448154 -0.219328
v 0.174420 2.701771 0.280445
v 0.173578 2.783606 -0.050727
v 0.175136 2.711587 -0.051331
v 0.175716 2.670861 0.086028
v 0.175723 3.003433 -0.036366
v 0.176166 2.697717 0.276768
v 0.176346 3.089611 0.028849
v 0.178607 3.077443 -0.225123
v 0.176452 2.612434 -0.205389
v 0.185061 2.659901 0.075264
v 0.178876 2.660559 0.075772
v 0.177476 3.109370 0.197953
v 0.248187 2.754221 0.283505
v 0.248055 2.736347 0.270501
v 0.177769 2.415911 0.346570
v 0.178038 2.480083 0.350253
v 0.178146 2.617485 -0.013425
v 0.178331 2.303030 -0.251254
v 0.178702 2.953329 -0.073720
v 0.186706 2.415474 -0.245208
v 0.183169 2.420178 -0.241335
v 0.178646 2.681323 0.158819
v 0.181454 2.416525 -0.239705
v 0.179573 2.413604 -0.242715
v 0.181307 2.366524 0.219316
v 0.183015 2.364094 0.217889
v 0.180542 2.364672 0.215823
v 0.180690 2.364972 0.215688
v 0.182201 2.413561 0.346525
v 0.181063 3.073574 0.079861
v 0.181539 2.766847 -0.211958
v 0.181721 3.108705 0.347210
v 0.181736 2.421498 0.168591
v 0.181809 3.058284 -0.213869
v 0.190085 2.366414 0.225384
v 0.183420 2.376572 0.220185
v 0.182203 2.254453 -0.282745
v 0.184660 2.413092 -0.242611
v 0.183158 2.412787 -0.243530
v 0.185433 2.409928 -0.241212
v 0.182923 2.718991 -0.027195
v 0.183768 2.696525 0.083413
v 0.182950 3.011121 -0.235337
v 0.183368 1.796756 0.153959
v 0.183193 2.574311 -0.227502
v 0.184150 2.773312 0.228538
v 0.184196 2.257920 -0.277159
v 0.183424 3.076681 -0.205440
v 0.184678 3.121051 0.090238
v 0.185391 2.311797 -0.261315
v 0.188942 3.076683 -0.206044
v 0.185986 2.766747 -0.190856
v 0.186158 2.963449 0.094791
v 0.189296 3.098480 -0.218097
v 0.186528 3.045338 -0.239182
v 0.186614 2.843840 0.054016
v 0.186826 2.685500 -0.198829
v 0.187057 3.037281 0.043114
v 0.188637 2.431150 0.354960
v 0.187675 2.668446 -0.174052
v 0.258788 2.723783 -0.180532
v 0.193998 2.801073 -0.131753
v 0.188036 2.577559 -0.224272
v 0.188542 3.084268 -0.227354
v 0.188818 3.147062 -0.186352
v 0.195163 2.749171 -0.112073
v 0.188999 2.742678 -0.110042
v 0.189418 2.607976 0.134024
v 0.191652 2.394077 0.184999
v 0.189677 2.915864 0.268133
v 0.190192 2.243652 -0.307080
v 0.190551 3.109788 -0.280074
v 0.190620 2.399373 0.187308
v 0.190778 2.211053 -0.317208
v 0.190373 2.970822 -0.271627
v 0.191034 2.261663 -0.266286
v 0.195325 2.791393 -0.123433
v 0.192067 2.629586 -0.202717
v 0.192077 2.663347 -0.180144
v 0.199906 2.774573 -0.121121
v 0.192210 3.071157 -0.214547
v 0.192298 2.693192 -0.191757
v 0.191307 2.935284 -0.205166
v 0.192770 3.067402 -0.253982
v 0.192801 2.745619 -0.107312
v 0.199779 2.425297 -0.261258
v 0.194368 2.765023 -0.277452
v 0.194480 2.448630 0.347420
v 0.194525 2.711583 -0.205662
v 0.194528 3.075274 -0.193902
v 0.194772 2.964948 0.111542
v 0.194855 2.755420 -0.252075
v 0.194939 2.827438 -0.183718
v 0.195113 2.484312 0.206101
v 0.195250 3.084471 0.263530
v 0.195276 2.998582 -0.014342
v 0.195286 2.704524 -0.198911
v 0.193001 2.803623 -0.126545
v 0.196002 2.446694 0.347382
v 0.196201 2.395260 -0.243334
v 0.196834 2.394772 -0.243386
v 0.196447 2.214359 -0.290286
v 0.196547 2.746958 -0.108656
v 0.197357 2.700540 -0.137424
v 0.197927 2.739009 -0.121326
v 0.202000 2.744790 -0.120611
v 0.197634 2.738857 -0.121087
v 0.197634 2.738857 -0.121087
v 0.197715 2.450855 0.352318
v 0.197784 3.099327 -0.246592
v 0.197976 2.661587 -0.136670
v 0.198326 2.765333 -0.231893
v 0.198360 3.090329 0.216985
v 0.198501 2.680360 -0.237029
v 0.198811 2.686973 -0.165375
v 0.199022 2.808744 -0.205947
v 0.204608 2.367875 0.244603
v 0.199450 2.629920 -0.223432
v 0.199515 2.310227 -0.293899
v 0.199586 2.828810 -0.017313
v 0.200736 2.772943 -0.289872
v 0.199785 2.625996 0.237175
v 0.200096 2.757044 -0.185236
v 0.200141 3.070068 -0.005645
v 0.200592 2.290322 -0.092353
v 0.200553 2.259847 -0.212361
v 0.200593 2.659103 0.126182
v 0.200651 2.673822 0.111780
v 0.200957 2.431391 0.296911
v 0.201292 2.849060 -0.063272
v 0.201469 2.971816 0.100401
v 0.203028 2.701822 -0.250980
v 0.202294 2.723909 -0.195206
v 0.202491 2.507107 0.296577
v 0.203217 2.354448 0.239228
v 0.203654 2.490573 0.003925
v 0.203871 3.054829 -0.272210
v 0.204149 2.630052 0.215621
v 0.204569 3.028867 0.056869
v 0.204629 2.404028 -0.136496
v 0.204821 2.386144 -0.288033
v 0.204894 2.864223 -0.207272
v 0.205006 2.751688 0.269728
v 0.211574 2.938441 0.022871
v 0.210289 2.730695 -0.139681
v 0.207279 2.732626 -0.132627
v 0.205485 3.052271 0.010965
v 0.205543 3.078302 -0.226984
v 0.205607 2.816525 -0.110048
v 0.205797 2.541127 0.260735
v 0.205856 2.809597 0.206459
v 0.206821 2.933311 0.024755
v 0.207314 2.933871 0.022859
v 0.207125 2.559135 0.086920
v 0.208040 2.836835 -0.045723
v 0.207770 2.840130 -0.046357
v 0.207442 2.594013 0.214559
v 0.206849 2.761872 -0.072250
v 0.207851 3.050739 -0.247182
v 0.210099 2.638436 -0.053143
v 0.208447 2.756743 0.331432
v 0.209213 2.654498 -0.049464
v 0.209693 2.651828 -0.045891
v 0.208738 2.956326 -0.067494
v 0.209526 2.520654 0.286695
v 0.210180 2.884650 -0.173886
v 0.210337 2.397774 -0.193980
v 0.210406 2.638694 -0.052502
v 0.210412 2.753409 0.254220
v 0.213067 2.383009 -0.246466
v 0.215368 2.382411 -0.242781
v 0.212520 2.640167 -0.051480
v 0.211693 2.640036 -0.051655
v 0.211957 2.651397 -0.046514
v 0.212193 2.631651 0.081107
v 0.211037 2.391787 -0.203700
v 0.211700 2.807161 -0.087124
v 0.212248 2.640380 0.067714
v 0.212336 2.638870 -0.052502
v 0.212336 2.638870 -0.052502
v 0.212808 3.038783 0.202732
v 0.213216 2.631794 0.313090
v 0.213392 2.646151 0.106348
v 0.222327 2.385907 -0.246227
v 0.213998 2.414322 0.115547
v 0.214015 2.414991 0.118411
v 0.213596 3.153536 -0.186293
v 0.214041 2.641882 0.065302
v 0.214063 2.726662 0.283300
v 0.214073 2.749047 0.231768
v 0.214120 2.524588 0.072721
v 0.214214 2.613906 0.160706
v 0.214642 2.341162 -0.241884
v 0.215112 2.667563 0.097156
v 0.214559 2.701392 0.057392
v 0.214376 2.255559 -0.298898
v 0.213431 2.401709 0.119912
v 0.217050 2.401465 0.120249
v 0.214620 2.473989 0.199903
v 0.214851 2.625741 0.234671
v 0.214998 2.813480 0.237383
v 0.268601 2.680612 -0.180591
v 0.215326 2.878617 -0.198577
v 0.215732 2.397137 0.123880
v 0.215732 2.397137 0.123880
v 0.216062 2.245015 -0.272467
v 0.216642 2.630670 0.083087
v 0.216529 2.649599 -0.173972
v 0.219589 2.811692 -0.158365
v 0.217551 2.687144 -0.142763
v 0.217744 2.728155 0.217785
v 0.217792 2.918203 -0.007975
v 0.218180 2.805805 0.232907
v 0.218252 2.234150 -0.194818
v 0.218655 2.254636 -0.171879
v 0.218843 2.250453 -0.230672
v 0.219323 2.521080 0.055856
v 0.219497 2.920519 -0.160343
v 0.260396 3.029709 -0.020386
v 0.219801 2.776131 0.186469
v 0.221219 2.813187 -0.156900
v 0.233916 2.878350 0.305738
v 0.220080 2.785878 0.194526
v 0.220425 2.367648 -0.139848
v 0.220168 2.360539 -0.269257
v 0.228060 2.869162 -0.046002
v 0.220430 2.515323 0.235799
v 0.221075 2.497969 0.307844
v 0.221145 2.864495 -0.261749
v 0.221280 2.628883 0.061397
v 0.221723 2.669157 -0.219154
v 0.221779 3.180875 -0.160997
v 0.221926 3.017693 0.032789
v 0.222496 2.553677 0.079061
v 0.222753 2.685272 -0.161044
v 0.223308 2.702557 -0.261625
v 0.223467 2.713228 -0.166008
v 0.223403 2.874244 0.219824
v 0.223445 2.712558 -0.165965
v 0.223908 2.881682 0.034410
v 0.223716 2.418683 -0.215466
v 0.224036 3.150459 0.018097
v 0.223975 3.060731 -0.257061
v 0.225043 2.460460 -0.277037
v 0.225492 2.664387 0.101104
v 0.225653 2.607505 0.132672
v 0.225754 3.112579 -0.182206
v 0.225981 2.614512 0.053124
v 0.245689 2.642073 -0.020239
v 0.226883 3.163785 -0.236073
v 0.227103 3.057586 -0.265817
v 0.227054 2.873210 -0.208741
v 0.227075 2.507034 0.075197
v 0.227134 2.222988 -0.131654
v 0.227159 3.226580 -0.195071
v 0.227226 2.592576 -0.177216
v 0.227303 2.732392 -0.153619
v 0.227549 2.805555 -0.195850
v 0.227815 2.685495 0.176958
v 0.227877 2.634951 -0.139017
v 0.292526 2.754415 -0.171070
v 0.228614 2.665610 0.194900
v 0.231307 2.802248 -0.163226
v 0.230282 2.800725 -0.163968
v 0.229790 2.843623 -0.211057
v 0.230188 3.118821 -0.159543
v 0.230488 2.736715 0.256090
v 0.231126 2.292010 -0.222617
v 0.231183 2.761576 -0.102924
v 0.231251 2.664375 0.281186
v 0.231326 2.641980 0.259761
v 0.242695 2.224066 -0.169101
v 0.231722 2.602607 -0.140831
v 0.231751 2.623791 0.051944
v 0.232088 2.824445 -0.215336
v 0.232134 2.792317 0.248620
v 0.232305 2.760845 -0.074135
v 0.232123 3.034633 -0.238905
v 0.232921 2.703680 -0.208931
v 0.232959 2.854270 -0.255430
v 0.233047 2.644862 -0.020288
v 0.248102 2.597451 0.065352
v 0.234234 2.582222 -0.158000
v 0.234550 2.676578 -0.187823
v 0.235200 2.938560 0.026719
v 0.235138 2.751877 -0.018573
v 0.235097 3.092134 -0.260514
v 0.236183 3.024959 0.036408
v 0.235903 2.724898 -0.164381
v 0.290133 2.746299 0.028616
v 0.237521 2.877126 -0.046033
v 0.237675 2.656938 0.100434
v 0.237856 2.552274 -0.203223
v 0.237972 2.632128 0.252730
v 0.238504 3.065918 0.141318
v 0.238599 2.596390 0.083547
v 0.238828 2.945021 0.120232
v 0.238847 2.876519 -0.043213
v 0.267230 2.282133 -0.216492
v 0.239292 2.635119 0.119284
v 0.239888 2.694681 0.079419
v 0.240094 2.555915 -0.201953
v 0.240100 2.591823 0.075784
v 0.242623 2.587411 0.040195
v 0.240937 2.939744 -0.220139
v 0.241891 3.072628 -0.266183
v 0.241281 2.381416 -0.081616
v 0.241541 2.626892 0.215239
v 0.245969 2.649249 -0.046572
v 0.241322 2.658443 -0.036813
v 0.243313 2.664264 -0.050311
v 0.240548 2.758840 -0.223240
v 0.242368 3.016782 0.009205
v 0.242400 2.220314 -0.235045
v 0.242949 2.940007 -0.130467
v 0.248290 3.019593 0.099088
v 0.243308 2.725324 0.279433
v 0.243362 2.593435 0.040642
v 0.243599 3.113240 0.013841
v 0.243611 2.656639 0.140951
v 0.243727 2.680239 0.137612
v 0.244040 2.874523 -0.059381
v 0.244135 2.592226 0.148643
v 0.246361 3.017234 0.099189
v 0.245836 2.653788 -0.151134
v 0.245859 2.599552 -0.151887
v 0.246363 2.459666 -0.246736
v 0.245240 2.651978 -0.044021
v 0.245722 2.649749 -0.045847
v 0.246105 2.650471 -0.046632
v 0.246192 3.130256 -0.255901
v 0.246508 2.631991 0.221168
v 0.246800 2.501192 0.056227
v 0.246998 2.716801 0.272759
v 0.247851 2.454807 0.118101
v 0.278058 2.803525 0.105751
v 0.248156 2.505254 0.311529
v 0.248701 2.668067 -0.176689
v 0.289678 2.678759 0.043502
v 0.248921 2.851853 -0.133457
v 0.249028 2.543538 0.248909
v 0.249155 2.597150 -0.195768
v 0.249161 2.451568 0.217015
v 0.249504 2.618251 0.117667
v 0.251932 2.634132 -0.067234
v 0.250654 2.649287 -0.076866
v 0.249802 2.591235 -0.133505
v 0.249806 2.434214 0.289060
v 0.249817 2.231371 -0.235194
v 0.250089 2.728833 -0.216443
v 0.251162 2.720467 0.079100
v 0.251339 2.626036 -0.203125
v 0.251574 2.241460 -0.205908
v 0.251844 2.544343 0.112438
v 0.251851 2.633770 -0.067421
v 0.251851 2.633770 -0.067421
v 0.253300 2.632694 -0.065568
v 0.251856 2.645488 -0.175488
v 0.252221 2.627732 0.132981
v 0.252400 2.620039 0.176261
v 0.252752 2.863349 -0.174459
v 0.253345 2.891898 -0.036894
v 0.253345 2.891898 -0.036894
v 0.253943 3.047301 0.137681
v 0.253523 2.853632 -0.122926
v 0.253764 2.230594 -0.128259
v 0.286264 2.745755 -0.112172
v 0.254284 2.226264 -0.166967
v 0.253636 2.672270 -0.188459
v 0.265712 2.411367 0.139340
v 0.255053 2.417247 0.132970
v 0.254728 2.455256 0.287008
v 0.255047 2.528444 -0.101178
v 0.275091 2.910259 -0.052242
v 0.255873 2.649099 -0.064675
v 0.256316 2.656893 -0.067565
v 0.253075 2.405279 0.131455
v 0.255600 2.493539 0.224389
v 0.258385 2.403111 0.139309
v 0.256712 2.400764 0.135989
v 0.255755 2.400003 0.136170
v 0.255779 2.433270 -0.182049
v 0.275449 2.699525 0.011128
v 0.286230 2.656433 0.127870
v 0.256696 2.687199 0.061154
v 0.257170 2.506441 -0.144889
v 0.257076 2.645795 -0.060240
v 0.296325 2.607059 0.048169
v 0.257822 3.058516 -0.234029
v 0.258006 2.660505 -0.213930
v 0.258332 2.860892 -0.235095
v 0.259462 3.062711 -0.015129
v 0.258842 2.805325 -0.171798
v 0.258876 2.623481 0.064522
v 0.258973 2.777293 -0.165398
v 0.259049 2.972938 -0.045312
v 0.259725 2.897469 -0.028975
v 0.259326 2.672320 0.115128
v 0.257633 2.399694 -0.028523
v 0.264098 2.646792 0.104406
v 0.262010 3.021212 0.118326
v 0.262488 2.358835 -0.122170
v 0.262633 2.472713 -0.242682
v 0.263087 2.587593 0.021672
v 0.263404 2.789571 0.285445
v 0.263605 2.703275 -0.193709
v 0.263905 2.595357 0.214287
v 0.263911 2.650083 0.102149
v 0.264425 3.162381 -0.222305
v 0.266539 2.774136 -0.188724
v 0.263635 2.421390 -0.137300
v 0.265568 2.806514 -0.190493
v 0.265709 2.904085 -0.022320
v 0.265840 2.496629 -0.124127
v 0.265846 2.695828 0.199864
v 0.266049 2.438430 -0.152918
v 0.266755 2.630154 -0.078458
v 0.266575 2.581392 0.097232
v 0.270034 2.900616 -0.023314
v 0.267766 2.900236 -0.022375
v 0.266805 2.510471 -0.175454
v 0.266818 2.696131 -0.203356
v 0.268109 2.695801 -0.116070
v 0.268258 2.603992 0.142882
v 0.268306 2.685874 -0.179073
v 0.268449 2.768415 -0.208365
v 0.268520 2.747049 0.278996
v 0.268564 2.525323 -0.198831
v 0.268577 2.781372 0.120575
v 0.269282 2.732708 0.210847
v 0.269411 2.557933 0.025542
v 0.273196 2.895012 -0.157147
v 0.278358 2.722642 0.105946
v 0.271100 2.374538 -0.214071
v 0.271135 2.609285 0.110352
v 0.271587 3.037508 -0.019033
v 0.322590 2.611161 -0.010319
v 0.273212 2.560496 0.265015
v 0.293531 2.746695 0.040863
v 0.274924 2.588534 0.285059
v 0.275524 2.843298 -0.214047
v 0.275736 2.617883 -0.196423
v 0.276013 2.603425 -0.131139
v 0.288021 2.369564 0.266518
v 0.277045 2.567941 -0.205406
v 0.277424 2.612598 -0.198288
v 0.277780 2.375787 0.264041
v 0.278459 3.155288 -0.213924
v 0.278628 2.916938 -0.072209
v 0.279662 2.362479 0.264518
v 0.282348 2.363703 0.264033
v 0.280532 2.936363 0.025631
v 0.282483 2.934895 0.023280
v 0.280605 2.693547 0.232656
v 0.284904 2.362124 0.260225
v 0.281062 2.918760 -0.000667
v 0.321772 2.753991 0.075649
v 0.281493 2.955450 0.020774
v 0.282991 2.971343 0.056862
v 0.282113 3.056168 0.142464
v 0.282151 2.763674 -0.035656
v 0.282326 2.807919 -0.172809
v 0.283785 2.628381 -0.080412
v 0.284146 2.623379 0.225448
v 0.326318 2.799675 0.094267
v 0.285544 2.650298 -0.116580
v 0.285604 2.998901 0.102287
v 0.285741 2.676477 -0.029801
v 0.286192 2.989218 0.065082
v 0.286353 2.658098 0.111279
v 0.286477 2.879313 -0.113398
v 0.315187 2.421183 -0.162336
v 0.287820 2.271974 0.050360
v 0.290126 2.899594 -0.167118
v 0.290827 2.351391 -0.077801
v 0.292569 2.415577 0.115672
v 0.292066 2.424846 -0.133659
v 0.343589 2.681240 0.009753
v 0.293417 2.783948 -0.162953
v 0.341980 2.655710 -0.012068
v 0.294095 2.292514 -0.048996
v 0.294881 2.849081 -0.107310
v 0.295997 2.775026 0.159360
v 0.296588 3.037581 0.169642
v 0.297073 2.828096 -0.194665
v 0.297081 2.547647 -0.176495
v 0.297250 2.724560 -0.099829
v 0.297357 2.682653 0.138034
v 0.297609 2.645845 0.152904
v 0.297729 3.109037 -0.176289
v 0.297807 2.657510 -0.108758
v 0.300201 2.388863 -0.082857
v 0.297889 2.386764 -0.080074
v 0.299203 2.404503 0.122068
v 0.298620 2.406579 0.120329
v 0.299656 2.670016 0.090325
v 0.299809 3.009126 0.070663
v 0.300180 2.605603 0.098016
v 0.300378 2.686817 0.004270
v 0.300792 2.665972 0.084573
v 0.300815 2.949934 0.074355
v 0.301174 2.920863 0.037375
v 0.301284 2.859547 0.043640
v 0.301481 2.619968 0.074732
v 0.302097 2.656215 0.117703
v 0.302631 2.912409 -0.046127
v 0.302918 2.396167 0.258340
v 0.303132 2.592064 0.079343
v 0.306351 2.659874 -0.028384
v 0.304201 2.842547 -0.029496
v 0.304543 2.720274 0.150719
v 0.304588 2.297365 -0.094330
v 0.308242 2.391411 -0.101991
v 0.312606 2.439116 -0.151518
v 0.304726 2.662579 -0.025315
v 0.307508 2.669628 0.157454
v 0.308307 2.386821 -0.143945
v 0.309247 2.643081 0.176251
v 0.309739 2.881263 -0.011586
v 0.310596 2.886667 0.052240
v 0.312960 2.842196 -0.051263
v 0.310973 2.824032 -0.054507
v 0.311935 3.078907 0.002210
v 0.312248 2.690663 -0.018014
v 0.312264 2.662525 0.234384
v 0.312411 2.656038 0.202899
v 0.312858 2.393250 -0.108504
v 0.313625 2.789094 -0.056852
v 0.315818 2.786694 -0.057797
v 0.313503 2.738009 0.038304
v 0.313967 2.548011 -0.121549
v 0.314538 2.637862 0.210675
v 0.343430 2.292615 -0.084387
v 0.315279 2.722676 0.141735
v 0.315296 2.920435 0.096548
v 0.315357 2.584549 -0.024381
v 0.315363 2.681829 -0.175990
v 0.316125 2.596372 -0.146052
v 0.316548 3.109231 0.078755
v 0.317761 2.543527 0.048357
v 0.316876 2.416468 -0.189521
v 0.318004 2.784850 -0.114552
v 0.318651 2.697413 0.041524
v 0.319421 2.593970 -0.189934
v 0.319560 2.720249 0.016326
v 0.321177 2.615700 0.156568
v 0.321250 2.674150 -0.182525
v 0.321492 2.544196 -0.113150
v 0.321970 2.956928 0.195114
v 0.321997 2.676880 0.084223
v 0.322026 2.726359 0.231955
v 0.322457 2.558038 -0.164477
v 0.322584 2.737022 -0.106876
v 0.323007 2.700827 0.159129
v 0.324596 2.283227 -0.027280
v 0.325314 2.525264 -0.095343
v 0.325361 2.566893 -0.175490
v 0.325832 2.578790 -0.159329
v 0.331600 2.425238 -0.084131
v 0.326812 2.415195 -0.173009
v 0.328161 2.624635 0.153622
v 0.332455 2.810112 0.084640
v 0.334048 2.629928 0.013802
v 0.334629 2.855555 -0.174606
v 0.337118 2.836446 -0.036741
v 0.337155 2.843880 0.128949
v 0.337211 2.619452 0.160826
v 0.337712 2.491202 0.090762
v 0.338096 2.929186 0.013568
v 0.340240 3.033619 0.018329
v 0.341148 3.036524 0.110577
v 0.341668 2.439077 -0.126263
v 0.345690 2.753700 -0.100178
v 0.346632 2.593807 -0.098907
v 0.346636 2.287081 -0.101870
v 0.348391 2.615724 -0.135075
v 0.349115 2.749174 -0.053929
v 0.348567 2.570095 -0.117380
v 0.349170 2.567635 -0.114218
vn 0.1173 0.0709 -0.9906
vn -0.1098 -0.0631 0.9920
vn 0.9669 0.1088 0.2309
vn 0.2018 -0.0160 -0.9793
vn -0.1167 -0.0642 0.9911
vn -0.1604 -0.0193 0.9869
vn 0.3396 0.0435 -0.9396
vn -0.8119 -0.5757 0.0972
vn -0.2590 -0.2331 -0.9373
vn 0.4958 0.0948 -0.8632
vn -0.4434 -0.0558 0.8946
vn -0.3579 -0.1109 0.9272
vn -0.8119 -0.5756 0.0973
vn 0.6274 0.6105 0.4834
vn 0.7436 -0.6684 0.0188
vn 0.3251 0.1509 -0.9336
vn 0.2074 0.0202 -0.9780
vn -0.4473 -0.0029 0.8944
vn -0.3422 -0.1472 0.9280
vn -0.7042 -0.1463 -0.6947
vn -0.7001 -0.1478 -0.6986
vn -0.7064 -0.1508 -0.6916
vn 0.4836 0.2083 0.8501
vn 0.7357 -0.5837 0.3436
vn 0.6683 -0.4447 -0.5963
vn 0.1956 -0.7883 -0.5834
vn -0.4469 0.1053 0.8884
vn -0.3431 -0.0212 0.9391
vn -0.7005 0.0994 -0.7067
vn -0.7000 0.0994 -0.7072
vn 0.5020 -0.0319 0.8643
vn 0.6232 -0.7431 0.2436
vn 0.6077 -0.4352 -0.6643
vn 0.0455 -0.7200 -0.6925
vn -0.4478 0.0104 0.8941
vn -0.3578 -0.1415 0.9230
vn -0.7111 -0.1766 -0.6805
vn -0.7065 -0.1780 -0.6849
vn -0.7136 -0.1812 -0.6767
vn 0.7566 0.1491 0.6366
vn 0.6687 0.1045 0.7361
vn 0.9059 0.3382 -0.2549
vn 0.1303 -0.8898 -0.4374
vn -0.4310 0.1973 0.8805
vn -0.1720 -0.2077 0.9629
vn 0.6687 0.1045 0.7362
vn -0.6997 0.0948 -0.7081
vn -0.7002 0.0938 -0.7078
vn -0.6998 0.0945 -0.7080
vn -0.7005 0.0933 -0.7076
vn 0.8918 -0.4481 -0.0627
vn 0.9450 -0.3254 0.0322
vn 0.8135 -0.2364 -0.5313
vn 0.8945 -0.0607 -0.4428
vn 0.6992 -0.0980 0.7081
vn -0.7052 0.0357 0.7081
vn -0.5370 -0.2944 0.7905
vn -0.4072 -0.4630 0.7873
vn -0.2317 -0.6345 0.7374
vn -0.7400 -0.0293 -0.6720
vn -0.8160 -0.1306 -0.5631
vn 0.6092 -0.4547 -0.6497
vn 0.5321 -0.5623 -0.6330
vn 0.7763 0.2041 0.5964
vn 0.7592 -0.0008 0.6509
vn -0.5562 0.5951 0.5801
vn -0.5803 0.3729 0.7240
vn -0.7788 -0.2558 0.5727
vn -0.7563 0.3169 -0.5724
vn -0.6144 0.3728 -0.6953
vn -0.6414 -0.3230 0.6959
vn -0.7309 -0.1022 -0.6748
vn -0.6826 -0.0915 -0.7250
vn -0.7202 -0.0991 -0.6866
vn -0.6742 -0.0887 -0.7332
vn 0.5731 0.6520 0.4965
vn 0.6988 -0.7150 0.0199
vn 0.3408 0.1970 -0.9193
vn 0.2040 0.0835 -0.9754
vn -0.4481 -0.0587 0.8920
vn -0.3144 -0.1902 0.9301
vn -0.7085 -0.1161 -0.6961
vn 0.5387 0.1892 0.8210
vn 0.6683 -0.6592 0.3448
vn 0.6968 -0.3911 -0.6013
vn 0.1518 -0.7432 -0.6516
vn -0.4376 0.1449 0.8874
vn -0.3256 0.0161 0.9454
vn -0.6943 -0.2248 -0.6837
vn -0.6094 -0.1831 -0.7715
vn -0.6482 -0.2020 -0.7342
vn -0.4285 -0.0994 -0.8981
vn 0.9723 -0.1105 -0.2059
vn 0.7240 -0.2719 -0.6339
vn 0.9686 -0.1168 -0.2195
vn 0.4996 -0.3317 -0.8002
vn -0.3714 -0.2530 0.8933
vn 0.2244 -0.3816 0.8967
vn 0.5270 -0.3930 0.7536
vn -0.4428 -0.1923 0.8758
vn -0.3989 -0.2437 0.8840
vn 0.8722 -0.1561 -0.4636
vn 0.4399 -0.1944 -0.8767
vn -0.3601 0.0301 -0.9324
vn -0.4618 -0.1137 -0.8797
vn 0.8969 -0.0073 0.4422
vn 0.9048 -0.1785 0.3867
vn -0.6909 0.1984 0.6951
vn -0.6893 0.1927 0.6983
vn -0.6907 0.1973 0.6957
vn -0.6890 0.1916 0.6990
vn -0.6993 0.1141 -0.7057
vn -0.7020 0.1079 -0.7040
vn -0.6999 0.1127 -0.7053
vn -0.7024 0.1070 -0.7037
vn 0.7111 0.0537 -0.7010
vn 0.7102 0.0515 -0.7021
vn 0.7109 0.0533 -0.7012
vn 0.7101 0.0512 -0.7023
vn 0.7000 -0.1075 0.7060
vn 0.7019 -0.1126 0.7033
vn 0.7003 -0.1083 0.7056
vn 0.7023 -0.1135 0.7028
vn -0.7109 -0.0436 0.7020
vn -0.7099 -0.0462 0.7028
vn -0.7107 -0.0441 0.7021
vn -0.7098 -0.0466 0.7029
vn -0.6765 0.2058 -0.7071
vn -0.7759 0.0907 -0.6243
vn 0.5933 -0.4238 -0.6844
vn 0.5147 -0.5019 -0.6951
vn 0.7280 -0.0701 0.6820
vn 0.6995 -0.2200 0.6800
vn -0.5296 0.5498 0.6460
vn -0.5819 0.3658 0.7263
vn 0.1082 0.1182 -0.9871
vn -0.1019 -0.1101 0.9887
vn 0.9594 0.1984 0.2003
vn 0.2016 0.0436 -0.9785
vn -0.1083 -0.1117 0.9878
vn -0.1577 -0.0724 0.9848
vn -0.9124 0.1585 -0.3775
vn -0.2913 -0.1876 -0.9380
vn -0.2129 -0.1764 -0.9610
vn -0.2813 -0.1944 -0.9397
vn 0.1851 0.1746 0.9671
vn -0.2483 0.0464 0.9676
vn 0.7103 0.7017 0.0553
vn 0.6002 -0.6429 -0.4759
vn -0.3046 0.2146 -0.9280
vn -0.4485 0.0872 -0.8895
vn 0.1885 -0.0848 0.9784
vn 0.3397 -0.2159 0.9154
vn 0.7654 0.6287 -0.1375
vn 0.5278 -0.7536 -0.3917
vn -0.3164 0.0696 -0.9461
vn -0.4516 -0.0497 -0.8908
vn 0.1916 0.0930 0.9771
vn 0.3133 -0.0669 0.9473
vn 0.6958 0.6977 -0.1704
vn 0.5121 0.0337 -0.8583
vn -0.3300 0.2463 -0.9113
vn -0.4480 0.0975 -0.8887
vn 0.1665 0.5836 0.7948
vn 0.6932 0.2446 0.6780
vn -0.7059 -0.0624 0.7055
vn 0.7992 0.5301 -0.2833
vn 0.4681 -0.1223 -0.8752
vn -0.3365 0.1717 -0.9259
vn -0.4475 0.0378 -0.8935
vn 0.2040 0.7820 0.5889
vn 0.6551 0.4155 0.6310
vn -0.6953 0.1325 0.7064
vn -0.6941 0.1317 0.7077
vn -0.6945 0.1327 0.7072
vn -0.1645 0.4335 -0.8860
vn -0.4863 0.2088 -0.8485
vn -0.4768 0.2181 -0.8515
vn -0.8099 -0.1707 -0.5612
vn 0.9807 0.0181 0.1947
vn 0.9154 -0.4019 0.0209
vn 0.6241 -0.4026 -0.6696
vn 0.8906 -0.0699 0.4494
vn 0.7629 -0.3227 0.5603
vn -0.7028 -0.2372 0.6706
vn -0.7768 -0.1240 0.6175
vn -0.6173 0.3878 -0.6846
vn -0.5199 0.5179 -0.6793
vn 0.9867 0.1338 -0.0918
vn 0.8944 -0.1664 -0.4152
vn -0.4343 -0.2003 0.8782
vn -0.4061 -0.4859 0.7739
vn 0.9634 -0.1131 -0.2431
vn -0.1096 0.0766 -0.9910
vn -0.1621 0.0341 -0.9862
vn -0.1161 0.0776 -0.9902
vn 0.2030 -0.0021 0.9792
vn 0.1165 -0.0840 0.9896
vn 0.7878 0.6045 -0.1180
vn 0.5189 -0.7697 -0.3720
vn -0.3077 0.0773 -0.9483
vn -0.4532 -0.0299 -0.8909
vn 0.2028 0.0660 0.9770
vn 0.3287 -0.0832 0.9408
vn 0.7553 0.6553 0.0077
vn 0.6112 -0.6037 -0.5118
vn -0.3248 0.1999 -0.9244
vn -0.4530 0.0549 -0.8898
vn 0.2043 -0.0707 0.9764
vn 0.3389 -0.2037 0.9185
vn 0.7321 0.6209 -0.2802
vn 0.5033 -0.1340 -0.8537
vn -0.3277 0.1359 -0.9350
vn -0.4490 0.0083 -0.8935
vn 0.1762 0.6967 0.6954
vn 0.7024 0.2968 0.6469
vn -0.7022 0.0808 0.7074
vn -0.7021 0.0797 0.7076
vn 0.7923 0.6101 0.0108
vn 0.6070 -0.5772 -0.5462
vn -0.3383 0.2198 -0.9150
vn -0.4540 0.0626 -0.8888
vn 0.2098 -0.0857 0.9740
vn 0.3292 -0.2267 0.9166
vn -0.1890 0.1152 -0.9752
vn -0.1842 0.1139 -0.9763
vn -0.1923 0.1113 -0.9750
vn 0.7048 0.2380 0.6682
vn 0.6449 -0.3801 -0.6630
vn 0.1244 -0.4396 -0.8896
vn 0.2127 0.4036 0.8899
vn -0.2034 -0.0902 0.9749
vn -0.2105 -0.0863 0.9738
vn -0.2080 -0.0903 0.9739
vn -0.6445 -0.3277 -0.6908
vn -0.5737 -0.1543 -0.8044
vn -0.5536 -0.1142 -0.8249
vn -0.4532 0.0604 -0.8894
vn 0.9475 0.2780 -0.1580
vn 0.1568 -0.0339 0.9870
vn 0.1130 0.1561 0.9813
vn 0.9715 -0.1742 0.1609
vn -0.4393 -0.1076 0.8919
vn -0.5575 0.0590 0.8281
vn -0.6449 0.5082 -0.5709
vn 0.9809 0.1932 -0.0226
vn 0.0254 -0.3874 -0.9216
vn -0.5167 -0.4145 0.7492
vn -0.3459 -0.6979 0.6272
vn -0.6467 -0.0915 0.7573
vn -0.6587 -0.0980 0.7460
vn -0.5630 0.0501 0.8250
vn -0.5636 0.0505 0.8245
vn -0.5626 0.0496 0.8252
vn -0.5628 -0.1069 0.8197
vn -0.5741 -0.1043 0.8121
vn -0.5628 -0.1076 0.8196
vn -0.5745 -0.1047 0.8118
vn -0.6062 -0.7427 0.2845
vn -0.6118 0.6803 0.4036
vn -0.2093 -0.1112 -0.9715
vn 0.2257 -0.0329 0.9736
vn -0.1746 0.3832 0.9070
vn 0.7636 0.6407 -0.0798
vn 0.6309 -0.6044 -0.4865
vn -0.3274 0.1436 -0.9339
vn -0.4494 0.0043 -0.8933
vn 0.2247 -0.0341 0.9738
vn 0.3533 -0.1519 0.9231
vn -0.6990 0.1583 -0.6974
vn 0.5270 -0.0710 0.8469
vn 0.6101 -0.7682 0.1940
vn 0.6193 -0.3652 -0.6951
vn 0.0612 -0.6404 -0.7656
vn -0.4372 -0.0555 0.8976
vn -0.3555 -0.1920 0.9148
vn -0.6490 -0.3188 -0.6907
vn -0.5633 -0.2628 -0.7833
vn -0.6043 -0.2872 -0.7432
vn -0.3904 -0.1579 -0.9070
vn 0.9800 0.0274 -0.1969
vn 0.7438 -0.1779 -0.6443
vn 0.9778 0.0253 -0.2082
vn 0.5207 -0.2647 -0.8117
vn -0.3409 -0.2964 0.8922
vn 0.2629 -0.3403 0.9028
vn 0.5668 -0.3089 0.7637
vn -0.4325 -0.2340 0.8707
vn -0.3689 -0.2902 0.8830
vn -0.7059 0.2976 -0.6428
vn -0.6816 0.3770 -0.6271
vn 0.6772 0.7159 0.1696
vn 0.7311 0.3332 -0.5954
vn 0.6812 -0.3334 0.6518
vn -0.4762 -0.4274 0.7685
vn -0.6139 0.1030 0.7826
vn 0.5875 0.7982 0.1329
vn 0.7483 -0.6500 -0.1326
vn 0.0114 0.0805 -0.9967
vn -0.1077 -0.0310 -0.9937
vn -0.1118 0.0064 0.9937
vn 0.0285 -0.0760 0.9967
vn -0.3865 0.1182 -0.9147
vn -0.6129 0.0671 -0.7873
vn -0.4316 0.1091 -0.8954
vn -0.6359 0.0610 -0.7693
vn 0.5093 0.7257 0.4625
vn 0.8524 -0.5113 0.1095
vn 0.3299 0.1442 -0.9330
vn 0.2156 -0.0087 -0.9765
vn -0.4384 -0.0374 0.8980
vn -0.2920 -0.1401 0.9461
vn 0.6740 0.5871 0.4484
vn 0.7332 -0.6797 0.0214
vn 0.3374 0.1366 -0.9314
vn 0.2086 0.0058 -0.9780
vn -0.4394 -0.0038 0.8983
vn -0.3325 -0.1405 0.9326
vn 0.4998 0.7270 0.4708
vn 0.8671 -0.4884 0.0981
vn 0.3202 0.1538 -0.9348
vn 0.2148 -0.0042 -0.9766
vn -0.4402 -0.0431 0.8969
vn -0.2979 -0.1517 0.9425
vn 0.4565 0.3531 -0.8167
vn 0.2153 0.1150 -0.9698
vn -0.4413 -0.1068 0.8910
vn -0.2327 -0.3565 0.9049
vn 0.5282 0.7473 0.4032
vn 0.8426 -0.5312 0.0889
vn 0.3209 0.1496 -0.9352
vn 0.2123 0.0116 -0.9771
vn -0.4461 -0.0179 0.8948
vn -0.3059 -0.1334 0.9427
vn -0.2320 0.3925 -0.8900
vn 0.4314 -0.0238 0.9019
vn 0.4000 0.0910 -0.9120
vn 0.1278 0.0754 -0.9889
vn 0.1536 -0.0522 0.9868
vn -0.1705 -0.3926 0.9038
vn -0.1682 -0.3943 0.9035
vn 0.1159 -0.0566 -0.9916
vn -0.1094 0.0663 0.9918
vn 0.9327 0.3158 0.1740
vn 0.2143 -0.1279 -0.9684
vn -0.1165 0.0637 0.9911
vn -0.1662 0.0999 0.9810
vn 0.6526 0.5768 0.4913
vn 0.7093 -0.7049 -0.0010
vn 0.3427 0.1846 -0.9211
vn 0.2103 0.0591 -0.9758
vn -0.4472 -0.0418 0.8935
vn -0.3349 -0.1865 0.9236
vn 0.5326 0.7188 0.4468
vn 0.8397 -0.5375 0.0777
vn 0.3179 0.1245 -0.9399
vn 0.2084 -0.0316 -0.9775
vn -0.4470 0.0001 0.8945
vn -0.3137 -0.1220 0.9416
vn -0.7018 0.1352 -0.6994
vn -0.6980 0.1351 -0.7032
vn -0.7045 0.1310 -0.6975
vn 0.5097 -0.0748 0.8571
vn 0.6322 -0.7515 0.1885
vn 0.6346 -0.3449 -0.6917
vn 0.0758 -0.6423 -0.7627
vn -0.4481 -0.0749 0.8908
vn -0.3560 -0.2177 0.9088
vn -0.7034 -0.0750 -0.7068
vn 0.4793 0.1308 0.8678
vn 0.7647 -0.5811 0.2787
vn 0.6931 -0.3263 -0.6427
vn 0.2298 -0.6968 -0.6795
vn -0.4473 -0.0117 0.8943
vn -0.3284 -0.1444 0.9335
vn -0.7114 0.0908 -0.6969
vn -0.7090 0.0905 -0.6994
vn -0.7126 0.0876 -0.6961
vn 0.5039 -0.0764 0.8604
vn 0.7084 -0.6874 0.1603
vn 0.6530 -0.2777 -0.7046
vn 0.1371 -0.6183 -0.7739
vn -0.4410 -0.1565 0.8837
vn -0.3359 -0.2948 0.8946
vn -0.2172 0.2554 -0.9421
vn -0.4954 0.0323 -0.8681
vn -0.4738 0.0519 -0.8791
vn -0.7787 -0.2980 -0.5521
vn 0.9735 0.1336 0.1856
vn 0.9476 -0.3077 0.0855
vn 0.6823 -0.4401 -0.5837
vn 0.8991 0.0669 0.4326
vn 0.7748 -0.1511 0.6138
vn -0.6837 -0.2114 0.6985
vn -0.7847 -0.0920 0.6130
vn -0.7502 0.0681 -0.6577
vn -0.7467 -0.0440 -0.6637
vn 0.5844 0.5073 -0.6333
vn 0.5875 0.3956 -0.7059
vn 0.7270 0.0244 0.6862
vn 0.7817 -0.0362 0.6226
vn -0.6150 -0.4237 0.6651
vn -0.5578 -0.4925 0.6681
vn -0.1922 -0.1056 -0.9757
vn 0.5175 0.4179 0.7467
vn 0.5475 -0.3765 -0.7474
vn 0.2050 -0.4537 -0.8672
vn 0.1705 0.4683 0.8670
vn -0.1996 0.0903 0.9757
vn 0.5775 0.6419 0.5046
vn 0.7224 -0.6914 0.0104
vn 0.3355 0.2122 -0.9178
vn 0.2042 0.0918 -0.9746
vn -0.4483 -0.0718 0.8910
vn -0.3186 -0.2044 0.9256
vn 0.5527 0.7579 0.3466
vn 0.7973 -0.5959 0.0961
vn 0.3228 0.0620 -0.9444
vn 0.2032 -0.0834 -0.9756
vn -0.4472 0.0633 0.8922
vn -0.3113 -0.0527 0.9488
vn 0.5488 0.6617 0.5108
vn 0.7741 -0.6329 0.0180
vn 0.3137 0.2135 -0.9252
vn 0.1998 0.0804 -0.9765
vn -0.4447 -0.0741 0.8926
vn -0.3192 -0.2065 0.9249
vn -0.6987 -0.1399 -0.7016
vn 0.5178 0.2118 0.8288
vn 0.7233 -0.6101 0.3236
vn 0.7419 -0.2728 -0.6125
vn 0.2235 -0.6819 -0.6964
vn -0.4486 0.0672 0.8912
vn -0.3187 -0.0502 0.9465
vn 0.6146 0.7648 -0.1934
vn 0.5102 0.0546 -0.8583
vn -0.3531 0.1781 -0.9185
vn -0.4522 0.0259 -0.8916
vn 0.0983 0.6222 0.7767
vn 0.6666 0.3306 0.6681
vn -0.6999 -0.0964 0.7077
vn -0.1805 -0.1736 -0.9681
vn -0.2408 -0.2024 -0.9492
vn -0.2174 -0.1912 -0.9572
vn -0.3593 -0.2578 -0.8969
vn 0.2040 0.1931 0.9597
vn 0.9753 -0.2207 -0.0040
vn 0.5295 -0.3080 -0.7904
vn 0.1840 0.1984 0.9627
vn 0.4815 0.1027 0.8704
vn -0.3513 -0.0763 0.9332
vn -0.6297 -0.3265 -0.7049
vn -0.6296 -0.3268 -0.7048
vn -0.6297 -0.3266 -0.7048
vn -0.6296 -0.3273 -0.7046
vn 0.6317 0.3189 -0.7066
vn 0.6314 0.3205 -0.7062
vn 0.6316 0.3194 -0.7065
vn 0.6313 0.3209 -0.7060
vn 0.6294 0.3271 0.7048
vn 0.6296 0.3269 0.7048
vn 0.6299 0.3266 0.7046
vn 0.6301 0.3264 0.7046
vn -0.6299 -0.3227 0.7064
vn -0.6305 -0.3222 0.7062
vn -0.6304 -0.3223 0.7062
vn -0.6307 -0.3221 0.7060
vn -0.1980 -0.0985 -0.9753
vn 0.5342 0.3874 0.7513
vn 0.5190 -0.4069 -0.7517
vn 0.1799 -0.4623 -0.8683
vn 0.1976 0.4553 0.8681
vn -0.1941 0.1057 0.9753
vn -0.8343 -0.4828 0.2661
vn -0.7456 0.5980 0.2939
vn -0.1979 -0.0564 -0.9786
vn 0.1890 -0.0828 0.9785
vn -0.2839 0.3213 0.9034
vn -0.1950 -0.1109 -0.9745
vn 0.4945 0.4175 0.7624
vn 0.5130 -0.4052 -0.7568
vn 0.1913 -0.4661 -0.8638
vn 0.1587 0.4714 0.8675
vn -0.1972 0.1273 0.9721
vn 0.7403 0.6707 0.0467
vn 0.6213 -0.5875 -0.5185
vn -0.3418 0.1912 -0.9201
vn -0.4513 0.0400 -0.8915
vn 0.1937 -0.0427 0.9801
vn 0.3207 -0.1892 0.9281
vn -0.1907 -0.1198 -0.9743
vn -0.1919 -0.1195 -0.9741
vn 0.5831 0.4720 0.6612
vn 0.6219 -0.4382 -0.6490
vn 0.1946 -0.5569 -0.8075
vn 0.1390 0.5670 0.8119
vn -0.2007 0.1250 0.9716
vn -0.1998 0.1252 0.9718
vn 0.6355 0.7262 -0.2621
vn 0.4817 0.0120 -0.8763
vn -0.3608 0.0951 -0.9278
vn -0.4423 -0.0653 -0.8945
vn 0.0588 0.7549 0.6532
vn 0.5764 0.5035 0.6436
vn -0.7020 -0.0854 0.7070
vn 0.8747 -0.0102 -0.4846
vn 0.4847 -0.1395 -0.8635
vn -0.3545 0.0303 -0.9346
vn -0.4445 -0.1109 -0.8889
vn 0.8946 0.0636 0.4423
vn 0.9267 -0.0927 0.3642
vn -0.7127 0.0804 0.6968
vn -0.7068 0.0694 0.7040
vn -0.5718 -0.5046 -0.6469
vn -0.5730 -0.4105 -0.7093
vn 0.7402 0.0080 -0.6724
vn 0.7194 0.1613 -0.6756
vn 0.6149 0.3945 0.6828
vn 0.5181 0.5231 0.6767
vn -0.6973 -0.1349 0.7040
vn -0.7720 -0.0564 0.6331
vn 0.9310 -0.3001 -0.2079
vn -0.1097 -0.0810 -0.9907
vn -0.1669 -0.1148 -0.9793
vn -0.1163 -0.0788 -0.9901
vn 0.2132 0.1411 0.9668
vn 0.1158 0.0721 0.9907
vn -0.7415 -0.6496 0.1681
vn -0.7714 0.5581 0.3058
vn -0.1926 -0.0862 -0.9775
vn 0.2040 -0.0557 0.9774
vn -0.2743 0.3043 0.9122
vn 0.7869 0.6059 -0.1168
vn 0.5264 -0.7630 -0.3751
vn -0.3138 0.0645 -0.9473
vn -0.4527 -0.0478 -0.8904
vn 0.2042 0.0745 0.9761
vn 0.3263 -0.0707 0.9426
vn 0.7273 0.6863 -0.0045
vn 0.6449 -0.5656 -0.5141
vn -0.3380 0.1651 -0.9266
vn -0.4530 0.0111 -0.8914
vn 0.2081 -0.0402 0.9773
vn 0.3457 -0.1683 0.9231
vn 0.8165 0.5677 -0.1051
vn 0.5351 -0.7477 -0.3931
vn -0.3272 0.0613 -0.9430
vn -0.4527 -0.0621 -0.8895
vn 0.2094 0.0822 0.9744
vn 0.3150 -0.0633 0.9470
vn 0.5809 0.7754 -0.2475
vn 0.4727 0.0635 -0.8790
vn -0.3637 0.1044 -0.9256
vn -0.4421 -0.0637 -0.8947
vn 0.0499 0.7015 0.7110
vn 0.5758 0.4837 0.6592
vn -0.6769 -0.2121 0.7049
vn -0.6741 -0.2120 0.7076
vn -0.6758 -0.2101 0.7065
vn -0.2150 -0.1399 -0.9665
vn -0.2793 -0.1657 -0.9458
vn -0.2563 -0.1545 -0.9542
vn -0.4195 -0.2248 -0.8795
vn 0.5036 -0.3507 -0.7895
vn 0.2556 0.1517 0.9548
vn 0.5007 0.0413 0.8646
vn 0.2594 0.1528 0.9536
vn 0.6185 -0.0160 0.7856
vn -0.4587 -0.1863 0.8689
vn -0.5565 -0.5017 -0.6623
vn -0.5607 -0.4189 -0.7142
vn 0.7157 0.1086 -0.6899
vn 0.6895 0.2478 -0.6806
vn 0.5991 0.4100 0.6877
vn 0.5047 0.5111 0.6958
vn -0.6690 -0.2215 0.7094
vn -0.7423 -0.1617 0.6502
vn 0.9151 -0.3365 -0.2220
vn -0.1067 -0.0300 -0.9938
vn -0.1637 -0.0635 -0.9845
vn -0.1138 -0.0272 -0.9931
vn 0.2134 0.0927 0.9726
vn 0.1131 0.0200 0.9934
vn 0.7629 0.6386 -0.1012
vn 0.6544 -0.5825 -0.4822
vn -0.3373 0.0971 -0.9364
vn -0.4431 -0.0486 -0.8952
vn 0.2291 0.0115 0.9733
vn 0.3486 -0.1051 0.9314
vn 0.8664 0.4951 -0.0647
vn 0.5341 -0.7398 -0.4092
vn -0.3278 0.1053 -0.9389
vn -0.4516 -0.0139 -0.8921
vn 0.2271 0.0305 0.9734
vn 0.3206 -0.1121 0.9406
vn 0.7696 0.6302 -0.1034
vn 0.6473 -0.5970 -0.4739
vn -0.3404 0.0770 -0.9371
vn -0.4407 -0.0682 -0.8951
vn 0.2232 0.0393 0.9740
vn 0.3368 -0.0829 0.9379
vn 0.7561 0.5719 -0.3182
vn 0.4860 -0.1734 -0.8566
vn -0.3423 0.1071 -0.9335
vn -0.4549 -0.0196 -0.8903
vn 0.2045 0.7497 0.6294
vn 0.6883 0.3699 0.6240
vn -0.7056 0.0673 0.7054
vn -0.6994 0.0652 0.7118
vn -0.7017 0.0701 0.7090
vn -0.6909 -0.2040 -0.6935
vn -0.6842 -0.1827 -0.7060
vn 0.8158 0.5359 -0.2175
vn 0.8975 0.0978 -0.4301
vn -0.4564 0.0297 0.8893
vn -0.1282 -0.3304 0.9351
vn -0.7078 -0.0479 -0.7048
vn -0.8341 -0.2044 -0.5123
vn 0.9385 0.2701 -0.2150
vn 0.6896 -0.1775 -0.7021
vn 0.5324 -0.6211 -0.5752
vn 0.6055 -0.4753 -0.6383
vn -0.0697 0.1771 0.9817
vn 0.1558 -0.2163 0.9638
vn 0.5691 -0.5002 0.6526
vn -0.4420 -0.1143 0.8897
vn -0.6716 0.3060 0.6748
vn -0.6381 -0.5060 -0.5804
vn -0.6088 -0.3924 -0.6895
vn 0.7439 -0.3101 -0.5920
vn 0.7637 -0.1071 -0.6366
vn 0.6726 0.3128 0.6707
vn 0.5762 0.5562 0.5988
vn -0.7279 0.1278 0.6736
vn -0.8089 0.2791 0.5174
vn -0.1923 0.0450 -0.9803
vn 0.5719 0.2455 0.7828
vn 0.5049 -0.3652 -0.7821
vn 0.1486 -0.3776 -0.9140
vn 0.2266 0.3359 0.9142
vn -0.1974 -0.0014 0.9803
vn 0.3383 0.0955 -0.9362
vn 0.1233 -0.0187 -0.9922
vn -0.3017 -0.2315 -0.9249
vn 0.4535 0.1578 -0.8772
vn -0.3298 -0.1571 0.9309
vn 0.7551 -0.1155 0.6454
vn 0.9898 -0.0299 0.1391
vn -0.4352 -0.1079 0.8938
vn -0.3551 -0.1540 0.9220
vn 0.6818 0.6088 0.4056
vn 0.7103 -0.7014 0.0586
vn 0.3434 0.0760 -0.9361
vn 0.2050 -0.0495 -0.9775
vn -0.4405 0.0571 0.8959
vn -0.3267 -0.0786 0.9419
vn 0.5133 0.7359 0.4416
vn 0.8599 -0.4991 0.1072
vn 0.3098 0.0643 -0.9486
vn 0.2187 -0.0948 -0.9712
vn -0.4488 0.0450 0.8925
vn -0.3314 -0.0730 0.9407
vn -0.7018 0.0813 -0.7077
vn -0.7024 0.0821 -0.7070
vn -0.7012 0.0823 -0.7082
vn 0.5176 0.0204 0.8554
vn 0.6157 -0.7375 0.2775
vn 0.6185 -0.4481 -0.6455
vn 0.0495 -0.7337 -0.6777
vn -0.4431 0.0636 0.8942
vn -0.3522 -0.0865 0.9319
vn -0.7049 -0.1727 -0.6880
vn 0.8762 0.4206 -0.2354
vn 0.1928 -0.8624 -0.4681
vn -0.4492 0.1236 0.8848
vn -0.1576 -0.2606 0.9525
vn -0.7002 0.0825 -0.7092
vn -0.7017 0.0839 -0.7075
vn -0.6989 0.0847 -0.7102
vn 0.4850 -0.0163 0.8744
vn 0.6496 -0.7073 0.2787
vn 0.5408 -0.5558 -0.6314
vn 0.0222 -0.8058 -0.5918
vn -0.4431 0.0541 0.8948
vn -0.3665 -0.0991 0.9251
vn -0.7538 -0.2657 -0.6011
vn -0.8894 -0.3435 -0.3016
vn 0.5945 -0.5387 -0.5970
vn -0.6867 0.1589 0.7094
vn -0.1896 0.1064 -0.9761
vn 0.4943 0.1749 0.8515
vn 0.4678 -0.2375 -0.8513
vn 0.1774 -0.2434 -0.9536
vn 0.2070 0.2184 0.9536
vn -0.2017 -0.0808 0.9761
vn -0.6791 -0.1041 -0.7266
vn -0.6692 -0.1024 -0.7360
vn -0.6752 -0.1022 -0.7305
vn -0.6659 -0.1006 -0.7392
vn 0.6127 0.6417 0.4613
vn 0.6671 -0.7444 0.0293
vn 0.3601 0.1633 -0.9185
vn 0.2059 0.0565 -0.9769
vn -0.4495 -0.0329 0.8927
vn -0.3077 -0.1618 0.9376
vn 0.5895 0.7393 0.3255
vn 0.7620 -0.6377 0.1130
vn 0.3304 0.0257 -0.9435
vn 0.1996 -0.1128 -0.9734
vn -0.4434 0.1029 0.8904
vn -0.3086 -0.0176 0.9510
vn -0.6989 0.1260 -0.7041
vn 0.5183 -0.0551 0.8534
vn 0.5970 -0.7777 0.1971
vn 0.6920 -0.2805 -0.6651
vn 0.0857 -0.5901 -0.8028
vn -0.4509 -0.0401 0.8917
vn -0.3418 -0.1847 0.9214
vn 0.0806 -0.4176 -0.9051
vn 0.2212 -0.2262 -0.9486
vn -0.5691 -0.2708 -0.7764
vn -0.4566 -0.1218 -0.8813
vn 0.9664 0.1215 -0.2264
vn 0.2593 0.1880 0.9473
vn 0.1313 0.4457 0.8855
vn 0.9192 -0.3075 0.2461
vn -0.4274 0.1888 0.8841
vn -0.5134 0.3649 0.7767
vn -0.1386 0.4146 -0.8994
vn -0.4740 0.2173 -0.8533
vn -0.4546 0.2310 -0.8602
vn -0.8190 -0.1175 -0.5617
vn 0.7013 0.3529 0.6193
vn 0.8809 -0.4726 0.0256
vn 0.5958 -0.4451 -0.6685
vn 0.2096 0.4390 0.8737
vn 0.5540 -0.1749 0.8139
vn -0.7976 -0.1085 0.5934
vn -0.6861 0.1807 -0.7047
vn -0.7649 0.0978 -0.6367
vn 0.5923 -0.4300 -0.6814
vn 0.5222 -0.4979 -0.6924
vn 0.7261 -0.0753 0.6835
vn 0.7087 -0.1959 0.6778
vn -0.5451 0.5284 0.6509
vn -0.5728 0.3934 0.7192
vn -0.2017 0.0501 -0.9782
vn 0.4881 0.2991 0.8199
vn 0.5356 -0.2023 -0.8199
vn 0.2164 -0.2691 -0.9385
vn 0.1621 0.3048 0.9385
vn -0.1887 -0.0870 0.9782
vn 0.9361 -0.3506 -0.0292
vn -0.2838 -0.1353 -0.9493
vn -0.2258 -0.1101 -0.9679
vn -0.3072 -0.1269 -0.9431
vn 0.2235 0.0991 0.9697
vn -0.2898 -0.0217 0.9569
vn 0.7668 0.6411 -0.0319
vn 0.6124 -0.6165 -0.4948
vn -0.3228 0.1713 -0.9308
vn -0.4510 0.0318 -0.8920
vn 0.2114 -0.0505 0.9761
vn 0.3438 -0.1786 0.9219
vn 0.7478 0.6047 -0.2742
vn 0.5109 -0.1639 -0.8439
vn -0.3151 0.1456 -0.9378
vn -0.4470 0.0303 -0.8940
vn 0.2138 0.6389 0.7390
vn 0.7375 0.2048 0.6436
vn -0.7009 0.0900 0.7075
vn 0.6633 0.7161 -0.2172
vn 0.4960 0.0216 -0.8681
vn -0.3402 0.1887 -0.9212
vn -0.4519 0.0322 -0.8915
vn 0.1492 0.6187 0.7713
vn 0.6752 0.3143 0.6674
vn -0.6976 -0.1322 0.7042
vn -0.6957 -0.1362 0.7053
vn -0.1865 0.1240 -0.9746
vn -0.1804 0.1222 -0.9760
vn -0.1909 0.1193 -0.9743
vn 0.8842 -0.3196 -0.3408
vn 0.7793 -0.3798 -0.4985
vn 0.0947 -0.4661 -0.8797
vn 0.8871 0.0884 0.4530
vn -0.7039 0.0603 0.7078
vn -0.5481 -0.2765 0.7894
vn -0.4551 -0.4113 0.7898
vn -0.2779 -0.6082 0.7436
vn -0.6237 -0.4168 -0.6613
vn -0.5691 -0.2411 -0.7861
vn -0.5378 -0.1643 -0.8269
vn -0.4487 0.0172 -0.8935
vn 0.9344 0.3177 -0.1610
vn 0.2299 0.0244 0.9729
vn 0.0744 0.2624 0.9621
vn 0.9679 -0.1861 0.1689
vn -0.4326 -0.0771 0.8983
vn -0.5451 0.0974 0.8327
vn -0.6500 0.3660 -0.6660
vn -0.5509 0.5495 -0.6281
vn 0.7296 0.0560 -0.6816
vn 0.8108 0.1668 -0.5611
vn 0.6118 -0.5153 0.6001
vn 0.5890 -0.4135 0.6944
vn -0.7549 -0.2065 0.6225
vn -0.7635 -0.0310 0.6450
vn -0.1902 -0.0978 -0.9769
vn 0.5352 0.4378 0.7224
vn 0.5863 -0.3650 -0.7233
vn 0.2151 -0.4649 -0.8589
vn 0.1547 0.4889 0.8585
vn -0.2010 0.0722 0.9769
vn 0.6050 0.6201 0.4995
vn 0.7065 -0.7077 -0.0019
vn 0.3439 0.2072 -0.9158
vn 0.2080 0.0881 -0.9742
vn -0.4497 -0.0660 0.8907
vn -0.3220 -0.2040 0.9245
vn 0.5353 0.7520 0.3846
vn 0.8123 -0.5756 0.0943
vn 0.3308 0.0959 -0.9388
vn 0.2066 -0.0536 -0.9769
vn -0.4483 0.0259 0.8935
vn -0.3030 -0.0881 0.9489
vn 0.5828 0.6272 0.5167
vn 0.7446 -0.6675 -0.0075
vn 0.3294 0.2315 -0.9154
vn 0.2043 0.1033 -0.9735
vn -0.4474 -0.0902 0.8898
vn -0.3205 -0.2269 0.9197
vn -0.7005 -0.1145 -0.7044
vn 0.5049 0.1802 0.8442
vn 0.7411 -0.6000 0.3013
vn 0.7263 -0.2792 -0.6281
vn 0.2305 -0.6749 -0.7010
vn -0.4477 0.0292 0.8937
vn -0.3230 -0.0916 0.9420
vn -0.7114 0.0823 -0.6979
vn -0.7100 0.0823 -0.6994
vn -0.7121 0.0804 -0.6975
vn 0.4938 -0.1068 0.8630
vn 0.7247 -0.6707 0.1581
vn 0.6220 -0.3326 -0.7088
vn 0.1301 -0.6595 -0.7403
vn -0.4386 -0.1727 0.8819
vn -0.3396 -0.3128 0.8870
vn -0.2112 0.5072 -0.8356
vn -0.4207 0.3076 -0.8534
vn -0.5076 0.2042 -0.8370
vn -0.6999 -0.1064 -0.7063
vn 0.9969 0.0705 -0.0360
vn 0.9918 0.1222 0.0366
vn 0.8886 -0.2223 -0.4012
vn 0.8209 0.3956 0.4119
vn -0.7085 0.0131 0.7055
vn -0.4848 -0.2807 0.8283
vn -0.3374 -0.4185 0.8432
vn -0.0930 -0.5924 0.8003
vn -0.7516 0.0574 -0.6572
vn -0.7421 -0.0801 -0.6655
vn 0.5694 0.5266 -0.6312
vn 0.5823 0.3832 -0.7170
vn 0.7202 0.0586 0.6913
vn 0.7890 -0.0185 0.6141
vn -0.6094 -0.4259 0.6687
vn -0.5412 -0.5047 0.6726
vn -0.8144 -0.1966 -0.5460
vn -0.7636 0.3457 0.5454
vn -0.6645 -0.2837 -0.6914
vn -0.6006 0.4030 0.6906
vn -0.5668 -0.1489 0.8103
vn -0.5687 -0.1485 0.8090
vn -0.5652 -0.1501 0.8112
vn -0.5819 -0.0975 0.8074
vn -0.5764 -0.0981 0.8113
vn -0.5814 -0.0975 0.8078
vn -0.5755 -0.0982 0.8119
vn 0.9670 -0.2540 0.0180
vn -0.2489 -0.1510 -0.9567
vn -0.2172 -0.1360 -0.9666
vn -0.2712 -0.1463 -0.9513
vn 0.2228 0.1266 0.9666
vn -0.2620 0.0106 0.9650
vn 0.6878 0.7034 -0.1793
vn 0.6920 -0.6098 -0.3864
vn -0.3032 -0.0039 -0.9529
vn -0.4279 -0.1355 -0.8936
vn 0.2192 0.1045 0.9701
vn 0.3668 0.0047 0.9303
vn 0.1117 0.2953 -0.9488
vn -0.0894 0.1813 -0.9794
vn -0.4572 -0.0655 -0.8870
vn 0.4089 0.4414 -0.7988
vn -0.1146 -0.1803 0.9769
vn 0.0753 -0.3188 0.9448
vn 0.3477 -0.4927 0.7977
vn -0.4455 0.1034 0.8893
vn -0.6115 -0.4998 -0.6134
vn 0.8878 0.3558 -0.2918
vn 0.4901 -0.7573 -0.4316
vn -0.4852 0.2104 0.8487
vn -0.2934 0.1233 0.9480
vn 0.7071 -0.0000 -0.7071
vn -0.7071 -0.0000 -0.7071
vn -0.7071 -0.0000 0.7071
vn 0.7071 -0.0000 0.7071
vn 0.7071 0.0038 -0.7071
vn -0.7071 -0.0078 -0.7071
vn -0.7071 -0.0078 -0.7070
vn -0.7071 -0.0038 0.7071
vn 0.7071 0.0078 0.7071
vn 0.0916 0.5205 0.8489
vn 0.0988 0.5314 0.8413
vn 0.0941 0.5259 0.8453
vn -0.2589 0.8858 -0.3851
vn -0.6110 -0.4325 -0.6631
vn 0.2125 0.7237 0.6566
vn -0.7556 0.5103 -0.4107
vn 0.7542 0.0437 0.6552
vn 0.0900 0.3130 -0.9455
vn 0.4961 0.7127 0.4959
vn -0.1036 -0.2024 0.9738
vn -0.4607 0.5655 -0.6841
vn 0.6147 -0.1141 0.7805
vn -0.0836 0.8163 -0.5715
vn 0.8069 -0.2482 0.5360
vn 0.7071 -0.0195 -0.7068
vn 0.7071 -0.0195 -0.7069
vn -0.7071 -0.0129 -0.7070
vn -0.7071 0.0195 0.7068
vn -0.7071 0.0195 0.7069
vn 0.7071 0.0129 0.7070
vn -0.8046 0.5199 -0.2869
vn 0.0434 -0.9635 0.2643
vn -0.6000 0.6425 -0.4767
vn 0.9057 0.4150 0.0867
vn -0.7210 -0.5763 0.3847
vn -0.2700 -0.9131 0.3056
vn 0.7072 -0.0065 -0.7070
vn -0.7071 -0.0100 -0.7071
vn -0.7070 -0.0100 -0.7071
vn -0.7071 0.0065 0.7070
vn -0.7072 0.0065 0.7070
vn 0.7071 0.0100 0.7071
vn 0.7070 0.0100 0.7071
vn -0.8570 -0.5138 0.0399
vn -0.8848 -0.4214 0.1991
vn 0.3756 -0.9262 -0.0329
vn -0.8296 -0.5445 0.1238
vn 0.2368 -0.6221 -0.7463
vn -0.1780 0.1621 -0.9706
vn 0.1369 -0.2647 0.9546
vn 0.4850 -0.7390 -0.4676
vn 0.2348 -0.7259 0.6465
vn 0.7074 -0.0090 -0.7067
vn 0.7072 -0.0092 -0.7070
vn 0.7073 -0.0091 -0.7069
vn 0.7070 -0.0094 -0.7071
vn -0.7067 -0.0265 -0.7070
vn -0.7069 -0.0268 -0.7068
vn -0.7068 -0.0267 -0.7069
vn -0.7071 -0.0269 -0.7066
vn -0.7074 0.0094 0.7067
vn -0.7072 0.0092 0.7070
vn -0.7073 0.0093 0.7069
vn -0.7070 0.0091 0.7071
vn 0.7067 0.0269 0.7070
vn 0.7069 0.0267 0.7068
vn 0.7068 0.0267 0.7069
vn 0.7071 0.0265 0.7067
vn 0.1460 0.9829 -0.1122
vn 0.6440 -0.7499 -0.1515
vn -0.0710 0.5680 -0.8199
vn 0.7061 -0.0501 -0.7063
vn -0.7074 -0.0046 -0.7068
vn -0.7061 0.0501 0.7063
vn -0.7061 0.0500 0.7063
vn 0.7074 0.0046 0.7068
vn 0.3781 0.8181 -0.4332
vn -0.2215 -0.8819 0.4162
vn -0.4711 0.1739 -0.8647
vn -0.2869 -0.3455 -0.8935
vn -0.2372 -0.4431 -0.8645
vn -0.4907 0.2740 -0.8271
vn 0.3998 -0.2935 0.8684
vn 0.4355 0.1925 0.8794
vn 0.4299 0.2780 0.8590
vn 0.3851 -0.3697 0.8456
vn 0.8747 -0.0559 -0.4815
vn 0.6606 -0.3940 -0.6390
vn -0.9346 -0.2718 0.2294
vn -0.5462 0.5954 0.5893
vn -0.3018 0.1072 -0.9473
vn -0.3056 0.1125 -0.9455
vn -0.2957 0.1050 -0.9495
vn -0.3781 0.7147 -0.5884
vn 0.6550 -0.4416 0.6131
vn 0.2020 0.9412 -0.2709
vn 0.1960 0.9417 -0.2736
vn 0.2046 0.9409 -0.2698
vn 0.1926 0.9420 -0.2750
vn -0.4177 -0.8648 -0.2787
vn 0.2757 0.8892 -0.3651
vn -0.7050 0.3458 -0.6191
vn 0.7879 0.0566 0.6132
vn 0.7170 0.3781 -0.5856
vn 0.6472 -0.5377 -0.5404
vn -0.4397 0.6586 0.6107
vn -0.8744 -0.2988 0.3823
vn -0.2056 0.0193 -0.9784
vn -0.1815 -0.0271 -0.9830
vn -0.1587 -0.0683 -0.9850
vn -0.2282 0.0623 -0.9716
vn 0.1356 -0.7154 0.6855
vn -0.4085 0.3178 -0.8557
vn -0.3930 0.3886 -0.8334
vn 0.5463 -0.0711 0.8345
vn 0.4339 -0.2611 0.8623
vn 0.6684 0.1926 -0.7185
vn -0.6220 0.1930 0.7589
vn -0.4764 0.4650 -0.7462
vn 0.8390 0.3509 0.4158
vn 0.7135 0.2325 -0.6609
vn 0.6801 -0.5273 -0.5094
vn -0.4123 0.5557 0.7219
vn -0.4486 0.4301 0.7834
vn -0.5663 0.5340 -0.6278
vn 0.2615 0.9572 -0.1236
vn -0.4848 -0.4301 -0.7616
vn 0.6631 0.1984 0.7218
vn 0.6626 0.1987 0.7221
vn 0.6629 0.1982 0.7220
vn -0.4380 0.3710 -0.8189
vn 0.5476 0.1245 -0.8274
vn 0.4582 -0.3343 0.8236
vn -0.0450 -0.7909 0.6103
vn -0.2536 -0.7037 -0.6637
vn -0.8021 0.5733 -0.1672
vn -0.4502 -0.3909 -0.8028
vn 0.9005 0.0369 0.4333
vn -0.4801 -0.4604 0.7467
vn -0.4809 -0.4556 0.7491
vn -0.4841 -0.4613 0.7435
vn 0.7349 0.1702 0.6564
vn 0.7069 -0.0273 -0.7068
vn 0.7069 -0.0273 -0.7067
vn 0.7070 -0.0273 -0.7067
vn -0.7073 -0.0180 -0.7067
vn -0.7072 -0.0180 -0.7067
vn -0.7072 -0.0179 -0.7068
vn -0.7069 0.0272 0.7068
vn -0.7069 0.0273 0.7068
vn -0.7069 0.0273 0.7067
vn -0.7070 0.0273 0.7067
vn 0.7073 0.0180 0.7067
vn 0.7072 0.0180 0.7067
vn 0.7072 0.0180 0.7068
vn -0.9025 0.3497 -0.2514
vn 0.0196 -0.9019 0.4315
vn -0.9263 -0.3695 0.0743
vn -0.2805 -0.3216 -0.9044
vn -0.2245 -0.1558 -0.9620
vn 0.3371 0.2837 0.8977
vn 0.1838 0.1922 0.9640
vn -0.2392 0.2763 -0.9308
vn 0.1451 0.0482 0.9882
vn 0.3141 0.3158 -0.8953
vn 0.1890 0.5553 -0.8099
vn -0.6637 -0.7426 0.0893
vn 0.2610 0.1253 0.9572
vn -0.5682 -0.4887 -0.6621
vn -0.4759 -0.5307 -0.7013
vn 0.1709 0.7984 0.5774
vn 0.5499 0.4733 0.6882
vn 0.0084 0.5193 -0.8545
vn -0.8156 -0.5713 -0.0918
vn 0.3739 -0.1751 0.9108
vn 0.0959 -0.1991 -0.9753
vn 0.3093 0.1574 0.9379
vn -0.0410 -0.1092 -0.9932
vn 0.2844 -0.1322 0.9495
vn 0.8288 0.5496 0.1050
vn 0.9744 0.2026 0.0975
vn -0.8007 0.4914 0.3427
vn 0.6017 0.7631 -0.2361
vn 0.3639 -0.2182 -0.9055
vn 0.1856 -0.5294 0.8278
vn 0.3631 -0.8225 0.4377
vn -0.2835 0.8231 -0.4920
vn -0.3168 0.4675 -0.8253
vn -0.2885 0.2347 -0.9283
vn 0.2581 -0.4376 0.8614
vn 0.3581 -0.2549 0.8982
vn 0.0452 0.4449 -0.8945
vn 0.0444 0.4441 -0.8949
vn 0.0445 0.4457 -0.8941
vn -0.0189 -0.4749 0.8798
vn -0.0285 -0.6374 0.7700
vn -0.0353 -0.6874 0.7254
vn -0.0158 -0.4570 0.8893
vn 0.9479 -0.3161 0.0398
vn 0.9411 -0.3321 0.0632
vn 0.4061 0.4782 -0.7787
vn -0.0180 -0.6071 0.7944
vn 0.5185 -0.4925 -0.6990
vn 0.8734 0.4654 0.1432
vn 0.8848 0.4645 0.0375
vn 0.2200 0.0512 -0.9742
vn 0.1270 0.1306 0.9833
vn 0.7738 0.3510 -0.5273
vn 0.7736 0.3510 -0.5276
vn 0.7071 -0.0101 -0.7071
vn -0.7071 -0.0067 -0.7071
vn -0.7071 0.0101 0.7071
vn 0.7071 0.0066 0.7071
vn 0.2467 0.1877 -0.9508
vn 0.0569 0.0597 0.9966
vn -0.5837 0.4322 -0.6874
vn -0.2309 0.9318 -0.2802
vn 0.6779 -0.2006 0.7073
vn -0.7658 -0.4686 -0.4404
vn 0.5555 0.1509 -0.8177
vn 0.5702 0.2150 -0.7929
vn 0.5743 0.2251 -0.7871
vn 0.5506 0.1395 -0.8230
vn 0.0987 0.3994 0.9114
vn -0.5893 -0.2113 0.7797
vn 0.3277 -0.3331 -0.8841
vn -0.0350 0.5733 0.8186
vn 0.3710 -0.2147 -0.9035
vn -0.0746 0.5318 0.8435
vn 0.5610 0.7425 0.3659
vn 0.7802 0.6252 0.0199
vn 0.5323 -0.2571 -0.8066
vn -0.2378 0.5057 0.8293
vn -0.0229 0.8288 0.5591
vn 0.0009 0.8497 0.5273
vn -0.0231 0.8289 0.5590
vn 0.0014 0.8502 0.5264
vn 0.3834 0.6411 -0.6648
vn 0.5036 0.5096 -0.6976
vn 0.1014 0.7203 0.6862
vn -0.5108 -0.2623 -0.8187
vn 0.6329 -0.1466 0.7603
vn -0.5445 -0.7022 -0.4588
vn 0.8426 0.3062 0.4431
vn 0.6046 0.5560 0.5703
vn -0.9617 -0.0557 -0.2684
vn 0.8599 -0.4625 0.2162
vn 0.9666 -0.1011 0.2355
vn 0.1364 0.3387 -0.9310
vn 0.2117 0.3081 -0.9275
vn -0.0021 -0.3979 0.9174
vn 0.1652 -0.5227 0.8364
vn 0.1848 -0.3348 -0.9240
vn 0.4950 -0.1310 -0.8590
vn 0.4615 -0.1564 -0.8732
vn 0.8070 0.1841 -0.5611
vn -0.9776 -0.0160 0.2100
vn -0.9073 0.4172 0.0515
vn -0.6277 0.4556 -0.6312
vn -0.8937 0.0437 0.4466
vn -0.7516 0.2748 0.5996
vn 0.6963 0.1790 0.6950
vn 0.7831 0.0588 0.6192
vn 0.0029 -0.9491 -0.3148
vn 0.1078 -0.9881 0.1093
vn -0.2187 -0.1514 -0.9640
vn 0.2449 -0.2308 0.9417
vn 0.3598 0.3843 -0.8502
vn -0.1387 0.5569 -0.8189
vn 0.0773 -0.5371 0.8400
vn 0.0561 -0.5262 0.8485
vn 0.6520 0.3963 -0.6464
vn -0.3486 -0.6769 0.6483
vn 0.1957 0.4779 -0.8563
vn 0.0426 0.3947 -0.9178
vn -0.2465 -0.4936 0.8341
vn 0.2932 -0.1490 0.9444
vn -0.8724 -0.4887 0.0014
vn 0.7071 -0.0026 -0.7071
vn -0.4985 -0.0576 0.8650
vn -0.7012 0.6644 0.2587
vn -0.6626 0.3638 -0.6547
vn -0.1434 0.7035 -0.6961
vn 0.4472 0.0024 0.8944
vn 0.3394 0.1450 0.9294
vn 0.8619 0.0875 0.4994
vn -0.1104 -0.0072 -0.9939
vn 0.2596 0.1315 0.9567
vn 0.7847 -0.4687 -0.4057
vn 0.5839 -0.4474 -0.6774
vn 0.1081 0.2055 0.9727
vn 0.4506 -0.0314 -0.8922
vn -0.4898 -0.0064 0.8718
vn 0.9417 0.1782 0.2853
vn 0.6460 0.5625 -0.5160
vn 0.6467 0.6927 -0.3193
vn 0.4179 0.8945 -0.1589
vn 0.4176 0.8934 -0.1656
vn 0.4150 0.8968 -0.1531
vn -0.2671 0.0131 -0.9636
vn 0.9921 0.0002 0.1255
vn 0.4092 -0.1523 -0.8996
vn 0.2058 -0.1585 -0.9657
vn 0.9334 0.0380 0.3569
vn -0.7060 0.0110 0.7081
vn -0.2922 -0.1446 0.9454
vn -0.6188 -0.0279 0.7851
vn -0.1819 -0.1767 0.9673
vn -0.3757 0.1081 0.9204
vn -0.7086 -0.1856 -0.6807
vn -0.2608 -0.1154 -0.9585
vn 0.9580 -0.0335 -0.2846
vn 0.6458 -0.1625 -0.7460
vn 0.9569 -0.0339 -0.2883
vn 0.5672 -0.1793 -0.8038
vn -0.1377 -0.0058 0.9905
vn 0.3848 -0.0340 0.9224
vn 0.6123 -0.0415 0.7895
vn -0.2675 0.0244 0.9633
vn -0.1689 -0.0055 0.9856
vn -0.7041 0.1407 0.6960
vn -0.6730 0.0325 -0.7390
vn 0.9901 -0.1096 -0.0874
vn 0.4920 -0.3322 -0.8047
vn 0.5555 -0.2285 -0.7995
vn 0.1789 -0.3382 -0.9239
vn 0.7167 0.0249 0.6970
vn -0.6803 0.0833 0.7282
vn -0.3346 -0.1122 0.9357
vn -0.4587 -0.0506 0.8871
vn -0.1966 -0.1741 0.9649
vn -0.7027 0.0653 0.7085
vn -0.7185 -0.0565 -0.6932
vn 0.9948 -0.1002 0.0184
vn 0.5256 -0.4118 -0.7444
vn 0.5763 -0.2898 -0.7641
vn 0.1607 -0.4383 -0.8843
vn 0.6922 0.0734 0.7180
vn -0.7304 0.1031 0.6752
vn -0.3292 -0.0651 0.9420
vn -0.4576 -0.0186 0.8890
vn -0.2035 -0.1109 0.9728
vn -0.6958 0.1113 0.7095
vn -0.6971 0.1129 0.7081
vn -0.5591 0.0177 0.8289
vn -0.6839 0.0560 -0.7274
vn -0.6997 0.0486 -0.7128
vn 0.9802 -0.1719 -0.0987
vn 0.9491 -0.1080 -0.2960
vn 0.7586 -0.1798 -0.6262
vn 0.8849 -0.0826 -0.4584
vn 0.7176 0.0016 0.6964
vn -0.3500 -0.1079 0.9305
vn -0.1835 -0.1926 0.9640
vn -0.6939 0.1768 0.6981
vn -0.7159 -0.0773 -0.6939
vn -0.8085 -0.1145 -0.5773
vn 0.6924 -0.1711 -0.7010
vn 0.5930 -0.5247 -0.6108
vn 0.6933 -0.1704 -0.7002
vn 0.6120 -0.4826 -0.6266
vn 0.7017 0.0847 0.7075
vn 0.6433 -0.3269 0.6923
vn 0.7046 0.0817 0.7049
vn 0.6566 -0.2888 0.6968
vn -0.6773 0.1479 0.7207
vn -0.7110 0.1696 0.6825
vn -0.6638 0.1641 0.7297
vn -0.7214 0.0943 -0.6860
vn -0.6928 0.1068 -0.7131
vn 0.7153 -0.1658 -0.6788
vn 0.6589 -0.2051 -0.7237
vn 0.7060 0.0863 0.7029
vn 0.7407 0.0317 0.6711
vn -0.6725 0.3748 0.6382
vn -0.6536 0.3446 0.6738
vn -0.6577 0.3517 0.6661
vn -0.6407 0.3275 0.6944
vn -0.8211 -0.1576 -0.5486
vn 0.4473 -0.6573 -0.6065
vn 0.7839 0.0169 0.6207
vn 0.7903 -0.0055 0.6126
vn 0.5765 -0.3496 0.7385
vn 0.6292 -0.2838 0.7236
vn -0.5116 0.5667 0.6459
vn -0.8234 -0.1280 -0.5528
vn -0.8933 -0.1401 -0.4271
vn 0.5174 -0.6246 -0.5850
vn 0.3410 -0.8765 -0.3398
vn 0.3891 -0.8275 -0.4047
vn -0.7088 0.4428 0.5490
vn -0.2681 0.0217 -0.9631
vn 0.9317 -0.1996 0.3033
vn -0.7629 0.1290 -0.6335
vn -0.6996 0.1578 -0.6969
vn 0.2273 -0.2836 0.9316
vn -0.6967 -0.1157 0.7080
vn -0.3995 0.1606 0.9026
vn 0.3121 -0.0242 -0.9497
vn -0.1007 -0.0773 -0.9919
vn -0.2258 -0.0920 -0.9698
vn 0.3588 -0.0175 -0.9332
vn -0.1084 0.0065 0.9941
vn 0.7869 -0.0534 0.6148
vn 0.9879 -0.0665 0.1403
vn -0.1767 0.0176 0.9841
vn -0.1416 0.0087 0.9899
vn -0.2983 -0.0964 0.9496
vn -0.6885 0.0454 -0.7238
vn 0.9509 0.0675 0.3021
vn 0.4698 -0.8783 0.0894
vn 0.8693 -0.0135 -0.4941
vn 0.1286 -0.2241 -0.9660
vn -0.4155 0.0490 0.9083
vn -0.2280 -0.0354 0.9730
vn 0.4697 -0.8783 0.0894
vn -0.7078 0.1601 0.6880
vn -0.7029 0.1541 0.6944
vn -0.5969 0.1104 0.7947
vn -0.7292 0.0087 -0.6843
vn 0.9899 -0.1415 0.0067
vn 0.4809 -0.3972 -0.7817
vn 0.5828 -0.2933 -0.7578
vn 0.2076 -0.4001 -0.8927
vn 0.7004 0.0571 0.7114
vn -0.3411 -0.0003 0.9400
vn -0.2554 -0.0346 0.9662
vn -0.6908 0.0714 0.7195
vn -0.6981 0.0603 -0.7135
vn -0.7757 0.0262 -0.6306
vn 0.7248 -0.0391 -0.6878
vn 0.6536 -0.3945 -0.6458
vn 0.7180 -0.0434 -0.6947
vn 0.6403 -0.4220 -0.6418
vn 0.7043 -0.0279 0.7094
vn 0.6296 -0.3452 0.6960
vn 0.7055 -0.0287 0.7081
vn 0.6197 -0.3801 0.6866
vn -0.6471 -0.0387 0.7614
vn -0.7938 0.0796 0.6029
vn -0.6885 0.2335 0.6867
vn -0.7161 0.0658 -0.6949
vn -0.7033 0.0736 -0.7070
vn 0.6775 -0.1312 -0.7237
vn 0.6905 -0.1206 -0.7132
vn 0.6818 -0.1292 -0.7200
vn 0.6981 -0.1143 -0.7068
vn 0.7148 0.0250 0.6989
vn 0.7140 0.0260 0.6997
vn 0.7092 0.0315 0.7043
vn 0.7084 0.0325 0.7051
vn -0.6799 0.2079 0.7032
vn -0.6824 0.2115 0.6997
vn -0.6809 0.2088 0.7020
vn -0.6816 0.2096 0.7011
vn -0.6825 0.3672 -0.6320
vn -0.6598 0.1965 -0.7253
vn -0.6919 0.1696 -0.7018
vn 0.7190 -0.1023 -0.6874
vn 0.6865 -0.1222 -0.7168
vn 0.6923 -0.0243 0.7212
vn 0.6903 -0.0315 0.7228
vn 0.6927 -0.0380 0.7202
vn 0.7237 -0.0831 0.6851
vn -0.6623 0.2812 0.6945
vn -0.6530 0.2602 0.7112
vn -0.7339 0.1764 -0.6560
vn 0.7157 -0.2389 0.6562
vn 0.5298 -0.4778 0.7007
vn 0.7150 -0.2358 0.6581
vn -0.5066 0.5082 0.6965
vn -0.7406 0.0816 -0.6669
vn -0.8574 0.0527 -0.5119
vn 0.4392 -0.5777 -0.6880
vn 0.5121 -0.5606 -0.6507
vn 0.2915 -0.8305 -0.4746
vn 0.3452 -0.7808 -0.5207
vn 0.5174 -0.4880 0.7030
vn -0.6722 0.4557 0.5835
vn 0.2192 -0.0303 -0.9752
vn 0.3773 -0.0168 -0.9259
vn -0.6911 -0.0822 -0.7181
vn -0.4287 0.0224 -0.9032
vn 0.9634 0.0554 -0.2622
vn -0.2303 -0.0920 0.9688
vn 0.2780 -0.2271 0.9333
vn 0.4021 -0.2528 0.8800
vn -0.3519 -0.0533 0.9345
vn 0.7526 -0.1584 -0.6391
vn 0.6977 -0.1588 -0.6986
vn -0.2861 -0.0794 -0.9549
vn -0.2415 -0.0743 -0.9675
vn 0.9304 -0.0617 0.3613
vn -0.7260 0.0336 0.6869
vn -0.2273 -0.0980 0.9689
vn 0.2219 0.0292 -0.9746
vn 0.3517 0.0348 -0.9355
vn -0.7020 -0.0211 -0.7118
vn -0.4511 0.0765 -0.8892
vn 0.9624 0.0522 -0.2665
vn -0.1947 -0.0952 0.9762
vn 0.3238 -0.2515 0.9121
vn 0.4375 -0.2787 0.8549
vn -0.3359 -0.0440 0.9409
vn 0.7570 0.0203 -0.6531
vn 0.9968 -0.0598 0.0531
vn -0.2894 0.0541 -0.9557
vn -0.3745 0.0273 -0.9268
vn 0.9369 -0.0200 0.3491
vn 0.9620 -0.0575 0.2670
vn 0.9968 -0.0597 0.0530
vn -0.7200 0.1056 0.6859
vn -0.7046 0.0977 0.7029
vn -0.7141 0.1021 0.6925
vn -0.6998 0.0948 0.7080
vn -0.0017 0.0195 -0.9998
vn 0.0207 0.0219 -0.9995
vn -0.7035 -0.0206 -0.7104
vn -0.4206 0.1320 -0.8976
vn 0.7265 0.0490 -0.6855
vn 0.6977 -0.0460 0.7149
vn 0.9232 -0.2271 0.3099
vn 0.8194 -0.1274 0.5589
vn 0.9463 -0.2687 0.1801
vn -0.7041 0.0259 0.7097
vn -0.7049 0.0256 0.7088
vn -0.7070 0.0292 0.7066
vn -0.7076 0.0290 0.7060
vn -0.0964 -0.0685 -0.9930
vn 0.0234 -0.0733 -0.9970
vn -0.7265 -0.0397 -0.6860
vn -0.4621 0.0989 -0.8813
vn 0.6892 -0.0611 -0.7219
vn 0.7013 -0.1101 0.7043
vn 0.8823 -0.3372 0.3284
vn 0.8095 -0.2241 0.5427
vn 0.8992 -0.4124 0.1458
vn -0.7098 0.0875 0.6989
vn -0.7044 0.0830 0.7050
vn -0.7062 0.0838 0.7030
vn -0.7008 0.0789 0.7090
vn -0.7250 0.2269 -0.6503
vn -0.7735 0.1960 -0.6027
vn 0.7206 -0.0140 -0.6932
vn 0.7410 -0.0099 -0.6715
vn 0.5346 -0.4450 -0.7185
vn 0.6170 -0.3130 -0.7220
vn 0.6766 -0.2583 0.6895
vn 0.6578 -0.2476 0.7114
vn 0.5050 -0.6289 0.5911
vn 0.5252 -0.5948 0.6086
vn -0.6671 -0.1250 0.7344
vn -0.7949 0.0414 0.6053
vn -0.5197 0.4731 -0.7114
vn -0.4940 0.4784 -0.7260
vn 0.7216 -0.1986 -0.6633
vn -0.7233 0.2182 0.6551
vn -0.7202 0.0224 0.6934
vn -0.7221 0.1182 0.6816
vn 0.7253 -0.2092 -0.6559
vn 0.5320 -0.4835 -0.6951
vn 0.5047 -0.5128 -0.6945
vn 0.5225 -0.5250 0.6718
vn 0.5367 -0.5377 0.6502
vn 0.3327 -0.8112 0.4809
vn 0.3798 -0.7634 0.5225
vn -0.7081 -0.0538 0.7041
vn -0.7858 0.1261 0.6055
vn 0.2379 -0.0157 -0.9712
vn -0.2961 0.0199 -0.9549
vn -0.6595 -0.0666 -0.7488
vn -0.4468 0.0240 -0.8943
vn 0.9610 0.0710 -0.2674
vn -0.2164 -0.0921 0.9720
vn 0.3117 -0.2258 0.9230
vn 0.4353 -0.2502 0.8648
vn -0.3508 -0.0481 0.9352
vn 0.9386 -0.3365 0.0760
vn -0.3224 -0.1821 -0.9289
vn -0.2278 -0.1566 -0.9610
vn -0.3319 -0.1775 -0.9264
vn 0.2180 0.1499 0.9644
vn -0.2434 0.0455 0.9689
vn 0.8968 0.1653 -0.4104
vn 0.8741 -0.1689 -0.4554
vn -0.1997 -0.0285 -0.9794
vn -0.2239 -0.0327 -0.9741
vn 0.2126 0.0319 0.9766
vn 0.9334 -0.1251 0.3363
vn -0.1891 -0.0512 0.9806
vn 0.2159 0.0293 -0.9760
vn 0.3359 0.0425 -0.9409
vn -0.7051 -0.0652 -0.7061
vn -0.4359 0.0723 -0.8971
vn 0.9561 0.0981 -0.2762
vn -0.1431 -0.0345 0.9891
vn 0.2637 0.0615 0.9626
vn 0.9792 -0.0690 0.1907
vn -0.3248 -0.0577 0.9440
vn -0.6288 0.0842 0.7730
vn -0.0874 -0.0742 -0.9934
vn 0.0163 -0.0704 -0.9974
vn -0.7181 -0.0820 -0.6911
vn -0.4512 0.0390 -0.8916
vn 0.6884 -0.0194 -0.7251
vn 0.0347 -0.2786 0.9598
vn 0.2984 -0.2802 0.9124
vn 0.5980 -0.3642 0.7140
vn 0.4572 -0.2806 0.8439
vn -0.7165 0.0258 0.6972
vn -0.0029 0.0312 -0.9995
vn 0.0097 0.0354 -0.9993
vn -0.7071 -0.0548 -0.7050
vn -0.4258 0.1176 -0.8971
vn 0.7162 0.0993 -0.6908
vn 0.7031 -0.0584 0.7087
vn 0.9355 -0.1860 0.3005
vn 0.8051 -0.1035 0.5841
vn 0.9603 -0.2097 0.1838
vn -0.6965 -0.0794 0.7132
vn -0.7044 -0.0756 0.7058
vn -0.7045 -0.0729 0.7060
vn -0.7118 -0.0690 0.6990
vn 0.7970 0.5700 -0.1997
vn 0.4864 -0.1345 -0.8633
vn -0.2718 0.2194 -0.9370
vn -0.3819 0.1060 -0.9181
vn 0.2115 0.6016 0.7703
vn 0.6887 0.1907 0.6995
vn -0.7063 0.0464 0.7064
vn -0.7042 0.0456 0.7085
vn -0.7050 0.0472 0.7077
vn -0.1686 0.1589 -0.9728
vn 0.2155 -0.1664 -0.9622
vn 0.2138 0.1548 0.9645
vn -0.2139 -0.1421 0.9665
vn -0.7098 0.2338 -0.6645
vn 0.7082 0.0217 -0.7057
vn 0.1628 -0.0983 -0.9817
vn 0.6890 -0.2186 0.6910
vn -0.7125 -0.1555 0.6842
vn -0.2603 -0.4536 0.8523
vn -0.5974 0.3353 -0.7285
vn -0.2032 0.4560 -0.8665
vn 0.7296 0.0607 -0.6811
vn 0.5572 0.1330 -0.8197
vn 0.5914 -0.6263 0.5079
vn 0.4878 -0.6315 0.6027
vn -0.7690 -0.3018 0.5635
vn -0.5208 -0.5590 0.6452
vn 0.3211 -0.1980 -0.9261
vn 0.3441 -0.1985 -0.9177
vn -0.7064 -0.0656 -0.7048
vn 0.9538 -0.1345 -0.2688
vn -0.3560 -0.0234 0.9342
vn -0.4538 0.0006 0.8911
vn -0.4720 0.0053 0.8816
vn -0.3515 -0.0247 0.9359
vn -0.3904 -0.7468 0.5384
vn -0.5942 0.2245 0.7723
vn -0.2821 -0.0236 -0.9591
vn 0.2840 -0.0083 0.9588
vn -0.4066 0.1845 0.8948
vn -0.7312 -0.3585 0.5804
vn -0.3261 0.0734 -0.9425
vn -0.0745 0.1655 -0.9834
vn -0.6254 -0.3463 0.6993
vn -0.2482 -0.1866 0.9506
vn 0.9913 -0.1312 -0.0121
vn -0.2221 -0.0262 -0.9747
vn -0.2237 -0.0208 -0.9744
vn -0.2378 -0.0247 -0.9710
vn 0.2521 0.0183 0.9675
vn -0.2527 -0.0923 0.9631
vn 0.6927 0.4231 0.5841
vn 0.9907 -0.1345 -0.0183
vn -0.2895 0.0044 -0.9572
vn -0.1685 0.0154 -0.9856
vn 0.2918 0.0016 0.9565
vn 0.9622 -0.1206 0.2440
vn -0.1515 -0.0357 0.9878
vn -0.7285 0.0829 -0.6800
vn 0.6890 0.0576 0.7225
vn 0.0546 -0.1038 0.9931
vn 0.9484 0.1510 -0.2788
vn 0.1707 -0.1707 -0.9704
vn -0.3089 -0.0784 0.9479
vn -0.1976 -0.1229 0.9725
vn 0.6889 0.0577 0.7225
vn 0.0545 -0.1037 0.9931
vn -0.7050 0.1303 -0.6971
vn -0.6985 0.1292 -0.7038
vn -0.7022 0.1238 -0.7011
vn 0.9906 -0.1150 -0.0743
vn 0.9923 -0.1228 0.0170
vn 0.6829 -0.0825 -0.7259
vn 0.2061 -0.2186 -0.9538
vn 0.7155 -0.0859 0.6933
vn -0.7153 -0.0215 0.6985
vn -0.3573 -0.2486 0.9003
vn -0.5847 -0.1194 0.8024
vn -0.2159 -0.3162 0.9238
vn -0.7306 -0.0539 0.6807
vn -0.7178 0.1396 -0.6821
vn -0.8178 0.0367 -0.5743
vn 0.6797 0.2096 -0.7030
vn 0.7094 0.2202 -0.6695
vn 0.6215 -0.2144 -0.7535
vn 0.6630 -0.0830 -0.7440
vn 0.6957 -0.1351 0.7055
vn 0.6986 -0.1357 0.7025
vn 0.6645 -0.5595 0.4954
vn 0.6870 -0.4668 0.5569
vn -0.5260 -0.3478 0.7762
vn -0.7522 -0.1882 0.6315
vn -0.6693 0.5053 -0.5447
vn -0.6045 0.4327 -0.6688
vn 0.7269 0.3075 -0.6140
vn -0.7318 -0.3677 0.5737
vn -0.8296 0.1639 -0.5338
vn 0.7771 0.2467 -0.5790
vn 0.6946 -0.0871 -0.7141
vn 0.6900 -0.0986 -0.7171
vn 0.6841 -0.4327 0.5871
vn 0.6889 -0.4327 0.5815
vn 0.6039 -0.7130 0.3562
vn 0.6215 -0.6783 0.3921
vn -0.7048 -0.4175 0.5736
vn -0.7938 -0.3119 0.5221
vn -0.7151 -0.0255 -0.6986
vn 0.6966 -0.2227 0.6820
vn -0.5189 -0.1351 -0.8441
vn 0.9402 -0.1219 -0.3180
vn -0.5547 -0.0764 -0.8285
vn -0.3463 -0.0913 0.9337
vn 0.6974 -0.1176 -0.7070
vn 0.9923 -0.1216 -0.0244
vn -0.2747 -0.0136 -0.9614
vn -0.1678 -0.0014 -0.9858
vn 0.9346 -0.0953 0.3428
vn 0.9836 -0.1126 0.1407
vn 0.9923 -0.1217 -0.0244
vn -0.7183 0.0026 0.6958
vn -0.2877 -0.1463 0.9465
vn -0.7221 -0.0036 -0.6918
vn 0.6830 0.1176 0.7209
vn 0.6524 -0.7387 0.1695
vn 0.8691 0.0589 -0.4911
vn 0.1988 -0.2289 -0.9529
vn -0.3315 -0.0158 0.9433
vn -0.2164 -0.0504 0.9750
vn -0.2571 0.0555 -0.9648
vn 0.9951 0.0018 0.0990
vn 0.4487 -0.1280 -0.8845
vn 0.2362 -0.1380 -0.9618
vn 0.9337 0.0400 0.3557
vn -0.7148 -0.0037 0.6993
vn -0.3145 -0.1736 0.9333
vn -0.6199 -0.0522 0.7829
vn -0.1959 -0.2119 0.9574
vn -0.7280 0.0115 -0.6854
vn 0.6733 0.0780 0.7352
vn 0.6375 -0.7555 0.1512
vn 0.8662 0.0792 -0.4934
vn 0.1956 -0.2083 -0.9583
vn -0.3363 -0.0667 0.9394
vn -0.2180 -0.1028 0.9705
vn -0.6845 0.1047 -0.7214
vn 0.9929 -0.0932 -0.0733
vn 0.9943 -0.1062 0.0114
vn 0.6951 -0.0266 -0.7184
vn 0.1847 -0.1263 -0.9746
vn 0.7205 -0.1169 0.6836
vn -0.7066 -0.0792 0.7032
vn -0.1732 -0.3140 0.9335
vn -0.6583 -0.1029 -0.7457
vn -0.6571 -0.1007 -0.7470
vn -0.7626 -0.0387 0.6457
vn 0.2257 0.1592 -0.9611
vn -0.1946 0.0683 -0.9785
vn -0.6837 -0.0726 -0.7262
vn -0.4220 0.2098 -0.8820
vn 0.6597 0.2285 -0.7160
vn 0.6790 -0.0499 0.7324
vn 0.9427 -0.1023 0.3177
vn 0.7684 -0.0646 0.6367
vn 0.9746 -0.1116 0.1942
vn -0.5468 -0.2514 0.7986
vn -0.6657 -0.2017 0.7185
vn -0.6240 -0.2221 0.7492
vn -0.6880 -0.1898 0.7004
vn -0.7566 0.3708 -0.5386
vn -0.7581 0.3676 -0.5387
vn -0.5120 0.2561 -0.8199
vn -0.3184 0.3576 -0.8779
vn 0.6917 0.2772 -0.6669
vn 0.5419 0.3060 -0.7828
vn 0.6922 0.2778 -0.6661
vn 0.5154 0.3105 -0.7987
vn 0.7479 -0.4072 0.5242
vn 0.6459 -0.4452 0.6202
vn 0.7472 -0.4075 0.5249
vn 0.6285 -0.4505 0.6340
vn -0.6353 -0.4830 0.6025
vn -0.3519 -0.6232 0.6984
vn -0.7170 -0.0303 -0.6964
vn 0.6618 0.0639 0.7469
vn 0.5666 -0.7982 0.2045
vn 0.8838 -0.0052 -0.4678
vn 0.1841 -0.2712 -0.9447
vn -0.3614 0.0041 0.9324
vn -0.2378 -0.0388 0.9705
vn -0.2565 0.0695 -0.9640
vn 0.9965 -0.0059 0.0834
vn 0.4265 -0.1158 -0.8970
vn 0.2110 -0.1235 -0.9696
vn 0.9333 0.0310 0.3576
vn -0.6991 -0.0009 0.7150
vn -0.3132 -0.1823 0.9320
vn -0.6018 -0.0548 0.7967
vn -0.2011 -0.2232 0.9538
vn -0.7198 0.0073 -0.6942
vn 0.6558 0.1024 0.7480
vn 0.6083 -0.7700 0.1925
vn 0.8627 0.0213 -0.5052
vn 0.1831 -0.2744 -0.9440
vn -0.3618 -0.0014 0.9322
vn -0.2300 -0.0516 0.9718
vn -0.6900 0.0638 -0.7210
vn 0.9903 -0.1035 -0.0932
vn 0.5293 -0.2477 -0.8115
vn 0.5581 -0.1459 -0.8168
vn 0.2014 -0.2471 -0.9478
vn 0.7203 -0.0553 0.6914
vn -0.6985 -0.0405 0.7145
vn -0.3257 -0.2413 0.9142
vn -0.5731 -0.1197 0.8107
vn -0.1815 -0.2991 0.9368
vn -0.7126 -0.0241 -0.7011
vn 1.0000 0.0014 0.0042
vn 0.5587 -0.2639 -0.7863
vn 0.5841 -0.1408 -0.7994
vn 0.1940 -0.3067 -0.9318
vn 0.6893 0.0515 0.7226
vn -0.7220 -0.0572 0.6896
vn -0.3203 -0.2255 0.9201
vn -0.5737 -0.1300 0.8087
vn -0.1826 -0.2654 0.9467
vn -0.6972 -0.0500 -0.7152
vn -0.4990 0.0943 -0.8615
vn 0.6971 0.1552 -0.7000
vn 0.7243 0.0043 0.6895
vn 0.9522 -0.1400 0.2714
vn 0.8530 -0.0641 0.5179
vn 0.9758 -0.1812 0.1220
vn -0.6861 -0.1076 0.7195
vn -0.6954 -0.1015 0.7114
vn -0.6909 -0.1039 0.7154
vn -0.7009 -0.0977 0.7066
vn -0.6914 -0.0577 -0.7201
vn -0.7079 -0.0281 -0.7057
vn -0.8071 -0.2152 -0.5498
vn 0.6505 0.2377 -0.7213
vn 0.6784 -0.0850 -0.7297
vn 0.6531 0.2396 -0.7184
vn 0.6813 -0.0670 -0.7289
vn 0.6936 0.0643 0.7175
vn 0.7130 0.0605 0.6985
vn 0.7709 -0.3823 0.5095
vn 0.7723 -0.2445 0.5863
vn -0.7133 -0.2310 0.6617
vn -0.7132 -0.2311 0.6618
vn -0.7612 -0.0358 -0.6475
vn -0.7623 -0.0333 -0.6463
vn -0.7608 -0.0318 -0.6482
vn -0.7067 0.0787 -0.7031
vn 0.5282 0.4995 -0.6867
vn -0.7930 -0.2277 -0.5651
vn 0.6517 0.4462 -0.6134
vn 0.6995 0.0883 -0.7092
vn 0.6994 0.0760 -0.7107
vn 0.8043 -0.0563 0.5916
vn 0.8037 -0.0549 0.5925
vn 0.8028 -0.0558 0.5936
vn 0.7634 -0.0655 0.6426
vn 0.7995 -0.3971 0.4507
vn 0.8017 -0.3541 0.4816
vn -0.4994 -0.6091 0.6161
vn -0.6520 -0.5334 0.5389
vn -0.7127 -0.0517 -0.6996
vn 0.6484 0.0765 0.7575
vn 0.5263 -0.8220 0.2177
vn 0.8888 -0.0108 -0.4582
vn 0.1618 -0.2781 -0.9468
vn -0.3667 0.0264 0.9300
vn -0.2271 -0.0167 0.9737
vn 0.3632 0.2444 -0.8991
vn -0.8574 -0.5138 0.0285
vn -0.2565 0.0616 -0.9646
vn 0.5127 0.2552 -0.8198
vn -0.4583 -0.2321 0.8580
vn -0.3648 -0.3069 0.8791
vn -0.8575 -0.5138 0.0285
vn 0.3934 0.1031 -0.9136
vn 0.6639 0.1689 -0.7285
vn -0.2153 -0.0333 -0.9760
vn 0.5169 0.1136 -0.8485
vn 0.9765 0.1938 -0.0941
vn -0.4601 -0.0673 0.8853
vn -0.2873 -0.1436 0.9470
vn 0.9765 0.1938 -0.0942
vn -0.2596 -0.0539 -0.9642
vn 0.9872 0.1064 0.1187
vn 0.4184 -0.1760 -0.8910
vn 0.2046 -0.2084 -0.9564
vn 0.9127 0.1608 0.3757
vn -0.7374 0.0397 0.6743
vn -0.3077 -0.0877 0.9474
vn -0.6233 -0.0000 0.7820
vn -0.2011 -0.1132 0.9730
vn -0.2717 0.0021 -0.9624
vn 0.9926 0.0886 0.0830
vn 0.3963 -0.1090 -0.9116
vn 0.1750 -0.1364 -0.9751
vn 0.9259 0.1261 0.3562
vn -0.6847 -0.0430 0.7276
vn -0.2803 -0.1856 0.9418
vn -0.5810 -0.0862 0.8093
vn -0.1674 -0.2148 0.9622
vn -0.0387 -0.1400 -0.9894
vn 0.0336 -0.1257 -0.9915
vn -0.6910 -0.2310 -0.6850
vn -0.4312 -0.0853 -0.8982
vn 0.6972 0.0451 -0.7155
vn 0.6838 0.1274 0.7185
vn 0.9451 -0.0354 0.3250
vn 0.7864 0.0789 0.6127
vn 0.9762 -0.0789 0.2018
vn -0.7300 -0.0109 0.6833
vn -0.7116 -0.0170 0.7024
vn -0.7248 -0.0126 0.6889
vn -0.7069 -0.0185 0.7070
vn -0.7122 -0.0275 -0.7014
vn 0.3237 0.0137 -0.9461
vn -0.0417 -0.0680 -0.9968
vn -0.5591 -0.1659 -0.8123
vn -0.4037 -0.0336 -0.9143
vn 0.6991 0.1038 -0.7074
vn 0.7164 0.1052 0.6897
vn 0.9515 -0.0307 0.3060
vn 0.8250 0.0548 0.5624
vn 0.9795 -0.0679 0.1899
vn -0.6820 -0.0766 0.7273
vn -0.6972 -0.0702 0.7134
vn -0.6884 -0.0734 0.7216
vn -0.7032 -0.0673 0.7078
vn -0.7195 -0.0535 -0.6924
vn -0.7196 -0.0509 -0.6925
vn -0.7187 -0.0521 -0.6933
vn -0.6234 -0.1943 -0.7573
vn -0.7447 -0.3505 -0.5679
vn 0.6780 0.1364 -0.7223
vn 0.7511 -0.1542 -0.6419
vn 0.6839 0.1439 -0.7153
vn 0.7565 -0.1754 -0.6301
vn 0.6916 0.2268 0.6858
vn 0.6647 0.2345 0.7093
vn 0.7488 -0.1903 0.6349
vn 0.7395 -0.0701 0.6695
vn -0.7393 -0.1560 0.6550
vn -0.7660 -0.1482 0.6255
vn -0.5327 -0.4702 -0.7036
vn -0.5483 -0.5909 -0.5918
vn 0.5993 0.3755 -0.7070
vn 0.7378 0.0691 -0.6715
vn 0.5996 0.3728 -0.7082
vn 0.7294 0.0905 -0.6781
vn 0.6328 0.3251 0.7028
vn 0.7499 0.0468 0.6599
vn 0.6361 0.3222 0.7011
vn 0.7611 0.0168 0.6484
vn -0.4442 -0.5751 0.6869
vn -0.5630 -0.5485 0.6182
vn -0.2935 0.1663 -0.9414
vn -0.5056 -0.1680 -0.8463
vn -0.4338 -0.0422 -0.9000
vn -0.6415 -0.5032 -0.5790
vn 0.8675 0.4155 0.2733
vn 0.9993 0.0065 0.0370
vn 0.7628 -0.1125 -0.6368
vn 0.8130 0.3476 0.4671
vn 0.7895 0.0585 0.6110
vn -0.5489 -0.4533 0.7023
vn -0.6658 -0.4083 0.6246
vn 0.7579 -0.1480 -0.6353
vn 0.6996 -0.1490 -0.6988
vn -0.2754 -0.0768 -0.9583
vn -0.2750 -0.0767 -0.9584
vn 0.9268 -0.0549 0.3714
vn -0.7156 -0.0149 0.6983
vn -0.2990 -0.1284 0.9456
vn -0.2868 -0.0008 -0.9580
vn -0.1451 0.0252 -0.9891
vn 0.9433 -0.0529 0.3278
vn 0.9689 -0.0698 -0.2374
vn 0.9502 -0.0713 -0.3032
vn 0.9415 -0.0519 0.3330
vn -0.6794 -0.0758 0.7298
vn -0.3165 -0.1908 0.9292
vn 0.7836 0.0709 -0.6172
vn 1.0000 0.0005 0.0046
vn -0.2555 0.0125 -0.9667
vn -0.4245 -0.0548 -0.9038
vn 0.9246 0.0689 0.3747
vn 0.9670 0.0129 0.2544
vn -0.7295 0.0590 0.6814
vn -0.7111 0.0520 0.7012
vn -0.7245 0.0571 0.6869
vn -0.7068 0.0504 0.7056
vn -0.7103 0.0062 -0.7039
vn 0.0039 0.0086 -1.0000
vn -0.6019 -0.0655 -0.7959
vn -0.3118 -0.0230 -0.9499
vn -0.4519 -0.0041 -0.8921
vn 0.7086 0.0672 -0.7024
vn 0.7189 0.0527 0.6931
vn 0.9526 -0.1008 0.2871
vn 0.8287 -0.0050 0.5597
vn 0.9758 -0.1378 0.1700
vn -0.6837 -0.0350 0.7289
vn -0.6995 -0.0274 0.7141
vn -0.6907 -0.0311 0.7224
vn -0.7061 -0.0237 0.7077
vn -0.7045 -0.1289 -0.6979
vn -0.7692 -0.1916 -0.6097
vn -0.7621 -0.1842 -0.6208
vn -0.8226 -0.2525 -0.5096
vn 0.8917 0.4155 -0.1797
vn 0.8200 -0.2939 -0.4911
vn 0.8832 0.2301 -0.4088
vn 0.6769 -0.4244 -0.6014
vn -0.0993 0.4229 0.9007
vn 0.2434 -0.0091 0.9699
vn 0.6749 -0.2237 0.7032
vn -0.4054 0.0237 0.9138
vn -0.6939 0.3554 0.6263
vn -0.1955 0.1671 -0.9664
vn -0.5979 -0.0646 -0.7989
vn -0.4059 0.0548 -0.9123
vn -0.8010 -0.2243 -0.5550
vn 0.5407 0.4529 0.7089
vn 0.9473 -0.3141 0.0632
vn 0.6842 -0.3818 -0.6214
vn 0.1723 0.4515 0.8755
vn 0.6106 -0.0762 0.7883
vn -0.7930 -0.1215 0.5970
vn -0.6824 -0.1482 -0.7158
vn -0.6820 -0.1492 -0.7160
vn -0.6940 -0.1344 -0.7074
vn -0.7380 -0.1731 -0.6523
vn 0.7060 0.0519 -0.7063
vn 0.6966 -0.3412 -0.6311
vn 0.7054 0.0479 -0.7072
vn 0.6969 -0.3263 -0.6386
vn 0.7038 0.1458 0.6953
vn 0.7014 0.1468 0.6974
vn 0.6714 -0.2828 0.6850
vn 0.6785 -0.2498 0.6908
vn -0.6798 -0.0762 0.7294
vn -0.7473 -0.0452 0.6630
vn -0.7297 0.0253 -0.6833
vn -0.7397 0.2340 0.6310
vn -0.6243 -0.2027 -0.7544
vn -0.6555 -0.2487 -0.7131
vn 0.7018 0.0340 -0.7115
vn 0.7221 0.0668 -0.6886
vn 0.6978 0.2987 0.6511
vn 0.6291 0.3503 0.6940
vn -0.6333 0.0311 0.7733
vn -0.7619 0.0811 0.6427
vn -0.4211 -0.6378 -0.6449
vn 0.7586 0.1306 -0.6383
vn 0.7894 -0.2303 -0.5690
vn 0.7474 0.1044 -0.6561
vn 0.5341 0.4642 0.7066
vn 0.5774 0.4534 0.6790
vn 0.6808 0.0429 0.7312
vn 0.6720 0.1134 0.7318
vn -0.6985 -0.2171 0.6819
vn -0.7330 -0.2058 0.6484
vn -0.5594 -0.5374 -0.6311
vn -0.6197 -0.6090 -0.4951
vn 0.7776 -0.2890 -0.5584
vn -0.7497 -0.3205 0.5790
vn 0.7391 -0.1485 -0.6570
vn 0.7028 -0.1528 -0.6948
vn -0.2758 -0.0760 -0.9582
vn -0.2689 -0.0749 -0.9602
vn 0.9305 -0.0609 0.3613
vn -0.7197 -0.0208 0.6940
vn -0.3107 -0.1365 0.9406
vn -0.6981 -0.0296 -0.7154
vn -0.5587 -0.1252 -0.8199
vn -0.1939 -0.0289 -0.9806
vn 0.9871 0.0049 -0.1597
vn 0.9969 -0.0476 0.0628
vn 0.9633 0.0190 -0.2676
vn 0.9359 0.0066 -0.3523
vn -0.3304 -0.0943 0.9391
vn 0.9871 0.0049 -0.1598
vn -0.2432 -0.1158 0.9630
vn -0.2520 -0.0840 -0.9641
vn 0.9500 -0.3084 0.0496
vn 0.5083 -0.0491 0.8598
vn -0.3524 0.0467 -0.9347
vn -0.4475 -0.0135 -0.8942
vn 0.1923 -0.2040 0.9599
vn 0.4080 -0.0858 0.9089
vn 0.9500 -0.3083 0.0496
vn 0.5084 -0.0491 0.8597
vn -0.7266 0.0586 0.6846
vn -0.6982 -0.0535 -0.7139
vn 0.7271 0.0791 -0.6820
vn 0.1998 -0.0179 -0.9797
vn -0.6021 -0.1332 -0.7873
vn -0.4227 -0.0105 -0.9062
vn 0.9553 0.1357 -0.2625
vn -0.1717 -0.0874 0.9813
vn 0.2962 -0.2084 0.9321
vn 0.4309 -0.2345 0.8714
vn -0.3399 -0.0366 0.9398
vn -0.7211 0.0277 -0.6923
vn 0.2359 -0.0816 -0.9683
vn -0.1061 -0.1322 -0.9855
vn -0.5876 -0.1801 -0.7888
vn -0.4515 -0.0612 -0.8902
vn 0.6895 0.0135 -0.7241
vn 0.7136 0.0953 0.6940
vn 0.9463 -0.0966 0.3086
vn 0.8113 0.0352 0.5836
vn 0.9720 -0.1458 0.1843
vn -0.7393 0.0461 0.6718
vn -0.7165 0.0355 0.6967
vn -0.7358 0.0452 0.6757
vn -0.7132 0.0350 0.7001
vn -0.6629 -0.1878 -0.7248
vn -0.7390 -0.1147 -0.6639
vn -0.7042 -0.0710 -0.7064
vn 0.7162 0.0526 -0.6959
vn 0.8113 0.1437 -0.5666
vn 0.7527 0.0850 -0.6529
vn 0.8360 0.1719 -0.5211
vn 0.6926 0.1603 0.7033
vn -0.6486 -0.1038 0.7540
vn -0.2442 -0.2202 0.9444
vn -0.4808 -0.1614 0.8619
vn -0.1059 -0.2488 0.9627
vn -0.7371 0.1003 -0.6683
vn -0.7364 0.1064 -0.6681
vn -0.7350 0.1033 -0.6701
vn -0.7389 0.2451 0.6276
vn -0.5729 -0.2212 -0.7892
vn -0.7227 -0.3721 -0.5824
vn 0.6954 0.0310 -0.7180
vn 0.7260 0.0636 -0.6848
vn 0.7866 -0.2674 -0.5566
vn 0.7867 -0.2734 -0.5535
vn 0.7187 0.2358 0.6541
vn 0.6468 0.2713 0.7128
vn 0.7075 -0.1484 0.6909
vn 0.7034 -0.0312 0.7101
vn -0.5201 -0.1350 0.8434
vn -0.8095 -0.0484 0.5851
vn -0.3831 -0.6283 -0.6771
vn 0.7170 0.2650 -0.6447
vn 0.5366 0.4833 0.6918
vn -0.6189 -0.3188 0.7179
vn -0.5514 -0.5496 -0.6276
vn -0.5908 -0.6140 -0.5234
vn 0.6542 0.1184 -0.7470
vn 0.7754 -0.2022 -0.5982
vn 0.7732 -0.1926 -0.6042
vn 0.4951 0.4353 0.7519
vn 0.6426 0.0848 0.7615
vn 0.6445 0.0778 0.7606
vn -0.6317 -0.3167 0.7075
vn -0.7118 -0.3324 0.6187
vn 0.7501 -0.2835 -0.5975
vn 0.5072 -0.0543 0.8601
vn -0.2686 0.0376 -0.9625
vn -0.4276 -0.0143 -0.9039
vn 0.2060 -0.2371 0.9494
vn 0.4029 -0.0968 0.9101
vn 0.7501 -0.2835 -0.5974
vn -0.7205 0.0431 0.6922
vn 0.2689 -0.0499 -0.9619
vn 0.3717 -0.0313 -0.9278
vn -0.6800 -0.1775 -0.7114
vn -0.4152 -0.0394 -0.9089
vn 0.9542 0.1257 -0.2714
vn -0.1557 -0.0630 0.9858
vn 0.2826 -0.1803 0.9421
vn 0.4249 -0.2143 0.8795
vn -0.3337 -0.0079 0.9426
vn 0.7573 -0.3201 -0.5692
vn 0.5396 -0.0666 0.8393
vn -0.2713 0.0496 -0.9612
vn -0.4580 -0.0184 -0.8887
vn 0.2098 -0.2447 0.9466
vn 0.4145 -0.1124 0.9031
vn 0.7574 -0.3201 -0.5691
vn -0.7274 0.0921 0.6800
vn -0.6646 -0.1522 -0.7315
vn -0.6641 -0.1546 -0.7314
vn -0.7620 -0.0379 -0.6464
vn -0.7069 0.0115 -0.7072
vn 0.9461 0.1617 -0.2806
vn 0.8916 0.0865 -0.4446
vn 0.9318 0.1375 -0.3359
vn 0.8670 0.0614 -0.4944
vn -0.3018 0.0181 0.9532
vn -0.1321 -0.0462 0.9902
vn -0.7052 0.0592 -0.7065
vn -0.7730 0.0073 -0.6343
vn -0.7689 0.0101 -0.6392
vn -0.8356 -0.0490 -0.5471
vn 0.9437 0.2933 -0.1527
vn 0.7899 -0.3581 -0.4979
vn 0.9070 0.1156 -0.4049
vn 0.6113 -0.5071 -0.6076
vn -0.0293 0.3786 0.9251
vn 0.1966 -0.0974 0.9756
vn 0.6188 -0.3852 0.6846
vn -0.4115 -0.0096 0.9114
vn -0.6621 0.4381 0.6080
vn -0.1616 0.1644 -0.9731
vn -0.8049 -0.1812 -0.5651
vn 0.7136 -0.0943 -0.6942
vn 0.6837 -0.4175 -0.5985
vn 0.6683 -0.4770 -0.5709
vn 0.8857 0.0414 0.4625
vn 0.6845 0.2421 0.6877
vn 0.6715 -0.2718 0.6894
vn 0.6946 -0.1249 0.7085
vn -0.7019 -0.0505 0.7105
vn -0.7999 0.0348 0.5991
vn -0.6372 -0.3154 -0.7032
vn -0.7385 -0.1598 -0.6551
vn -0.7077 -0.1189 -0.6965
vn 0.7358 -0.1789 -0.6531
vn 0.8893 0.0223 -0.4568
vn 0.6837 0.1707 0.7096
vn -0.6922 0.0363 0.7208
vn -0.1779 -0.1729 0.9687
vn -0.6881 0.2484 0.6818
vn -0.6610 -0.2090 -0.7207
vn -0.7397 -0.2359 -0.6303
vn 0.6957 -0.1800 -0.6954
vn 0.7280 -0.1519 -0.6685
vn 0.7265 -0.4877 -0.4841
vn 0.7254 -0.4935 -0.4799
vn 0.7310 0.1711 0.6605
vn 0.6799 0.2166 0.7006
vn 0.6359 -0.1639 0.7542
vn 0.6509 -0.0973 0.7529
vn -0.6176 0.0271 0.7860
vn -0.8214 0.1382 0.5534
vn 0.5336 0.5268 0.6616
vn -0.8070 0.1531 0.5704
vn -0.8067 0.1511 0.5713
vn -0.8056 0.1507 0.5729
vn -0.7652 0.1344 0.6296
vn -0.5547 -0.5781 -0.5984
vn -0.6998 -0.6035 -0.3822
vn 0.7995 -0.2103 -0.5626
vn 0.7692 -0.2597 -0.5839
vn 0.7467 -0.5768 -0.3313
vn 0.7644 -0.5041 -0.4019
vn 0.6955 0.4172 0.5851
vn 0.6884 0.0616 0.7227
vn 0.6902 0.0733 0.7199
vn -0.8221 -0.0693 0.5652
vn -0.2690 0.0036 -0.9631
vn 0.9922 0.0040 0.1247
vn 0.4208 -0.1687 -0.8913
vn 0.2184 -0.1764 -0.9598
vn 0.9342 0.0456 0.3538
vn -0.7170 0.0272 0.6966
vn -0.2892 -0.1275 0.9487
vn -0.6292 -0.0105 0.7772
vn -0.1765 -0.1590 0.9714
vn 0.3079 -0.1961 -0.9310
vn 0.3748 -0.1907 -0.9073
vn -0.6896 -0.1857 -0.7000
vn -0.2212 -0.1001 -0.9701
vn 0.9620 -0.0228 -0.2722
vn -0.1846 -0.0276 0.9824
vn 0.7797 -0.0544 0.6238
vn 0.9878 -0.0419 0.1497
vn -0.3154 -0.0032 0.9490
vn -0.2164 -0.0279 0.9759
vn -0.7189 0.1834 0.6705
vn -0.2741 -0.0150 -0.9616
vn 0.9990 0.0089 0.0440
vn 0.4389 -0.2190 -0.8715
vn 0.2324 -0.2342 -0.9440
vn 0.9437 0.0763 0.3220
vn -0.6543 0.0706 0.7529
vn -0.3164 -0.0725 0.9458
vn -0.4718 -0.0139 0.8816
vn -0.2137 -0.1088 0.9708
vn -0.3584 0.0585 0.9317
vn -0.6986 -0.0580 -0.7132
vn 0.9944 0.1002 0.0342
vn 0.6150 -0.7546 0.2287
vn 0.8469 -0.0405 -0.5303
vn 0.1600 -0.3755 -0.9129
vn -0.3957 0.0959 0.9134
vn 0.9944 0.1002 0.0343
vn -0.1720 0.0054 0.9851
vn 0.6150 -0.7546 0.2288
vn -0.6984 0.2137 0.6830
vn -0.6802 0.0090 -0.7330
vn 0.6742 -0.2552 -0.6930
vn 0.3065 -0.4030 -0.8623
vn 0.5344 -0.3221 -0.7814
vn 0.1973 -0.4283 -0.8819
vn 0.7227 0.0418 0.6899
vn -0.6650 0.1209 0.7370
vn -0.2077 -0.1362 0.9687
vn -0.7025 -0.1209 -0.7013
vn 0.7099 -0.2903 -0.6417
vn 0.1394 -0.5595 -0.8170
vn 0.6941 0.1092 0.7115
vn -0.7044 0.1371 0.6964
vn -0.2097 -0.1002 0.9726
vn -0.6992 0.1059 -0.7070
vn -0.7897 0.0212 -0.6131
vn 0.9452 0.2904 -0.1494
vn 0.6883 -0.1319 -0.7133
vn 0.5617 -0.5787 -0.5913
vn 0.5978 -0.4995 -0.6270
vn -0.0398 0.2493 0.9676
vn 0.1246 -0.1620 0.9789
vn 0.5210 -0.5418 0.6596
vn -0.4487 -0.1895 0.8733
vn -0.6803 0.4096 0.6078
vn -0.7277 -0.1223 -0.6749
vn -0.7783 -0.1382 -0.6125
vn -0.7596 -0.1327 -0.6367
vn -0.8208 -0.1527 -0.5505
vn 0.9730 0.1155 -0.1998
vn 0.7441 -0.5089 -0.4328
vn 0.9275 -0.0271 -0.3728
vn 0.5770 -0.6363 -0.5120
vn 0.7250 0.0511 0.6869
vn 0.6137 -0.2488 0.7493
vn 0.5666 -0.3355 0.7526
vn -0.4782 0.1806 0.8595
vn -0.7012 0.4285 0.5698
vn -0.7740 -0.3232 -0.5444
vn 0.5754 -0.5612 -0.5950
vn 0.7694 0.2116 0.6027
vn 0.7890 0.1761 0.5886
vn 0.6462 -0.1907 0.7390
vn 0.6774 -0.1333 0.7235
vn -0.5998 0.4987 0.6258
vn -0.7897 -0.2728 -0.5495
vn -0.8638 -0.2870 -0.4141
vn 0.6059 -0.5404 -0.5838
vn 0.4831 -0.8102 -0.3320
vn 0.5139 -0.7655 -0.3872
vn -0.7695 0.3504 0.5340
vn -0.2667 0.0229 -0.9635
vn 0.9859 -0.0020 0.1674
vn 0.3674 -0.1155 -0.9229
vn 0.1983 -0.1174 -0.9731
vn 0.9339 0.0210 0.3569
vn -0.7000 -0.0003 0.7141
vn -0.2792 -0.1367 0.9505
vn -0.6286 -0.0282 0.7772
vn -0.1895 -0.1593 0.9689
vn -0.3967 0.1212 0.9099
vn -0.2425 0.0292 0.9697
vn -0.3488 0.0899 0.9329
vn 0.2426 -0.1848 -0.9524
vn -0.0911 -0.0664 0.9936
vn -0.7349 -0.1328 -0.6650
vn -0.2323 -0.0822 -0.9692
vn 0.9810 -0.0551 -0.1861
vn -0.2004 0.0016 0.9797
vn 0.9810 -0.0552 -0.1861
vn -0.1540 -0.0086 0.9880
vn -0.2705 0.0327 -0.9622
vn 0.4959 0.0970 0.8630
vn 0.2740 -0.1190 -0.9543
vn 0.1757 -0.1201 -0.9771
vn 0.3779 0.1059 0.9198
vn -0.7360 0.0496 0.6751
vn -0.2174 -0.0194 0.9759
vn -0.3595 -0.0020 0.9331
vn -0.1914 -0.0221 0.9813
vn -0.3773 0.1434 0.9149
vn -0.7289 0.0238 -0.6843
vn 0.9825 0.0233 0.1847
vn 0.5334 -0.8109 0.2406
vn 0.8743 -0.0779 -0.4791
vn 0.1920 -0.3058 -0.9325
vn -0.2909 0.0687 0.9543
vn -0.2323 0.0472 0.9715
vn 0.9825 0.0232 0.1848
vn 0.5335 -0.8109 0.2406
vn -0.6931 0.0844 0.7159
vn -0.6785 0.1134 -0.7258
vn -0.6952 0.1065 -0.7108
vn 0.9871 -0.1368 -0.0827
vn 0.9374 -0.0850 -0.3378
vn 0.7602 -0.1314 -0.6363
vn 0.8780 -0.0648 -0.4743
vn 0.7096 -0.0306 0.7040
vn -0.7038 0.1105 0.7018
vn -0.3281 -0.1177 0.9373
vn -0.4710 -0.0409 0.8812
vn -0.1860 -0.1860 0.9648
vn -0.6949 0.1903 0.6934
vn -0.6933 0.1894 0.6953
vn -0.6904 0.1880 0.6986
vn -0.0989 -0.2387 -0.9660
vn 0.0037 -0.2343 -0.9722
vn -0.7402 -0.1927 -0.6441
vn -0.4054 -0.0567 -0.9124
vn 0.6805 -0.1403 -0.7192
vn 0.7072 0.0292 0.7064
vn 0.8957 -0.2146 0.3893
vn 0.8031 -0.0712 0.5915
vn 0.9217 -0.2933 0.2540
vn -0.6910 0.1849 0.6988
vn -0.6890 0.1828 0.7013
vn -0.6929 0.2763 -0.6660
vn -0.6453 0.1042 -0.7568
vn -0.8273 0.0430 -0.5601
vn 0.7047 -0.2121 -0.6770
vn 0.6619 -0.2249 -0.7151
vn 0.4845 -0.6300 -0.6069
vn 0.5235 -0.5675 -0.6355
vn 0.6928 -0.0938 0.7150
vn 0.6940 -0.0973 0.7134
vn 0.7153 -0.1185 0.6887
vn 0.5421 -0.4446 0.7131
vn 0.5297 -0.4617 0.7115
vn -0.6809 0.1603 0.7146
vn -0.7539 0.2434 0.6102
vn -0.7357 0.1574 -0.6588
vn 0.7236 -0.2153 0.6557
vn 0.5408 -0.4602 0.7041
vn 0.7230 -0.2130 0.6572
vn -0.5111 0.5038 0.6964
vn -0.7357 0.0722 -0.6734
vn -0.8536 0.0518 -0.5183
vn 0.4558 -0.5658 -0.6871
vn 0.5208 -0.5520 -0.6512
vn 0.3096 -0.8223 -0.4774
vn 0.3555 -0.7781 -0.5178
vn 0.5275 -0.4726 0.7060
vn -0.6714 0.4574 0.5831
vn 0.2534 -0.0229 -0.9671
vn 0.3590 -0.0128 -0.9332
vn -0.7010 -0.0885 -0.7076
vn -0.4490 0.0134 -0.8934
vn 0.9609 0.0657 -0.2690
vn -0.2102 -0.0733 0.9749
vn 0.3228 -0.2085 0.9232
vn 0.4436 -0.2330 0.8654
vn -0.3483 -0.0315 0.9369
vn 0.7223 -0.1703 -0.6703
vn 0.8809 -0.1702 -0.4416
vn -0.2816 -0.0360 -0.9589
vn -0.2228 -0.0334 -0.9743
vn 0.9284 -0.1125 0.3540
vn 0.9774 -0.1399 0.1584
vn -0.7206 0.0542 0.6912
vn -0.2686 -0.1121 0.9567
vn 0.2301 0.0045 -0.9732
vn -0.2679 0.0541 -0.9619
vn -0.6521 -0.0454 -0.7568
vn -0.4185 0.0631 -0.9060
vn 0.9570 0.0808 -0.2788
vn -0.1489 -0.0153 0.9887
vn 0.2744 0.0726 0.9589
vn 0.9777 -0.0726 0.1970
vn -0.3247 -0.0369 0.9451
vn -0.6302 0.1034 0.7695
vn -0.0977 -0.0264 -0.9949
vn -0.3449 0.0446 -0.9376
vn -0.6640 -0.0036 -0.7477
vn -0.4666 0.0669 -0.8820
vn 0.6867 -0.0068 -0.7269
vn 0.7191 -0.0374 0.6939
vn 0.9323 -0.2177 0.2889
vn 0.8101 -0.0982 0.5780
vn 0.9517 -0.2570 0.1677
vn -0.7143 0.0732 0.6960
vn -0.7065 0.0685 0.7044
vn -0.7118 0.0717 0.6987
vn -0.7035 0.0665 0.7076
vn -0.7272 0.0858 -0.6810
vn -0.7001 0.1052 -0.7062
vn 0.9984 -0.0488 -0.0280
vn 0.9988 -0.0459 0.0156
vn 0.7189 -0.0339 -0.6943
vn 0.8861 0.0670 -0.4586
vn 0.6967 -0.0354 0.7164
vn -0.6941 -0.0408 0.7187
vn -0.3129 -0.2517 0.9158
vn -0.5565 -0.1271 0.8210
vn -0.1956 -0.2971 0.9346
vn -0.6985 0.1533 -0.6990
vn -0.7512 0.1269 -0.6477
vn 0.6994 0.0012 -0.7147
vn 0.7026 0.0022 -0.7116
vn 0.6305 -0.3878 -0.6724
vn 0.6371 -0.3679 -0.6773
vn 0.7054 -0.1511 0.6925
vn 0.6310 -0.4934 0.5986
vn 0.7075 -0.1544 0.6896
vn 0.6417 -0.4700 0.6061
vn -0.7238 -0.0229 0.6896
vn -0.7568 0.0082 0.6536
vn -0.7119 -0.0393 0.7011
vn -0.7190 0.2289 -0.6562
vn -0.6627 0.2832 -0.6932
vn 0.7002 0.1554 -0.6968
vn 0.7521 0.1823 -0.6333
vn 0.6873 -0.1596 0.7086
vn 0.6723 -0.1512 0.7246
vn -0.6844 -0.1010 0.7221
vn -0.7282 -0.0500 0.6835
vn -0.4732 0.5302 -0.7035
vn 0.7867 0.0378 -0.6162
vn -0.8018 -0.0322 0.5967
vn -0.7592 0.3716 -0.5343
vn 0.7931 0.0236 -0.6086
vn 0.6413 -0.2751 -0.7163
vn 0.6253 -0.2980 -0.7212
vn 0.5504 -0.5622 0.6172
vn 0.5774 -0.5710 0.5835
vn 0.4284 -0.8251 0.3683
vn 0.4586 -0.7886 0.4097
vn -0.7616 -0.2340 0.6043
vn -0.8300 -0.1055 0.5476
vn -0.7132 -0.0495 -0.6992
vn 0.6518 0.0736 0.7548
vn 0.5386 -0.8152 0.2130
vn 0.8844 -0.0062 -0.4667
vn 0.1640 -0.2893 -0.9431
vn -0.3659 0.0127 0.9306
vn -0.2325 -0.0320 0.9721
vn 0.3679 0.2288 -0.9013
vn -0.8781 -0.4774 0.0324
vn -0.2609 0.0731 -0.9626
vn 0.5165 0.2333 -0.8239
vn -0.4604 -0.2134 0.8617
vn -0.3689 -0.2920 0.8824
vn -0.8781 -0.4773 0.0324
vn 0.3918 0.1096 -0.9135
vn 0.6688 0.1719 -0.7233
vn -0.2339 -0.0238 -0.9720
vn 0.5071 0.1186 -0.8537
vn 0.9794 0.1861 -0.0785
vn -0.4513 -0.0784 0.8889
vn -0.2861 -0.1511 0.9462
vn -0.7203 -0.0271 -0.6931
vn 0.6438 0.1277 0.7545
vn 0.6055 -0.7680 0.2087
vn 0.8797 0.0332 -0.4743
vn 0.1918 -0.2589 -0.9467
vn -0.3790 0.0189 0.9252
vn -0.2315 -0.0252 0.9725
vn -0.2728 0.0367 -0.9614
vn 0.9945 0.0760 0.0716
vn 0.3578 -0.0786 -0.9305
vn 0.1463 -0.1017 -0.9840
vn 0.9292 0.1059 0.3541
vn -0.6864 -0.0283 0.7266
vn -0.2803 -0.1968 0.9395
vn -0.5793 -0.0803 0.8111
vn -0.1738 -0.2297 0.9576
vn -0.7149 -0.0213 -0.6989
vn 0.9998 0.0020 0.0220
vn 0.5299 -0.2669 -0.8050
vn 0.6001 -0.1446 -0.7867
vn 0.2086 -0.3041 -0.9295
vn 0.6842 0.0784 0.7250
vn -0.7440 -0.0041 0.6681
vn -0.3283 -0.1608 0.9308
vn -0.6049 -0.0660 0.7936
vn -0.2033 -0.1958 0.9593
vn -0.7079 0.0250 -0.7058
vn -0.7315 0.0067 -0.6818
vn 0.7005 0.1388 -0.7000
vn 0.7017 -0.2216 -0.6772
vn 0.6956 0.1344 -0.7058
vn 0.6918 -0.2612 -0.6732
vn 0.7253 -0.0415 0.6872
vn 0.6789 -0.3556 0.6424
vn 0.7250 -0.0434 0.6873
vn 0.6704 -0.3918 0.6301
vn -0.6771 -0.2152 0.7037
vn -0.7697 -0.1487 0.6208
vn -0.6882 -0.0844 -0.7206
vn -0.6886 -0.0889 -0.7197
vn -0.6889 -0.0866 -0.7196
vn -0.7257 -0.0141 -0.6879
vn -0.7303 -0.0255 -0.6826
vn 0.6450 0.2493 -0.7224
vn 0.6514 0.2573 -0.7138
vn 0.6488 0.2540 -0.7173
vn 0.6549 0.2617 -0.7089
vn 0.6896 0.1301 0.7124
vn 0.6905 0.1296 0.7116
vn 0.6951 0.1277 0.7075
vn 0.6962 0.1273 0.7065
vn -0.7331 -0.1330 0.6670
vn -0.6716 -0.1667 0.7219
vn -0.7604 -0.0615 -0.6466
vn -0.7624 -0.0573 -0.6446
vn -0.7600 -0.0546 -0.6477
vn -0.7274 0.0282 -0.6856
vn 0.5033 0.5303 -0.6823
vn -0.7843 -0.2630 -0.5619
vn 0.6347 0.4766 -0.6082
vn 0.6971 0.1145 -0.7078
vn 0.6975 0.1004 -0.7095
vn 0.8057 -0.0160 0.5921
vn 0.7605 -0.0276 0.6487
vn 0.8111 -0.3672 0.4553
vn 0.8116 -0.3216 0.4877
vn -0.4767 -0.6264 0.6168
vn -0.6403 -0.5461 0.5401
vn -0.3312 -0.8635 0.3804
vn -0.5610 0.2119 0.8003
vn -0.2770 -0.0585 -0.9591
vn 0.2841 0.0254 0.9584
vn -0.3632 0.1795 0.9143
vn -0.0388 0.0779 -0.9962
vn 0.0479 -0.0227 0.9986
vn 0.5270 -0.0636 0.8475
vn 0.1952 0.0003 -0.9808
vn 0.0053 -0.0189 0.9998
vn -0.2674 -0.0650 -0.9614
vn -0.2683 -0.0662 -0.9611
vn -0.2682 -0.0654 -0.9611
vn 0.2709 0.0397 0.9618
vn -0.6227 0.2332 0.7469
vn -0.2334 -0.0935 -0.9679
vn 0.2813 0.0502 0.9583
vn -0.4272 0.2080 0.8799
vn -0.6744 -0.1165 -0.7291
vn -0.6742 -0.1159 -0.7294
vn -0.6740 -0.1162 -0.7296
vn 0.9022 -0.1098 -0.4171
vn 0.5403 -0.1778 -0.8225
vn -0.6625 -0.1224 -0.7390
vn 0.9612 -0.0818 -0.2634
vn -0.3280 -0.0011 0.9447
vn -0.4678 0.0218 0.8836
vn -0.4837 0.0239 0.8749
vn -0.3251 -0.0008 0.9457
vn -0.2888 -0.0701 -0.9548
vn -0.2911 -0.0733 -0.9539
vn -0.2908 -0.0711 -0.9541
vn -0.2059 -0.1423 -0.9682
vn 0.9979 -0.0621 -0.0200
vn -0.2130 -0.1416 -0.9667
vn -0.2631 -0.1527 -0.9526
vn 0.9369 0.0015 0.3496
vn -0.2060 -0.1423 -0.9682
vn 0.9876 -0.0339 0.1530
vn 0.9979 -0.0621 -0.0199
vn -0.7596 0.0470 0.6487
vn -0.3238 -0.0295 0.9457
vn 0.3527 0.1374 -0.9256
vn -0.6631 -0.7392 0.1177
vn -0.2161 -0.2179 -0.9517
vn 0.4865 0.1993 -0.8507
vn -0.4389 -0.1431 0.8871
vn 0.4864 0.1993 -0.8507
vn -0.2992 -0.1883 0.9354
vn 0.4452 0.0111 -0.8953
vn 0.0605 -0.1158 -0.9914
vn -0.2037 -0.1900 -0.9604
vn 0.5308 0.0453 -0.8463
vn 0.9888 0.0202 0.1477
vn -0.5190 0.0448 0.8536
vn -0.2444 -0.0338 0.9691
vn -0.7216 0.2345 0.6514
vn -0.2035 -0.2572 -0.9447
vn 0.2613 -0.3649 -0.8936
vn 0.9275 0.2421 0.2848
vn -0.6419 0.1290 0.7558
vn -0.2271 0.0562 0.9723
vn -0.7632 0.0296 0.6455
vn -0.5384 -0.6074 -0.5842
vn -0.2015 -0.5359 -0.8199
vn 0.8134 -0.1540 -0.5609
vn 0.8152 -0.1550 -0.5580
vn 0.6414 -0.3184 -0.6980
vn 0.5680 0.3834 0.7283
vn 0.5251 0.3912 0.7558
vn -0.7164 0.0202 0.6974
vn -0.3853 0.1170 0.9153
vn 0.7049 0.0762 -0.7052
vn 0.7049 0.0763 -0.7052
vn 0.7050 0.0765 -0.7051
vn 0.7050 0.0766 -0.7050
vn -0.7070 0.0764 -0.7031
vn -0.7063 0.0779 -0.7036
vn -0.7055 0.0799 -0.7042
vn -0.7048 0.0816 -0.7048
vn -0.7031 0.0764 0.7070
vn -0.7036 0.0779 0.7063
vn -0.7042 0.0799 0.7055
vn -0.7048 0.0816 0.7048
vn 0.7095 0.0705 0.7012
vn 0.7081 0.0738 0.7023
vn 0.7063 0.0780 0.7036
vn 0.7048 0.0816 0.7048
vn 0.7042 0.1021 -0.7026
vn 0.7039 0.1016 -0.7030
vn 0.7039 0.1017 -0.7030
vn 0.7035 0.1011 -0.7035
vn -0.7028 0.1022 -0.7040
vn -0.7031 0.1018 -0.7037
vn -0.7031 0.1018 -0.7038
vn -0.7035 0.1014 -0.7035
vn -0.7040 0.1022 0.7028
vn -0.7037 0.1018 0.7031
vn -0.7038 0.1018 0.7031
vn -0.7035 0.1014 0.7035
vn 0.7029 0.1021 0.7039
vn 0.7032 0.1017 0.7037
vn 0.7031 0.1018 0.7037
vn 0.7035 0.1014 0.7035
vn 0.7029 0.0889 -0.7057
vn 0.7030 0.0890 -0.7056
vn 0.7038 0.0898 -0.7047
vn 0.7040 0.0900 -0.7045
vn -0.7070 0.0892 -0.7016
vn -0.7054 0.0906 -0.7030
vn -0.7061 0.0900 -0.7024
vn -0.7043 0.0915 -0.7040
vn -0.7016 0.0890 0.7070
vn -0.7033 0.0906 0.7051
vn -0.7025 0.0899 0.7060
vn -0.7044 0.0917 0.7039
vn 0.7090 0.0871 0.6998
vn 0.7060 0.0897 0.7025
vn 0.7074 0.0886 0.7013
vn 0.7040 0.0914 0.7043
vn 0.7092 -0.0111 -0.7049
vn 0.7069 -0.0106 -0.7073
vn 0.7054 -0.0053 -0.7088
vn 0.7071 -0.0105 -0.7070
vn -0.7044 -0.0147 -0.7096
vn -0.7067 -0.0154 -0.7073
vn -0.7048 -0.0148 -0.7093
vn -0.7071 -0.0155 -0.7070
vn -0.7072 0.0080 0.7069
vn -0.7071 0.0079 0.7070
vn -0.7071 0.0079 0.7071
vn 0.7116 0.0115 0.7025
vn 0.7077 0.0127 0.7064
vn 0.7110 0.0117 0.7031
vn -0.9538 0.2988 0.0322
vn 0.8396 -0.5430 -0.0115
vn -0.9779 -0.1380 0.1571
vn 0.5804 0.6200 -0.5279
vn 0.5556 0.6425 -0.5278
vn -0.4140 -0.8084 0.4184
vn -0.7557 -0.3525 0.5519
vn 0.8907 0.4498 -0.0661
vn 0.4126 -0.7381 -0.5338
vn -0.5504 0.5831 0.5976
vn 0.7551 -0.1115 -0.6460
vn -0.4643 -0.8216 -0.3308
vn 0.8397 0.0973 -0.5343
vn -0.8030 -0.5863 0.1072
vn 0.4556 -0.8064 -0.3770
vn 0.1296 0.9121 0.3890
vn 0.7315 -0.0938 -0.6754
vn 0.8030 -0.2410 -0.5451
vn 0.8029 -0.2410 -0.5452
vn 0.8032 -0.2405 -0.5449
vn -0.1035 0.9156 0.3886
vn -0.0759 0.4183 0.9051
vn 0.1957 -0.0272 -0.9803
vn -0.3533 -0.3864 0.8520
vn 0.7932 -0.2977 -0.5312
vn 0.0255 0.9358 0.3516
vn 0.4094 0.1575 -0.8986
vn 0.4793 0.6309 -0.6102
vn -0.4889 -0.8438 0.2213
vn -0.1369 0.4559 0.8794
vn -0.3732 -0.9191 -0.1268
vn -0.0985 0.5207 0.8480
vn 0.3515 0.1446 0.9250
vn 0.4873 0.3124 -0.8155
vn 0.4836 0.6009 -0.6364
vn -0.7051 -0.3067 0.6394
vn -0.6032 0.3637 0.7099
vn 0.5822 0.1043 -0.8063
vn -0.5558 0.3063 0.7728
vn 0.8488 0.3573 -0.3897
vn -0.3924 -0.8694 -0.3002
vn -0.2864 0.4111 0.8654
vn 0.0008 -0.6926 -0.7213
vn -0.0860 0.6218 0.7785
vn 0.4811 -0.7261 -0.4912
vn 0.2819 0.8403 0.4631
vn -0.0507 0.5516 0.8326
vn 0.6196 -0.2086 -0.7567
vn 0.1652 0.8226 0.5441
vn 0.1950 0.2746 0.9416
vn 0.2000 0.3588 0.9117
vn 0.6719 0.5722 -0.4703
vn 0.3660 0.8543 0.3692
vn -0.1816 0.7019 0.6887
vn 0.1794 0.2898 0.9401
vn 0.0922 0.4381 0.8942
vn 0.4763 -0.0217 0.8790
vn 0.1977 0.1260 -0.9721
vn -0.3504 -0.4652 -0.8129
vn 0.3762 0.6973 0.6101
vn 0.1088 -0.0957 0.9894
vn -0.6893 0.5122 -0.5124
vn -0.6887 0.5124 -0.5129
vn -0.6890 0.5120 -0.5131
vn -0.4166 -0.9042 -0.0945
vn 0.5916 0.3468 0.7278
vn -0.1561 0.9869 -0.0397
vn -0.6844 -0.6497 -0.3309
vn 0.1523 0.9692 -0.1935
vn 0.5691 -0.6613 0.4887
vn -0.4836 -0.0190 -0.8751
vn 0.6724 0.7029 0.2318
vn -0.1902 -0.9814 0.0248
vn -0.0770 0.3977 -0.9143
vn 0.6563 -0.0198 0.7542
vn -0.2456 0.6881 -0.6828
vn 0.4470 -0.5852 0.6765
vn -0.4072 0.6877 -0.6011
vn 0.6494 -0.4394 0.6207
vn -0.3730 0.7153 -0.5909
vn 0.1206 0.9256 -0.3588
vn 0.1209 0.9256 -0.3587
vn 0.7523 -0.4128 0.5134
vn -0.3410 0.5746 -0.7440
vn 0.7599 -0.3315 0.5592
vn 0.7807 -0.3115 0.5418
vn 0.0552 0.8523 -0.5202
vn 0.4416 -0.5981 0.6688
vn -0.2253 0.8304 -0.5096
vn -0.1659 -0.7890 0.5916
vn 0.6754 0.0290 0.7369
vn -0.0716 -0.7488 0.6589
vn -0.0309 0.8790 -0.4758
vn -0.1660 -0.7889 0.5916
vn -0.0717 -0.7488 0.6590
vn -0.7404 -0.6393 -0.2074
vn -0.2178 0.6482 -0.7296
vn -0.5990 -0.0540 -0.7989
vn 0.6268 0.1206 0.7698
vn 0.2743 0.7252 -0.6316
vn -0.3838 -0.9108 -0.1522
vn 0.2945 0.8448 0.4467
vn -0.3430 -0.8885 -0.3049
vn 0.3047 0.8551 0.4195
vn 0.5224 0.0210 0.8524
vn 0.0484 0.7616 -0.6463
vn 0.0869 -0.7230 0.6854
vn -0.4703 -0.8825 0.0030
vn -0.1710 0.5585 -0.8117
vn 0.6407 -0.4728 0.6050
vn -0.0719 0.8094 -0.5828
vn 0.0060 -0.8173 0.5761
vn 0.5023 -0.5407 0.6747
vn -0.1400 0.6753 -0.7241
vn -0.1404 0.6747 -0.7246
vn -0.1402 0.6749 -0.7245
vn -0.3425 -0.9271 0.1521
vn -0.0861 0.4676 -0.8797
vn 0.6214 -0.3507 0.7006
vn 0.0940 0.6780 -0.7290
vn 0.0013 -0.6893 0.7244
vn -0.6935 0.2333 -0.6817
vn -0.0208 0.8325 -0.5536
vn 0.1771 -0.7489 0.6386
vn 0.7089 0.0092 -0.7053
vn 0.7068 0.0097 -0.7074
vn 0.7054 0.0145 -0.7087
vn 0.7070 0.0098 -0.7071
vn -0.7064 -0.0023 -0.7078
vn -0.7072 -0.0021 -0.7070
vn -0.7077 -0.0002 -0.7065
vn -0.7071 -0.0020 -0.7071
vn -0.7088 0.0066 0.7054
vn -0.7074 0.0013 0.7069
vn -0.7051 0.0017 0.7091
vn -0.7071 0.0013 0.7071
vn 0.7065 0.0150 0.7075
vn 0.7070 0.0132 0.7071
vn 0.7078 0.0132 0.7063
vn 0.7070 0.0131 0.7071
vn 0.2072 -0.9003 -0.3829
vn -0.1740 0.8632 0.4740
vn 0.0640 0.0197 -0.9978
vn -0.6451 0.7404 0.1888
vn 0.2692 -0.2275 -0.9358
vn -0.4712 0.6197 0.6277
vn -0.3725 0.3566 0.8568
vn -0.6450 0.7405 0.1887
vn 0.9882 -0.0596 -0.1414
vn -0.9277 0.3384 0.1574
vn -0.8352 -0.5011 0.2267
vn 0.0968 -0.9388 0.3306
vn -0.3680 -0.3815 0.8480
vn -0.3629 -0.4766 0.8007
vn 0.5572 0.8133 -0.1678
vn -0.8710 -0.4014 0.2834
vn -0.9103 -0.1159 0.3975
vn 0.9555 -0.1764 -0.2365
vn -0.7456 -0.2100 -0.6325
vn -0.2648 -0.6316 -0.7287
vn 0.3082 0.6808 0.6644
vn 0.4079 0.4548 0.7917
vn -0.6398 0.7207 -0.2670
vn 0.0921 0.8372 0.5391
vn 0.3343 0.6555 0.6772
vn 0.1912 0.9063 0.3768
vn -0.4702 0.8113 -0.3475
vn 0.4970 -0.7970 0.3433
vn -0.9072 0.0698 -0.4148
vn -0.6974 0.6549 -0.2911
vn 0.4700 -0.8374 0.2790
vn -0.8741 -0.4161 -0.2508
vn 0.1760 0.9834 0.0440
vn 0.4768 -0.8169 -0.3246
vn 0.8352 -0.3381 -0.4337
vn 0.9585 -0.1617 -0.2349
vn -0.9489 0.2053 0.2398
vn -0.9874 0.0184 0.1575
vn -0.9408 0.2332 0.2461
vn -0.9297 0.0263 0.3674
vn -0.5380 0.6217 0.5692
vn 0.1692 -0.8514 -0.4965
vn 0.4399 -0.6458 -0.6241
vn 0.7422 0.5705 -0.3517
vn -0.7422 -0.5705 0.3517
vn 0.0666 -0.9962 -0.0558
vn -0.9404 0.3007 0.1590
vn 0.7072 -0.4177 -0.5704
vn 0.0231 -0.9947 0.1000
vn 0.4664 -0.5398 -0.7008
vn 0.5013 0.1414 -0.8536
vn -0.1260 -0.9322 0.3394
vn -0.8325 0.0386 0.5526
vn 0.8553 -0.2815 -0.4350
vn -0.8460 -0.1336 0.5162
vn 0.8171 -0.1390 -0.5595
vn -0.8113 0.1647 0.5609
vn 0.9740 -0.1497 -0.1702
vn -0.2257 -0.9660 0.1263
vn -0.2258 -0.9653 0.1310
vn -0.7256 -0.3823 0.5721
vn 0.3354 -0.7918 -0.5104
vn -0.0611 -0.9904 0.1243
vn 0.4275 -0.6072 -0.6697
vn -0.4574 -0.4751 0.7518
vn 0.4058 -0.8886 -0.2141
vn -0.6868 -0.4255 0.5893
vn 0.6043 -0.6931 -0.3929
vn -0.7219 -0.3338 0.6061
vn 0.4321 -0.3015 -0.8499
vn 0.7077 0.0066 -0.7065
vn 0.7070 0.0068 -0.7072
vn 0.7066 0.0085 -0.7076
vn 0.7071 0.0068 -0.7071
vn -0.7038 -0.0278 -0.7098
vn -0.7062 -0.0286 -0.7074
vn -0.7042 -0.0279 -0.7094
vn -0.7067 -0.0288 -0.7070
vn -0.7076 0.0073 0.7066
vn -0.7074 0.0054 0.7068
vn -0.7065 0.0055 0.7077
vn 0.7095 0.0399 0.7036
vn 0.7069 0.0408 0.7062
vn 0.7091 0.0401 0.7040
vn 0.7064 0.0409 0.7066
vn -0.8343 -0.1290 -0.5360
vn -0.0758 -0.9329 -0.3522
vn 0.0806 0.9324 0.3525
vn -0.3320 0.5445 0.7703
vn 0.4425 -0.4522 -0.7744
vn 0.4422 -0.4525 -0.7744
vn 0.2140 -0.7404 -0.6372
vn -0.4660 0.3552 0.8103
vn 0.1760 -0.7390 -0.6503
vn -0.5406 0.4751 0.6943
vn -0.5330 0.3394 0.7751
vn 0.0775 -0.7129 -0.6970
vn 0.7910 -0.0716 -0.6076
vn 0.6940 -0.6514 -0.3068
vn -0.7565 0.2248 0.6141
vn -0.7580 0.1704 0.6296
vn 0.6555 -0.5497 -0.5177
vn -0.8097 0.1181 0.5749
vn 0.1154 -0.8319 -0.5428
vn -0.7025 -0.0192 0.7114
vn 0.1402 -0.8143 -0.5633
vn -0.6878 0.0279 0.7254
vn 0.6324 -0.5948 -0.4964
vn 0.4834 -0.8696 0.1003
vn -0.5977 0.7400 -0.3083
vn 0.2117 -0.9556 0.2049
vn 0.7566 -0.6375 -0.1455
vn 0.8676 -0.3136 -0.3858
vn -0.2731 0.9613 0.0350
vn 0.1654 -0.9838 0.0687
vn 0.2976 -0.0736 -0.9518
vn 0.2944 0.3103 -0.9039
vn -0.2949 -0.2998 0.9073
vn -0.2860 -0.2852 0.9148
vn -0.2860 -0.2851 0.9148
vn -0.2863 -0.2849 0.9148
vn 0.6655 -0.1921 -0.7213
vn 0.1136 -0.9885 -0.0995
vn -0.8501 0.2496 0.4637
vn 0.8104 -0.3652 -0.4581
vn -0.7064 -0.5551 0.4392
vn -0.5694 -0.2236 0.7911
vn 0.5483 -0.5745 -0.6078
vn -0.3843 -0.3538 0.8527
vn 0.6987 0.0563 -0.7132
vn 0.7293 -0.0789 -0.6796
vn -0.0985 0.9901 -0.0998
vn -0.2638 -0.7567 0.5981
vn -0.0768 0.9882 -0.1328
vn -0.1448 -0.8827 0.4471
vn -0.2638 -0.7568 0.5981
vn -0.5803 -0.3505 0.7351
vn 0.6555 -0.2087 -0.7258
vn 0.7092 -0.0070 -0.7049
vn 0.6540 -0.0214 -0.7562
vn 0.6978 -0.0033 -0.7162
vn 0.6416 -0.0247 -0.7666
vn -0.7092 0.0085 -0.7050
vn -0.6541 0.3461 -0.6726
vn -0.7089 0.0085 -0.7052
vn -0.6552 0.3414 -0.6739
vn -0.7085 0.0567 0.7034
vn -0.6558 0.3817 0.6513
vn -0.7044 0.0513 0.7080
vn -0.6550 0.3838 0.6509
vn 0.7050 0.0199 0.7089
vn 0.6516 0.0386 0.7576
vn 0.4864 -0.8736 -0.0163
vn 0.2493 -0.9257 -0.2845
vn 0.5597 0.7634 0.3226
vn -0.9616 -0.2743 -0.0051
vn -0.3365 0.6131 -0.7147
vn 0.7034 -0.0243 -0.7103
vn 0.7043 -0.0240 -0.7095
vn 0.7061 -0.0233 -0.7078
vn 0.7069 -0.0230 -0.7069
vn -0.7049 -0.0100 -0.7092
vn -0.7074 -0.0090 -0.7067
vn -0.7085 -0.0037 -0.7057
vn -0.7071 -0.0089 -0.7070
vn -0.7066 0.0525 0.7057
vn -0.7066 0.0508 0.7057
vn -0.7055 0.0508 0.7068
vn -0.7066 0.0508 0.7058
vn 0.7060 0.0359 0.7073
vn 0.7075 0.0367 0.7057
vn 0.7083 0.0398 0.7048
vn 0.7073 0.0368 0.7060
vn -0.1780 0.3302 0.9270
vn 0.7800 0.6254 0.0220
vn -0.6964 0.6841 -0.2169
vn 0.6426 -0.7568 0.1198
vn -0.3474 0.9372 -0.0304
vn -0.1613 -0.9670 -0.1971
vn -0.9415 0.3173 -0.1132
vn 0.7404 -0.3407 -0.5794
vn 0.9180 0.1695 -0.3585
vn -0.9185 0.0656 0.3898
vn -0.8866 -0.2024 0.4160
vn 0.0881 -0.0171 -0.9960
vn -0.0157 0.3712 -0.9284
vn -0.1912 0.8773 -0.4402
vn -0.0162 0.3743 -0.9272
vn -0.2014 0.8997 -0.3872
vn 0.0064 -0.3624 0.9320
vn 0.0010 -0.2703 0.9628
vn -0.0305 -0.9948 -0.0972
vn 0.3470 -0.3739 -0.8601
vn 0.3504 -0.2501 -0.9026
vn 0.3616 -0.3176 -0.8766
vn -0.3724 0.0424 0.9271
vn -0.3685 0.0191 0.9294
vn -0.4184 -0.1822 -0.8898
vn -0.1977 -0.5764 -0.7929
vn 0.2386 -0.1607 0.9577
vn 0.3549 0.6068 0.7112
vn 0.4426 -0.7477 -0.4950
vn 0.3157 -0.8234 -0.4715
vn -0.2924 0.7942 0.5327
vn -0.7385 0.3003 0.6037
vn 0.7633 0.0515 -0.6440
vn -0.7654 -0.0680 0.6400
vn 0.3296 -0.7086 -0.6239
vn 0.3276 -0.7073 -0.6264
vn 0.3301 -0.7082 -0.6241
vn 0.3229 -0.1155 -0.9394
vn 0.0114 0.9927 -0.1201
vn -0.0972 -0.9791 0.1787
vn -0.2475 -0.1652 0.9547
vn -0.3599 0.6090 -0.7068
vn 0.0809 -0.8167 0.5714
vn -0.5407 0.7844 -0.3039
vn -0.5048 0.8102 -0.2979
vn 0.0690 -0.9649 0.2533
vn 0.8867 -0.3277 0.3262
vn 0.7956 -0.4928 0.3524
vn -0.0742 0.7284 -0.6811
vn 0.6600 -0.5421 0.5201
vn -0.0215 -0.7483 0.6631
vn 0.7813 0.6154 -0.1040
vn 0.5071 0.8603 -0.0522
vn -0.4814 -0.8761 0.0249
vn -0.6411 -0.7588 0.1151
vn -0.9763 0.1100 0.1863
vn -0.2131 -0.2185 0.9523
vn -0.8541 0.1474 -0.4988
vn -0.8473 0.1498 -0.5095
vn -0.8507 0.1476 -0.5045
vn 0.9176 0.0796 -0.3895
vn -0.5925 -0.1796 -0.7853
vn 0.8849 0.3795 0.2699
vn 0.1648 -0.5079 0.8455
vn -0.0248 0.9906 0.1343
vn 0.1157 -0.9794 -0.1657
vn 0.3280 0.8117 -0.4833
vn -0.4387 0.7773 -0.4510
vn 0.8361 0.4790 0.2674
vn -0.9017 0.2183 -0.3732
vn -0.7996 0.5055 -0.3243
vn -0.2725 -0.9594 0.0726
vn 0.8609 0.3860 0.3316
vn 0.8893 -0.0232 0.4568
vn -0.9870 0.0464 -0.1540
vn 0.9869 0.0797 0.1403
vn 0.8852 -0.1541 0.4389
vn -0.5484 0.7571 -0.3551
vn 0.2935 0.8560 0.4256
vn -0.2175 0.1460 -0.9651
vn -0.2043 0.3335 -0.9203
vn -0.2285 0.0945 -0.9689
vn 0.2572 -0.1406 0.9561
vn 0.2819 0.1934 0.9398
vn -0.7504 0.1921 -0.6324
vn -0.7754 0.1440 -0.6148
vn 0.7920 0.2088 0.5737
vn 0.8359 -0.1701 0.5219
vn -0.5372 0.8407 -0.0681
vn -0.9952 0.0848 0.0487
vn -0.4707 -0.8466 0.2482
vn 0.9910 -0.1073 -0.0801
vn 0.8803 -0.4714 0.0537
vn 0.2740 -0.8220 -0.4993
vn 0.0998 -0.8713 -0.4806
vn -0.1142 0.8379 0.5337
vn -0.6095 0.5401 0.5804
vn -0.0558 -0.7847 -0.6174
vn 0.7525 -0.3355 -0.5667
vn -0.0363 0.9141 0.4039
vn -0.6454 0.0987 0.7574
vn 0.1409 -0.1365 -0.9806
vn 0.2524 0.3317 -0.9090
vn -0.2596 -0.3245 0.9096
vn -0.2007 -0.1776 0.9634
vn -0.2422 -0.6729 -0.6989
vn -0.2419 -0.6744 -0.6976
vn -0.2398 -0.6808 -0.6921
vn -0.2190 -0.2016 -0.9547
vn -0.2591 -0.2230 -0.9398
vn -0.2560 -0.2213 -0.9410
vn -0.2328 -0.3378 -0.9120
vn 0.1070 0.3461 0.9321
vn -0.6766 -0.6110 0.4110
vn 0.3108 -0.1632 -0.9364
vn 0.7492 -0.6448 0.1516
vn 0.2594 -0.1204 -0.9582
vn 0.1827 -0.2491 0.9511
vn 0.1862 0.3686 -0.9107
vn 0.6084 0.4901 -0.6242
vn 0.1746 0.9196 0.3519
vn 0.0353 0.6927 -0.7204
vn -0.0700 0.1701 -0.9829
vn -0.0444 0.0443 -0.9980
vn 0.0894 -0.0506 0.9947
vn 0.0550 0.1608 0.9855
vn -0.3700 0.3019 -0.8786
vn -0.2511 0.7594 -0.6002
vn -0.2527 0.7611 -0.5974
vn 0.5731 -0.2798 0.7702
vn 0.1406 -0.5799 0.8025
vn 0.3382 -0.9359 -0.0984
vn 0.9207 -0.3536 -0.1652
vn 0.2874 -0.9551 -0.0714
vn -0.1407 0.9900 0.0125
vn -0.6646 0.6665 0.3378
vn 0.6652 0.6620 -0.3455
vn -0.6434 0.2612 0.7196
vn -0.0005 0.3200 -0.9474
vn -0.0009 0.3506 -0.9365
vn -0.1444 -0.9669 -0.2102
vn -0.1205 -0.0639 0.9906
vn -0.1347 -0.9521 -0.2746
vn 0.0513 0.5142 0.8561
vn -0.1445 -0.9669 -0.2103
vn -0.0880 0.1231 0.9885
vn -0.1206 -0.0639 0.9906
vn -0.5431 0.7133 -0.4430
vn 0.5752 0.6698 0.4697
vn 0.6075 0.5718 0.5513
vn 0.7250 -0.1731 0.6666
vn -0.8838 0.2821 -0.3732
vn -0.7364 -0.2034 -0.6452
vn 0.7913 0.1524 0.5921
vn 0.6591 0.4012 0.6361
vn 0.2004 0.2161 0.9556
vn -0.1503 -0.3601 -0.9207
vn 0.1245 0.4010 0.9076
vn -0.1495 -0.3614 -0.9204
vn 0.1440 0.3702 0.9177
vn 0.1031 0.8744 0.4741
vn -0.0543 0.4185 -0.9066
vn -0.5231 -0.3897 -0.7580
vn 0.5231 0.3897 0.7580
vn -0.9556 -0.1015 -0.2767
vn -0.2578 -0.1507 -0.9544
vn -0.9675 -0.0298 0.2512
vn 0.8139 -0.0261 -0.5804
vn 0.4855 -0.3485 0.8018
vn 0.2411 -0.9417 0.2345
vn -0.3962 -0.4478 -0.8016
vn 0.4007 0.4343 0.8067
vn 0.7995 -0.5897 -0.1141
vn 0.8786 0.3618 -0.3118
vn 0.7185 0.6187 -0.3178
vn 0.6674 -0.7433 -0.0458
vn -0.8498 0.3913 0.3532
vn -0.9691 -0.1576 0.1898
vn -0.7794 -0.6263 -0.0132
vn -0.5916 0.7649 0.2546
vn -0.8498 0.3912 0.3532
vn -0.3248 0.8674 0.3769
vn -0.9691 -0.1576 0.1899
vn 0.0553 0.5520 -0.8320
vn 0.1838 0.2275 -0.9563
vn -0.1408 -0.0452 0.9890
vn -0.1614 0.0120 0.9868
vn 0.8195 -0.5583 -0.1297
vn 0.8207 -0.5591 -0.1176
vn 0.8200 -0.5589 -0.1230
vn -0.6455 0.3903 -0.6565
vn -0.4398 0.6005 -0.6678
vn 0.0841 -0.4169 0.9051
vn 0.8248 -0.5033 0.2576
vn -0.3778 -0.7311 0.5681
vn -0.1006 0.8602 0.4999
vn 0.7076 0.3198 -0.6300
vn -0.7168 -0.2393 0.6549
vn -0.0354 0.9731 0.2275
vn -0.5864 0.4609 0.6661
vn -0.0355 0.9731 0.2274
vn 0.5864 -0.4609 -0.6661
vn -0.5765 0.7322 0.3627
vn 0.5189 -0.8005 0.3001
vn 0.1455 -0.6772 -0.7213
vn 0.0873 -0.6051 -0.7914
vn 0.5209 -0.7783 0.3505
vn 0.1455 -0.6772 -0.7212
vn 0.5188 -0.8005 0.3001
vn -0.0029 -0.6770 -0.7359
vn 0.7938 -0.3254 0.5139
vn -0.8718 -0.3123 -0.3774
vn 0.7616 -0.3241 0.5611
vn 0.8300 -0.1381 0.5404
vn -0.4562 0.2277 -0.8603
vn -0.4583 0.2344 -0.8573
vn -0.4543 0.2325 -0.8600
vn 0.4323 -0.0433 0.9007
vn 0.5260 0.3813 -0.7602
vn 0.5665 0.0304 0.8235
vn 0.2864 -0.2300 0.9301
vn 0.2069 0.3002 -0.9312
vn 0.2085 0.4959 -0.8430
vn -0.1430 -0.5161 0.8445
vn 0.2045 0.4973 -0.8432
vn -0.3198 0.4901 -0.8109
vn 0.1290 -0.5988 0.7904
vn 0.2086 0.4959 -0.8430
vn -0.1582 -0.5117 0.8445
vn -0.1429 -0.5161 0.8445
vn -0.6742 0.6609 -0.3297
vn 0.3283 0.6654 -0.6704
vn -0.0476 -0.4781 0.8770
vn 0.2129 0.7179 -0.6628
vn -0.2310 -0.5698 -0.7886
vn -0.2886 -0.7440 -0.6027
vn 0.2950 0.7841 0.5460
vn 0.2449 0.4648 -0.8509
vn 0.1188 -0.4753 0.8718
vn -0.0859 0.9757 -0.2015
vn -0.0775 0.9776 -0.1957
vn -0.0809 0.9765 -0.1997
vn 0.5875 -0.0570 -0.8072
vn -0.9673 -0.0130 0.2533
vn 0.7187 0.1438 0.6803
vn 0.9456 0.1355 0.2959
vn 0.7572 0.0295 -0.6526
vn -0.7261 0.0748 -0.6835
vn 0.2366 0.1151 0.9648
vn -0.4221 -0.6108 -0.6699
vn 0.7280 -0.6854 -0.0137
vn -0.3877 0.8331 0.3944
vn 0.7713 -0.5710 0.2812
vn -0.7292 -0.4280 -0.5340
vn -0.9318 0.1928 0.3074
vn 0.8844 -0.2643 -0.3848
vn -0.5518 0.0745 -0.8306
vn -0.6100 -0.2830 -0.7402
vn 0.6551 0.4024 0.6394
vn 0.5205 -0.1640 0.8380
vn 0.3023 0.9353 -0.1840
vn 0.3414 0.9197 0.1939
vn -0.0384 0.2033 -0.9784
vn 0.2328 0.3976 0.8875
vn 0.8821 -0.1921 -0.4302
vn 0.8326 -0.1950 -0.5185
vn 0.0589 -0.1065 -0.9926
vn 0.4390 0.0118 0.8984
vn 0.7035 0.0196 -0.7104
vn 0.7117 0.0214 -0.7021
vn 0.7047 0.0185 -0.7093
vn -0.7071 0.0241 -0.7067
vn -0.7016 0.0244 -0.7122
vn -0.7139 0.0263 -0.6997
vn 0.7062 0.0516 0.7061
vn 0.7040 0.0452 0.7088
vn 0.7039 0.0421 0.7091
vn 0.7139 0.0225 -0.6999
vn -0.7106 0.0266 -0.7031
vn -0.7074 0.0510 0.7050
vn -0.7064 0.0510 0.7060
vn -0.7065 0.0526 0.7058
vn 0.7042 0.0463 0.7085
vn -0.6502 -0.1181 -0.7506
vn 0.6656 0.0898 0.7409
vn 0.4533 -0.7337 -0.5062
vn -0.6407 0.6506 0.4078
vn 0.9499 -0.0930 0.2984
vn 0.2509 -0.2143 -0.9440
vn -0.2686 -0.3297 -0.9051
vn -0.9280 -0.3442 0.1429
vn 0.6513 0.4658 0.5990
vn 0.1948 0.4542 0.8694
vn -0.1402 -0.3293 -0.9338
vn 0.2180 0.1555 -0.9635
vn 0.3054 0.2820 -0.9095
vn -0.2168 -0.4251 -0.8788
vn -0.0626 0.0277 0.9977
vn -0.4228 -0.1907 0.8859
vn -0.8071 -0.4436 0.3895
vn 0.2730 0.2620 0.9256
vn -0.0625 0.0277 0.9977
vn 0.3690 0.2700 0.8894
vn -0.0990 0.5586 -0.8235
vn -0.5203 -0.8180 -0.2452
vn 0.3198 -0.3092 0.8956
vn 0.1180 0.8783 -0.4633
vn 0.5114 0.1482 -0.8465
vn 0.4414 -0.2091 -0.8726
vn 0.0597 0.9493 -0.3087
vn 0.0596 0.9493 -0.3087
vn -0.2791 0.0955 0.9555
vn -0.6136 0.7629 -0.2035
vn -0.7428 0.4786 -0.4683
vn 0.4447 0.3714 0.8151
vn -0.3936 0.0655 -0.9169
vn 0.7644 0.3334 0.5519
vn -0.2766 0.1485 -0.9494
vn 0.1160 -0.2138 0.9700
vn 0.7729 0.3411 0.5350
vn -0.1133 -0.7612 -0.6385
vn -0.7496 0.6307 -0.2008
vn -0.5770 0.8143 -0.0639
vn 0.7265 0.1535 0.6698
vn 0.7275 0.0575 0.6837
vn 0.5436 -0.7496 -0.3777
vn -0.7195 0.1279 0.6826
vn -0.9030 0.1860 0.3874
vn -0.1173 0.0805 -0.9898
vn 0.0689 -0.0697 0.9952
vn -0.1057 0.4480 -0.8877
vn -0.7730 -0.5747 0.2687
vn 0.1424 -0.3748 0.9161
vn 0.6636 -0.2344 0.7104
vn 0.3847 0.8500 -0.3599
vn -0.3306 -0.8692 0.3676
vn -0.7703 0.6209 -0.1453
vn -0.2317 0.9186 0.3201
vn -0.2318 0.9185 0.3204
vn -0.9052 -0.3682 0.2124
vn 0.1988 0.6561 -0.7280
vn 0.3449 -0.1082 -0.9324
vn 0.3395 -0.1140 -0.9337
vn 0.3397 -0.1119 -0.9339
vn -0.3420 0.0447 0.9386
vn -0.8671 0.4902 -0.0885
vn -0.0847 0.1914 -0.9778
vn -0.3086 0.0282 0.9508
vn 0.3445 -0.2498 0.9050
vn 0.3327 -0.4465 0.8307
vn 0.4579 0.1917 -0.8681
vn 0.8109 -0.1368 -0.5690
vn 0.2383 0.3113 -0.9199
vn 0.1790 0.3415 -0.9227
vn 0.8655 -0.2193 -0.4504
vn -0.8527 0.1892 0.4870
vn -0.0673 -0.0662 0.9955
vn -0.7856 0.2447 -0.5683
vn -0.7816 0.4720 -0.4078
vn -0.3654 -0.5696 -0.7362
vn -0.4682 -0.4812 -0.7411
vn 0.1224 0.7593 0.6391
vn 0.7084 0.2293 0.6675
vn 0.4960 -0.7032 -0.5094
vn -0.3546 -0.7422 -0.5687
vn 0.2990 0.6322 0.7148
vn 0.7692 0.5861 -0.2546
vn -0.0481 0.6453 -0.7624
vn -0.2646 -0.6066 0.7497
vn -0.7372 0.6456 0.1994
vn -0.7393 0.5512 -0.3867
vn 0.8128 -0.1659 -0.5584
vn 0.5648 0.1701 -0.8075
vn -0.5066 -0.4021 0.7627
vn 0.4485 -0.8590 0.2469
vn 0.3212 -0.6412 -0.6969
vn 0.0365 -0.1000 -0.9943
vn 0.0708 -0.1074 0.9917
vn -0.0087 -0.8409 -0.5410
vn -0.6026 0.4938 -0.6269
vn 0.5451 -0.4575 0.7026
vn -0.5856 0.5092 -0.6307
vn 0.8738 -0.0924 0.4775
vn -0.7610 -0.3780 -0.5272
vn 0.9716 0.2333 0.0403
vn 0.9679 0.2425 0.0666
vn -0.7610 -0.3780 -0.5273
vn -0.9437 -0.2788 -0.1780
vn 0.6851 -0.5938 0.4219
vn 0.1810 -0.5265 0.8307
vn 0.7230 -0.4176 -0.5503
vn -0.8213 0.5663 0.0685
vn 0.4850 -0.6589 0.5750
vn 0.1993 -0.6596 0.7247
vn -0.0830 -0.2083 -0.9745
vn -0.0891 0.8932 0.4408
vn -0.1011 0.1714 -0.9800
vn -0.0943 0.1173 -0.9886
vn -0.0822 0.8701 0.4860
vn 0.1660 -0.7916 0.5880
vn 0.1910 -0.1643 0.9678
vn 0.1940 -0.4664 0.8630
vn 0.1903 -0.1506 0.9701
vn -0.5995 -0.4494 -0.6623
vn -0.6090 -0.4624 -0.6445
vn -0.6341 -0.4809 -0.6056
vn -0.6090 -0.4624 -0.6444
vn -0.6409 -0.4902 -0.5908
vn -0.6341 -0.4809 -0.6055
vn 0.2513 0.6687 -0.6998
vn 0.6987 0.4268 0.5741
vn 0.7352 0.5958 0.3232
vn 0.1731 -0.4134 0.8939
vn -0.8039 0.5314 -0.2671
vn 0.3027 0.7998 -0.5184
vn -0.2104 -0.8633 0.4588
vn 0.3627 -0.2184 -0.9059
vn -0.0703 0.9197 0.3862
vn -0.2809 -0.6910 0.6661
vn -0.0618 -0.7894 0.6108
vn 0.0110 0.6627 -0.7488
vn -0.0957 -0.6538 0.7506
vn 0.0769 0.6655 -0.7424
vn 0.7031 -0.6945 0.1528
vn 0.5612 0.2713 -0.7820
vn 0.0480 0.6823 -0.7295
vn 0.7030 -0.6945 0.1528
vn 0.0770 0.6656 -0.7424
vn -0.0854 -0.6671 0.7401
vn -0.1983 -0.5751 0.7937
vn 0.4465 -0.1427 -0.8834
vn -0.1634 -0.2208 0.9615
vn 0.2149 -0.0013 -0.9766
vn 0.2645 0.2740 -0.9246
vn -0.2672 -0.2461 0.9317
vn 0.2650 0.2687 -0.9260
vn 0.3357 -0.1786 -0.9249
vn -0.2695 -0.1092 0.9568
vn -0.2668 -0.2498 0.9308
vn 0.4563 0.8626 0.2184
vn 0.0188 -0.2900 0.9568
vn -0.0600 -0.4321 0.8998
vn 0.1201 0.5330 -0.8375
vn -0.2724 -0.5454 0.7927
vn -0.2721 -0.5452 0.7929
vn -0.2724 -0.5450 0.7929
vn -0.0059 0.8142 -0.5805
vn -0.0077 0.8146 -0.5800
vn -0.0079 0.8154 -0.5788
vn -0.3461 -0.6286 0.6965
vn 0.4322 0.7198 -0.5432
vn 0.0100 -0.8038 0.5948
vn 0.0421 0.9153 -0.4005
vn 0.5930 0.7337 -0.3318
vn -0.2239 -0.8793 0.4204
vn -0.1807 -0.8914 0.4156
vn -0.1763 -0.9779 -0.1125
vn 0.8676 0.4182 -0.2689
vn 0.4649 -0.7894 0.4008
vn 0.8462 0.4503 -0.2850
vn 0.4424 -0.7991 0.4070
vn 0.7506 -0.6026 0.2709
vn 0.4708 0.2194 0.8545
vn 0.7639 0.3038 0.5693
vn 0.6789 0.2102 0.7035
vn 0.0401 0.4751 -0.8790
vn -0.0083 0.4468 -0.8946
vn 0.6536 0.1690 0.7377
vn 0.0400 0.4752 -0.8790
vn 0.6790 0.2102 0.7034
vn 0.2989 -0.2529 0.9202
vn -0.0763 0.4581 -0.8856
vn 0.4538 -0.1608 0.8765
vn -0.3859 0.6989 -0.6022
vn -0.5097 0.5437 -0.6668
vn -0.0299 -0.9235 0.3823
vn 0.7422 0.1520 0.6527
vn 0.6519 -0.1767 0.7374
vn -0.8632 0.2890 -0.4139
vn -0.6545 -0.1666 -0.7374
vn 0.2312 0.7313 0.6417
vn 0.7107 0.5123 0.4822
vn 0.7618 0.6123 -0.2116
vn 0.7649 0.6282 0.1424
vn 0.1621 0.0894 -0.9827
vn 0.1822 0.1901 0.9647
vn -0.1641 0.4308 -0.8874
vn 0.3736 -0.0970 0.9225
vn -0.3724 0.7447 -0.5539
vn 0.7114 -0.3044 0.6334
vn -0.0026 0.3945 -0.9189
vn 0.2856 0.0663 0.9560
vn -0.1376 0.5178 -0.8444
vn 0.7061 0.0483 -0.7065
vn 0.7061 0.0483 -0.7064
vn 0.7062 0.0483 -0.7064
vn -0.9877 0.1540 -0.0270
vn -0.9535 0.0671 -0.2940
vn -0.7418 0.1264 -0.6586
vn -0.9108 0.0301 -0.4119
vn -0.7059 0.0724 0.7046
vn 0.7059 0.0588 0.7058
vn 0.3080 0.1949 0.9312
vn 0.6262 0.0924 0.7742
vn 0.1880 0.2243 0.9562
vn 0.5221 -0.2673 -0.8099
vn 0.2526 0.7667 0.5902
vn -0.5289 0.2547 0.8095
vn -0.0027 0.3836 -0.9235
vn 0.0009 -0.3938 0.9192
vn -0.2413 0.5849 -0.7744
vn -0.6844 -0.6345 -0.3591
vn 0.3942 -0.2859 0.8734
vn -0.6963 -0.5341 -0.4795
vn 0.7154 0.6050 0.3495
vn -0.6844 -0.6345 -0.3592
vn 0.4492 -0.2033 0.8700
vn 0.3942 -0.2858 0.8734
vn 0.4756 0.8466 0.2390
vn -0.0791 0.6957 -0.7139
vn -0.3746 0.2301 -0.8982
vn 0.4561 -0.0090 0.8899
vn 0.3565 0.6866 0.6336
vn -0.1654 0.9006 -0.4019
vn 0.7538 0.2792 0.5948
vn -0.0580 0.8920 -0.4482
vn 0.1067 0.8669 -0.4869
vn -0.1221 -0.8438 0.5226
vn 0.4094 -0.8209 0.3981
vn 0.0399 0.9899 -0.1362
vn 0.0404 0.9899 -0.1359
vn 0.6157 -0.0633 -0.7854
vn 0.6192 -0.0613 -0.7828
vn 0.6160 -0.0682 -0.7848
vn -0.5730 0.1163 0.8113
vn 0.1037 0.0060 -0.9946
vn -0.2576 -0.7443 -0.6161
vn 0.3589 0.7651 0.5346
vn -0.0154 0.4787 0.8779
vn 0.7041 0.5743 0.4177
vn 0.5981 0.7751 -0.2038
vn 0.5813 0.7761 -0.2445
vn 0.6993 0.5502 0.4564
vn 0.9730 0.1468 -0.1781
vn 0.6357 0.5826 0.5065
vn 0.4778 -0.4494 -0.7548
vn 0.1941 0.6184 0.7615
vn -0.1744 0.5739 0.8001
vn 0.6357 0.5826 0.5064
vn 0.4150 -0.1213 -0.9017
vn -0.1805 0.4433 0.8780
vn 0.8595 0.4529 -0.2370
vn -0.1880 0.6526 -0.7340
vn 0.3072 0.4452 0.8411
vn -0.2567 0.3918 -0.8835
vn -0.2605 0.3529 -0.8987
vn 0.3097 0.0150 0.9507
vn 0.3073 0.4452 0.8411
vn 0.3269 -0.3144 -0.8912
vn -0.1657 0.3987 0.9020
vn -0.0064 0.5220 0.8529
vn 0.6876 0.2227 -0.6911
vn 0.6912 0.2190 -0.6887
vn 0.6877 0.2230 -0.6909
vn 0.7298 0.6675 -0.1478
vn -0.8207 0.2718 0.5026
vn -0.3609 -0.7918 0.4928
vn -0.1111 -0.8107 -0.5749
vn 0.1268 -0.3127 -0.9414
vn 0.2260 0.1909 -0.9552
vn -0.3629 -0.6642 0.6536
vn 0.1478 0.8983 0.4137
vn -0.1986 0.2982 0.9336
vn 0.7258 0.4470 -0.5228
vn -0.3093 0.8210 0.4799
vn -0.6097 0.6010 -0.5168
vn 0.2579 0.4518 0.8540
vn -0.6127 0.5348 -0.5819
vn -0.3992 0.0069 -0.9168
vn -0.6096 0.6011 -0.5168
vn 0.3786 0.2578 0.8889
vn -0.6305 0.3856 -0.6736
vn -0.2938 0.6280 0.7207
vn 0.6140 -0.0996 -0.7830
vn 0.2702 -0.6579 -0.7029
vn -0.2756 0.6352 0.7215
vn -0.4571 0.4831 0.7468
vn 0.5250 -0.1863 -0.8305
vn -0.4127 0.4636 0.7841
vn -0.5660 -0.3794 -0.7319
vn -0.5652 -0.3803 -0.7320
vn -0.5675 -0.3774 -0.7317
vn -0.5644 -0.3813 -0.7322
vn 0.7405 0.0489 0.6703
vn -0.5135 -0.5418 -0.6654
vn 0.6898 0.0943 0.7178
vn -0.7858 -0.0712 -0.6144
vn -0.7232 0.0683 -0.6873
vn -0.5148 0.3679 -0.7744
vn -0.7232 0.0683 -0.6872
vn -0.4403 0.4453 -0.7796
vn -0.6125 -0.3305 -0.7181
vn 0.6078 -0.0581 0.7920
vn -0.4716 0.8757 0.1039
vn -0.4622 0.8804 0.1063
vn -0.8826 -0.4465 -0.1471
vn 0.8826 0.4465 0.1471
vn 0.8409 -0.1484 0.5205
vn -0.8113 -0.4570 -0.3646
vn -0.5317 0.7490 -0.3954
vn -0.6758 -0.4865 -0.5537
vn 0.4633 0.1248 -0.8773
vn -0.1190 -0.1833 0.9758
vn -0.6960 0.6378 -0.3298
vn -0.1792 -0.2317 -0.9562
vn -0.1437 -0.2708 -0.9519
vn -0.6961 0.6550 -0.2938
vn 0.4316 -0.0252 0.9017
vn -0.3662 -0.7238 -0.5849
vn 0.3934 0.7050 0.5901
vn 0.5759 -0.1985 -0.7931
vn -0.3638 -0.8188 -0.4441
vn 0.5350 0.7745 0.3376
vn 0.7646 -0.1227 0.6327
vn 0.9510 0.1723 0.2566
vn 0.9273 0.3684 -0.0666
vn -0.4982 -0.5788 0.6456
vn -0.0807 -0.4902 0.8678
vn -0.3175 0.3301 -0.8890
vn -0.4725 0.7097 -0.5226
vn -0.2116 0.1168 -0.9703
vn 0.2318 -0.4399 -0.8676
vn -0.0908 0.4115 0.9069
vn -0.4725 0.7097 -0.5225
vn -0.3175 0.3302 -0.8889
vn 0.5764 -0.4285 0.6958
vn 0.5712 -0.4295 0.6994
vn 0.5758 -0.4302 0.6953
vn 0.7019 0.1235 -0.7015
vn 0.4112 0.0681 -0.9090
vn 0.6801 0.1193 -0.7233
vn 0.2660 0.0408 -0.9631
vn -0.7009 0.1245 -0.7023
vn -0.5536 0.1465 -0.8198
vn -0.7003 0.1247 -0.7028
vn -0.5258 0.1498 -0.8373
vn -0.7015 0.1320 0.7004
vn -0.6223 0.1173 0.7739
vn -0.7011 0.1320 0.7008
vn -0.6088 0.1147 0.7850
vn 0.7048 0.0801 0.7048
vn 0.3437 0.1732 0.9230
vn 0.7131 0.5785 -0.3961
vn 0.9490 0.2548 -0.1858
vn -0.5376 -0.7330 0.4168
vn -0.5482 0.8351 -0.0462
vn 0.2944 -0.8456 -0.4452
vn 0.3169 -0.8974 0.3071
vn 0.0410 -0.1331 -0.9903
vn 0.0994 -0.2672 0.9585
vn 0.3926 -0.5803 0.7135
vn 0.0738 -0.0164 0.9971
vn 0.0759 -0.0129 0.9970
vn 0.7006 -0.7106 -0.0644
vn -0.7006 0.7106 0.0645
vn -0.2501 0.1631 0.9544
vn -0.5135 -0.1264 0.8487
vn -0.3797 0.0888 -0.9208
vn -0.3035 0.0960 -0.9480
vn -0.3510 -0.1273 0.9277
vn 0.3327 -0.3108 -0.8903
vn -0.3480 0.6379 -0.6870
vn -0.0413 0.5281 -0.8482
vn 0.4956 0.6958 -0.5198
vn -0.1845 0.8071 -0.5608
vn 0.1545 -0.9664 0.2056
vn -0.6119 -0.6406 0.4638
vn 0.8049 -0.0712 0.5891
vn 0.6863 -0.2560 0.6808
vn -0.2740 0.4330 -0.8587
vn 0.4547 -0.1669 0.8749
vn 0.2052 0.6864 -0.6977
vn 0.2587 -0.7422 0.6183
vn 0.5613 -0.3911 0.7294
vn -0.2932 0.1885 -0.9373
vn -0.3758 -0.0084 0.9266
vn -0.1773 0.1614 -0.9708
vn -0.3055 -0.0301 0.9517
vn 0.4669 0.4503 -0.7611
vn 0.4658 0.4514 -0.7611
vn -0.5171 -0.7145 0.4713
vn 0.4851 0.5337 -0.6927
vn -0.4977 0.5394 0.6792
vn -0.6706 -0.2533 0.6973
vn -0.2278 -0.5336 0.8145
vn 0.2899 -0.6167 0.7319
vn 0.8233 -0.4309 -0.3694
vn 0.6459 0.1634 0.7458
vn 0.5843 0.0298 0.8110
vn 0.1657 -0.5400 -0.8252
vn 0.1348 0.5002 0.8554
vn 0.0547 0.3697 -0.9276
vn 0.5422 -0.1503 -0.8267
vn -0.0474 0.5910 0.8053
vn -0.0533 0.5938 0.8028
vn -0.0573 0.5982 0.7993
vn -0.0046 0.1795 -0.9837
vn -0.0674 0.1552 -0.9856
vn 0.6779 0.1262 -0.7242
vn 0.2116 0.0367 -0.9767
vn -0.9834 0.1814 0.0038
vn -0.7028 0.1306 0.6993
vn 0.7034 0.0797 0.7063
vn 0.7055 0.0796 0.7042
vn 0.7047 0.0824 0.7047
vn 0.3162 0.1739 0.9326
vn 0.1952 0.7323 -0.6524
vn -0.4880 0.8722 0.0322
vn -0.4789 0.8754 0.0661
vn -0.3300 0.0522 -0.9425
vn 0.2368 0.1079 0.9655
vn -0.4879 0.8723 0.0322
vn 0.1464 0.2738 0.9506
vn -0.2635 0.9644 0.0220
vn -0.2657 0.9630 0.0457
vn 0.0496 0.2057 -0.9774
vn -0.1463 0.1516 0.9775
vn 0.6194 -0.7851 -0.0006
vn 0.6186 -0.7857 -0.0023
vn -0.3208 -0.4568 -0.8297
vn 0.5547 0.1491 0.8186
vn 0.6307 -0.5114 0.5836
vn -0.5033 0.7711 0.3900
vn -0.1132 -0.9758 -0.1870
vn -0.1111 -0.9758 -0.1884
vn 0.4540 -0.8242 -0.3384
vn -0.6880 0.6674 0.2849
vn -0.2056 -0.4412 -0.8735
vn 0.6116 0.2587 0.7477
vn 0.9920 -0.1241 0.0213
vn 0.9920 -0.1263 0.0079
vn 0.2146 -0.1897 -0.9581
vn -0.8127 0.0365 -0.5816
vn -0.8149 0.0378 -0.5783
vn 0.1783 0.1417 0.9737
vn 0.9919 -0.1265 0.0079
vn -0.8070 0.5370 -0.2456
vn 0.4365 0.3058 -0.8461
vn -0.0354 -0.4787 0.8772
vn -0.3264 0.5496 -0.7691
vn 0.8028 -0.0053 0.5963
vn 0.8004 -0.0039 0.5994
vn 0.7986 -0.0012 0.6019
vn 0.5852 -0.3108 0.7490
vn 0.3468 0.8415 0.4143
vn 0.4078 -0.1646 0.8981
vn 0.2712 0.0472 -0.9614
vn -0.2798 -0.0170 0.9599
vn 0.2208 -0.1330 0.9662
vn -0.8807 -0.4712 -0.0487
vn 0.9154 0.3630 0.1737
vn 0.8962 -0.4430 0.0239
vn -0.9938 -0.1105 0.0093
vn 0.9188 0.3946 0.0103
vn 0.1378 0.3112 -0.9403
vn -0.1050 0.2014 0.9739
vn 0.1336 0.2008 -0.9705
vn 0.1338 0.1946 -0.9717
vn -0.0698 0.4122 0.9084
vn -0.1091 0.1573 0.9815
vn -0.1050 0.2015 0.9738
vn 0.3067 -0.0184 -0.9516
vn 0.1163 -0.2411 -0.9635
vn 0.2231 -0.1231 -0.9670
vn -0.0831 -0.4422 -0.8930
vn -0.3309 0.0101 0.9436
vn 0.0428 0.2553 -0.9659
vn -0.3953 -0.0640 0.9163
vn 0.4774 0.2097 -0.8533
vn -0.3383 -0.9379 0.0775
vn 0.2832 -0.3386 -0.8973
vn 0.4827 0.2279 -0.8456
vn -0.4307 -0.0731 0.8995
vn -0.4134 -0.0354 0.9099
vn -0.3382 -0.9379 0.0775
vn -0.6089 -0.2339 0.7580
vn -0.3971 0.0347 -0.9171
vn -0.2944 0.0621 -0.9537
vn -0.4666 -0.2160 0.8577
vn 0.9134 0.0586 -0.4029
vn 0.1579 -0.5860 -0.7948
vn 0.0772 -0.9393 0.3342
vn 0.0338 -0.0355 0.9988
vn 0.5300 -0.7794 0.3342
vn -0.4616 -0.8687 -0.1796
vn 0.1355 0.9650 -0.2245
vn 0.1651 0.9667 -0.1956
vn -0.4487 -0.8796 -0.1581
vn 0.5079 0.8153 0.2779
vn 0.2873 0.7108 0.6421
vn 0.3612 -0.9284 0.0874
vn -0.2102 -0.7917 -0.5737
vn 0.2247 0.7776 0.5872
vn -0.3769 -0.9108 -0.1688
vn 0.3769 0.9108 0.1688
vn 0.0428 -0.9610 -0.2731
vn -0.1450 0.9153 0.3757
vn 0.0527 0.9828 -0.1770
vn -0.1326 -0.9674 -0.2157
vn -0.3588 0.3205 0.8767
vn -0.3204 -0.8472 0.4239
vn -0.7379 -0.6691 -0.0881
vn 0.8101 0.2456 0.5324
vn -0.7871 0.2901 -0.5443
vn 0.9964 -0.0836 -0.0163
vn -0.4634 -0.8361 0.2936
vn -0.6704 0.6322 0.3884
vn 0.1310 0.8435 0.5209
vn -0.1850 -0.8361 -0.5165
vn -0.6704 0.6322 0.3885
vn -0.1656 -0.8390 -0.5183
vn 0.8830 0.3485 -0.3145
vn 0.0237 0.7127 0.7010
vn -0.0413 -0.9680 -0.2476
vn 0.9145 0.2031 -0.3499
vn 0.0914 0.1641 -0.9822
vn 0.6142 -0.6747 -0.4092
vn 0.6147 -0.6747 -0.4087
vn -0.2262 0.8216 0.5233
vn -0.2266 0.8213 0.5235
vn 0.3722 0.6894 0.6215
vn 0.3788 0.5869 0.7156
vn -0.3730 -0.3630 -0.8539
vn -0.3755 -0.9021 -0.2126
vn -0.3762 -0.9018 -0.2128
vn -0.3746 -0.3852 -0.8434
vn 0.2764 -0.7788 -0.5631
vn 0.4501 -0.2476 0.8579
vn 0.4501 -0.2477 0.8579
vn 0.4502 -0.2477 0.8579
vn 0.3777 0.8390 -0.3916
vn -0.3471 0.8513 -0.3935
vn -0.6541 0.3462 -0.6726
vn -0.3485 0.8737 0.3394
vn -0.6559 0.3817 0.6513
vn 0.3796 0.8612 0.3380
vn 0.7231 0.2674 -0.6369
vn 0.7251 0.3005 0.6196
vn -0.8956 -0.4435 0.0353
vn 0.0423 -0.9981 0.0454
vn 0.1429 -0.6994 0.7003
vn 0.6292 -0.2839 0.7236
vn -0.8196 -0.2096 0.5332
vn -0.9364 -0.3360 -0.1013
vn -0.0645 -0.9889 -0.1338
vn 0.3452 -0.7809 -0.5207
vn 0.0136 -0.8203 0.5718
vn 0.5174 -0.4879 0.7030
vn -0.8800 -0.2029 0.4295
vn -0.6140 -0.5497 -0.5665
vn 0.0475 -0.8223 -0.5671
vn -0.0205 -0.9900 0.1398
vn -0.9146 -0.3895 0.1082
vn -0.7494 0.1538 -0.6440
vn -0.7327 -0.4250 -0.5316
vn 0.3384 -0.6139 -0.7132
vn 0.6900 -0.0985 -0.7171
vn 0.3285 -0.9425 -0.0615
vn -0.7253 -0.6868 -0.0466
vn -0.5086 -0.7097 -0.4874
vn 0.5525 -0.5356 -0.6387
vn 0.6994 0.0761 -0.7107
vn 0.6994 0.0882 -0.7092
vn 0.6313 -0.7743 0.0442
vn 0.8016 -0.3541 0.4817
vn -0.4518 -0.8915 0.0341
vn -0.2090 -0.9352 -0.2859
vn 0.7546 -0.5267 -0.3914
vn 0.7294 0.0904 -0.6781
vn 0.7378 0.0691 -0.6714
vn 0.7625 -0.5464 0.3465
vn -0.1889 -0.9487 0.2534
vn -0.4039 -0.9099 -0.0950
vn 0.6825 -0.7198 -0.1269
vn 0.7894 -0.2304 -0.5690
vn 0.6112 -0.5447 0.5742
vn 0.6809 0.0430 0.7312
vn -0.4235 -0.7855 0.4512
vn -0.3371 -0.9316 -0.1359
vn 0.7359 -0.6522 -0.1819
vn 0.7732 -0.1926 -0.6043
vn 0.7754 -0.2022 -0.5983
vn 0.6722 -0.5238 0.5232
vn 0.6445 0.0778 0.7607
vn 0.6426 0.0849 0.7615
vn -0.3545 -0.8422 0.4063
vn -0.5659 -0.8226 0.0550
vn 0.5354 -0.8415 0.0728
vn 0.4691 -0.5126 0.7192
vn 0.6902 0.0732 0.7199
vn 0.6885 0.0616 0.7227
vn -0.5758 -0.5895 0.5665
vn -0.8463 -0.5154 0.1347
vn 0.1761 -0.9694 0.1709
vn 0.4550 -0.8740 -0.1709
vn 0.5342 -0.7949 -0.2876
vn 0.2296 -0.5846 0.7781
vn -0.7413 -0.2749 0.6123
vn 0.6422 -0.5976 -0.4801
vn 0.6988 0.0125 0.7152
vn 0.6979 0.0158 0.7160
vn 0.6995 0.0096 0.7146
vn -0.7272 0.2439 0.6417
vn -0.9342 -0.3442 -0.0934
vn -0.0539 -0.9908 -0.1239
vn 0.3096 -0.8223 -0.4775
vn 0.0253 -0.8149 0.5791
vn 0.5274 -0.4726 0.7060
vn -0.8756 -0.2093 0.4354
vn -0.8131 -0.2807 -0.5100
vn 0.1918 -0.7015 -0.6864
vn 0.6254 -0.2980 -0.7212
vn 0.6413 -0.2750 -0.7163
vn 0.1193 -0.9927 -0.0201
vn 0.4586 -0.7886 0.4096
vn -0.8476 -0.5305 -0.0151
vn -0.4916 -0.7241 -0.4837
vn 0.5692 -0.5192 -0.6375
vn 0.6971 0.1146 -0.7078
vn 0.6550 -0.7542 0.0472
vn 0.8111 -0.3671 0.4553
vn -0.4341 -0.9002 0.0359
vn 0.7213 0.6370 -0.2717
vn -0.3603 0.8580 -0.3661
vn -0.9073 0.4173 0.0514
vn -0.3606 0.8619 0.3566
vn 0.7112 0.6492 0.2696
vn -0.7953 -0.5717 -0.2015
vn 0.3000 -0.9101 -0.2857
vn 0.6537 -0.3945 -0.6458
vn 0.2912 -0.8411 0.4558
vn 0.6198 -0.3801 0.6866
vn -0.7766 -0.5350 0.3326
vn -0.8494 -0.3481 -0.3966
vn 0.1232 -0.8250 -0.5515
vn 0.5346 -0.4450 -0.7184
vn 0.0842 -0.9786 0.1879
vn 0.5051 -0.6289 0.5911
vn -0.8907 -0.4414 0.1092
vn -0.7264 -0.4952 -0.4767
vn 0.3562 -0.6666 -0.6548
vn 0.3775 -0.9252 0.0375
vn -0.7335 -0.6794 0.0193
vn -0.5979 -0.6863 -0.4140
vn 0.5394 -0.6182 -0.5717
vn 0.6813 -0.0671 -0.7289
vn 0.6784 -0.0851 -0.7297
vn 0.6056 -0.7843 0.1347
vn 0.7709 -0.3822 0.5095
vn -0.5514 -0.8257 0.1192
vn -0.4957 -0.8264 -0.2670
vn 0.6580 -0.6713 -0.3411
vn 0.7565 -0.1754 -0.6300
vn 0.6552 -0.6530 0.3799
vn -0.4952 -0.8165 0.2968
vn -0.6792 -0.6903 -0.2494
vn 0.4628 -0.8199 -0.3369
vn 0.9473 -0.3140 0.0632
vn 0.4674 -0.7822 0.4119
vn -0.6781 -0.6680 0.3065
vn -0.4987 -0.8485 -0.1769
vn 0.6654 -0.7195 -0.1990
vn 0.7868 -0.2734 -0.5534
vn 0.7865 -0.2675 -0.5566
vn 0.6149 -0.6055 0.5053
vn -0.5381 -0.7537 0.3775
vn -0.7104 -0.6709 -0.2126
vn 0.4432 -0.8552 -0.2687
vn 0.4348 -0.7721 0.4635
vn 0.6946 -0.1248 0.7085
vn 0.6715 -0.2718 0.6893
vn -0.7104 -0.6113 0.3486
vn -0.6655 -0.7452 -0.0423
vn 0.4877 -0.8725 -0.0281
vn 0.7254 -0.4935 -0.4798
vn 0.4357 -0.6190 0.6534
vn 0.6359 -0.1639 0.7541
vn -0.6889 -0.5468 0.4759
vn -0.8314 -0.5553 -0.0195
vn 0.2261 -0.9733 -0.0388
vn 0.2455 -0.7157 0.6539
vn -0.7826 -0.3865 0.4881
vn -0.9114 -0.3895 -0.1326
vn 0.0441 -0.9745 -0.2198
vn 0.0764 -0.8483 0.5239
vn -0.8645 -0.3287 0.3803
vn -0.7335 -0.6509 -0.1959
vn 0.2189 -0.9421 -0.2541
vn 0.6119 -0.4826 -0.6267
vn 0.5930 -0.5246 -0.6109
vn 0.2391 -0.8998 0.3651
vn 0.6566 -0.2887 0.6968
vn -0.7120 -0.6388 0.2914
vn -0.7112 -0.6153 -0.3399
vn 0.3741 -0.8073 -0.4563
vn 0.3838 -0.8863 0.2591
vn -0.7003 -0.6854 0.1994
vn -0.6490 -0.7294 -0.2162
vn 0.4621 -0.8405 -0.2828
vn 0.9476 -0.3077 0.0856
vn 0.4498 -0.7819 0.4317
vn -0.6400 -0.6934 0.3310
vn -0.7242 -0.6658 -0.1797
vn 0.4003 -0.8838 -0.2421
vn 0.4072 -0.7827 0.4708
vn 0.6749 -0.2236 0.7032
vn -0.7211 -0.6009 0.3449
vn -0.5795 -0.8000 -0.1557
vn 0.3622 -0.9082 -0.2095
vn 0.6969 -0.3263 -0.6387
vn 0.3567 -0.8477 0.3926
vn 0.6785 -0.2497 0.6909
vn -0.5788 -0.7551 0.3078
vn -0.8150 -0.5397 -0.2109
vn 0.2886 -0.9204 -0.2638
vn 0.2930 -0.8493 0.4391
vn 0.1967 -0.0974 0.9756
vn -0.8073 -0.4894 0.3299
vn -0.7891 -0.5723 -0.2233
vn 0.2522 -0.9150 -0.3150
vn 0.2567 -0.8728 0.4152
vn -0.7710 -0.5575 0.3079
vn -0.8324 -0.5197 -0.1927
vn 0.2334 -0.9372 -0.2592
vn 0.2115 -0.8642 0.4566
vn -0.8168 -0.4697 0.3351
vn -0.7592 -0.5644 -0.3243
vn 0.2955 -0.8484 -0.4392
vn 0.5958 -0.4452 -0.6685
vn 0.2989 -0.9111 0.2837
vn -0.7579 -0.6174 0.2105
vn -0.6882 -0.6543 -0.3134
vn 0.3052 -0.8711 -0.3847
vn 0.6305 -0.3877 -0.6724
vn 0.3007 -0.9273 0.2228
vn 0.6310 -0.4935 0.5986
vn -0.6829 -0.7048 0.1922
vn -0.6118 -0.7480 -0.2574
vn 0.3997 -0.8539 -0.3335
vn 0.3848 -0.8696 0.3094
vn -0.6120 -0.7542 0.2380
vn -0.3448 -0.8967 -0.2775
vn 0.7055 -0.6059 -0.3675
vn 0.9993 0.0064 0.0369
vn 0.7083 -0.6106 0.3542
vn -0.3294 -0.9041 0.2723
vn -0.8206 -0.5679 0.0646
vn 0.2023 -0.9756 0.0849
vn 0.2583 -0.6374 0.7259
vn 0.6774 -0.1332 0.7235
vn 0.6462 -0.1907 0.7389
vn -0.7712 -0.3159 0.5526
vn -0.1963 -0.9739 0.1136
vn -0.5494 0.8183 0.1691
vn -0.5497 0.8181 0.1690
vn -0.5496 0.8181 0.1694
vn -0.7832 0.6204 0.0415
vn -0.7830 0.6206 0.0416
vn 0.3892 0.9129 0.1233
vn 0.8937 -0.4439 0.0653
vn -0.3317 -0.2610 -0.9066
vn -0.2422 0.8160 0.5249
vn -0.0934 0.4750 0.8750
vn -0.1608 0.4856 0.8592
vn -0.1613 0.4858 0.8590
vn -0.1619 0.4861 0.8588
vn -0.1605 0.4855 0.8594
vn 0.1939 0.9373 0.2897
vn 0.4562 0.6539 0.6035
vn 0.3775 0.6770 0.6318
vn 0.3717 0.6800 0.6320
vn 0.3625 0.6848 0.6321
vn 0.3825 0.6743 0.6316
vn -0.0639 0.8867 0.4579
vn 0.3443 0.6457 0.6816
vn 0.2427 0.6637 0.7076
vn 0.2514 0.6612 0.7068
vn 0.2648 0.6574 0.7055
vn 0.2357 0.6656 0.7081
vn 0.5374 0.8377 0.0969
vn 0.8497 0.4832 0.2109
vn 0.8237 0.5060 0.2558
vn 0.8224 0.5074 0.2571
vn 0.8208 0.5092 0.2589
vn 0.8246 0.5050 0.2549
vn 0.3129 0.5333 0.7859
vn 0.3824 0.5487 0.7434
vn 0.2866 0.5594 0.7778
vn 0.2960 0.5575 0.7756
vn 0.3098 0.5546 0.7723
vn 0.2796 0.5607 0.7793
vn 0.5321 0.8398 0.1072
vn 0.8400 0.5122 0.1793
vn 0.8197 0.5300 0.2173
vn 0.8187 0.5311 0.2184
vn 0.8173 0.5325 0.2199
vn 0.8204 0.5292 0.2165
vn 0.5687 0.7806 0.2592
vn 0.8373 0.5119 0.1921
vn 0.8139 0.5290 0.2402
vn 0.8140 0.5290 0.2401
vn 0.8140 0.5289 0.2400
vn 0.8139 0.5291 0.2402
vn 0.8080 0.4744 -0.3494
vn 0.8263 0.3968 -0.3997
vn 0.8365 0.4245 -0.3465
vn 0.8362 0.4293 -0.3413
vn 0.8356 0.4363 -0.3338
vn 0.8367 0.4210 -0.3503
vn 0.1034 0.4922 0.8643
vn 0.2121 0.4336 0.8758
vn 0.1578 0.4381 0.8850
vn 0.1555 0.4387 0.8851
vn 0.1521 0.4395 0.8853
vn 0.1595 0.4377 0.8849
vn 0.7237 0.4165 0.5502
vn 0.7068 0.4078 0.5781
vn 0.6861 0.4103 0.6007
vn 0.6878 0.4095 0.5993
vn 0.6886 0.4091 0.5987
vn 0.6854 0.4107 0.6014
vn 0.4257 0.7462 0.5118
vn 0.6652 0.5099 0.5455
vn 0.6307 0.5212 0.5750
vn 0.6296 0.5218 0.5756
vn 0.6281 0.5226 0.5765
vn 0.6315 0.5208 0.5745
vn 0.8379 0.5458 0.0037
vn 0.8989 0.4381 0.0020
vn 0.8891 0.4560 0.0386
vn 0.8875 0.4589 0.0412
vn 0.8852 0.4630 0.0449
vn 0.8903 0.4538 0.0365
vn 0.5399 0.5763 0.6135
vn 0.6998 0.4261 0.5734
vn 0.6624 0.4366 0.6088
vn 0.6615 0.4371 0.6094
vn 0.6603 0.4376 0.6103
vn 0.6630 0.4363 0.6083
vn 0.8191 0.5736 -0.0018
vn 0.9083 0.4182 -0.0068
vn 0.9014 0.4322 0.0245
vn 0.9005 0.4341 0.0265
vn 0.8991 0.4367 0.0293
vn 0.9022 0.4308 0.0229
vn 0.7239 0.6821 0.1041
vn 0.9158 0.4015 0.0111
vn 0.9111 0.4105 0.0368
vn 0.9110 0.4107 0.0371
vn 0.9109 0.4109 0.0376
vn 0.9112 0.4103 0.0366
vn 0.6591 0.5306 -0.5330
vn 0.7704 0.3317 -0.5445
vn 0.7781 0.3430 -0.5262
vn 0.7783 0.3440 -0.5253
vn 0.7785 0.3453 -0.5241
vn 0.7780 0.3422 -0.5268
vn 0.4221 0.8747 -0.2383
vn 0.6522 0.7000 -0.2910
vn 0.6500 0.7140 -0.2600
vn 0.6495 0.7150 -0.2586
vn 0.6489 0.7162 -0.2569
vn 0.6504 0.7134 -0.2609
vn 0.2893 0.5734 -0.7665
vn 0.3348 0.4881 -0.8060
vn 0.3560 0.5319 -0.7683
vn 0.3557 0.5379 -0.7643
vn 0.3553 0.5462 -0.7586
vn 0.3562 0.5274 -0.7714
vn -0.4647 0.7331 -0.4966
vn 0.1016 0.4933 -0.8639
vn 0.1194 0.5317 -0.8385
vn 0.1194 0.5316 -0.8385
vn 0.1194 0.5315 -0.8386
vn -0.2926 0.4258 -0.8562
vn -0.1667 0.1979 -0.9660
vn -0.1314 0.2464 -0.9602
vn -0.1301 0.2509 -0.9592
vn -0.1283 0.2568 -0.9579
vn -0.1324 0.2432 -0.9609
vn 0.5548 0.6558 -0.5119
vn 0.5930 0.6088 -0.5270
vn 0.5990 0.6276 -0.4973
vn 0.5982 0.6302 -0.4950
vn 0.5971 0.6337 -0.4917
vn 0.5996 0.6255 -0.4992
vn -0.1253 0.5279 -0.8400
vn 0.0340 0.4182 -0.9077
vn 0.0566 0.4601 -0.8860
vn 0.0566 0.4618 -0.8852
vn 0.0566 0.4641 -0.8840
vn 0.0565 0.4587 -0.8868
vn 0.0579 0.3848 -0.9212
vn 0.1428 0.3175 -0.9375
vn 0.1569 0.3355 -0.9289
vn 0.1572 0.3372 -0.9282
vn 0.1575 0.3392 -0.9274
vn 0.1567 0.3342 -0.9294
vn -0.3387 0.3286 -0.8816
vn -0.3489 0.2413 -0.9055
vn -0.3024 0.2984 -0.9052
vn -0.2999 0.3065 -0.9034
vn -0.2960 0.3189 -0.9004
vn -0.3045 0.2916 -0.9068
vn 0.7038 0.7082 -0.0556
vn 0.7087 0.7044 -0.0406
vn 0.7085 0.7054 -0.0214
vn 0.7088 0.7051 -0.0227
vn 0.7089 0.7049 -0.0234
vn 0.7083 0.7056 -0.0207
vn 0.6414 0.5665 -0.5174
vn 0.6439 0.5683 -0.5123
vn 0.6470 0.5673 -0.5095
vn 0.6484 0.5742 -0.4998
vn 0.6463 0.5665 -0.5113
vn 0.6501 0.5701 -0.5024
vn 0.6501 0.5707 -0.5016
vn 0.5735 0.6053 -0.5520
vn 0.5872 0.6070 -0.5355
vn 0.5935 0.6128 -0.5218
vn 0.5933 0.6120 -0.5229
vn 0.5932 0.6116 -0.5234
vn 0.5936 0.6131 -0.5213
vn 0.1884 0.2979 -0.9358
vn 0.1885 0.2958 -0.9365
vn 0.1885 0.2922 -0.9376
vn 0.1884 0.3015 -0.9347
vn 0.4776 0.6856 -0.5494
vn 0.5203 0.6204 -0.5869
vn 0.5268 0.6360 -0.5638
vn 0.5267 0.6381 -0.5617
vn 0.5265 0.6410 -0.5585
vn 0.5270 0.6345 -0.5655
vn 0.1557 0.3572 -0.9210
vn 0.1635 0.3226 -0.9323
vn 0.1782 0.3477 -0.9205
vn 0.1783 0.3511 -0.9192
vn 0.1784 0.3555 -0.9175
vn 0.1782 0.3452 -0.9215
vn 0.0401 0.4638 -0.8850
vn 0.1108 0.3670 -0.9236
vn 0.1313 0.3981 -0.9079
vn 0.1318 0.4016 -0.9063
vn 0.1325 0.4065 -0.9040
vn 0.1309 0.3953 -0.9092
vn -0.5914 0.0600 -0.8042
vn -0.5721 -0.0190 -0.8200
vn -0.5459 0.0326 -0.8372
vn -0.5458 0.0333 -0.8372
vn -0.5457 0.0341 -0.8373
vn -0.5460 0.0322 -0.8372
vn 0.0113 0.9992 -0.0389
vn -0.0399 0.9934 -0.1074
vn -0.6726 0.6754 -0.3023
vn -0.5863 0.7165 -0.3779
vn -0.5880 0.7154 -0.3774
vn -0.5450 0.7427 -0.3891
vn -0.6093 0.7007 -0.3711
vn 0.0918 0.8108 -0.5781
vn 0.0466 0.7697 -0.6367
vn -0.4938 0.4915 -0.7173
vn -0.3801 0.5044 -0.7753
vn -0.3782 0.5051 -0.7758
vn -0.3304 0.5217 -0.7865
vn -0.4043 0.4953 -0.7689
vn -0.1487 0.9883 0.0336
vn -0.1493 0.9863 -0.0703
vn -0.4814 0.4320 -0.7626
vn -0.3937 0.4885 -0.7787
vn -0.3933 0.4890 -0.7786
vn -0.3668 0.5212 -0.7706
vn -0.4077 0.4707 -0.7825
vn 0.2667 0.9502 -0.1612
vn 0.2842 0.9278 -0.2419
vn -0.0283 0.4933 -0.8694
vn 0.0750 0.5306 -0.8443
vn 0.0770 0.5321 -0.8432
vn 0.1086 0.5548 -0.8249
vn 0.0586 0.5185 -0.8530
vn -0.3811 0.9130 0.1456
vn -0.2886 0.9534 0.0883
vn 0.1832 0.7028 -0.6874
vn 0.2606 0.7718 -0.5801
vn 0.2605 0.7704 -0.5819
vn 0.2623 0.8071 -0.5290
vn 0.2592 0.7506 -0.6078
vn -0.1846 0.9312 0.3144
vn 0.0328 0.9804 0.1941
vn 0.1090 0.9425 0.3159
vn 0.0751 0.7581 -0.6478
vn 0.2345 0.8318 -0.5031
vn 0.2330 0.8300 -0.5068
vn 0.2684 0.8702 -0.4132
vn 0.2151 0.8074 -0.5494
vn -0.0034 0.9816 -0.1908
vn 0.1838 0.9482 -0.2589
vn 0.2219 0.9645 -0.1433
vn 0.2831 0.6318 -0.7216
vn 0.3671 0.6807 -0.6340
vn 0.3679 0.6823 -0.6317
vn 0.3829 0.7123 -0.5882
vn 0.3589 0.6644 -0.6555
vn 0.0051 0.8327 -0.5537
vn 0.1087 0.7601 -0.6406
vn 0.1890 0.7958 -0.5754
vn -0.0282 0.4810 -0.8763
vn 0.0693 0.5244 -0.8486
vn 0.0730 0.5278 -0.8462
vn 0.1023 0.5538 -0.8263
vn 0.0550 0.5114 -0.8576
vn -0.6874 0.2058 0.6965
vn -0.6861 0.2055 0.6979
vn -0.6887 0.2060 0.6952
vn -0.6849 0.2053 0.6991
vn -0.6860 0.2055 0.6980
vn -0.8713 0.4879 0.0536
vn -0.8723 0.4863 0.0499
vn -0.5303 0.7775 0.3380
vn -0.5215 0.8056 0.2810
vn -0.5544 0.7301 -0.3996
vn -0.5009 0.7732 -0.3889
vn -0.5007 0.7736 -0.3885
vn -0.4906 0.7869 -0.3742
vn -0.5068 0.7651 -0.3972
vn -0.2979 0.9531 -0.0529
vn -0.1598 0.9715 -0.1752
vn -0.2098 0.8556 -0.4732
vn -0.0603 0.9369 -0.3443
vn -0.0621 0.9357 -0.3474
vn -0.0740 0.9271 -0.3675
vn -0.0560 0.9398 -0.3371
vn -0.5548 0.7863 0.2719
vn -0.5252 0.8439 0.1097
vn -0.6994 0.6689 -0.2518
vn -0.5325 0.8227 -0.1990
vn -0.5392 0.8171 -0.2038
vn -0.5798 0.7809 -0.2325
vn -0.5163 0.8355 -0.1878
vn -0.3324 0.9403 -0.0731
vn -0.1862 0.8306 -0.5247
vn -0.1438 0.8510 -0.5050
vn -0.1446 0.8504 -0.5058
vn -0.1456 0.8496 -0.5070
vn -0.1432 0.8516 -0.5043
vn -0.7002 0.7138 -0.0134
vn -0.6268 0.7601 -0.1715
vn -0.6806 0.6273 -0.3785
vn -0.5878 0.7401 -0.3268
vn -0.5912 0.7355 -0.3309
vn -0.6141 0.7030 -0.3588
vn -0.5775 0.7534 -0.3145
vn -0.6320 0.7321 -0.2542
vn -0.6752 0.6180 -0.4027
vn -0.6154 0.6681 -0.4182
vn -0.6107 0.6733 -0.4167
vn -0.6048 0.6798 -0.4148
vn -0.6187 0.6644 -0.4192
vn -0.7078 0.5365 0.4596
vn -0.7188 0.5391 0.4390
vn -0.9351 0.3492 0.0606
vn -0.9202 0.3888 0.0461
vn -0.9200 0.3893 0.0462
vn -0.9145 0.4014 0.0499
vn -0.9233 0.3815 0.0439
vn 0.3122 0.7406 0.5950
vn 0.3017 0.7449 0.5951
vn 0.3541 0.7223 0.5940
vn 0.2125 0.7770 0.5926
vn 0.4928 0.7003 0.5164
vn -0.5634 0.8260 -0.0186
vn -0.4924 0.8697 -0.0342
vn -0.4948 0.8443 -0.2057
vn 0.3230 0.8373 0.4411
vn 0.3581 0.8889 0.2857
vn 0.4465 0.8459 0.2917
vn -0.3342 0.8406 -0.4263
vn -0.1870 0.8742 -0.4481
vn -0.1900 0.8731 -0.4490
vn -0.1276 0.8939 -0.4297
vn -0.2202 0.8614 -0.4576
vn 0.0027 0.9340 0.3574
vn -0.0394 0.9602 0.2763
vn -0.6753 0.6785 -0.2890
vn -0.6073 0.7231 -0.3291
vn -0.6071 0.7233 -0.3291
vn -0.5814 0.7447 -0.3277
vn -0.6214 0.7108 -0.3297
vn 0.2838 0.9563 0.0708
vn 0.2745 0.9615 -0.0119
vn -0.2083 0.8265 -0.5230
vn -0.0952 0.8423 -0.5305
vn -0.0951 0.8424 -0.5304
vn -0.0520 0.8551 -0.5159
vn -0.1182 0.8348 -0.5378
vn -0.3198 0.8549 -0.4086
vn -0.2507 0.7223 -0.6445
vn -0.2136 0.7373 -0.6409
vn -0.2142 0.7369 -0.6412
vn -0.2148 0.7364 -0.6415
vn -0.2133 0.7376 -0.6407
vn -0.5505 0.6739 0.4928
vn -0.5623 0.6903 0.4554
vn -0.7892 0.6141 -0.0025
vn -0.7494 0.6620 -0.0127
vn -0.7499 0.6615 -0.0131
vn -0.7371 0.6757 -0.0031
vn -0.7570 0.6531 -0.0188
vn -0.5436 0.7004 -0.4624
vn -0.5063 0.6266 -0.5925
vn -0.4876 0.6363 -0.5978
vn -0.4869 0.6370 -0.5977
vn -0.4862 0.6376 -0.5976
vn -0.4880 0.6359 -0.5979
vn -0.6146 0.7749 -0.1476
vn -0.6928 0.6405 -0.3314
vn -0.6563 0.6681 -0.3506
vn -0.6537 0.6706 -0.3506
vn -0.6504 0.6738 -0.3507
vn -0.6582 0.6663 -0.3506
vn 0.1107 0.9929 0.0434
vn 0.1884 0.9770 0.0994
vn 0.7958 0.5872 0.1483
vn 0.7563 0.6179 0.2150
vn 0.7546 0.6195 0.2162
vn 0.7340 0.6385 0.2315
vn 0.7670 0.6075 0.2066
vn 0.2543 0.5704 -0.7810
vn 0.1573 0.5792 -0.7999
vn 0.2262 0.5633 -0.7947
vn 0.2198 0.5643 -0.7958
vn 0.2107 0.5656 -0.7973
vn 0.2307 0.5626 -0.7939
vn -0.1369 0.8632 -0.4860
vn 0.2949 0.6022 -0.7419
vn -0.3762 0.6370 -0.6728
vn -0.2068 0.6857 -0.6979
vn -0.0541 0.5880 -0.8071
vn -0.0737 0.5895 -0.8044
vn 0.0130 0.5810 -0.8138
vn -0.2073 0.5937 -0.7776
vn -0.8403 0.4636 -0.2811
vn 0.0523 -0.8293 -0.5563
vn -0.3994 -0.8239 -0.4021
vn -0.4072 -0.8226 -0.3969
vn -0.3981 -0.8241 -0.4030
vn -0.4084 -0.8224 -0.3961
vn -0.1766 -0.8971 -0.4049
vn -0.1904 -0.8971 -0.3988
vn -0.1289 -0.8958 -0.4253
vn -0.2742 -0.8921 -0.3591
vn -0.0707 -0.9688 -0.2375
vn 0.2411 -0.9475 -0.2101
vn 0.2989 0.7841 0.5439
vn -0.4832 0.6711 0.5623
vn -0.4736 0.6823 0.5569
vn -0.4853 0.6686 0.5634
vn -0.4716 0.6846 0.5558
vn 0.5017 0.8490 0.1660
vn 0.4910 0.8529 0.1775
vn 0.0263 0.6923 -0.7211
vn 0.7551 -0.0754 -0.6513
vn 0.7551 -0.0754 -0.6512
vn 0.4797 -0.5935 -0.6462
vn 0.4614 -0.6048 -0.6490
vn 0.7656 0.4400 -0.4693
vn -0.0740 -0.9664 -0.2461
vn -0.0772 -0.9668 -0.2435
vn -0.0818 -0.9674 -0.2397
vn -0.0694 -0.9658 -0.2499
vn -0.0102 0.9657 -0.2594
vn -0.3404 0.8963 0.2842
vn -0.3616 0.8810 0.3051
vn -0.3547 0.9322 -0.0725
vn -0.3556 0.9319 -0.0713
vn -0.3057 0.9421 -0.1379
vn -0.4259 0.9043 0.0298
vn 0.7077 0.1433 0.6918
vn 0.6282 0.6277 0.4599
vn -0.1312 0.3893 0.9117
vn -0.1312 0.3894 0.9117
vn -0.1820 0.7069 0.6836
vn -0.1985 0.6691 0.7162
vn -0.2419 0.5536 0.7969
vn -0.1393 0.7912 0.5955
vn 0.0228 0.9708 0.2387
vn 0.1393 0.9577 -0.2517
vn -0.2440 0.9639 0.1070
vn 0.1421 0.7664 -0.6264
vn -0.3038 0.8819 -0.3605
vn -0.2895 0.8835 -0.3683
vn -0.1461 0.7981 -0.5845
vn -0.1573 0.8002 -0.5787
vn -0.0975 0.7878 -0.6082
vn -0.2394 0.8113 -0.5333
vn -0.2771 0.9047 0.3237
vn -0.2772 0.9047 0.3237
vn -0.0877 0.9812 -0.1717
vn -0.0876 0.9812 -0.1717
vn -0.5348 0.8423 0.0665
vn -0.1053 0.9603 -0.2583
vn 0.1005 0.8337 -0.5430
vn 0.1006 0.8337 -0.5430
vn -0.2921 0.8942 -0.3394
vn 0.3160 0.7645 -0.5619
vn -0.1408 0.7002 -0.7000
vn -0.1497 0.6961 -0.7022
vn -0.1393 0.7009 -0.6996
vn -0.1511 0.6954 -0.7025
vn 0.0947 0.6845 -0.7228
vn 0.0806 0.6812 -0.7276
vn 0.1429 0.6946 -0.7050
vn -0.0065 0.6574 -0.7535
vn 0.0174 0.9990 -0.0411
vn 0.4032 0.9151 -0.0036
vn -0.1923 0.6233 -0.7580
vn -0.1956 0.6218 -0.7584
vn -0.1918 0.6236 -0.7579
vn -0.1961 0.6216 -0.7584
vn 0.1445 0.6377 -0.7566
vn 0.1267 0.6348 -0.7622
vn 0.0514 0.6201 -0.7828
vn 0.2211 0.6476 -0.7291
vn -0.1487 0.7698 -0.6207
vn -0.0915 0.8242 -0.5588
vn -0.1940 0.7201 -0.6662
vn 0.1679 0.8354 -0.5233
vn -0.1447 0.7332 -0.6645
vn -0.2282 0.6782 -0.6985
vn 0.6773 0.5776 -0.4557
vn 0.0447 0.6425 -0.7649
vn 0.0747 0.6511 -0.7553
vn 0.4120 0.5158 -0.7512
vn 0.3982 0.5159 -0.7585
vn 0.4809 0.5132 -0.7109
vn 0.2669 0.5111 -0.8170
vn 0.0431 0.9475 0.3170
vn -0.7256 0.6850 -0.0659
vn -0.4533 0.8197 -0.3502
vn -0.3937 0.8113 -0.4321
vn -0.7795 0.4499 0.4359
vn -0.8129 0.5607 0.1575
vn -0.8156 0.5500 0.1796
vn -0.7832 0.6217 0.0133
vn -0.8199 0.5255 0.2271
vn 0.6157 -0.1870 0.7655
vn 0.6442 -0.1972 0.7390
vn 0.4994 -0.1820 0.8470
vn 0.5109 -0.1857 0.8394
vn 0.5515 -0.1987 0.8101
vn 0.4558 -0.1679 0.8741
vn 0.9193 0.2797 0.2768
vn 0.9642 0.1825 -0.1925
vn 0.9630 0.1785 -0.2018
vn 0.9644 0.1831 -0.1910
vn 0.9628 0.1779 -0.2032
vn 0.9895 0.1390 0.0390
vn 0.9906 0.1346 0.0244
vn 0.9841 0.1538 0.0890
vn 0.9921 0.1069 -0.0653
vn -0.3256 0.3918 -0.8605
vn 0.0238 0.7015 -0.7123
vn 0.3110 0.1506 -0.9384
vn 0.5351 0.3822 -0.7534
vn 0.5283 0.3435 -0.7764
vn 0.5056 0.2401 -0.8287
vn 0.5461 0.4635 -0.6978
vn -0.4772 0.8555 -0.2009
vn -0.4533 0.8512 -0.2644
vn -0.6267 0.5550 0.5470
vn -0.6987 0.6619 0.2715
vn -0.6987 0.6515 0.2956
vn -0.6889 0.7141 0.1244
vn -0.6971 0.6285 0.3449
vn 0.8276 0.1343 0.5450
vn 0.4323 -0.5661 -0.7019
vn 0.9753 -0.2080 0.0743
vn 0.3432 -0.0052 -0.9393
vn 0.7970 0.3993 0.4532
vn 0.6257 0.3001 0.7200
vn 0.6648 0.6785 0.3126
vn 0.6701 0.6934 0.2649
vn 0.6246 0.5978 0.5026
vn 0.6734 0.7373 0.0540
vn -0.2017 0.6946 -0.6905
vn 0.3033 0.6166 -0.7265
vn 0.2718 0.6866 -0.6743
vn 0.4132 0.7392 -0.5318
vn 0.4094 0.7318 -0.5449
vn 0.4051 0.7233 -0.5592
vn 0.4173 0.7470 -0.5175
vn 0.8142 0.4497 -0.3672
vn 0.8149 0.4545 -0.3597
vn 0.8141 0.4489 -0.3684
vn 0.8150 0.4552 -0.3585
vn 0.8862 0.4625 0.0268
vn 0.8891 0.4577 0.0082
vn 0.8957 0.4421 -0.0480
vn 0.8753 0.4762 0.0843
vn -0.2405 0.5937 -0.7679
vn 0.2692 0.5532 -0.7883
vn 0.2340 0.6220 -0.7473
vn 0.3535 0.6989 -0.6218
vn 0.3480 0.6837 -0.6414
vn 0.3421 0.6677 -0.6612
vn 0.3588 0.7137 -0.6016
vn 0.8454 0.5089 -0.1623
vn 0.8455 0.5077 -0.1656
vn 0.8454 0.5091 -0.1617
vn 0.8455 0.5075 -0.1662
vn 0.8526 0.4926 0.1743
vn 0.8574 0.4905 0.1562
vn 0.8739 0.4796 0.0793
vn 0.8286 0.4998 0.2523
vn 0.7238 0.5640 -0.3974
vn 0.7258 0.5668 -0.3897
vn 0.7236 0.5635 -0.3987
vn 0.7262 0.5672 -0.3885
vn 0.8694 0.4924 -0.0409
vn 0.8685 0.4921 -0.0595
vn 0.8641 0.4900 -0.1150
vn 0.8702 0.4924 0.0160
vn 0.3403 0.8222 -0.4563
vn 0.3331 0.7907 -0.5137
vn 0.5931 0.7633 -0.2561
vn 0.5922 0.7629 -0.2593
vn 0.5911 0.7623 -0.2635
vn 0.5941 0.7639 -0.2520
vn 0.6180 0.7448 -0.2517
vn 0.5686 0.8025 -0.1807
vn 0.6383 0.7159 -0.2830
vn 0.6370 0.7596 0.1314
vn 0.6370 0.7595 0.1314
vn 0.6632 0.7035 -0.2552
vn 0.6677 0.6664 -0.3318
vn 0.6341 0.7568 -0.1583
vn 0.5956 0.7990 -0.0828
vn 0.6626 0.7153 -0.2221
vn 0.6183 0.7707 0.1545
vn 0.6182 0.7707 0.1545
vn 0.6710 0.7215 -0.1710
vn 0.6802 0.6829 -0.2664
vn 0.2276 0.8393 -0.4938
vn 0.2589 0.9071 -0.3319
vn 0.2063 0.7884 -0.5796
vn 0.6093 0.7869 -0.0980
vn 0.2744 0.7767 -0.5670
vn 0.1772 0.7143 -0.6771
vn -0.0762 0.8478 0.5248
vn 0.1060 0.9879 0.1129
vn -0.3198 0.9283 -0.1896
vn -0.5763 0.1912 0.7946
vn -0.7489 0.2809 0.6002
vn -0.7489 0.2809 0.6001
vn 0.5313 0.8240 -0.1967
vn 0.5242 0.8461 0.0968
vn 0.2995 0.9396 -0.1655
vn 0.2995 0.9396 -0.1656
vn 0.8924 0.1027 -0.4395
vn 0.8928 0.1035 -0.4384
vn 0.8923 0.1024 -0.4397
vn 0.8929 0.1037 -0.4381
vn 0.8552 0.1045 -0.5076
vn 0.8550 0.1037 -0.5081
vn 0.8546 0.1021 -0.5092
vn 0.8556 0.1061 -0.5066
vn 0.7539 0.6339 -0.1725
vn 0.7035 0.6072 0.3693
vn 0.9255 0.3364 -0.1739
vn 0.8929 0.4462 -0.0601
vn 0.8904 0.4314 0.1454
vn 0.8965 0.4239 0.1291
vn 0.8674 0.4556 0.2002
vn 0.9287 0.3704 0.0198
vn -0.0443 0.5897 -0.8064
vn 0.0230 0.1216 -0.9923
vn -0.4347 0.5221 -0.7338
vn -0.2930 0.4455 -0.8460
vn -0.2877 0.2987 -0.9099
vn -0.3010 0.3124 -0.9010
vn -0.2419 0.2519 -0.9370
vn -0.3924 0.4058 -0.8255
vn 0.7399 0.6718 -0.0353
vn 0.7809 0.6018 -0.1674
vn 0.8122 0.5759 -0.0926
vn 0.7261 0.6669 0.1676
vn 0.7643 0.6027 0.2294
vn 0.7636 0.6083 0.2166
vn 0.7653 0.5904 0.2565
vn 0.7627 0.6142 0.2027
vn 0.4835 0.7902 -0.3765
vn 0.6512 0.7172 -0.2481
vn 0.3642 0.8095 -0.4605
vn 0.4829 0.8734 -0.0640
vn 0.4811 0.8747 -0.0581
vn 0.4986 0.8587 -0.1186
vn 0.4548 0.8903 0.0225
vn 0.6188 0.7718 -0.1461
vn -0.7652 0.4551 -0.4553
vn 0.7911 0.5810 -0.1914
vn 0.8023 0.5634 -0.1973
vn 0.7775 0.6012 -0.1845
vn 0.8294 0.5168 -0.2119
vn 0.3002 0.9346 -0.1907
vn 0.4231 0.8932 -0.1522
vn 0.6109 0.2663 0.7456
vn 0.9528 0.2954 0.0702
vn 0.9479 0.3025 0.0996
vn 0.8955 0.1133 0.4303
vn 0.9017 0.1127 0.4175
vn 0.8513 0.1166 0.5116
vn 0.9587 0.1042 0.2646
vn -0.3132 0.9217 -0.2290
vn -0.3132 0.9217 -0.2289
vn 0.0865 0.9667 0.2407
vn 0.5279 0.5088 -0.6800
vn 0.6830 0.6304 -0.3690
vn 0.5822 0.3287 0.7436
vn 0.9266 0.3383 0.1645
vn 0.9192 0.3456 0.1888
vn 0.8434 0.2001 0.4986
vn 0.8502 0.1991 0.4874
vn 0.8019 0.2049 0.5612
vn 0.9092 0.1878 0.3715
vn 0.3301 0.6842 0.6503
vn 0.2015 0.7232 0.6606
vn 0.4373 0.6400 0.6317
vn 0.3610 0.6334 0.6844
vn 0.5106 0.6029 0.6130
vn 0.4862 0.7139 0.5040
vn 0.0496 0.5179 0.8540
vn 0.7054 0.3508 0.6159
vn 0.5501 0.4561 0.6996
vn 0.4040 0.3788 0.8327
vn 0.4233 0.3747 0.8248
vn 0.3349 0.3917 0.8570
vn 0.5585 0.3398 0.7567
vn 0.4271 0.9018 -0.0658
vn 0.4256 0.9027 -0.0632
vn 0.4127 0.9097 -0.0464
vn 0.4306 0.8998 -0.0697
vn 0.4078 0.9122 -0.0402
vn 0.0092 0.9945 0.1043
vn -0.0447 0.9774 0.2064
vn 0.1406 0.9608 0.2390
vn 0.5473 0.8266 0.1310
vn 0.2462 0.8520 -0.4620
vn 0.2461 0.8520 -0.4620
vn 0.6327 0.7124 -0.3036
vn 0.8979 0.4121 0.1544
vn 0.7522 0.3268 -0.5721
vn 0.8280 0.4139 -0.3782
vn 0.9241 0.3028 -0.2331
vn 0.9188 0.3015 -0.2549
vn 0.9393 0.3063 -0.1545
vn 0.8629 0.2864 -0.4164
vn -0.7502 -0.3321 -0.5717
vn -0.9618 0.0495 -0.2692
vn -0.9664 0.0660 -0.2485
vn -0.9184 -0.2078 -0.3367
vn -0.9249 -0.1966 -0.3253
vn -0.8942 -0.2453 -0.3744
vn -0.9599 -0.1243 -0.2512
vn 0.2882 0.7805 -0.5547
vn 0.2882 0.7805 -0.5548
vn -0.6868 0.6064 -0.4007
vn -0.1287 0.8553 -0.5019
vn -0.1368 0.8711 -0.4718
vn 0.0791 0.6158 -0.7839
vn -0.9901 0.0007 -0.1400
vn -0.9353 -0.3099 -0.1708
vn 0.9360 0.2925 -0.1957
vn 0.9298 0.3050 -0.2062
vn 0.9877 0.1561 0.0016
vn 0.9905 0.1373 0.0120
vn 0.9870 0.1608 -0.0010
vn 0.9911 0.1325 0.0146
vn -0.3307 0.4311 0.8395
vn -0.3327 0.4318 0.8384
vn -0.3305 0.4309 0.8397
vn -0.3329 0.4319 0.8382
vn -0.4151 0.4225 0.8057
vn -0.4140 0.4222 0.8064
vn -0.4097 0.4213 0.8091
vn -0.4194 0.4234 0.8030
vn 0.3269 0.2837 0.9015
vn 0.3373 0.2604 0.9047
vn -0.0859 0.4906 0.8671
vn -0.0713 0.4751 0.8770
vn -0.0372 0.4382 0.8981
vn -0.1203 0.5261 0.8419
vn -0.6794 -0.5253 -0.5123
vn 0.3338 -0.3466 -0.8766
vn 0.3107 -0.3647 -0.8778
vn 0.4922 0.4269 0.7586
vn 0.9462 0.2318 0.2256
vn 0.9349 0.2495 0.2524
vn 0.7881 0.1850 0.5871
vn 0.7975 0.1795 0.5760
vn 0.7340 0.2138 0.6446
vn 0.8786 0.1242 0.4611
vn -0.2557 0.6771 0.6900
vn -0.2627 0.7118 0.6514
vn -0.2549 0.6732 0.6941
vn -0.2823 0.6581 0.6980
vn -0.2483 0.6415 0.7258
vn -0.2313 0.6439 0.7293
vn -0.7344 0.4064 -0.5436
vn -0.7368 0.4053 -0.5412
vn -0.7340 0.4067 -0.5440
vn -0.7371 0.4052 -0.5408
vn -0.4964 0.3796 -0.7807
vn -0.5125 0.3774 -0.7713
vn -0.5786 0.3669 -0.7284
vn -0.4242 0.3874 -0.8186
vn 0.3554 0.1790 0.9174
vn -0.1052 0.0531 0.9930
vn -0.0799 0.1556 0.9846
vn -0.2924 0.3240 0.8997
vn -0.2901 0.3178 0.9027
vn -0.2866 0.3085 0.9070
vn -0.2959 0.3332 0.8952
vn -0.8636 0.3521 -0.3608
vn -0.8637 0.3521 -0.3607
vn -0.7501 0.2816 -0.5984
vn -0.7580 0.2821 -0.5880
vn -0.7899 0.2835 -0.5438
vn -0.7146 0.2791 -0.6414
vn -0.9123 0.2236 -0.3432
vn -0.9083 0.2172 -0.3576
vn -0.9563 0.2134 -0.1997
vn -0.9565 0.2130 -0.1994
vn -0.9568 0.2122 -0.1989
vn -0.9561 0.2142 -0.2001
vn -0.2806 0.9544 -0.1015
vn -0.4639 0.8400 -0.2814
vn -0.2920 0.7915 -0.5369
vn 0.4054 0.8602 0.3093
vn 0.5620 0.8177 0.1248
vn 0.9213 0.2559 -0.2927
vn 0.9213 0.2559 -0.2928
vn 0.9565 0.1740 -0.2341
vn -0.5484 0.5855 -0.5970
vn -0.3583 0.7758 -0.5194
vn -0.6106 0.4995 -0.6146
vn 0.1463 0.6924 -0.7065
vn -0.5388 0.4724 -0.6975
vn -0.7065 0.3259 -0.6282
vn -0.1549 0.3632 -0.9187
vn 0.2367 0.4045 -0.8834
vn 0.7291 0.4043 -0.5522
vn 0.3115 -0.0241 -0.9499
vn 0.4291 0.1353 -0.8931
vn 0.6099 0.1240 -0.7827
vn 0.5967 0.1121 -0.7946
vn 0.6537 0.1650 -0.7385
vn 0.4924 0.0241 -0.8700
vn -0.1135 0.5968 -0.7943
vn 0.1250 0.1420 -0.9819
vn -0.6668 0.2246 -0.7106
vn -0.4033 -0.0391 -0.9143
vn -0.3213 0.4870 -0.8121
vn -0.3358 0.4506 -0.8272
vn -0.3096 0.5148 -0.7995
vn -0.3606 0.3827 -0.8506
vn -0.1860 0.5877 -0.7874
vn -0.2494 0.9466 -0.2041
vn -0.1712 0.9760 -0.1346
vn -0.0940 0.9508 -0.2953
vn 0.0851 0.8082 -0.5827
vn -0.7347 0.4232 -0.5302
vn -0.7519 0.5908 -0.2927
vn 0.3312 0.1900 -0.9242
vn 0.7886 0.2003 -0.5814
vn 0.3462 -0.1995 -0.9167
vn 0.4673 -0.0666 -0.8816
vn 0.6430 -0.0749 -0.7622
vn 0.6295 -0.0860 -0.7722
vn 0.6872 -0.0368 -0.7255
vn 0.5290 -0.1617 -0.8331
vn 0.1409 0.6713 -0.7276
vn -0.8014 0.2043 -0.5622
vn -0.6862 -0.0438 -0.7261
vn -0.6904 -0.0447 -0.7221
vn -0.6757 -0.0416 -0.7360
vn -0.7124 -0.0494 -0.7000
vn -0.6306 -0.0521 -0.7744
vn 0.4425 0.3845 -0.8101
vn 0.3829 0.3356 -0.8607
vn 0.8377 0.2591 0.4808
vn 0.9577 0.2856 -0.0358
vn 0.9578 0.2807 -0.0622
vn 0.9637 0.1687 0.2070
vn 0.9673 0.1676 0.1903
vn 0.9492 0.1720 0.2636
vn 0.9837 0.1596 0.0824
vn -0.1643 0.7809 0.6026
vn -0.0702 0.8205 0.5673
vn -0.2902 0.6483 0.7039
vn -0.2702 0.6231 0.7340
vn -0.2680 0.6310 0.7280
vn -0.2729 0.6135 0.7411
vn -0.2667 0.6357 0.7244
vn 0.8538 0.3358 0.3978
vn 0.8825 0.4658 -0.0649
vn 0.8815 0.4661 -0.0750
vn 0.8826 0.4658 -0.0632
vn 0.8814 0.4662 -0.0765
vn 0.9347 0.3331 0.1244
vn 0.9355 0.3358 0.1094
vn 0.9300 0.3230 0.1756
vn 0.9362 0.3511 0.0167
vn 0.2068 0.1412 0.9681
vn 0.2048 0.1422 0.9684
vn 0.2071 0.1410 0.9681
vn 0.2045 0.1424 0.9685
vn 0.1311 0.1435 0.9809
vn 0.1322 0.1430 0.9808
vn 0.1358 0.1416 0.9806
vn 0.1276 0.1449 0.9812
vn 0.5063 0.0913 -0.8575
vn 0.7518 0.5362 0.3838
vn 0.7666 0.5303 0.3621
vn 0.5154 0.3449 0.7845
vn -0.0150 0.3595 0.9330
vn 0.5249 -0.0016 0.8511
vn 0.4241 0.1218 0.8974
vn 0.2280 0.1174 0.9666
vn 0.2441 0.1073 0.9638
vn 0.1726 0.1511 0.9733
vn 0.3497 0.0393 0.9360
vn 0.2556 0.9501 0.1787
vn 0.0110 0.9656 0.2597
vn 0.0350 0.9946 0.0977
vn 0.5984 0.7021 -0.3861
vn 0.5073 0.6564 -0.5584
vn 0.5087 0.6790 -0.5293
vn 0.5037 0.6189 -0.6027
vn 0.5094 0.6963 -0.5057
vn 0.2677 0.9634 0.0127
vn 0.2678 0.9634 0.0127
vn 0.6640 -0.4132 -0.6232
vn 0.8058 -0.0657 -0.5886
vn 0.1142 -0.0889 -0.9895
vn 0.2856 0.1924 -0.9388
vn 0.8452 -0.3957 -0.3592
vn 0.6238 -0.4262 -0.6552
vn -0.0088 0.3190 -0.9477
vn -0.5174 0.2292 -0.8245
vn -0.5394 0.2187 -0.8131
vn -0.2841 0.1667 -0.9442
vn -0.3001 0.1619 -0.9401
vn -0.2291 0.1827 -0.9561
vn -0.3996 0.1303 -0.9074
vn 0.8291 0.5371 -0.1555
vn 0.6191 0.5202 -0.5883
vn 0.6138 0.5173 -0.5964
vn 0.6200 0.5207 -0.5870
vn 0.6130 0.5168 -0.5976
vn 0.7799 0.4592 -0.4252
vn 0.7734 0.4573 -0.4389
vn 0.8008 0.4650 -0.3775
vn 0.7296 0.4432 -0.5208
vn 0.5162 0.1652 -0.8404
vn 0.5169 0.1658 -0.8398
vn 0.5159 0.1649 -0.8406
vn 0.5172 0.1660 -0.8396
vn 0.3904 0.1657 -0.9056
vn 0.3899 0.1646 -0.9060
vn 0.3888 0.1621 -0.9070
vn 0.3916 0.1682 -0.9046
vn -0.0017 0.8954 -0.4453
vn -0.1117 0.9268 -0.3586
vn -0.1253 0.8942 -0.4297
vn 0.0727 0.7863 -0.6135
vn 0.0259 0.7358 -0.6767
vn 0.0262 0.7449 -0.6667
vn 0.0253 0.7156 -0.6981
vn 0.0265 0.7546 -0.6556
vn 0.5468 0.8198 -0.1702
vn 0.5190 0.8399 -0.1585
vn 0.5604 0.8093 -0.1760
vn 0.4956 0.8557 -0.1488
vn 0.5190 0.8400 -0.1585
vn 0.8265 0.5620 -0.0313
vn 0.6217 0.7450 -0.2420
vn -0.9890 0.1375 0.0543
vn -0.9890 0.1385 0.0524
vn -0.9890 0.1374 0.0547
vn -0.9890 0.1387 0.0521
vn -0.9898 0.1409 -0.0216
vn -0.9899 0.1405 -0.0205
vn -0.9902 0.1389 -0.0164
vn -0.9895 0.1425 -0.0258
vn -0.2096 0.9695 0.1267
vn -0.1767 0.9431 0.2816
vn -0.2045 0.9788 -0.0118
vn -0.4034 0.8878 0.2218
vn -0.4077 0.8855 0.2230
vn -0.3616 0.9084 0.2100
vn -0.4667 0.8515 0.2390
vn 0.0129 0.7022 -0.7118
vn 0.5406 0.3902 -0.7453
vn -0.1862 0.2977 -0.9363
vn 0.0292 0.3875 -0.9214
vn 0.1960 0.2738 -0.9416
vn 0.1737 0.2724 -0.9464
vn 0.2759 0.2776 -0.9202
vn -0.0032 0.2568 -0.9665
vn 0.3811 0.5734 -0.7253
vn 0.6248 0.5909 -0.5103
vn 0.6248 0.5910 -0.5103
vn -0.0169 0.9659 -0.2583
vn 0.2132 0.9739 -0.0779
vn 0.1005 0.9940 0.0427
vn 0.2034 0.9513 0.2317
vn -0.1306 0.9417 -0.3101
vn -0.3812 0.8805 -0.2818
vn -0.3519 0.8959 -0.2712
vn -0.4450 0.8423 -0.3042
vn -0.3168 0.9126 -0.2582
vn 0.2795 0.9271 0.2497
vn 0.1219 0.9564 0.2653
vn 0.4128 0.8812 0.2305
vn -0.1186 0.8469 0.5184
vn -0.1187 0.8469 0.5184
vn 0.3150 0.8956 0.3141
vn 0.5046 0.8365 0.2136
vn 0.6293 0.3590 -0.6893
vn 0.9046 0.1508 -0.3988
vn 0.4855 0.0119 -0.8742
vn 0.4855 0.0119 -0.8741
vn 0.8318 -0.0968 0.5466
vn 0.9613 -0.2433 -0.1291
vn 0.8041 0.5696 0.1702
vn 0.8375 0.5236 -0.1560
vn 0.5798 -0.2800 0.7651
vn 0.5798 -0.2799 0.7651
vn 0.3561 0.8766 0.3237
vn 0.3561 0.8766 0.3236
vn 0.4147 0.9001 0.1335
vn 0.8109 -0.2802 -0.5138
vn 0.4376 0.8990 0.0174
vn 0.0058 0.8322 0.5545
vn 0.2569 0.9433 0.2103
vn 0.2728 0.9436 0.1878
vn 0.1468 0.9232 0.3551
vn 0.3016 0.9422 0.1458
vn 0.2207 0.7011 -0.6780
vn 0.2208 0.7011 -0.6781
vn 0.3879 0.1924 -0.9014
vn -0.4347 0.4632 -0.7723
vn 0.6299 -0.0001 -0.7767
vn 0.7603 -0.2217 -0.6105
vn 0.8261 -0.0724 -0.5589
vn -0.3099 0.9457 -0.0979
vn -0.3104 0.9368 0.1613
vn -0.2988 0.9445 0.1366
vn -0.3352 0.9172 0.2153
vn -0.2833 0.9533 0.1045
vn 0.7692 0.5991 -0.2222
vn 0.7693 0.5991 -0.2222
vn -0.0874 0.8553 -0.5107
vn -0.0875 0.8553 -0.5107
vn 0.7491 0.2727 -0.6038
vn 0.8697 0.4920 -0.0406
vn 0.8697 0.4919 -0.0406
vn 0.5058 0.8367 -0.2099
vn 0.8399 0.0842 0.5361
vn 0.7236 0.6183 0.3068
vn 0.8110 0.5335 0.2402
vn 0.8295 0.5538 -0.0728
vn 0.8269 0.5590 -0.0612
vn 0.8223 0.5675 -0.0417
vn 0.8334 0.5449 -0.0922
vn 0.2493 0.2278 0.9413
vn 0.8064 0.5914 0.0040
vn 0.6972 0.4272 0.5757
vn 0.9863 0.1577 -0.0482
vn 0.9491 0.2893 0.1245
vn 0.9212 0.2217 0.3197
vn 0.9293 0.2148 0.3003
vn 0.8887 0.2454 0.3872
vn 0.9758 0.1592 0.1497
vn 0.9118 0.3110 0.2683
vn 0.7698 0.6381 0.0177
vn 0.8247 0.5651 -0.0227
vn 0.7934 0.5163 -0.3225
vn 0.7927 0.5228 -0.3136
vn 0.7914 0.5332 -0.2990
vn 0.7943 0.5056 -0.3369
vn -0.0989 0.7901 -0.6049
vn -0.0572 0.4876 -0.8712
vn -0.4579 0.7412 -0.4909
vn -0.3358 0.6985 -0.6319
vn -0.3494 0.6387 -0.6856
vn -0.3606 0.6478 -0.6710
vn -0.3077 0.6038 -0.7354
vn -0.4425 0.7090 -0.5491
vn 0.5878 -0.0489 0.8075
vn 0.5887 -0.0416 0.8073
vn 0.5878 -0.0500 0.8075
vn 0.5889 -0.0404 0.8072
vn 0.6577 -0.1973 0.7269
vn 0.6547 -0.2066 0.7271
vn 0.6493 -0.2226 0.7273
vn 0.6628 -0.1813 0.7265
vn 0.3834 0.9024 -0.1969
vn 0.0690 0.9964 -0.0488
vn 0.1204 0.9737 -0.1935
vn 0.2689 0.9591 0.0884
vn 0.2679 0.9588 0.0947
vn 0.2663 0.9581 0.1055
vn 0.2705 0.9596 0.0778
vn -0.6388 0.4044 0.6546
vn -0.6387 0.4044 0.6546
vn -0.5956 0.7754 -0.2098
vn -0.8663 0.4490 0.2189
vn 0.5292 0.4579 0.7143
vn -0.4901 0.6492 0.5816
vn 0.6452 0.7132 0.2739
vn -0.8149 0.5784 -0.0384
vn -0.9668 0.2514 -0.0449
vn 0.6314 0.7309 -0.2590
vn 0.6314 0.7309 -0.2591
vn 0.9219 0.3751 -0.0972
vn 0.4691 0.2475 -0.8477
vn 0.7571 0.0929 -0.6467
vn 0.6470 0.3159 -0.6939
vn 0.7128 0.5137 -0.4775
vn -0.3423 0.5795 -0.7396
vn -0.3751 0.7290 -0.5726
vn -0.5892 0.4843 0.6468
vn -0.5892 0.4843 0.6467
vn -0.4710 0.8804 0.0555
vn 0.7008 0.6098 0.3702
vn 0.7007 0.6098 0.3702
vn 0.7360 0.6769 0.0099
vn 0.5819 0.5587 0.5910
vn 0.9710 0.2373 0.0304
vn 0.9007 0.3914 0.1886
vn 0.8595 0.3401 0.3815
vn 0.8706 0.3316 0.3635
vn 0.8160 0.3695 0.4447
vn 0.9408 0.2597 0.2180
vn -0.1063 0.9784 -0.1774
vn -0.8458 0.4843 0.2237
vn 0.5705 0.8191 -0.0605
vn 0.8827 0.4698 -0.0038
vn 0.4640 0.6243 -0.6284
vn 0.7655 0.4190 -0.4884
vn 0.7655 0.4190 -0.4883
vn 0.8935 0.3311 -0.3033
vn 0.9711 0.2239 0.0822
vn 0.9711 0.2239 0.0823
vn 0.2837 0.9585 0.0283
vn 0.2837 0.9585 0.0284
vn 0.3371 0.8788 0.3378
vn 0.3069 0.8097 0.5002
vn 0.3119 0.8053 0.5042
vn 0.2310 0.8690 0.4375
vn 0.4119 0.7021 0.5809
vn 0.0733 0.7565 0.6498
vn 0.3966 0.9174 0.0331
vn 0.4058 0.9111 -0.0726
vn 0.3622 0.9284 -0.0834
vn 0.4475 0.8921 -0.0619
vn 0.3358 0.9377 -0.0897
vn 0.3679 0.9233 0.1097
vn 0.0672 0.9025 -0.4255
vn 0.5447 0.5744 -0.6110
vn 0.5443 0.5798 -0.6063
vn 0.5455 0.5653 -0.6188
vn 0.5434 0.5889 -0.5982
vn 0.2803 0.7290 -0.6245
vn 0.7775 0.3585 -0.5166
vn 0.0546 0.0362 -0.9979
vn -0.0203 0.6386 -0.7693
vn 0.5078 0.1925 -0.8397
vn -0.3624 0.4073 -0.8383
vn -0.3126 -0.1827 -0.9321
vn -0.3126 -0.1827 -0.9322
vn -0.7232 0.3565 -0.5916
vn -0.2116 -0.1391 -0.9674
vn 0.5481 0.7745 0.3157
vn 0.2814 0.5257 0.8028
vn 0.8523 0.3975 0.3400
vn 0.7157 0.5001 0.4876
vn 0.6374 0.4070 0.6543
vn 0.6540 0.4042 0.6394
vn 0.5755 0.4151 0.7046
vn 0.7697 0.3766 0.5155
vn 0.4842 0.8620 -0.1499
vn 0.4842 0.8620 -0.1498
vn 0.8050 0.5912 0.0487
vn 0.5245 0.5654 -0.6365
vn 0.8038 0.4412 -0.3990
vn -0.3395 0.5316 -0.7760
vn -0.2796 0.0790 -0.9569
vn 0.2458 0.8121 -0.5292
vn 0.5261 0.5328 -0.6628
vn -0.2233 0.4851 -0.8455
vn -0.2232 0.4851 -0.8455
vn 0.0975 0.3604 -0.9277
vn -0.7218 0.6670 -0.1849
vn -0.7992 0.3495 -0.4890
vn -0.8490 0.5236 0.0711
vn -0.8541 0.5125 -0.0882
vn -0.8941 0.4128 -0.1737
vn -0.8944 0.4193 -0.1557
vn -0.8908 0.3904 -0.2326
vn -0.8882 0.4581 -0.0356
vn -0.1529 0.7683 -0.6215
vn -0.4119 0.8667 -0.2813
vn 0.1888 0.9781 0.0880
vn 0.2526 0.9675 -0.0120
vn 0.2332 0.9487 0.2136
vn 0.2195 0.9652 0.1419
vn 0.2833 0.4121 0.8660
vn 0.2133 0.9707 0.1111
vn -0.4104 0.9048 -0.1133
vn 0.1059 0.9262 -0.3619
vn -0.4984 0.8653 0.0539
vn -0.4291 0.8925 0.1387
vn -0.4274 0.8954 0.1247
vn -0.4430 0.8439 0.3027
vn -0.4167 0.9077 0.0503
vn 0.0174 0.6654 -0.7463
vn 0.3758 0.4641 -0.8021
vn -0.2600 0.3181 -0.9117
vn -0.1841 0.8501 -0.4934
vn -0.0472 0.8328 -0.5515
vn -0.5075 0.8277 -0.2394
vn -0.4974 0.8661 -0.0493
vn -0.4899 0.8685 -0.0752
vn -0.5138 0.8578 0.0120
vn -0.4808 0.8705 -0.1047
vn -0.1203 0.9414 -0.3151
vn 0.6403 -0.4885 0.5928
vn 0.6328 -0.4782 0.6090
vn 0.5758 0.6300 -0.5211
vn 0.9335 0.2837 -0.2192
vn 0.5249 0.3118 -0.7920
vn 0.6625 0.3586 -0.6576
vn 0.7958 0.2270 -0.5614
vn 0.7833 0.2288 -0.5780
vn 0.8364 0.2202 -0.5020
vn 0.6837 0.2384 -0.6897
vn -0.1993 0.7262 -0.6580
vn 0.0228 0.3632 -0.9314
vn -0.5704 0.5169 -0.6383
vn 0.3871 0.5870 -0.7110
vn 0.6491 0.4876 -0.5838
vn 0.2801 0.9594 -0.0342
vn 0.5259 0.8501 0.0293
vn 0.0668 0.9977 0.0110
vn 0.3663 0.9252 0.0990
vn -0.1876 0.9786 0.0841
vn -0.2870 0.9054 0.3129
vn -0.2552 0.9221 0.2909
vn -0.3441 0.8704 0.3521
vn -0.2241 0.9367 0.2690
vn 0.4976 0.8450 0.1960
vn -0.1769 0.9782 0.1085
vn -0.1815 0.5931 -0.7844
vn 0.6278 0.6792 0.3801
vn 0.4183 0.5084 0.7527
vn 0.8983 0.3039 0.3172
vn 0.7168 0.2597 0.6471
vn -0.7105 -0.5078 -0.4872
vn -0.9463 -0.1355 -0.2935
vn -0.9492 -0.1280 -0.2874
vn -0.9458 -0.1368 -0.2945
vn -0.9496 -0.1269 -0.2865
vn -0.8792 -0.3623 -0.3095
vn -0.8863 -0.3510 -0.3021
vn -0.8532 -0.4004 -0.3343
vn -0.9256 -0.2797 -0.2551
vn 0.2124 0.2735 -0.9381
vn 0.2125 0.2753 -0.9376
vn 0.2657 -0.1064 -0.9582
vn 0.2697 -0.0926 -0.9585
vn 0.2585 -0.1309 -0.9571
vn 0.2730 -0.0810 -0.9586
vn 0.1247 0.7273 -0.6749
vn 0.1103 0.7287 -0.6758
vn 0.0570 0.7800 -0.6231
vn 0.0452 0.7796 -0.6246
vn 0.0259 0.7786 -0.6269
vn 0.0761 0.7805 -0.6205
vn -0.4998 0.6697 -0.5493
vn -0.5201 0.6013 -0.6066
vn -0.5049 0.6272 -0.5930
vn -0.5259 0.5910 -0.6117
vn -0.5003 0.6346 -0.5890
vn 0.2168 0.5190 -0.8268
vn 0.3034 0.5499 -0.7782
vn 0.1845 0.5062 -0.8424
vn 0.1919 0.6298 -0.7527
vn 0.1919 0.6298 -0.7526
vn 0.2074 0.4684 -0.8588
vn 0.1128 0.4758 -0.8723
vn 0.5908 0.6747 0.4424
vn 0.5908 0.6747 0.4425
vn 0.4126 0.4545 0.7894
vn 0.8585 0.3885 0.3348
vn 0.6667 0.4143 -0.6196
vn 0.7318 0.4340 -0.5254
vn 0.6045 0.3932 -0.6929
vn 0.8947 0.2630 -0.3610
vn 0.6577 0.3662 -0.6583
vn 0.5550 0.3753 -0.7424
vn 0.3501 0.3793 0.8565
vn 0.3886 0.3469 0.8536
vn -0.2709 0.5630 0.7808
vn -0.2849 0.5594 0.7784
vn -0.2660 0.5643 0.7816
vn -0.2898 0.5582 0.7775
vn 0.1308 0.8627 -0.4885
vn 0.2099 0.8887 -0.4077
vn 0.0914 0.8458 -0.5256
vn 0.1599 0.8237 -0.5440
vn 0.0245 0.8111 -0.5843
vn -0.0375 0.8249 -0.5640
vn 0.9537 0.2274 0.1969
vn 0.9427 0.2357 0.2361
vn -0.1208 0.8510 0.5110
vn -0.0947 0.9715 0.2172
vn 0.6562 0.7546 0.0031
vn 0.7370 0.6445 -0.2035
vn 0.3981 0.4719 0.7867
vn -0.2010 0.5074 0.8380
vn 0.3512 0.0336 0.9357
vn 0.2291 0.2127 0.9499
vn 0.0214 0.2134 0.9767
vn 0.0388 0.2002 0.9790
vn -0.0399 0.2595 0.9649
vn 0.1677 0.0979 0.9810
vn 0.5438 0.6204 0.5652
vn 0.8708 -0.0293 0.4907
vn 0.5755 0.5984 0.5574
vn 0.6886 0.2558 0.6785
vn 0.9106 0.3560 -0.2098
vn 0.9841 0.1755 0.0256
vn 0.0322 0.9232 -0.3830
vn 0.2722 0.7427 -0.6118
vn -0.2541 0.8428 -0.4745
vn -0.1012 0.8474 -0.5212
vn -0.0632 0.8094 -0.5838
vn -0.0803 0.8128 -0.5770
vn -0.0034 0.7954 -0.6061
vn -0.1993 0.8286 -0.5232
vn -0.5937 0.6017 -0.5344
vn -0.8992 0.3935 -0.1915
vn -0.8964 0.3977 -0.1955
vn -0.8996 0.3928 -0.1907
vn -0.8960 0.3984 -0.1962
vn -0.7940 0.4298 -0.4300
vn -0.8022 0.4231 -0.4213
vn -0.7611 0.4546 -0.4628
vn -0.8532 0.3765 -0.3609
vn 0.5795 0.8015 -0.1478
vn 0.6493 0.7362 -0.1908
vn 0.6688 0.7332 -0.1230
vn 0.3929 0.7281 0.5617
vn 0.3890 0.7211 0.5733
vn 0.3939 0.7299 0.5586
vn 0.3880 0.7192 0.5764
vn 0.3890 0.7211 0.5734
vn -0.6201 0.5884 0.5188
vn -0.6260 0.5840 0.5167
vn -0.8043 0.4979 0.3243
vn -0.8371 0.4307 0.3373
vn -0.8301 0.4408 0.3415
vn -0.8504 0.4107 0.3289
vn -0.8236 0.4500 0.3453
vn -0.3976 0.8424 -0.3637
vn 0.2919 0.2716 -0.9171
vn -0.5550 0.7095 -0.4341
vn -0.5622 0.7059 -0.4308
vn -0.5539 0.7101 -0.4346
vn -0.5633 0.7054 -0.4302
vn -0.3684 0.7387 -0.5644
vn -0.3799 0.7360 -0.5603
vn -0.4283 0.7231 -0.5419
vn -0.3175 0.7493 -0.5812
vn 0.8586 -0.2090 0.4681
vn 0.8989 -0.2015 0.3890
vn 0.3867 -0.3361 0.8588
vn 0.3581 -0.4009 0.8432
vn 0.3744 -0.3917 0.8405
vn 0.3396 -0.4111 0.8460
vn 0.3830 -0.3868 0.8389
vn -0.4407 0.8591 0.2602
vn -0.4349 0.8624 0.2590
vn -0.4416 0.8586 0.2602
vn -0.4341 0.8629 0.2587
vn -0.4953 0.7928 0.3552
vn -0.5003 0.7894 0.3556
vn -0.5089 0.7836 0.3563
vn -0.4867 0.7984 0.3545
vn 0.8764 0.4633 0.1316
vn 0.9565 -0.0389 0.2891
vn 0.8912 0.2968 -0.3431
vn 0.9662 0.2243 -0.1273
vn 0.9907 0.0867 -0.1052
vn 0.9872 0.0997 -0.1244
vn 0.9986 0.0399 -0.0361
vn 0.9393 0.2026 -0.2771
vn 0.8587 0.3806 0.3432
vn 0.9540 0.1819 0.2382
vn 0.9066 0.1598 0.3906
vn 0.3027 0.5137 0.8028
vn 0.2124 0.3663 0.9059
vn 0.2489 0.3805 0.8907
vn 0.1606 0.3454 0.9246
vn 0.2739 0.3899 0.8792
vn 0.2263 0.9160 0.3313
vn 0.1067 0.8890 0.4453
vn 0.0471 0.9983 0.0346
vn 0.1890 0.9811 0.0425
vn -0.1133 0.9429 0.3133
vn -0.1146 0.9427 0.3134
vn -0.0628 0.9484 0.3107
vn -0.1827 0.9311 0.3156
vn 0.3043 -0.0173 -0.9524
vn 0.8728 -0.3072 -0.3793
vn 0.9832 0.1491 -0.1053
vn 0.7918 0.3384 -0.5084
vn 0.7641 0.3465 -0.5442
vn 0.9015 0.1708 -0.3976
vn 0.8940 0.1757 -0.4121
vn 0.9243 0.1543 -0.3490
vn 0.8422 0.2048 -0.4987
vn 0.2509 0.4390 0.8627
vn 0.0917 0.8535 0.5129
vn -0.0870 0.8005 0.5930
vn 0.5851 0.8055 -0.0934
vn 0.5850 0.8056 -0.0934
vn 0.5848 0.8058 -0.0935
vn 0.5853 0.8054 -0.0933
vn 0.3438 0.9377 -0.0499
vn 0.3447 0.9374 -0.0494
vn 0.3837 0.9230 -0.0299
vn 0.2866 0.9549 -0.0776
vn 0.7095 0.6793 -0.1876
vn 0.5076 0.7137 -0.4826
vn 0.6810 0.5418 -0.4926
vn -0.0499 0.9025 -0.4278
vn 0.2994 0.7689 -0.5649
vn 0.2540 0.7873 -0.5618
vn 0.4923 0.6647 -0.5620
vn 0.1872 0.8105 -0.5550
vn 0.5800 0.7873 0.2092
vn 0.8305 0.5030 0.2393
vn 0.2245 0.5123 0.8290
vn 0.4186 0.2679 0.8678
vn 0.7603 0.6495 0.0121
vn 0.8308 0.5561 0.0218
vn 0.1905 0.9777 0.0884
vn 0.0921 0.9778 0.1883
vn 0.1032 0.9777 0.1830
vn 0.0475 0.9767 0.2095
vn 0.1249 0.9771 0.1724
vn 0.8299 0.3112 0.4631
vn 0.6680 0.2575 0.6982
vn 0.3153 0.8973 0.3088
vn 0.1767 0.8134 0.5542
vn 0.3563 0.8186 0.4505
vn 0.8581 0.2558 -0.4453
vn 0.6689 -0.0328 0.7426
vn 0.6605 -0.0238 0.7504
vn 0.3915 0.4553 0.7997
vn 0.2900 0.4531 0.8429
vn 0.3114 0.4430 0.8407
vn 0.2545 0.4692 0.8456
vn 0.3268 0.4356 0.8387
vn 0.7983 0.5850 0.1430
vn 0.7217 0.6709 -0.1704
vn 0.7943 0.5882 -0.1519
vn 0.6272 0.7759 0.0681
vn 0.6596 0.7487 0.0666
vn 0.5814 0.8106 0.0699
vn -0.0304 0.9603 -0.2773
vn -0.2662 0.7281 0.6316
vn -0.6657 0.6117 0.4273
vn 0.0631 0.9374 0.3424
vn 0.6821 0.7295 0.0499
vn 0.0458 0.9894 0.1379
vn 0.0458 0.9894 0.1380
vn 0.4350 0.8103 0.3927
vn 0.3689 0.8312 -0.4160
vn 0.6281 0.7698 -0.1137
vn 0.7353 0.1168 0.6676
vn 0.4944 0.0749 0.8660
vn -0.1643 0.9829 -0.0836
vn -0.3331 0.9394 0.0813
vn -0.0122 0.8236 0.5671
vn -0.0121 0.8236 0.5671
vn -0.3215 0.7998 0.5069
vn 0.0825 0.9519 -0.2950
vn -0.1797 0.9335 -0.3102
vn -0.9403 0.2752 -0.2003
vn -0.9943 0.1058 -0.0099
vn -0.9835 0.0453 -0.1751
vn -0.4834 0.2872 -0.8269
vn -0.4238 0.1303 -0.8963
vn -0.4512 0.1454 -0.8805
vn -0.3848 0.1090 -0.9165
vn -0.4707 0.1562 -0.8683
vn -0.1794 -0.1080 -0.9778
vn -0.2408 -0.3098 -0.9198
vn -0.1207 -0.2904 -0.9493
vn 0.0127 0.0570 -0.9983
vn 0.1676 0.0330 -0.9853
vn 0.1462 0.0251 -0.9889
vn 0.2122 0.0496 -0.9760
vn 0.1232 0.0166 -0.9922
vn -0.2172 0.1462 0.9651
vn -0.2183 0.1470 0.9648
vn -0.2169 0.1460 0.9652
vn -0.2186 0.1472 0.9647
vn -0.1031 0.1486 0.9835
vn -0.1025 0.1475 0.9837
vn -0.1010 0.1450 0.9843
vn -0.1045 0.1511 0.9830
vn -0.2501 0.3952 0.8839
vn 0.1808 0.0764 0.9806
vn 0.2019 0.0523 0.9780
vn -0.0930 0.1327 0.9868
vn -0.0802 0.1207 0.9894
vn -0.1360 0.1733 0.9754
vn 0.0023 0.0423 0.9991
vn 0.9693 0.1799 0.1675
vn 0.8635 0.3398 0.3727
vn 0.9914 0.1070 0.0755
vn 0.6275 0.0837 0.7741
vn 0.9880 0.0262 0.1522
vn 0.9967 -0.0174 -0.0796
vn 0.8392 -0.2515 0.4821
vn 0.5101 0.6795 0.5272
vn 0.5101 0.6795 0.5273
vn 0.5620 0.1674 0.8100
vn 0.5621 0.1674 0.8100
vn 0.9463 0.3222 -0.0283
vn 0.9587 0.0342 0.2823
vn 0.1320 0.9515 -0.2778
vn 0.5553 0.7612 -0.3350
vn -0.0014 0.8348 -0.5506
vn 0.1459 0.8590 -0.4908
vn 0.2829 0.8016 -0.5267
vn 0.2647 0.8041 -0.5323
vn 0.3419 0.7913 -0.5069
vn 0.1431 0.8132 -0.5642
vn 0.5364 0.7926 -0.2900
vn 0.5533 0.7960 -0.2454
vn 0.1148 0.7638 0.6351
vn 0.2330 0.7698 0.5942
vn -0.2059 0.6445 0.7363
vn -0.2194 0.5208 0.8250
vn -0.2038 0.5435 0.8143
vn -0.2478 0.4776 0.8429
vn -0.1907 0.5620 0.8048
vn 0.4464 0.6360 0.6295
vn 0.4463 0.6360 0.6295
vn 0.3281 0.4646 0.8225
vn -0.4272 0.7878 0.4436
vn -0.4272 0.7879 0.4436
vn -0.4725 0.5683 0.6736
vn -0.4725 0.5684 0.6736
vn -0.1631 0.9265 0.3392
vn -0.2925 0.8347 0.4666
vn -0.0884 0.9638 0.2515
vn -0.4243 0.8557 0.2961
vn -0.4263 0.8551 0.2950
vn -0.3846 0.8670 0.3167
vn -0.4845 0.8344 0.2626
vn 0.7290 0.5809 0.3622
vn 0.7290 0.5809 0.3621
vn 0.5658 0.4065 0.7174
vn 0.3485 0.5605 0.7513
vn 0.2319 0.6282 0.7426
vn 0.4746 0.7487 0.4629
vn 0.3613 0.8060 0.4688
vn 0.0503 0.9824 -0.1797
vn -0.1849 0.8400 -0.5101
vn -0.5179 0.7540 0.4041
vn -0.2828 0.8630 -0.4187
vn -0.4082 0.8026 -0.4350
vn 0.9792 0.1007 -0.1760
vn 0.9736 0.0830 -0.2124
vn 0.9497 -0.0147 0.3129
vn 0.9576 -0.0209 0.2872
vn 0.9733 -0.0352 0.2270
vn 0.9280 -0.0000 0.3727
vn -0.9582 -0.1030 -0.2671
vn -0.9641 -0.1822 -0.1933
vn -0.9418 -0.2164 -0.2572
vn 0.6273 0.2358 -0.7422
vn 0.7167 0.1454 -0.6821
vn 0.6974 0.1514 -0.7005
vn 0.7440 0.1362 -0.6541
vn 0.6842 0.1555 -0.7126
vn 0.3384 0.8723 -0.3529
vn 0.8361 -0.4909 0.2451
vn 0.8359 -0.4880 0.2514
vn 0.8361 -0.4913 0.2440
vn 0.8359 -0.4875 0.2524
vn 0.7245 -0.4487 0.5232
vn 0.7286 -0.4547 0.5122
vn 0.7431 -0.4770 0.4693
vn 0.7073 -0.4245 0.5653
vn -0.2839 0.5684 0.7723
vn -0.1519 0.7165 -0.6809
vn -0.3377 0.6750 -0.6560
vn 0.1265 0.9614 -0.2442
vn 0.0700 0.9438 -0.3229
vn 0.4612 0.5874 -0.6650
vn 0.8045 -0.0563 -0.5913
vn 0.7431 0.2342 -0.6268
vn 0.6983 0.1258 -0.7047
vn 0.7714 -0.1944 -0.6059
vn 0.6765 -0.2262 -0.7008
vn 0.6904 -0.2055 -0.6937
vn 0.6584 -0.2519 -0.7092
vn 0.7003 -0.1902 -0.6881
vn 0.8995 -0.4368 0.0124
vn 0.8989 -0.4376 0.0204
vn 0.8996 -0.4366 0.0110
vn 0.8988 -0.4378 0.0218
vn 0.7816 -0.5668 0.2604
vn 0.7860 -0.5657 0.2492
vn 0.7999 -0.5616 0.2114
vn 0.7658 -0.5698 0.2982
vn 0.5865 0.7682 0.2566
vn 0.5856 0.7676 0.2606
vn 0.7281 0.6842 -0.0414
vn 0.6956 0.7132 -0.0868
vn 0.6971 0.7133 -0.0725
vn 0.6934 0.7129 -0.1051
vn 0.6980 0.7133 -0.0636
vn -0.2883 0.9567 0.0392
vn -0.2888 0.9562 0.0482
vn -0.1487 0.9666 -0.2088
vn -0.1834 0.9510 -0.2488
vn -0.1834 0.9542 -0.2364
vn -0.1835 0.9467 -0.2647
vn -0.1833 0.9561 -0.2287
vn 0.8835 -0.4385 0.1649
vn 0.8826 -0.4387 0.1691
vn 0.8836 -0.4385 0.1642
vn 0.8824 -0.4387 0.1699
vn 0.8060 -0.5076 0.3044
vn 0.8077 -0.5073 0.3005
vn 0.8138 -0.5059 0.2861
vn 0.7996 -0.5088 0.3188
vn 0.5255 0.7583 -0.3858
vn 0.4369 0.8260 -0.3560
vn 0.4462 0.8069 -0.3872
vn 0.6220 0.6296 -0.4655
vn 0.6060 0.6224 -0.4954
vn 0.6033 0.6311 -0.4875
vn 0.6079 0.6161 -0.5010
vn 0.6024 0.6342 -0.4847
vn -0.2524 0.5464 0.7986
vn -0.4479 0.8424 -0.2997
vn -0.4790 0.8413 -0.2506
vn -0.4868 0.8328 -0.2636
vn -0.4750 0.8455 -0.2440
vn -0.4922 0.8268 -0.2725
vn 0.9454 0.3257 -0.0131
vn 0.9251 0.3785 -0.0308
vn 0.9882 0.1492 -0.0332
vn 0.9816 0.1876 -0.0346
vn 0.9778 0.2084 -0.0224
vn 0.9895 0.1264 -0.0697
vn 0.9726 0.2324 -0.0084
vn 0.1560 -0.5015 0.8510
vn 0.1421 -0.4804 0.8655
vn 0.3389 -0.5497 0.7636
vn 0.3338 -0.5443 0.7696
vn 0.3397 -0.5505 0.7626
vn 0.3330 -0.5434 0.7706
vn 0.5441 -0.1723 0.8212
vn 0.7998 -0.3307 0.5010
vn 0.7997 -0.3307 0.5011
vn 0.0794 -0.6876 0.7218
vn 0.0718 -0.6785 0.7311
vn 0.6997 -0.6664 0.2575
vn 0.3816 -0.1773 -0.9072
vn 0.3747 -0.1789 -0.9097
vn 0.3827 -0.1770 -0.9068
vn 0.3736 -0.1792 -0.9101
vn 0.6921 -0.2097 -0.6907
vn 0.6754 -0.2148 -0.7055
vn 0.6000 -0.2354 -0.7646
vn 0.7617 -0.1857 -0.6207
vn -0.8312 0.4016 -0.3844
vn -0.5773 0.1631 -0.8001
vn -0.9539 0.1014 -0.2825
vn -0.8939 0.1555 -0.4204
vn -0.8123 0.0561 -0.5805
vn -0.8232 0.0550 -0.5651
vn -0.7734 0.0598 -0.6310
vn -0.8875 0.0469 -0.4585
vn -0.5094 0.8342 0.2115
vn -0.6257 0.7785 0.0490
vn -0.4338 0.8498 0.2994
vn -0.9096 0.4084 0.0762
vn -0.4948 0.8036 0.3306
vn -0.3305 0.8529 0.4040
vn -0.3133 0.6163 -0.7225
vn -0.6459 0.7500 -0.1424
vn 0.2530 0.9037 -0.3454
vn 0.2531 0.9037 -0.3454
vn -0.4172 0.8732 0.2520
vn -0.2150 0.2602 0.9413
vn 0.5281 0.7146 0.4587
vn 0.0246 0.5060 -0.8622
vn -0.0417 0.5765 0.8160
vn 0.0494 0.9975 -0.0509
vn -0.6214 0.7711 0.1387
vn -0.6594 0.7289 0.1842
vn 0.1775 0.8302 -0.5284
vn -0.0464 0.8910 -0.4517
vn -0.0234 0.8904 -0.4546
vn -0.4133 0.7411 -0.5291
vn -0.4139 0.7400 -0.5301
vn -0.4151 0.7382 -0.5318
vn -0.4122 0.7429 -0.5275
vn 0.7917 0.5764 0.2025
vn 0.7358 0.6572 0.1633
vn 0.7735 0.6204 0.1297
vn -0.7417 0.6649 0.0880
vn -0.7195 0.6919 0.0597
vn -0.7215 0.6898 0.0606
vn -0.7070 0.7051 0.0545
vn -0.7273 0.6834 0.0630
vn 0.2681 0.3394 0.9016
vn 0.2617 0.3527 0.8984
vn -0.6184 0.7565 0.2130
vn -0.6111 0.7606 0.2193
vn -0.6211 0.7549 0.2106
vn -0.6084 0.7621 0.2217
vn -0.3592 0.3575 -0.8621
vn -0.3463 0.3480 -0.8712
vn -0.3317 0.3465 -0.8774
vn -0.3324 0.3463 -0.8773
vn -0.3330 0.3460 -0.8772
vn -0.3311 0.3468 -0.8776
vn 0.4974 0.4948 -0.7126
vn 0.5497 0.3105 -0.7756
vn 0.5793 0.3256 -0.7473
vn 0.5795 0.3260 -0.7469
vn 0.5807 0.3283 -0.7450
vn 0.5786 0.3242 -0.7484
vn 0.0290 0.7520 0.6585
vn 0.0314 0.7513 0.6592
vn 0.0271 0.7542 0.6561
vn -0.1363 0.6251 0.7685
vn -0.1346 0.6263 0.7679
vn -0.1358 0.6266 0.7674
vn 0.0294 0.7535 0.6568
vn -0.1375 0.6255 0.7680
vn 0.5448 0.7730 -0.3252
vn 0.7460 0.6543 0.1240
vn 0.7477 0.6547 0.1111
vn 0.7451 0.6540 0.1307
vn 0.5191 0.7836 -0.3413
vn 0.7433 0.6534 0.1434
vn -0.1877 0.9672 0.1714
vn -0.1926 0.9734 0.1242
vn -0.4828 0.5199 -0.7047
vn -0.4417 0.5493 -0.7094
vn -0.4452 0.5433 -0.7118
vn -0.4326 0.5643 -0.7032
vn -0.4493 0.5363 -0.7145
vn 0.6043 0.2303 -0.7627
vn 0.5504 0.1301 -0.8247
vn 0.6203 0.1564 -0.7686
vn 0.6232 0.1603 -0.7655
vn 0.6364 0.1782 -0.7505
vn 0.6131 0.1468 -0.7762
vn -0.2761 0.7693 0.5762
vn -0.4010 0.7651 0.5038
vn -0.2313 0.7695 0.5953
vn -0.4491 0.7589 0.4716
vn 0.9056 -0.0883 -0.4148
vn 0.9087 -0.0960 -0.4062
vn 0.9119 -0.0996 -0.3982
vn 0.9121 -0.0995 -0.3977
vn 0.9141 -0.0981 -0.3935
vn 0.9083 -0.1019 -0.4056
vn 0.0243 0.7278 0.6854
vn -0.1032 0.7565 0.6458
vn 0.0676 0.7149 0.6960
vn -0.1370 0.7618 0.6331
vn -0.0306 0.7204 0.6929
vn 0.3553 0.3585 0.8633
vn -0.2843 0.5399 -0.7923
vn -0.2842 0.5401 -0.7922
vn -0.2849 0.5389 -0.7927
vn -0.2836 0.5411 -0.7917
vn 0.6423 0.4800 -0.5975
vn 0.6656 0.4546 -0.5919
vn 0.7013 0.4366 -0.5635
vn 0.7001 0.4366 -0.5650
vn 0.6987 0.4366 -0.5668
vn 0.7027 0.4365 -0.5618
vn 0.7867 0.6114 -0.0856
vn 0.8097 0.4811 -0.3360
vn 0.8212 0.4795 -0.3093
vn 0.8214 0.4795 -0.3089
vn 0.8218 0.4798 -0.3075
vn 0.8210 0.4794 -0.3100
vn 0.7452 0.2051 0.6346
vn 0.7631 0.1412 0.6307
vn 0.7234 0.1504 0.6738
vn 0.9199 -0.0448 0.3895
vn 0.8981 -0.0464 0.4373
vn 0.8984 -0.0465 0.4366
vn 0.8890 -0.0408 0.4561
vn 0.9027 -0.0492 0.4275
vn -0.5162 0.5048 -0.6919
vn -0.5146 0.5051 -0.6929
vn 0.5790 0.8112 -0.0817
vn 0.5711 0.8204 -0.0288
vn 0.5881 0.7917 -0.1655
vn 0.5955 0.7980 -0.0924
vn 0.5881 0.7917 -0.1656
vn 0.5900 0.7843 -0.1916
vn 0.6197 0.7791 -0.0941
vn -0.9610 0.2225 -0.1644
vn -0.0102 0.9793 -0.2020
vn 0.0009 0.9792 -0.2029
vn -0.3743 0.8676 -0.3274
vn -0.3745 0.8673 -0.3279
vn -0.3749 0.8669 -0.3287
vn -0.3739 0.8681 -0.3266
vn -0.0319 0.9822 -0.1850
vn -0.3832 0.8842 -0.2673
vn -0.3836 0.8842 -0.2665
vn -0.3772 0.8847 -0.2741
vn 0.2235 0.5951 0.7720
vn 0.2293 0.6055 0.7621
vn 0.2159 0.5812 0.7846
vn 0.2470 0.6374 0.7298
vn 0.2443 0.5110 0.8242
vn 0.7398 0.4842 -0.4671
vn 0.8030 0.5043 -0.3175
vn 0.8432 0.3401 -0.4162
vn 0.9123 0.2456 0.3276
vn 0.7704 0.5583 -0.3077
vn 0.7491 0.5013 -0.4330
vn 0.7781 0.4793 -0.4060
vn 0.7383 0.5091 -0.4425
vn 0.7949 0.4654 -0.3893
vn 0.4597 0.4197 -0.7826
vn 0.8254 0.5569 -0.0927
vn -0.1443 0.5262 -0.8380
vn -0.1342 0.5199 -0.8436
vn -0.1299 0.5201 -0.8442
vn -0.1420 0.5195 -0.8426
vn -0.1142 0.5207 -0.8461
vn 0.5562 0.8065 -0.2007
vn 0.5576 0.8065 -0.1966
vn 0.0760 0.0230 -0.9968
vn 0.0791 0.0255 -0.9965
vn 0.0721 0.0198 -0.9972
vn 0.0830 0.0287 -0.9961
vn -0.2658 0.9151 -0.3031
vn -0.1862 0.9103 -0.3697
vn 0.5617 -0.0691 -0.8244
vn 0.5795 -0.0413 -0.8140
vn 0.5795 -0.0410 -0.8139
vn 0.5820 -0.0276 -0.8127
vn 0.5780 -0.0487 -0.8146
vn -0.1262 0.8471 0.5162
vn 0.9929 0.0952 0.0720
vn -0.5793 0.7912 0.1958
vn 0.9176 0.3884 0.0853
vn -0.6684 0.7425 -0.0439
vn -0.6175 0.7865 0.0060
vn -0.4746 0.7522 0.4571
vn -0.4898 0.7566 0.4332
vn -0.5012 0.7595 0.4147
vn -0.4625 0.7483 0.4755
vn -0.3249 0.7706 0.5483
vn -0.1288 0.8413 0.5250
vn -0.4190 -0.1209 -0.8999
vn -0.4232 -0.1268 -0.8971
vn -0.4301 -0.1315 -0.8932
vn -0.1793 0.9486 0.2608
vn -0.1855 0.9442 0.2723
vn 0.6544 0.4758 -0.5877
vn 0.6655 0.5051 -0.5494
vn 0.6650 0.5191 -0.5369
vn 0.6657 0.4977 -0.5560
vn -0.9248 0.3263 -0.1958
vn 0.1982 0.9776 -0.0705
vn 0.8985 0.0671 -0.4339
vn 0.8989 0.0665 -0.4331
vn 0.8981 0.0673 -0.4346
vn 0.8984 0.0666 -0.4340
vn 0.7553 0.0163 -0.6552
vn 0.7548 0.0153 -0.6557
vn 0.7541 0.0156 -0.6565
vn 0.7551 0.0153 -0.6555
vn -0.1219 0.8815 0.4562
vn 0.9614 0.1306 -0.2422
vn 0.9699 0.1167 -0.2137
vn -0.4620 0.8707 -0.1685
vn -0.4617 0.8712 -0.1669
vn -0.4620 0.8706 -0.1689
vn -0.4616 0.8713 -0.1665
vn -0.6235 0.6972 -0.3537
vn -0.6235 0.6970 -0.3542
vn -0.6233 0.6966 -0.3552
vn -0.6236 0.6977 -0.3526
vn 0.3371 -0.8813 -0.3311
vn 0.3364 -0.8831 -0.3272
vn 0.3044 -0.7601 -0.5741
vn 0.3004 -0.7620 -0.5737
vn 0.2984 -0.7618 -0.5749
vn 0.3010 -0.7627 -0.5724
vn -0.2718 -0.9605 0.0596
vn -0.2194 -0.9719 0.0856
vn -0.3124 -0.9492 0.0389
vn -0.2700 -0.9562 0.1134
vn -0.2654 -0.9607 0.0817
vn -0.3832 -0.9237 0.0017
vn -0.5777 -0.1907 -0.7937
vn -0.5807 -0.1933 -0.7909
vn -0.5825 -0.1936 -0.7894
vn -0.5787 -0.1985 -0.7910
vn -0.5786 -0.1986 -0.7910
vn -0.5844 -0.1905 -0.7888
vn -0.4096 -0.9122 0.0099
vn -0.3895 -0.9205 0.0308
vn -0.4237 -0.9058 0.0013
vn -0.3903 -0.9203 0.0272
vn -0.4199 -0.9075 0.0080
vn -0.4507 -0.8922 -0.0297
vn 0.0707 -0.3249 -0.9431
vn 0.0698 -0.3250 -0.9431
vn 0.0637 -0.3226 -0.9444
vn 0.0715 -0.3274 -0.9422
vn 0.0714 -0.3270 -0.9423
vn 0.0649 -0.3231 -0.9441
vn -0.0138 -0.6734 -0.7392
vn -0.0118 -0.6958 -0.7181
vn -0.0208 -0.6725 -0.7398
vn -0.0134 -0.6868 -0.7268
vn -0.0159 -0.6694 -0.7427
vn -0.0138 -0.6514 -0.7586
vn -0.2014 -0.6052 -0.7702
vn -0.2005 -0.6134 -0.7639
vn -0.2023 -0.6024 -0.7721
vn -0.1994 -0.6127 -0.7647
vn -0.2022 -0.5941 -0.7785
vn -0.2028 -0.6027 -0.7718
vn 0.5503 -0.4403 0.7095
vn 0.5789 -0.3563 0.7334
vn 0.5418 -0.4622 0.7020
vn 0.5841 -0.3389 0.7375
vn 0.5500 -0.4083 0.7286
vn 0.0679 -0.8229 0.5641
vn -0.5287 0.7845 -0.3240
vn -0.5315 0.7836 -0.3216
vn -0.5214 0.7893 -0.3243
vn -0.5242 0.7884 -0.3220
vn -0.6397 0.5674 -0.5185
vn -0.6408 0.5691 -0.5153
vn -0.6407 0.5689 -0.5157
vn -0.6439 0.5665 -0.5144
vn 0.9771 -0.0116 0.2125
vn 0.9766 -0.0151 0.2144
vn 0.9765 -0.0165 0.2149
vn 0.9769 -0.0147 0.2131
vn 0.9762 -0.0178 0.2161
vn 0.9765 -0.0150 0.2149
vn 0.8936 -0.1914 0.4060
vn 0.8941 -0.1930 0.4042
vn 0.8914 -0.1978 0.4077
vn 0.8926 -0.1951 0.4064
vn 0.8906 -0.1981 0.4094
vn 0.8915 -0.1944 0.4091
vn 0.9162 -0.1854 0.3552
vn 0.9152 -0.1888 0.3560
vn 0.9152 -0.1914 0.3546
vn 0.9148 -0.1907 0.3561
vn 0.9141 -0.1921 0.3570
vn 0.9144 -0.1887 0.3582
vn -0.5592 -0.3519 0.7506
vn -0.5568 -0.3538 0.7515
vn -0.3222 -0.5652 0.7595
vn -0.3317 -0.5606 0.7588
vn -0.3132 -0.5695 0.7600
vn -0.3405 -0.5563 0.7580
vn 0.8608 0.2388 0.4496
vn 0.8716 0.2316 0.4321
vn 0.8690 0.2269 0.4397
vn 0.8695 0.2267 0.4389
vn 0.8651 0.2284 0.4466
vn 0.8729 0.2254 0.4328
vn -0.5089 -0.3986 0.7630
vn -0.3017 -0.3620 0.8820
vn -0.3648 -0.3843 0.8481
vn -0.2968 -0.3580 0.8853
vn -0.3956 -0.3979 0.8278
vn -0.4844 -0.4246 0.7649
vn -0.5091 0.5539 -0.6588
vn 0.1682 0.9212 -0.3509
vn 0.1672 0.9211 -0.3516
vn 0.1690 0.9224 -0.3474
vn 0.1689 0.9224 -0.3474
vn 0.1673 0.9211 -0.3515
vn 0.1675 0.9222 -0.3484
vn 0.3932 0.7176 -0.5749
vn 0.3933 0.7175 -0.5749
vn 0.3934 0.7175 -0.5749
vn 0.3930 0.7176 -0.5749
vn -0.3596 0.8623 -0.3566
vn -0.3849 0.9193 -0.0819
vn -0.0734 0.9892 0.1265
vn -0.3323 0.9410 0.0644
vn -0.3326 0.9409 0.0643
vn -0.3016 0.9500 0.0809
vn -0.3428 0.9376 0.0588
vn -0.7786 0.4979 0.3819
vn -0.6559 0.5618 0.5042
vn -0.6836 0.5425 0.4883
vn -0.5670 0.6153 0.5477
vn -0.7327 0.5044 0.4568
vn -0.6148 0.7153 -0.3323
vn -0.6568 0.7349 -0.1687
vn -0.7186 0.6624 -0.2117
vn -0.3831 0.8926 0.2377
vn -0.4877 0.8461 0.2151
vn -0.4807 0.8488 0.2200
vn -0.5282 0.8286 0.1854
vn -0.4625 0.8555 0.2327
vn -0.5170 0.7992 -0.3065
vn -0.5875 0.8080 -0.0435
vn -0.6934 0.7098 -0.1241
vn -0.2492 0.8860 0.3911
vn -0.4144 0.8386 0.3537
vn -0.4022 0.8408 0.3622
vn -0.4839 0.8214 0.3019
vn -0.3730 0.8455 0.3821
vn 0.8991 -0.1424 0.4139
vn 0.8967 -0.1467 0.4177
vn 0.8957 -0.1477 0.4195
vn 0.8976 -0.1467 0.4157
vn 0.8950 -0.1494 0.4204
vn 0.8968 -0.1467 0.4173
vn -0.0143 -0.3195 0.9475
vn -0.0101 -0.3236 0.9461
vn 0.0076 -0.3252 0.9456
vn -0.0192 -0.3207 0.9470
vn -0.5480 -0.2715 0.7912
vn -0.4393 -0.2237 0.8700
vn -0.4758 -0.2499 0.8433
vn -0.4887 -0.2575 0.8336
vn -0.4369 -0.2271 0.8704
vn -0.5329 -0.2836 0.7972
vn -0.8567 0.3476 -0.3812
vn -0.8922 0.2618 -0.3680
vn -0.8900 -0.4443 0.1024
vn -0.9131 -0.4076 0.0112
vn -0.9125 -0.4088 0.0128
vn -0.9230 -0.3842 -0.0205
vn -0.9074 -0.4193 0.0274
vn 0.3879 0.6878 -0.6135
vn 0.3875 0.6880 -0.6136
vn 0.3867 0.6888 -0.6132
vn 0.3867 0.6887 -0.6133
vn 0.3874 0.6880 -0.6136
vn 0.3868 0.6883 -0.6136
vn 0.5754 0.6469 -0.5005
vn 0.5754 0.6469 -0.5004
vn 0.5753 0.6468 -0.5006
vn -0.3202 0.8886 -0.3284
vn -0.3583 0.8792 -0.3140
vn -0.3616 -0.4484 -0.8175
vn -0.3615 -0.4484 -0.8175
vn -0.9122 -0.1728 -0.3716
vn -0.8970 -0.2704 -0.3498
vn 0.1910 -0.3037 -0.9334
vn 0.2037 0.7656 -0.6103
vn 0.2041 0.7654 -0.6103
vn 0.4206 0.7464 -0.5158
vn 0.4206 0.7464 -0.5157
vn -0.8600 0.4687 0.2020
vn -0.3879 0.8977 -0.2088
vn -0.3921 0.8949 -0.2131
vn -0.4039 0.8867 -0.2250
vn -0.3702 0.9091 -0.1909
vn -0.3481 0.8907 -0.2924
vn -0.8212 0.5389 -0.1876
vn -0.1680 0.7572 0.6312
vn -0.1679 0.7572 0.6312
vn -0.9763 -0.1609 0.1449
vn 0.0843 0.1006 -0.9914
vn -0.7684 -0.0290 -0.6393
vn -0.7755 0.2934 -0.5590
vn -0.7753 0.2937 -0.5591
vn 0.7484 0.4417 -0.4948
vn 0.7475 0.4433 -0.4947
vn 0.7500 0.4399 -0.4939
vn 0.7483 0.4413 -0.4953
vn -0.3538 0.5559 -0.7522
vn -0.4428 0.7292 -0.5217
vn -0.4556 0.7154 -0.5297
vn -0.4558 0.7151 -0.5300
vn -0.4564 0.7139 -0.5311
vn -0.4553 0.7160 -0.5291
vn -0.4649 -0.0109 -0.8853
vn -0.7688 0.2779 -0.5759
vn -0.7769 0.2281 -0.5869
vn -0.7768 0.2274 -0.5872
vn -0.7767 0.2250 -0.5883
vn -0.7770 0.2294 -0.5863
vn -0.6435 -0.4764 -0.5992
vn -0.7455 -0.3500 -0.5672
vn -0.7351 -0.4015 -0.5463
vn 0.5515 -0.3705 -0.7474
vn 0.5952 -0.3392 -0.7285
vn 0.5126 -0.3964 -0.7616
vn 0.6169 -0.3226 -0.7179
vn 0.5875 -0.5175 -0.6221
vn 0.0325 -0.8561 -0.5158
vn -0.9885 -0.1511 0.0103
vn -0.9879 -0.1545 0.0111
vn -0.9876 -0.1565 0.0117
vn -0.9876 -0.1561 0.0143
vn -0.9877 -0.1565 0.0068
vn 0.1666 -0.9759 -0.1412
vn 0.1671 -0.9758 -0.1413
vn 0.1648 -0.9762 -0.1412
vn 0.1874 0.6532 -0.7336
vn -0.5274 -0.8491 -0.0290
vn -0.5305 -0.8472 -0.0287
vn -0.5273 -0.8492 -0.0290
vn 0.3501 0.2918 -0.8901
vn 0.4997 0.5146 0.6968
vn 0.4809 0.5089 0.7140
vn 0.9146 0.3751 0.1511
vn 0.9088 0.3497 0.2277
vn 0.9087 0.3497 0.2278
vn 0.9008 0.3485 0.2589
vn 0.9124 0.3502 0.2116
vn 0.0005 0.9717 0.2360
vn -0.0285 0.9370 0.3481
vn 0.2150 0.3382 0.9162
vn 0.0705 0.4131 0.9080
vn 0.0776 0.4044 0.9113
vn 0.0264 0.4659 0.8844
vn 0.0979 0.3790 0.9202
vn -0.9074 0.3417 0.2445
vn -0.9226 0.2948 0.2486
vn -0.9332 0.3024 0.1941
vn -0.8702 0.1748 0.4607
vn -0.8975 0.1795 0.4028
vn -0.8979 0.1798 0.4018
vn -0.9068 0.1876 0.3775
vn -0.8931 0.1758 0.4141
vn -0.2727 0.9604 0.0567
vn -0.3944 0.9189 -0.0011
vn -0.9574 0.2886 -0.0132
vn -0.9362 0.3415 -0.0833
vn -0.9362 0.3414 -0.0833
vn -0.9220 0.3737 -0.1014
vn -0.9430 0.3244 -0.0738
vn 0.9079 0.4154 -0.0564
vn 0.9108 0.4097 -0.0500
vn 0.7945 0.4789 -0.3735
vn 0.7943 0.4823 -0.3693
vn 0.7943 0.4819 -0.3700
vn 0.7909 0.4872 -0.3702
vn -0.6975 0.4795 0.5325
vn -0.6622 0.3917 0.6388
vn -0.6572 0.3947 0.6421
vn -0.6505 0.3937 0.6495
vn -0.6622 0.3918 0.6388
vn -0.6624 0.3931 0.6378
vn -0.6613 0.3928 0.6390
vn 0.5341 0.6729 -0.5118
vn 0.5428 0.6598 -0.5196
vn 0.5216 0.6910 -0.5005
vn 0.5505 0.6479 -0.5265
vn 0.4702 0.6630 -0.5826
vn -0.1672 0.8819 -0.4408
vn -0.1454 0.8458 -0.5134
vn 0.2841 0.5878 -0.7575
vn 0.2612 0.5967 -0.7587
vn -0.2043 0.8111 -0.5480
vn -0.2007 0.8093 -0.5520
vn -0.2087 0.8133 -0.5431
vn -0.1963 0.8070 -0.5569
vn 0.9483 0.3018 -0.0978
vn 0.8702 0.4660 -0.1598
vn -0.0389 0.9992 -0.0015
vn 0.0300 0.9936 -0.1090
vn 0.0300 0.9936 -0.1089
vn 0.0772 0.9866 -0.1435
vn 0.0067 0.9958 -0.0918
vn 0.6247 0.0222 0.7805
vn 0.6176 0.0223 0.7862
vn 0.8472 -0.1633 0.5055
vn 0.8474 -0.1575 0.5071
vn 0.8474 -0.1581 0.5068
vn 0.8507 -0.1540 0.5026
vn 0.4218 0.8784 -0.2246
vn 0.1839 0.9487 -0.2573
vn 0.1810 0.9483 -0.2607
vn 0.1861 0.9490 -0.2547
vn 0.4047 0.8875 -0.2203
vn 0.1890 0.9493 -0.2512
vn 0.5207 0.7133 0.4691
vn 0.5296 0.7147 0.4569
vn -0.4729 0.4054 0.7823
vn -0.4455 0.4681 0.7631
vn -0.4458 0.4678 0.7632
vn -0.4281 0.4900 0.7594
vn -0.4546 0.4565 0.7648
vn 0.1926 0.9596 0.2052
vn 0.1940 0.9600 0.2018
vn -0.5842 0.2884 0.7587
vn -0.5923 0.3449 0.7282
vn -0.5925 0.3433 0.7287
vn -0.5881 0.3701 0.7191
vn -0.5944 0.3306 0.7330
vn 0.5857 0.7912 -0.1758
vn 0.5911 0.7853 -0.1840
vn -0.5515 0.6990 0.4552
vn -0.5479 0.7045 0.4512
vn -0.5565 0.6913 0.4609
vn -0.5428 0.7119 0.4455
vn 0.7542 0.5465 0.3641
vn 0.7335 0.5802 0.3540
vn -0.5008 0.8625 0.0730
vn -0.4987 0.8637 0.0726
vn -0.5037 0.8608 0.0735
vn -0.4958 0.8654 0.0721
vn 0.2480 0.3156 0.9159
vn 0.1928 0.3382 0.9211
vn -0.4727 0.2656 0.8402
vn -0.4673 0.3190 0.8245
vn -0.4693 0.3168 0.8243
vn -0.4561 0.3315 0.8259
vn -0.4757 0.3095 0.8233
vn 0.7083 -0.0945 0.6996
vn 0.7832 -0.0066 0.6218
vn 0.7989 -0.0848 0.5954
vn 0.1281 0.9782 -0.1635
vn 0.2122 0.9597 -0.1840
vn 0.2083 0.9604 -0.1848
vn 0.2491 0.9522 -0.1766
vn 0.1902 0.9635 -0.1883
vn 0.7526 -0.2166 0.6218
vn 0.7696 -0.1871 0.6105
vn 0.2554 0.9584 -0.1274
vn 0.2570 0.9580 -0.1272
vn 0.2536 0.9589 -0.1277
vn 0.2589 0.9575 -0.1269
vn 0.3704 -0.2444 0.8961
vn 0.3696 -0.2345 0.8991
vn 0.3725 -0.2709 0.8876
vn 0.3637 -0.1755 0.9148
vn 0.4294 -0.3405 0.8365
vn 0.3723 0.8736 0.3132
vn 0.4446 0.8261 0.3462
vn 0.4910 0.8469 0.2043
vn 0.9234 0.3825 0.0320
vn 0.9227 0.3838 0.0365
vn 0.9270 0.1574 -0.3404
vn 0.9284 0.1594 -0.3355
vn 0.9254 0.1553 -0.3458
vn 0.9300 0.1616 -0.3302
vn 0.9285 0.1594 -0.3355
vn -0.3506 0.8863 -0.3025
vn -0.2991 0.9125 -0.2792
vn 0.8494 0.5275 -0.0162
vn 0.8199 0.5722 0.0176
vn 0.8234 0.5672 0.0167
vn 0.8046 0.5935 0.0213
vn 0.8301 0.5575 0.0151
vn -0.2565 0.8524 0.4557
vn -0.4014 0.7213 0.5644
vn -0.4478 0.7667 0.4600
vn -0.2220 -0.2510 0.9422
vn -0.3652 -0.1483 0.9190
vn -0.3563 -0.1612 0.9204
vn -0.4109 -0.0796 0.9082
vn -0.3366 -0.1890 0.9225
vn -0.5836 0.7806 -0.2240
vn -0.5806 0.7766 -0.2445
vn -0.7316 0.6641 0.1538
vn -0.7325 0.6631 0.1543
vn -0.7338 0.6613 0.1552
vn -0.7302 0.6659 0.1529
vn -0.3035 0.9509 -0.0610
vn -0.5683 0.8221 -0.0355
vn -0.5683 0.8220 -0.0355
vn -0.5684 0.8220 -0.0356
vn -0.5682 0.8221 -0.0355
vn -0.4922 0.4835 -0.7239
vn -0.6040 0.2574 -0.7543
vn -0.5408 0.2767 -0.7944
vn -0.5364 0.2801 -0.7961
vn -0.5263 0.2880 -0.8000
vn -0.5461 0.2725 -0.7922
vn -0.1619 0.9394 0.3023
vn -0.2543 0.8336 0.4904
vn -0.3405 0.8528 0.3959
vn 0.1294 -0.0098 0.9915
vn -0.0284 0.0878 0.9957
vn -0.0180 0.0752 0.9970
vn -0.0838 0.1546 0.9844
vn 0.0047 0.0476 0.9989
vn 0.7492 0.6282 -0.2101
vn 0.8321 0.5218 -0.1879
vn 0.8248 0.5574 -0.0953
vn 0.8690 0.1744 -0.4631
vn 0.9067 0.2153 -0.3628
vn 0.9065 0.2145 -0.3636
vn 0.9135 0.2464 -0.3238
vn 0.9024 0.1993 -0.3821
vn -0.0351 0.9548 0.2950
vn -0.0430 0.9270 0.3725
vn 0.2282 -0.0491 0.9724
vn 0.1702 -0.0058 0.9854
vn 0.1733 -0.0109 0.9848
vn 0.1542 0.0209 0.9878
vn 0.1805 -0.0230 0.9833
vn -0.6323 0.7377 -0.2368
vn -0.6342 0.7311 -0.2514
vn -0.7492 0.6488 0.1335
vn -0.7495 0.6484 0.1338
vn -0.7499 0.6478 0.1342
vn -0.7487 0.6494 0.1331
vn 0.9473 0.3183 -0.0366
vn 0.9475 0.3172 -0.0400
vn 0.9372 0.1073 -0.3319
vn 0.9490 0.1099 -0.2955
vn 0.9492 0.1101 -0.2947
vn 0.9527 0.1147 -0.2816
vn 0.9472 0.1076 -0.3021
vn -0.9141 -0.4022 0.0522
vn -0.9138 -0.4031 0.0499
vn -0.9141 -0.4021 0.0527
vn -0.9137 -0.4033 0.0495
vn -0.8983 -0.4394 0.0101
vn -0.8987 -0.4383 0.0127
vn -0.8993 -0.4371 0.0159
vn -0.8977 -0.4406 0.0068
vn 0.1127 0.9931 -0.0324
vn 0.1517 0.9837 0.0968
vn 0.7339 0.4035 0.5464
vn -0.4302 0.4980 -0.7529
vn -0.4101 0.5019 -0.7615
vn -0.7270 0.2353 -0.6450
vn -0.7274 0.2338 -0.6452
vn -0.7279 0.2313 -0.6455
vn -0.7265 0.2377 -0.6447
vn -0.3853 0.8874 0.2532
vn -0.4137 0.8039 0.4274
vn 0.0133 0.0040 0.9999
vn -0.1022 0.0391 0.9940
vn -0.0968 0.0349 0.9947
vn -0.1466 0.0746 0.9864
vn -0.0770 0.0191 0.9968
vn 0.8879 0.4159 -0.1966
vn 0.8876 0.4172 -0.1952
vn 0.8880 0.4156 -0.1969
vn 0.8876 0.4174 -0.1949
vn 0.8885 0.4312 -0.1568
vn 0.8888 0.4302 -0.1581
vn 0.8891 0.4291 -0.1594
vn 0.8882 0.4323 -0.1555
vn -0.1906 0.8423 0.5042
vn -0.1766 0.7953 0.5799
vn -0.2493 0.7946 0.5535
vn 0.2052 0.5791 0.7890
vn 0.1405 0.5898 0.7952
vn 0.1415 0.5894 0.7953
vn 0.1159 0.5991 0.7922
vn 0.1531 0.5848 0.7966
vn -0.3635 0.4429 -0.8196
vn -0.3542 0.4438 -0.8231
vn -0.6731 0.2222 -0.7054
vn -0.6732 0.2216 -0.7054
vn -0.6734 0.2208 -0.7055
vn -0.6729 0.2230 -0.7054
vn -0.6551 0.7426 -0.1390
vn -0.6579 0.7486 -0.0824
vn -0.3335 0.7714 0.5419
vn -0.3937 0.7599 0.5172
vn -0.3913 0.7599 0.5190
vn -0.4147 0.7596 0.5010
vn -0.3814 0.7598 0.5265
vn -0.1981 0.8642 -0.4626
vn -0.3866 0.8653 -0.3192
vn -0.4138 0.7946 -0.4443
vn -0.4015 0.6889 0.6036
vn -0.5220 0.6974 0.4911
vn -0.5145 0.6926 0.5055
vn -0.5542 0.7169 0.4229
vn -0.5001 0.6830 0.5324
vn -0.3117 0.9131 0.2628
vn -0.3366 0.8365 0.4325
vn 0.0557 0.0029 0.9984
vn -0.0465 0.0366 0.9982
vn -0.0418 0.0325 0.9986
vn -0.0841 0.0696 0.9940
vn -0.0248 0.0176 0.9995
vn -0.4466 0.7897 -0.4206
vn -0.4425 0.7926 -0.4195
vn -0.4565 0.7868 -0.4155
vn -0.6745 0.6827 -0.2811
vn -0.6760 0.6810 -0.2814
vn -0.6731 0.6841 -0.2808
vn -0.4524 0.7897 -0.4144
vn -0.6716 0.6858 -0.2805
vn -0.0964 0.0915 -0.9911
vn -0.0176 0.0222 -0.9996
vn 0.0015 -0.2648 -0.9643
vn 0.0792 -0.1602 -0.9839
vn 0.0784 -0.1622 -0.9836
vn 0.0589 -0.2086 -0.9762
vn 0.0874 -0.1406 -0.9862
vn -0.2232 0.9706 -0.0904
vn -0.2293 0.9721 -0.0490
vn 0.1260 0.3751 0.9184
vn 0.1224 0.3795 0.9171
vn 0.1279 0.3728 0.9190
vn 0.1260 0.3752 0.9183
vn 0.1204 0.3818 0.9164
vn 0.6551 0.7555 -0.0048
vn 0.7731 0.6343 -0.0068
vn 0.6866 0.7262 0.0352
vn 0.6835 0.7291 0.0353
vn 0.6760 0.7361 0.0358
vn 0.6902 0.7228 0.0349
vn -0.2100 0.9580 -0.1951
vn -0.2053 0.9603 -0.1887
vn -0.2175 0.9542 -0.2053
vn -0.1878 0.9682 -0.1650
vn -0.2664 0.9378 -0.2226
vn 0.0625 0.6882 0.7228
vn 0.0592 0.6472 0.7600
vn -0.3844 -0.1913 -0.9031
vn -0.3879 -0.1951 -0.9008
vn -0.3838 -0.1836 -0.9050
vn -0.0881 -0.3098 -0.9467
vn -0.0928 -0.3084 -0.9467
vn -0.0906 -0.3061 -0.9477
vn -0.3872 -0.1872 -0.9028
vn -0.0859 -0.3074 -0.9477
vn 0.5970 0.7576 -0.2640
vn 0.7219 0.6440 -0.2532
vn 0.6579 0.7201 -0.2203
vn 0.6572 0.7208 -0.2202
vn 0.6555 0.7224 -0.2200
vn 0.6587 0.7194 -0.2204
vn 0.2063 0.7252 -0.6569
vn 0.2051 0.7261 -0.6563
vn 0.2104 0.7244 -0.6565
vn 0.2091 0.7253 -0.6559
vn 0.0035 0.6078 -0.7941
vn 0.0027 0.6089 -0.7933
vn 0.0027 0.6087 -0.7934
vn 0.0009 0.6095 -0.7928
vn 0.0757 0.8374 -0.5414
vn -0.2033 0.7982 -0.5670
vn 0.2809 0.1369 -0.9499
vn 0.3358 0.0481 -0.9407
vn 0.3828 -0.8059 -0.4516
vn 0.4432 -0.7434 -0.5009
vn 0.4423 -0.7449 -0.4995
vn 0.4586 -0.7163 -0.5258
vn 0.4349 -0.7569 -0.4878
vn -0.1718 0.9571 0.2334
vn -0.1627 0.9607 0.2251
vn -0.4322 0.8556 0.2850
vn -0.4326 0.8554 0.2848
vn -0.4336 0.8551 0.2842
vn -0.4312 0.8559 0.2856
vn 0.7541 -0.0069 0.6567
vn 0.7770 -0.0085 0.6294
vn 0.7452 0.0119 0.6667
vn 0.7457 0.0115 0.6662
vn 0.7471 0.0102 0.6646
vn 0.7445 0.0125 0.6675
vn 0.0634 0.7005 0.7108
vn 0.0073 0.6152 0.7883
vn -0.0583 0.6799 0.7310
vn 0.1506 0.0960 0.9839
vn 0.0831 0.1645 0.9829
vn 0.0840 0.1629 0.9831
vn 0.0632 0.1987 0.9780
vn 0.0930 0.1473 0.9847
vn -0.3760 -0.4240 -0.8239
vn -0.3748 -0.4226 -0.8252
vn -0.3758 -0.4222 -0.8250
vn -0.3745 -0.4208 -0.8262
vn -0.5111 0.8556 -0.0821
vn -0.5102 0.8565 -0.0783
vn -0.2812 0.5520 0.7850
vn -0.4011 0.5900 0.7008
vn -0.3927 0.5839 0.7105
vn -0.4404 0.6174 0.6518
vn -0.3752 0.5711 0.7301
vn 0.3130 0.8919 0.3264
vn 0.0051 0.9524 0.3049
vn 0.1158 0.9829 0.1433
vn -0.7234 0.3755 0.5793
vn -0.7218 0.5026 0.4758
vn -0.7261 0.4913 0.4811
vn -0.6926 0.5700 0.4421
vn -0.7364 0.4623 0.4939
vn 0.5081 0.6086 0.6095
vn 0.5073 0.6102 0.6085
vn 0.5066 0.6063 0.6129
vn 0.5066 0.6064 0.6129
vn 0.5061 0.6078 0.6119
vn 0.7689 0.5245 0.3656
vn 0.7690 0.5244 0.3656
vn 0.7691 0.5243 0.3656
vn 0.7688 0.5247 0.3657
vn 0.0448 0.5776 -0.8151
vn 0.0532 0.5751 -0.8164
vn 0.0292 0.5822 -0.8125
vn 0.0687 0.5702 -0.8186
vn -0.7813 -0.0163 0.6239
vn -0.7797 -0.0181 0.6258
vn -0.7743 -0.0187 0.6325
vn -0.7825 -0.0165 0.6225
vn -0.3718 0.5271 -0.7641
vn -0.3636 0.5298 -0.7662
vn -0.8124 0.1794 -0.5548
vn -0.7583 0.2027 -0.6196
vn -0.7592 0.2020 -0.6187
vn -0.7349 0.2189 -0.6419
vn -0.7697 0.1944 -0.6081
vn 0.3443 0.7139 0.6098
vn 0.3445 0.7140 0.6096
vn 0.5959 0.7027 0.3887
vn -0.8540 0.2693 -0.4452
vn -0.8613 0.2630 -0.4348
vn -0.9712 0.0702 -0.2276
vn -0.9685 0.0753 -0.2372
vn -0.9742 0.0642 -0.2163
vn -0.9653 0.0810 -0.2481
vn 0.0191 0.7852 0.6189
vn 0.0210 0.8662 0.4993
vn 0.1047 0.8504 0.5156
vn -0.6070 0.7088 -0.3595
vn -0.4834 0.8094 -0.3334
vn -0.4974 0.7958 -0.3455
vn -0.4372 0.8501 -0.2937
vn -0.5145 0.7781 -0.3603
vn -0.3734 -0.6002 -0.7073
vn -0.3734 -0.6003 -0.7073
vn -0.3724 -0.5996 -0.7084
vn -0.3704 -0.5988 -0.7101
vn -0.5741 0.3942 -0.7176
vn -0.4088 0.4401 -0.7995
vn -0.4257 0.5040 -0.7515
vn 0.3494 -0.1180 -0.9295
vn 0.2913 0.0854 -0.9528
vn 0.3102 0.0606 -0.9488
vn 0.2289 0.1647 -0.9594
vn 0.3342 0.0282 -0.9421
vn -0.1726 0.9782 0.1156
vn -0.2487 0.9670 0.0546
vn -0.1876 0.9822 -0.0038
vn -0.5124 0.8445 0.1557
vn -0.4713 0.8774 0.0898
vn -0.4703 0.8780 0.0889
vn -0.4447 0.8931 0.0680
vn -0.4831 0.8699 0.0996
vn -0.5503 0.1321 0.8244
vn -0.5488 0.1304 0.8257
vn -0.5412 0.1323 0.8304
vn -0.5534 0.1301 0.8227
vn 0.2432 0.9346 0.2595
vn 0.1894 0.9792 0.0721
vn -0.4333 0.7838 -0.4448
vn -0.2425 0.8429 -0.4803
vn -0.2499 0.8397 -0.4822
vn -0.1535 0.8772 -0.4550
vn -0.2892 0.8212 -0.4919
vn -0.8715 0.3386 -0.3547
vn -0.8671 0.3413 -0.3628
vn -0.9955 0.0456 0.0825
vn -0.9962 0.0498 0.0720
vn -0.9948 0.0413 0.0930
vn -0.9966 0.0540 0.0616
vn 0.4777 -0.8737 0.0914
vn 0.4780 -0.8711 0.1131
vn 0.2736 -0.9275 -0.2548
vn 0.2722 -0.9278 -0.2552
vn 0.2699 -0.9283 -0.2559
vn 0.2759 -0.9270 -0.2541
vn 0.1837 -0.0880 -0.9790
vn 0.1646 -0.0922 -0.9820
vn 0.6472 0.1545 -0.7465
vn 0.5597 0.1747 -0.8101
vn 0.5646 0.1755 -0.8065
vn 0.5209 0.1681 -0.8369
vn 0.5812 0.1783 -0.7940
vn 0.7483 -0.6133 0.2528
vn 0.8095 -0.5693 0.1437
vn 0.9542 0.1258 -0.2714
vn 0.9495 -0.0411 -0.3111
vn 0.9490 -0.0214 -0.3146
vn 0.9478 -0.1185 -0.2961
vn 0.9474 0.0102 -0.3200
vn 0.2632 -0.5720 -0.7769
vn 0.2915 -0.5923 -0.7511
vn -0.1554 -0.4741 -0.8667
vn -0.1581 -0.4747 -0.8658
vn -0.1635 -0.4760 -0.8641
vn -0.1501 -0.4728 -0.8683
vn 0.8744 -0.4639 -0.1420
vn 0.9631 -0.2674 0.0295
vn 0.8896 -0.3358 0.3097
vn 0.9669 -0.2174 0.1335
vn 0.9660 -0.2189 0.1375
vn 0.9581 -0.2312 0.1689
vn 0.9692 -0.2133 0.1232
vn 0.9187 -0.0693 -0.3888
vn 0.7900 0.0559 -0.6105
vn 0.7583 -0.1138 -0.6419
vn 0.5922 0.5446 -0.5939
vn 0.5812 0.4238 -0.6947
vn 0.5806 0.4264 -0.6936
vn 0.5962 0.3531 -0.7210
vn 0.5724 0.4583 -0.6799
vn -0.9205 -0.3194 -0.2250
vn -0.9341 -0.3559 0.0291
vn -0.9294 -0.3689 0.0090
vn -0.9294 -0.3691 0.0086
vn -0.9292 -0.3696 0.0071
vn -0.9295 -0.3687 0.0097
vn 0.4880 0.1568 0.8587
vn 0.4878 0.1568 0.8587
vn 0.4884 0.1575 0.8583
vn 0.4895 0.1605 0.8571
vn 0.3832 0.8681 -0.3156
vn 0.4992 0.7986 -0.3363
vn 0.4834 0.8445 -0.2304
vn 0.6444 0.3596 -0.6748
vn 0.6755 0.4255 -0.6022
vn 0.6754 0.4240 -0.6034
vn 0.6784 0.4582 -0.5743
vn 0.6736 0.4089 -0.6156
vn -0.3865 0.7276 -0.5667
vn -0.3930 0.8554 -0.3374
vn -0.5287 0.7753 -0.3455
vn 0.3015 0.9367 0.1779
vn 0.0493 0.9818 0.1836
vn 0.0809 0.9772 0.1964
vn -0.0668 0.9887 0.1345
vn 0.1251 0.9688 0.2141
vn -0.9827 0.1434 -0.1171
vn -0.9839 0.1405 -0.1102
vn -0.9834 0.1472 -0.1059
vn -0.9834 0.1418 -0.1136
vn -0.9629 -0.0861 0.2556
vn -0.9615 -0.0899 0.2596
vn -0.9589 -0.0891 0.2693
vn -0.9621 -0.0892 0.2577
vn 0.0031 0.7626 0.6468
vn 0.0034 0.7626 0.6469
vn 0.4933 0.4937 0.7162
vn 0.4139 0.5189 0.7480
vn 0.4154 0.5181 0.7477
vn 0.3809 0.5346 0.7544
vn 0.4304 0.5106 0.7443
vn 0.0172 0.9995 0.0276
vn -0.1273 0.9816 0.1422
vn -0.4904 0.3914 0.7787
vn -0.5452 0.4502 0.7071
vn -0.5442 0.4452 0.7111
vn -0.5524 0.4874 0.6763
vn -0.5405 0.4281 0.7243
vn 0.3637 0.7767 -0.5143
vn 0.3635 0.7766 -0.5146
vn 0.3632 0.7765 -0.5149
vn 0.2567 0.6394 -0.7247
vn 0.2567 0.6395 -0.7247
vn 0.2568 0.6394 -0.7247
vn 0.0902 0.9952 -0.0377
vn 0.0289 0.9995 0.0093
vn -0.4444 0.4941 0.7472
vn -0.4722 0.5189 0.7126
vn -0.4720 0.5184 0.7131
vn -0.4756 0.5337 0.6993
vn -0.4701 0.5103 0.7202
vn -0.6564 0.3347 -0.6761
vn -0.6361 0.3429 -0.6912
vn -0.9853 -0.1046 -0.1349
vn -0.9751 -0.0930 -0.2014
vn -0.9751 -0.0931 -0.2011
vn -0.9706 -0.0834 -0.2256
vn -0.9771 -0.0977 -0.1892
vn 0.1694 0.9647 0.2019
vn -0.0736 0.9972 -0.0166
vn -0.5520 0.8336 0.0200
vn -0.3418 0.9323 -0.1182
vn -0.3428 0.9320 -0.1179
vn -0.4256 0.9008 -0.0859
vn -0.3103 0.9417 -0.1298
vn 0.4134 0.9073 0.0774
vn 0.3529 0.9352 0.0285
vn -0.4601 0.8833 -0.0894
vn -0.3888 0.9075 -0.1591
vn -0.3940 0.9056 -0.1574
vn -0.3502 0.9208 -0.1718
vn -0.4125 0.8983 -0.1511
vn -0.0471 0.9056 -0.4216
vn -0.1798 0.8481 -0.4984
vn -0.1101 0.8336 -0.5413
vn -0.9711 0.2063 -0.1201
vn -0.9351 0.2556 -0.2454
vn -0.9393 0.2484 -0.2368
vn -0.9111 0.2930 -0.2899
vn -0.9480 0.2321 -0.2176
vn 0.4813 0.8130 0.3275
vn 0.4778 0.8622 0.1685
vn 0.0256 0.8666 -0.4983
vn 0.1476 0.8619 -0.4851
vn 0.1398 0.8608 -0.4893
vn 0.1965 0.8672 -0.4576
vn 0.1182 0.8574 -0.5008
vn -0.5565 0.5315 -0.6386
vn -0.4665 0.7435 -0.4791
vn -0.6076 0.6821 -0.4068
vn 0.3963 0.8740 -0.2813
vn 0.1730 0.9625 -0.2090
vn 0.2045 0.9567 -0.2070
vn 0.0480 0.9754 -0.2150
vn 0.2513 0.9463 -0.2035
vn -0.1317 0.9784 -0.1593
vn -0.0971 0.9945 -0.0400
vn 0.4830 0.7101 0.5123
vn 0.3572 0.7623 0.5397
vn 0.3628 0.7586 0.5411
vn 0.3065 0.7930 0.5265
vn 0.3866 0.7428 0.5466
vn 0.2651 0.7016 -0.6614
vn 0.2622 0.7017 -0.6625
vn 0.2661 0.7019 -0.6607
vn 0.2627 0.7025 -0.6615
vn -0.5758 0.7884 -0.2165
vn -0.5759 0.7883 -0.2168
vn -0.5764 0.7882 -0.2156
vn -0.5758 0.7883 -0.2170
vn -0.5759 0.7883 -0.2167
vn 0.5862 0.4418 -0.6791
vn 0.7277 0.3722 -0.5761
vn 0.8160 0.0565 -0.5752
vn 0.8385 0.2267 -0.4955
vn 0.8389 0.2227 -0.4966
vn 0.8416 0.1858 -0.5072
vn 0.8372 0.2397 -0.4915
vn -0.9301 0.3285 -0.1642
vn -0.9281 0.3316 -0.1693
vn -0.9784 -0.0343 0.2039
vn -0.9793 -0.0316 0.2000
vn -0.9773 -0.0374 0.2085
vn -0.9803 -0.0285 0.1955
vn 0.4312 0.7668 0.4755
vn 0.3694 0.7027 0.6080
vn 0.4675 0.3848 0.7958
vn 0.3400 0.5151 0.7868
vn 0.3450 0.5088 0.7887
vn 0.3800 0.4627 0.8009
vn 0.3266 0.5317 0.7814
vn -0.6160 0.7027 -0.3561
vn -0.6504 0.6765 -0.3455
vn -0.9822 0.1714 0.0765
vn -0.9813 0.1816 0.0642
vn -0.9828 0.1624 0.0875
vn -0.9802 0.1904 0.0534
vn -0.5680 0.4300 -0.7018
vn -0.4401 0.4555 -0.7738
vn -0.4509 0.5089 -0.7333
vn 0.3489 -0.1532 -0.9246
vn 0.3159 -0.0094 -0.9488
vn 0.3251 -0.0237 -0.9454
vn 0.2780 0.0477 -0.9594
vn 0.3403 -0.0474 -0.9391
vn -0.4870 0.6192 -0.6159
vn -0.5151 0.6014 -0.6107
vn -0.9889 0.1040 -0.1060
vn -0.9877 0.1078 -0.1134
vn -0.9900 0.1004 -0.0992
vn -0.9865 0.1114 -0.1201
vn 0.6248 -0.3707 -0.6872
vn 0.6270 -0.3695 -0.6858
vn 0.6242 -0.3710 -0.6876
vn 0.6276 -0.3692 -0.6855
vn 0.6699 -0.3668 -0.6455
vn 0.6678 -0.3679 -0.6470
vn 0.6664 -0.3687 -0.6480
vn 0.6713 -0.3660 -0.6445
vn 0.0007 0.9360 -0.3519
vn -0.1113 0.9103 -0.3987
vn -0.0709 0.8961 -0.4382
vn -0.9326 0.3603 0.0222
vn -0.9099 0.4065 -0.0827
vn -0.9138 0.3992 -0.0745
vn -0.8905 0.4388 -0.1199
vn -0.9210 0.3850 -0.0586
vn 0.3588 0.9101 -0.2074
vn 0.8458 0.4276 0.3192
vn 0.8081 0.4840 0.3358
vn 0.8110 0.4793 0.3355
vn 0.8170 0.4694 0.3349
vn 0.8048 0.4893 0.3361
vn -0.5338 -0.4410 -0.7215
vn -0.4766 -0.5811 -0.6597
vn -0.5972 -0.6534 -0.4653
vn -0.4912 -0.6060 -0.6257
vn -0.4967 -0.6098 -0.6176
vn -0.5438 -0.6416 -0.5409
vn -0.4756 -0.5949 -0.6480
vn 0.8243 0.5593 -0.0875
vn 0.8536 0.5079 0.1159
vn 0.7748 0.6193 0.1273
vn 0.9610 0.0530 0.2715
vn 0.9295 0.1749 0.3248
vn 0.9297 0.1735 0.3248
vn 0.9150 0.2378 0.3259
vn 0.9353 0.1431 0.3238
vn -0.1175 0.9276 -0.3547
vn -0.3201 0.8291 -0.4584
vn -0.1990 0.8215 -0.5344
vn -0.9994 0.0269 0.0228
vn -0.9886 0.0790 -0.1281
vn -0.9904 0.0710 -0.1183
vn -0.9743 0.1265 -0.1865
vn -0.9943 0.0512 -0.0938
vn 0.4708 0.6087 -0.6386
vn 0.3771 0.7499 -0.5436
vn -0.0358 0.9482 -0.3157
vn -0.2077 0.8882 -0.4099
vn -0.1113 0.8728 -0.4753
vn -0.9946 0.0961 0.0400
vn -0.9832 0.1511 -0.1021
vn -0.9858 0.1413 -0.0911
vn -0.9679 0.1981 -0.1547
vn -0.9901 0.1217 -0.0694
vn -0.9020 -0.4072 -0.1432
vn -0.9016 -0.4077 -0.1447
vn -0.9021 -0.4071 -0.1430
vn -0.9015 -0.4078 -0.1449
vn -0.7961 -0.5313 -0.2897
vn -0.7972 -0.5307 -0.2877
vn -0.7996 -0.5295 -0.2833
vn -0.7937 -0.5325 -0.2941
vn -0.0040 0.9927 0.1206
vn -0.4185 0.9077 0.0298
vn -0.4122 0.9104 0.0361
vn -0.4213 0.9065 0.0269
vn 0.0155 0.9934 0.1138
vn -0.4275 0.9038 0.0206
vn -0.5730 0.7941 -0.2027
vn -0.7572 0.5944 -0.2708
vn -0.6484 0.6553 -0.3876
vn -0.9115 -0.3478 0.2193
vn -0.9529 -0.2920 0.0826
vn -0.9505 -0.2976 0.0888
vn -0.9692 -0.2445 0.0307
vn -0.9419 -0.3172 0.1105
vn 0.1396 0.9285 0.3441
vn 0.2875 0.8919 0.3490
vn 0.2575 0.8590 0.4425
vn 0.7698 0.2165 -0.6005
vn 0.8426 0.2309 -0.4865
vn 0.8386 0.2241 -0.4966
vn 0.8602 0.2632 -0.4368
vn 0.8293 0.2091 -0.5183
vn -0.2002 0.9704 -0.1353
vn -0.2121 0.9692 -0.1251
vn -0.1831 0.9716 -0.1500
vn -0.2535 0.9633 -0.0886
vn -0.1547 0.9596 -0.2352
vn -0.9422 0.1708 0.2883
vn -0.9477 0.2234 0.2280
vn -0.9782 0.1042 0.1795
vn 0.5090 0.7402 -0.4393
vn 0.6023 0.6859 -0.4084
vn 0.9255 -0.0005 -0.3787
vn 0.9502 0.0687 -0.3040
vn 0.9500 0.0634 -0.3057
vn 0.9507 0.1071 -0.2910
vn 0.9490 0.0441 -0.3120
vn -0.5083 -0.7422 -0.4367
vn -0.4814 -0.7259 -0.4911
vn -0.5179 -0.7476 -0.4158
vn -0.5368 -0.7499 -0.3866
vn -0.5270 -0.7524 -0.3953
vn -0.4518 -0.8331 -0.3192
vn 0.9834 0.1693 -0.0658
vn 0.9980 0.0282 -0.0563
vn 0.9971 0.0767 0.0011
vn 0.9966 0.0825 0.0035
vn 0.9954 0.0958 0.0091
vn 0.9976 0.0694 -0.0020
vn -0.3703 0.7345 -0.5686
vn -0.6461 0.5322 -0.5470
vn -0.6427 0.5391 -0.5443
vn -0.6475 0.5295 -0.5481
vn -0.3535 0.7373 -0.5757
vn -0.6508 0.5227 -0.5507
vn 0.1594 0.6213 0.7672
vn 0.1646 0.4638 0.8705
vn 0.1045 0.5252 0.8445
vn 0.1021 0.5302 0.8417
vn 0.0966 0.5412 0.8353
vn 0.1072 0.5196 0.8476
vn 0.4502 0.3737 -0.8110
vn 0.4443 0.3837 -0.8095
vn 0.7411 -0.1160 -0.6612
vn 0.7406 -0.1094 -0.6630
vn 0.7418 -0.1240 -0.6591
vn 0.7399 -0.1015 -0.6650
vn 0.5828 0.7675 -0.2670
vn 0.5955 0.7286 -0.3384
vn 0.1337 0.0726 -0.9884
vn 0.1875 0.0680 -0.9799
vn 0.1867 0.0677 -0.9801
vn 0.2073 0.0758 -0.9753
vn 0.1760 0.0636 -0.9823
vn 0.9523 0.3037 0.0299
vn 0.9728 0.1716 0.1558
vn 0.9966 -0.0237 0.0792
vn 0.9779 0.0708 0.1966
vn 0.9780 0.0704 0.1964
vn 0.9790 0.0656 0.1932
vn 0.9776 0.0724 0.1977
vn 0.4589 0.6901 -0.5596
vn 0.5794 0.6595 -0.4789
vn 0.9661 0.0942 -0.2406
vn 0.9564 0.2319 -0.1776
vn 0.9581 0.2248 -0.1775
vn 0.9384 0.2963 -0.1780
vn 0.9649 0.1942 -0.1770
vn 0.2452 0.7215 0.6476
vn 0.0070 0.6290 0.7774
vn 0.0484 0.3153 0.9477
vn -0.0791 0.5197 0.8507
vn -0.0782 0.5169 0.8525
vn -0.0674 0.4841 0.8724
vn -0.0827 0.5305 0.8436
vn -0.8783 -0.2554 0.4042
vn -0.8757 -0.2568 0.4090
vn -0.8766 -0.2622 0.4035
vn -0.8770 -0.2705 0.3972
vn -0.8766 -0.2613 0.4042
vn -0.8767 -0.2681 0.3993
vn -0.8769 -0.2685 0.3986
vn 0.4904 0.5878 -0.6434
vn 0.5197 0.5869 -0.6209
vn 0.2187 0.3782 -0.8995
vn 0.2184 0.3757 -0.9006
vn 0.2178 0.3711 -0.9027
vn 0.2194 0.3828 -0.8974
vn 0.4511 0.8783 0.1586
vn 0.3920 0.8764 0.2797
vn 0.3364 0.9141 0.2262
vn 0.4444 0.5396 0.7150
vn 0.3964 0.5914 0.7022
vn 0.3963 0.5916 0.7021
vn 0.3841 0.6155 0.6882
vn 0.4026 0.5786 0.7093
vn -0.2943 0.6834 -0.6681
vn -0.2923 0.6859 -0.6664
vn -0.2948 0.6828 -0.6685
vn -0.2919 0.6865 -0.6660
vn -0.5888 0.4659 -0.6605
vn -0.5891 0.4648 -0.6610
vn -0.5899 0.4623 -0.6620
vn -0.5880 0.4683 -0.6595
vn 0.2567 0.9447 -0.2040
vn 0.0579 0.9564 -0.2861
vn 0.1343 0.9134 -0.3843
vn -0.4940 0.8695 -0.0064
vn -0.4728 0.8737 -0.1147
vn -0.4737 0.8733 -0.1133
vn -0.4452 0.8821 -0.1537
vn -0.4871 0.8683 -0.0937
vn 0.7584 0.6283 0.1733
vn 0.9051 0.3727 0.2046
vn 0.8886 0.3948 0.2334
vn 0.8880 0.3958 0.2341
vn 0.8867 0.3978 0.2355
vn 0.8893 0.3937 0.2327
vn -0.3408 0.8773 -0.3380
vn -0.3423 0.8667 -0.3628
vn -0.3381 0.8921 -0.2999
vn -0.3435 0.8561 -0.3861
vn -0.4752 0.8176 -0.3252
vn -0.5932 0.7522 0.2869
vn 0.6081 0.4684 -0.6410
vn 0.6055 0.4716 -0.6410
vn 0.8595 0.1253 -0.4955
vn 0.8555 0.1385 -0.4989
vn 0.8633 0.1123 -0.4920
vn 0.8515 0.1511 -0.5021
vn 0.5064 0.6041 -0.6153
vn 0.5064 0.6042 -0.6153
vn 0.5063 0.6042 -0.6153
vn 0.3032 0.3317 -0.8933
vn -0.1669 0.9712 0.1699
vn -0.1699 0.9715 0.1650
vn -0.1601 0.9704 0.1810
vn -0.1842 0.9727 0.1413
vn -0.1134 0.9725 0.2036
vn -0.1499 0.4755 -0.8668
vn -0.1296 0.4471 -0.8850
vn -0.2240 -0.4818 -0.8472
vn 0.1090 0.6197 -0.7773
vn 0.0197 0.7201 -0.6936
vn 0.1995 0.6893 -0.6965
vn 0.1731 0.7701 -0.6140
vn 0.5923 0.1342 -0.7944
vn 0.6237 0.1924 -0.7576
vn 0.6237 0.1912 -0.7579
vn 0.6238 0.2191 -0.7502
vn 0.6234 0.1768 -0.7616
vn 0.6316 0.7740 -0.0459
vn 0.6632 0.7485 0.0064
vn 0.8988 0.4357 0.0490
vn 0.8136 0.5667 0.1301
vn 0.8193 0.5592 0.1269
vn 0.8639 0.4939 0.0991
vn 0.7957 0.5893 0.1400
vn -0.4841 0.8592 -0.1655
vn -0.4044 0.8765 0.2612
vn -0.5032 0.8403 -0.2017
vn -0.4428 0.8485 0.2899
vn -0.4432 0.8479 0.2910
vn -0.4393 0.8533 0.2809
vn -0.4488 0.8399 0.3054
vn 0.1773 0.7986 -0.5751
vn 0.2556 0.7900 -0.5572
vn 0.6178 0.4506 -0.6445
vn 0.5882 0.6011 -0.5410
vn 0.5919 0.5921 -0.5468
vn 0.6178 0.5205 -0.5894
vn 0.5767 0.6276 -0.5230
vn -0.2958 0.9456 -0.1352
vn 0.1162 0.9807 -0.1573
vn 0.0452 0.9945 0.0948
vn -0.0999 0.9947 0.0254
vn 0.3532 0.7785 0.5189
vn 0.1957 0.8381 0.5092
vn 0.2012 0.8348 0.5125
vn 0.1351 0.8713 0.4718
vn 0.2284 0.8177 0.5285
vn 0.2000 0.8852 -0.4201
vn 0.0392 0.7323 0.6798
vn 0.2144 0.4602 0.8616
vn 0.3975 0.2455 -0.8842
vn 0.5133 0.0755 -0.8549
vn 0.3770 -0.1707 -0.9103
vn 0.5239 -0.0467 -0.8505
vn 0.5193 -0.0527 -0.8529
vn 0.4887 -0.0918 -0.8676
vn 0.5337 -0.0338 -0.8450
vn 0.4052 0.8788 -0.2522
vn 0.5332 0.8438 -0.0617
vn 0.4141 0.9101 -0.0170
vn 0.9063 0.4208 0.0393
vn 0.8576 0.5026 0.1089
vn 0.8281 0.5473 0.1215
vn 0.8714 0.4797 0.1025
vn 0.1879 0.8998 0.3938
vn 0.1808 0.9019 0.3924
vn 0.6140 0.5805 0.5348
vn 0.5461 0.6254 0.5574
vn 0.5454 0.6259 0.5574
vn 0.5185 0.6468 0.5592
vn 0.5592 0.6147 0.5562
vn -0.7502 -0.4623 -0.4728
vn -0.7508 -0.4642 -0.4700
vn -0.7612 -0.4666 -0.4504
vn -0.7441 -0.4605 -0.4841
vn 0.4745 0.4830 -0.7359
vn 0.2883 0.5401 -0.7907
vn 0.7705 0.5977 0.2218
vn 0.7657 0.5956 0.2430
vn 0.8911 0.4326 -0.1369
vn 0.8917 0.4313 -0.1373
vn 0.8926 0.4291 -0.1382
vn 0.8902 0.4348 -0.1361
vn -0.3879 -0.0889 -0.9174
vn -0.3966 -0.0974 -0.9128
vn -0.5517 -0.3701 -0.7475
vn -0.5435 -0.3618 -0.7574
vn -0.5603 -0.3788 -0.7366
vn -0.5348 -0.3532 -0.7676
vn -0.5435 -0.3618 -0.7575
vn 0.5233 0.5950 -0.6100
vn 0.5234 0.5958 -0.6092
vn 0.5249 0.5931 -0.6105
vn 0.5249 0.5939 -0.6097
vn 0.1833 0.6476 -0.7396
vn 0.1832 0.6475 -0.7397
vn 0.1834 0.6476 -0.7396
vn 0.1001 0.4219 -0.9011
vn 0.1062 0.4336 -0.8948
vn 0.0890 0.4004 -0.9120
vn 0.1327 0.4838 -0.8651
vn -0.0136 0.3636 -0.9314
vn 0.0903 0.8689 -0.4867
vn -0.0009 0.7872 -0.6167
vn -0.1972 0.8899 -0.4114
vn 0.3315 0.6345 -0.6982
vn 0.2803 0.6714 -0.6860
vn -0.3172 0.9483 -0.0112
vn -0.3265 0.9430 -0.0642
vn -0.3265 0.9430 -0.0646
vn -0.3231 0.9426 -0.0844
vn -0.3283 0.9431 -0.0537
vn 0.0934 0.4002 -0.9117
vn 0.0960 0.4011 -0.9110
vn 0.0801 0.3949 -0.9152
vn 0.1217 0.4109 -0.9035
vn 0.0230 0.4061 -0.9135
vn 0.5375 0.8411 0.0597
vn 0.5216 0.8434 0.1288
vn -0.9560 0.2110 0.2038
vn -0.9548 0.2153 0.2050
vn -0.9533 0.2213 0.2055
vn -0.9555 0.2142 0.2030
vn 0.5794 0.2729 -0.7680
vn 0.5839 0.2741 -0.7641
vn 0.5876 0.2751 -0.7610
vn 0.5757 0.2718 -0.7712
vn 0.3107 0.3497 -0.8838
vn 0.3374 0.3636 -0.8683
vn -0.0830 0.6341 -0.7688
vn -0.0853 0.6331 -0.7694
vn -0.0805 0.6352 -0.7682
vn -0.0878 0.6320 -0.7700
vn 0.4055 0.8384 0.3641
vn 0.4051 0.8375 0.3668
vn 0.4039 0.8349 0.3740
vn 0.4035 0.8338 0.3767
vn -0.9039 -0.2666 -0.3345
vn -0.9566 -0.2652 -0.1205
vn -0.9408 -0.2992 -0.1594
vn -0.9404 -0.2997 -0.1604
vn -0.9392 -0.3015 -0.1642
vn -0.9414 -0.2983 -0.1574
vn 0.6554 0.7217 -0.2229
vn 0.6226 0.7606 -0.1839
vn -0.1784 0.5932 0.7850
vn -0.1900 0.6241 0.7579
vn -0.1901 0.6234 0.7584
vn -0.1868 0.6368 0.7480
vn -0.1918 0.6164 0.7637
vn -0.9368 0.1737 0.3036
vn -0.9345 0.1726 0.3115
vn -0.9334 0.1721 0.3148
vn -0.9378 0.1742 0.3002
vn -0.5980 0.2865 0.7486
vn -0.5671 0.2153 0.7950
vn -0.5935 0.2417 0.7676
vn -0.5938 0.2422 0.7673
vn -0.5948 0.2436 0.7661
vn -0.5931 0.2410 0.7682
vn -0.1201 0.9895 -0.0802
vn -0.2520 0.9530 -0.1683
vn -0.1386 0.9632 -0.2303
vn -0.7642 0.6418 -0.0638
vn -0.7150 0.6860 -0.1347
vn -0.7162 0.6849 -0.1338
vn -0.6881 0.7089 -0.1551
vn -0.7281 0.6740 -0.1245
vn 0.1193 0.4328 0.8936
vn 0.1104 0.4355 0.8934
vn 0.6152 0.0357 0.7876
vn 0.6131 0.0368 0.7892
vn 0.6191 0.0336 0.7846
vn 0.6091 0.0389 0.7921
vn 0.7176 0.6512 0.2469
vn 0.7159 0.6494 0.2566
vn 0.8372 0.5349 -0.1134
vn 0.8375 0.5345 -0.1136
vn 0.8379 0.5338 -0.1139
vn 0.8369 0.5356 -0.1131
vn 0.5978 0.7632 -0.2454
vn 0.4342 0.8894 -0.1429
vn 0.3887 0.8793 -0.2752
vn -0.0235 0.5728 0.8194
vn -0.0834 0.6966 0.7126
vn -0.0841 0.6894 0.7195
vn -0.0776 0.7524 0.6541
vn -0.0865 0.6622 0.7443
vn 0.6055 0.7942 0.0517
vn 0.6022 0.7967 0.0514
vn 0.6098 0.7904 0.0584
vn 0.6070 0.7926 0.0580
vn 0.6118 0.7307 -0.3029
vn 0.6090 0.7335 -0.3019
vn 0.6092 0.7332 -0.3021
vn 0.6053 0.7357 -0.3040
vn -0.1057 0.9552 -0.2764
vn -0.1747 0.9384 -0.2983
vn -0.7648 0.6223 -0.1668
vn -0.7083 0.6634 -0.2413
vn -0.7125 0.6600 -0.2382
vn -0.6780 0.6864 -0.2629
vn -0.7256 0.6491 -0.2283
vn 0.0419 0.9984 0.0391
vn -0.0979 0.9889 0.1122
vn -0.1190 0.9919 0.0448
vn -0.3453 0.4428 0.8275
vn -0.4133 0.5423 0.7315
vn -0.4122 0.5357 0.7369
vn -0.4210 0.5934 0.6860
vn -0.4078 0.5105 0.7570
vn -0.1339 0.9813 0.1383
vn -0.2586 0.9637 0.0661
vn -0.9051 0.4145 -0.0950
vn -0.8639 0.4814 -0.1482
vn -0.8659 0.4781 -0.1473
vn -0.8421 0.5158 -0.1576
vn -0.8754 0.4618 -0.1428
vn 0.5309 0.7904 0.3056
vn 0.5309 0.7904 0.3057
vn 0.4931 0.8673 0.0687
vn -0.4495 0.7827 0.4304
vn 0.0196 0.9878 0.1547
vn -0.0266 0.9918 -0.1249
vn 0.1371 0.9863 -0.0920
vn -0.6827 0.4429 -0.5813
vn -0.5117 0.5722 -0.6409
vn -0.5279 0.5552 -0.6427
vn -0.4318 0.6478 -0.6277
vn -0.5571 0.5230 -0.6451
vn -0.2188 0.9750 -0.0381
vn -0.2603 0.9585 -0.1167
vn -0.7255 0.2557 -0.6389
vn -0.6927 0.2900 -0.6603
vn -0.6941 0.2873 -0.6601
vn -0.6829 0.3088 -0.6620
vn -0.6988 0.2780 -0.6591
vn 0.1041 0.9835 -0.1478
vn 0.1038 0.9838 -0.1465
vn -0.5614 0.7369 -0.3765
vn -0.5574 0.7351 -0.3859
vn -0.7764 0.6275 -0.0594
vn -0.7767 0.6270 -0.0593
vn -0.7773 0.6264 -0.0591
vn -0.7758 0.6281 -0.0596
vn -0.2140 0.9753 0.0544
vn -0.6473 0.7615 -0.0338
vn -0.1694 0.9846 0.0423
vn -0.6607 0.7444 -0.0967
vn -0.6615 0.7435 -0.0980
vn -0.6545 0.7510 -0.0874
vn -0.6715 0.7322 -0.1135
vn 0.7078 0.6929 0.1379
vn 0.7097 0.6923 0.1305
vn 0.7980 0.5877 -0.1333
vn 0.7978 0.5903 -0.1224
vn 0.7981 0.5843 -0.1471
vn 0.7974 0.5935 -0.1090
vn 0.4251 0.8896 -0.1668
vn 0.5296 0.8441 -0.0839
vn 0.4768 0.8785 -0.0289
vn 0.8781 0.4608 -0.1290
vn 0.8651 0.4981 -0.0599
vn 0.8664 0.4956 -0.0616
vn 0.8524 0.5210 -0.0437
vn 0.8724 0.4837 -0.0698
vn -0.6072 0.7623 0.2240
vn -0.5793 0.7705 0.2662
vn 0.4154 0.6689 0.6164
vn 0.3736 0.6654 0.6463
vn 0.3748 0.6651 0.6458
vn 0.3545 0.6695 0.6527
vn 0.3846 0.6629 0.6424
vn -0.3437 0.9147 0.2127
vn -0.3441 0.9166 0.2034
vn -0.4542 0.7439 0.4902
vn -0.4493 0.7472 0.4897
vn -0.4500 0.7467 0.4899
vn -0.4452 0.7464 0.4947
vn 0.1155 0.8000 0.5887
vn 0.0158 0.7603 0.6494
vn -0.0466 0.4910 0.8699
vn -0.1242 0.5987 0.7913
vn -0.1232 0.5961 0.7934
vn -0.1041 0.5479 0.8300
vn -0.1321 0.6181 0.7749
vn 0.6796 -0.4037 0.6125
vn 0.6970 -0.4123 0.5867
vn 0.9513 -0.3082 -0.0108
vn 0.9499 -0.3126 -0.0035
vn 0.9533 -0.3013 -0.0220
vn 0.9476 -0.3194 0.0075
vn -0.8046 -0.4323 -0.4071
vn -0.8047 -0.4326 -0.4067
vn -0.8058 -0.4372 -0.3995
vn -0.8034 -0.4276 -0.4142
vn -0.1317 0.9911 0.0184
vn -0.1248 0.9920 0.0190
vn -0.1533 0.9880 0.0165
vn -0.0787 0.9966 0.0231
vn -0.2263 0.9727 0.0506
vn 0.7649 0.4720 0.4384
vn 0.7259 0.5051 0.4667
vn 0.7290 0.4217 0.5392
vn 0.3568 0.3008 0.8844
vn 0.3280 0.3179 0.8896
vn 0.0375 0.9940 0.1030
vn 0.0430 0.9948 0.0927
vn -0.2934 0.8992 0.3246
vn -0.2941 0.8990 0.3245
vn -0.2951 0.8988 0.3243
vn -0.2924 0.8994 0.3248
vn 0.9949 -0.0449 0.0902
vn 0.9870 -0.1362 0.0847
vn 0.9767 -0.1263 0.1735
vn 0.9418 -0.2691 -0.2017
vn 0.9545 -0.2775 -0.1096
vn 0.9547 -0.2772 -0.1082
vn 0.9604 -0.2701 -0.0690
vn 0.9513 -0.2806 -0.1277
vn 0.2551 0.4167 -0.8725
vn 0.1714 -0.1896 -0.9668
vn 0.5874 0.7464 0.3130
vn 0.5838 0.6453 0.4927
vn 0.6017 -0.1481 0.7849
vn 0.5313 -0.0312 0.8466
vn 0.5316 -0.0331 0.8463
vn 0.5164 0.0369 0.8556
vn 0.5378 -0.0656 0.8405
vn 0.0266 0.3912 -0.9199
vn 0.0243 0.3937 -0.9189
vn 0.0237 0.3943 -0.9187
vn 0.0223 0.3966 -0.9177
vn 0.2059 0.5352 0.8192
vn 0.1227 0.4532 0.8829
vn 0.0611 0.5299 0.8458
vn 0.2043 -0.0837 0.9753
vn 0.1281 0.0146 0.9917
vn 0.1074 0.0638 0.9922
vn 0.1380 -0.0093 0.9904
vn 0.7612 0.5615 -0.3244
vn 0.7612 0.5616 -0.3244
vn 0.6273 0.7687 0.1247
vn 0.5342 0.8108 0.2392
vn -0.0229 0.3724 0.9278
vn -0.0579 0.4901 0.8698
vn -0.0589 0.4859 0.8720
vn -0.0465 0.5398 0.8405
vn -0.0643 0.4612 0.8849
vn 0.9480 -0.3040 -0.0942
vn 0.9266 -0.3111 -0.2111
vn 0.9321 -0.3140 -0.1807
vn 0.9030 -0.2997 -0.3079
vn 0.9396 -0.3185 -0.1257
vn 0.9321 -0.3140 -0.1806
vn 0.8408 0.5406 0.0290
vn 0.8425 0.5380 0.0270
vn 0.8481 0.5294 0.0202
vn 0.8322 0.5531 0.0390
vn 0.8094 0.4617 -0.3629
vn 0.8653 0.4970 0.0652
vn 0.3098 0.7808 0.5425
vn 0.0086 0.9496 0.3132
vn 0.0115 0.9466 0.3221
vn 0.0073 0.9509 0.3093
vn 0.3300 0.7721 0.5431
vn 0.0044 0.9538 0.3004
vn 0.8498 0.4254 -0.3114
vn 0.9029 0.1379 -0.4071
vn 0.9467 -0.1900 0.2602
vn 0.9225 -0.2382 0.3038
vn 0.8245 -0.4283 0.3697
vn 0.8238 -0.4314 0.3677
vn 0.8122 -0.4760 0.3372
vn 0.8289 -0.4077 0.3830
vn 0.5018 0.8646 -0.0274
vn 0.5337 0.8453 -0.0237
vn 0.1745 0.9524 -0.2502
vn 0.1736 0.9519 -0.2523
vn 0.1717 0.9511 -0.2567
vn 0.1763 0.9532 -0.2458
vn 0.7173 -0.0020 0.6968
vn 0.7479 -0.2678 0.6074
vn 0.7977 -0.3442 0.4951
vn 0.6064 -0.2191 0.7644
vn 0.6270 -0.2540 0.7364
vn 0.6577 -0.3100 0.6865
vn 0.5827 -0.1813 0.7922
vn 0.4557 0.1324 0.8802
vn 0.4625 0.1140 0.8793
vn 0.7100 -0.3802 0.5927
vn 0.7085 -0.3782 0.5958
vn 0.7113 -0.3821 0.5899
vn 0.7071 -0.3763 0.5986
vn 0.4063 0.8274 0.3878
vn 0.4131 0.8338 0.3664
vn 0.3971 0.8183 0.4157
vn 0.4185 0.8387 0.3484
vn 0.3069 0.8811 0.3598
vn -0.1821 0.6663 0.7231
vn -0.2184 0.7095 0.6700
vn 0.4411 0.5018 0.7440
vn 0.4795 0.4127 0.7745
vn 0.7729 -0.3774 0.5101
vn 0.7296 -0.3209 0.6039
vn 0.7308 -0.3242 0.6007
vn 0.7160 -0.2865 0.6366
vn 0.7362 -0.3393 0.5855
vn 0.9810 0.1798 0.0735
vn 0.9827 0.1626 0.0891
vn 0.4106 0.2024 0.8891
vn 0.6215 -0.3871 0.6811
vn 0.5841 -0.3804 0.7170
vn -0.6257 -0.5361 -0.5666
vn -0.6168 -0.5338 -0.5785
vn 0.8049 0.5719 0.1587
vn 0.6307 0.7065 0.3211
vn 0.6144 0.7695 0.1741
vn 0.0344 0.2666 0.9632
vn 0.0384 0.4330 0.9006
vn 0.0365 0.4287 0.9027
vn 0.0701 0.5008 0.8627
vn 0.0216 0.3959 0.9180
vn -0.3303 0.6948 -0.6388
vn -0.2177 0.5925 -0.7756
vn 0.0722 -0.2601 -0.9629
vn 0.1253 -0.1211 -0.9847
vn 0.1252 -0.1279 -0.9839
vn 0.1268 -0.0497 -0.9907
vn 0.1243 -0.1581 -0.9796
vn -0.0960 0.7035 0.7042
vn -0.0966 0.7409 0.6646
vn -0.0957 0.6900 0.7175
vn -0.0967 0.7478 0.6569
vn -0.1042 0.7090 0.6974
vn -0.1936 0.4692 0.8616
vn 0.6771 -0.0721 -0.7324
vn 0.6761 -0.0720 -0.7333
vn 0.6740 -0.0703 -0.7354
vn 0.6774 -0.0724 -0.7320
vn 0.8772 -0.0466 0.4778
vn 0.9404 0.0052 0.3399
vn 0.2098 0.8629 0.4598
vn -0.3539 0.8862 -0.2989
vn -0.3635 0.8815 -0.3013
vn -0.1417 0.9854 -0.0945
vn -0.1417 0.9854 -0.0940
vn -0.1416 0.9855 -0.0931
vn -0.1418 0.9853 -0.0955
vn 0.0911 0.5267 0.8451
vn 0.1053 0.4878 0.8666
vn 0.5679 -0.0402 0.8221
vn 0.1706 0.9798 -0.1046
vn 0.1745 0.9789 -0.1060
vn 0.1854 0.9765 -0.1100
vn 0.1540 0.9831 -0.0986
vn 0.3037 0.8358 -0.4574
vn 0.2074 0.9762 -0.0642
vn -0.4821 -0.7583 -0.4388
vn -0.4843 -0.7548 -0.4424
vn -0.4864 -0.7528 -0.4435
vn -0.4881 -0.7515 -0.4438
vn 0.5657 -0.0178 -0.8244
vn 0.5643 -0.0230 -0.8252
vn 0.5277 -0.2684 -0.8059
vn 0.5309 -0.2614 -0.8061
vn 0.5245 -0.2752 -0.8057
vn 0.5339 -0.2547 -0.8063
vn 0.5342 -0.3313 0.7777
vn 0.5315 -0.3296 0.7803
vn 0.5349 -0.3318 0.7770
vn 0.5306 -0.3291 0.7811
vn 0.4656 -0.3250 0.8232
vn 0.4688 -0.3268 0.8206
vn 0.4710 -0.3281 0.8189
vn 0.4633 -0.3237 0.8249
vn -0.3727 0.8761 -0.3059
vn -0.3783 0.8758 -0.2999
vn -0.1090 0.9783 -0.1759
vn -0.1161 0.9782 -0.1724
vn -0.1094 0.9783 -0.1760
vn -0.1144 0.9779 -0.1747
vn -0.5020 0.4731 0.7240
vn -0.5914 0.3536 0.7247
vn -0.5214 0.1556 0.8390
vn -0.6205 0.2297 0.7498
vn -0.6185 0.2270 0.7523
vn -0.6045 0.2085 0.7689
vn -0.6251 0.2360 0.7440
vn 0.4046 0.5539 -0.7277
vn 0.3971 0.5683 -0.7207
vn 0.6736 -0.0521 -0.7372
vn 0.6849 0.0081 -0.7286
vn 0.6849 0.0079 -0.7286
vn 0.6845 0.0317 -0.7284
vn 0.6850 -0.0036 -0.7286
vn 0.0540 0.8483 -0.5267
vn 0.0629 0.8556 -0.5138
vn 0.0205 0.5854 -0.8105
vn 0.0211 0.5847 -0.8110
vn 0.0222 0.5835 -0.8118
vn 0.0194 0.5865 -0.8097
vn -0.9866 -0.1631 -0.0070
vn -0.9722 -0.2321 0.0307
vn -0.9648 -0.2591 -0.0456
vn -0.9249 -0.2212 0.3092
vn -0.9342 -0.2643 0.2395
vn -0.9345 -0.2649 0.2379
vn -0.9395 -0.2749 0.2045
vn -0.9315 -0.2596 0.2548
vn -0.1612 0.7674 -0.6206
vn -0.0435 0.7458 -0.6648
vn 0.5649 0.0809 -0.8212
vn 0.5642 0.2119 -0.7980
vn 0.5661 0.2054 -0.7983
vn 0.5469 0.2664 -0.7937
vn 0.5730 0.1813 -0.7992
vn -0.8097 0.5234 -0.2654
vn -0.8675 0.4222 -0.2632
vn -0.9648 -0.2417 0.1040
vn -0.9719 -0.2332 0.0306
vn -0.9719 -0.2333 0.0306
vn -0.9762 -0.2170 0.0039
vn -0.9693 -0.2418 0.0448
vn -0.8047 0.3727 -0.4622
vn -0.8038 0.3726 -0.4637
vn -0.8069 0.3704 -0.4602
vn -0.8061 0.3702 -0.4617
vn -0.6412 0.6843 -0.3473
vn -0.6412 0.6844 -0.3472
vn -0.6412 0.6844 -0.3471
vn -0.6412 0.6842 -0.3475
vn 0.3635 0.9316 0.0047
vn 0.3615 0.9323 0.0090
vn 0.3639 0.9314 0.0037
vn 0.3610 0.9325 0.0099
vn 0.3049 0.8630 -0.4029
vn 0.3059 0.8619 -0.4044
vn 0.3078 0.8598 -0.4074
vn 0.3031 0.8650 -0.3999
vn 0.3600 0.4079 0.8390
vn 0.3750 0.4089 0.8320
vn 0.3879 0.4096 0.8257
vn 0.3469 0.4070 0.8450
vn 0.3445 -0.6985 -0.6272
vn 0.3464 -0.6967 -0.6282
vn 0.3321 -0.7104 -0.6205
vn 0.3584 -0.6848 -0.6345
vn -0.4844 0.8699 0.0932
vn -0.5432 0.8317 0.1144
vn -0.7938 0.2388 0.5593
vn -0.8260 0.2732 0.4930
vn -0.8257 0.2720 0.4942
vn -0.8315 0.2962 0.4699
vn -0.8226 0.2601 0.5057
vn 0.0213 0.6118 -0.7907
vn 0.1095 0.5796 -0.8075
vn 0.6234 -0.0684 -0.7789
vn 0.6212 0.0435 -0.7824
vn 0.6223 0.0395 -0.7818
vn 0.6087 0.0879 -0.7885
vn 0.6275 0.0195 -0.7784
vn 0.7541 -0.3108 0.5786
vn 0.7529 -0.3099 0.5807
vn 0.8337 -0.4719 0.2869
vn 0.8339 -0.4743 0.2822
vn 0.8380 -0.4725 0.2730
vn 0.8334 -0.4739 0.2843
vn 0.3260 -0.5391 0.7766
vn 0.0574 -0.7049 0.7069
vn 0.4927 0.2360 -0.8376
vn 0.4928 0.2412 -0.8360
vn 0.5053 -0.2864 -0.8140
vn 0.5112 -0.2691 -0.8163
vn 0.4989 -0.3048 -0.8113
vn 0.5170 -0.2510 -0.8183
vn 0.2665 0.9140 0.3058
vn 0.3204 0.9038 0.2837
vn 0.2122 0.9210 0.3266
vn 0.3527 0.8960 0.2698
vn 0.1924 0.9769 0.0932
vn -0.6716 0.7409 0.0020
vn -0.6028 0.1939 -0.7740
vn -0.5305 0.2141 -0.8202
vn 0.5678 -0.0067 -0.8232
vn 0.5462 0.0467 -0.8364
vn 0.5489 0.0441 -0.8347
vn 0.5298 0.0624 -0.8458
vn 0.5565 0.0366 -0.8300
vn -0.6794 0.6894 -0.2513
vn -0.6786 0.6902 -0.2512
vn -0.6802 0.6876 -0.2541
vn -0.6802 0.6875 -0.2541
vn -0.6786 0.6903 -0.2512
vn -0.6792 0.6885 -0.2542
vn -0.7679 0.6321 0.1040
vn -0.7679 0.6320 0.1041
vn -0.7680 0.6319 0.1041
vn -0.7678 0.6322 0.1039
vn 0.1630 0.9432 -0.2896
vn -0.1008 -0.1018 0.9897
vn -0.1008 -0.1019 0.9897
vn 0.2524 0.9493 0.1875
vn 0.1160 0.9211 0.3718
vn 0.6547 0.0949 0.7499
vn -0.7308 0.5832 -0.3549
vn -0.9732 -0.1347 -0.1862
vn -0.9363 -0.1507 -0.3173
vn -0.8182 -0.0693 -0.5708
vn -0.8144 -0.0852 -0.5740
vn -0.9561 0.1300 -0.2626
vn -0.9563 0.1299 -0.2620
vn -0.9565 0.1297 -0.2612
vn -0.9559 0.1302 -0.2634
vn -0.6535 0.6354 0.4113
vn -0.6174 0.6579 0.4312
vn -0.6258 0.6881 0.3674
vn -0.6258 0.6880 0.3675
vn -0.6258 0.6876 0.3682
vn -0.6258 0.6883 0.3670
vn -0.0305 0.9313 -0.3630
vn -0.0196 0.9307 -0.3653
vn -0.5730 0.7621 -0.3015
vn -0.5408 0.7703 -0.3379
vn -0.5414 0.7700 -0.3376
vn -0.5256 0.7764 -0.3477
vn -0.5488 0.7669 -0.3327
vn 0.1544 0.6682 0.7278
vn 0.1551 0.6680 0.7278
vn 0.1550 0.6680 0.7278
vn 0.1549 0.6681 0.7278
vn 0.1554 0.6679 0.7278
vn 0.3495 0.5253 0.7758
vn 0.3495 0.5254 0.7758
vn 0.3496 0.5253 0.7758
vn 0.0681 0.9473 -0.3131
vn -0.0389 0.9271 -0.3727
vn 0.0361 0.9021 -0.4300
vn -0.4446 0.8725 -0.2026
vn -0.3691 0.8795 -0.3004
vn -0.3739 0.8787 -0.2969
vn -0.3245 0.8854 -0.3327
vn -0.3926 0.8752 -0.2827
vn 0.4838 0.7696 0.4168
vn 0.5779 0.7399 0.3442
vn 0.8023 0.3764 -0.4634
vn 0.8502 0.4006 -0.3415
vn 0.8494 0.3989 -0.3457
vn 0.8595 0.4211 -0.2898
vn 0.8443 0.3894 -0.3681
vn -0.4754 0.8752 -0.0892
vn -0.4750 0.8754 -0.0894
vn -0.4748 0.8755 -0.0895
vn -0.7353 0.6685 -0.1112
vn -0.7354 0.6685 -0.1112
vn -0.7353 0.6685 -0.1111
vn -0.6553 0.0216 -0.7551
vn -0.1356 0.9884 -0.0691
vn -0.6090 0.7056 -0.3623
vn -0.5701 0.7265 -0.3837
vn -0.5702 0.7264 -0.3837
vn -0.5705 0.7262 -0.3836
vn -0.5699 0.7266 -0.3838
vn 0.9598 0.1117 0.2576
vn 0.9567 0.1071 0.2706
vn 0.9271 0.1559 -0.3409
vn 0.9339 0.1507 -0.3241
vn 0.9197 0.1613 -0.3580
vn 0.9405 0.1453 -0.3072
vn -0.5721 0.6878 0.4467
vn -0.5729 0.6907 0.4413
vn -0.4656 -0.1176 0.8771
vn -0.4737 -0.1078 0.8741
vn -0.4604 -0.1240 0.8790
vn -0.4788 -0.1014 0.8720
vt 0.373732 0.170413
vt 0.344942 0.170608
vt 0.344810 0.170413
vt 0.375865 0.170608
vt 0.398047 0.170413
vt 0.398047 0.170608
vt 0.345071 0.186240
vt 0.360662 0.186708
vt 0.344810 0.186488
vt 0.380291 0.186240
vt 0.398047 0.186240
vt 0.398047 0.186527
vt 0.380303 0.192560
vt 0.375863 0.192560
vt 0.345071 0.192560
vt 0.344942 0.192560
vt 0.398047 0.192560
vt 0.358119 0.207812
vt 0.344944 0.208234
vt 0.344810 0.207812
vt 0.380268 0.207812
vt 0.375847 0.208234
vt 0.398047 0.207812
vt 0.398047 0.208234
vt 0.358119 0.224582
vt 0.344942 0.225103
vt 0.344810 0.224582
vt 0.380297 0.224582
vt 0.375865 0.225103
vt 0.398047 0.224582
vt 0.398047 0.225103
vt 0.358119 0.241665
vt 0.344950 0.241820
vt 0.344810 0.241665
vt 0.380103 0.241665
vt 0.375813 0.241820
vt 0.398047 0.241665
vt 0.398047 0.241820
vt 0.029548 0.457074
vt 0.029548 0.457558
vt 0.001953 0.457074
vt 0.001953 0.457558
vt 0.057143 0.457074
vt 0.066384 0.457558
vt 0.084738 0.457074
vt 0.112333 0.457074
vt 0.112333 0.457558
vt 0.029548 0.473415
vt 0.029548 0.472499
vt 0.001953 0.473415
vt 0.001953 0.472499
vt 0.057143 0.473415
vt 0.057143 0.472499
vt 0.084738 0.473415
vt 0.084738 0.472499
vt 0.112333 0.473415
vt 0.112333 0.472499
vt 0.575487 0.125014
vt 0.595941 0.125354
vt 0.573443 0.125354
vt 0.597986 0.125014
vt 0.597023 0.141407
vt 0.595907 0.141866
vt 0.573510 0.141407
vt 0.573445 0.141866
vt 0.380253 0.261483
vt 0.375898 0.262026
vt 0.345082 0.261483
vt 0.344945 0.262026
vt 0.398047 0.261483
vt 0.398047 0.262026
vt 0.358119 0.278690
vt 0.344951 0.279286
vt 0.344810 0.278690
vt 0.380163 0.278690
vt 0.375885 0.279286
vt 0.398047 0.278690
vt 0.398047 0.279286
vt 0.358119 0.296144
vt 0.347048 0.298982
vt 0.344810 0.296144
vt 0.344810 0.297506
vt 0.380189 0.296144
vt 0.360371 0.298982
vt 0.378937 0.298986
vt 0.398047 0.296144
vt 0.398047 0.297413
vt 0.162281 0.457074
vt 0.153149 0.457573
vt 0.116239 0.457074
vt 0.116239 0.457573
vt 0.199023 0.457074
vt 0.199023 0.457573
vt 0.226618 0.457074
vt 0.226618 0.457573
vt 0.143834 0.474176
vt 0.143834 0.475057
vt 0.116239 0.474176
vt 0.116239 0.475057
vt 0.171429 0.474176
vt 0.171429 0.475057
vt 0.199023 0.474176
vt 0.199023 0.475057
vt 0.226618 0.474176
vt 0.226618 0.475057
vt 0.258119 0.001953
vt 0.258119 0.001917
vt 0.230525 0.001953
vt 0.230525 0.001917
vt 0.285714 0.001953
vt 0.285714 0.001917
vt 0.313309 0.001953
vt 0.313309 0.001917
vt 0.340904 0.001953
vt 0.340904 0.001917
vt 0.373732 0.304850
vt 0.344942 0.305255
vt 0.344810 0.304850
vt 0.375866 0.305255
vt 0.398047 0.304850
vt 0.398047 0.305255
vt 0.366950 0.321509
vt 0.360714 0.322563
vt 0.344810 0.321509
vt 0.344810 0.322338
vt 0.397901 0.321509
vt 0.398047 0.322389
vt 0.366907 0.328415
vt 0.362572 0.329077
vt 0.344810 0.328415
vt 0.344810 0.329077
vt 0.397904 0.328415
vt 0.397782 0.329077
vt 0.366965 0.346117
vt 0.362572 0.346568
vt 0.344810 0.346117
vt 0.344810 0.346568
vt 0.397905 0.346117
vt 0.397784 0.346568
vt 0.366948 0.362997
vt 0.362565 0.363537
vt 0.344810 0.362997
vt 0.344810 0.363537
vt 0.397911 0.362997
vt 0.384738 0.363537
vt 0.398047 0.363537
vt 0.366994 0.380202
vt 0.362554 0.380544
vt 0.344810 0.380202
vt 0.344810 0.380544
vt 0.397915 0.380202
vt 0.384738 0.380544
vt 0.398047 0.380544
vt 0.366993 0.396696
vt 0.358119 0.399382
vt 0.344810 0.396696
vt 0.344810 0.398089
vt 0.371429 0.399388
vt 0.384738 0.396696
vt 0.384738 0.399403
vt 0.398047 0.396696
vt 0.398047 0.398022
vt 0.258119 0.028151
vt 0.258119 0.027496
vt 0.230525 0.028151
vt 0.230525 0.027496
vt 0.302292 0.028151
vt 0.292945 0.027496
vt 0.340904 0.028151
vt 0.340904 0.027496
vt 0.366992 0.405753
vt 0.369125 0.406128
vt 0.344810 0.405753
vt 0.344810 0.406128
vt 0.397915 0.405753
vt 0.398047 0.406128
vt 0.366995 0.422297
vt 0.362554 0.422736
vt 0.344810 0.422297
vt 0.344810 0.422736
vt 0.397915 0.422297
vt 0.397786 0.422736
vt 0.366988 0.433406
vt 0.362552 0.433912
vt 0.344810 0.433406
vt 0.344810 0.433912
vt 0.397915 0.433406
vt 0.397786 0.433912
vt 0.366991 0.450510
vt 0.362555 0.450885
vt 0.344810 0.450510
vt 0.344810 0.450885
vt 0.397915 0.450510
vt 0.384738 0.450885
vt 0.398047 0.450885
vt 0.367002 0.467089
vt 0.362548 0.467545
vt 0.344810 0.467089
vt 0.344810 0.467545
vt 0.397914 0.467089
vt 0.397786 0.467545
vt 0.367009 0.483984
vt 0.344949 0.484185
vt 0.344810 0.483984
vt 0.375845 0.484185
vt 0.397906 0.483984
vt 0.398047 0.484185
vt 0.415262 0.178089
vt 0.419701 0.178583
vt 0.401953 0.178089
vt 0.401953 0.178583
vt 0.437350 0.178089
vt 0.441881 0.178583
vt 0.455190 0.178089
vt 0.455190 0.178583
vt 0.415262 0.194642
vt 0.402097 0.194868
vt 0.401953 0.194642
vt 0.438010 0.194642
vt 0.433485 0.194868
vt 0.455190 0.194642
vt 0.455190 0.194868
vt 0.597986 0.160201
vt 0.577310 0.160484
vt 0.575486 0.160201
vt 0.598047 0.160484
vt 0.597982 0.176391
vt 0.596485 0.176738
vt 0.575332 0.176391
vt 0.597981 0.192858
vt 0.597925 0.193279
vt 0.575357 0.192858
vt 0.574207 0.193279
vt 0.583624 0.203728
vt 0.574202 0.204371
vt 0.573382 0.203728
vt 0.597979 0.203728
vt 0.597924 0.204371
vt 0.424096 0.214581
vt 0.419717 0.215317
vt 0.401953 0.214581
vt 0.401953 0.215317
vt 0.455042 0.214581
vt 0.454928 0.215317
vt 0.415262 0.232556
vt 0.402088 0.233042
vt 0.401953 0.232556
vt 0.437287 0.232556
vt 0.432985 0.233042
vt 0.455190 0.232556
vt 0.455190 0.233042
vt 0.415262 0.249610
vt 0.404200 0.252651
vt 0.401953 0.249610
vt 0.401953 0.251064
vt 0.437424 0.249610
vt 0.417499 0.252651
vt 0.435953 0.252655
vt 0.455190 0.249610
vt 0.455190 0.251086
vt 0.258119 0.049113
vt 0.258119 0.048946
vt 0.230525 0.049113
vt 0.230525 0.048946
vt 0.305322 0.049113
vt 0.285714 0.048946
vt 0.313309 0.048946
vt 0.340904 0.049113
vt 0.340904 0.048946
vt 0.586782 0.223533
vt 0.584648 0.223687
vt 0.573382 0.223533
vt 0.573382 0.223687
vt 0.598047 0.223533
vt 0.598047 0.223687
vt 0.597281 0.239214
vt 0.595975 0.239403
vt 0.573511 0.239214
vt 0.573444 0.239403
vt 0.437366 0.258521
vt 0.433048 0.258778
vt 0.402230 0.258521
vt 0.402091 0.258778
vt 0.455190 0.258521
vt 0.455190 0.258778
vt 0.437357 0.274634
vt 0.433006 0.275052
vt 0.402228 0.274634
vt 0.402088 0.275052
vt 0.455190 0.274634
vt 0.455190 0.275052
vt 0.437397 0.291393
vt 0.433043 0.291912
vt 0.402223 0.291393
vt 0.402090 0.291912
vt 0.455190 0.291393
vt 0.455190 0.291912
vt 0.437369 0.308477
vt 0.433000 0.309303
vt 0.402224 0.308477
vt 0.402086 0.309303
vt 0.455190 0.308477
vt 0.455190 0.309303
vt 0.437397 0.326871
vt 0.433040 0.328062
vt 0.402221 0.326871
vt 0.402088 0.328062
vt 0.455190 0.326871
vt 0.455190 0.328062
vt 0.423799 0.345946
vt 0.402131 0.347159
vt 0.401953 0.345946
vt 0.433356 0.347159
vt 0.454978 0.345946
vt 0.455190 0.347159
vt 0.430874 0.369132
vt 0.402085 0.369681
vt 0.401953 0.369132
vt 0.433008 0.369681
vt 0.455190 0.369132
vt 0.455190 0.369681
vt 0.437430 0.386328
vt 0.433009 0.386610
vt 0.402216 0.386328
vt 0.402085 0.386610
vt 0.455190 0.386328
vt 0.455190 0.386610
vt 0.437446 0.402553
vt 0.433013 0.402902
vt 0.402215 0.402553
vt 0.402085 0.402902
vt 0.455190 0.402553
vt 0.455190 0.402902
vt 0.415262 0.419034
vt 0.402085 0.419105
vt 0.401953 0.419034
vt 0.437443 0.419034
vt 0.433021 0.419105
vt 0.455190 0.419034
vt 0.455190 0.419105
vt 0.415262 0.434434
vt 0.402085 0.434577
vt 0.401953 0.434434
vt 0.437440 0.434434
vt 0.433018 0.434577
vt 0.455190 0.434434
vt 0.455190 0.434577
vt 0.415262 0.450094
vt 0.402087 0.450542
vt 0.401953 0.450094
vt 0.437454 0.450094
vt 0.433057 0.450542
vt 0.455190 0.450094
vt 0.455190 0.450542
vt 0.423966 0.466998
vt 0.415262 0.469754
vt 0.401953 0.466998
vt 0.401953 0.468413
vt 0.428571 0.469740
vt 0.441881 0.466998
vt 0.441881 0.469739
vt 0.455190 0.466998
vt 0.455190 0.468523
vt 0.258119 0.072622
vt 0.258119 0.072391
vt 0.230525 0.072622
vt 0.230525 0.072391
vt 0.285714 0.072622
vt 0.285714 0.072391
vt 0.313309 0.072622
vt 0.313309 0.072391
vt 0.340904 0.072622
vt 0.340904 0.072391
vt 0.424135 0.476058
vt 0.402085 0.476504
vt 0.401953 0.476058
vt 0.433008 0.476504
vt 0.455058 0.476058
vt 0.455190 0.476504
vt 0.494566 0.001953
vt 0.490180 0.002338
vt 0.459363 0.001953
vt 0.459230 0.002338
vt 0.512333 0.001953
vt 0.512333 0.002338
vt 0.494524 0.012997
vt 0.490147 0.013449
vt 0.459364 0.012997
vt 0.459230 0.013449
vt 0.512333 0.012997
vt 0.512333 0.013449
vt 0.494550 0.029889
vt 0.490179 0.030714
vt 0.459365 0.029889
vt 0.459231 0.030714
vt 0.512333 0.029889
vt 0.512333 0.030714
vt 0.472405 0.048225
vt 0.459229 0.049153
vt 0.459096 0.048225
vt 0.494498 0.048225
vt 0.490145 0.049153
vt 0.512333 0.048225
vt 0.512333 0.049153
vt 0.481168 0.066947
vt 0.476851 0.067810
vt 0.459096 0.066947
vt 0.459096 0.067810
vt 0.512186 0.066947
vt 0.499023 0.067810
vt 0.512333 0.067810
vt 0.481278 0.085479
vt 0.461356 0.088853
vt 0.459096 0.085479
vt 0.459096 0.087257
vt 0.474649 0.088853
vt 0.512201 0.085479
vt 0.493052 0.088856
vt 0.512333 0.087396
vt 0.258119 0.095858
vt 0.258119 0.095684
vt 0.230525 0.095858
vt 0.230525 0.095684
vt 0.285714 0.095858
vt 0.285714 0.095684
vt 0.313309 0.095858
vt 0.313309 0.095684
vt 0.340904 0.095858
vt 0.340904 0.095684
vt 0.481278 0.094722
vt 0.459228 0.094919
vt 0.459096 0.094722
vt 0.490150 0.094919
vt 0.512201 0.094722
vt 0.512333 0.094919
vt 0.583606 0.257053
vt 0.574245 0.257403
vt 0.573382 0.257053
vt 0.597979 0.257053
vt 0.597925 0.257403
vt 0.481197 0.113023
vt 0.459235 0.113442
vt 0.459096 0.113023
vt 0.490185 0.113442
vt 0.512183 0.113023
vt 0.512333 0.113442
vt 0.481193 0.129783
vt 0.476847 0.130196
vt 0.459096 0.129783
vt 0.459096 0.130196
vt 0.512191 0.129783
vt 0.512070 0.130196
vt 0.481253 0.146516
vt 0.459235 0.147011
vt 0.459096 0.146516
vt 0.490195 0.147011
vt 0.512193 0.146516
vt 0.512333 0.147011
vt 0.481276 0.159607
vt 0.476841 0.160467
vt 0.459096 0.159607
vt 0.459096 0.160467
vt 0.512201 0.159607
vt 0.499023 0.160467
vt 0.512333 0.160467
vt 0.276186 0.111984
vt 0.267462 0.113196
vt 0.230525 0.111984
vt 0.230525 0.113196
vt 0.313309 0.111984
vt 0.313309 0.113196
vt 0.340904 0.111984
vt 0.340904 0.113196
vt 0.258119 0.131249
vt 0.258119 0.131431
vt 0.230525 0.131249
vt 0.230525 0.131431
vt 0.285714 0.131249
vt 0.285714 0.131431
vt 0.313309 0.131249
vt 0.313309 0.131431
vt 0.340904 0.131249
vt 0.340904 0.131431
vt 0.481278 0.181966
vt 0.483411 0.181966
vt 0.459096 0.181966
vt 0.512201 0.181966
vt 0.512333 0.181966
vt 0.583654 0.275738
vt 0.574227 0.275913
vt 0.573382 0.275738
vt 0.597986 0.275738
vt 0.597926 0.275913
vt 0.481278 0.199745
vt 0.476852 0.199990
vt 0.459096 0.199745
vt 0.459096 0.199990
vt 0.512201 0.199745
vt 0.512071 0.199990
vt 0.481278 0.215805
vt 0.476848 0.216424
vt 0.459096 0.215805
vt 0.459096 0.216424
vt 0.512201 0.215805
vt 0.512072 0.216424
vt 0.481263 0.233345
vt 0.476856 0.234077
vt 0.459096 0.233345
vt 0.459096 0.234077
vt 0.512201 0.233345
vt 0.512071 0.234077
vt 0.481277 0.251232
vt 0.476881 0.251731
vt 0.459096 0.251232
vt 0.459096 0.251731
vt 0.512196 0.251232
vt 0.499023 0.251731
vt 0.512333 0.251731
vt 0.480947 0.268349
vt 0.461355 0.271499
vt 0.459096 0.268349
vt 0.459096 0.269775
vt 0.474666 0.271499
vt 0.512172 0.268349
vt 0.493131 0.271504
vt 0.512333 0.269948
vt 0.258119 0.157262
vt 0.230525 0.157262
vt 0.285714 0.157262
vt 0.313309 0.157262
vt 0.340904 0.157262
vt 0.481278 0.277369
vt 0.483411 0.277562
vt 0.459096 0.277369
vt 0.459096 0.277562
vt 0.512201 0.277369
vt 0.512333 0.277562
vt 0.481197 0.293197
vt 0.476866 0.293091
vt 0.459096 0.293197
vt 0.459096 0.293091
vt 0.512185 0.293197
vt 0.512067 0.293091
vt 0.481180 0.307904
vt 0.476840 0.307904
vt 0.459096 0.307904
vt 0.512192 0.307904
vt 0.512070 0.307904
vt 0.481183 0.322829
vt 0.476851 0.323078
vt 0.459096 0.322829
vt 0.459096 0.323078
vt 0.512189 0.322829
vt 0.512067 0.323078
vt 0.481081 0.338925
vt 0.476830 0.339264
vt 0.459096 0.338925
vt 0.459096 0.339264
vt 0.512186 0.338925
vt 0.499023 0.339264
vt 0.512333 0.339264
vt 0.472405 0.351824
vt 0.472405 0.351924
vt 0.459096 0.351824
vt 0.459096 0.351924
vt 0.494708 0.351824
vt 0.490339 0.351924
vt 0.512333 0.351824
vt 0.512333 0.351924
vt 0.472405 0.367382
vt 0.472405 0.369970
vt 0.459096 0.367382
vt 0.459096 0.368486
vt 0.494630 0.367382
vt 0.485714 0.369982
vt 0.499023 0.369966
vt 0.512333 0.367382
vt 0.512333 0.368581
vt 0.258119 0.181529
vt 0.258119 0.180741
vt 0.230525 0.181529
vt 0.230525 0.180741
vt 0.285714 0.181529
vt 0.285714 0.180741
vt 0.313309 0.181529
vt 0.313309 0.180741
vt 0.340904 0.181529
vt 0.340904 0.180741
vt 0.481278 0.376410
vt 0.459228 0.376710
vt 0.459096 0.376410
vt 0.490150 0.376710
vt 0.512201 0.376410
vt 0.512333 0.376710
vt 0.459370 0.392659
vt 0.467558 0.393396
vt 0.459096 0.393146
vt 0.494560 0.392659
vt 0.493077 0.393393
vt 0.512333 0.392659
vt 0.512333 0.393165
vt 0.494546 0.399247
vt 0.490178 0.399530
vt 0.459366 0.399247
vt 0.459231 0.399530
vt 0.512333 0.399247
vt 0.512333 0.399530
vt 0.494610 0.415462
vt 0.490193 0.415462
vt 0.459365 0.415462
vt 0.459228 0.415462
vt 0.512333 0.415462
vt 0.472405 0.430640
vt 0.459232 0.430729
vt 0.459096 0.430640
vt 0.494580 0.430640
vt 0.490196 0.430729
vt 0.512333 0.430640
vt 0.512333 0.430729
vt 0.472405 0.446080
vt 0.459230 0.445919
vt 0.459096 0.446080
vt 0.494609 0.446080
vt 0.490145 0.445919
vt 0.512333 0.446080
vt 0.512333 0.445919
vt 0.472405 0.460618
vt 0.459231 0.460726
vt 0.459096 0.460618
vt 0.494527 0.460618
vt 0.490165 0.460726
vt 0.512333 0.460618
vt 0.512333 0.460726
vt 0.258119 0.201937
vt 0.258119 0.203068
vt 0.230525 0.201937
vt 0.230525 0.201229
vt 0.285714 0.201940
vt 0.340904 0.201937
vt 0.340904 0.201939
vt 0.313309 0.201933
vt 0.583659 0.293547
vt 0.573443 0.294145
vt 0.573382 0.293547
vt 0.587770 0.294145
vt 0.597986 0.293547
vt 0.598047 0.294145
vt 0.597093 0.310948
vt 0.595931 0.311880
vt 0.573504 0.310948
vt 0.573444 0.311880
vt 0.494583 0.472888
vt 0.490162 0.473909
vt 0.459359 0.472888
vt 0.459228 0.473909
vt 0.512333 0.472888
vt 0.512333 0.473909
vt 0.551672 0.001953
vt 0.547291 0.002841
vt 0.516506 0.001953
vt 0.516373 0.002841
vt 0.569475 0.001953
vt 0.569475 0.002841
vt 0.529548 0.020534
vt 0.516371 0.021535
vt 0.516239 0.020534
vt 0.551707 0.020534
vt 0.547301 0.021535
vt 0.569475 0.020534
vt 0.569475 0.021535
vt 0.529548 0.039502
vt 0.534020 0.040158
vt 0.516239 0.039502
vt 0.516239 0.040158
vt 0.551590 0.039502
vt 0.556166 0.040158
vt 0.569475 0.039502
vt 0.569475 0.040158
vt 0.538353 0.057227
vt 0.529548 0.060281
vt 0.516239 0.057227
vt 0.516239 0.058991
vt 0.542857 0.060295
vt 0.569332 0.057227
vt 0.556166 0.060302
vt 0.569475 0.058886
vt 0.258119 0.209508
vt 0.258119 0.208975
vt 0.230525 0.209508
vt 0.230525 0.208975
vt 0.285714 0.209508
vt 0.285714 0.208975
vt 0.313309 0.209508
vt 0.313309 0.208975
vt 0.340904 0.209508
vt 0.340904 0.208975
vt 0.538421 0.066658
vt 0.516371 0.067118
vt 0.516239 0.066658
vt 0.547293 0.067118
vt 0.569343 0.066658
vt 0.569475 0.067118
vt 0.538389 0.083511
vt 0.532414 0.084442
vt 0.516239 0.083511
vt 0.516239 0.084208
vt 0.569341 0.083511
vt 0.569475 0.084247
vt 0.538425 0.090295
vt 0.533990 0.090812
vt 0.516239 0.090295
vt 0.516239 0.090812
vt 0.569341 0.090295
vt 0.569214 0.090812
vt 0.538398 0.107431
vt 0.533993 0.108231
vt 0.516239 0.107431
vt 0.516239 0.108231
vt 0.569341 0.107431
vt 0.556166 0.108231
vt 0.569475 0.108231
vt 0.538428 0.125668
vt 0.533992 0.126570
vt 0.516239 0.125668
vt 0.516239 0.126570
vt 0.569335 0.125668
vt 0.556166 0.126570
vt 0.569475 0.126570
vt 0.538428 0.144267
vt 0.516381 0.145176
vt 0.516239 0.144267
vt 0.547266 0.145176
vt 0.556166 0.144267
vt 0.569475 0.144267
vt 0.569475 0.145176
vt 0.258119 0.231407
vt 0.267392 0.232683
vt 0.230525 0.231407
vt 0.230525 0.232683
vt 0.303739 0.231407
vt 0.313309 0.232683
vt 0.340904 0.231407
vt 0.340904 0.232683
vt 0.258119 0.250835
vt 0.258119 0.251050
vt 0.230525 0.250835
vt 0.230525 0.251050
vt 0.285714 0.250835
vt 0.285714 0.251050
vt 0.313309 0.250835
vt 0.313309 0.251050
vt 0.340904 0.250835
vt 0.340904 0.251050
vt 0.538421 0.167025
vt 0.516371 0.167203
vt 0.516239 0.167025
vt 0.547293 0.167203
vt 0.569343 0.167025
vt 0.569475 0.167203
vt 0.551735 0.182795
vt 0.547308 0.183246
vt 0.516501 0.182795
vt 0.516371 0.183246
vt 0.569475 0.182795
vt 0.569475 0.183246
vt 0.551718 0.193995
vt 0.547291 0.194521
vt 0.516500 0.193995
vt 0.516371 0.194521
vt 0.569475 0.193995
vt 0.569475 0.194521
vt 0.551734 0.211161
vt 0.547315 0.212007
vt 0.516501 0.211161
vt 0.516371 0.212007
vt 0.569475 0.211161
vt 0.569475 0.212007
vt 0.529548 0.229581
vt 0.516371 0.230542
vt 0.516239 0.229581
vt 0.551674 0.229581
vt 0.547292 0.230542
vt 0.569475 0.229581
vt 0.569475 0.230542
vt 0.529548 0.248387
vt 0.516377 0.248965
vt 0.516239 0.248387
vt 0.551697 0.248387
vt 0.547389 0.248965
vt 0.569475 0.248387
vt 0.569475 0.248965
vt 0.276201 0.276985
vt 0.258119 0.277930
vt 0.230525 0.276985
vt 0.230525 0.277930
vt 0.294875 0.277930
vt 0.313309 0.276985
vt 0.340904 0.276985
vt 0.340904 0.277930
vt 0.258119 0.295083
vt 0.258119 0.294781
vt 0.230525 0.295083
vt 0.230525 0.294781
vt 0.285714 0.295083
vt 0.285714 0.294781
vt 0.313309 0.295083
vt 0.313309 0.294781
vt 0.340904 0.295083
vt 0.340904 0.294781
vt 0.594119 0.331727
vt 0.577311 0.332260
vt 0.573382 0.331727
vt 0.598047 0.332260
vt 0.597984 0.348860
vt 0.596391 0.349613
vt 0.575415 0.348860
vt 0.597983 0.385292
vt 0.597925 0.386455
vt 0.575379 0.385292
vt 0.574207 0.386455
vt 0.583631 0.404946
vt 0.581840 0.406501
vt 0.573382 0.404946
vt 0.573382 0.406429
vt 0.597984 0.404946
vt 0.598047 0.406470
vt 0.538270 0.269853
vt 0.533980 0.271089
vt 0.516239 0.269853
vt 0.516239 0.271089
vt 0.569330 0.269853
vt 0.569207 0.271089
vt 0.516508 0.282687
vt 0.533981 0.284316
vt 0.516239 0.284316
vt 0.551724 0.282687
vt 0.569213 0.284316
vt 0.569475 0.282687
vt 0.529548 0.303442
vt 0.516374 0.304978
vt 0.516239 0.303442
vt 0.551381 0.303442
vt 0.547902 0.304978
vt 0.569475 0.303442
vt 0.569475 0.304978
vt 0.058119 0.001953
vt 0.058119 0.002844
vt 0.001953 0.001953
vt 0.001953 0.002844
vt 0.114286 0.001953
vt 0.114286 0.002844
vt 0.170452 0.001953
vt 0.170452 0.002844
vt 0.226618 0.001953
vt 0.226618 0.002844
vt 0.058119 0.020491
vt 0.058119 0.024977
vt 0.001953 0.020491
vt 0.001953 0.024977
vt 0.114286 0.020491
vt 0.114286 0.024977
vt 0.170452 0.020491
vt 0.170452 0.024977
vt 0.226618 0.020491
vt 0.226618 0.024977
vt 0.058119 0.052967
vt 0.058119 0.058600
vt 0.001953 0.052967
vt 0.001953 0.058600
vt 0.114286 0.052967
vt 0.114286 0.058600
vt 0.170452 0.052967
vt 0.170452 0.058600
vt 0.226618 0.052967
vt 0.226618 0.058600
vt 0.058119 0.089894
vt 0.058119 0.111124
vt 0.001953 0.089894
vt 0.001953 0.111124
vt 0.114286 0.089894
vt 0.114286 0.111124
vt 0.170452 0.089894
vt 0.170452 0.111124
vt 0.226618 0.089894
vt 0.226618 0.111124
vt 0.577397 0.452083
vt 0.598047 0.451639
vt 0.579669 0.451639
vt 0.596602 0.482008
vt 0.595505 0.480137
vt 0.573463 0.480137
vt 0.604096 0.127684
vt 0.611094 0.125522
vt 0.601953 0.126220
vt 0.626618 0.126201
vt 0.624600 0.125014
vt 0.614218 0.121840
vt 0.601953 0.122515
vt 0.626618 0.122557
vt 0.576874 0.464465
vt 0.582298 0.463134
vt 0.573382 0.463134
vt 0.597951 0.464465
vt 0.597789 0.463134
vt 0.596899 0.477209
vt 0.582157 0.476166
vt 0.573382 0.476852
vt 0.598047 0.476856
vt 0.605553 0.131368
vt 0.615360 0.128791
vt 0.601953 0.129455
vt 0.626431 0.131355
vt 0.058119 0.186848
vt 0.058119 0.207830
vt 0.001953 0.186848
vt 0.001953 0.207830
vt 0.114286 0.186848
vt 0.114286 0.207830
vt 0.170452 0.186848
vt 0.170452 0.207830
vt 0.226618 0.186848
vt 0.226618 0.207830
vt 0.604457 0.154341
vt 0.623333 0.156194
vt 0.602063 0.156194
vt 0.740845 0.066735
vt 0.731110 0.065406
vt 0.733187 0.066735
vt 0.603131 0.164395
vt 0.622729 0.166491
vt 0.602037 0.166491
vt 0.614215 0.174711
vt 0.626618 0.173575
vt 0.612040 0.173575
vt 0.605725 0.196667
vt 0.626618 0.194739
vt 0.614494 0.194739
vt 0.740845 0.335469
vt 0.731152 0.333105
vt 0.732843 0.335469
vt 0.058119 0.282847
vt 0.058119 0.300461
vt 0.001953 0.282847
vt 0.001953 0.300461
vt 0.114286 0.282847
vt 0.114286 0.300461
vt 0.170452 0.282847
vt 0.170452 0.300461
vt 0.226618 0.282847
vt 0.226618 0.300461
vt 0.626495 0.228730
vt 0.626817 0.228008
vt 0.604420 0.228730
vt 0.604313 0.228008
vt 0.617469 0.219772
vt 0.613168 0.218597
vt 0.601953 0.219772
vt 0.626618 0.218597
vt 0.602256 0.270861
vt 0.611587 0.268939
vt 0.601953 0.268939
vt 0.617761 0.270861
vt 0.626618 0.270861
vt 0.604991 0.254897
vt 0.622613 0.253970
vt 0.602075 0.253970
vt 0.626519 0.254897
vt 0.058119 0.365854
vt 0.058119 0.383094
vt 0.001953 0.365854
vt 0.001953 0.383094
vt 0.114286 0.365854
vt 0.114286 0.383094
vt 0.170452 0.365854
vt 0.170452 0.383094
vt 0.226618 0.365854
vt 0.226618 0.383094
vt 0.736627 0.482599
vt 0.736502 0.477397
vt 0.731008 0.482730
vt 0.619502 0.278658
vt 0.616862 0.276834
vt 0.601953 0.276834
vt 0.621897 0.300638
vt 0.617457 0.299286
vt 0.601953 0.299286
vt 0.258119 0.318537
vt 0.258119 0.332776
vt 0.230525 0.318537
vt 0.230525 0.332776
vt 0.285714 0.318537
vt 0.285714 0.332776
vt 0.313309 0.318537
vt 0.313309 0.332776
vt 0.340904 0.318537
vt 0.340904 0.332776
vt 0.619270 0.323117
vt 0.615806 0.339301
vt 0.602030 0.339301
vt 0.626618 0.339301
vt 0.516561 0.328243
vt 0.534460 0.338944
vt 0.516239 0.338944
vt 0.551359 0.328243
vt 0.569029 0.338944
vt 0.569475 0.328243
vt 0.540580 0.354498
vt 0.516476 0.362868
vt 0.516239 0.354498
vt 0.542857 0.362868
vt 0.569056 0.354498
vt 0.570061 0.362868
vt 0.614286 0.395205
vt 0.614225 0.398849
vt 0.603286 0.395205
vt 0.761967 0.433321
vt 0.763867 0.439661
vt 0.759096 0.440471
vt 0.769475 0.440471
vt 0.602115 0.436268
vt 0.616021 0.438663
vt 0.601953 0.438663
vt 0.626110 0.436268
vt 0.764981 0.465195
vt 0.767014 0.465761
vt 0.758618 0.465195
vt 0.625162 0.462643
vt 0.603183 0.464619
vt 0.602081 0.462643
vt 0.632475 0.001953
vt 0.640566 0.021883
vt 0.630525 0.021883
vt 0.655580 0.021883
vt 0.549086 0.376764
vt 0.542857 0.388997
vt 0.519030 0.376764
vt 0.516503 0.388997
vt 0.568884 0.388997
vt 0.569475 0.376764
vt 0.631005 0.042286
vt 0.642695 0.044390
vt 0.630525 0.044390
vt 0.642857 0.042286
vt 0.655190 0.042286
vt 0.655190 0.044390
vt 0.649023 0.042286
vt 0.540230 0.405261
vt 0.536108 0.417442
vt 0.516239 0.405261
vt 0.516239 0.417442
vt 0.569262 0.405261
vt 0.569979 0.417442
vt 0.806900 0.247322
vt 0.807448 0.253138
vt 0.801953 0.253944
vt 0.812333 0.253949
vt 0.642857 0.120409
vt 0.652077 0.124063
vt 0.631114 0.120409
vt 0.654920 0.120409
vt 0.642857 0.156817
vt 0.645869 0.159292
vt 0.630353 0.156817
vt 0.630588 0.159292
vt 0.654874 0.156817
vt 0.655190 0.159292
vt 0.811232 0.444085
vt 0.810108 0.446597
vt 0.801982 0.444085
vt 0.825926 0.051667
vt 0.826030 0.050940
vt 0.816251 0.051667
vt 0.819285 0.140582
vt 0.821743 0.150151
vt 0.816239 0.150963
vt 0.826618 0.150958
vt 0.640800 0.181729
vt 0.630597 0.182635
vt 0.630525 0.181729
vt 0.654665 0.182635
vt 0.655126 0.181729
vt 0.826583 0.254612
vt 0.817388 0.255144
vt 0.819787 0.254612
vt 0.636691 0.203180
vt 0.630695 0.207268
vt 0.630525 0.203180
vt 0.643018 0.203180
vt 0.645920 0.207268
vt 0.655190 0.203180
vt 0.826591 0.344548
vt 0.817205 0.346175
vt 0.817966 0.344548
vt 0.826558 0.442625
vt 0.817268 0.444590
vt 0.819865 0.442625
vt 0.258119 0.388527
vt 0.258119 0.393106
vt 0.230525 0.388527
vt 0.230525 0.393106
vt 0.285714 0.388527
vt 0.285714 0.393106
vt 0.313309 0.388527
vt 0.313309 0.393106
vt 0.340904 0.388527
vt 0.340904 0.393106
vt 0.646330 0.233872
vt 0.654897 0.247638
vt 0.630745 0.247638
vt 0.646947 0.342049
vt 0.644988 0.347873
vt 0.630644 0.342049
vt 0.630598 0.347873
vt 0.655190 0.342049
vt 0.655190 0.347873
vt 0.638090 0.386171
vt 0.641533 0.391409
vt 0.630525 0.392120
vt 0.655190 0.392083
vt 0.838997 0.115874
vt 0.838501 0.115874
vt 0.830587 0.115874
vt 0.630535 0.379800
vt 0.644217 0.380331
vt 0.630525 0.381017
vt 0.655335 0.379800
vt 0.655190 0.381027
vt 0.632033 0.295108
vt 0.643296 0.302175
vt 0.630525 0.302175
vt 0.645296 0.295108
vt 0.655190 0.295108
vt 0.655190 0.302175
vt 0.630726 0.397252
vt 0.640994 0.399517
vt 0.630525 0.400222
vt 0.654396 0.397252
vt 0.655190 0.400196
vt 0.631903 0.335427
vt 0.642824 0.336205
vt 0.630525 0.336891
vt 0.655190 0.336902
vt 0.848003 0.030025
vt 0.850277 0.038649
vt 0.844810 0.039632
vt 0.855190 0.039566
vt 0.655120 0.405362
vt 0.654593 0.409186
vt 0.638323 0.405362
vt 0.632604 0.409186
vt 0.855110 0.044491
vt 0.854632 0.043440
vt 0.847517 0.044491
vt 0.854206 0.080013
vt 0.846523 0.080375
vt 0.845787 0.080013
vt 0.642857 0.419220
vt 0.632576 0.423975
vt 0.631000 0.419220
vt 0.654841 0.419220
vt 0.655045 0.423975
vt 0.853941 0.126787
vt 0.854473 0.126255
vt 0.846092 0.126787
vt 0.675508 0.045046
vt 0.673531 0.051170
vt 0.659234 0.045046
vt 0.659157 0.051170
vt 0.683761 0.045046
vt 0.683761 0.051170
vt 0.675491 0.001953
vt 0.660111 0.005772
vt 0.659229 0.001953
vt 0.683639 0.005772
vt 0.683761 0.001953
vt 0.868188 0.174835
vt 0.863799 0.177534
vt 0.859096 0.178492
vt 0.869475 0.178490
vt 0.682650 0.107082
vt 0.660371 0.107429
vt 0.659238 0.107082
vt 0.860127 0.351774
vt 0.864038 0.355205
vt 0.859096 0.356159
vt 0.869475 0.356168
vt 0.681793 0.135844
vt 0.660358 0.137761
vt 0.659260 0.135844
vt 0.258119 0.431026
vt 0.258119 0.433563
vt 0.230525 0.431026
vt 0.230525 0.433563
vt 0.285714 0.431026
vt 0.285714 0.433563
vt 0.313309 0.431026
vt 0.313309 0.433563
vt 0.340904 0.431026
vt 0.340904 0.433563
vt 0.874084 0.042443
vt 0.878599 0.056282
vt 0.873382 0.057088
vt 0.883761 0.057088
vt 0.659158 0.147654
vt 0.668511 0.153633
vt 0.659096 0.153633
vt 0.682474 0.147654
vt 0.683927 0.153633
vt 0.883722 0.146202
vt 0.883049 0.148923
vt 0.874293 0.146202
vt 0.659793 0.168400
vt 0.667292 0.175116
vt 0.659096 0.175116
vt 0.671429 0.168400
vt 0.683525 0.168400
vt 0.683628 0.175116
vt 0.679081 0.193797
vt 0.671493 0.194957
vt 0.659096 0.195694
vt 0.683761 0.195694
vt 0.679443 0.200801
vt 0.667724 0.200566
vt 0.659096 0.201301
vt 0.683761 0.201301
vt 0.874725 0.441236
vt 0.878593 0.449659
vt 0.873382 0.450465
vt 0.883761 0.450465
vt 0.683673 0.206408
vt 0.683612 0.216409
vt 0.661722 0.206408
vt 0.660350 0.216409
vt 0.896330 0.037889
vt 0.896714 0.043504
vt 0.887702 0.037889
vt 0.682086 0.231755
vt 0.665022 0.235271
vt 0.659197 0.231755
vt 0.683761 0.235271
vt 0.660344 0.253507
vt 0.667880 0.253491
vt 0.659096 0.254239
vt 0.683761 0.254233
vt 0.666066 0.259332
vt 0.671967 0.258419
vt 0.659096 0.259156
vt 0.683640 0.259332
vt 0.683761 0.259156
vt 0.673139 0.264263
vt 0.670941 0.264085
vt 0.659096 0.264832
vt 0.683761 0.264263
vt 0.683761 0.264833
vt 0.658904 0.269928
vt 0.670574 0.270984
vt 0.659096 0.271738
vt 0.674049 0.269928
vt 0.683761 0.269928
vt 0.683761 0.271735
vt 0.276516 0.463126
vt 0.258119 0.466894
vt 0.230525 0.463126
vt 0.230525 0.465434
vt 0.285714 0.466893
vt 0.313309 0.463126
vt 0.313309 0.466893
vt 0.340904 0.463126
vt 0.340904 0.465462
vt 0.669762 0.276832
vt 0.671290 0.285290
vt 0.659096 0.285939
vt 0.683761 0.285967
vt 0.659372 0.291135
vt 0.667755 0.297460
vt 0.659096 0.298124
vt 0.675774 0.291135
vt 0.683761 0.291135
vt 0.683761 0.298106
vt 0.667293 0.303304
vt 0.668886 0.312238
vt 0.659096 0.312905
vt 0.683761 0.312905
vt 0.668872 0.318083
vt 0.668173 0.325381
vt 0.659096 0.318083
vt 0.659096 0.326054
vt 0.683689 0.318083
vt 0.683761 0.326023
vt 0.912277 0.301754
vt 0.908728 0.303280
vt 0.904372 0.301754
vt 0.529548 0.433427
vt 0.516371 0.433427
vt 0.516239 0.433427
vt 0.551730 0.433427
vt 0.547293 0.433427
vt 0.569475 0.433427
vt 0.926578 0.083412
vt 0.916932 0.085097
vt 0.919145 0.083412
vt 0.672496 0.331228
vt 0.659157 0.331878
vt 0.659096 0.331228
vt 0.681657 0.331878
vt 0.683761 0.331228
vt 0.680890 0.348893
vt 0.667541 0.349390
vt 0.659096 0.349390
vt 0.683663 0.349390
vt 0.926618 0.434586
vt 0.925478 0.441985
vt 0.919049 0.433996
vt 0.924582 0.474483
vt 0.925866 0.481229
vt 0.916239 0.474483
vt 0.940243 0.145929
vt 0.939384 0.147335
vt 0.930722 0.145929
vt 0.940103 0.410626
vt 0.932403 0.411791
vt 0.930845 0.410626
vt 0.365512 0.174515
vt 0.344942 0.182334
vt 0.344810 0.174515
vt 0.375899 0.182334
vt 0.384738 0.174515
vt 0.398047 0.174516
vt 0.398047 0.182334
vt 0.683761 0.366718
vt 0.674844 0.366718
vt 0.665262 0.366718
vt 0.661156 0.374232
vt 0.659096 0.366718
vt 0.659096 0.374079
vt 0.667333 0.374233
vt 0.675771 0.374230
vt 0.683761 0.374045
vt 0.398047 0.196503
vt 0.398047 0.196567
vt 0.384738 0.196503
vt 0.358119 0.196503
vt 0.344950 0.203906
vt 0.344810 0.196503
vt 0.371429 0.196503
vt 0.375889 0.203906
vt 0.398047 0.203906
vt 0.398047 0.212140
vt 0.398047 0.212608
vt 0.384738 0.212140
vt 0.358119 0.212141
vt 0.344941 0.220676
vt 0.344810 0.212141
vt 0.371429 0.212140
vt 0.376132 0.220676
vt 0.398047 0.220676
vt 0.398047 0.229009
vt 0.398047 0.229533
vt 0.384738 0.229009
vt 0.358119 0.229011
vt 0.358119 0.237759
vt 0.344810 0.229009
vt 0.344810 0.237759
vt 0.371429 0.229009
vt 0.375657 0.237759
vt 0.398047 0.237759
vt 0.398047 0.245727
vt 0.398047 0.245953
vt 0.384738 0.245727
vt 0.358119 0.245728
vt 0.358119 0.255122
vt 0.344810 0.245728
vt 0.344810 0.253970
vt 0.371429 0.245727
vt 0.371429 0.255164
vt 0.384738 0.255201
vt 0.398047 0.253767
vt 0.112333 0.461464
vt 0.084738 0.461464
vt 0.029548 0.461464
vt 0.029548 0.469509
vt 0.001953 0.461464
vt 0.001953 0.469509
vt 0.057143 0.461464
vt 0.057143 0.469509
vt 0.084738 0.469509
vt 0.112333 0.469509
vt 0.001953 0.476380
vt 0.029548 0.476415
vt 0.001953 0.478496
vt 0.057143 0.476404
vt 0.057143 0.487077
vt 0.084738 0.476402
vt 0.084738 0.486698
vt 0.112333 0.476362
vt 0.029548 0.487193
vt 0.001953 0.485512
vt 0.112333 0.485376
vt 0.582973 0.129261
vt 0.573449 0.137501
vt 0.573382 0.129262
vt 0.595683 0.137501
vt 0.591881 0.129261
vt 0.598047 0.129263
vt 0.598047 0.145773
vt 0.598047 0.146273
vt 0.589121 0.145773
vt 0.573487 0.145774
vt 0.578680 0.154355
vt 0.573382 0.154509
vt 0.590043 0.154351
vt 0.598047 0.154473
vt 0.398047 0.265933
vt 0.398047 0.266502
vt 0.378503 0.265933
vt 0.358119 0.265936
vt 0.344980 0.274784
vt 0.344810 0.265934
vt 0.375410 0.274784
vt 0.398047 0.274784
vt 0.398047 0.283192
vt 0.398047 0.283845
vt 0.384738 0.283192
vt 0.358119 0.283194
vt 0.344938 0.292238
vt 0.344810 0.283193
vt 0.371429 0.283193
vt 0.377763 0.292238
vt 0.398047 0.292238
vt 0.340904 0.473358
vt 0.340904 0.474061
vt 0.313309 0.473357
vt 0.258119 0.473364
vt 0.258119 0.485315
vt 0.230525 0.473359
vt 0.230525 0.483303
vt 0.285714 0.473360
vt 0.285714 0.485289
vt 0.313309 0.485245
vt 0.340904 0.483635
vt 0.226618 0.461479
vt 0.226618 0.462047
vt 0.199023 0.461479
vt 0.143834 0.461482
vt 0.143834 0.470270
vt 0.116239 0.461480
vt 0.116239 0.470270
vt 0.171429 0.461480
vt 0.171429 0.470270
vt 0.199023 0.470270
vt 0.226618 0.470270
vt 0.116239 0.478963
vt 0.143834 0.478969
vt 0.116239 0.479368
vt 0.143834 0.488040
vt 0.116239 0.488040
vt 0.171429 0.478966
vt 0.171429 0.488040
vt 0.199023 0.478960
vt 0.199023 0.488040
vt 0.226618 0.478981
vt 0.226618 0.488040
vt 0.230525 0.005809
vt 0.258119 0.005846
vt 0.230525 0.009687
vt 0.313309 0.005823
vt 0.313309 0.020427
vt 0.285714 0.005840
vt 0.340904 0.005824
vt 0.258119 0.020888
vt 0.230525 0.018704
vt 0.285714 0.020884
vt 0.340904 0.018531
vt 0.358119 0.309161
vt 0.362919 0.317603
vt 0.344810 0.309162
vt 0.344810 0.317603
vt 0.378824 0.309161
vt 0.397766 0.317603
vt 0.398047 0.309162
vt 0.668644 0.380084
vt 0.668376 0.389218
vt 0.659096 0.380087
vt 0.659096 0.389249
vt 0.677595 0.380083
vt 0.683761 0.380090
vt 0.683761 0.389196
vt 0.358119 0.332985
vt 0.362398 0.342211
vt 0.344810 0.332988
vt 0.344810 0.342211
vt 0.378563 0.332983
vt 0.397782 0.342211
vt 0.398047 0.332989
vt 0.365474 0.350475
vt 0.363688 0.359091
vt 0.344810 0.350475
vt 0.344810 0.359091
vt 0.384738 0.350474
vt 0.384738 0.359091
vt 0.398047 0.350482
vt 0.398047 0.359091
vt 0.358119 0.367447
vt 0.362613 0.376296
vt 0.344810 0.367444
vt 0.344810 0.376296
vt 0.371429 0.367445
vt 0.384738 0.367443
vt 0.384738 0.376296
vt 0.398047 0.367450
vt 0.398047 0.376296
vt 0.358119 0.384452
vt 0.362255 0.392790
vt 0.344810 0.384452
vt 0.344810 0.392790
vt 0.371429 0.384451
vt 0.384738 0.384450
vt 0.384738 0.392790
vt 0.398047 0.384453
vt 0.398047 0.392790
vt 0.372405 0.001955
vt 0.372405 0.013153
vt 0.344810 0.001954
vt 0.344810 0.011539
vt 0.400000 0.001955
vt 0.400000 0.013211
vt 0.427595 0.001953
vt 0.427595 0.013194
vt 0.455190 0.001956
vt 0.455190 0.011194
vt 0.258119 0.031403
vt 0.258119 0.042257
vt 0.230525 0.031394
vt 0.230525 0.039519
vt 0.285714 0.031404
vt 0.340904 0.031388
vt 0.340904 0.034018
vt 0.313309 0.031407
vt 0.285714 0.042657
vt 0.313309 0.042658
vt 0.340904 0.041320
vt 0.358119 0.410035
vt 0.362575 0.418391
vt 0.344810 0.410037
vt 0.344810 0.418391
vt 0.378820 0.410035
vt 0.397786 0.418391
vt 0.398047 0.410035
vt 0.366984 0.426642
vt 0.362800 0.427554
vt 0.344810 0.426642
vt 0.344810 0.427433
vt 0.397914 0.426642
vt 0.398047 0.427353
vt 0.669214 0.395067
vt 0.664082 0.399636
vt 0.659096 0.395067
vt 0.659096 0.399437
vt 0.683699 0.395067
vt 0.675762 0.399634
vt 0.683761 0.399394
vt 0.358119 0.437820
vt 0.362606 0.446604
vt 0.344810 0.437821
vt 0.344810 0.446604
vt 0.378396 0.437819
vt 0.384738 0.446604
vt 0.398047 0.437820
vt 0.398047 0.446604
vt 0.358119 0.454792
vt 0.362528 0.463183
vt 0.344810 0.454794
vt 0.344810 0.463183
vt 0.371429 0.454792
vt 0.384738 0.454791
vt 0.397786 0.463183
vt 0.398047 0.454792
vt 0.358119 0.471453
vt 0.362731 0.480078
vt 0.344810 0.471452
vt 0.344810 0.480078
vt 0.371429 0.471452
vt 0.384738 0.471451
vt 0.384738 0.480078
vt 0.398047 0.471451
vt 0.398047 0.480078
vt 0.367131 0.488091
vt 0.363161 0.488344
vt 0.344810 0.488091
vt 0.344810 0.488344
vt 0.397894 0.488091
vt 0.384738 0.488344
vt 0.398047 0.488344
vt 0.424231 0.170413
vt 0.402086 0.174183
vt 0.401953 0.170413
vt 0.433225 0.174183
vt 0.455048 0.170413
vt 0.455190 0.174183
vt 0.415262 0.182489
vt 0.402086 0.190736
vt 0.401953 0.182489
vt 0.428571 0.182490
vt 0.433745 0.190736
vt 0.441881 0.182489
vt 0.455190 0.182492
vt 0.455190 0.190736
vt 0.415262 0.198774
vt 0.404200 0.208716
vt 0.401953 0.198776
vt 0.401953 0.207445
vt 0.428571 0.198775
vt 0.417509 0.208717
vt 0.441881 0.198775
vt 0.435957 0.208719
vt 0.455190 0.198781
vt 0.455190 0.207550
vt 0.579548 0.164391
vt 0.574111 0.172485
vt 0.573382 0.164392
vt 0.589140 0.164391
vt 0.597923 0.172485
vt 0.598047 0.164391
vt 0.582991 0.180646
vt 0.574105 0.188952
vt 0.573382 0.180648
vt 0.597963 0.180645
vt 0.597924 0.188952
vt 0.575715 0.197185
vt 0.581807 0.197878
vt 0.573382 0.197805
vt 0.597978 0.197185
vt 0.598047 0.197831
vt 0.537984 0.455391
vt 0.532545 0.460007
vt 0.516239 0.455391
vt 0.516239 0.459791
vt 0.569331 0.455391
vt 0.569475 0.459816
vt 0.582983 0.208278
vt 0.578116 0.217683
vt 0.573382 0.208280
vt 0.573382 0.217574
vt 0.597964 0.208277
vt 0.589943 0.217680
vt 0.598047 0.217568
vt 0.415262 0.219226
vt 0.402120 0.228650
vt 0.401953 0.219224
vt 0.435520 0.219226
vt 0.432635 0.228650
vt 0.455190 0.219224
vt 0.455190 0.228650
vt 0.415262 0.236950
vt 0.402088 0.245704
vt 0.401953 0.236949
vt 0.428571 0.236951
vt 0.433510 0.245704
vt 0.441881 0.236950
vt 0.455190 0.236949
vt 0.455190 0.245704
vt 0.455190 0.019917
vt 0.455190 0.020350
vt 0.427595 0.019919
vt 0.372405 0.019916
vt 0.372405 0.031499
vt 0.344810 0.019924
vt 0.344810 0.030027
vt 0.400000 0.019921
vt 0.400000 0.031557
vt 0.427595 0.031592
vt 0.455190 0.029538
vt 0.230525 0.052853
vt 0.258119 0.052853
vt 0.230525 0.054444
vt 0.258119 0.065585
vt 0.285714 0.052859
vt 0.340904 0.052847
vt 0.340904 0.056452
vt 0.313309 0.052855
vt 0.230525 0.064603
vt 0.285714 0.066116
vt 0.313309 0.066115
vt 0.340904 0.064694
vt 0.579548 0.227593
vt 0.573449 0.235308
vt 0.573382 0.227593
vt 0.589140 0.227593
vt 0.596226 0.235308
vt 0.598047 0.227593
vt 0.582995 0.243309
vt 0.578046 0.251205
vt 0.573382 0.243309
vt 0.573382 0.251265
vt 0.591881 0.243309
vt 0.589971 0.251200
vt 0.598047 0.243310
vt 0.598047 0.251278
vt 0.415262 0.262685
vt 0.402104 0.270727
vt 0.401953 0.262684
vt 0.435711 0.262685
vt 0.432851 0.270727
vt 0.455190 0.262685
vt 0.455190 0.270727
vt 0.422831 0.278959
vt 0.402091 0.287486
vt 0.401953 0.278958
vt 0.433208 0.287486
vt 0.441881 0.278959
vt 0.455190 0.278961
vt 0.455190 0.287486
vt 0.415262 0.295820
vt 0.402091 0.304571
vt 0.401953 0.295819
vt 0.435771 0.295821
vt 0.432947 0.304571
vt 0.455190 0.295826
vt 0.455190 0.304571
vt 0.415262 0.313210
vt 0.402093 0.322964
vt 0.401953 0.313209
vt 0.428571 0.313213
vt 0.432940 0.322964
vt 0.441881 0.313210
vt 0.455190 0.313219
vt 0.455190 0.322964
vt 0.401953 0.331968
vt 0.415262 0.331967
vt 0.401953 0.332721
vt 0.455190 0.331968
vt 0.455190 0.332721
vt 0.441881 0.331971
vt 0.420526 0.342040
vt 0.401953 0.342040
vt 0.428571 0.331972
vt 0.441881 0.342040
vt 0.455190 0.342040
vt 0.401953 0.351066
vt 0.415262 0.351069
vt 0.401953 0.352337
vt 0.404199 0.363274
vt 0.401953 0.362542
vt 0.428571 0.351071
vt 0.417507 0.363274
vt 0.441881 0.351073
vt 0.435962 0.363274
vt 0.455190 0.351087
vt 0.455190 0.362558
vt 0.415262 0.373587
vt 0.402085 0.382421
vt 0.401953 0.373587
vt 0.435965 0.373587
vt 0.433049 0.382421
vt 0.455190 0.373591
vt 0.455190 0.382421
vt 0.422740 0.390518
vt 0.402085 0.398646
vt 0.401953 0.390517
vt 0.433165 0.398646
vt 0.441881 0.390518
vt 0.455190 0.390521
vt 0.455190 0.398646
vt 0.415262 0.406809
vt 0.402086 0.415128
vt 0.401953 0.406810
vt 0.435905 0.406810
vt 0.433032 0.415128
vt 0.455190 0.406813
vt 0.455190 0.415128
vt 0.415262 0.423011
vt 0.402087 0.430528
vt 0.401953 0.423011
vt 0.428571 0.423011
vt 0.433020 0.430528
vt 0.441881 0.423011
vt 0.455190 0.423012
vt 0.455190 0.430528
vt 0.415262 0.438483
vt 0.402086 0.446188
vt 0.401953 0.438484
vt 0.428571 0.438484
vt 0.433143 0.446188
vt 0.441881 0.438483
vt 0.455190 0.438484
vt 0.455190 0.446188
vt 0.415262 0.454448
vt 0.418771 0.463092
vt 0.401953 0.454454
vt 0.401953 0.463092
vt 0.428571 0.454450
vt 0.441881 0.454450
vt 0.441881 0.463092
vt 0.455190 0.454449
vt 0.455190 0.463092
vt 0.344810 0.038300
vt 0.372405 0.038298
vt 0.344810 0.038691
vt 0.372405 0.050024
vt 0.344810 0.048393
vt 0.400000 0.038303
vt 0.400000 0.050048
vt 0.427595 0.038304
vt 0.427595 0.050122
vt 0.455190 0.038301
vt 0.455190 0.048080
vt 0.258119 0.076297
vt 0.258119 0.088931
vt 0.230525 0.076297
vt 0.230525 0.079767
vt 0.285714 0.076293
vt 0.230525 0.087915
vt 0.285714 0.089348
vt 0.313309 0.076314
vt 0.313309 0.089350
vt 0.340904 0.076302
vt 0.340904 0.087835
vt 0.415262 0.480410
vt 0.402095 0.488971
vt 0.401953 0.480411
vt 0.435963 0.480410
vt 0.432921 0.488971
vt 0.455190 0.480411
vt 0.455190 0.488971
vt 0.459357 0.006244
vt 0.484147 0.007144
vt 0.459096 0.006899
vt 0.494685 0.006244
vt 0.512333 0.006244
vt 0.512333 0.007022
vt 0.659218 0.405488
vt 0.661168 0.409956
vt 0.659096 0.409721
vt 0.675657 0.405488
vt 0.673554 0.409953
vt 0.683761 0.405488
vt 0.683761 0.409787
vt 0.480044 0.017356
vt 0.459231 0.025983
vt 0.459096 0.017360
vt 0.490475 0.025983
vt 0.499023 0.017356
vt 0.512333 0.017358
vt 0.512333 0.025983
vt 0.479861 0.034621
vt 0.459247 0.044319
vt 0.459096 0.034626
vt 0.489924 0.044319
vt 0.499023 0.034622
vt 0.512333 0.034626
vt 0.512333 0.044319
vt 0.472405 0.053058
vt 0.477025 0.063041
vt 0.459096 0.053074
vt 0.459096 0.063041
vt 0.485714 0.053061
vt 0.499023 0.053062
vt 0.499023 0.063041
vt 0.512333 0.053061
vt 0.512333 0.063041
vt 0.459096 0.071717
vt 0.472405 0.071717
vt 0.459096 0.072654
vt 0.477169 0.081573
vt 0.459096 0.081573
vt 0.485714 0.071719
vt 0.499023 0.071721
vt 0.499023 0.081573
vt 0.512333 0.071717
vt 0.512333 0.081573
vt 0.344810 0.057011
vt 0.372405 0.057009
vt 0.344810 0.057815
vt 0.372405 0.069906
vt 0.344810 0.068235
vt 0.400000 0.057010
vt 0.400000 0.069867
vt 0.427595 0.057020
vt 0.427595 0.069923
vt 0.455190 0.057025
vt 0.455190 0.068134
vt 0.258119 0.099589
vt 0.258119 0.105526
vt 0.230525 0.099589
vt 0.230525 0.104114
vt 0.285714 0.099590
vt 0.285714 0.105541
vt 0.313309 0.099589
vt 0.313309 0.105513
vt 0.340904 0.099589
vt 0.340904 0.104172
vt 0.538876 0.465858
vt 0.529548 0.471448
vt 0.516239 0.465858
vt 0.516239 0.470088
vt 0.542857 0.471445
vt 0.556166 0.465858
vt 0.556166 0.471448
vt 0.569475 0.465858
vt 0.569475 0.470116
vt 0.479796 0.098826
vt 0.477072 0.107170
vt 0.459096 0.098827
vt 0.459096 0.107015
vt 0.499023 0.098826
vt 0.512333 0.098826
vt 0.512333 0.106936
vt 0.582985 0.261309
vt 0.575455 0.269889
vt 0.573382 0.261317
vt 0.573382 0.269729
vt 0.587731 0.269886
vt 0.591881 0.261310
vt 0.598047 0.261310
vt 0.598047 0.269786
vt 0.479999 0.117348
vt 0.477230 0.125876
vt 0.459096 0.117359
vt 0.459096 0.125876
vt 0.499023 0.117350
vt 0.499023 0.125876
vt 0.512333 0.117348
vt 0.512333 0.125876
vt 0.459096 0.134102
vt 0.472405 0.134102
vt 0.459096 0.134555
vt 0.476543 0.142610
vt 0.459096 0.142610
vt 0.485714 0.134103
vt 0.499023 0.134104
vt 0.499023 0.142610
vt 0.512333 0.134102
vt 0.512333 0.142610
vt 0.472405 0.150918
vt 0.472405 0.153216
vt 0.459096 0.150918
vt 0.459096 0.152029
vt 0.494475 0.150918
vt 0.485714 0.153223
vt 0.499023 0.153259
vt 0.512333 0.150918
vt 0.512333 0.151855
vt 0.390237 0.076732
vt 0.372405 0.083249
vt 0.344810 0.076732
vt 0.344810 0.081916
vt 0.400000 0.083252
vt 0.454917 0.076732
vt 0.427595 0.083275
vt 0.455190 0.081786
vt 0.459096 0.164374
vt 0.472405 0.164374
vt 0.459096 0.165297
vt 0.472405 0.175718
vt 0.459096 0.174452
vt 0.485714 0.164375
vt 0.485714 0.175734
vt 0.499023 0.164379
vt 0.499023 0.175707
vt 0.512333 0.164378
vt 0.512333 0.174488
vt 0.230525 0.117102
vt 0.258119 0.117104
vt 0.230525 0.117898
vt 0.340904 0.117102
vt 0.340904 0.117898
vt 0.313309 0.117111
vt 0.258119 0.127343
vt 0.230525 0.127343
vt 0.285714 0.117100
vt 0.285714 0.127343
vt 0.313309 0.127343
vt 0.340904 0.127343
vt 0.230525 0.135337
vt 0.258119 0.135345
vt 0.230525 0.137023
vt 0.285714 0.135336
vt 0.285714 0.150012
vt 0.313309 0.135337
vt 0.313309 0.150027
vt 0.340904 0.135337
vt 0.340904 0.139641
vt 0.258119 0.150489
vt 0.230525 0.148682
vt 0.340904 0.148890
vt 0.479798 0.185938
vt 0.476937 0.193893
vt 0.459096 0.185938
vt 0.459096 0.193757
vt 0.499023 0.185938
vt 0.512333 0.185938
vt 0.512333 0.193689
vt 0.573382 0.279819
vt 0.579548 0.279819
vt 0.573382 0.280030
vt 0.575452 0.287700
vt 0.573382 0.287722
vt 0.589213 0.279819
vt 0.587632 0.287696
vt 0.598047 0.279819
vt 0.598047 0.287759
vt 0.459096 0.203897
vt 0.479792 0.203897
vt 0.459096 0.204171
vt 0.476898 0.211899
vt 0.459096 0.211899
vt 0.499023 0.203898
vt 0.512071 0.211899
vt 0.512333 0.203898
vt 0.459096 0.220330
vt 0.472405 0.220330
vt 0.459096 0.221001
vt 0.477059 0.229439
vt 0.459096 0.229439
vt 0.493233 0.220331
vt 0.512065 0.229439
vt 0.512333 0.220331
vt 0.459096 0.237983
vt 0.472405 0.237983
vt 0.459096 0.238712
vt 0.476723 0.247326
vt 0.459096 0.247326
vt 0.485714 0.237983
vt 0.499023 0.237987
vt 0.499023 0.247326
vt 0.512333 0.237989
vt 0.512333 0.247326
vt 0.459096 0.255637
vt 0.472405 0.255638
vt 0.459096 0.256220
vt 0.472405 0.264443
vt 0.459096 0.264443
vt 0.485714 0.255637
vt 0.488873 0.264443
vt 0.499023 0.255640
vt 0.512333 0.255645
vt 0.512333 0.264443
vt 0.344810 0.089747
vt 0.372405 0.089748
vt 0.344810 0.090153
vt 0.455190 0.089747
vt 0.455190 0.090153
vt 0.427595 0.089752
vt 0.372405 0.101551
vt 0.344810 0.099737
vt 0.400000 0.089744
vt 0.400000 0.101467
vt 0.427595 0.101512
vt 0.455190 0.099716
vt 0.230525 0.161157
vt 0.258119 0.161157
vt 0.230525 0.163573
vt 0.285714 0.161155
vt 0.285714 0.174524
vt 0.313309 0.161167
vt 0.340904 0.161157
vt 0.340904 0.165069
vt 0.258119 0.175056
vt 0.230525 0.173560
vt 0.313309 0.175054
vt 0.340904 0.173714
vt 0.479798 0.281468
vt 0.477086 0.289291
vt 0.459096 0.281469
vt 0.459096 0.289291
vt 0.499023 0.281468
vt 0.512051 0.289291
vt 0.512333 0.281468
vt 0.472405 0.296997
vt 0.477261 0.303998
vt 0.459096 0.296995
vt 0.459096 0.303998
vt 0.493178 0.296997
vt 0.512054 0.303998
vt 0.512333 0.296996
vt 0.479634 0.311759
vt 0.476654 0.318922
vt 0.459096 0.311759
vt 0.459096 0.318922
vt 0.499023 0.311759
vt 0.512064 0.318922
vt 0.512333 0.311759
vt 0.459096 0.326984
vt 0.472405 0.326984
vt 0.459096 0.327272
vt 0.472405 0.335018
vt 0.459096 0.335018
vt 0.493150 0.326984
vt 0.489239 0.335018
vt 0.512333 0.326990
vt 0.512333 0.335018
vt 0.472405 0.343170
vt 0.472405 0.345392
vt 0.459096 0.343170
vt 0.459096 0.344068
vt 0.494508 0.343170
vt 0.485714 0.345344
vt 0.499023 0.345380
vt 0.512333 0.343170
vt 0.512333 0.344063
vt 0.391602 0.108400
vt 0.372405 0.114706
vt 0.344810 0.108400
vt 0.344810 0.113231
vt 0.400000 0.114674
vt 0.427595 0.108400
vt 0.427595 0.114699
vt 0.455190 0.108400
vt 0.455190 0.113222
vt 0.459096 0.355830
vt 0.472405 0.355830
vt 0.459096 0.355999
vt 0.472405 0.363475
vt 0.459096 0.363475
vt 0.485714 0.355830
vt 0.489993 0.363475
vt 0.499023 0.355831
vt 0.512333 0.355836
vt 0.512333 0.363475
vt 0.455190 0.121260
vt 0.427595 0.121260
vt 0.372405 0.121260
vt 0.372405 0.132029
vt 0.344810 0.121260
vt 0.344810 0.129985
vt 0.400000 0.121260
vt 0.400000 0.131953
vt 0.427595 0.131929
vt 0.455190 0.130221
vt 0.313309 0.184646
vt 0.313309 0.194992
vt 0.285714 0.184651
vt 0.340904 0.184647
vt 0.340904 0.186996
vt 0.258119 0.184652
vt 0.258119 0.195462
vt 0.230525 0.184637
vt 0.230525 0.193947
vt 0.285714 0.195461
vt 0.340904 0.194180
vt 0.479800 0.380617
vt 0.459245 0.388753
vt 0.459096 0.380617
vt 0.490005 0.388753
vt 0.499023 0.380617
vt 0.512333 0.380619
vt 0.512333 0.388753
vt 0.665262 0.415807
vt 0.664364 0.423943
vt 0.659096 0.415810
vt 0.659096 0.423868
vt 0.674872 0.415807
vt 0.675814 0.423939
vt 0.683761 0.415814
vt 0.683761 0.423860
vt 0.512333 0.403436
vt 0.512333 0.403754
vt 0.499023 0.403436
vt 0.479460 0.403436
vt 0.459229 0.411556
vt 0.459096 0.403439
vt 0.490512 0.411556
vt 0.512333 0.411556
vt 0.512333 0.419381
vt 0.493145 0.419381
vt 0.472405 0.419381
vt 0.459247 0.426734
vt 0.459096 0.419381
vt 0.489990 0.426734
vt 0.512333 0.426734
vt 0.512333 0.434635
vt 0.512333 0.434742
vt 0.499023 0.434635
vt 0.472405 0.434635
vt 0.459229 0.442174
vt 0.459096 0.434636
vt 0.485714 0.434635
vt 0.490391 0.442174
vt 0.512333 0.442174
vt 0.472405 0.449826
vt 0.459232 0.456712
vt 0.459096 0.449825
vt 0.485714 0.449826
vt 0.490546 0.456712
vt 0.499023 0.449826
vt 0.512333 0.449822
vt 0.512333 0.456712
vt 0.472405 0.464632
vt 0.472405 0.466484
vt 0.459096 0.464632
vt 0.459096 0.464728
vt 0.494523 0.464632
vt 0.485714 0.466407
vt 0.499023 0.466342
vt 0.512333 0.464632
vt 0.512333 0.465239
vt 0.372405 0.138889
vt 0.372405 0.144666
vt 0.344810 0.138889
vt 0.344810 0.142870
vt 0.420031 0.138889
vt 0.400000 0.144636
vt 0.427595 0.144581
vt 0.455190 0.138889
vt 0.455190 0.143295
vt 0.516239 0.477830
vt 0.529548 0.477843
vt 0.516239 0.479402
vt 0.542857 0.477838
vt 0.542857 0.486693
vt 0.556166 0.477837
vt 0.556166 0.486404
vt 0.569475 0.477851
vt 0.529548 0.486813
vt 0.516239 0.485516
vt 0.569475 0.485495
vt 0.582973 0.298051
vt 0.573444 0.307042
vt 0.573382 0.298051
vt 0.587824 0.307042
vt 0.591881 0.298051
vt 0.598047 0.298054
vt 0.598047 0.307042
vt 0.598047 0.315786
vt 0.598047 0.316760
vt 0.589127 0.315786
vt 0.579548 0.315787
vt 0.582514 0.325878
vt 0.573382 0.315787
vt 0.573382 0.325933
vt 0.598047 0.325894
vt 0.479514 0.477816
vt 0.459239 0.488077
vt 0.459096 0.477815
vt 0.490031 0.488077
vt 0.511819 0.477815
vt 0.512333 0.478883
vt 0.512333 0.488077
vt 0.569475 0.006747
vt 0.569475 0.007683
vt 0.550214 0.006747
vt 0.529548 0.006749
vt 0.516369 0.016628
vt 0.516239 0.006748
vt 0.548373 0.016628
vt 0.569475 0.016628
vt 0.569475 0.025442
vt 0.569475 0.026464
vt 0.556166 0.025441
vt 0.529548 0.025448
vt 0.529548 0.035596
vt 0.516239 0.025443
vt 0.516239 0.035596
vt 0.542857 0.025443
vt 0.546904 0.035596
vt 0.569475 0.035596
vt 0.569475 0.044064
vt 0.569475 0.044801
vt 0.556166 0.044064
vt 0.529548 0.044068
vt 0.534912 0.053321
vt 0.516239 0.044065
vt 0.516239 0.053321
vt 0.542857 0.044065
vt 0.556166 0.053321
vt 0.569475 0.053321
vt 0.344810 0.151190
vt 0.372405 0.151196
vt 0.344810 0.151782
vt 0.372405 0.163556
vt 0.344810 0.161410
vt 0.400000 0.151192
vt 0.400000 0.163569
vt 0.427595 0.151187
vt 0.427595 0.163488
vt 0.455190 0.151203
vt 0.455190 0.161834
vt 0.230525 0.212866
vt 0.258119 0.212892
vt 0.230525 0.215742
vt 0.313309 0.212881
vt 0.313309 0.224502
vt 0.285714 0.212890
vt 0.340904 0.212878
vt 0.258119 0.224825
vt 0.230525 0.223302
vt 0.285714 0.224823
vt 0.340904 0.223206
vt 0.529548 0.071024
vt 0.533953 0.079605
vt 0.516239 0.071027
vt 0.516239 0.079605
vt 0.550248 0.071024
vt 0.569212 0.079605
vt 0.569475 0.071024
vt 0.668693 0.429792
vt 0.664015 0.438750
vt 0.659096 0.429796
vt 0.659096 0.438574
vt 0.677595 0.429791
vt 0.675763 0.438748
vt 0.683761 0.429791
vt 0.683761 0.438538
vt 0.529548 0.094720
vt 0.534256 0.103525
vt 0.516239 0.094722
vt 0.516239 0.103525
vt 0.549887 0.094719
vt 0.556166 0.103525
vt 0.569475 0.094718
vt 0.569475 0.103525
vt 0.529548 0.112140
vt 0.533718 0.121761
vt 0.516239 0.112144
vt 0.516239 0.121761
vt 0.542857 0.112140
vt 0.556166 0.112139
vt 0.556166 0.121761
vt 0.569475 0.112138
vt 0.569475 0.121761
vt 0.529548 0.130480
vt 0.529548 0.140361
vt 0.516239 0.130479
vt 0.516239 0.140361
vt 0.542857 0.130480
vt 0.546856 0.140361
vt 0.556166 0.130476
vt 0.569475 0.130476
vt 0.569475 0.140361
vt 0.529548 0.149085
vt 0.529548 0.160727
vt 0.516239 0.149084
vt 0.516239 0.159389
vt 0.542857 0.149086
vt 0.542857 0.160688
vt 0.556166 0.149083
vt 0.556166 0.160708
vt 0.569475 0.149082
vt 0.569475 0.159492
vt 0.340904 0.236590
vt 0.340904 0.237437
vt 0.313309 0.236594
vt 0.258119 0.236594
vt 0.258119 0.246929
vt 0.230525 0.236591
vt 0.230525 0.246929
vt 0.285714 0.236600
vt 0.285714 0.246929
vt 0.313309 0.246929
vt 0.340904 0.246929
vt 0.258119 0.254956
vt 0.258119 0.269626
vt 0.230525 0.254926
vt 0.285714 0.254963
vt 0.340904 0.254947
vt 0.340904 0.259325
vt 0.313309 0.254964
vt 0.230525 0.268390
vt 0.285714 0.270215
vt 0.313309 0.270216
vt 0.340904 0.268624
vt 0.529548 0.171109
vt 0.516375 0.178888
vt 0.516239 0.171109
vt 0.550249 0.171109
vt 0.547228 0.178888
vt 0.569475 0.171110
vt 0.569475 0.178888
vt 0.516500 0.187153
vt 0.541442 0.188142
vt 0.516239 0.187894
vt 0.551754 0.187153
vt 0.569475 0.187153
vt 0.569475 0.188012
vt 0.659217 0.444602
vt 0.661166 0.449185
vt 0.659096 0.448977
vt 0.675564 0.444602
vt 0.673631 0.449181
vt 0.683761 0.444602
vt 0.683761 0.449040
vt 0.529548 0.198427
vt 0.516371 0.207255
vt 0.516239 0.198429
vt 0.550259 0.198428
vt 0.547460 0.207255
vt 0.569475 0.198433
vt 0.569475 0.207255
vt 0.536971 0.215914
vt 0.516396 0.225675
vt 0.516239 0.215918
vt 0.547093 0.225675
vt 0.556166 0.215915
vt 0.569475 0.215919
vt 0.569475 0.225675
vt 0.529548 0.234447
vt 0.516375 0.244481
vt 0.516239 0.234463
vt 0.542857 0.234453
vt 0.547940 0.244481
vt 0.556166 0.234453
vt 0.569475 0.234453
vt 0.569475 0.244481
vt 0.529548 0.252871
vt 0.529548 0.263608
vt 0.516239 0.252880
vt 0.516239 0.262157
vt 0.542857 0.252874
vt 0.542857 0.263580
vt 0.556166 0.252874
vt 0.556166 0.263542
vt 0.569475 0.252874
vt 0.569475 0.262402
vt 0.230525 0.281836
vt 0.258119 0.281833
vt 0.230525 0.282346
vt 0.258119 0.291177
vt 0.230525 0.291177
vt 0.285714 0.281839
vt 0.285714 0.291177
vt 0.313309 0.281841
vt 0.313309 0.291177
vt 0.340904 0.281837
vt 0.340904 0.291177
vt 0.258119 0.298686
vt 0.258119 0.311322
vt 0.230525 0.298688
vt 0.230525 0.302012
vt 0.285714 0.298681
vt 0.230525 0.310129
vt 0.285714 0.311795
vt 0.313309 0.298704
vt 0.313309 0.311797
vt 0.340904 0.298685
vt 0.340904 0.310005
vt 0.582973 0.336166
vt 0.574261 0.344954
vt 0.573382 0.336170
vt 0.597962 0.336167
vt 0.597922 0.344954
vt 0.573382 0.353519
vt 0.586092 0.353520
vt 0.573382 0.354319
vt 0.595348 0.363011
vt 0.598047 0.353522
vt 0.573382 0.371661
vt 0.582949 0.371661
vt 0.573382 0.372538
vt 0.574152 0.381385
vt 0.597956 0.371665
vt 0.597924 0.381385
vt 0.573382 0.390361
vt 0.579548 0.390362
vt 0.573382 0.391578
vt 0.574312 0.401040
vt 0.589171 0.390362
vt 0.597921 0.401040
vt 0.598047 0.390367
vt 0.573382 0.001953
vt 0.594039 0.001953
vt 0.573382 0.003255
vt 0.581807 0.013758
vt 0.573382 0.013313
vt 0.613309 0.001956
vt 0.607491 0.013757
vt 0.626618 0.001968
vt 0.626618 0.013289
vt 0.516501 0.274995
vt 0.532308 0.276834
vt 0.516239 0.276590
vt 0.551968 0.274995
vt 0.569475 0.274995
vt 0.569475 0.276641
vt 0.659227 0.455034
vt 0.664474 0.461091
vt 0.659096 0.460874
vt 0.675979 0.455034
vt 0.675784 0.461087
vt 0.683761 0.455034
vt 0.683761 0.460863
vt 0.569475 0.288223
vt 0.569475 0.289389
vt 0.556166 0.288226
vt 0.536807 0.288222
vt 0.516377 0.299536
vt 0.516239 0.288245
vt 0.547473 0.299536
vt 0.569475 0.299536
vt 0.569475 0.308884
vt 0.569475 0.310480
vt 0.556166 0.308888
vt 0.529548 0.308889
vt 0.518489 0.322380
vt 0.516239 0.308887
vt 0.516239 0.321336
vt 0.542857 0.308889
vt 0.531798 0.322380
vt 0.550265 0.322381
vt 0.569475 0.321439
vt 0.058119 0.006750
vt 0.058119 0.016584
vt 0.001953 0.006756
vt 0.001953 0.016584
vt 0.114286 0.006750
vt 0.114286 0.016584
vt 0.170452 0.006750
vt 0.170452 0.016584
vt 0.226618 0.006756
vt 0.226618 0.016584
vt 0.058119 0.028887
vt 0.058119 0.049061
vt 0.001953 0.028888
vt 0.001953 0.049061
vt 0.114286 0.028887
vt 0.114286 0.049061
vt 0.170452 0.028887
vt 0.170452 0.049061
vt 0.226618 0.028888
vt 0.226618 0.049061
vt 0.058119 0.062501
vt 0.058119 0.085988
vt 0.001953 0.062513
vt 0.001953 0.085988
vt 0.114286 0.062501
vt 0.114286 0.085988
vt 0.170452 0.062501
vt 0.170452 0.085988
vt 0.226618 0.062513
vt 0.226618 0.085988
vt 0.058119 0.115030
vt 0.058119 0.182942
vt 0.001953 0.115042
vt 0.001953 0.182942
vt 0.114286 0.115030
vt 0.114286 0.182942
vt 0.170452 0.115031
vt 0.170452 0.182942
vt 0.226618 0.115033
vt 0.226618 0.182942
vt 0.584682 0.417250
vt 0.578220 0.426434
vt 0.573382 0.417223
vt 0.598047 0.417247
vt 0.598047 0.426434
vt 0.584672 0.442177
vt 0.582539 0.446239
vt 0.573382 0.442189
vt 0.573382 0.446976
vt 0.598047 0.442157
vt 0.598047 0.446976
vt 0.687667 0.461675
vt 0.694101 0.461686
vt 0.687667 0.459684
vt 0.697037 0.465040
vt 0.698047 0.461635
vt 0.710410 0.460309
vt 0.702460 0.462333
vt 0.701953 0.460223
vt 0.712333 0.458327
vt 0.704961 0.481612
vt 0.706816 0.487052
vt 0.701953 0.488149
vt 0.712333 0.481358
vt 0.711739 0.469103
vt 0.706903 0.472199
vt 0.701953 0.473275
vt 0.719112 0.004769
vt 0.721172 0.007990
vt 0.716239 0.009070
vt 0.726618 0.003736
vt 0.697500 0.482333
vt 0.698047 0.489316
vt 0.692250 0.488245
vt 0.721151 0.017123
vt 0.725813 0.022182
vt 0.716239 0.016095
vt 0.726618 0.016980
vt 0.717117 0.074126
vt 0.721179 0.079223
vt 0.716239 0.080301
vt 0.726618 0.073736
vt 0.726080 0.061343
vt 0.721195 0.064879
vt 0.716239 0.065954
vt 0.717221 0.028305
vt 0.726048 0.030778
vt 0.716239 0.026865
vt 0.724786 0.088824
vt 0.720820 0.094823
vt 0.716277 0.088824
vt 0.726618 0.095897
vt 0.726113 0.037704
vt 0.726618 0.042317
vt 0.720816 0.041245
vt 0.573382 0.434005
vt 0.586869 0.433999
vt 0.573382 0.431641
vt 0.586253 0.433246
vt 0.598047 0.433994
vt 0.598047 0.434005
vt 0.968857 0.447132
vt 0.964124 0.448576
vt 0.959096 0.449435
vt 0.969475 0.449451
vt 0.716239 0.103801
vt 0.722509 0.103750
vt 0.716239 0.102043
vt 0.725207 0.110046
vt 0.726618 0.103048
vt 0.716734 0.164769
vt 0.721129 0.172015
vt 0.716239 0.173106
vt 0.726618 0.165127
vt 0.726093 0.152914
vt 0.726618 0.155847
vt 0.720804 0.154775
vt 0.718477 0.181617
vt 0.721190 0.187632
vt 0.716239 0.188708
vt 0.726618 0.181617
vt 0.726146 0.127476
vt 0.726618 0.135046
vt 0.720816 0.133975
vt 0.726618 0.196708
vt 0.725746 0.201146
vt 0.718836 0.196842
vt 0.717289 0.229356
vt 0.725983 0.233544
vt 0.716239 0.228084
vt 0.726618 0.254330
vt 0.726618 0.260590
vt 0.717589 0.254863
vt 0.720817 0.259520
vt 0.726099 0.240923
vt 0.726618 0.246823
vt 0.720816 0.245752
vt 0.725892 0.267711
vt 0.726618 0.270767
vt 0.720813 0.269692
vt 0.726135 0.218309
vt 0.726618 0.221569
vt 0.720814 0.220495
vt 0.573382 0.455545
vt 0.586094 0.455541
vt 0.573382 0.454471
vt 0.574766 0.460559
vt 0.597902 0.460559
vt 0.598047 0.455509
vt 0.579548 0.484045
vt 0.575801 0.485539
vt 0.573382 0.483978
vt 0.588591 0.484044
vt 0.598047 0.484047
vt 0.959137 0.454165
vt 0.964038 0.455681
vt 0.959096 0.456547
vt 0.965497 0.454339
vt 0.969475 0.454272
vt 0.969475 0.456533
vt 0.720868 0.277624
vt 0.724871 0.278387
vt 0.716239 0.275151
vt 0.726618 0.277508
vt 0.725224 0.296899
vt 0.721187 0.304069
vt 0.716239 0.297239
vt 0.716239 0.305144
vt 0.726126 0.284802
vt 0.726618 0.287965
vt 0.720827 0.286890
vt 0.725375 0.311624
vt 0.717564 0.312907
vt 0.716321 0.311581
vt 0.726618 0.309647
vt 0.719207 0.335050
vt 0.721168 0.339993
vt 0.716239 0.341072
vt 0.726154 0.320456
vt 0.726618 0.326839
vt 0.720831 0.325766
vt 0.963243 0.461373
vt 0.963855 0.461232
vt 0.959096 0.460351
vt 0.959096 0.462176
vt 0.969258 0.461179
vt 0.726035 0.368598
vt 0.721183 0.374615
vt 0.716239 0.375691
vt 0.726155 0.354799
vt 0.726618 0.360022
vt 0.720821 0.358946
vt 0.726618 0.379649
vt 0.716768 0.382476
vt 0.718575 0.381928
vt 0.717022 0.405484
vt 0.721182 0.412219
vt 0.716239 0.413296
vt 0.726134 0.390082
vt 0.726618 0.396624
vt 0.720825 0.395550
vt 0.573382 0.467018
vt 0.579548 0.467046
vt 0.573382 0.468234
vt 0.588532 0.467041
vt 0.598047 0.467003
vt 0.596761 0.473301
vt 0.959147 0.467071
vt 0.965525 0.472091
vt 0.959096 0.473002
vt 0.965714 0.467074
vt 0.969475 0.467069
vt 0.725275 0.420945
vt 0.726016 0.424535
vt 0.716239 0.419288
vt 0.717345 0.442501
vt 0.720825 0.447569
vt 0.716239 0.442107
vt 0.726618 0.447331
vt 0.726129 0.431001
vt 0.726618 0.434309
vt 0.720827 0.433236
vt 0.717349 0.456052
vt 0.723432 0.459508
vt 0.716239 0.454797
vt 0.726415 0.454797
vt 0.725317 0.479079
vt 0.721183 0.484058
vt 0.716239 0.478658
vt 0.716239 0.485135
vt 0.726136 0.466397
vt 0.726618 0.470909
vt 0.720824 0.469835
vt 0.963266 0.477896
vt 0.965687 0.478760
vt 0.959096 0.477808
vt 0.969414 0.477903
vt 0.969475 0.479689
vt 0.740568 0.003387
vt 0.737545 0.003364
vt 0.730525 0.003015
vt 0.739955 0.026438
vt 0.735469 0.031051
vt 0.730525 0.025882
vt 0.730525 0.032127
vt 0.740435 0.011205
vt 0.740904 0.018416
vt 0.735115 0.017342
vt 0.739688 0.038770
vt 0.731863 0.040058
vt 0.730819 0.038767
vt 0.740904 0.036731
vt 0.738923 0.057571
vt 0.735441 0.060532
vt 0.730525 0.057520
vt 0.730525 0.061616
vt 0.731060 0.046598
vt 0.740904 0.050111
vt 0.735103 0.049039
vt 0.058119 0.211737
vt 0.058119 0.278940
vt 0.001953 0.211737
vt 0.001953 0.278940
vt 0.114286 0.211737
vt 0.114286 0.278940
vt 0.170452 0.211737
vt 0.170452 0.278940
vt 0.226618 0.211738
vt 0.226618 0.278940
vt 0.624909 0.140817
vt 0.624504 0.150434
vt 0.603283 0.140817
vt 0.626618 0.140817
vt 0.613122 0.160100
vt 0.609610 0.158556
vt 0.601953 0.159165
vt 0.626618 0.160100
vt 0.626618 0.159246
vt 0.960377 0.484588
vt 0.966183 0.486195
vt 0.959096 0.486960
vt 0.965863 0.484588
vt 0.969475 0.486960
vt 0.740904 0.069285
vt 0.731073 0.072668
vt 0.733488 0.069311
vt 0.740204 0.093750
vt 0.740904 0.100812
vt 0.735124 0.099738
vt 0.731054 0.079841
vt 0.740904 0.085148
vt 0.735122 0.084078
vt 0.735512 0.108574
vt 0.731375 0.113704
vt 0.730525 0.108610
vt 0.740904 0.108584
vt 0.731083 0.135134
vt 0.740904 0.139321
vt 0.735129 0.138243
vt 0.731166 0.121231
vt 0.735459 0.126470
vt 0.730525 0.127546
vt 0.602370 0.170397
vt 0.613796 0.168869
vt 0.601953 0.169509
vt 0.618093 0.170397
vt 0.626618 0.170397
vt 0.626618 0.169563
vt 0.981554 0.001953
vt 0.980114 0.007267
vt 0.973382 0.008049
vt 0.740904 0.182942
vt 0.740904 0.190372
vt 0.731891 0.182847
vt 0.735117 0.189286
vt 0.740404 0.166636
vt 0.740904 0.174147
vt 0.735112 0.173073
vt 0.731282 0.198264
vt 0.740115 0.203713
vt 0.730583 0.198003
vt 0.740871 0.198003
vt 0.738520 0.221305
vt 0.735431 0.224075
vt 0.730525 0.221272
vt 0.730525 0.225160
vt 0.740389 0.210279
vt 0.740904 0.213865
vt 0.735123 0.212792
vt 0.615794 0.177472
vt 0.624564 0.181211
vt 0.601953 0.177253
vt 0.626618 0.177454
vt 0.617172 0.188031
vt 0.607629 0.190817
vt 0.601953 0.187340
vt 0.601953 0.191578
vt 0.614286 0.191582
vt 0.619437 0.190820
vt 0.626618 0.187969
vt 0.626618 0.191542
vt 0.740865 0.231941
vt 0.731101 0.232811
vt 0.731559 0.231925
vt 0.740265 0.255758
vt 0.740904 0.263169
vt 0.735124 0.262088
vt 0.731035 0.240437
vt 0.735466 0.245962
vt 0.730525 0.247036
vt 0.730525 0.269884
vt 0.737948 0.269874
vt 0.730525 0.268125
vt 0.731053 0.271615
vt 0.740904 0.268125
vt 0.740495 0.291878
vt 0.735154 0.295492
vt 0.730525 0.290989
vt 0.740904 0.296611
vt 0.731072 0.278806
vt 0.735464 0.283094
vt 0.730525 0.284167
vt 0.606099 0.198645
vt 0.614228 0.195923
vt 0.601953 0.196639
vt 0.626474 0.198645
vt 0.626618 0.196648
vt 0.973933 0.013075
vt 0.978916 0.012148
vt 0.973382 0.013043
vt 0.983761 0.013043
vt 0.735940 0.303538
vt 0.740427 0.305737
vt 0.730525 0.303453
vt 0.740904 0.303463
vt 0.732889 0.324519
vt 0.735380 0.329653
vt 0.730525 0.330752
vt 0.740904 0.324511
vt 0.731059 0.312400
vt 0.740904 0.316261
vt 0.735116 0.315189
vt 0.738169 0.337000
vt 0.740402 0.337524
vt 0.730525 0.336746
vt 0.740904 0.334788
vt 0.740496 0.359228
vt 0.735114 0.365005
vt 0.730525 0.359095
vt 0.740904 0.366078
vt 0.731065 0.344891
vt 0.735472 0.349682
vt 0.730525 0.350755
vt 0.058119 0.304367
vt 0.058119 0.361948
vt 0.001953 0.304370
vt 0.001953 0.361948
vt 0.114286 0.304367
vt 0.114286 0.361948
vt 0.170452 0.304366
vt 0.170452 0.361948
vt 0.226618 0.304367
vt 0.226618 0.361948
vt 0.602393 0.206931
vt 0.623561 0.206931
vt 0.602137 0.207056
vt 0.605820 0.215865
vt 0.626618 0.207056
vt 0.626616 0.231915
vt 0.611995 0.233677
vt 0.611673 0.231913
vt 0.601953 0.231875
vt 0.601953 0.234369
vt 0.626618 0.234369
vt 0.981886 0.017990
vt 0.978313 0.019518
vt 0.973382 0.020338
vt 0.983761 0.020337
vt 0.740354 0.375175
vt 0.740904 0.382505
vt 0.735136 0.381431
vt 0.731044 0.390903
vt 0.735461 0.396277
vt 0.730525 0.397349
vt 0.611642 0.222498
vt 0.614219 0.222887
vt 0.601953 0.222411
vt 0.601953 0.223547
vt 0.626522 0.222502
vt 0.626618 0.223607
vt 0.981422 0.025360
vt 0.978177 0.026086
vt 0.973382 0.026853
vt 0.983761 0.026856
vt 0.740228 0.405717
vt 0.735142 0.411064
vt 0.730568 0.405717
vt 0.740904 0.412136
vt 0.731043 0.419640
vt 0.735453 0.422465
vt 0.730525 0.423537
vt 0.626618 0.243002
vt 0.626618 0.242276
vt 0.614687 0.242985
vt 0.616598 0.243237
vt 0.601945 0.243054
vt 0.617601 0.250991
vt 0.601953 0.244693
vt 0.601953 0.250991
vt 0.602066 0.272816
vt 0.613356 0.272813
vt 0.601953 0.273456
vt 0.618091 0.272832
vt 0.626618 0.272810
vt 0.626618 0.273500
vt 0.973437 0.031929
vt 0.978937 0.030938
vt 0.973382 0.031747
vt 0.982026 0.031929
vt 0.983761 0.031747
vt 0.732797 0.431033
vt 0.735440 0.432822
vt 0.730525 0.433899
vt 0.740904 0.430993
vt 0.731039 0.441610
vt 0.740904 0.446095
vt 0.735144 0.445027
vt 0.601953 0.257861
vt 0.608119 0.257873
vt 0.601953 0.259900
vt 0.626618 0.257877
vt 0.626618 0.264048
vt 0.617722 0.257885
vt 0.612113 0.265015
vt 0.601953 0.265761
vt 0.740252 0.454593
vt 0.740904 0.461329
vt 0.735146 0.460255
vt 0.731068 0.470232
vt 0.735454 0.477034
vt 0.730525 0.478106
vt 0.058119 0.387001
vt 0.058119 0.448732
vt 0.001953 0.387004
vt 0.001953 0.443513
vt 0.114286 0.387002
vt 0.114286 0.448744
vt 0.170452 0.387002
vt 0.170452 0.448741
vt 0.226618 0.387003
vt 0.226618 0.443513
vt 0.601953 0.280740
vt 0.610820 0.280699
vt 0.601953 0.279036
vt 0.603110 0.284722
vt 0.620452 0.280740
vt 0.626618 0.280677
vt 0.625392 0.303191
vt 0.624395 0.304129
vt 0.602057 0.303169
vt 0.258119 0.336683
vt 0.258119 0.384621
vt 0.230525 0.336683
vt 0.230525 0.384621
vt 0.285714 0.336683
vt 0.285714 0.384621
vt 0.313309 0.336683
vt 0.313309 0.384621
vt 0.340904 0.336687
vt 0.340904 0.384621
vt 0.754338 0.001953
vt 0.755190 0.005613
vt 0.749426 0.004544
vt 0.744979 0.013082
vt 0.749698 0.016211
vt 0.744810 0.017318
vt 0.754520 0.013109
vt 0.605280 0.343207
vt 0.614033 0.351948
vt 0.601953 0.352058
vt 0.616909 0.343207
vt 0.626618 0.343207
vt 0.626618 0.351755
vt 0.597835 0.019613
vt 0.573564 0.024937
vt 0.573382 0.019613
vt 0.606878 0.024937
vt 0.626340 0.019613
vt 0.626618 0.024937
vt 0.575783 0.051327
vt 0.573382 0.050525
vt 0.595913 0.051322
vt 0.626618 0.051121
vt 0.536399 0.342850
vt 0.536820 0.348646
vt 0.516239 0.342850
vt 0.516239 0.348676
vt 0.569176 0.342850
vt 0.569475 0.348324
vt 0.669240 0.466941
vt 0.666704 0.472784
vt 0.659096 0.466941
vt 0.659096 0.472784
vt 0.683572 0.466941
vt 0.683553 0.472784
vt 0.538426 0.366775
vt 0.534031 0.370910
vt 0.516239 0.366775
vt 0.516239 0.370800
vt 0.569119 0.366775
vt 0.569475 0.370829
vt 0.705386 0.001953
vt 0.703321 0.004506
vt 0.688075 0.001945
vt 0.712333 0.001962
vt 0.698323 0.021799
vt 0.687667 0.004506
vt 0.687667 0.022069
vt 0.712333 0.022243
vt 0.689325 0.027645
vt 0.698555 0.032329
vt 0.687667 0.030692
vt 0.713369 0.030217
vt 0.697190 0.055223
vt 0.687667 0.055416
vt 0.712333 0.039473
vt 0.712333 0.055220
vt 0.612098 0.442562
vt 0.613791 0.444133
vt 0.602521 0.442020
vt 0.626618 0.442569
vt 0.626618 0.443138
vt 0.612214 0.456796
vt 0.601953 0.457541
vt 0.626618 0.457551
vt 0.768916 0.452825
vt 0.769475 0.451845
vt 0.760925 0.451879
vt 0.760168 0.461288
vt 0.782440 0.006174
vt 0.776899 0.006487
vt 0.773382 0.004864
vt 0.760971 0.469667
vt 0.768752 0.468583
vt 0.759352 0.470472
vt 0.775805 0.057486
vt 0.777114 0.059484
vt 0.773382 0.057025
vt 0.783716 0.057486
vt 0.783847 0.058535
vt 0.779014 0.068185
vt 0.783761 0.099728
vt 0.773936 0.105376
vt 0.780631 0.097506
vt 0.601953 0.468531
vt 0.611256 0.468505
vt 0.601953 0.476130
vt 0.626618 0.468528
vt 0.626618 0.476130
vt 0.620452 0.468517
vt 0.614532 0.486544
vt 0.601953 0.487255
vt 0.626618 0.487255
vt 0.778753 0.150379
vt 0.783303 0.166276
vt 0.773382 0.150381
vt 0.783761 0.150383
vt 0.776340 0.243410
vt 0.783761 0.247889
vt 0.774965 0.256013
vt 0.773382 0.245592
vt 0.639657 0.025789
vt 0.641163 0.036436
vt 0.630525 0.025789
vt 0.630525 0.036332
vt 0.655042 0.025789
vt 0.655190 0.036589
vt 0.597836 0.057178
vt 0.573588 0.063526
vt 0.573382 0.057178
vt 0.606908 0.063526
vt 0.626100 0.057178
vt 0.626618 0.063526
vt 0.586856 0.093901
vt 0.573382 0.093785
vt 0.615181 0.093909
vt 0.626618 0.093118
vt 0.537552 0.392903
vt 0.535428 0.399407
vt 0.516239 0.392903
vt 0.516239 0.399355
vt 0.569095 0.392903
vt 0.569475 0.399295
vt 0.696046 0.061073
vt 0.687752 0.066085
vt 0.687667 0.061073
vt 0.703218 0.066085
vt 0.712266 0.061073
vt 0.712333 0.066085
vt 0.698541 0.089575
vt 0.687667 0.089847
vt 0.712333 0.090016
vt 0.636691 0.048296
vt 0.636691 0.048405
vt 0.630525 0.048296
vt 0.975977 0.126020
vt 0.978571 0.132582
vt 0.973444 0.132588
vt 0.778111 0.332758
vt 0.776551 0.346663
vt 0.773382 0.331512
vt 0.783761 0.331643
vt 0.775402 0.386962
vt 0.774040 0.391278
vt 0.773422 0.385340
vt 0.779992 0.448518
vt 0.781286 0.457895
vt 0.773382 0.448507
vt 0.783761 0.448253
vt 0.792857 0.006570
vt 0.789827 0.007112
vt 0.787719 0.006570
vt 0.792857 0.052415
vt 0.792759 0.049844
vt 0.787739 0.052415
vt 0.538885 0.421349
vt 0.536693 0.427575
vt 0.516239 0.421349
vt 0.516239 0.427249
vt 0.569303 0.421349
vt 0.569475 0.427599
vt 0.697884 0.095422
vt 0.697049 0.098320
vt 0.687667 0.095422
vt 0.687667 0.098320
vt 0.712241 0.095422
vt 0.711707 0.098320
vt 0.788549 0.343322
vt 0.792857 0.352763
vt 0.787917 0.352763
vt 0.690456 0.124071
vt 0.693834 0.129498
vt 0.687667 0.126308
vt 0.703385 0.129568
vt 0.712173 0.124071
vt 0.712333 0.126308
vt 0.687667 0.130965
vt 0.712333 0.130965
vt 0.699458 0.144363
vt 0.687667 0.144638
vt 0.712333 0.144329
vt 0.639057 0.127971
vt 0.641972 0.135028
vt 0.630525 0.136866
vt 0.655190 0.127969
vt 0.655190 0.129869
vt 0.655190 0.137655
vt 0.644764 0.150976
vt 0.630525 0.151682
vt 0.655190 0.151682
vt 0.812333 0.262562
vt 0.812333 0.265007
vt 0.807308 0.262570
vt 0.804016 0.271902
vt 0.801953 0.262542
vt 0.811163 0.326269
vt 0.806678 0.331079
vt 0.810885 0.326803
vt 0.804244 0.339010
vt 0.806784 0.339850
vt 0.801953 0.337313
vt 0.804405 0.351804
vt 0.811237 0.357479
vt 0.801953 0.352425
vt 0.812333 0.352425
vt 0.803294 0.409079
vt 0.802874 0.414069
vt 0.801953 0.406621
vt 0.812230 0.407397
vt 0.805689 0.376994
vt 0.811178 0.380146
vt 0.801997 0.376414
vt 0.812333 0.376414
vt 0.630666 0.163199
vt 0.639542 0.166128
vt 0.630525 0.165908
vt 0.647393 0.163199
vt 0.655252 0.167097
vt 0.655190 0.163199
vt 0.655190 0.163348
vt 0.641408 0.175885
vt 0.630525 0.176629
vt 0.655190 0.176604
vt 0.811285 0.450503
vt 0.810387 0.452737
vt 0.801953 0.450503
vt 0.801953 0.453437
vt 0.806215 0.461884
vt 0.818053 0.005878
vt 0.826579 0.007074
vt 0.816485 0.005995
vt 0.826124 0.016330
vt 0.823520 0.023701
vt 0.821049 0.028065
vt 0.817009 0.023250
vt 0.802565 0.468881
vt 0.812333 0.467372
vt 0.809782 0.469860
vt 0.816239 0.054845
vt 0.820818 0.054844
vt 0.816239 0.057118
vt 0.826618 0.054833
vt 0.826618 0.057118
vt 0.825295 0.063115
vt 0.826618 0.067681
vt 0.816877 0.074358
vt 0.817348 0.069325
vt 0.694049 0.150212
vt 0.711037 0.153839
vt 0.687870 0.153839
vt 0.712162 0.150212
vt 0.689683 0.159651
vt 0.712181 0.159651
vt 0.699784 0.176272
vt 0.687667 0.176414
vt 0.712333 0.176480
vt 0.630525 0.186541
vt 0.639596 0.186538
vt 0.630525 0.189463
vt 0.655062 0.186541
vt 0.644068 0.188910
vt 0.655190 0.187719
vt 0.640824 0.197333
vt 0.630525 0.198078
vt 0.655190 0.198063
vt 0.824704 0.160537
vt 0.823290 0.165605
vt 0.816239 0.160534
vt 0.818028 0.211466
vt 0.821938 0.210230
vt 0.816164 0.212405
vt 0.826618 0.210863
vt 0.822980 0.234005
vt 0.820964 0.237312
vt 0.816338 0.235255
vt 0.826009 0.235267
vt 0.826082 0.182107
vt 0.819901 0.180756
vt 0.816260 0.184093
vt 0.826565 0.184131
vt 0.825603 0.259051
vt 0.825616 0.260250
vt 0.816239 0.260713
vt 0.825786 0.266858
vt 0.818247 0.295093
vt 0.818834 0.296076
vt 0.816239 0.294222
vt 0.822719 0.296066
vt 0.816239 0.297394
vt 0.826618 0.297394
vt 0.816788 0.305084
vt 0.817621 0.273949
vt 0.822817 0.273881
vt 0.816498 0.272161
vt 0.630711 0.211175
vt 0.642802 0.215297
vt 0.630525 0.216861
vt 0.654969 0.211175
vt 0.655190 0.212590
vt 0.639858 0.228025
vt 0.630525 0.228770
vt 0.655190 0.228758
vt 0.817960 0.350081
vt 0.820086 0.351408
vt 0.816239 0.351197
vt 0.826416 0.351785
vt 0.818670 0.361290
vt 0.258119 0.397012
vt 0.258119 0.427117
vt 0.230525 0.397013
vt 0.285714 0.397012
vt 0.340904 0.397012
vt 0.340904 0.427114
vt 0.313309 0.397013
vt 0.230525 0.427120
vt 0.285714 0.427120
vt 0.313309 0.427120
vt 0.647590 0.251544
vt 0.649023 0.261999
vt 0.636134 0.258392
vt 0.655190 0.258392
vt 0.640054 0.267065
vt 0.630525 0.267065
vt 0.655190 0.267065
vt 0.630597 0.291201
vt 0.644850 0.291201
vt 0.655190 0.291201
vt 0.630670 0.351779
vt 0.639208 0.357839
vt 0.630525 0.357479
vt 0.646564 0.351779
vt 0.655269 0.360405
vt 0.655190 0.351779
vt 0.655190 0.354021
vt 0.630645 0.375894
vt 0.655329 0.375894
vt 0.973453 0.182487
vt 0.981494 0.187181
vt 0.973382 0.186682
vt 0.982875 0.182487
vt 0.983761 0.184303
vt 0.979346 0.196109
vt 0.973382 0.197106
vt 0.840904 0.119645
vt 0.831120 0.123315
vt 0.838483 0.119848
vt 0.982248 0.201974
vt 0.982638 0.207153
vt 0.973382 0.201891
vt 0.983761 0.202203
vt 0.978355 0.216065
vt 0.636691 0.306081
vt 0.639347 0.312186
vt 0.630525 0.306092
vt 0.646392 0.306081
vt 0.654997 0.314890
vt 0.655190 0.306081
vt 0.655190 0.308770
vt 0.630525 0.315000
vt 0.632120 0.331521
vt 0.977762 0.221918
vt 0.973821 0.227512
vt 0.973382 0.221916
vt 0.973382 0.222482
vt 0.983724 0.221916
vt 0.983761 0.225854
vt 0.979844 0.238237
vt 0.973382 0.239234
vt 0.837585 0.318974
vt 0.840247 0.323828
vt 0.832324 0.317893
vt 0.840904 0.329866
vt 0.835251 0.334027
vt 0.831300 0.330744
vt 0.840904 0.377604
vt 0.833139 0.381760
vt 0.835806 0.379638
vt 0.833175 0.360437
vt 0.831629 0.363658
vt 0.830525 0.358901
vt 0.973382 0.244030
vt 0.977357 0.244016
vt 0.973382 0.249531
vt 0.979532 0.258647
vt 0.983722 0.244028
vt 0.983761 0.259625
vt 0.840502 0.418085
vt 0.839979 0.423392
vt 0.833022 0.419357
vt 0.832271 0.480139
vt 0.831384 0.483049
vt 0.830525 0.478494
vt 0.687856 0.182124
vt 0.696890 0.189287
vt 0.687667 0.190493
vt 0.709976 0.182124
vt 0.712233 0.185823
vt 0.712238 0.191418
vt 0.697010 0.207439
vt 0.687667 0.207779
vt 0.712333 0.207960
vt 0.643944 0.413092
vt 0.642560 0.413376
vt 0.630525 0.413092
vt 0.630525 0.414056
vt 0.655190 0.413970
vt 0.983761 0.264474
vt 0.983059 0.264959
vt 0.980232 0.264474
vt 0.979184 0.275468
vt 0.973382 0.276352
vt 0.983761 0.276411
vt 0.855190 0.083573
vt 0.849781 0.086920
vt 0.854182 0.084281
vt 0.854216 0.116352
vt 0.849517 0.121025
vt 0.844810 0.115941
vt 0.646509 0.427881
vt 0.640497 0.428455
vt 0.630525 0.427881
vt 0.630525 0.429127
vt 0.655190 0.429061
vt 0.978058 0.281310
vt 0.982905 0.281583
vt 0.973382 0.281310
vt 0.983716 0.281310
vt 0.979504 0.292630
vt 0.973382 0.293445
vt 0.844810 0.130162
vt 0.850234 0.130167
vt 0.844810 0.131621
vt 0.855190 0.130162
vt 0.855190 0.129877
vt 0.853386 0.139218
vt 0.847904 0.172029
vt 0.853973 0.174851
vt 0.844810 0.174913
vt 0.855154 0.172029
vt 0.848229 0.183636
vt 0.855190 0.205539
vt 0.849541 0.211074
vt 0.847640 0.205539
vt 0.653941 0.447659
vt 0.640460 0.455151
vt 0.630525 0.452628
vt 0.649023 0.454409
vt 0.655190 0.451395
vt 0.655190 0.461692
vt 0.630595 0.485282
vt 0.644920 0.485282
vt 0.655190 0.485282
vt 0.659096 0.055077
vt 0.665262 0.055081
vt 0.659096 0.055790
vt 0.659252 0.079831
vt 0.671429 0.055076
vt 0.677595 0.055075
vt 0.683702 0.079831
vt 0.683761 0.055085
vt 0.854246 0.261359
vt 0.849752 0.260978
vt 0.844810 0.261860
vt 0.668643 0.009677
vt 0.660327 0.019934
vt 0.659096 0.009679
vt 0.677595 0.009678
vt 0.683621 0.019934
vt 0.683761 0.009699
vt 0.688858 0.213284
vt 0.702099 0.219479
vt 0.687562 0.216414
vt 0.712333 0.221569
vt 0.700108 0.236191
vt 0.687667 0.236590
vt 0.712333 0.236655
vt 0.660465 0.111335
vt 0.667559 0.110065
vt 0.659096 0.110702
vt 0.683761 0.110703
vt 0.973382 0.377373
vt 0.978749 0.377372
vt 0.973382 0.377980
vt 0.979822 0.385094
vt 0.973382 0.386009
vt 0.983761 0.377373
vt 0.983761 0.385996
vt 0.868869 0.186735
vt 0.868480 0.194393
vt 0.859903 0.186629
vt 0.869475 0.185443
vt 0.869475 0.213060
vt 0.863924 0.218613
vt 0.864926 0.213198
vt 0.869475 0.226122
vt 0.859879 0.229374
vt 0.868393 0.227503
vt 0.869475 0.252563
vt 0.863819 0.256873
vt 0.861321 0.253351
vt 0.663741 0.120996
vt 0.671961 0.120732
vt 0.659096 0.121374
vt 0.683761 0.121359
vt 0.978665 0.390938
vt 0.978212 0.401470
vt 0.973382 0.390960
vt 0.973382 0.402379
vt 0.983761 0.390939
vt 0.983761 0.402368
vt 0.863385 0.267491
vt 0.861591 0.276227
vt 0.859096 0.269386
vt 0.869194 0.310965
vt 0.860323 0.314350
vt 0.859096 0.310961
vt 0.859670 0.321395
vt 0.869475 0.328284
vt 0.863814 0.333146
vt 0.868844 0.328748
vt 0.690861 0.242043
vt 0.712242 0.252917
vt 0.689795 0.252917
vt 0.712333 0.244524
vt 0.697701 0.267749
vt 0.687667 0.268218
vt 0.712333 0.268116
vt 0.660581 0.131587
vt 0.672640 0.129997
vt 0.659096 0.130630
vt 0.683761 0.130650
vt 0.976837 0.407307
vt 0.980331 0.416059
vt 0.973382 0.407324
vt 0.973382 0.416954
vt 0.983514 0.407310
vt 0.983761 0.407731
vt 0.983761 0.416980
vt 0.861695 0.366160
vt 0.865859 0.368137
vt 0.859096 0.364934
vt 0.860482 0.399868
vt 0.863855 0.401992
vt 0.859096 0.398576
vt 0.869314 0.385914
vt 0.863852 0.391541
vt 0.859684 0.385914
vt 0.863013 0.411108
vt 0.869475 0.412102
vt 0.867844 0.419518
vt 0.660582 0.141667
vt 0.671596 0.141807
vt 0.659096 0.142433
vt 0.683761 0.142461
vt 0.983267 0.424164
vt 0.978494 0.434045
vt 0.973382 0.434945
vt 0.983761 0.434973
vt 0.865245 0.448922
vt 0.859765 0.457135
vt 0.859096 0.448893
vt 0.869475 0.447468
vt 0.879781 0.001956
vt 0.873926 0.013822
vt 0.873382 0.001955
vt 0.884063 0.006393
vt 0.874712 0.021527
vt 0.878109 0.026903
vt 0.873382 0.021404
vt 0.258119 0.437470
vt 0.258119 0.459220
vt 0.230525 0.437470
vt 0.230525 0.459220
vt 0.285714 0.437470
vt 0.295668 0.459220
vt 0.313309 0.437470
vt 0.340904 0.437470
vt 0.340904 0.459220
vt 0.692724 0.273596
vt 0.698149 0.281073
vt 0.687667 0.279189
vt 0.712246 0.273596
vt 0.712243 0.279189
vt 0.687759 0.288658
vt 0.712333 0.288658
vt 0.699254 0.313510
vt 0.687667 0.313903
vt 0.712333 0.313664
vt 0.669647 0.157540
vt 0.664350 0.159512
vt 0.659096 0.157540
vt 0.683639 0.157540
vt 0.683761 0.159691
vt 0.670243 0.162562
vt 0.659096 0.163166
vt 0.977812 0.439889
vt 0.979033 0.446339
vt 0.973382 0.439889
vt 0.973382 0.447152
vt 0.983664 0.439889
vt 0.983761 0.447158
vt 0.874526 0.135156
vt 0.878204 0.140438
vt 0.873382 0.134938
vt 0.669554 0.179023
vt 0.659194 0.181801
vt 0.659096 0.179023
vt 0.683688 0.179023
vt 0.683761 0.181801
vt 0.669982 0.187953
vt 0.659096 0.188574
vt 0.683761 0.188624
vt 0.975138 0.452185
vt 0.982683 0.465031
vt 0.973489 0.465031
vt 0.983712 0.452185
vt 0.878026 0.376299
vt 0.879434 0.383119
vt 0.873382 0.383889
vt 0.883761 0.377399
vt 0.883761 0.383889
vt 0.704115 0.319357
vt 0.696462 0.326814
vt 0.687667 0.327477
vt 0.712333 0.327486
vt 0.981204 0.470047
vt 0.980452 0.468903
vt 0.973382 0.469411
vt 0.980551 0.478488
vt 0.973382 0.479515
vt 0.983761 0.471340
vt 0.978706 0.484328
vt 0.974581 0.489048
vt 0.973382 0.484327
vt 0.983761 0.484327
vt 0.988608 0.001953
vt 0.998047 0.006273
vt 0.992379 0.005256
vt 0.879189 0.429726
vt 0.878170 0.435984
vt 0.873382 0.429869
vt 0.709333 0.332655
vt 0.696972 0.340000
vt 0.687667 0.344387
vt 0.711837 0.336665
vt 0.697527 0.367803
vt 0.687667 0.368119
vt 0.712333 0.346102
vt 0.712333 0.367998
vt 0.662749 0.220315
vt 0.677753 0.221678
vt 0.659096 0.221678
vt 0.683648 0.220315
vt 0.670289 0.225908
vt 0.659096 0.226551
vt 0.683761 0.226560
vt 0.988616 0.011069
vt 0.995127 0.021473
vt 0.987667 0.022313
vt 0.683761 0.239178
vt 0.683761 0.240839
vt 0.674788 0.239185
vt 0.659195 0.239180
vt 0.667568 0.247664
vt 0.659096 0.248305
vt 0.683761 0.248328
vt 0.989169 0.027330
vt 0.994922 0.036401
vt 0.987667 0.037223
vt 0.998047 0.037223
vt 0.891554 0.259491
vt 0.894062 0.263839
vt 0.887667 0.264612
vt 0.897696 0.259491
vt 0.898047 0.264612
vt 0.703706 0.373652
vt 0.697647 0.378321
vt 0.687667 0.379004
vt 0.712333 0.378993
vt 0.987667 0.042240
vt 0.993224 0.042243
vt 0.987667 0.041503
vt 0.993306 0.052219
vt 0.987667 0.053209
vt 0.998047 0.042239
vt 0.896978 0.274213
vt 0.892393 0.282029
vt 0.887667 0.274866
vt 0.898047 0.274866
vt 0.897423 0.291453
vt 0.892455 0.296537
vt 0.887788 0.291187
vt 0.989464 0.058033
vt 0.996937 0.057394
vt 0.987667 0.060216
vt 0.993291 0.066268
vt 0.987667 0.067250
vt 0.897514 0.339930
vt 0.895112 0.343165
vt 0.887667 0.343929
vt 0.898047 0.343929
vt 0.687831 0.384167
vt 0.698980 0.391078
vt 0.687667 0.391723
vt 0.710861 0.384167
vt 0.712333 0.391782
vt 0.995331 0.072075
vt 0.992974 0.072424
vt 0.987858 0.072913
vt 0.997851 0.071983
vt 0.992797 0.079252
vt 0.987667 0.080288
vt 0.992031 0.085097
vt 0.993059 0.086486
vt 0.987667 0.085521
vt 0.998047 0.084761
vt 0.998047 0.087882
vt 0.993985 0.095102
vt 0.987667 0.096036
vt 0.898047 0.392471
vt 0.892393 0.396954
vt 0.890630 0.392481
vt 0.586691 0.099760
vt 0.575619 0.119152
vt 0.573382 0.099760
vt 0.573382 0.118242
vt 0.600000 0.099760
vt 0.588928 0.119152
vt 0.613309 0.099760
vt 0.607468 0.119153
vt 0.626618 0.099760
vt 0.626618 0.118271
vt 0.887824 0.418151
vt 0.893207 0.422612
vt 0.887667 0.423371
vt 0.897074 0.418151
vt 0.898047 0.423371
vt 0.711280 0.396923
vt 0.688985 0.400318
vt 0.687900 0.396923
vt 0.697433 0.420614
vt 0.687667 0.421129
vt 0.712333 0.421226
vt 0.988107 0.103762
vt 0.998047 0.118845
vt 0.993763 0.117984
vt 0.888446 0.431302
vt 0.889088 0.435098
vt 0.887667 0.429950
vt 0.898047 0.429950
vt 0.897071 0.441642
vt 0.898047 0.445208
vt 0.892256 0.444058
vt 0.889517 0.469990
vt 0.892613 0.476385
vt 0.887667 0.477538
vt 0.898047 0.470119
vt 0.997505 0.126992
vt 0.994380 0.142175
vt 0.987667 0.143041
vt 0.911415 0.012412
vt 0.906897 0.017423
vt 0.901953 0.018577
vt 0.903041 0.063967
vt 0.909449 0.067155
vt 0.901953 0.064185
vt 0.901953 0.069380
vt 0.911720 0.079437
vt 0.911228 0.108764
vt 0.906567 0.117987
vt 0.909144 0.107087
vt 0.912333 0.119166
vt 0.912333 0.088593
vt 0.912333 0.096931
vt 0.904274 0.087942
vt 0.906571 0.095759
vt 0.903580 0.137961
vt 0.907807 0.141746
vt 0.901953 0.142508
vt 0.912333 0.142508
vt 0.691793 0.430942
vt 0.699084 0.452259
vt 0.687667 0.452868
vt 0.712333 0.452773
vt 0.902450 0.151637
vt 0.902966 0.158647
vt 0.901953 0.151347
vt 0.903155 0.166301
vt 0.906542 0.171874
vt 0.901953 0.166146
vt 0.912333 0.173023
vt 0.909990 0.180505
vt 0.904232 0.184441
vt 0.901953 0.180527
vt 0.905035 0.191010
vt 0.912333 0.193414
vt 0.906545 0.193516
vt 0.988306 0.175625
vt 0.993452 0.191667
vt 0.987667 0.192538
vt 0.911783 0.203137
vt 0.911720 0.209547
vt 0.901993 0.202649
vt 0.908963 0.216995
vt 0.912333 0.223145
vt 0.906547 0.221982
vt 0.910971 0.231703
vt 0.902446 0.238382
vt 0.903529 0.231304
vt 0.902671 0.245921
vt 0.912333 0.252327
vt 0.906540 0.251174
vt 0.911732 0.307193
vt 0.906718 0.317383
vt 0.901953 0.307182
vt 0.912333 0.289123
vt 0.912333 0.297117
vt 0.904968 0.288647
vt 0.906570 0.295952
vt 0.904448 0.328638
vt 0.909857 0.331715
vt 0.904094 0.328272
vt 0.912333 0.328272
vt 0.911832 0.362931
vt 0.906889 0.369711
vt 0.901953 0.370861
vt 0.902789 0.347844
vt 0.906880 0.352898
vt 0.901953 0.354051
vt 0.912333 0.347531
vt 0.529548 0.437354
vt 0.533129 0.449538
vt 0.516239 0.437354
vt 0.516239 0.449406
vt 0.542857 0.437354
vt 0.556166 0.437354
vt 0.569475 0.437354
vt 0.569475 0.449423
vt 0.909532 0.470471
vt 0.903227 0.483157
vt 0.901953 0.471233
vt 0.917816 0.001953
vt 0.920993 0.013088
vt 0.916239 0.014119
vt 0.926618 0.001972
vt 0.926618 0.014114
vt 0.911011 0.447221
vt 0.906706 0.458384
vt 0.901953 0.459414
vt 0.912333 0.459411
vt 0.918143 0.026423
vt 0.920990 0.035812
vt 0.916239 0.036844
vt 0.926618 0.036844
vt 0.926192 0.061266
vt 0.926567 0.079506
vt 0.917710 0.079506
vt 0.917605 0.129029
vt 0.916917 0.136730
vt 0.916239 0.129029
vt 0.926300 0.144606
vt 0.920994 0.150950
vt 0.916239 0.144665
vt 0.916239 0.151978
vt 0.926618 0.152007
vt 0.922280 0.089010
vt 0.916732 0.100131
vt 0.916239 0.089015
vt 0.926618 0.090083
vt 0.925397 0.109179
vt 0.920988 0.118873
vt 0.916239 0.119903
vt 0.926618 0.110408
vt 0.926618 0.119903
vt 0.917573 0.160893
vt 0.920988 0.167480
vt 0.916239 0.161059
vt 0.916239 0.168512
vt 0.926618 0.168505
vt 0.919379 0.178376
vt 0.920988 0.187647
vt 0.916239 0.188677
vt 0.926618 0.179485
vt 0.926618 0.188688
vt 0.668677 0.335785
vt 0.660315 0.344986
vt 0.659096 0.335785
vt 0.683680 0.335785
vt 0.683633 0.344986
vt 0.916907 0.199273
vt 0.917984 0.210867
vt 0.916945 0.200514
vt 0.926618 0.200514
vt 0.920467 0.220049
vt 0.926618 0.230849
vt 0.917029 0.221400
vt 0.920992 0.230347
vt 0.916239 0.231157
vt 0.920056 0.272952
vt 0.920991 0.288802
vt 0.916239 0.276248
vt 0.916239 0.289618
vt 0.926618 0.272962
vt 0.926618 0.289618
vt 0.668827 0.353296
vt 0.670652 0.353615
vt 0.659096 0.353296
vt 0.659096 0.353423
vt 0.683700 0.353284
vt 0.670233 0.360936
vt 0.916289 0.326727
vt 0.920991 0.339684
vt 0.916239 0.340501
vt 0.922877 0.326728
vt 0.926618 0.326737
vt 0.926618 0.340501
vt 0.918926 0.422778
vt 0.921185 0.429512
vt 0.916239 0.430634
vt 0.926618 0.423016
vt 0.925153 0.379622
vt 0.916738 0.385607
vt 0.924483 0.380557
vt 0.916956 0.392575
vt 0.921189 0.396217
vt 0.916239 0.397338
vt 0.917506 0.454451
vt 0.926570 0.470576
vt 0.917582 0.470576
vt 0.926094 0.485136
vt 0.926549 0.486859
vt 0.918136 0.486859
vt 0.940878 0.001953
vt 0.934891 0.010448
vt 0.934617 0.001953
vt 0.930997 0.131031
vt 0.939977 0.142023
vt 0.930613 0.142023
vt 0.931150 0.127334
vt 0.940904 0.131031
vt 0.931663 0.195988
vt 0.939572 0.198821
vt 0.930703 0.196065
vt 0.940904 0.196065
vt 0.939434 0.151241
vt 0.931825 0.153250
vt 0.930525 0.150576
vt 0.940904 0.150576
vt 0.940163 0.388407
vt 0.940292 0.394534
vt 0.931200 0.390352
vt 0.940904 0.390352
vt 0.940052 0.406720
vt 0.930637 0.406720
vt 0.954393 0.054119
vt 0.949035 0.055793
vt 0.944810 0.053801
vt 0.940877 0.415697
vt 0.934000 0.417891
vt 0.931394 0.415696
vt 0.930525 0.414957
vt 0.953872 0.187699
vt 0.952595 0.188031
vt 0.945500 0.187406
vt 0.955190 0.188351
vt 0.947630 0.196998
vt 0.934202 0.433081
vt 0.933535 0.440592
vt 0.930525 0.434766
vt 0.948219 0.319533
vt 0.955190 0.319767
vt 0.953920 0.325100
vt 0.944810 0.322280
vt 0.949291 0.336953
vt 0.955190 0.410126
vt 0.949467 0.422929
vt 0.946107 0.406212
vt 0.966531 0.047483
vt 0.962922 0.048190
vt 0.961646 0.045877
vt 0.953925 0.431763
vt 0.951191 0.433063
vt 0.944810 0.433687
vt 0.948034 0.438973
vt 0.961890 0.138823
vt 0.966881 0.143633
vt 0.961886 0.143633
vt 0.964286 0.196799
vt 0.966881 0.200868
vt 0.964286 0.200868
vt 0.962668 0.263882
vt 0.969475 0.262321
vt 0.966881 0.260742
vt 0.966855 0.262150
vt 0.959147 0.260742
vt 0.954185 0.364184
vt 0.948281 0.364472
vt 0.944810 0.362615
vt 0.964286 0.389350
vt 0.966881 0.393655
vt 0.964286 0.393655
vt 0.003906 0.451215
vt 0.001953 0.449531
vt 0.060073 0.451215
vt 0.116239 0.451215
vt 0.172405 0.451215
vt 0.226618 0.449531
vt 0.003906 0.488114
vt 0.031501 0.488114
vt 0.059096 0.488114
vt 0.086691 0.488114
vt 0.232478 0.022292
vt 0.260073 0.022292
vt 0.287667 0.022292
vt 0.315262 0.022292
vt 0.232478 0.043254
vt 0.230525 0.042989
vt 0.260073 0.043254
vt 0.287667 0.043254
vt 0.315262 0.043254
vt 0.232478 0.066763
vt 0.260073 0.066763
vt 0.287667 0.066763
vt 0.315262 0.066763
vt 0.232478 0.089998
vt 0.260073 0.089998
vt 0.287667 0.089998
vt 0.315262 0.089998
vt 0.232478 0.106124
vt 0.260073 0.106124
vt 0.287667 0.106124
vt 0.315262 0.106124
vt 0.232478 0.151403
vt 0.260073 0.151403
vt 0.287667 0.151403
vt 0.315262 0.151403
vt 0.232478 0.175670
vt 0.260073 0.175670
vt 0.287667 0.175670
vt 0.315262 0.175670
vt 0.232478 0.196077
vt 0.260073 0.196077
vt 0.287667 0.196077
vt 0.315262 0.196077
vt 0.232478 0.203649
vt 0.260073 0.203649
vt 0.285714 0.203375
vt 0.287667 0.203649
vt 0.313309 0.203375
vt 0.315262 0.203649
vt 0.232478 0.225547
vt 0.260073 0.225547
vt 0.287667 0.225547
vt 0.315262 0.225547
vt 0.232478 0.271126
vt 0.260073 0.271126
vt 0.287667 0.271126
vt 0.315262 0.271126
vt 0.232478 0.312678
vt 0.260073 0.312678
vt 0.287667 0.312678
vt 0.315262 0.312678
vt 0.232478 0.467499
vt 0.260073 0.467499
vt 0.287667 0.467499
vt 0.315262 0.467499
vt 0.232478 0.486254
vt 0.260073 0.486254
vt 0.287667 0.486254
vt 0.315262 0.486254
vt 0.346763 0.014057
vt 0.374358 0.014057
vt 0.401953 0.014057
vt 0.429548 0.014057
vt 0.346763 0.032441
vt 0.374358 0.032441
vt 0.401953 0.032441
vt 0.429548 0.032441
vt 0.346763 0.051151
vt 0.374358 0.051151
vt 0.401953 0.051151
vt 0.429548 0.051151
vt 0.346763 0.070873
vt 0.374358 0.070873
vt 0.401953 0.070873
vt 0.429548 0.070873
vt 0.346763 0.083887
vt 0.374358 0.083887
vt 0.401953 0.083887
vt 0.429548 0.083887
vt 0.346763 0.102541
vt 0.374358 0.102541
vt 0.401953 0.102541
vt 0.429548 0.102541
vt 0.346763 0.115400
vt 0.374358 0.115400
vt 0.401953 0.115400
vt 0.429548 0.115400
vt 0.346763 0.133029
vt 0.374358 0.133029
vt 0.401953 0.133029
vt 0.429548 0.133029
vt 0.346763 0.145331
vt 0.374358 0.145331
vt 0.401953 0.145331
vt 0.429548 0.145331
vt 0.346763 0.164553
vt 0.374358 0.164553
vt 0.401953 0.164553
vt 0.429548 0.164553
vt 0.346763 0.255623
vt 0.360073 0.255623
vt 0.373382 0.255623
vt 0.386691 0.255623
vt 0.346763 0.399894
vt 0.360073 0.399894
vt 0.373382 0.399894
vt 0.386691 0.399894
vt 0.403906 0.470199
vt 0.417215 0.470199
vt 0.430525 0.470199
vt 0.443834 0.470199
vt 0.461049 0.153748
vt 0.474358 0.153748
vt 0.487667 0.153748
vt 0.500977 0.153748
vt 0.461049 0.176106
vt 0.474358 0.176106
vt 0.487667 0.176106
vt 0.500977 0.176106
vt 0.461049 0.345964
vt 0.474358 0.345964
vt 0.487667 0.345964
vt 0.500977 0.345964
vt 0.461049 0.370551
vt 0.474358 0.370551
vt 0.487667 0.370551
vt 0.500977 0.370551
vt 0.461049 0.467029
vt 0.474358 0.467029
vt 0.487667 0.467029
vt 0.500977 0.467029
vt 0.518192 0.060798
vt 0.531501 0.060798
vt 0.544810 0.060798
vt 0.558119 0.060798
vt 0.518192 0.161166
vt 0.531501 0.161166
vt 0.544810 0.161166
vt 0.558119 0.161166
vt 0.518192 0.263993
vt 0.531501 0.263993
vt 0.544810 0.263993
vt 0.558119 0.263993
vt 0.518192 0.471979
vt 0.531501 0.471979
vt 0.544810 0.471979
vt 0.558119 0.471979
vt 0.518192 0.487291
vt 0.531501 0.487291
vt 0.544810 0.487291
vt 0.558119 0.487291
vt 0.733893 0.066519
vt 0.737735 0.065299
vt 0.736772 0.060881
vt 0.851953 0.211361
vt 0.850000 0.216115
vt 0.852595 0.215581
vt 0.918834 0.295204
vt 0.923598 0.294952
vt 0.921814 0.289562
vt 0.980525 0.131677
vt 0.981166 0.132600
vt 0.983119 0.131677
vt 0.983761 0.132587
vt 0.977017 0.131681
vt 0.250000 0.503906
vt 0.496094 0.503856
vt 0.003906 0.504230
vt 0.250000 0.746094
vt 0.003906 0.746094
vt 0.496094 0.746094
vt 0.496094 0.503941
vt 0.003902 0.504321
vt 0.496094 0.503666
vt 0.003908 0.504240
vt 0.496094 0.503924
vt 0.003905 0.504123
vt 0.496094 0.503311
vt 0.003901 0.503690
vt 0.496094 0.503908
vt 0.003906 0.504044
vt 0.496094 0.503751
vt 0.003907 0.503976
vt 0.496094 0.503892
vt 0.003905 0.504031
vt 0.496094 0.503620
vt 0.003901 0.503802
vt 0.003906 0.503906
vt 0.250000 0.503904
vt 0.003906 0.746089
vt 0.496094 0.503905
vt 0.496094 0.503799
vt 0.003907 0.503950
vt 0.496094 0.503909
vt 0.003905 0.503948
vt 0.496094 0.503684
vt 0.003905 0.503865
vt 0.003906 0.503955
vt 0.496094 0.503849
vt 0.003906 0.503910
vt 0.003906 0.503917
vt 0.496094 0.503902
vt 0.003906 0.503968
vt 0.003904 0.503971
vt 0.496094 0.503861
vt 0.003906 0.503951
vt 0.496094 0.503921
vt 0.003904 0.504068
vt 0.496094 0.503855
vt 0.003911 0.503829
vt 0.496094 0.503669
vt 0.003916 0.503595
vt 0.496094 0.503834
vt 0.003912 0.503802
vt 0.496094 0.503896
vt 0.003904 0.503964
vt 0.250000 0.503929
vt 0.003906 0.746084
vt 0.496094 0.503886
vt 0.250000 0.503907
vt 0.003906 0.746088
vt 0.496094 0.503904
vt 0.003906 0.746085
vt 0.003911 0.503793
vt 0.498155 0.746094
vt 0.498597 0.503811
vt 0.003906 0.503931
vt 0.496094 0.503878
vt 0.003909 0.503864
vt 0.496094 0.503900
vt 0.003906 0.503918
vt 0.496094 0.503537
vt 0.003923 0.503385
vt 0.495983 0.503906
vt 0.004008 0.625000
vt 0.496094 0.625000
vt 0.495913 0.503906
vt 0.004355 0.625000
vt 0.495940 0.503906
vt 0.004260 0.625000
vt 0.496045 0.503906
vt 0.003750 0.625000
vt 0.495773 0.503906
vt 0.004986 0.625000
vt 0.004206 0.625000
vt 0.496094 0.503906
vt 0.004004 0.625000
vt 0.004182 0.625000
vt 0.496647 0.625000
vt 0.003906 0.625000
vt 0.496325 0.503906
vt 0.497056 0.746094
vt 0.496121 0.503906
vt 0.003149 0.625000
vt 0.002461 0.625000
vt 0.496094 0.504015
vt 0.002884 0.625000
vt 0.496094 0.504114
vt 0.496094 0.503661
vt 0.003910 0.503657
vt 0.001267 0.625000
vt 0.496094 0.503832
vt 0.496094 0.503797
vt 0.003909 0.503790
vt 0.496477 0.503906
vt 0.002817 0.625000
vt 0.496860 0.625000
vt 0.004091 0.625000
vt 0.496037 0.503906
vt 0.004286 0.625000
vt 0.496048 0.503906
vt 0.003894 0.625000
vt 0.496094 0.503589
vt 0.003919 0.503472
vt 0.496425 0.503906
vt 0.002562 0.625000
vt 0.496094 0.503747
vt 0.003918 0.503693
vt 0.003907 0.503855
vt 0.495783 0.503906
vt 0.003967 0.625000
vt 0.496094 0.503257
vt 0.003892 0.503455
vt 0.503906 0.503906
vt 0.750000 0.506148
vt 0.503906 0.625000
vt 0.996094 0.503906
vt 0.996094 0.625000
vt 0.750000 0.746094
vt 0.503906 0.746094
vt 0.996094 0.746094
vt 0.750000 0.625000
vt 0.750000 0.503906
vt 0.750000 0.505560
vt 0.503906 0.503694
vt 0.997629 0.625000
vt 0.997324 0.503906
vt 0.997425 0.746094
vt 0.501897 0.746094
vt 0.750000 0.503313
vt 0.996094 0.503333
vt 0.750000 0.502958
vt 0.503906 0.503969
vt 0.996094 0.504871
vt 0.750000 0.504414
vt 0.503906 0.503979
vt 0.750000 0.505588
vt 0.503906 0.503696
vt 0.503906 0.503702
vt 0.750000 0.505211
vt 0.996094 0.502898
vt 0.503906 0.503789
vt 0.750000 0.504279
vt 0.503906 0.504163
vt 0.504122 0.503906
vt 0.503818 0.625000
vt 0.503906 0.503040
vt 0.750000 0.506159
vt 0.996094 0.502728
vt 0.996094 0.504370
vt 0.504007 0.503906
vt 0.505265 0.625000
vt 0.503906 0.505662
vt 0.996094 0.505231
vt 0.750000 0.505694
vt 0.996094 0.503928
vt 0.503906 0.503968
vt 0.750000 0.503678
vt 0.996094 0.503280
vt 0.750000 0.506801
vt 0.996094 0.503783
vt 0.503906 0.503703
vt 0.750000 0.505210
vt 0.503906 0.503963
vt 0.750000 0.503672
vt 0.996094 0.503277
vt 0.503906 0.503297
vt 0.750000 0.503932
vt 0.996094 0.503981
vt 0.503906 0.503957
vt 0.503906 0.503738
vt 0.503906 0.504067
vt 0.503906 0.503879
vt 0.750000 0.504034
vt 0.996094 0.503669
vt 0.750000 0.506130
vt 0.750000 0.507176
vt 0.504721 0.625000
vt 0.750000 0.504111
vt 0.503906 0.745908
vt 0.995972 0.625000
vt 0.503976 0.746094
vt 0.750000 0.503959
vt 0.503906 0.504252
vt 0.750000 0.503965
vt 0.503906 0.504115
vt 0.503906 0.503695
vt 0.750000 0.506040
vt 0.996258 0.625000
vt 0.995994 0.503906
vt 0.750000 0.505898
vt 0.750000 0.505930
vt 0.503906 0.503760
vt 0.504647 0.503906
vt 0.501931 0.503906
vt 0.506680 0.625000
vt 0.500784 0.746094
vt 0.503906 0.503884
vt 0.750000 0.504020
vt 0.996094 0.503677
vt 0.503906 0.503847
vt 0.750000 0.503021
vt 0.996094 0.503644
vt 0.502082 0.746094
vt 0.750000 0.504191
vt 0.503906 0.504193
vt 0.503906 0.503632
vt 0.750000 0.505209
vt 0.750000 0.503405
vt 0.996094 0.504043
vt 0.750000 0.504865
vt 0.996094 0.502931
vt 0.750000 0.504001
vt 0.503906 0.746063
vt 0.996094 0.503675
vt 0.503906 0.504331
vt 0.750000 0.506035
vt 0.996598 0.625000
vt 0.750000 0.506138
vt 0.994637 0.625000
vt 0.503906 0.503761
vt 0.506590 0.625000
vt 0.750000 0.505589
vt 0.503906 0.503890
vt 0.750000 0.503991
vt 0.996094 0.503745
vt 0.501429 0.746094
vt 0.750000 0.506142
vt 0.502988 0.625000
vt 0.503906 0.503697
vt 0.503906 0.503848
vt 0.750000 0.504133
vt 0.996094 0.503446
vt 0.504591 0.625000
vt 0.995352 0.625000
vt 0.503906 0.745966
vt 0.995897 0.503906
vt 0.503906 0.503886
vt 0.750000 0.504011
vt 0.996094 0.503714
vt 0.750000 0.504475
vt 0.503906 0.745845
vt 0.750000 0.505836
vt 0.995896 0.503906
vt 0.504051 0.625000
vt 0.498474 0.625000
vt 0.996094 0.505453
vt 0.507978 0.625000
vt 0.750000 0.503230
vt 0.996094 0.504190
vt 0.750000 0.505938
vt 0.750000 0.503147
vt 0.996094 0.503946
vt 0.750000 0.509473
vt 0.503906 0.503931
vt 0.996094 0.503533
vt 0.750000 0.503683
vt 0.996094 0.504036
vt 0.503906 0.505672
vt 0.750000 0.505852
vt 0.503906 0.745788
vt 0.996028 0.503906
vt 0.503906 0.745810
vt 0.995918 0.503906
vt 0.750000 0.507605
vt 0.503909 0.745817
vt 0.996094 0.503671
vt 0.503563 0.625000
vt 0.996094 0.504080
vt 0.995987 0.503906
vt 0.503966 0.625000
vt 0.503906 0.503612
vt 0.750000 0.503608
vt 0.750000 0.506131
vt 0.504364 0.625000
vt 0.750000 0.505587
vt 0.503696 0.503906
vt 0.504327 0.625000
vt 0.503906 0.503452
vt 0.750000 0.505198
vt 0.996094 0.503074
vt 0.502034 0.503906
vt 0.996094 0.502767
vt 0.506383 0.625000
vt 0.501651 0.746094
vt 0.503906 0.503838
vt 0.503906 0.503726
vt 0.996088 0.503906
vt 0.503885 0.625000
vt 0.502526 0.746094
vt 0.503906 0.503867
vt 0.503906 0.503716
vt 0.750000 0.503688
vt 0.750000 0.505961
vt 0.750000 0.509029
vt 0.750000 0.504823
vt 0.503906 0.503893
vt 0.502913 0.625000
vt 0.503784 0.746094
vt 0.503752 0.503906
vt 0.504702 0.625000
vt 0.503906 0.503531
vt 0.750000 0.505275
vt 0.996094 0.502856
vt 0.996027 0.503906
vt 0.503574 0.625000
vt 0.503906 0.503932
vt 0.750000 0.504130
vt 0.996094 0.503734
vt 0.750000 0.506764
vt 0.502396 0.625000
vt 0.750000 0.504951
vt 0.750000 0.506399
vt 0.503906 0.503581
vt 0.503906 0.504039
vt 0.750000 0.504207
vt 0.506360 0.625000
vt 0.996065 0.503906
vt 0.504269 0.625000
vt 0.503862 0.503906
vt 0.503586 0.625000
vt 0.750000 0.504375
vt 0.502504 0.625000
vt 0.504500 0.625000
vt 0.503906 0.503851
vt 0.750000 0.504137
vt 0.996094 0.503476
vt 0.750000 0.506010
vt 0.503906 0.503803
vt 0.503906 0.504322
vt 0.750000 0.507265
vt 0.503906 0.504124
vt 0.750000 0.504030
vt 0.995961 0.503906
vt 0.503874 0.625000
vt 0.750000 0.504132
vt 0.503906 0.746030
vt 0.503906 0.503955
vt 0.750000 0.502916
vt 0.996094 0.503791
vt 0.501811 0.625000
vt 0.503906 0.503901
vt 0.750000 0.504382
vt 0.996094 0.503048
vt 0.508581 0.625000
vt 0.503906 0.503954
vt 0.750000 0.503987
vt 0.996094 0.503187
vt 0.503176 0.503906
vt 0.505647 0.625000
vt 0.502980 0.503906
vt 0.505790 0.625000
vt 0.750000 0.504067
vt 0.996094 0.503413
vt 0.508335 0.625000
vt 0.503228 0.746094
vt 0.505595 0.625000
vt 0.996094 0.503305
vt 0.503906 0.503707
vt 0.750000 0.503701
vt 0.750000 0.503848
vt 0.503906 0.503818
vt 0.750000 0.503819
vt 0.503906 0.503688
vt 0.750000 0.505458
vt 0.996094 0.502952
vt 0.750000 0.506123
vt 0.503906 0.504131
vt 0.003906 0.875000
vt 0.250000 0.996094
vt 0.003906 0.996094
vt 0.003906 0.753906
vt 0.250000 0.875000
vt 0.250000 0.753906
vt 0.250000 0.754061
vt 0.003906 0.996003
vt 0.496094 0.996094
vt 0.496094 0.753611
vt 0.003774 0.875000
vt 0.496094 0.875000
vt 0.496094 0.753906
vt 0.496694 0.753906
vt 0.004718 0.875000
vt 0.496932 0.996094
vt 0.250000 0.753909
vt 0.003906 0.996077
vt 0.496094 0.753902
vt 0.496094 0.753697
vt 0.003910 0.753681
vt 0.250000 0.753866
vt 0.003906 0.996128
vt 0.496094 0.996148
vt 0.250000 0.753826
vt 0.003906 0.996101
vt 0.496094 0.996269
vt 0.496245 0.753906
vt 0.004576 0.875000
vt 0.496094 0.753948
vt 0.003898 0.754549
vt 0.004061 0.753906
vt 0.495936 0.875000
vt 0.250000 0.753912
vt 0.003906 0.996089
vt 0.003641 0.753906
vt 0.003907 0.753868
vt 0.497005 0.996094
vt 0.497043 0.753869
vt 0.250000 0.753931
vt 0.496094 0.753866
vt 0.496094 0.753753
vt 0.003905 0.753839
vt 0.004914 0.875000
vt 0.003906 0.753268
vt 0.250000 0.753990
vt 0.003906 0.996058
vt 0.496094 0.753713
vt 0.492626 0.875000
vt 0.003930 0.996094
vt 0.002024 0.996094
vt 0.003514 0.753906
vt 0.003169 0.875000
vt 0.002518 0.996094
vt 0.495900 0.753906
vt 0.003958 0.875000
vt 0.003906 0.996219
vt 0.250000 0.994783
vt 0.003906 0.996580
vt 0.001903 0.753906
vt 0.496094 0.752459
vt 0.490344 0.993265
vt 0.003688 0.753906
vt 0.003164 0.875000
vt 0.004009 0.875000
vt 0.003757 0.996094
vt 0.003906 0.753834
vt 0.250000 0.754007
vt 0.496094 0.753763
vt 0.496115 0.753906
vt 0.003906 0.752311
vt 0.491988 0.753906
vt 0.003906 0.753449
vt 0.494962 0.753906
vt 0.003308 0.753906
vt 0.001563 0.753742
vt 0.003906 0.753840
vt 0.495345 0.753906
vt 0.003633 0.753906
vt 0.250000 0.753992
vt 0.003906 0.996027
vt 0.496094 0.753773
vt 0.250000 0.753907
vt 0.250000 0.753910
vt 0.003906 0.996093
vt 0.496094 0.753904
vt 0.250000 0.753911
vt 0.003906 0.996092
vt 0.002763 0.753906
vt 0.005540 0.875000
vt 0.001854 0.996094
vt 0.003906 0.753904
vt 0.496094 0.752630
vt 0.002435 0.996094
vt 0.003906 0.996084
vt 0.496094 0.753849
vt 0.003798 0.875000
vt 0.496094 0.754128
vt 0.002458 0.753906
vt 0.496094 0.753062
vt 0.005550 0.875000
vt 0.001935 0.996094
vt 0.003957 0.875000
vt 0.004014 0.875000
vt 0.003895 0.753298
vt 0.002175 0.996094
vt 0.494101 0.753279
vt 0.496094 0.752675
vt 0.002081 0.996094
vt 0.496025 0.753906
vt 0.004115 0.875000
vt 0.250000 0.753928
vt 0.003906 0.996074
vt 0.496094 0.753878
vt 0.250000 0.753899
vt 0.496094 0.753916
vt 0.496094 0.753912
vt 0.496094 0.995943
vt 0.496094 0.753910
vt 0.003906 0.753948
vt 0.496094 0.753905
vt 0.003906 0.754263
vt 0.495580 0.753906
vt 0.496573 0.996094
vt 0.003884 0.753906
vt 0.004200 0.875000
vt 0.495754 0.753906
vt 0.004534 0.875000
vt 0.007237 0.875000
vt 0.495883 0.753906
vt 0.003934 0.875000
vt 0.250000 0.754014
vt 0.003906 0.996020
vt 0.496094 0.753727
vt 0.496094 0.753857
vt 0.003905 0.753880
vt 0.496064 0.753906
vt 0.496077 0.753906
vt 0.004051 0.875000
vt 0.002617 0.996094
vt 0.495694 0.753906
vt 0.003542 0.875000
vt 0.250000 0.753978
vt 0.003906 0.996062
vt 0.496094 0.753741
vt 0.250000 0.753437
vt 0.003906 0.996354
vt 0.496094 0.996684
vt 0.003723 0.753906
vt 0.003128 0.875000
vt 0.003526 0.753906
vt 0.003003 0.875000
vt 0.003482 0.753906
vt 0.002953 0.875000
vt 0.002004 0.996094
vt 0.495909 0.753906
vt 0.003637 0.875000
vt 0.003597 0.996094
vt 0.496303 0.753906
vt 0.002941 0.875000
vt 0.004256 0.875000
vt 0.495836 0.753906
vt 0.003792 0.875000
vt 0.004048 0.996094
vt 0.495320 0.875000
vt 0.003432 0.753906
vt 0.004756 0.875000
vt 0.002339 0.996094
vt 0.495742 0.753906
vt 0.004053 0.875000
vt 0.003006 0.875000
vt 0.250000 0.754042
vt 0.496094 0.753619
vt 0.496094 0.996090
vt 0.496094 0.753939
vt 0.003903 0.754311
vt 0.002969 0.875000
vt 0.004742 0.875000
vt 0.495631 0.753906
vt 0.003783 0.875000
vt 0.250000 0.753991
vt 0.496094 0.753720
vt 0.002829 0.753906
vt 0.005223 0.875000
vt 0.003906 0.753863
vt 0.250000 0.754041
vt 0.496094 0.753783
vt 0.496024 0.753906
vt 0.250000 0.754055
vt 0.003906 0.996005
vt 0.496094 0.753616
vt 0.495701 0.753906
vt 0.003796 0.875000
vt 0.003906 0.753892
vt 0.250000 0.753955
vt 0.496094 0.753852
vt 0.004840 0.875000
vt 0.250000 0.753989
vt 0.003906 0.996055
vt 0.496094 0.753724
vt 0.496032 0.753906
vt 0.004045 0.875000
vt 0.004354 0.875000
vt 0.495793 0.753906
vt 0.004138 0.875000
vt 0.250000 0.753841
vt 0.003906 0.996118
vt 0.496094 0.996237
vt 0.002826 0.875000
vt 0.496094 0.753914
vt 0.495775 0.753906
vt 0.003930 0.875000
vt 0.004288 0.996094
vt 0.496094 0.753737
vt 0.003906 0.755060
vt 0.496024 0.875000
vt 0.004144 0.996094
vt 0.250000 0.753819
vt 0.003906 0.996147
vt 0.496094 0.996230
vt 0.496094 0.753626
vt 0.003908 0.754385
vt 0.250000 0.753959
vt 0.003906 0.996054
vt 0.496094 0.753831
vt 0.003511 0.875000
vt 0.250000 0.753995
vt 0.003906 0.995980
vt 0.496094 0.753787
vt 0.496094 0.753295
vt 0.003890 0.753448
vt 0.005136 0.875000
vt 0.496327 0.996094
vt 0.496427 0.753905
vt 0.003487 0.753906
vt 0.002539 0.875000
vt 0.004547 0.875000
vt 0.250000 0.753933
vt 0.003906 0.996083
vt 0.496094 0.753843
vt 0.004078 0.753906
vt 0.003866 0.996091
vt 0.496094 0.753903
vt 0.003902 0.753721
vt 0.002536 0.996094
vt 0.494530 0.753709
vt 0.003259 0.753906
vt 0.005536 0.875000
vt 0.250000 0.753905
vt 0.003906 0.996096
vt 0.496094 0.753911
vt 0.001937 0.753906
vt 0.006210 0.875000
vt 0.001077 0.996094
vt 0.004286 0.875000
vt 0.003276 0.753904
vt 0.003361 0.996094
vt 0.002767 0.875000
vt 0.005412 0.875000
vt 0.003011 0.753378
vt 0.002992 0.996094
vt 0.496094 0.753405
vt 0.495901 0.753906
vt 0.004379 0.875000
vt 0.003677 0.753906
vt 0.004613 0.875000
vt 0.001934 0.996094
vt 0.250000 0.754056
vt 0.003906 0.996004
vt 0.003852 0.753906
vt 0.004538 0.875000
vt 0.495747 0.753906
vt 0.004140 0.875000
vt 0.250000 0.753985
vt 0.003906 0.995954
vt 0.004026 0.875000
vt 0.496094 0.753919
vt 0.004083 0.875000
vt 0.496094 0.753793
vt 0.003905 0.753857
vt 0.003906 0.753905
vt 0.003651 0.996094
vt 0.495724 0.753904
vt 0.005254 0.875000
vt 0.004468 0.875000
vt 0.003503 0.753906
vt 0.004456 0.875000
vt 0.002895 0.996094
vt 0.003083 0.753906
vt 0.005775 0.875000
vt 0.496010 0.753906
vt 0.004307 0.875000
vt 0.250000 0.753893
vt 0.496094 0.753926
vt 0.496065 0.753906
vt 0.004025 0.875000
vt 0.003785 0.753906
vt 0.004514 0.875000
vt 0.004167 0.875000
vt 0.496094 0.754334
vt 0.495981 0.753906
vt 0.004020 0.875000
vt 0.002691 0.875000
vt 0.495934 0.753906
vt 0.004171 0.875000
vt 0.495935 0.753906
vt 0.004155 0.875000
vt 0.496116 0.753906
vt 0.003971 0.875000
vt 0.496306 0.996094
vt 0.003787 0.875000
vt 0.496094 0.754012
vt 0.003654 0.753906
vt 0.004508 0.875000
vt 0.002390 0.996094
vt 0.004087 0.875000
vt 0.496094 0.754046
vt 0.496084 0.753906
vt 0.003802 0.875000
vt 0.001951 0.996094
vt 0.002828 0.875000
vt 0.496060 0.753906
vt 0.003699 0.875000
vt 0.002474 0.996094
vt 0.250000 0.753902
vt 0.002871 0.875000
vt 0.496094 0.753796
vt 0.003906 0.754335
vt 0.005306 0.875000
vt 0.496094 0.753479
vt 0.003965 0.875000
vt 0.003305 0.875000
vt 0.495899 0.753906
vt 0.004101 0.875000
vt 0.003629 0.875000
vt 0.003906 0.753778
vt 0.250000 0.754189
vt 0.496094 0.753483
vt 0.250000 0.753776
vt 0.003906 0.996136
vt 0.496094 0.996317
vt 0.003133 0.875000
vt 0.005983 0.875000
vt 0.495767 0.875000
vt 0.496026 0.753906
vt 0.003875 0.875000
vt 0.003906 0.753960
vt 0.494992 0.875000
vt 0.496094 0.753874
vt 0.003904 0.754001
vt 0.250000 0.753828
vt 0.003906 0.996110
vt 0.496094 0.996133
vt 0.496094 0.753876
vt 0.003905 0.754488
vt 0.003424 0.753906
vt 0.004658 0.875000
vt 0.002108 0.996094
vt 0.496051 0.753906
vt 0.002647 0.875000
vt 0.496094 0.753958
vt 0.495913 0.753906
vt 0.004006 0.875000
vt 0.003761 0.875000
vt 0.496094 0.754058
vt 0.250000 0.753913
vt 0.250000 0.754046
vt 0.003906 0.995966
vt 0.496094 0.753714
vt 0.003850 0.875000
vt 0.003906 0.753869
vt 0.250000 0.753998
vt 0.496094 0.753804
vt 0.004103 0.875000
vt 0.496094 0.753862
vt 0.003906 0.754005
vt 0.495928 0.753906
vt 0.003210 0.753906
vt 0.005229 0.875000
vt 0.001723 0.996094
vt 0.496008 0.875000
vt 0.004360 0.996094
vt 0.003812 0.875000
vt 0.496094 0.754036
vt 0.250000 0.753927
vt 0.003906 0.995985
vt 0.496094 0.754138
vt 0.003759 0.875000
vt 0.003923 0.875000
vt 0.496094 0.753844
vt 0.003966 0.875000
vt 0.003344 0.753906
vt 0.005427 0.875000
vt 0.002789 0.752990
vt 0.002699 0.996094
vt 0.496094 0.753121
vt 0.250000 0.754054
vt 0.496094 0.753615
vt 0.002266 0.753906
vt 0.006084 0.875000
vt 0.001205 0.996094
vt 0.250000 0.753919
vt 0.003906 0.996090
vt 0.496094 0.753871
vt 0.498445 0.875000
vt 0.496078 0.753906
vt 0.003739 0.875000
vt 0.495476 0.875000
vt 0.004163 0.996094
vt 0.003906 0.753913
vt 0.003989 0.996094
vt 0.495434 0.753903
vt 0.250000 0.995749
vt 0.003906 0.996188
vt 0.496094 0.996786
vt 0.003331 0.753906
vt 0.495831 0.875000
vt 0.003801 0.996094
vt 0.003907 0.754006
vt 0.495947 0.753906
vt 0.004199 0.875000
vt 0.250000 0.753494
vt 0.496094 0.753505
vt 0.496094 0.753509
vt 0.003897 0.753664
vt 0.004501 0.875000
vt 0.003695 0.753906
vt 0.004380 0.875000
vt 0.002420 0.996094
vt 0.496094 0.753722
vt 0.250000 0.753981
vt 0.003906 0.996051
vt 0.496094 0.753767
vt 0.003895 0.875000
vt 0.002554 0.875000
vt 0.495948 0.753906
vt 0.003717 0.875000
vt 0.004022 0.875000
vt 0.496073 0.753906
vt 0.250000 0.753993
vt 0.003906 0.996052
vt 0.496094 0.753717
vt 0.003906 0.996073
vt 0.002570 0.753906
vt 0.005907 0.875000
vt 0.001637 0.996094
vt 0.003470 0.875000
vt 0.495933 0.753906
vt 0.003732 0.875000
vt 0.250000 0.754018
vt 0.003906 0.996018
vt 0.003044 0.875000
vt 0.496094 0.753997
vt 0.495973 0.753906
vt 0.004371 0.875000
vt 0.001761 0.996094
vt 0.003912 0.753584
vt 0.497664 0.996094
vt 0.497812 0.753620
vt 0.496555 0.875000
vt 0.003906 0.754000
vt 0.250000 0.753964
vt 0.003906 0.996053
vt 0.496094 0.753703
vt 0.006787 0.875000
vt 0.495729 0.753906
vt 0.004440 0.875000
vt 0.004298 0.753906
vt 0.495528 0.996094
vt 0.005436 0.875000
vt 0.495826 0.753906
vt 0.004636 0.875000
vt 0.001750 0.753906
vt 0.496094 0.752402
vt 0.006758 0.875000
vt 0.001298 0.996094
vt 0.003906 0.995982
vt 0.250000 0.753767
vt 0.003906 0.996139
vt 0.496094 0.996289
vt 0.496094 0.754004
vt 0.003669 0.875000
vt 0.496094 0.753842
vt 0.250000 0.754017
vt 0.003906 0.995933
vt 0.496094 0.753818
vt 0.496094 0.753896
vt 0.003906 0.754291
vt 0.496081 0.753906
vt 0.004004 0.875000
vt 0.003001 0.996094
vt 0.495927 0.753906
vt 0.003573 0.875000
vt 0.250000 0.753839
vt 0.003906 0.753872
vt 0.250000 0.753867
vt 0.003657 0.875000
vt 0.495976 0.753906
vt 0.003557 0.875000
vt 0.002603 0.753906
vt 0.003905 0.753858
vt 0.003061 0.996094
vt 0.495174 0.753855
vt 0.250000 0.754025
vt 0.003906 0.995988
vt 0.496094 0.753728
vt 0.496086 0.753906
vt 0.003906 0.996079
vt 0.003186 0.753906
vt 0.002901 0.996090
vt 0.496094 0.753901
vt 0.002496 0.753906
vt 0.005606 0.875000
vt 0.001926 0.996094
vt 0.250000 0.753903
vt 0.496094 0.753888
vt 0.496094 0.753802
vt 0.003961 0.875000
vt 0.496094 0.753890
vt 0.003420 0.753906
vt 0.004936 0.875000
vt 0.003906 0.996010
vt 0.496094 0.753644
vt 0.006812 0.875000
vt 0.495965 0.753906
vt 0.003508 0.875000
vt 0.004002 0.875000
vt 0.250000 0.753932
vt 0.496094 0.753847
vt 0.003906 0.753861
vt 0.250000 0.754040
vt 0.250000 0.753621
vt 0.496094 0.753606
vt 0.003878 0.753014
vt 0.000672 0.996094
vt 0.491609 0.752976
vt 0.496069 0.753906
vt 0.003842 0.875000
vt 0.003253 0.753906
vt 0.004627 0.875000
vt 0.002765 0.996094
vt 0.003135 0.753906
vt 0.005421 0.875000
vt 0.001236 0.996094
vt 0.495997 0.753906
vt 0.495969 0.753906
vt 0.004058 0.875000
vt 0.496094 0.753846
vt 0.496094 0.753718
vt 0.496094 0.753340
vt 0.003898 0.753626
vt 0.003593 0.753906
vt 0.004314 0.875000
vt 0.250000 0.753880
vt 0.003906 0.996113
vt 0.496094 0.753941
vt 0.005577 0.875000
vt 0.003567 0.875000
vt 0.003906 0.996091
vt 0.496094 0.753892
vt 0.496094 0.753881
vt 0.003906 0.754227
vt 0.003581 0.753906
vt 0.004870 0.875000
vt 0.001423 0.996094
vt 0.003683 0.753906
vt 0.003344 0.875000
vt 0.003126 0.996094
s 1
usemtl Bark___1
f 5666/1/1 5113/2/1 5191/3/1
f 5666/1/2 5596/4/3 5113/2/4
f 5192/5/5 5114/6/6 5666/1/2
f 5666/1/2 5114/6/6 5596/4/3
f 5037/7/7 5546/8/8 5090/9/9
f 5517/10/10 5546/8/8 5037/7/7
f 5039/11/11 5091/12/11 5517/10/11
f 5517/10/10 5091/12/12 5546/8/13
f 5638/13/14 5579/14/15 5085/15/16
f 5085/15/16 5579/14/15 5029/16/17
f 5086/17/18 5030/17/19 5638/13/14
f 5638/13/14 5030/17/19 5579/14/15
f 5460/18/20 4643/19/21 4598/20/22
f 5453/21/23 5485/22/24 5460/18/25
f 5460/18/25 5485/22/24 4643/19/26
f 4600/23/27 4645/24/28 5453/21/23
f 5453/21/23 4645/24/28 5485/22/24
f 5511/25/29 4566/26/30 4649/27/29
f 5515/28/31 5430/29/32 5511/25/33
f 5511/25/33 5430/29/32 4566/26/34
f 4651/30/35 4567/31/36 5515/28/31
f 5515/28/31 4567/31/36 5430/29/32
f 5194/32/37 4309/33/38 4315/34/39
f 5208/35/40 5188/36/41 5194/32/42
f 5194/32/43 5188/36/43 4309/33/43
f 4317/37/44 4311/38/44 5208/35/44
f 5208/35/40 4311/38/45 5188/36/46
f 5061/39/47 4995/40/48 4139/41/49
f 4139/41/49 4995/40/48 4079/42/50
f 5931/43/51 4954/44/52 5061/39/53
f 5061/39/53 4954/44/52 4995/40/54
f 5066/45/55 4954/44/52 5931/43/51
f 4140/46/56 4080/47/57 5066/45/58
f 5066/45/58 4080/47/57 4954/44/59
f 4402/48/60 4180/49/60 3670/50/60
f 3670/50/61 4180/49/61 3595/51/61
f 5751/52/62 5533/53/62 4402/48/62
f 4402/48/63 5533/53/63 4180/49/63
f 4579/54/64 4550/55/64 5751/52/64
f 5751/52/65 4550/55/65 5533/53/65
f 3672/56/66 3596/57/66 4579/54/66
f 4579/54/67 3596/57/67 4550/55/67
f 4245/58/68 4212/59/69 4211/60/70
f 4246/61/71 4212/59/69 4245/58/68
f 4168/62/72 4189/63/73 4166/64/74
f 4166/64/74 4189/63/73 4187/65/75
f 4462/66/76 4433/67/77 4125/68/78
f 4125/68/78 4433/67/77 4093/69/79
f 4126/70/80 4094/71/81 4462/66/76
f 4462/66/76 4094/71/81 4433/67/77
f 4356/72/82 3873/73/82 3883/74/82
f 4359/75/83 4345/76/84 4356/72/85
f 4356/72/85 4345/76/84 3873/73/86
f 3885/77/87 3875/78/88 4359/75/83
f 4359/75/83 3875/78/88 4345/76/84
f 4308/79/89 4242/80/90 3723/81/91
f 3723/81/91 4242/80/90 3701/82/92
f 4307/83/93 4243/84/94 4308/79/95
f 4308/79/95 4243/84/94 4242/80/96
f 4307/83/97 4244/85/98 4243/84/99
f 3725/86/100 3702/87/100 4307/83/100
f 4307/83/97 3702/87/101 4244/85/98
f 4121/88/102 4022/89/103 3421/90/104
f 3421/90/104 4022/89/103 3367/91/105
f 4132/92/106 4074/93/107 4121/88/102
f 4121/88/102 4074/93/107 4022/89/103
f 3422/94/108 3368/95/109 4132/92/110
f 4132/92/110 3368/95/109 4074/93/111
f 3832/96/112 3791/97/113 3126/98/114
f 3126/98/114 3791/97/113 3104/99/115
f 4731/100/116 4693/101/117 3832/96/118
f 3832/96/118 4693/101/117 3791/97/119
f 3819/102/120 3785/103/121 4731/100/122
f 4731/100/122 3785/103/121 4693/101/123
f 3128/104/124 3106/105/125 3819/102/126
f 3819/102/126 3106/105/125 3785/103/127
f 3428/106/128 3160/107/128 2806/108/128
f 2806/108/129 3160/107/129 2756/109/129
f 4428/110/130 4106/111/130 3428/106/130
f 3428/106/131 4106/111/131 3160/107/131
f 3574/112/132 3437/113/132 4428/110/132
f 4428/110/133 3437/113/133 4106/111/133
f 2807/114/134 2757/115/134 3574/112/134
f 3574/112/135 2757/115/135 3437/113/135
f 3616/116/136 3286/117/136 3272/118/136
f 3616/116/137 3630/119/138 3286/117/139
f 3273/120/140 3288/121/141 3616/116/137
f 3616/116/137 3288/121/141 3630/119/138
f 3639/122/142 3594/123/143 3315/124/144
f 3315/124/144 3594/123/143 3295/125/145
f 3317/126/146 3594/123/143 3639/122/142
f 3317/126/147 3296/127/147 3594/123/147
f 3541/128/148 3558/129/149 3253/130/150
f 3253/130/150 3558/129/149 3258/131/151
f 3254/132/152 3259/133/153 3541/128/148
f 3541/128/148 3259/133/153 3558/129/149
f 3520/134/154 3491/135/155 3200/136/156
f 3200/136/156 3491/135/155 3169/137/157
f 3202/138/158 3170/139/159 3520/134/154
f 3520/134/154 3170/139/159 3491/135/155
f 3397/140/160 3399/141/161 3020/142/162
f 3020/142/162 3399/141/161 3025/143/163
f 3022/144/164 3401/145/165 3397/140/160
f 3397/140/160 3401/145/165 3399/141/161
f 3022/144/166 3026/146/166 3401/145/166
f 3345/147/167 3268/148/168 2901/149/169
f 2901/149/169 3268/148/168 2864/150/170
f 2903/151/171 3269/152/172 3345/147/167
f 3345/147/167 3269/152/172 3268/148/168
f 2903/151/173 2865/153/174 3269/152/175
f 3089/154/176 3094/155/177 2740/156/178
f 2740/156/178 3094/155/177 2753/157/179
f 3089/154/180 3443/158/181 3094/155/182
f 3086/159/183 3098/160/184 3089/154/180
f 3089/154/180 3098/160/184 3443/158/181
f 2742/161/185 2754/162/185 3086/159/185
f 3086/159/186 2754/162/186 3098/160/186
f 2959/163/187 2897/164/187 2609/165/187
f 2609/165/188 2897/164/188 2563/166/188
f 2910/167/189 2793/168/189 2959/163/189
f 2959/163/190 2793/168/190 2897/164/190
f 2610/169/191 2564/170/191 2910/167/191
f 2910/167/192 2564/170/192 2793/168/192
f 5247/171/193 5329/172/194 4652/173/195
f 4652/173/195 5329/172/194 4699/174/196
f 4653/175/197 5329/172/194 5247/171/193
f 4653/175/198 4701/176/198 5329/172/198
f 5374/177/199 5316/178/200 4780/179/201
f 4780/179/201 5316/178/200 4706/180/202
f 4782/181/203 4708/182/204 5374/177/199
f 5374/177/199 4708/182/204 5316/178/200
f 5152/183/205 5200/184/206 4493/185/207
f 4493/185/207 5200/184/206 4540/186/208
f 4494/187/209 4541/188/210 5152/183/205
f 5152/183/205 4541/188/210 5200/184/206
f 5290/189/211 5202/190/212 4504/191/213
f 4504/191/213 5202/190/212 4453/192/214
f 4506/193/215 5210/194/216 5290/189/211
f 5290/189/211 5210/194/216 5202/190/212
f 4506/193/217 4454/195/218 5210/194/217
f 5055/196/219 5083/197/220 4364/198/221
f 4364/198/221 5083/197/220 4391/199/222
f 4366/200/223 4393/201/224 5055/196/219
f 5055/196/219 4393/201/224 5083/197/220
f 5161/202/225 4332/203/226 4381/204/227
f 5161/202/228 5062/205/229 4332/203/230
f 4383/206/231 5062/205/229 5161/202/228
f 4383/206/232 4334/207/233 5062/205/234
f 4768/208/235 4825/209/236 4199/210/237
f 4199/210/237 4825/209/236 4237/211/238
f 4774/212/239 4825/209/239 4768/208/239
f 4774/212/240 4885/213/241 4825/209/242
f 4201/214/243 4239/215/244 4774/212/240
f 4774/212/240 4239/215/244 4885/213/241
f 4910/216/245 4040/217/245 4136/218/245
f 4756/219/246 4582/220/246 4910/216/246
f 4910/216/247 4582/220/247 4040/217/247
f 4138/221/248 4041/222/248 4756/219/248
f 4756/219/249 4041/222/249 4582/220/249
f 3758/223/250 3803/224/250 3757/225/250
f 3758/223/251 3805/226/251 3803/224/251
f 3900/227/252 3842/228/253 3898/229/254
f 3735/230/255 3780/231/256 3733/232/257
f 3733/232/257 3780/231/256 3778/233/258
f 4151/234/259 3755/235/260 3825/236/261
f 3826/237/262 3756/238/263 4151/234/259
f 4151/234/259 3756/238/263 3755/235/260
f 3923/239/264 3980/240/265 3589/241/266
f 3589/241/266 3980/240/265 3649/242/267
f 3590/243/268 3651/244/269 3923/239/264
f 3923/239/264 3651/244/269 3980/240/265
f 4092/245/270 3571/246/270 3625/247/270
f 4083/248/271 4001/249/272 4092/245/273
f 4092/245/273 4001/249/272 3571/246/274
f 3627/250/275 3572/251/276 4083/248/271
f 4083/248/271 3572/251/276 4001/249/272
f 3903/252/277 3964/253/278 3376/254/279
f 3376/254/279 3964/253/278 3431/255/280
f 3905/256/281 4002/257/282 3903/252/283
f 3903/252/283 4002/257/282 3964/253/284
f 3905/256/285 3972/258/286 4002/257/287
f 3378/259/288 3433/260/288 3905/256/288
f 3905/256/285 3433/260/289 3972/258/286
f 4090/261/290 4109/262/290 3403/263/290
f 3403/263/291 4109/262/291 3386/264/291
f 4088/265/292 5026/266/292 4090/261/292
f 4090/261/293 5026/266/293 4109/262/293
f 4088/265/294 4027/267/294 5026/266/294
f 3404/268/295 3388/269/295 4088/265/295
f 4088/265/296 3388/269/296 4027/267/296
f 5625/270/297 5722/271/298 5226/272/299
f 5226/272/299 5722/271/298 5331/273/300
f 5227/274/301 5333/275/302 5625/270/297
f 5625/270/297 5333/275/302 5722/271/298
f 5434/276/303 5357/277/304 5432/278/305
f 5432/278/305 5357/277/304 5356/279/306
f 5595/280/307 5689/281/308 5137/282/309
f 5137/282/309 5689/281/308 5248/283/310
f 5138/284/311 5250/285/312 5595/280/307
f 5595/280/307 5250/285/312 5689/281/308
f 5859/286/313 5792/287/314 5348/288/315
f 5348/288/315 5792/287/314 5272/289/316
f 5350/290/317 5273/291/318 5859/286/313
f 5859/286/313 5273/291/318 5792/287/314
f 5685/292/319 5780/293/320 5145/294/321
f 5145/294/321 5780/293/320 5276/295/322
f 5147/296/323 5278/297/324 5685/292/319
f 5685/292/319 5278/297/324 5780/293/320
f 5921/298/325 5879/299/325 5414/300/325
f 5414/300/326 5879/299/326 5351/301/326
f 5416/302/327 5352/303/327 5921/298/327
f 5921/298/328 5352/303/328 5879/299/328
f 5801/304/329 5860/305/330 5215/306/331
f 5215/306/331 5860/305/330 5325/307/332
f 5217/308/333 5327/309/334 5801/304/329
f 5801/304/329 5327/309/334 5860/305/330
f 5988/310/335 5550/311/335 5503/312/335
f 5988/310/336 6042/313/337 5550/311/338
f 5505/314/339 6042/313/337 5988/310/336
f 5505/314/340 5552/315/341 6042/313/340
f 6071/316/342 5821/317/342 5760/318/342
f 6071/316/343 6109/319/344 5821/317/345
f 5761/320/346 5823/321/347 6071/316/343
f 6071/316/343 5823/321/347 6109/319/344
f 6161/322/348 6097/323/349 5881/324/350
f 5881/324/350 6097/323/349 5834/325/351
f 5883/326/352 5835/327/353 6161/322/348
f 6161/322/348 5835/327/353 6097/323/349
f 6024/328/354 6048/329/355 5648/330/356
f 5648/330/356 6048/329/355 5724/331/357
f 5650/332/358 5726/333/359 6024/328/354
f 6024/328/354 5726/333/359 6048/329/355
f 6129/334/360 5700/335/361 5756/336/362
f 6128/337/363 6081/338/364 6129/334/365
f 6129/334/365 6081/338/364 5700/335/366
f 5758/339/367 5701/340/368 6128/337/363
f 6128/337/363 5701/340/368 6081/338/364
f 6045/341/369 5678/342/369 5604/343/369
f 6047/344/370 6079/345/371 6045/341/372
f 6045/341/372 6079/345/371 5678/342/373
f 5606/346/374 5680/347/375 6047/344/370
f 6047/344/370 5680/347/375 6079/345/371
f 6226/348/376 5816/349/377 5805/350/378
f 6230/351/379 6240/352/380 6226/348/381
f 6226/348/381 6240/352/380 5816/349/382
f 5807/353/383 5818/354/384 6230/351/379
f 6230/351/379 5818/354/384 6240/352/380
f 6283/355/385 6317/356/386 5865/357/387
f 5865/357/387 6317/356/386 5906/358/388
f 6283/355/389 6554/359/390 6317/356/391
f 6286/360/392 6310/361/393 6283/355/389
f 6283/355/389 6310/361/393 6554/359/390
f 5867/362/394 5907/363/394 6286/360/394
f 6286/360/395 5907/363/395 6310/361/395
f 6446/364/396 6483/365/396 6029/366/396
f 6029/366/397 6483/365/397 6185/367/397
f 6851/368/398 6921/369/398 6446/364/398
f 6446/364/399 6921/369/399 6483/365/399
f 6502/370/400 6623/371/400 6851/368/400
f 6851/368/401 6623/371/401 6921/369/401
f 6030/372/402 6187/373/402 6502/370/402
f 6502/370/403 6187/373/403 6623/371/403
f 5410/374/404 4844/375/404 4792/376/404
f 5410/374/405 5442/377/406 4844/375/407
f 4793/378/408 5442/377/406 5410/374/405
f 4793/378/409 4846/379/409 5442/377/409
f 5476/380/410 5444/381/411 4948/382/412
f 4948/382/412 5444/381/411 4906/383/413
f 4949/384/414 4908/385/415 5476/380/410
f 5476/380/410 4908/385/415 5444/381/411
f 5411/386/416 5456/387/417 4783/388/418
f 4783/388/418 5456/387/417 4880/389/419
f 4784/390/420 4882/391/421 5411/386/416
f 5411/386/416 4882/391/421 5456/387/417
f 5559/392/422 5568/393/423 4913/394/424
f 4913/394/424 5568/393/423 4924/395/425
f 4915/396/426 4926/397/427 5559/392/422
f 5559/392/422 4926/397/427 5568/393/423
f 5642/398/428 5076/399/428 5012/400/428
f 5635/401/429 5719/402/430 5642/398/431
f 5642/398/431 5719/402/430 5076/399/432
f 5014/403/433 5078/404/434 5635/401/429
f 5635/401/429 5078/404/434 5719/402/430
f 5911/405/435 5949/406/436 5313/407/437
f 5313/407/437 5949/406/436 5389/408/438
f 5315/409/439 5953/410/440 5911/405/435
f 5911/405/435 5953/410/440 5949/406/436
f 5315/409/441 5391/411/441 5953/410/441
f 6131/412/442 6167/413/443 5609/414/444
f 5609/414/444 6167/413/443 5652/415/445
f 6131/412/446 6183/416/447 6167/413/448
f 5611/417/449 6152/418/450 6131/412/446
f 6131/412/446 6152/418/450 6183/416/447
f 5611/417/451 5653/419/451 6152/418/451
f 6397/420/452 6506/421/453 5955/422/454
f 5955/422/454 6506/421/453 6200/423/455
f 6746/424/456 6815/425/457 6397/420/458
f 6397/420/458 6815/425/457 6506/421/459
f 6386/426/460 6521/427/461 6746/424/462
f 6746/424/462 6521/427/461 6815/425/463
f 5956/428/464 6202/429/465 6386/426/466
f 6386/426/466 6202/429/465 6521/427/467
f 3844/430/468 3549/431/468 3577/432/468
f 3844/430/469 3840/433/470 3549/431/471
f 3578/434/472 3840/433/470 3844/430/469
f 3578/434/473 3550/435/473 3840/433/473
f 3814/436/474 3561/437/475 3539/438/476
f 3540/439/477 3563/440/478 3814/436/474
f 3814/436/474 3563/440/478 3561/437/475
f 3863/441/479 3546/442/479 3533/443/479
f 3863/441/480 3865/444/481 3546/442/482
f 3534/445/483 3865/444/481 3863/441/480
f 3534/445/484 3547/446/484 3865/444/484
f 3913/447/485 3944/448/486 3499/449/487
f 3499/449/487 3944/448/486 3542/450/488
f 3501/451/489 3544/452/490 3913/447/485
f 3913/447/485 3544/452/490 3944/448/486
f 4038/453/491 3620/454/492 3607/455/491
f 4038/453/493 4054/456/494 3620/454/495
f 3609/457/496 4054/456/494 4038/453/493
f 3609/457/497 3622/458/498 4054/456/498
f 4182/459/499 4274/460/500 3612/461/501
f 3612/461/501 4274/460/500 3679/462/502
f 3613/463/503 4281/464/504 4182/459/499
f 4182/459/499 4281/464/504 4274/460/500
f 3613/463/505 3681/465/505 4281/464/505
f 4544/466/506 4548/467/507 3827/468/508
f 3827/468/508 4548/467/507 3835/469/509
f 4527/470/510 4547/471/511 4544/466/506
f 4544/466/506 4547/471/511 4548/467/507
f 3828/472/512 3837/473/512 4527/470/512
f 4527/470/513 3837/473/513 4547/471/513
f 5156/474/514 5531/475/514 3958/476/514
f 3958/476/515 5531/475/515 4260/477/515
f 6039/478/516 6164/479/516 5156/474/516
f 5156/474/517 6164/479/517 5531/475/517
f 4938/480/518 5175/481/518 6039/478/518
f 6039/478/519 5175/481/519 6164/479/519
f 3960/482/520 4262/483/520 4938/480/520
f 4938/480/521 4262/483/521 5175/481/521
f 5470/484/522 5419/485/523 4960/486/524
f 4960/486/524 5419/485/523 4890/486/525
f 4961/487/526 5419/485/523 5470/484/522
f 4961/487/527 4891/488/527 5419/485/527
f 5375/489/528 4990/490/529 4823/491/530
f 4824/492/531 4992/493/532 5375/489/528
f 5375/489/528 4992/493/532 4990/490/529
f 5581/494/533 5530/495/534 5117/496/535
f 5117/496/535 5530/495/534 5067/497/536
f 5118/498/537 5069/499/538 5581/494/533
f 5581/494/533 5069/499/538 5530/495/534
f 5509/500/539 5585/501/540 4829/502/541
f 4829/502/541 5585/501/540 5016/503/542
f 4831/504/543 5018/505/544 5509/500/539
f 5509/500/539 5018/505/544 5585/501/540
f 5828/506/545 5778/507/546 5223/508/547
f 5223/508/547 5778/507/546 5172/509/548
f 5225/510/549 5174/511/550 5828/506/545
f 5828/506/545 5174/511/550 5778/507/546
f 5844/512/551 5928/513/552 5125/514/553
f 5125/514/553 5928/513/552 5343/515/554
f 5127/516/555 5939/517/556 5844/512/551
f 5844/512/551 5939/517/556 5928/513/552
f 5127/516/557 5345/518/558 5939/517/559
f 6211/519/560 6157/520/561 5705/521/562
f 5705/521/562 6157/520/561 5663/522/563
f 6211/519/564 6158/523/564 6157/520/564
f 5707/524/565 6159/525/566 6211/519/567
f 6211/519/567 6159/525/566 6158/523/568
f 5707/524/569 5664/526/569 6159/525/569
f 6346/527/570 6481/527/570 5836/528/570
f 5836/528/571 6481/527/571 6062/528/571
f 6689/529/572 6756/529/572 6346/527/572
f 6346/527/573 6756/529/573 6481/527/573
f 6297/530/574 6381/530/574 6689/529/574
f 6689/529/575 6381/530/575 6756/529/575
f 5837/531/576 6064/531/576 6297/530/576
f 6297/530/577 6064/531/577 6381/530/577
f 5513/532/578 5438/533/579 4958/534/580
f 4958/534/580 5438/533/579 4801/535/581
f 4959/536/582 5438/533/579 5513/532/578
f 4959/536/583 4802/537/583 5438/533/583
f 5366/538/584 5450/539/585 4725/540/586
f 4725/540/586 5450/539/585 4894/541/587
f 4727/542/588 4896/543/589 5366/538/584
f 5366/538/584 4896/543/589 5450/539/585
f 5619/544/590 5567/545/591 5104/546/592
f 5104/546/592 5567/545/591 5052/546/593
f 5106/547/594 5053/548/595 5619/544/590
f 5619/544/590 5053/548/595 5567/545/591
f 5496/549/596 5571/550/597 4765/551/598
f 4765/551/598 5571/550/597 4950/552/599
f 4767/553/600 4952/554/601 5496/549/596
f 5496/549/596 4952/554/601 5571/550/597
f 5754/555/602 5658/556/603 5041/557/604
f 5041/557/604 5658/556/603 4933/558/605
f 5043/559/606 5674/560/607 5754/555/602
f 5754/555/602 5674/560/607 5658/556/603
f 5043/559/608 4935/561/609 5674/560/610
f 5570/562/611 5708/563/611 4561/564/611
f 4561/564/612 5708/563/612 4684/565/612
f 5549/566/613 5644/567/613 5570/562/613
f 5570/562/614 5644/567/614 5708/563/614
f 4562/568/615 4686/569/615 5549/566/615
f 5549/566/616 4686/569/616 5644/567/616
f 5887/570/617 5799/571/617 5033/572/617
f 5033/572/618 5799/571/618 4941/573/618
f 5890/574/619 6154/575/619 5887/570/619
f 5887/570/620 6154/575/621 5799/571/622
f 5890/574/623 5814/576/624 6154/575/625
f 5035/577/626 4942/578/626 5890/574/626
f 5890/574/623 4942/578/627 5814/576/624
f 5862/579/628 5965/580/628 4672/581/628
f 4672/581/629 5965/580/629 4807/582/629
f 6349/583/630 6366/584/630 5862/579/630
f 5862/579/631 6366/584/631 5965/580/631
f 5787/585/632 5769/586/632 6349/583/632
f 6349/583/633 5769/586/633 6366/584/633
f 4673/587/634 4809/588/634 5787/585/634
f 5787/585/635 4809/588/635 5769/586/635
f 3521/589/636 3177/590/636 3225/591/636
f 3521/589/637 3468/592/638 3177/590/639
f 3226/593/640 3468/592/638 3521/589/637
f 3226/593/641 3178/594/641 3468/592/641
f 3134/595/642 3460/596/643 3184/597/644
f 3391/598/645 3460/596/643 3134/595/642
f 3391/598/646 3451/599/647 3460/596/648
f 3136/600/649 3185/601/649 3391/598/649
f 3391/598/646 3185/601/650 3451/599/647
f 3579/602/651 3486/603/652 3245/604/653
f 3245/604/653 3486/603/652 3207/605/654
f 3246/606/655 3208/607/656 3579/602/651
f 3579/602/651 3208/607/656 3486/603/652
f 3372/608/657 3410/609/658 3041/610/659
f 3041/610/659 3410/609/658 3078/611/660
f 3043/612/661 3080/612/662 3372/608/657
f 3372/608/657 3080/612/662 3410/609/658
f 3480/613/663 3063/614/664 3112/615/665
f 3483/616/666 3426/617/667 3480/613/668
f 3480/613/668 3426/617/667 3063/614/669
f 3114/618/670 3064/619/671 3483/616/666
f 3483/616/666 3064/619/671 3426/617/667
f 3307/620/672 2925/621/672 2906/622/672
f 3306/623/673 3318/624/673 3307/620/673
f 3307/620/674 3318/624/674 2925/621/674
f 2908/625/675 2927/626/675 3306/623/675
f 3306/623/676 2927/626/676 3318/624/676
f 3331/627/677 2889/628/678 2932/629/679
f 3338/630/680 3282/631/681 3331/627/682
f 3331/627/682 3282/631/681 2889/628/683
f 2934/632/684 2891/633/685 3338/630/680
f 3338/630/680 2891/633/685 3282/631/681
f 3090/634/686 2982/635/686 2749/636/686
f 2749/636/687 2982/635/687 2724/637/687
f 3090/634/688 3643/638/688 2982/635/688
f 2750/639/689 2725/640/689 3137/641/689
f 5796/642/690 5335/643/690 5378/644/690
f 5796/642/691 5744/645/692 5335/643/693
f 5379/646/694 5744/645/692 5796/642/691
f 5379/646/695 5336/647/695 5744/645/695
f 5243/648/696 5293/649/697 5241/650/698
f 5241/650/698 5293/649/697 5291/651/699
f 5721/652/700 5628/653/701 5300/654/702
f 5300/654/702 5628/653/701 5203/655/703
f 5301/656/704 5204/657/705 5721/652/700
f 5721/652/700 5204/657/705 5628/653/701
f 5483/658/706 5490/659/707 4861/660/708
f 4861/660/708 5490/659/707 4876/661/709
f 4862/662/710 4878/663/711 5483/658/706
f 5483/658/706 4878/663/711 5490/659/707
f 5429/664/712 4563/665/712 4656/666/712
f 5428/667/713 5340/668/714 5429/664/715
f 5429/664/715 5340/668/714 4563/665/716
f 4658/669/717 4564/670/718 5428/667/713
f 5428/667/713 4564/670/718 5340/668/714
f 5045/671/719 4943/672/720 4226/673/721
f 4226/673/721 4943/672/720 4160/674/722
f 5060/675/723 4943/672/720 5045/671/719
f 5060/675/724 4996/676/725 4943/672/726
f 4228/677/727 4161/678/728 5060/675/724
f 5060/675/724 4161/678/728 4996/676/725
f 4607/679/729 4517/680/730 3952/681/731
f 3952/681/731 4517/680/730 3908/682/732
f 4607/679/733 5246/683/734 4517/680/735
f 3954/684/736 4509/685/737 4607/679/733
f 4607/679/733 4509/685/737 5246/683/734
f 3954/684/738 3909/686/738 4509/685/738
f 4100/687/739 3811/688/739 3462/689/739
f 3462/689/740 3811/688/740 3350/690/740
f 5123/691/741 4665/692/741 4100/687/741
f 4100/687/742 4665/692/742 3811/688/742
f 4206/693/743 4073/694/743 5123/691/743
f 5123/691/744 4073/694/744 4665/692/744
f 3463/695/745 3351/696/745 4206/693/745
f 4206/693/746 3351/696/746 4073/694/746
f 4326/697/747 4015/698/747 3973/699/747
f 4326/697/748 4376/700/749 4015/698/750
f 3974/701/751 4376/700/749 4326/697/748
f 3974/701/752 4017/702/752 4376/700/752
f 4432/703/753 4325/704/754 4097/705/755
f 4097/705/755 4325/704/754 4005/706/756
f 4099/707/757 4325/704/754 4432/703/753
f 4099/707/758 4006/708/758 4325/704/758
f 4209/709/759 4252/710/760 3807/711/761
f 3807/711/761 4252/710/760 3854/712/762
f 3808/713/763 3856/714/764 4209/709/759
f 4209/709/759 3856/714/764 4252/710/760
f 4294/715/765 4195/716/766 3794/717/767
f 3794/717/767 4195/716/766 3737/718/768
f 3796/719/769 4203/720/770 4294/715/765
f 4294/715/765 4203/720/770 4195/716/766
f 3796/719/771 3738/721/771 4203/720/771
f 4004/722/772 4052/723/773 3555/724/774
f 3555/724/774 4052/723/773 3601/725/775
f 3557/726/776 4064/727/777 4004/722/772
f 4004/722/772 4064/727/777 4052/723/773
f 3557/726/778 3603/728/779 4064/727/778
f 4119/729/780 3434/730/781 3516/731/782
f 4119/729/783 3987/732/784 3434/730/785
f 4115/733/786 3987/732/784 4119/729/783
f 3518/734/787 3435/735/788 4115/733/789
f 4115/733/789 3435/735/788 3987/732/790
f 3753/736/791 3787/737/792 3173/738/793
f 3173/738/793 3787/737/792 3218/739/794
f 3752/740/795 3787/737/795 3753/736/795
f 3752/740/796 3797/741/797 3787/737/798
f 3174/742/799 3219/743/800 3752/740/796
f 3752/740/796 3219/743/800 3797/741/797
f 3783/744/801 3750/745/801 3032/746/801
f 3032/746/802 3750/745/802 2973/747/802
f 4634/748/803 4423/749/803 3783/744/803
f 3783/744/804 4423/749/804 3750/745/804
f 3695/750/805 3496/751/805 4634/748/805
f 4634/748/806 3496/751/806 4423/749/806
f 3034/752/807 2974/753/807 3695/750/807
f 3695/750/808 2974/753/808 3496/751/808
f 5622/754/809 5168/755/809 5111/756/809
f 5622/754/810 5682/757/811 5168/755/812
f 5112/758/813 5682/757/811 5622/754/810
f 5112/758/814 5170/759/814 5682/757/814
f 5737/760/815 5668/761/816 5263/762/817
f 5263/762/817 5668/761/816 5196/763/818
f 5265/764/819 5198/765/820 5737/760/815
f 5737/760/815 5198/765/820 5668/761/816
f 5593/766/821 5640/767/822 5094/768/823
f 5094/768/823 5640/767/822 5164/769/824
f 5095/770/825 5166/771/826 5593/766/821
f 5593/766/821 5166/771/826 5640/767/822
f 5809/772/827 5776/773/828 5236/774/829
f 5236/774/829 5776/773/828 5211/775/830
f 5238/776/831 5212/777/832 5809/772/827
f 5809/772/827 5212/777/832 5776/773/828
f 5777/778/833 5178/779/833 5099/780/833
f 5774/781/834 5847/782/835 5777/778/836
f 5777/778/836 5847/782/835 5178/779/837
f 5101/783/838 5180/784/839 5774/781/834
f 5774/781/834 5180/784/839 5847/782/835
f 5959/785/840 5295/786/841 5257/787/842
f 5964/788/843 5978/789/844 5959/785/845
f 5959/785/845 5978/789/844 5295/786/846
f 5259/790/847 5297/791/848 5964/788/843
f 5964/788/843 5297/791/848 5978/789/844
f 6058/792/849 6099/793/850 5398/794/851
f 5398/794/851 6099/793/850 5464/795/852
f 6058/792/853 6087/796/854 6099/793/855
f 6060/797/856 6087/796/854 6058/792/853
f 5399/798/857 5466/799/858 6060/797/859
f 6060/797/859 5466/799/858 6087/796/860
f 6290/800/861 6327/801/861 5741/802/861
f 5741/802/862 6327/801/862 5933/803/862
f 6719/804/863 6773/805/863 6290/800/863
f 6290/800/864 6773/805/864 6327/801/864
f 6351/806/865 6471/807/865 6719/804/865
f 6719/804/866 6471/807/866 6773/805/866
f 5743/808/867 5935/809/867 6351/806/867
f 6351/806/868 5935/809/868 6471/807/868
f 3998/810/869 3949/811/870 3997/812/871
f 3998/810/869 3950/813/872 3949/811/870
f 3932/814/873 4011/815/874 3930/816/875
f 4070/817/876 4174/818/877 4068/819/878
f 4068/819/878 4174/818/877 4172/820/879
f 4712/821/880 4619/822/881 4353/823/882
f 4353/823/882 4619/822/881 4319/824/883
f 4355/825/884 4619/822/881 4712/821/880
f 4355/825/885 4320/826/885 4619/822/885
f 4616/827/886 4795/828/887 4230/829/888
f 4230/829/888 4795/828/887 4347/830/889
f 4231/831/890 4349/832/891 4616/827/886
f 4616/827/886 4349/832/891 4795/828/887
f 4586/833/892 5177/834/893 4513/835/894
f 5280/836/895 5177/834/893 4586/833/892
f 5280/836/896 4514/837/897 5177/834/898
f 4587/838/899 4514/837/897 5280/836/896
f 5353/839/900 4769/840/900 4466/841/900
f 5233/842/901 5439/843/901 5353/839/901
f 5353/839/902 5439/843/902 4769/840/902
f 4468/844/903 4771/845/903 5233/842/903
f 5233/842/904 4771/845/904 5439/843/904
f 4967/846/905 4968/847/905 6959/848/905
f 6959/848/905 4968/847/905 6957/849/905
f 2669/850/906 2668/851/906 4967/846/906
f 4967/846/906 2668/851/906 4968/847/906
f 4986/852/907 4987/853/907 2669/850/907
f 2669/850/907 4987/853/907 2668/851/907
f 6960/854/908 6958/855/908 4986/852/908
f 4986/852/908 6958/855/908 4987/853/908
f 4972/856/905 4969/857/905 6878/858/905
f 6878/858/905 4969/857/905 6875/859/905
f 2746/860/906 2743/861/906 4972/856/906
f 4972/856/906 2743/861/906 4969/857/906
f 4984/862/907 4982/863/907 2746/860/907
f 2746/860/907 4982/863/907 2743/861/907
f 6880/864/908 6876/865/908 4984/862/908
f 4984/862/908 6876/865/908 4982/863/908
f 4976/866/905 4973/867/905 6639/868/905
f 6639/868/905 4973/867/905 6636/869/905
f 3003/870/906 3000/871/906 4976/866/906
f 4976/866/906 3000/871/906 4973/867/906
f 4980/872/907 4978/873/907 3003/870/907
f 3003/870/907 4978/873/907 3000/871/907
f 6641/874/908 6637/875/908 4980/872/908
f 4980/872/908 6637/875/908 4978/873/908
f 4989/876/909 4917/877/909 6413/878/909
f 6413/878/909 4917/877/909 6389/879/909
f 3334/880/910 3312/881/910 4989/876/910
f 4989/876/910 3312/881/910 4917/877/911
f 4965/882/912 4919/883/912 3334/880/912
f 3334/880/912 4919/883/912 3312/881/912
f 6415/884/913 6391/885/913 4965/882/913
f 4965/882/913 6391/885/913 4919/883/913
f 4873/886/914 4297/887/915 4295/888/916
f 3214/889/917 2987/890/917 2937/891/917
f 2660/892/918 2573/893/918 2574/894/918
f 2660/892/919 2575/895/919 2573/893/919
f 2657/896/920 2582/897/920 2634/898/920
f 2657/896/921 2635/899/921 2582/897/921
f 3124/900/922 2888/901/922 3037/902/922
f 3236/903/923 3038/904/923 3124/900/923
f 3124/900/924 3038/904/924 2888/901/924
f 2488/905/925 2283/906/925 2360/907/925
f 2488/905/926 2361/908/926 2283/906/926
f 2479/909/927 2418/910/927 2539/911/927
f 2540/912/928 2418/910/928 2479/909/928
f 4905/913/929 4932/914/929 6404/915/929
f 6404/915/929 4932/914/929 6419/916/930
f 3275/917/931 3297/918/931 4905/913/931
f 4905/913/931 3297/918/931 4932/914/931
f 4902/919/932 4931/920/932 3275/917/932
f 3275/917/932 4931/920/932 3297/918/933
f 6406/921/934 6420/922/934 4902/919/934
f 4902/919/934 6420/922/934 4931/920/934
f 2653/923/935 2435/924/935 2433/925/935
f 2336/926/936 2555/927/936 2437/928/936
f 2671/929/937 2333/930/937 2331/931/937
f 4695/932/938 4635/933/938 4407/934/938
f 4265/935/939 4502/936/939 4500/937/939
f 5121/938/940 5488/939/940 5274/940/940
f 4746/941/941 4738/942/941 6337/943/941
f 6337/943/941 4738/942/941 6331/944/941
f 3300/945/942 3281/946/942 4746/941/942
f 4746/941/942 3281/946/942 4738/942/943
f 4744/947/944 4737/948/945 3300/945/945
f 3300/945/945 4737/948/945 3281/946/945
f 6339/949/946 6332/950/947 4744/947/947
f 4744/947/947 6332/950/947 4737/948/947
f 3870/951/948 4058/952/948 3869/953/948
f 3869/953/949 4058/952/949 4056/954/949
f 3889/955/950 3985/956/950 3906/957/950
f 3889/955/951 4159/958/951 3985/956/951
f 5182/959/952 5360/960/952 5403/961/952
f 4858/962/953 5360/960/953 5182/959/953
f 5183/963/954 5360/960/954 4858/962/954
f 5319/964/955 5387/965/955 5630/966/955
f 4889/967/956 5387/965/956 5319/964/956
f 4479/968/957 4446/969/958 6190/970/959
f 6190/970/959 4446/969/958 6147/971/960
f 3204/972/961 3167/973/962 4479/968/963
f 4479/968/963 3167/973/962 4446/969/964
f 4472/974/965 4444/975/966 3204/972/967
f 3204/972/967 4444/975/966 3167/973/968
f 6192/976/969 6149/977/970 4472/974/971
f 4472/974/971 6149/977/970 4444/975/972
f 4476/978/973 4554/979/973 4551/980/973
f 4525/981/974 4420/982/974 4435/983/974
f 4573/984/975 4305/985/975 4304/986/975
f 4535/987/976 4662/988/976 6176/989/976
f 6176/989/976 4662/988/976 6244/990/976
f 3291/991/977 3359/992/977 4535/987/977
f 4535/987/977 3359/992/977 4662/988/977
f 4537/993/978 4666/994/978 3291/991/978
f 3291/991/978 4666/994/978 3359/992/979
f 6177/995/980 6246/996/980 4537/993/980
f 4537/993/980 6246/996/980 4666/994/980
f 4703/997/981 5812/998/981 6012/999/981
f 4703/997/982 6111/1000/982 5812/998/982
f 7525/1001/983 7852/1002/984 7871/1003/985
f 7517/1004/986 7852/1002/984 7525/1001/983
f 7517/1004/987 7864/1005/988 7852/1002/989
f 7556/1006/990 7864/1005/988 7517/1004/987
f 7536/1007/991 7662/1008/991 7532/1009/991
f 7536/1007/992 7740/1010/992 7662/1008/992
f 7495/1011/993 7664/1012/993 7536/1007/993
f 7536/1007/994 7664/1012/994 7740/1010/994
f 8114/1013/995 8174/1014/996 8122/1015/997
f 4689/1016/998 4028/1017/998 4215/1018/998
f 4689/1016/999 4216/1019/999 4028/1017/999
f 3039/1020/1000 2919/1021/1001 3262/1022/1002
f 2988/1023/1003 2919/1021/1001 3039/1020/1000
f 4419/1024/1004 4814/1025/1004 4418/1026/1004
f 3011/1027/1005 2834/1028/1005 3015/1029/1005
f 4715/1030/1006 2893/1031/1006 2989/1032/1006
f 4715/1030/1007 2991/1033/1007 2893/1031/1007
f 1687/1034/1008 2530/1035/1008 1821/1036/1008
f 1821/1036/1009 2530/1035/1009 2222/1037/1009
f 1687/1034/1010 2224/1038/1010 2530/1035/1010
f 1822/1039/1011 2224/1038/1011 1687/1034/1011
f 5711/1040/1012 6333/1041/1013 6323/1042/1014
f 5797/1043/1015 6333/1041/1013 5711/1040/1012
f 5712/1044/1016 6325/1045/1016 5763/1046/1016
f 1725/1047/1017 1107/1048/1017 1925/1049/1017
f 1925/1049/1018 1107/1048/1018 1165/1050/1018
f 1926/1051/1019 1167/1052/1019 1725/1047/1019
f 1725/1047/1020 1167/1052/1020 1107/1048/1020
f 4698/1053/1021 3511/1054/1021 3645/1055/1021
f 4698/1053/1022 3646/1056/1022 3511/1054/1022
f 2175/1057/1023 1804/1058/1023 2142/1059/1023
f 2204/1060/1024 1804/1058/1024 2175/1057/1024
f 2173/1061/1025 1844/1062/1025 2205/1063/1025
f 2205/1063/1026 1844/1062/1026 1989/1064/1026
f 2141/1065/1027 1844/1062/1027 2173/1061/1027
f 2141/1065/1028 1991/1066/1028 1844/1062/1028
f 1258/1067/1029 982/1068/1029 1257/1069/1029
f 1254/1070/1030 1114/1071/1030 1273/1072/1030
f 4683/1073/1031 5970/1074/1031 6107/1075/1031
f 4683/1073/1032 6108/1076/1033 5970/1074/1034
f 7172/1077/1035 7177/1078/1035 7121/1079/1035
f 7172/1077/1036 7179/1080/1036 7177/1078/1036
f 7122/1081/1037 7179/1080/1037 7172/1077/1037
f 7271/1082/1038 7318/1083/1038 7270/1084/1038
f 7123/1085/1039 7345/1086/1039 7213/1087/1039
f 7194/1088/1040 7293/1089/1040 7123/1085/1040
f 7123/1085/1041 7293/1089/1041 7345/1086/1041
f 7214/1090/1042 7293/1089/1042 7194/1088/1042
f 7691/1091/1043 7767/1092/1044 7690/1093/1045
f 7707/1094/1046 7753/1095/1046 7688/1096/1046
f 4759/1097/1047 4787/1098/1047 6213/1099/1048
f 6213/1099/1048 4787/1098/1047 6218/1100/1049
f 3553/1101/1050 3569/1102/1051 4759/1097/1051
f 4759/1097/1051 3569/1102/1051 4787/1098/1052
f 4761/1103/1053 4789/1104/1054 3553/1101/1055
f 3553/1101/1055 4789/1104/1054 3569/1102/1056
f 6215/1105/1057 6219/1106/1058 4761/1103/1058
f 4761/1103/1058 6219/1106/1058 4789/1104/1059
f 4729/1107/1060 5924/1108/1060 5947/1109/1060
f 5846/1110/1061 4395/1111/1062 6005/1112/1063
f 6005/1112/1063 4395/1111/1062 4670/1113/1064
f 6204/1114/1065 5073/1115/1066 5846/1110/1061
f 5846/1110/1061 5073/1115/1066 4395/1111/1062
f 2403/1116/1067 1754/1117/1067 1767/1118/1067
f 2403/1116/1068 1768/1119/1068 1754/1117/1068
f 1053/1120/1069 849/1121/1069 1044/1122/1069
f 2406/1123/1070 2152/1124/1070 2260/1125/1070
f 2371/1126/1071 2152/1124/1071 2406/1123/1071
f 2371/1126/1072 2261/1127/1072 2152/1124/1072
f 5998/1128/1073 6270/1129/1073 6454/1130/1073
f 5768/1131/1074 6270/1129/1074 5998/1128/1074
f 6249/1132/1075 6456/1133/1075 5768/1131/1075
f 5768/1131/1076 6456/1133/1076 6270/1129/1076
f 6893/1134/1077 6619/1135/1077 6734/1136/1077
f 6803/1137/1078 6619/1135/1078 6893/1134/1078
f 6803/1137/1079 6735/1138/1079 6619/1135/1079
f 6802/1139/1080 6912/1140/1080 7037/1141/1080
f 6802/1139/1081 7038/1142/1081 6912/1140/1081
f 4733/1143/1082 6206/1144/1082 6307/1145/1082
f 4733/1143/1083 6308/1146/1083 6206/1144/1083
f 7278/1147/1084 7238/1148/1084 7186/1149/1084
f 7186/1149/1085 7238/1148/1085 7148/1150/1085
f 7164/1151/1086 7125/1152/1086 7163/1153/1086
f 7166/1154/1087 7138/1155/1087 7165/1156/1087
f 7198/1157/1088 7437/1158/1088 7225/1159/1088
f 7261/1160/1089 7460/1161/1089 7198/1157/1089
f 7198/1157/1090 7460/1161/1090 7437/1158/1090
f 7752/1162/1091 7772/1163/1091 7734/1164/1091
f 7841/1165/1092 8042/1166/1092 7827/1167/1092
f 7827/1167/1093 8042/1166/1093 8012/1168/1093
f 7835/1169/1094 8023/1170/1094 7841/1165/1094
f 7841/1165/1095 8023/1170/1095 8042/1166/1095
f 7830/1171/1096 7995/1172/1097 7840/1173/1098
f 7830/1171/1099 7976/1174/1100 7995/1172/1101
f 7847/1175/1102 7976/1174/1100 7830/1171/1099
f 4723/1176/1103 5116/1177/1104 5454/1178/1105
f 4723/1176/1103 5455/1179/1106 5116/1177/1104
f 6647/1180/1107 6902/1181/1107 6742/1182/1107
f 4728/1183/1108 4108/1184/1109 4290/1185/1110
f 4728/1183/1108 4291/1186/1111 4108/1184/1109
f 2672/1187/1112 2511/1188/1113 2734/1189/1112
f 4811/1190/1114 4817/1191/1114 6016/1192/1114
f 6016/1192/1114 4817/1191/1114 6021/1193/1114
f 3768/1194/1115 3770/1195/1115 4811/1190/1115
f 4811/1190/1115 3770/1195/1115 4817/1191/1115
f 4813/1196/1116 4819/1197/1116 3768/1194/1116
f 3768/1194/1116 4819/1197/1116 3770/1195/1116
f 6018/1198/1117 6022/1199/1117 4813/1196/1117
f 4813/1196/1117 6022/1199/1117 4819/1197/1117
f 4739/1200/1118 3264/1201/1118 3382/1202/1118
f 4739/1200/1119 3383/1203/1119 3264/1201/1119
f 1239/1204/1120 928/1205/1120 993/1206/1120
f 1334/1207/1121 928/1205/1121 1239/1204/1121
f 1334/1207/1122 995/1208/1122 928/1205/1122
f 792/1209/1123 564/1210/1123 735/1211/1123
f 1287/1212/1124 817/1213/1125 887/1214/1126
f 1240/1215/1127 817/1213/1125 1287/1212/1124
f 1301/1216/1128 822/1217/1128 1240/1215/1128
f 1240/1215/1129 822/1217/1129 817/1213/1129
f 3068/1218/1130 2810/1219/1130 2922/1220/1130
f 3068/1218/1131 2923/1221/1131 2810/1219/1131
f 3070/1222/1132 2838/1223/1132 2946/1224/1132
f 3070/1222/1133 2947/1225/1133 2838/1223/1133
f 4741/1226/1134 3726/1227/1135 3886/1228/1136
f 4741/1226/1134 3887/1229/1137 3726/1227/1135
f 1500/1230/1138 858/1231/1139 1550/1232/1140
f 1550/1232/1140 858/1231/1139 923/1233/1141
f 180/1234/1142 37/1235/1142 177/1236/1142
f 1497/1237/1143 1172/1238/1143 1562/1239/1143
f 1497/1237/1144 1291/1240/1144 1172/1238/1144
f 6569/1241/1145 6809/1242/1145 6869/1243/1145
f 6569/1241/1146 6870/1244/1146 6809/1242/1146
f 6561/1245/1147 6678/1246/1147 6786/1247/1147
f 6660/1248/1148 6678/1246/1148 6561/1245/1148
f 6660/1248/1149 6787/1249/1149 6678/1246/1149
f 6536/1250/1150 6676/1251/1150 6750/1252/1150
f 6627/1253/1151 6751/1254/1151 6536/1250/1151
f 6536/1250/1152 6751/1254/1152 6676/1251/1152
f 6587/1255/1153 6683/1256/1153 6819/1257/1153
f 6519/1258/1154 6683/1256/1154 6587/1255/1154
f 6656/1259/1155 6820/1260/1155 6519/1258/1155
f 6519/1258/1156 6820/1260/1156 6683/1256/1156
f 4044/1261/1157 4848/1262/1158 5830/1263/1159
f 5830/1263/1159 4848/1262/1158 5562/1264/1160
f 4044/1261/1161 4050/1265/1162 4848/1262/1163
f 4843/1266/1164 4850/1267/1165 4044/1261/1161
f 4044/1261/1161 4850/1267/1165 4050/1265/1162
f 5832/1268/1166 5563/1269/1166 4843/1266/1166
f 4843/1266/1167 5563/1269/1167 4850/1267/1167
f 7508/1270/1168 7811/1271/1169 7819/1272/1170
f 7508/1270/1168 7820/1273/1171 7811/1271/1169
f 7518/1274/1172 7601/1275/1172 7658/1276/1172
f 7489/1277/1173 7601/1275/1173 7518/1274/1173
f 7539/1278/1174 7659/1279/1174 7489/1277/1174
f 7489/1277/1175 7659/1279/1175 7601/1275/1175
f 3736/1280/1176 4762/1281/1176 5283/1282/1176
f 3736/1280/1177 5284/1283/1177 4762/1281/1177
f 3708/1284/1178 3077/1285/1178 4036/1286/1178
f 4036/1286/1179 3077/1285/1179 3251/1287/1179
f 3881/1288/1180 3077/1285/1180 3708/1284/1180
f 3881/1288/1181 3252/1289/1181 3077/1285/1181
f 3067/1290/1182 3242/1291/1182 2979/1292/1182
f 4863/1293/1183 4866/1294/1183 5555/1295/1183
f 4276/1296/1184 4278/1297/1185 4863/1293/1186
f 4863/1293/1186 4278/1297/1185 4866/1294/1187
f 5556/1298/1188 5557/1298/1189 4276/1296/1184
f 4276/1296/1184 5557/1298/1189 4278/1297/1185
f 6179/1299/1190 6208/1300/1190 6073/1301/1190
f 4414/1302/1191 4874/1303/1191 5381/1304/1191
f 4414/1302/1192 4415/1305/1193 4874/1303/1194
f 5382/1306/1195 4415/1305/1193 4414/1302/1192
f 4508/1307/1196 4411/1308/1196 5063/1309/1196
f 4508/1307/1197 4640/1310/1197 4411/1308/1197
f 5065/1311/1198 4191/1312/1198 4872/1313/1198
f 4197/1314/1199 3685/1315/1199 4422/1316/1199
f 2677/1317/1200 2401/1318/1200 2692/1319/1200
f 2340/1320/1201 2035/1321/1202 2348/1322/1203
f 5527/1323/1204 5036/1324/1204 5049/1325/1204
f 5527/1323/1205 5516/1326/1206 5036/1324/1207
f 5525/1327/1208 5516/1326/1206 5527/1323/1205
f 5050/1328/1209 5038/1329/1210 5525/1327/1211
f 5525/1327/1211 5038/1329/1210 5516/1326/1212
f 5093/1330/1213 5218/1330/1213 5547/1331/1213
f 5560/1332/1214 5637/1333/1214 5092/1334/1214
f 5092/1334/1215 5637/1333/1215 5087/1335/1215
f 5547/1331/1216 5643/1336/1217 5560/1332/1218
f 5560/1332/1218 5643/1336/1217 5637/1333/1219
f 5547/1331/1220 5639/1337/1221 5643/1336/1222
f 5218/1330/1223 5088/1338/1223 5547/1331/1223
f 5547/1331/1220 5088/1338/1224 5639/1337/1221
f 5031/1339/1225 4711/1340/1225 5500/1341/1225
f 5506/1342/1226 4597/1343/1226 4710/1344/1226
f 5989/1345/1227 5452/1346/1228 5506/1342/1229
f 5506/1342/1229 5452/1346/1228 4597/1343/1230
f 5500/1341/1231 5452/1346/1228 5989/1345/1227
f 4711/1340/1232 4599/1347/1233 5500/1341/1234
f 5500/1341/1234 4599/1347/1233 5452/1346/1235
f 4646/1348/1236 4740/1349/1236 5486/1350/1236
f 5501/1351/1237 4648/1352/1237 4644/1353/1237
f 6010/1354/1238 5514/1355/1239 5501/1351/1240
f 5501/1351/1240 5514/1355/1239 4648/1352/1241
f 5486/1350/1242 5514/1355/1239 6010/1354/1238
f 4740/1349/1243 4650/1356/1244 5486/1350/1245
f 5486/1350/1245 4650/1356/1244 5514/1355/1246
f 4568/1357/1247 4398/1358/1248 5324/1359/1249
f 5322/1360/1250 5193/1361/1250 4397/1362/1250
f 4397/1362/1251 5193/1361/1251 4314/1363/1251
f 5976/1364/1252 5207/1365/1253 5322/1360/1254
f 5322/1360/1254 5207/1365/1253 5193/1361/1255
f 5324/1359/1256 5207/1365/1253 5976/1364/1252
f 4398/1358/1248 4316/1366/1257 5324/1359/1249
f 5324/1359/1249 4316/1366/1257 5207/1365/1258
f 4312/1367/1259 4336/1368/1259 5189/1369/1259
f 5187/1370/1260 5010/1371/1260 4310/1372/1260
f 4310/1372/1261 5010/1371/1261 4141/1373/1261
f 5919/1374/1262 5699/1375/1263 5187/1370/1264
f 5187/1370/1264 5699/1375/1263 5010/1371/1265
f 5189/1369/1266 5020/1376/1267 5919/1374/1268
f 5919/1374/1268 5020/1376/1267 5699/1375/1269
f 4336/1368/1270 4142/1377/1270 5189/1369/1270
f 5189/1369/1271 4142/1377/1271 5020/1376/1271
f 4081/1378/1272 3894/1378/1272 4799/1379/1272
f 4754/1380/1273 4401/1381/1273 3893/1382/1273
f 3893/1382/1274 4401/1381/1274 3669/1383/1274
f 5893/1384/1275 5750/1385/1275 4754/1380/1275
f 4754/1380/1276 5750/1385/1276 4401/1381/1276
f 4799/1379/1277 4578/1386/1277 5893/1384/1277
f 5893/1384/1278 4578/1386/1278 5750/1385/1278
f 3894/1378/1279 3671/1387/1280 4799/1379/1281
f 4799/1379/1281 3671/1387/1280 4578/1386/1282
f 3507/1388/1283 3915/1389/1283 3363/1390/1283
f 5337/1391/1284 4202/1392/1284 3915/1389/1284
f 4461/1393/1285 3747/1394/1285 5337/1391/1285
f 5337/1391/1286 3747/1394/1287 4202/1392/1288
f 4461/1393/1289 3364/1395/1289 3747/1394/1289
f 3915/1389/1290 3644/1396/1290 3363/1390/1290
f 3363/1390/1291 3644/1396/1291 3195/1397/1291
f 3915/1389/1292 4202/1392/1293 3644/1396/1294
f 3364/1395/1295 3196/1398/1295 3747/1394/1295
f 4477/1399/1296 4165/1400/1296 4185/1401/1296
f 4477/1399/1297 4167/1402/1298 4165/1400/1299
f 4473/1403/1300 4167/1402/1298 4477/1399/1297
f 4186/1404/1301 4167/1402/1298 4473/1403/1300
f 4190/1405/1302 4220/1406/1302 4463/1407/1302
f 4188/1408/1303 4458/1409/1304 4127/1410/1305
f 4463/1407/1306 4458/1409/1304 4188/1408/1303
f 4463/1407/1307 4459/1411/1308 4458/1409/1309
f 4220/1406/1310 4128/1412/1310 4463/1407/1310
f 4463/1407/1307 4128/1412/1311 4459/1411/1308
f 4095/1413/1312 3978/1414/1312 4388/1415/1312
f 4390/1416/1313 3882/1417/1313 3977/1418/1313
f 4388/1415/1314 4358/1419/1315 4390/1416/1316
f 4390/1416/1316 4358/1419/1315 3882/1417/1317
f 3978/1414/1318 3884/1420/1319 4388/1415/1314
f 4388/1415/1314 3884/1420/1319 4358/1419/1320
f 3876/1421/1321 3878/1422/1322 4341/1423/1323
f 4339/1424/1324 3722/1425/1324 3874/1426/1324
f 4962/1427/1325 4306/1428/1326 4339/1424/1327
f 4339/1424/1327 4306/1428/1326 3722/1425/1328
f 4341/1423/1329 4306/1428/1326 4962/1427/1325
f 3878/1422/1322 3724/1429/1330 4341/1423/1323
f 4341/1423/1323 3724/1429/1330 4306/1428/1331
f 3700/1430/1332 3586/1431/1332 4217/1432/1332
f 4223/1433/1333 4066/1434/1333 3585/1435/1333
f 3585/1435/1334 4066/1434/1334 3423/1436/1334
f 5057/1437/1335 4659/1438/1336 4223/1433/1337
f 4223/1433/1337 4659/1438/1336 4066/1434/1338
f 4217/1432/1339 4085/1439/1340 5057/1437/1341
f 5057/1437/1341 4085/1439/1340 4659/1438/1342
f 3586/1431/1343 3424/1440/1343 4217/1432/1343
f 4217/1432/1344 3424/1440/1344 4085/1439/1344
f 3369/1441/1345 3330/1442/1345 3989/1443/1345
f 3968/1444/1346 3831/1445/1346 3329/1446/1346
f 3329/1446/1347 3831/1445/1347 3125/1447/1347
f 4777/1448/1348 4730/1449/1349 3968/1444/1350
f 3968/1444/1350 4730/1449/1349 3831/1445/1351
f 3989/1443/1352 3818/1450/1353 4777/1448/1354
f 4777/1448/1354 3818/1450/1353 4730/1449/1355
f 3330/1442/1356 3127/1451/1357 3989/1443/1358
f 3989/1443/1358 3127/1451/1357 3818/1450/1359
f 3105/1452/1360 3774/1453/1360 3005/1454/1360
f 3774/1453/1361 3427/1455/1361 3005/1454/1361
f 3005/1454/1362 3427/1455/1362 2804/1456/1362
f 4694/1457/1363 4427/1458/1363 3774/1453/1363
f 3774/1453/1364 4427/1458/1364 3427/1455/1364
f 3761/1459/1365 3573/1460/1366 4694/1457/1367
f 4694/1457/1368 3573/1460/1368 4427/1458/1368
f 3006/1461/1369 2805/1462/1369 3761/1459/1369
f 3761/1459/1370 2805/1462/1370 3573/1460/1370
f 2674/1463/1371 2795/1464/1371 2503/1465/1371
f 3266/1466/1372 2593/1467/1373 3492/1468/1374
f 3266/1466/1375 2504/1469/1375 2593/1467/1375
f 2795/1464/1376 2535/1470/1376 2503/1465/1376
f 2503/1465/1377 2535/1470/1377 2249/1471/1377
f 3492/1468/1378 2825/1472/1378 2795/1464/1378
f 2795/1464/1379 2825/1472/1380 2535/1470/1381
f 3492/1468/1374 2593/1467/1373 2825/1472/1382
f 2504/1469/1383 2250/1473/1383 2593/1467/1383
f 3628/1474/1384 3638/1475/1385 3287/1476/1386
f 3287/1476/1387 3638/1475/1387 3314/1477/1387
f 3631/1478/1388 3638/1475/1385 3628/1474/1384
f 3631/1478/1389 3316/1479/1390 3638/1475/1391
f 3289/1480/1392 3316/1479/1390 3631/1478/1389
f 3582/1481/1393 3524/1482/1394 3277/1483/1395
f 3277/1483/1396 3524/1482/1396 3255/1484/1396
f 3583/1485/1397 3524/1482/1394 3582/1481/1393
f 3278/1486/1398 3256/1487/1398 3583/1485/1398
f 3583/1485/1399 3256/1487/1399 3524/1482/1399
f 3559/1488/1400 3519/1489/1401 3238/1490/1402
f 3238/1490/1403 3519/1489/1403 3199/1491/1403
f 3560/1492/1404 3519/1489/1401 3559/1488/1400
f 3560/1492/1405 3201/1493/1406 3519/1489/1407
f 3239/1494/1408 3201/1493/1406 3560/1492/1405
f 3441/1495/1409 3396/1496/1410 3139/1497/1411
f 3139/1497/1412 3396/1496/1412 3019/1498/1412
f 3445/1499/1413 3395/1500/1414 3441/1495/1409
f 3441/1495/1409 3395/1500/1414 3396/1496/1415
f 3140/1501/1416 3021/1502/1417 3445/1499/1418
f 3445/1499/1418 3021/1502/1417 3395/1500/1419
f 3400/1503/1420 3344/1504/1421 2969/1505/1422
f 2969/1505/1423 3344/1504/1423 2900/1506/1423
f 3839/1507/1424 3344/1504/1421 3400/1503/1420
f 3402/1508/1425 3341/1509/1426 3839/1507/1427
f 3839/1507/1427 3341/1509/1426 3344/1504/1428
f 2970/1510/1429 2902/1511/1430 3402/1508/1431
f 3402/1508/1431 2902/1511/1430 3341/1509/1432
f 3190/1512/1433 3088/1513/1434 2818/1514/1435
f 2818/1514/1436 3088/1513/1436 2739/1515/1436
f 3687/1516/1437 3088/1513/1434 3190/1512/1433
f 3191/1517/1438 3085/1518/1439 3687/1516/1440
f 3687/1516/1440 3085/1518/1439 3088/1513/1441
f 2819/1519/1442 2741/1520/1443 3191/1517/1444
f 3191/1517/1444 2741/1520/1443 3085/1518/1445
f 3095/1521/1446 2887/1522/1446 2730/1523/1446
f 2730/1523/1447 2887/1522/1447 2611/1524/1447
f 3640/1525/1448 3206/1526/1448 3095/1521/1448
f 3095/1521/1449 3206/1526/1450 2887/1522/1451
f 3099/1527/1452 2855/1528/1452 3640/1525/1452
f 3640/1525/1453 2855/1528/1454 3206/1526/1455
f 2731/1529/1456 2612/1530/1456 3099/1527/1456
f 3099/1527/1457 2612/1530/1457 2855/1528/1457
f 2799/1531/1458 2432/1532/1458 2501/1533/1458
f 2501/1533/1459 2432/1532/1459 2182/1534/1459
f 2799/1531/1460 2916/1535/1460 2432/1532/1460
f 2502/1536/1461 2354/1537/1462 2598/1538/1463
f 2916/1535/1464 2603/1539/1465 2432/1532/1466
f 2598/1538/1467 2389/1540/1467 2916/1535/1467
f 2916/1535/1468 2389/1540/1469 2603/1539/1470
f 2354/1537/1462 2183/1541/1471 2598/1538/1463
f 2598/1538/1472 2183/1541/1472 2389/1540/1472
f 5323/1542/1473 5373/1543/1474 4700/1544/1475
f 4700/1544/1475 5373/1543/1474 4779/1545/1476
f 5330/1546/1477 5373/1543/1474 5323/1542/1473
f 5330/1546/1478 4781/1547/1479 5373/1543/1480
f 4702/1548/1481 4781/1547/1479 5330/1546/1478
f 5317/1549/1482 5122/1550/1483 4707/1551/1484
f 4707/1551/1484 5122/1550/1483 4612/1552/1485
f 4709/1553/1486 5122/1550/1483 5317/1549/1482
f 4709/1553/1487 4613/1554/1487 5122/1550/1487
f 5185/1555/1488 5141/1556/1489 4614/1557/1490
f 4614/1557/1490 5141/1556/1489 4495/1558/1491
f 4615/1559/1492 5142/1560/1493 5185/1555/1488
f 5185/1555/1488 5142/1560/1493 5141/1556/1489
f 4615/1559/1494 4496/1561/1494 5142/1560/1494
f 5201/1562/1495 5289/1563/1496 4538/1564/1497
f 4538/1564/1498 5289/1563/1498 4503/1565/1498
f 5209/1566/1499 5289/1563/1496 5201/1562/1495
f 5209/1566/1500 5288/1567/1501 5289/1563/1502
f 4539/1568/1503 4505/1569/1504 5209/1566/1500
f 5209/1566/1500 4505/1569/1504 5288/1567/1501
f 5080/1570/1505 5054/1571/1506 4409/1572/1507
f 4409/1572/1508 5054/1571/1508 4363/1573/1508
f 5702/1574/1509 5054/1571/1506 5080/1570/1505
f 5081/1575/1510 4365/1576/1511 5702/1574/1512
f 5702/1574/1512 4365/1576/1511 5054/1571/1513
f 4410/1577/1514 4365/1576/1511 5081/1575/1510
f 5084/1578/1515 5160/1579/1516 4392/1580/1517
f 4392/1580/1518 5160/1579/1518 4380/1581/1518
f 5735/1582/1519 5160/1579/1516 5084/1578/1515
f 5107/1583/1520 5157/1584/1521 5735/1582/1522
f 5735/1582/1522 5157/1584/1521 5160/1579/1523
f 4394/1585/1524 4382/1586/1525 5107/1583/1526
f 5107/1583/1526 4382/1586/1525 5157/1584/1527
f 5071/1587/1528 4922/1588/1529 4333/1589/1530
f 4333/1589/1530 4922/1588/1529 4283/1590/1531
f 4335/1591/1532 4903/1592/1533 5071/1587/1528
f 5071/1587/1528 4903/1592/1533 4922/1588/1529
f 4335/1591/1534 4284/1593/1535 4903/1592/1536
f 4923/1594/1537 4198/1595/1537 4285/1596/1537
f 4923/1594/1538 4773/1597/1538 4198/1595/1538
f 4286/1598/1539 4773/1597/1539 4923/1594/1539
f 4286/1598/1540 4200/1599/1540 4773/1597/1540
f 4826/1600/1541 4135/1601/1541 4238/1602/1541
f 5613/1603/1542 4755/1604/1542 4826/1600/1542
f 4826/1600/1543 4755/1604/1543 4135/1601/1543
f 4886/1605/1544 4755/1604/1544 5613/1603/1544
f 4240/1606/1545 4137/1607/1545 4886/1605/1545
f 4886/1605/1546 4137/1607/1546 4755/1604/1546
f 4604/1608/1547 4301/1609/1547 3965/1610/1547
f 3965/1610/1548 4301/1609/1548 3820/1611/1548
f 5393/1612/1549 4302/1613/1549 4604/1608/1549
f 4604/1608/1550 4302/1613/1550 4301/1609/1550
f 4443/1614/1551 4280/1615/1551 5393/1612/1551
f 5393/1612/1552 4280/1615/1552 4302/1613/1552
f 3966/1616/1553 3821/1617/1553 4443/1614/1553
f 4443/1614/1554 3821/1617/1554 4280/1615/1554
f 4101/1618/1555 3897/1619/1556 3804/1620/1557
f 4107/1621/1558 3897/1619/1556 4101/1618/1555
f 4107/1621/1559 3899/1622/1560 3897/1619/1561
f 3806/1623/1562 3899/1622/1560 4107/1621/1559
f 3993/1624/1563 3732/1625/1564 3762/1626/1565
f 3763/1627/1566 3734/1628/1567 3993/1624/1563
f 3993/1624/1563 3734/1628/1567 3732/1625/1564
f 3779/1629/1568 4149/1630/1569 3849/1631/1570
f 3781/1632/1571 4149/1630/1569 3779/1629/1568
f 3781/1632/1572 3850/1633/1572 4149/1630/1572
f 4148/1634/1573 4150/1635/1574 3847/1636/1575
f 3847/1636/1575 4150/1635/1574 3823/1637/1576
f 3848/1638/1577 4150/1635/1574 4148/1634/1573
f 3848/1638/1578 3824/1639/1578 4150/1635/1578
f 3962/1640/1579 3921/1641/1580 3683/1642/1581
f 3683/1642/1582 3921/1641/1582 3591/1643/1582
f 3684/1644/1583 3922/1645/1584 3962/1640/1579
f 3962/1640/1579 3922/1645/1584 3921/1641/1580
f 3684/1644/1585 3592/1646/1585 3922/1645/1585
f 3981/1647/1586 3624/1648/1586 3650/1649/1586
f 3983/1650/1587 4082/1651/1588 3981/1647/1589
f 3981/1647/1590 4082/1651/1590 3624/1648/1590
f 3652/1652/1591 3626/1653/1592 3983/1650/1593
f 3983/1650/1593 3626/1653/1592 4082/1651/1594
f 3928/1654/1595 3375/1655/1596 3473/1656/1597
f 4425/1657/1598 3904/1658/1599 3928/1654/1600
f 3928/1654/1601 3904/1658/1601 3375/1655/1601
f 3919/1659/1602 3904/1658/1599 4425/1657/1598
f 3474/1660/1603 3377/1661/1604 3919/1659/1605
f 3919/1659/1605 3377/1661/1604 3904/1658/1606
f 3432/1662/1607 3438/1663/1607 3971/1664/1607
f 3963/1665/1608 4091/1666/1608 3430/1667/1608
f 3430/1667/1609 4091/1666/1609 3405/1668/1609
f 4558/1669/1610 4668/1670/1610 3963/1665/1610
f 3963/1665/1611 4668/1670/1612 4091/1666/1613
f 3971/1664/1614 4089/1671/1614 4558/1669/1614
f 4558/1669/1615 4089/1671/1616 4668/1670/1617
f 3438/1663/1618 3406/1672/1618 3971/1664/1618
f 3971/1664/1619 3406/1672/1619 4089/1671/1619
f 3387/1673/1620 4078/1674/1620 3357/1675/1620
f 4078/1674/1621 3947/1676/1621 3357/1675/1621
f 4078/1674/1622 4757/1677/1622 3947/1676/1622
f 3379/1678/1623 3358/1679/1623 3970/1680/1623
f 3357/1675/1624 3947/1676/1624 3342/1681/1624
f 4757/1677/1625 4430/1682/1626 3947/1676/1627
f 3970/1680/1628 3935/1683/1628 4757/1677/1628
f 4757/1677/1629 3935/1683/1630 4430/1682/1631
f 3358/1679/1632 3343/1684/1632 3970/1680/1632
f 3970/1680/1633 3343/1684/1633 3935/1683/1633
f 5728/1685/1634 5431/1686/1634 5332/1687/1634
f 5723/1688/1635 5433/1689/1636 5728/1685/1637
f 5728/1685/1637 5433/1689/1636 5431/1686/1638
f 5334/1690/1639 5433/1689/1636 5723/1688/1635
f 5602/1691/1640 5588/1692/1641 5228/1693/1642
f 5228/1693/1643 5588/1692/1643 5139/1694/1643
f 5600/1695/1644 5589/1696/1645 5602/1691/1640
f 5602/1691/1640 5589/1696/1645 5588/1692/1646
f 5229/1697/1647 5140/1698/1647 5600/1695/1647
f 5600/1695/1648 5140/1698/1648 5589/1696/1648
f 5696/1699/1649 5347/1700/1649 5249/1701/1649
f 5690/1702/1650 5858/1703/1651 5696/1699/1652
f 5696/1699/1652 5858/1703/1651 5347/1700/1653
f 5251/1704/1654 5349/1705/1655 5690/1702/1650
f 5690/1702/1650 5349/1705/1655 5858/1703/1651
f 5673/1706/1656 5144/1707/1656 5158/1708/1656
f 5673/1706/1657 5684/1709/1658 5144/1707/1659
f 5667/1710/1660 5684/1709/1658 5673/1706/1657
f 5159/1711/1661 5146/1712/1662 5667/1710/1663
f 5667/1710/1663 5146/1712/1662 5684/1709/1664
f 5789/1713/1665 5413/1714/1665 5277/1715/1665
f 5781/1716/1666 5920/1717/1667 5789/1713/1668
f 5789/1713/1668 5920/1717/1667 5413/1714/1669
f 5279/1718/1670 5415/1719/1671 5781/1716/1666
f 5781/1716/1666 5415/1719/1671 5920/1717/1667
f 5793/1720/1672 5214/1721/1672 5230/1722/1672
f 6105/1723/1673 5800/1724/1674 5793/1720/1675
f 5793/1720/1676 5800/1724/1676 5214/1721/1676
f 5782/1725/1677 5800/1724/1674 6105/1723/1673
f 5231/1726/1678 5216/1727/1678 5782/1725/1678
f 5782/1725/1679 5216/1727/1679 5800/1724/1679
f 5326/1728/1680 5868/1729/1681 5394/1730/1681
f 5328/1731/1682 5395/1732/1682 5861/1733/1682
f 5868/1729/1683 5987/1734/1684 5394/1730/1685
f 5394/1730/1686 5987/1734/1686 5502/1735/1686
f 6194/1736/1687 5987/1734/1684 5868/1729/1683
f 5861/1733/1688 6003/1737/1689 6194/1736/1690
f 6194/1736/1690 6003/1737/1689 5987/1734/1691
f 5395/1732/1692 5504/1738/1693 5861/1733/1694
f 5861/1733/1694 5504/1738/1693 6003/1737/1695
f 5551/1739/1696 6011/1740/1697 5629/1741/1697
f 6011/1740/1698 6113/1742/1698 5629/1741/1698
f 5629/1741/1699 6113/1742/1699 5790/1743/1699
f 6355/1744/1700 6140/1745/1701 6011/1740/1702
f 6011/1740/1702 6140/1745/1701 6113/1742/1703
f 6043/1746/1704 6141/1747/1705 6355/1744/1706
f 6355/1744/1706 6141/1747/1705 6140/1745/1707
f 5553/1748/1708 5791/1749/1708 6043/1746/1708
f 6043/1746/1709 5791/1749/1709 6141/1747/1709
f 6117/1750/1710 5880/1751/1710 5822/1752/1710
f 6110/1753/1711 6160/1754/1712 6117/1750/1713
f 6117/1750/1713 6160/1754/1712 5880/1751/1714
f 5824/1755/1715 5882/1756/1716 6110/1753/1711
f 6110/1753/1711 5882/1756/1716 6160/1754/1712
f 6036/1757/1717 5647/1758/1717 5738/1759/1717
f 6036/1757/1718 6023/1760/1719 5647/1758/1720
f 6035/1761/1721 6023/1760/1719 6036/1757/1718
f 5739/1762/1722 5649/1763/1723 6035/1761/1724
f 6035/1761/1724 5649/1763/1723 6023/1760/1725
f 6055/1764/1726 5755/1765/1726 5725/1766/1726
f 6049/1767/1727 6127/1768/1728 6055/1764/1729
f 6055/1764/1729 6127/1768/1728 5755/1765/1730
f 5727/1769/1731 5757/1770/1732 6049/1767/1727
f 6049/1767/1727 5757/1770/1732 6127/1768/1728
f 6041/1771/1733 5603/1772/1733 5626/1773/1733
f 6340/1774/1734 6046/1775/1735 6041/1771/1736
f 6041/1771/1736 6046/1775/1735 5603/1772/1737
f 6037/1776/1738 6046/1775/1735 6340/1774/1734
f 5627/1777/1739 5605/1778/1740 6037/1776/1741
f 6037/1776/1741 5605/1778/1740 6046/1775/1742
f 6084/1779/1743 5804/1780/1743 5679/1781/1743
f 6372/1782/1744 6229/1783/1745 6084/1779/1746
f 6084/1779/1746 6229/1783/1745 5804/1780/1747
f 6080/1784/1748 6229/1783/1745 6372/1782/1744
f 5681/1785/1749 5806/1786/1750 6080/1784/1751
f 6080/1784/1751 5806/1786/1750 6229/1783/1752
f 6238/1787/1753 6282/1788/1753 5817/1789/1753
f 5817/1789/1754 6282/1788/1754 5864/1790/1754
f 6474/1791/1755 6282/1788/1755 6238/1787/1755
f 6241/1792/1756 6285/1793/1757 6474/1791/1758
f 6474/1791/1758 6285/1793/1757 6282/1788/1759
f 5819/1794/1760 5866/1795/1761 6241/1792/1762
f 6241/1792/1762 5866/1795/1761 6285/1793/1763
f 5905/1796/1764 6316/1797/1764 5894/1798/1764
f 6316/1797/1765 6447/1799/1765 5894/1798/1765
f 5894/1798/1766 6447/1799/1766 6031/1800/1766
f 6617/1801/1767 6799/1802/1768 6316/1797/1769
f 6316/1797/1769 6799/1802/1768 6447/1799/1770
f 6309/1803/1771 6503/1804/1771 6617/1801/1771
f 6617/1801/1772 6503/1804/1773 6799/1802/1774
f 5895/1805/1775 6032/1806/1775 6309/1803/1775
f 6309/1803/1776 6032/1806/1776 6503/1804/1776
f 6484/1807/1777 6709/1808/1778 6186/1809/1779
f 6186/1809/1780 6709/1808/1780 6418/1810/1780
f 6484/1807/1781 6922/1811/1781 6709/1808/1781
f 6418/1810/1782 6709/1808/1782 6575/1812/1782
f 6922/1811/1783 7120/1813/1784 6709/1808/1785
f 6624/1814/1786 6930/1815/1787 6922/1811/1788
f 6922/1811/1789 6930/1815/1790 7120/1813/1791
f 6188/1816/1792 6576/1817/1792 6624/1814/1792
f 6624/1814/1793 6576/1817/1793 6930/1815/1793
f 5446/1818/1794 4946/1819/1794 4845/1820/1794
f 5443/1821/1795 5475/1822/1796 5446/1818/1797
f 5446/1818/1797 5475/1822/1796 4946/1819/1798
f 4847/1823/1799 4947/1824/1800 5443/1821/1795
f 5443/1821/1795 4947/1824/1800 5475/1822/1796
f 4907/1825/1801 5380/1826/1802 4834/1827/1803
f 5445/1828/1804 5380/1826/1802 4907/1825/1801
f 4909/1829/1805 4835/1830/1805 5445/1828/1805
f 5445/1828/1804 4835/1830/1806 5380/1826/1807
f 4836/1831/1808 5417/1832/1809 4785/1833/1810
f 5402/1834/1811 5412/1835/1812 4836/1831/1808
f 4836/1831/1808 5412/1835/1812 5417/1832/1809
f 4837/1836/1813 4786/1837/1813 5402/1834/1813
f 5402/1834/1811 4786/1837/1814 5412/1835/1815
f 5468/1838/1816 4912/1839/1816 4881/1840/1816
f 5468/1838/1817 5558/1841/1818 4912/1839/1819
f 5457/1842/1820 5558/1841/1818 5468/1838/1817
f 4883/1843/1821 4914/1844/1822 5457/1842/1823
f 5457/1842/1823 4914/1844/1822 5558/1841/1824
f 5561/1845/1825 5011/1846/1825 4925/1847/1825
f 5561/1845/1826 5634/1848/1827 5011/1846/1828
f 5565/1849/1829 5634/1848/1827 5561/1845/1826
f 4927/1850/1830 5013/1851/1831 5565/1849/1832
f 5565/1849/1832 5013/1851/1831 5634/1848/1833
f 5731/1852/1834 5910/1853/1835 5077/1854/1836
f 5077/1854/1837 5910/1853/1837 5312/1855/1837
f 6091/1856/1838 5910/1853/1835 5731/1852/1834
f 5720/1857/1839 5913/1858/1840 6091/1856/1841
f 6091/1856/1841 5913/1858/1840 5910/1853/1842
f 5079/1859/1843 5314/1860/1844 5720/1857/1845
f 5720/1857/1845 5314/1860/1844 5913/1858/1846
f 5390/1861/1847 5950/1862/1847 5524/1863/1847
f 5950/1862/1848 6130/1864/1849 5524/1863/1850
f 5524/1863/1851 6130/1864/1851 5608/1865/1851
f 6305/1866/1852 6130/1864/1849 5950/1862/1848
f 5954/1867/1853 6124/1868/1854 6305/1866/1855
f 6305/1866/1855 6124/1868/1854 6130/1864/1856
f 5392/1869/1857 5610/1870/1858 5954/1867/1859
f 5954/1867/1859 5610/1870/1858 6124/1868/1860
f 5651/1871/1861 6166/1872/1862 5590/1873/1863
f 6166/1872/1864 6398/1874/1864 5590/1873/1864
f 5590/1873/1865 6398/1874/1865 5957/1875/1865
f 6464/1876/1866 6728/1877/1867 6166/1872/1868
f 6166/1872/1868 6728/1877/1867 6398/1874/1869
f 6151/1878/1870 6387/1879/1870 6464/1876/1870
f 6464/1876/1871 6387/1879/1872 6728/1877/1873
f 5591/1880/1874 5958/1881/1874 6151/1878/1874
f 6151/1878/1875 5958/1881/1875 6387/1879/1875
f 6507/1882/1876 6813/1883/1876 6201/1884/1876
f 6201/1884/1877 6813/1883/1877 6544/1885/1877
f 6816/1886/1878 7071/1887/1879 6507/1882/1880
f 6507/1882/1880 7071/1887/1879 6813/1883/1881
f 6522/1888/1882 6825/1889/1883 6816/1886/1884
f 6816/1886/1884 6825/1889/1883 7071/1887/1885
f 6203/1890/1886 6545/1891/1886 6522/1888/1886
f 6522/1888/1887 6545/1891/1887 6825/1889/1887
f 6814/1892/1888 7029/1893/1889 6546/1894/1890
f 6546/1894/1890 7029/1893/1889 6768/1895/1891
f 6814/1892/1892 7227/1896/1893 7029/1893/1894
f 6826/1897/1895 7030/1898/1896 6814/1892/1892
f 6814/1892/1892 7030/1898/1896 7227/1896/1893
f 6547/1899/1897 6769/1900/1897 6826/1897/1897
f 6826/1897/1898 6769/1900/1898 7030/1898/1898
f 3816/1901/1899 3813/1902/1900 3522/1903/1901
f 3522/1903/1902 3813/1902/1902 3537/1904/1902
f 3817/1905/1903 3813/1902/1900 3816/1901/1899
f 3523/1906/1904 3538/1907/1904 3817/1905/1904
f 3817/1905/1905 3538/1907/1905 3813/1902/1905
f 3833/1908/1906 3864/1909/1906 3562/1910/1906
f 3562/1910/1907 3864/1909/1907 3535/1911/1907
f 3833/1908/1908 3862/1912/1909 3864/1909/1910
f 3834/1913/1911 3862/1912/1909 3833/1908/1908
f 3564/1914/1912 3536/1915/1912 3834/1913/1912
f 3834/1913/1913 3536/1915/1913 3862/1912/1913
f 3867/1916/1914 3912/1917/1915 3484/1918/1916
f 3484/1918/1917 3912/1917/1917 3498/1919/1917
f 3866/1920/1918 3914/1921/1919 3867/1916/1914
f 3867/1916/1914 3914/1921/1919 3912/1917/1915
f 3485/1922/1920 3500/1923/1921 3866/1920/1922
f 3866/1920/1922 3500/1923/1921 3914/1921/1923
f 3543/1924/1924 3945/1925/1925 3633/1926/1926
f 3945/1925/1925 4037/1927/1927 3633/1926/1926
f 3633/1926/1926 4037/1927/1927 3606/1928/1928
f 4408/1929/1929 4037/1927/1927 3945/1925/1925
f 3948/1930/1930 4034/1931/1931 4408/1929/1932
f 4408/1929/1932 4034/1931/1931 4037/1927/1933
f 3545/1932/1934 3608/1933/1935 3948/1930/1936
f 3948/1930/1936 3608/1933/1935 4034/1931/1937
f 4061/1934/1938 4087/1935/1939 3621/1936/1940
f 3621/1936/1940 4087/1935/1939 3528/1937/1941
f 4055/1938/1942 4512/1939/1943 4061/1934/1944
f 4061/1934/1944 4512/1939/1943 4087/1935/1945
f 4055/1938/1946 4075/1940/1947 4512/1939/1948
f 3623/1941/1949 3529/1942/1949 4055/1938/1949
f 4055/1938/1946 3529/1942/1950 4075/1940/1947
f 4086/1943/1951 4181/1944/1952 3526/1945/1953
f 3526/1945/1953 4181/1944/1952 3610/1946/1954
f 4086/1943/1955 4716/1947/1956 4181/1944/1957
f 3527/1948/1958 4171/1949/1959 4086/1943/1955
f 4086/1943/1955 4171/1949/1959 4716/1947/1956
f 3527/1948/1960 3611/1950/1960 4171/1949/1960
f 3680/1951/1961 4275/1952/1962 3790/1953/1961
f 4275/1952/1963 4545/1954/1963 3790/1953/1963
f 3790/1953/1964 4545/1954/1964 3829/1955/1964
f 5143/1956/1965 5409/1957/1966 4275/1952/1967
f 4275/1952/1967 5409/1957/1966 4545/1954/1968
f 4282/1958/1969 4528/1959/1969 5143/1956/1969
f 5143/1956/1970 4528/1959/1971 5409/1957/1972
f 3682/1960/1973 3830/1961/1973 4282/1958/1973
f 4282/1958/1974 3830/1961/1974 4528/1959/1974
f 3836/1962/1975 4549/1963/1975 3713/1964/1975
f 3838/1965/1976 3714/1966/1976 4519/1967/1976
f 4549/1963/1977 5155/1968/1977 3713/1964/1977
f 3713/1964/1978 5155/1968/1978 3957/1969/1978
f 5615/1970/1979 6038/1971/1979 4549/1963/1979
f 4549/1963/1980 6038/1971/1980 5155/1968/1980
f 4519/1967/1981 4937/1972/1981 5615/1970/1981
f 5615/1970/1982 4937/1972/1982 6038/1971/1982
f 3714/1966/1983 3959/1973/1983 4519/1967/1983
f 4519/1967/1984 3959/1973/1984 4937/1972/1984
f 4261/1974/1985 5532/1975/1985 4596/1976/1985
f 6165/1977/1986 6653/1978/1987 5532/1975/1988
f 5176/1979/1989 5930/1980/1989 6165/1977/1989
f 6165/1977/1990 5930/1980/1991 6653/1978/1992
f 4263/1981/1993 5151/1982/1993 5176/1979/1993
f 5176/1979/1994 5151/1982/1994 5930/1980/1994
f 5532/1975/1995 6320/1983/1995 4596/1976/1995
f 4596/1976/1996 6320/1983/1996 5714/1984/1996
f 5532/1975/1988 6653/1978/1987 6320/1983/1997
f 5151/1982/1998 5715/1985/1998 5930/1980/1998
f 5368/1986/1999 5377/1987/2000 4775/1988/2001
f 4775/1988/2002 5377/1987/2002 4821/1989/2002
f 5369/1990/2003 5377/1987/2000 5368/1986/1999
f 4776/1991/2004 4822/1992/2004 5369/1990/2004
f 5369/1990/2005 4822/1992/2005 5377/1987/2005
f 4991/1993/2006 5441/1994/2006 5135/1995/2006
f 5441/1994/2007 5582/1996/2007 5135/1995/2007
f 5135/1995/2008 5582/1996/2008 5119/1997/2008
f 5449/1998/2009 5583/1999/2010 5441/1994/2011
f 5441/1994/2011 5583/1999/2010 5582/1996/2012
f 4993/2000/2013 5120/2001/2013 5449/1998/2013
f 5449/1998/2014 5120/2001/2015 5583/1999/2010
f 5068/2002/2016 5473/2003/2016 4840/2004/2016
f 5473/2003/2017 5508/2005/2018 4840/2004/2019
f 4840/2004/2020 5508/2005/2020 4828/2006/2020
f 5477/2007/2021 4830/2008/2022 5473/2003/2023
f 5473/2003/2023 4830/2008/2022 5508/2005/2024
f 4841/2009/2025 4830/2008/2022 5477/2007/2021
f 5017/2010/2026 5586/2011/2026 5206/2012/2026
f 5586/2011/2027 5827/2013/2028 5206/2012/2029
f 5206/2012/2030 5827/2013/2030 5222/2014/2030
f 5601/2015/2031 5827/2013/2028 5586/2011/2027
f 5601/2015/2032 5224/2016/2033 5827/2013/2034
f 5019/2017/2035 5224/2016/2033 5601/2015/2032
f 5173/2018/2036 5716/2019/2036 5004/2020/2036
f 5716/2019/2037 5843/2021/2038 5004/2020/2039
f 5004/2020/2040 5843/2021/2040 5124/2022/2040
f 6133/2023/2041 5843/2021/2038 5716/2019/2037
f 5717/2024/2042 5845/2025/2043 6133/2023/2044
f 6133/2023/2044 5845/2025/2043 5843/2021/2045
f 5005/2026/2046 5126/2027/2047 5717/2024/2048
f 5717/2024/2048 5126/2027/2047 5845/2025/2049
f 5344/2028/2050 5929/2029/2050 5607/2030/2050
f 5929/2029/2051 6210/2031/2051 5607/2030/2051
f 5607/2030/2052 6210/2031/2052 5704/2032/2052
f 6287/2033/2053 6207/2034/2054 5929/2029/2055
f 5929/2029/2055 6207/2034/2054 6210/2031/2056
f 5940/2035/2057 6207/2034/2057 6287/2033/2057
f 5346/2036/2058 5706/2037/2059 5940/2035/2060
f 5940/2035/2060 5706/2037/2059 6207/2034/2061
f 5661/2038/2062 6132/2039/2063 5461/2040/2064
f 5662/2041/2065 5462/2042/2065 6120/2043/2065
f 6132/2039/2066 6347/2044/2066 5461/2040/2066
f 5461/2040/2067 6347/2044/2067 5838/2045/2067
f 6480/2046/2068 6654/2047/2068 6132/2039/2068
f 6132/2039/2069 6654/2047/2070 6347/2044/2071
f 6120/2043/2072 6298/2048/2072 6480/2046/2072
f 6480/2046/2073 6298/2048/2074 6654/2047/2075
f 5462/2042/2076 5839/2049/2076 6120/2043/2076
f 6120/2043/2077 5839/2049/2077 6298/2048/2077
f 6063/2050/2078 6482/2051/2078 6311/2052/2078
f 6757/2053/2079 7048/2054/2079 6482/2051/2079
f 6757/2053/2080 6382/2055/2080 7048/2054/2080
f 6065/2056/2081 6478/2057/2081 6382/2055/2081
f 6482/2051/2082 7023/2058/2082 6311/2052/2082
f 6311/2052/2083 7023/2058/2083 6725/2059/2083
f 6482/2051/2084 7048/2054/2085 7023/2058/2086
f 6382/2055/2087 6973/2060/2088 7048/2054/2089
f 6478/2057/2090 6726/2061/2090 6382/2055/2090
f 6382/2055/2091 6726/2061/2091 6973/2060/2091
f 5362/2062/2092 5365/2063/2093 4713/2064/2094
f 4713/2064/2095 5365/2063/2095 4724/2065/2095
f 5363/2066/2096 4726/2067/2097 5362/2062/2098
f 5362/2062/2098 4726/2067/2097 5365/2063/2093
f 4714/2068/2099 4726/2067/2097 5363/2066/2096
f 5451/2069/2100 5618/2070/2101 4895/2071/2102
f 4895/2071/2103 5618/2070/2103 5103/2072/2103
f 5459/2073/2104 5618/2070/2101 5451/2069/2100
f 5459/2073/2105 5105/2074/2106 5618/2070/2107
f 4897/2075/2108 5105/2074/2106 5459/2073/2105
f 5481/2076/2109 5495/2077/2110 4796/2078/2111
f 4796/2078/2112 5495/2077/2112 4764/2079/2112
f 5487/2080/2113 4766/2081/2114 5481/2076/2115
f 5481/2076/2115 4766/2081/2114 5495/2077/2110
f 4797/2082/2116 4766/2081/2114 5487/2080/2113
f 4951/2083/2117 5572/2084/2118 5149/2085/2117
f 5572/2084/2119 5753/2086/2119 5149/2085/2119
f 5149/2085/2120 5753/2086/2120 5040/2087/2120
f 5566/2088/2121 5762/2089/2122 5572/2084/2123
f 5572/2084/2123 5762/2089/2122 5753/2086/2124
f 4953/2090/2125 5042/2091/2125 5566/2088/2125
f 5566/2088/2126 5042/2091/2126 5762/2089/2126
f 5659/2092/2127 5463/2093/2128 4934/2094/2129
f 4934/2094/2129 5463/2093/2128 4593/2095/2130
f 5675/2096/2131 5938/2097/2132 5659/2092/2133
f 5659/2092/2133 5938/2097/2132 5463/2093/2134
f 5675/2096/2135 5469/2098/2136 5938/2097/2137
f 4936/2099/2138 4594/2100/2138 5675/2096/2138
f 5675/2096/2135 4594/2100/2139 5469/2098/2136
f 5528/2101/2140 5569/2102/2140 4591/2103/2140
f 4591/2103/2141 5569/2102/2141 4559/2104/2141
f 5528/2101/2142 6009/2105/2143 5569/2102/2144
f 5540/2106/2145 5548/2107/2145 5528/2101/2145
f 5528/2101/2146 5548/2107/2147 6009/2105/2148
f 4592/2108/2149 4560/2109/2149 5540/2106/2149
f 5540/2106/2150 4560/2109/2150 5548/2107/2150
f 4685/2110/2151 5709/2111/2151 5022/2112/2151
f 5709/2111/2152 5886/2113/2152 5022/2112/2152
f 5022/2112/2153 5886/2113/2153 5032/2114/2153
f 6233/2115/2154 5889/2116/2154 5709/2111/2154
f 5709/2111/2155 5889/2116/2155 5886/2113/2155
f 5645/2117/2156 5889/2116/2156 6233/2115/2156
f 4687/2118/2157 5034/2119/2157 5645/2117/2157
f 5645/2117/2158 5034/2119/2158 5889/2116/2158
f 4940/2120/2159 4621/2120/2159 5748/2121/2159
f 5733/2122/2160 5863/2123/2160 4620/2124/2160
f 4620/2124/2161 5863/2123/2161 4674/2125/2161
f 6295/2126/2162 6263/2127/2162 5733/2122/2162
f 5733/2122/2163 6263/2127/2164 5863/2123/2165
f 5748/2121/2166 5788/2128/2166 6295/2126/2166
f 6295/2126/2167 5788/2128/2168 6263/2127/2169
f 4621/2120/2170 4675/2129/2170 5748/2121/2170
f 5748/2121/2171 4675/2129/2171 5788/2128/2171
f 5770/2130/2172 5984/2131/2172 6367/2132/2172
f 4810/2133/2173 5342/2134/2174 5770/2130/2175
f 5770/2130/2176 5342/2134/2176 5984/2131/2176
f 5966/2135/2177 6231/2136/2177 4808/2137/2177
f 4808/2137/2178 6231/2136/2178 5544/2138/2178
f 6367/2132/2179 6466/2139/2179 5966/2135/2179
f 5966/2135/2180 6466/2139/2181 6231/2136/2182
f 6367/2132/2183 5984/2131/2184 6466/2139/2185
f 5342/2134/2186 5545/2140/2186 5984/2131/2186
f 3409/2141/2187 3133/2142/2187 3131/2143/2187
f 3409/2141/2188 3390/2144/2189 3133/2142/2190
f 3412/2145/2191 3390/2144/2189 3409/2141/2188
f 3132/2146/2192 3135/2147/2193 3412/2145/2194
f 3412/2145/2194 3135/2147/2193 3390/2144/2195
f 3461/2148/2196 3575/2149/2197 3186/2150/2198
f 3186/2150/2199 3575/2149/2199 3247/2151/2199
f 3452/2152/2200 3575/2149/2197 3461/2148/2196
f 3452/2152/2201 3580/2153/2202 3575/2149/2203
f 3187/2154/2204 3248/2155/2204 3452/2152/2204
f 3452/2152/2201 3248/2155/2205 3580/2153/2202
f 3209/2156/2206 3084/2157/2206 3392/2158/2206
f 3389/2159/2207 3040/2160/2207 3083/2161/2207
f 3389/2159/2208 3371/2162/2209 3040/2160/2210
f 3392/2158/2211 3371/2162/2209 3389/2159/2208
f 3084/2157/2212 3042/2163/2213 3392/2158/2214
f 3392/2158/2214 3042/2163/2213 3371/2162/2215
f 3081/2164/2216 3155/2164/2216 3411/2165/2216
f 3419/2166/2217 3111/2167/2217 3079/2168/2217
f 3411/2165/2218 3482/2169/2219 3419/2166/2220
f 3419/2166/2220 3482/2169/2219 3111/2167/2221
f 3155/2164/2222 3113/2170/2222 3411/2165/2222
f 3411/2165/2223 3113/2170/2224 3482/2169/2225
f 3065/2171/2226 2954/2172/2226 3349/2173/2226
f 3346/2174/2227 2905/2175/2227 2953/2176/2227
f 3802/2177/2228 3305/2178/2229 3346/2174/2230
f 3346/2174/2230 3305/2178/2229 2905/2175/2231
f 3349/2173/2232 3305/2178/2232 3802/2177/2232
f 2954/2172/2233 2907/2179/2233 3349/2173/2233
f 3349/2173/2234 2907/2179/2234 3305/2178/2234
f 3332/2180/2235 2931/2181/2235 2926/2182/2235
f 3822/2183/2236 3337/2184/2236 3332/2180/2236
f 3332/2180/2237 3337/2184/2237 2931/2181/2237
f 3319/2185/2238 3337/2184/2238 3822/2183/2238
f 2928/2186/2239 2933/2187/2239 3319/2185/2239
f 3319/2185/2240 2933/2187/2240 3337/2184/2240
f 3284/2188/2241 3163/2189/2241 2890/2190/2241
f 2890/2190/2242 3163/2189/2242 2823/2191/2242
f 3283/2192/2243 3530/2193/2243 3284/2188/2243
f 3284/2188/2244 3530/2193/2245 3163/2189/2246
f 3283/2192/2247 3172/2194/2248 3530/2193/2249
f 2892/2195/2250 2824/2196/2250 3283/2192/2250
f 3283/2192/2247 2824/2196/2251 3172/2194/2248
f 3217/2197/2252 3046/2198/2253 2821/2199/2254
f 2821/2199/2254 3046/2198/2253 2751/2200/2255
f 3233/2201/2256 3436/2202/2257 3217/2197/2258
f 3217/2197/2258 3436/2202/2257 3046/2198/2259
f 3233/2201/2260 3096/2203/2261 3436/2202/2262
f 2822/2204/2263 2752/2205/2263 3233/2201/2263
f 3233/2201/2264 2752/2205/2264 3096/2203/2264
f 2711/2206/2265 2945/2207/2265 2688/2208/2265
f 3581/2209/2266 3171/2210/2266 2945/2207/2266
f 3108/2211/2267 2899/2212/2267 3581/2209/2267
f 3581/2209/2268 2899/2212/2269 3171/2210/2270
f 3108/2211/2271 2689/2213/2271 2899/2212/2271
f 2945/2207/2272 2867/2214/2272 2688/2208/2272
f 2688/2208/2273 2867/2214/2273 2637/2215/2273
f 2945/2207/2274 3171/2210/2275 2867/2214/2276
f 2689/2213/2277 2638/2216/2277 2899/2212/2277
f 5691/2217/2278 5240/2218/2278 5267/2219/2278
f 5691/2217/2279 5636/2220/2280 5240/2218/2281
f 5688/2221/2282 5636/2220/2280 5691/2217/2279
f 5268/2222/2283 5242/2223/2284 5688/2221/2285
f 5688/2221/2285 5242/2223/2284 5636/2220/2286
f 5294/2224/2287 5364/2225/2288 5687/2226/2289
f 5697/2227/2290 5718/2228/2291 5292/2229/2292
f 5292/2229/2293 5718/2228/2293 5302/2230/2293
f 5687/2226/2294 5718/2228/2291 5697/2227/2290
f 5364/2225/2288 5303/2231/2295 5687/2226/2289
f 5687/2226/2296 5303/2231/2297 5718/2228/2291
f 5539/2232/2298 4859/2233/2298 5024/2234/2298
f 5539/2232/2299 5482/2235/2300 4859/2233/2301
f 5205/2236/2302 5482/2235/2300 5539/2232/2299
f 5025/2237/2303 4860/2238/2304 5205/2236/2305
f 5205/2236/2305 4860/2238/2304 5482/2235/2306
f 4879/2239/2307 4944/2240/2307 5491/2241/2307
f 5492/2242/2308 4655/2243/2308 4877/2244/2308
f 5491/2241/2309 5427/2245/2310 5492/2242/2311
f 5492/2242/2311 5427/2245/2310 4655/2243/2312
f 4944/2240/2313 4657/2246/2314 5491/2241/2315
f 5491/2241/2315 4657/2246/2314 5427/2245/2316
f 4565/2247/2317 4372/2248/2317 5213/2249/2317
f 5221/2250/2318 5044/2251/2318 4371/2252/2318
f 4371/2252/2319 5044/2251/2319 4225/2253/2319
f 5903/2254/2320 5059/2255/2321 5221/2250/2322
f 5221/2250/2322 5059/2255/2321 5044/2251/2323
f 5213/2249/2324 5059/2255/2321 5903/2254/2320
f 4372/2248/2325 4227/2256/2326 5213/2249/2327
f 5213/2249/2327 4227/2256/2326 5059/2255/2328
f 4162/2257/2329 4154/2258/2330 4884/2259/2331
f 4805/2260/2332 4606/2261/2333 4153/2262/2334
f 4153/2262/2335 4606/2261/2335 3951/2263/2335
f 5693/2264/2336 4606/2261/2333 4805/2260/2332
f 4884/2259/2337 4609/2265/2338 5693/2264/2339
f 5693/2264/2339 4609/2265/2338 4606/2261/2340
f 4154/2258/2330 3953/2266/2341 4884/2259/2331
f 4884/2259/2331 3953/2266/2341 4609/2265/2342
f 3907/2267/2343 4483/2268/2343 3772/2269/2343
f 4483/2268/2344 3961/2270/2344 3772/2269/2344
f 3772/2269/2345 3961/2270/2345 3464/2271/2345
f 5523/2272/2346 4511/2273/2346 4483/2268/2346
f 4483/2268/2347 4511/2273/2348 3961/2270/2349
f 4482/2274/2350 4013/2275/2351 5523/2272/2351
f 5523/2272/2352 4013/2275/2353 4511/2273/2354
f 3773/2276/2355 3465/2277/2355 4482/2274/2355
f 4482/2274/2356 3465/2277/2356 4013/2275/2356
f 3221/2278/2357 3380/2279/2357 2985/2280/2357
f 3879/2281/2358 3071/2282/2359 4076/2283/2360
f 3879/2281/2361 2986/2284/2361 3071/2282/2361
f 3380/2279/2362 2995/2285/2362 2985/2280/2362
f 2985/2280/2363 2995/2285/2363 2784/2286/2363
f 4076/2283/2364 3381/2287/2364 3380/2279/2364
f 3380/2279/2365 3381/2287/2366 2995/2285/2367
f 4076/2283/2360 3071/2282/2359 3381/2287/2368
f 2986/2284/2369 2785/2288/2369 3071/2282/2369
f 4375/2289/2370 4431/2290/2371 4016/2291/2372
f 4016/2291/2373 4431/2290/2373 4096/2292/2373
f 4377/2293/2374 4431/2290/2371 4375/2289/2370
f 4377/2293/2375 4098/2294/2376 4431/2290/2377
f 4018/2295/2378 4098/2294/2376 4377/2293/2375
f 4267/2296/2379 4192/2297/2380 3917/2298/2381
f 3917/2298/2381 4192/2297/2380 3809/2299/2382
f 4268/2300/2383 4193/2301/2384 4267/2296/2379
f 4267/2296/2379 4193/2301/2384 4192/2297/2380
f 3918/2302/2385 3810/2303/2385 4268/2300/2385
f 4268/2300/2386 3810/2303/2386 4193/2301/2386
f 4253/2304/2387 4293/2305/2388 3855/2306/2389
f 3855/2306/2389 4293/2305/2388 3793/2307/2390
f 4256/2308/2391 4293/2305/2388 4253/2304/2387
f 4256/2308/2392 4292/2309/2393 4293/2305/2394
f 3857/2310/2395 3795/2311/2396 4256/2308/2392
f 4256/2308/2392 3795/2311/2396 4292/2309/2393
f 4060/2312/2397 4003/2313/2398 3667/2314/2399
f 3667/2314/2399 4003/2313/2398 3554/2315/2400
f 4521/2316/2401 4003/2313/2398 4060/2312/2397
f 4062/2317/2402 4009/2318/2403 4521/2316/2404
f 4521/2316/2404 4009/2318/2403 4003/2313/2405
f 3668/2319/2406 3556/2320/2407 4062/2317/2408
f 4062/2317/2408 3556/2320/2407 4009/2318/2409
f 4053/2321/2410 4118/2322/2410 3602/2323/2410
f 3602/2323/2411 4118/2322/2411 3515/2324/2411
f 4622/2325/2412 4114/2326/2413 4053/2321/2414
f 4053/2321/2415 4114/2326/2415 4118/2322/2415
f 4065/2327/2416 4114/2326/2413 4622/2325/2412
f 3604/2328/2417 3517/2329/2418 4065/2327/2419
f 4065/2327/2419 3517/2329/2418 4114/2326/2420
f 3858/2330/2421 3728/2331/2421 3327/2332/2421
f 3327/2332/2422 3728/2331/2422 3175/2333/2422
f 4438/2334/2423 4224/2335/2423 3858/2330/2423
f 3858/2330/2424 4224/2335/2425 3728/2331/2426
f 3843/2336/2427 3727/2337/2428 4438/2334/2429
f 4438/2334/2429 3727/2337/2428 4224/2335/2430
f 3328/2338/2431 3176/2339/2431 3843/2336/2431
f 3843/2336/2432 3176/2339/2432 3727/2337/2432
f 3220/2340/2433 3198/2341/2433 3798/2342/2433
f 3788/2343/2434 3782/2344/2434 3197/2345/2434
f 3197/2345/2435 3782/2344/2435 3031/2346/2435
f 4486/2347/2436 4633/2348/2436 3788/2343/2436
f 3788/2343/2437 4633/2348/2437 3782/2344/2437
f 3798/2342/2438 3694/2349/2438 4486/2347/2438
f 4486/2347/2439 3694/2349/2439 4633/2348/2439
f 3198/2341/2440 3033/2350/2440 3798/2342/2440
f 3798/2342/2441 3033/2350/2441 3694/2349/2441
f 3665/2351/2442 3036/2352/2442 2790/2353/2442
f 3665/2351/2443 3975/2354/2443 3036/2352/2443
f 2904/2355/2444 2791/2356/2444 3194/2357/2444
f 2790/2353/2445 3036/2352/2445 2698/2358/2445
f 3975/2354/2446 3413/2359/2447 3036/2352/2448
f 3194/2357/2449 2964/2360/2449 3975/2354/2449
f 3975/2354/2450 2964/2360/2451 3413/2359/2452
f 2791/2356/2453 2699/2361/2453 3194/2357/2453
f 3194/2357/2454 2699/2361/2454 2964/2360/2454
f 5686/2362/2455 5262/2363/2455 5169/2364/2455
f 5683/2365/2456 5736/2366/2457 5686/2362/2458
f 5686/2362/2458 5736/2366/2457 5262/2363/2459
f 5171/2367/2460 5264/2368/2461 5683/2365/2456
f 5683/2365/2456 5264/2368/2461 5736/2366/2457
f 5197/2369/2462 5541/2370/2463 5130/2371/2464
f 5669/2372/2465 5541/2370/2463 5197/2369/2462
f 5199/2373/2466 5131/2374/2466 5669/2372/2466
f 5669/2372/2465 5131/2374/2467 5541/2370/2468
f 5132/2375/2469 5597/2376/2470 5096/2377/2471
f 5587/2378/2472 5594/2379/2473 5132/2375/2469
f 5132/2375/2469 5594/2379/2473 5597/2376/2470
f 5133/2380/2474 5097/2381/2474 5587/2378/2474
f 5587/2378/2472 5097/2381/2475 5594/2379/2473
f 5660/2382/2476 5235/2383/2476 5165/2384/2476
f 5641/2385/2477 5808/2386/2478 5660/2382/2479
f 5660/2382/2479 5808/2386/2478 5235/2383/2480
f 5167/2387/2481 5237/2388/2482 5641/2385/2477
f 5641/2385/2477 5237/2388/2482 5808/2386/2478
f 5734/2389/2483 5098/2390/2483 5162/2391/2483
f 5734/2389/2484 5773/2392/2485 5098/2390/2486
f 5732/2393/2487 5773/2392/2485 5734/2389/2484
f 5163/2394/2488 5100/2395/2489 5732/2393/2490
f 5732/2393/2490 5100/2395/2489 5773/2392/2491
f 5852/2396/2492 5256/2397/2492 5179/2398/2492
f 6223/2399/2493 5963/2400/2494 5852/2396/2495
f 5852/2396/2495 5963/2400/2494 5256/2397/2496
f 5848/2401/2497 5963/2400/2494 6223/2399/2493
f 5181/2402/2498 5258/2403/2499 5848/2401/2500
f 5848/2401/2500 5258/2403/2499 5963/2400/2501
f 5974/2404/2502 6059/2405/2502 5296/2406/2502
f 5296/2406/2503 6059/2405/2503 5400/2407/2503
f 6364/2408/2504 6371/2409/2505 5974/2404/2506
f 5974/2404/2506 6371/2409/2505 6059/2405/2507
f 5979/2410/2508 6061/2411/2509 6364/2408/2510
f 6364/2408/2510 6061/2411/2509 6371/2409/2511
f 5298/2412/2512 5401/2413/2512 5979/2410/2512
f 5979/2410/2513 5401/2413/2513 6061/2411/2513
f 5465/2414/2514 6100/2415/2515 5436/2416/2516
f 6100/2415/2517 6289/2417/2517 5436/2416/2517
f 5436/2416/2518 6289/2417/2518 5740/2418/2518
f 6473/2419/2519 6718/2420/2520 6100/2415/2521
f 6100/2415/2521 6718/2420/2520 6289/2417/2522
f 6088/2421/2523 6350/2422/2524 6473/2419/2525
f 6473/2419/2525 6350/2422/2524 6718/2420/2526
f 5437/2423/2527 5742/2424/2527 6088/2421/2527
f 6088/2421/2528 5742/2424/2528 6350/2422/2528
f 6328/2425/2529 6553/2426/2530 5934/2427/2531
f 5934/2427/2532 6553/2426/2532 6261/2428/2532
f 6328/2425/2533 6774/2429/2533 6553/2426/2533
f 6261/2428/2534 6553/2426/2534 6410/2430/2534
f 6774/2429/2535 7065/2431/2536 6553/2426/2537
f 6472/2432/2538 6804/2433/2538 6774/2429/2538
f 6774/2429/2539 6804/2433/2540 7065/2431/2541
f 5936/2434/2542 6411/2435/2542 6472/2432/2542
f 6472/2432/2543 6411/2435/2543 6804/2433/2543
f 4176/2436/2544 3929/2437/2545 3895/2438/2546
f 3896/2439/2547 3931/2440/2548 4176/2436/2544
f 4176/2436/2544 3931/2440/2548 3929/2437/2545
f 4010/2441/2549 4303/2442/2549 4156/2443/2549
f 4303/2442/2550 4213/2444/2551 4156/2443/2552
f 4012/2445/2553 4213/2444/2551 4303/2442/2550
f 4155/2446/2554 4340/2447/2555 4032/2448/2556
f 4340/2447/2557 4067/2449/2558 4032/2448/2559
f 4033/2450/2560 4069/2451/2561 4340/2447/2557
f 4340/2447/2557 4069/2451/2561 4067/2449/2558
f 4173/2452/2562 4457/2453/2563 4329/2454/2564
f 4457/2453/2565 4352/2455/2566 4329/2454/2567
f 4460/2456/2568 4352/2455/2566 4457/2453/2565
f 4460/2456/2569 4354/2457/2570 4352/2455/2571
f 4175/2458/2572 4354/2457/2570 4460/2456/2569
f 4318/2459/2573 4522/2460/2574 4169/2461/2575
f 4522/2460/2576 4617/2462/2577 4169/2461/2578
f 4169/2461/2579 4617/2462/2579 4232/2463/2579
f 4524/2464/2580 4608/2465/2580 4522/2460/2580
f 4522/2460/2581 4608/2465/2582 4617/2462/2583
f 4170/2466/2584 4233/2467/2584 4524/2464/2584
f 4524/2464/2585 4233/2467/2585 4608/2465/2585
f 4348/2468/2586 5108/2469/2587 4530/2470/2588
f 4763/2471/2589 5108/2469/2587 4348/2468/2586
f 4350/2472/2590 4531/2473/2590 4763/2471/2590
f 4763/2471/2591 4531/2473/2592 5108/2469/2587
f 4532/2474/2593 5282/2475/2594 4588/2476/2595
f 5109/2477/2596 5282/2475/2594 4532/2474/2593
f 5109/2477/2597 5281/2478/2597 5282/2475/2597
f 4533/2479/2598 4589/2480/2598 5109/2477/2598
f 5109/2477/2599 4589/2480/2599 5281/2478/2599
f 4515/2481/2600 4343/2482/2600 5051/2483/2600
f 5046/2484/2601 4465/2485/2601 4342/2486/2601
f 5046/2484/2602 5232/2487/2602 4465/2485/2602
f 5051/2483/2603 5232/2487/2603 5046/2484/2603
f 4343/2482/2604 4467/2488/2604 5051/2483/2604
f 5051/2483/2605 4467/2488/2605 5232/2487/2605
f 4772/2489/2606 5338/2490/2606 5440/2491/2606
f 5665/2492/2607 6254/2493/2607 4770/2494/2607
f 4770/2494/2608 6254/2493/2608 5802/2495/2608
f 6020/2496/2609 6255/2497/2610 5665/2492/2610
f 5665/2492/2611 6255/2497/2611 6254/2493/2611
f 5440/2491/2612 6116/2498/2612 6020/2496/2612
f 6020/2496/2613 6116/2498/2613 6255/2497/2613
f 5338/2490/2614 5803/2499/2614 5440/2491/2614
f 5440/2491/2615 5803/2499/2615 6116/2498/2615
f 4966/2500/2616 4971/2501/2617 6955/2502/2618
f 6955/2502/2618 4971/2501/2617 6877/2503/2619
f 2667/2504/2620 2745/2505/2621 4966/2500/2622
f 4966/2500/2622 2745/2505/2621 4971/2501/2623
f 4985/2506/2624 4983/2507/2625 2667/2504/2626
f 2667/2504/2626 4983/2507/2625 2745/2505/2627
f 6956/2508/2628 6879/2509/2629 4985/2506/2630
f 4985/2506/2630 6879/2509/2629 4983/2507/2631
f 4970/2510/2632 4975/2511/2633 6783/2512/2634
f 6783/2512/2634 4975/2511/2633 6638/2513/2635
f 2744/2514/2636 3002/2515/2637 4970/2510/2638
f 4970/2510/2638 3002/2515/2637 4975/2511/2639
f 4981/2516/2640 4979/2517/2641 2744/2514/2642
f 2744/2514/2642 4979/2517/2641 3002/2515/2643
f 6784/2518/2644 6640/2519/2645 4981/2516/2646
f 4981/2516/2646 6640/2519/2645 4979/2517/2647
f 4974/2520/2648 4988/2521/2649 6593/2522/2650
f 6593/2522/2650 4988/2521/2649 6412/2523/2651
f 3001/2524/2652 3333/2525/2653 4974/2520/2654
f 4974/2520/2654 3333/2525/2653 4988/2521/2655
f 4977/2526/2656 4964/2527/2657 3001/2524/2658
f 3001/2524/2658 4964/2527/2657 3333/2525/2659
f 6594/2528/2660 6414/2529/2661 4977/2526/2662
f 4977/2526/2662 6414/2529/2661 4964/2527/2663
f 4918/2530/2664 4904/2531/2665 6390/2532/2666
f 6390/2532/2666 4904/2531/2665 6403/2533/2667
f 3313/2534/2668 3274/2535/2669 4918/2530/2670
f 4918/2530/2670 3274/2535/2669 4904/2531/2671
f 4920/2536/2672 4901/2537/2673 3313/2534/2672
f 3313/2534/2672 4901/2537/2673 3274/2535/2674
f 6392/2538/2675 6405/2539/2676 4920/2536/2677
f 4920/2536/2677 6405/2539/2676 4901/2537/934
f 4887/2540/2678 4752/2541/2678 4929/2542/2678
f 4930/2543/2679 4753/2544/2679 4887/2540/2679
f 4887/2540/2680 4753/2544/2680 4752/2541/2680
f 4374/2545/2681 3996/2546/2681 4385/2547/2681
f 4385/2547/2682 3996/2546/2682 4019/2548/2682
f 4386/2549/2683 4020/2550/2683 4374/2545/2683
f 4374/2545/2684 4020/2550/2684 3996/2546/2684
f 3916/2551/2685 3777/2552/2685 3910/2553/2685
f 3777/2552/2686 3370/2554/2686 3910/2553/2686
f 3911/2555/2687 3370/2554/2687 3777/2552/2687
f 3054/2556/2688 2921/2557/2689 3151/2558/2690
f 3152/2559/2691 2921/2557/2689 3054/2556/2688
f 2874/2560/2692 2873/2561/2692 2958/2562/2692
f 3018/2563/2693 2873/2561/2693 2874/2560/2693
f 2716/2564/2694 2525/2565/2694 2557/2566/2694
f 2577/2567/2695 2394/2568/2696 2440/2569/2697
f 2627/2570/2698 2394/2568/2698 2577/2567/2698
f 2304/2571/2699 1950/2572/2699 1914/2573/2699
f 3366/2574/2700 2880/2575/2700 3446/2576/2700
f 3447/2577/2701 2880/2575/2701 3366/2574/2701
f 2150/2578/2702 1961/2579/2702 1999/2580/2702
f 2200/2581/2703 1961/2579/2703 2150/2578/2703
f 2034/2582/2704 1753/2583/2704 1789/2584/2704
f 2706/2585/2705 2523/2586/2705 2758/2587/2705
f 2112/2588/2706 1737/2589/2707 2137/2590/2708
f 2112/2588/2706 1765/2591/2709 1737/2589/2707
f 2199/2592/2710 1982/2593/2710 1951/2594/2710
f 4590/2595/2711 4452/2596/2711 4234/2597/2711
f 4452/2596/2712 4144/2598/2712 4234/2597/2712
f 4552/2599/2713 4235/2600/2713 4452/2596/2713
f 4452/2596/2714 4235/2600/2714 4144/2598/2714
f 4331/2601/2715 3508/2602/2715 3614/2603/2715
f 4331/2601/2716 3615/2604/2716 3508/2602/2716
f 3418/2605/2717 3060/2606/2717 3147/2607/2717
f 3060/2606/2718 2732/2608/2719 3147/2607/2720
f 3148/2609/2721 2732/2608/2719 3060/2606/2718
f 2245/2610/2722 2184/2611/2722 2256/2612/2722
f 2369/2613/2723 2184/2611/2723 2245/2610/2723
f 2122/2614/2724 2000/2615/2724 1956/2616/2724
f 2038/2617/2725 1771/2618/2725 1801/2619/2725
f 2092/2620/2726 1771/2618/2726 2038/2617/2726
f 1916/2621/2727 1593/2622/2727 1549/2623/2727
f 3118/2624/2728 2681/2625/2728 3029/2626/2728
f 2449/2627/2729 2166/2628/2729 2496/2629/2729
f 2014/2630/2730 1770/2631/2730 1964/2632/2730
f 1964/2632/2731 1770/2631/2731 1730/2633/2731
f 1856/2634/2732 1614/2635/2732 1573/2636/2732
f 2068/2637/2733 1869/2638/2733 1831/2639/2733
f 2109/2640/2734 1976/2641/2734 1929/2642/2734
f 4296/2643/2735 3860/2644/2735 3891/2645/2735
f 3860/2644/2736 3123/2646/2736 3891/2645/2736
f 3860/2644/2737 3235/2647/2737 3123/2646/2737
f 3892/2648/2738 3235/2647/2738 3860/2644/2738
f 2826/2649/2739 2656/2650/2740 2883/2651/2741
f 2912/2652/2742 2656/2650/2742 2826/2649/2742
f 2884/2653/2743 2656/2650/2743 2912/2652/2743
f 2547/2654/2744 2431/2655/2744 2494/2656/2744
f 2620/2657/2745 2431/2655/2745 2547/2654/2745
f 2588/2658/2746 2495/2659/2746 2620/2657/2746
f 2620/2657/2747 2495/2659/2747 2431/2655/2747
f 2343/2660/2748 2171/2661/2748 2425/2662/2748
f 2426/2663/2749 2171/2661/2749 2343/2660/2749
f 1706/2664/2750 1293/2665/2750 1731/2666/2750
f 1731/2666/2751 1293/2665/2751 1302/2667/2751
f 1979/2668/2752 1807/2669/2752 1786/2670/2752
f 2386/2671/2753 2279/2672/2753 2422/2673/2753
f 2486/2674/2754 2279/2672/2754 2386/2671/2754
f 2091/2675/2755 1812/2676/2755 1846/2677/2755
f 2133/2678/2756 2063/2679/2756 2016/2680/2756
f 2565/2681/2757 2513/2682/2757 2663/2683/2757
f 2663/2683/2758 2513/2682/2759 2566/2684/2758
f 2646/2685/2760 2513/2682/2760 2565/2681/2760
f 2065/2686/2761 1727/2687/2761 1761/2688/2761
f 2193/2689/2762 2103/2690/2762 2053/2691/2762
f 2583/2692/2763 2464/2693/2763 2485/2694/2763
f 2344/2695/2764 2221/2696/2764 2294/2697/2764
f 2420/2698/2765 2454/2699/2765 2364/2700/2765
f 2944/2701/2766 2718/2702/2766 2800/2703/2766
f 2723/2704/2767 2801/2705/2768 2561/2706/2769
f 2718/2702/2770 2561/2706/2770 2800/2703/2770
f 2723/2704/2771 2561/2706/2772 2718/2702/2773
f 2172/2707/2774 1875/2708/2774 1935/2709/2774
f 2170/2710/2775 1875/2708/2775 2172/2707/2775
f 2244/2711/2776 1875/2708/2776 2170/2710/2776
f 1742/2712/2777 1507/2713/2777 1796/2714/2777
f 1205/2715/2778 892/2716/2779 1247/2717/2780
f 1205/2715/2778 922/2718/2781 892/2716/2779
f 1336/2719/2782 1170/2720/2782 1137/2721/2782
f 1880/2722/2783 1716/2723/2783 1952/2724/2783
f 1847/2725/2784 1716/2723/2784 1880/2722/2784
f 1437/2726/2785 1169/2727/2785 1471/2728/2785
f 1471/2728/2786 1169/2727/2786 1201/2729/2786
f 1622/2730/2787 1584/2731/2787 1522/2732/2787
f 2419/2733/2788 2341/2734/2788 2552/2735/2788
f 2515/2736/2789 2341/2734/2789 2419/2733/2789
f 2515/2736/2790 2430/2737/2790 2341/2734/2790
f 2317/2738/2791 2211/2739/2792 2429/2740/2793
f 1889/2741/2794 1568/2742/2794 1937/2743/2794
f 1937/2743/2795 1568/2742/2795 1601/2744/2795
f 2046/2745/2796 1930/2746/2796 1865/2747/2796
f 2388/2748/2797 2428/2749/2797 2457/2750/2797
f 2541/2751/2798 2428/2749/2798 2388/2748/2798
f 2231/2752/2799 2090/2753/2799 2298/2754/2799
f 2298/2754/2800 2090/2753/2800 2134/2755/2800
f 2459/2756/2801 2602/2757/2801 2533/2758/2801
f 4900/2759/2802 4745/2760/2803 6384/2761/2804
f 6384/2761/2804 4745/2760/2803 6336/2762/2805
f 3298/2763/2806 3299/2764/2807 4900/2759/2808
f 4900/2759/2808 3299/2764/2807 4745/2760/2809
f 4898/2765/2810 4743/2766/2811 3298/2763/2812
f 3298/2763/2812 4743/2766/2811 3299/2764/2813
f 6385/2767/2814 6338/2768/2815 4898/2765/2816
f 4898/2765/2816 6338/2768/2815 4743/2766/2817
f 3815/2769/2818 2654/2770/2818 3347/2771/2818
f 3348/2772/2819 2654/2770/2819 3815/2769/2819
f 2434/2773/2820 2235/2774/2821 2227/2775/2822
f 2436/2776/2823 2228/2777/2823 2434/2773/2823
f 2434/2773/2820 2228/2777/2824 2235/2774/2825
f 2257/2778/2826 2337/2779/2826 2438/2780/2826
f 2258/2781/2827 2337/2779/2827 2257/2778/2827
f 2258/2781/2828 2439/2782/2828 2337/2779/2828
f 2556/2783/2829 2836/2784/2829 2489/2785/2829
f 3193/2786/2830 4456/2787/2830 4455/2788/2830
f 3052/2789/2831 4008/2790/2831 4007/2791/2831
f 2380/2792/2832 2548/2793/2832 2475/2794/2832
f 2476/2795/2833 2548/2793/2833 2380/2792/2833
f 2608/2796/2834 2844/2797/2834 2843/2798/2834
f 2607/2799/2835 2781/2800/2835 2835/2801/2835
f 2332/2802/2836 2197/2803/2836 2218/2804/2836
f 2455/2805/2837 2197/2803/2837 2332/2802/2837
f 2334/2806/2838 2219/2807/2838 2455/2805/2838
f 2455/2805/2839 2219/2807/2839 2197/2803/2839
f 2207/2808/2840 1941/2809/2840 1996/2810/2840
f 1460/2811/2841 1222/2812/2841 1458/2813/2841
f 1458/2813/2842 1222/2812/2842 1233/2814/2842
f 1637/2815/2843 1547/2816/2843 1546/2817/2843
f 1934/2818/2844 1931/2819/2844 2048/2820/2844
f 2040/2821/2845 1931/2819/2845 1934/2818/2845
f 1783/2822/2846 1659/2823/2846 1818/2824/2846
f 1818/2824/2847 1659/2823/2847 1692/2825/2847
f 1911/2826/2848 1977/2827/2848 1897/2828/2848
f 4321/2829/2849 4269/2830/2849 4403/2831/2849
f 4404/2832/2850 4269/2830/2850 4321/2829/2850
f 4288/2833/2851 4584/2834/2851 4133/2835/2851
f 4133/2835/2852 4584/2834/2852 4480/2836/2852
f 4288/2833/2853 4576/2837/2853 4584/2834/2853
f 4288/2833/2854 4387/2838/2854 4576/2837/2854
f 4134/2839/2855 4481/2840/2855 4288/2833/2855
f 4288/2833/2856 4481/2840/2856 4387/2838/2856
f 4475/2841/2857 4791/2842/2857 4474/2843/2857
f 5007/2844/2858 5384/2845/2858 5383/2846/2858
f 5134/2847/2859 5795/2848/2859 5794/2849/2859
f 4800/2850/2860 4669/2851/2860 5269/2852/2860
f 4669/2851/2861 5529/2853/2861 5269/2852/2861
f 5270/2854/2862 5529/2853/2862 4669/2851/2862
f 5522/2855/2863 5771/2856/2863 5521/2857/2863
f 5522/2855/2864 5772/2858/2864 5771/2856/2864
f 5825/2859/2865 6368/2860/2865 6409/2861/2865
f 4501/2862/2866 4577/2863/2867 4747/2864/2868
f 4357/2865/2869 4577/2863/2867 4501/2862/2866
f 4357/2865/2870 4748/2866/2870 4577/2863/2870
f 4749/2867/2871 5082/2868/2871 5244/2869/2871
f 4749/2867/2872 5245/2870/2872 5082/2868/2872
f 5435/2871/2873 5951/2872/2873 5536/2873/2873
f 5537/2874/2874 5951/2872/2874 5435/2871/2874
f 6034/2875/2875 6198/2876/2875 6267/2877/2875
f 6139/2878/2876 6198/2876/2877 6034/2875/2877
f 6123/2879/2878 6534/2880/2878 6533/2881/2878
f 5489/2882/2879 5996/2883/2880 5535/2884/2881
f 5849/2885/2882 5996/2883/2880 5489/2882/2879
f 6300/2886/2883 6760/2887/2884 6435/2888/2885
f 6300/2886/2883 6761/2889/2886 6760/2887/2884
f 6306/2890/2887 6927/2891/2887 6946/2892/2887
f 4682/2893/2888 4478/2894/2889 6303/2895/2890
f 6303/2895/2890 4478/2894/2889 6189/2896/2891
f 3271/2897/2892 3203/2898/2893 4682/2893/2894
f 4682/2893/2894 3203/2898/2893 4478/2894/2895
f 4681/2899/2896 4471/2900/2897 3271/2897/2898
f 3271/2897/2898 4471/2900/2897 3203/2898/2897
f 6304/2901/2899 6191/2902/2900 4681/2899/2901
f 4681/2899/2901 6191/2902/2900 4471/2900/2902
f 4030/2903/2903 4035/2904/2903 3740/2905/2903
f 4035/2904/2904 3888/2906/2904 3740/2905/2904
f 3741/2907/2905 3888/2906/2905 4035/2904/2905
f 4059/2908/2906 4379/2909/2906 4324/2910/2906
f 4324/2910/2907 4379/2909/2908 4057/2911/2908
f 4057/2911/2909 4379/2909/2909 4690/2912/2909
f 4059/2908/2910 4691/2913/2910 4379/2909/2910
f 4692/2914/2911 5355/2915/2911 5260/2916/2911
f 4692/2914/2912 5261/2917/2912 5355/2915/2912
f 5518/2918/2913 6051/2919/2913 6050/2920/2913
f 5573/2921/2914 6222/2922/2914 6221/2923/2914
f 4183/2924/2915 4498/2925/2915 4158/2926/2915
f 4158/2926/2916 4498/2925/2916 4623/2927/2916
f 3986/2928/2917 4498/2925/2917 4183/2924/2917
f 3986/2928/2918 4624/2929/2918 4498/2925/2918
f 4499/2930/2919 5186/2931/2919 5285/2932/2919
f 4499/2930/2920 5286/2933/2920 5186/2931/2920
f 5676/2934/2921 6407/2935/2922 5692/2936/2923
f 5676/2934/2921 6408/2937/2924 6407/2935/2922
f 5480/2938/2925 6078/2939/2925 6122/2940/2925
f 4720/2941/2926 4637/2942/2926 4337/2943/2926
f 4337/2943/2927 4241/2944/2927 4680/2945/2927
f 4337/2943/2928 4637/2942/2928 4241/2944/2928
f 4680/2945/2929 4888/2946/2929 4636/2947/2929
f 4636/2947/2930 4888/2946/2930 5318/2948/2930
f 4241/2944/2931 4888/2946/2931 4680/2945/2931
f 4637/2942/2932 4888/2946/2932 4241/2944/2932
f 5404/2949/2933 5967/2950/2933 6000/2951/2933
f 5361/2952/2934 5967/2950/2934 5404/2949/2934
f 5405/2953/2935 6001/2954/2935 5361/2952/2935
f 5361/2952/2936 6001/2954/2937 5967/2950/2938
f 6002/2955/2939 6237/2956/2939 6264/2957/2939
f 5968/2958/2940 6237/2956/2940 6002/2955/2940
f 5968/2958/2941 6265/2959/2941 6237/2956/2941
f 6292/2960/2942 6508/2961/2942 6559/2962/2942
f 6356/2963/2943 6508/2961/2943 6292/2960/2943
f 6396/2964/2944 6905/2965/2944 6904/2966/2944
f 5631/2967/2945 5698/2968/2945 6242/2969/2945
f 5632/2970/2946 6243/2971/2946 5388/2972/2946
f 5698/2968/2947 6444/2973/2947 6242/2969/2947
f 6242/2969/2948 6444/2973/2948 6512/2974/2948
f 5388/2972/2949 6444/2973/2950 5698/2968/2951
f 5388/2972/2949 6243/2971/2952 6444/2973/2953
f 6672/2975/2954 7176/2976/2954 7175/2977/2954
f 6692/2978/2955 7211/2979/2955 7244/2980/2955
f 4447/2981/2956 4534/2982/2957 6148/2983/2958
f 6148/2983/2958 4534/2982/2957 6174/2984/2959
f 3168/2985/2960 3290/2986/2961 4447/2981/2962
f 4447/2981/2962 3290/2986/2961 4534/2982/2963
f 4445/2987/2964 4536/2988/2965 3168/2985/2966
f 3168/2985/2966 4536/2988/2965 3290/2986/2967
f 6150/2989/2968 6175/2990/2968 4445/2987/2968
f 4445/2987/2969 6175/2990/2969 4536/2988/2969
f 4436/2991/2970 4778/2992/2970 4399/2993/2970
f 4778/2992/2971 4574/2994/2971 4399/2993/2971
f 4421/2995/2972 4574/2994/2972 4778/2992/2972
f 4400/2996/2973 4574/2994/2973 4421/2995/2973
f 4025/2997/2974 3641/2998/2974 3902/2999/2974
f 4663/3000/2975 4758/3001/2976 6245/3002/2977
f 6245/3002/2977 4758/3001/2976 6212/3003/2978
f 3360/3004/2979 3552/3005/2980 4663/3000/2981
f 4663/3000/2981 3552/3005/2980 4758/3001/2982
f 4667/3006/2983 4760/3007/2984 3360/3004/2985
f 3360/3004/2985 4760/3007/2984 3552/3005/2986
f 6247/3008/2987 6214/3009/2988 4667/3006/2989
f 4667/3006/2989 6214/3009/2988 4760/3007/2990
f 3658/3010/2991 2829/3011/2991 2814/3012/2991
f 4679/3013/2992 4678/3014/2992 5015/3015/2992
f 4556/3016/2993 4678/3014/2993 4679/3013/2993
f 6013/3017/2994 5311/3018/2994 5493/3019/2994
f 5813/3020/2995 5311/3018/2995 6013/3017/2995
f 6112/3021/2996 5494/3022/2996 5813/3020/2996
f 5813/3020/2997 5494/3022/2997 5311/3018/2997
f 5798/3023/2998 6227/3024/2998 5499/3025/2998
f 5798/3023/2999 6044/3026/2999 6227/3024/2999
f 5310/3027/3000 6044/3026/3000 5798/3023/3000
f 5310/3027/3001 6228/3028/3001 6044/3026/3001
f 6227/3024/3002 7613/3029/3002 7533/3030/3002
f 6044/3026/3003 7496/3031/3004 6227/3024/3005
f 6227/3024/3005 7496/3031/3004 7613/3029/3006
f 6228/3028/3007 7534/3032/3007 6044/3026/3007
f 6044/3026/3008 7534/3032/3008 7496/3031/3008
f 7853/3033/3009 8037/3034/3010 7872/3035/3011
f 7872/3035/3011 8037/3034/3010 8046/3036/3012
f 7865/3037/3013 8037/3034/3010 7853/3033/3009
f 7865/3037/3014 8047/3038/3014 8037/3034/3014
f 8038/3039/3015 8143/3040/3015 8048/3041/3015
f 8048/3041/3016 8143/3040/3016 8161/3042/3016
f 8044/3043/3017 8162/3044/3017 8038/3039/3017
f 8038/3039/3018 8162/3044/3018 8143/3040/3018
f 7736/3045/3019 7702/3046/3019 7663/3047/3019
f 7663/3047/3020 7702/3046/3020 7692/3048/3020
f 7665/3049/3021 7702/3046/3021 7736/3045/3021
f 7665/3049/3022 7693/3050/3022 7702/3046/3022
f 7703/3051/3023 7784/3052/3023 7694/3053/3023
f 7703/3051/3024 7695/3054/3024 7784/3052/3024
f 7694/3053/3025 8111/3055/3026 7802/3056/3027
f 7802/3056/3028 8111/3055/3028 8117/3057/3028
f 7784/3052/3029 8111/3055/3029 7694/3053/3029
f 7695/3054/3030 8118/3058/3030 7784/3052/3030
f 7784/3052/3031 8118/3058/3031 8111/3055/3031
f 4045/3059/3032 3394/3060/3032 3742/3061/3032
f 4045/3059/3033 3705/3062/3033 3394/3060/3033
f 3394/3060/3034 3012/3063/3034 3742/3061/3034
f 3742/3061/3035 3012/3063/3035 3211/3064/3035
f 3705/3062/3036 3012/3063/3036 3394/3060/3036
f 3743/3065/3037 3212/3066/3037 3705/3062/3037
f 3705/3062/3038 3212/3066/3038 3012/3063/3038
f 2920/3067/3039 2878/3068/3039 3115/3069/3039
f 3263/3070/3040 3116/3071/3040 2920/3067/3040
f 2920/3067/3041 3116/3071/3041 2878/3068/3041
f 3115/3069/3042 3324/3072/3042 3565/3073/3042
f 2878/3068/3043 3324/3072/3043 3115/3069/3043
f 3116/3071/3044 3566/3074/3044 2878/3068/3044
f 2878/3068/3045 3566/3074/3045 3324/3072/3045
f 3618/3075/3046 3730/3076/3046 3729/3077/3046
f 3730/3076/3047 4417/3078/3047 3729/3077/3047
f 4449/3079/3048 4442/3080/3049 4441/3081/3050
f 4815/3082/3051 5058/3083/3051 5154/3084/3051
f 3257/3085/3052 2913/3086/3052 3024/3087/3052
f 3408/3088/3053 3013/3089/3053 3257/3085/3053
f 3257/3085/3054 3013/3089/3054 2913/3086/3054
f 2913/3086/3055 3109/3090/3055 3024/3087/3055
f 3013/3089/3056 3109/3090/3056 2913/3086/3056
f 3995/3091/3057 4642/3092/3057 3712/3093/3057
f 2832/3094/3058 2534/3095/3058 2630/3096/3058
f 2833/3097/3059 2631/3098/3059 2683/3099/3059
f 2534/3095/3060 2270/3100/3060 2630/3096/3060
f 2630/3096/3061 2270/3100/3061 2345/3101/3061
f 2683/3099/3062 2270/3100/3062 2534/3095/3062
f 2631/3098/3063 2346/3102/3063 2683/3099/3063
f 2683/3099/3064 2346/3102/3064 2270/3100/3064
f 2041/3103/3065 2026/3104/3065 2107/3105/3065
f 2108/3106/3066 2026/3104/3066 2041/3103/3066
f 2032/3107/3067 2088/3108/3067 1817/3109/3067
f 2032/3107/3068 1817/3109/3068 2087/3110/3068
f 2894/3111/3069 1947/3112/3070 2990/3113/3071
f 2990/3113/3071 1947/3112/3070 2002/3114/3072
f 2992/3115/3073 1947/3112/3070 2894/3111/3069
f 2992/3115/3074 2003/3116/3074 1947/3112/3074
f 2009/3117/3075 1559/3118/3075 2085/3119/3075
f 2009/3117/3076 1605/3120/3076 1559/3118/3076
f 2086/3121/3077 1605/3120/3077 2009/3117/3077
f 2086/3121/3078 1749/3122/3078 1605/3120/3078
f 1559/3118/3079 1726/3123/3079 1907/3124/3079
f 1605/3120/3080 1726/3123/3080 1559/3118/3080
f 1605/3120/3081 1842/3125/3081 1726/3123/3081
f 1749/3122/3082 1908/3126/3082 1605/3120/3082
f 1605/3120/3083 1908/3126/3083 1842/3125/3083
f 2472/3127/3084 2342/3128/3084 2223/3129/3084
f 2223/3129/3085 2342/3128/3085 2251/3130/3085
f 2225/3131/3086 2342/3128/3086 2472/3127/3086
f 2225/3131/3087 2252/3132/3087 2342/3128/3087
f 2468/3133/3088 2665/3134/3088 2253/3135/3088
f 2468/3133/3089 2687/3136/3089 2665/3134/3089
f 2254/3137/3090 2687/3136/3090 2468/3133/3090
f 2254/3137/3091 2666/3138/3091 2687/3136/3091
f 2665/3134/3092 5857/3139/3092 5620/3140/3092
f 2687/3136/3093 5857/3139/3093 2665/3134/3093
f 2666/3138/3094 5621/3141/3094 2687/3136/3094
f 2687/3136/3095 5621/3141/3095 5857/3139/3095
f 6334/3142/3096 6591/3143/3097 6324/3144/3098
f 6896/3145/3099 7291/3146/3100 7302/3147/3101
f 7426/3148/3102 7442/3149/3102 7504/3150/3102
f 7505/3151/3103 7442/3149/3103 7426/3148/3103
f 7365/3152/3104 7246/3153/3104 7371/3154/3104
f 7392/3155/3105 7631/3156/3106 7435/3157/3107
f 7488/3158/3108 7631/3156/3106 7392/3155/3105
f 7682/3159/3109 7726/3160/3109 7696/3161/3109
f 7755/3162/3110 7776/3163/3110 7766/3164/3110
f 1108/3165/3111 570/3166/3112 1166/3167/3113
f 1166/3167/3114 570/3166/3114 619/3168/3114
f 1168/3169/3115 570/3166/3112 1108/3165/3111
f 1168/3169/3116 620/3170/3116 570/3166/3116
f 646/3171/3117 421/3172/3117 696/3173/3117
f 696/3173/3118 421/3172/3118 518/3174/3119
f 697/3175/3120 509/3176/3120 646/3171/3120
f 646/3171/3121 509/3176/3121 421/3172/3121
f 2006/3177/3122 1805/3178/3122 1824/3179/3122
f 3693/3180/3123 3182/3181/3123 3503/3182/3123
f 3693/3180/3124 3035/3183/3124 3182/3181/3124
f 3584/3184/3125 3035/3183/3125 3693/3180/3125
f 3584/3184/3126 3504/3185/3126 3035/3183/3126
f 3503/3182/3127 3182/3181/3127 3149/3186/3127
f 3504/3185/3128 3150/3187/3128 3035/3183/3128
f 3182/3181/3129 2072/3188/3129 3149/3186/3129
f 3149/3186/3130 2072/3188/3130 2118/3189/3130
f 3035/3183/3131 2072/3188/3132 3182/3181/3133
f 3150/3187/3134 2119/3190/3134 3035/3183/3134
f 3035/3183/3135 2119/3190/3136 2072/3188/3137
f 1757/3191/3138 1402/3192/3138 1416/3193/3138
f 1910/3194/3139 1670/3195/3139 1757/3191/3139
f 1670/3195/3140 1417/3196/3140 1757/3191/3140
f 1757/3191/3141 1417/3196/3141 1402/3192/3141
f 1402/3192/3142 1074/3197/3142 1416/3193/3142
f 1416/3193/3143 1074/3197/3143 1086/3198/3143
f 1417/3196/3144 1087/3199/3144 1402/3192/3144
f 1402/3192/3145 1087/3199/3145 1074/3197/3145
f 879/3200/3146 725/3201/3146 732/3202/3146
f 732/3202/3147 490/3203/3148 724/3204/3149
f 725/3201/3150 490/3203/3148 732/3202/3147
f 70/3205/3151 17/3206/3151 124/3207/3151
f 238/3208/3152 160/3209/3152 233/3210/3152
f 862/3211/3153 526/3212/3153 708/3213/3153
f 862/3211/3154 709/3214/3154 526/3212/3154
f 410/3215/3155 426/3216/3156 416/3217/3157
f 417/3218/3158 426/3216/3156 410/3215/3155
f 339/3219/3159 196/3220/3160 256/3221/3161
f 339/3219/3159 263/3222/3162 196/3220/3160
f 1990/3223/3163 1775/3224/3164 1763/3225/3165
f 1845/3226/3166 1775/3224/3164 1990/3223/3163
f 1845/3226/3167 1719/3227/3168 1775/3224/3169
f 1992/3228/3170 1944/3229/3170 1845/3226/3170
f 1845/3226/3171 1944/3229/3172 1719/3227/3173
f 1775/3224/3174 1211/3230/3174 1763/3225/3174
f 1763/3225/3175 1211/3230/3175 1228/3231/3175
f 1719/3227/3176 1211/3230/3176 1775/3224/3176
f 1719/3227/3177 1229/3232/3177 1211/3230/3177
f 983/3233/3178 784/3234/3179 871/3235/3180
f 871/3235/3181 784/3234/3181 783/3236/3181
f 784/3234/3182 521/3237/3182 783/3236/3182
f 512/3238/3183 574/3239/3183 549/3240/3183
f 574/3239/3184 637/3241/3184 549/3240/3184
f 642/3242/3185 661/3243/3185 633/3244/3185
f 431/3245/3186 358/3246/3186 279/3247/3186
f 1070/3248/3187 977/3249/3187 956/3250/3187
f 1071/3251/3188 957/3252/3188 977/3249/3188
f 977/3249/3189 957/3252/3190 704/3253/3190
f 977/3249/3191 704/3253/3192 956/3250/3192
f 533/3254/3193 413/3255/3193 605/3256/3193
f 5969/3257/3194 6452/3258/3195 6491/3259/3196
f 6067/3260/3197 6452/3258/3198 5969/3257/3199
f 6452/3258/3200 6650/3261/3200 6491/3259/3200
f 6452/3258/3201 6763/3262/3201 6650/3261/3201
f 6650/3261/3202 7124/3263/3202 7215/3264/3202
f 6763/3262/3203 7124/3263/3203 6650/3261/3203
f 6763/3262/3204 7216/3265/3204 7124/3263/3204
f 7178/3266/3205 7247/3267/3206 7273/3268/3207
f 7180/3269/3208 7351/3270/3209 7247/3267/3210
f 7180/3269/3211 7274/3271/3211 7351/3270/3211
f 7247/3267/3210 7351/3270/3209 7273/3268/3212
f 7351/3270/3213 7307/3272/3214 7273/3268/3215
f 7273/3268/3216 7307/3272/3216 7268/3273/3216
f 7274/3271/3217 7269/3274/3217 7351/3270/3217
f 7351/3270/3218 7269/3274/3219 7307/3272/3220
f 7091/3275/3221 6942/3276/3221 7090/3277/3221
f 6749/3278/3222 6848/3279/3222 6780/3280/3222
f 6749/3278/3223 6781/3281/3223 6848/3279/3223
f 5980/3282/3224 5220/3283/3225 5985/3284/3226
f 5995/3285/3227 5220/3283/3225 5980/3282/3224
f 6622/3286/3228 6680/3287/3228 6492/3288/3228
f 6622/3286/3229 6493/3289/3229 6680/3287/3229
f 7319/3290/3230 7362/3291/3231 7361/3292/3232
f 7362/3291/3233 7352/3293/3233 7361/3292/3233
f 7304/3294/3234 7276/3295/3234 7308/3296/3234
f 7304/3294/3235 7284/3297/3236 7276/3295/3237
f 7308/3296/3238 7276/3295/3238 7259/3298/3238
f 7304/3294/3235 7260/3299/3239 7284/3297/3236
f 7276/3295/3240 7111/3300/3240 7259/3298/3240
f 7284/3297/3241 7111/3300/3241 7276/3295/3241
f 7260/3299/3242 7111/3300/3242 7284/3297/3242
f 7367/3301/3243 7376/3302/3243 7378/3303/3243
f 7346/3304/3244 7339/3305/3244 7431/3306/3244
f 7294/3307/3245 7339/3305/3245 7346/3304/3245
f 7294/3307/3246 7432/3308/3246 7339/3305/3246
f 7339/3305/3247 7687/3309/3247 7431/3306/3247
f 7431/3306/3248 7687/3309/3248 7705/3310/3248
f 7432/3308/3249 7706/3311/3249 7339/3305/3249
f 7339/3305/3250 7706/3311/3250 7687/3309/3250
f 7768/3312/3251 7851/3313/3252 7837/3314/3253
f 7768/3312/3251 7838/3315/3254 7851/3313/3252
f 7851/3313/3255 7860/3316/3256 7837/3314/3257
f 7838/3315/3258 7860/3316/3256 7851/3313/3255
f 4788/3317/3259 4803/3318/3260 6119/3319/3261
f 4788/3317/3262 3570/3320/3263 4803/3318/3264
f 6168/3321/3265 6017/3322/3266 4790/3323/3267
f 6119/3319/3261 4803/3318/3260 6015/3324/3268
f 3570/3320/3263 3767/3325/3269 4803/3318/3264
f 4790/3323/3270 4812/3326/3271 3570/3320/3272
f 3570/3320/3272 4812/3326/3271 3767/3325/3271
f 4790/3323/3267 6017/3322/3266 4812/3326/3273
f 5925/3327/3274 6651/3328/3274 6488/3329/3274
f 5925/3327/3275 6695/3330/3275 6651/3328/3275
f 6488/3329/3276 6578/3331/3276 6843/3332/3276
f 6488/3329/3277 6651/3328/3277 6578/3331/3277
f 6695/3330/3278 6844/3333/3278 6651/3328/3278
f 6578/3331/3279 5997/3334/3279 6843/3332/3279
f 6578/3331/3280 5767/3335/3280 5997/3334/3280
f 6651/3328/3281 5767/3335/3281 6578/3331/3281
f 6844/3333/3282 6248/3336/3282 6651/3328/3282
f 6651/3328/3283 6248/3336/3283 5767/3335/3283
f 4671/3337/3284 3459/3338/3285 3675/3339/3286
f 4396/3340/3287 3459/3338/3285 4671/3337/3284
f 4396/3340/3288 3635/3341/3289 3459/3338/3290
f 5074/3342/3291 4378/3343/3291 4396/3340/3291
f 4396/3340/3292 4378/3343/3293 3635/3341/3289
f 3459/3338/3294 2405/3344/3294 3675/3339/3294
f 3459/3338/3295 2370/3345/3295 2405/3344/3295
f 3635/3341/3296 2370/3345/3296 3459/3338/3296
f 1806/3346/3297 1361/3347/3298 1365/3348/3299
f 1802/3349/3300 1361/3347/3298 1806/3346/3297
f 1802/3349/3301 1529/3350/3302 1361/3347/3298
f 1361/3347/3303 1037/3351/3303 1365/3348/3303
f 1365/3348/3304 1037/3351/3304 1042/3352/3304
f 841/3353/3305 699/3354/3305 816/3355/3305
f 2160/3356/3306 1970/3357/3307 2057/3358/3308
f 2160/3356/3306 2210/3359/3309 1970/3357/3307
f 1970/3357/3307 1620/3360/3310 2057/3358/3308
f 6280/3361/3311 6556/3362/3311 6455/3363/3311
f 6271/3364/3312 6556/3362/3312 6280/3361/3312
f 6271/3364/3313 6715/3365/3313 6556/3362/3313
f 6457/3366/3314 6748/3367/3314 6271/3364/3314
f 6271/3364/3315 6748/3367/3315 6715/3365/3315
f 6455/3363/3316 6556/3362/3316 6914/3368/3316
f 6556/3362/3317 6801/3369/3318 6914/3368/3319
f 6715/3365/3320 6801/3369/3318 6556/3362/3317
f 6463/3370/3321 6401/3371/3321 6777/3372/3321
f 6777/3372/3322 6401/3371/3322 6615/3373/3322
f 6722/3374/3323 6541/3375/3323 6463/3370/3323
f 6463/3370/3324 6541/3375/3324 6401/3371/3324
f 6401/3371/3325 6449/3376/3325 6555/3377/3325
f 6541/3375/3326 6449/3376/3326 6401/3371/3326
f 6450/3378/3327 6299/3379/3327 6443/3380/3327
f 5945/3381/3328 5543/3382/3329 5944/3383/3329
f 6633/3384/3330 6643/3385/3330 6566/3386/3330
f 6535/3387/3331 6487/3388/3331 6609/3389/3331
f 7046/3390/3332 6913/3391/3333 7210/3392/3334
f 6913/3391/3335 7355/3393/3336 7210/3392/3337
f 6985/3394/3338 7355/3393/3336 6913/3391/3335
f 6985/3394/3339 7393/3395/3339 7355/3393/3339
f 7675/3396/3340 7721/3397/3340 7633/3398/3340
f 7654/3399/3341 7718/3400/3341 7701/3401/3341
f 6269/3402/3342 6402/3403/3343 6537/3404/3344
f 6205/3405/3345 6402/3403/3343 6269/3402/3342
f 6205/3405/3346 6445/3406/3346 6402/3403/3346
f 6445/3406/3347 6766/3407/3347 6402/3403/3347
f 6402/3403/3348 7199/3408/3349 6537/3404/3350
f 6537/3404/3351 7199/3408/3351 7285/3409/3351
f 6766/3407/3352 7199/3408/3349 6402/3403/3348
f 6766/3407/3353 7286/3410/3353 7199/3408/3353
f 7149/3411/3354 7229/3412/3354 7288/3413/3354
f 7288/3413/3355 7229/3412/3355 7326/3414/3355
f 7149/3411/3356 7327/3415/3356 7229/3412/3356
f 7329/3416/3357 7242/3417/3357 7230/3418/3357
f 7242/3417/3358 7203/3419/3358 7167/3420/3358
f 7242/3417/3359 7168/3421/3359 7203/3419/3359
f 7147/3422/3360 7064/3423/3360 7114/3424/3360
f 6707/3425/3361 6548/3426/3361 6706/3427/3361
f 7438/3428/3362 7545/3429/3362 7502/3430/3362
f 7502/3430/3363 7545/3429/3363 7593/3431/3363
f 7438/3428/3364 7594/3432/3364 7545/3429/3364
f 7546/3433/3365 7604/3434/3366 7595/3435/3367
f 7569/3436/3368 7604/3434/3366 7546/3433/3365
f 7604/3434/3369 7733/3437/3369 7770/3438/3369
f 7774/3439/3370 7773/3440/3370 7812/3441/3370
f 7775/3442/3371 7813/3443/3371 7773/3440/3371
f 7773/3440/3372 7904/3444/3372 7812/3441/3372
f 7813/3443/3373 7904/3444/3373 7773/3440/3373
f 7747/3445/3374 7729/3446/3375 7765/3447/3376
f 7747/3445/3377 7744/3448/3378 7729/3446/3375
f 7729/3446/3379 7876/3449/3379 7765/3447/3379
f 7931/3450/3380 8077/3451/3380 7930/3452/3380
f 6169/3453/3381 6505/3454/3381 6667/3455/3381
f 6169/3453/3382 6574/3456/3382 6505/3454/3382
f 6169/3453/3383 6668/3457/3383 6574/3456/3383
f 6668/3457/3384 7182/3458/3384 6574/3456/3384
f 6505/3454/3385 7839/3459/3385 6667/3455/3385
f 6505/3454/3386 7829/3460/3387 7839/3459/3388
f 6574/3456/3389 7829/3460/3387 6505/3454/3386
f 7182/3458/3390 7846/3461/3391 6574/3456/3392
f 6574/3456/3392 7846/3461/3391 7829/3460/3393
f 8022/3462/3394 8013/3463/3395 8084/3464/3396
f 8013/3463/3397 8245/3465/3398 8084/3464/3399
f 8043/3466/3400 8245/3465/3400 8013/3463/3400
f 8054/3467/3401 8246/3468/3401 8043/3466/3401
f 8043/3466/3402 8246/3468/3402 8245/3465/3402
f 8024/3469/3403 8246/3468/3403 8054/3467/3403
f 8180/3470/3404 8160/3471/3404 8159/3472/3404
f 7978/3473/3405 8182/3474/3406 7996/3475/3407
f 7977/3476/3408 8176/3477/3409 7978/3473/3405
f 7978/3473/3405 8176/3477/3409 8182/3474/3406
f 7997/3478/3410 8176/3477/3410 7977/3476/3410
f 5115/3479/3411 5418/3480/3411 5670/3481/3411
f 5115/3479/3412 5810/3482/3412 5418/3480/3412
f 5670/3481/3413 6621/3483/3414 6775/3484/3415
f 5418/3480/3416 6621/3483/3417 5670/3481/3418
f 5810/3482/3419 6776/3485/3419 5418/3480/3419
f 5418/3480/3416 6776/3485/3420 6621/3483/3417
f 6903/3486/3421 7069/3487/3421 7105/3488/3421
f 6903/3486/3422 7106/3489/3422 7069/3487/3422
f 7107/3490/3423 7070/3491/3423 7299/3492/3423
f 7070/3491/3424 7538/3493/3425 7299/3492/3426
f 7299/3492/3427 7538/3493/3427 7558/3494/3427
f 7108/3495/3428 7559/3496/3428 7070/3491/3428
f 7070/3491/3424 7559/3496/3429 7538/3493/3425
f 7627/3497/3430 7845/3498/3431 7677/3499/3432
f 7678/3500/3433 7845/3498/3431 7627/3497/3430
f 7915/3501/3434 7971/3502/3435 7897/3503/3436
f 7671/3504/3437 7660/3505/3438 7611/3506/3439
f 7959/3507/3440 8067/3508/3440 7912/3509/3440
f 6753/3510/3441 6805/3511/3441 6969/3512/3441
f 6753/3510/3442 6970/3513/3442 6805/3511/3442
f 6806/3514/3443 6975/3515/3443 6976/3516/3443
f 6976/3516/3444 6975/3515/3444 7059/3517/3444
f 6977/3518/3445 7060/3519/3445 6806/3514/3445
f 6806/3514/3446 7060/3519/3446 6975/3515/3446
f 7000/3520/3447 7036/3521/3447 6999/3522/3447
f 7018/3523/3448 7050/3524/3449 7089/3525/3450
f 7018/3523/3448 7115/3526/3451 7050/3524/3449
f 7231/3527/3452 7233/3528/3452 7152/3529/3452
f 3765/3530/3453 3525/3531/3453 3361/3532/3453
f 4084/3533/3454 3525/3531/3454 3765/3530/3454
f 3361/3532/3455 2648/3534/3456 2764/3535/3457
f 3525/3531/3458 2648/3534/3459 3361/3532/3460
f 3525/3531/3461 2765/3536/3461 2648/3534/3461
f 2554/3537/3462 2527/3538/3462 2621/3539/3462
f 2554/3537/3463 2622/3540/3463 2527/3538/3463
f 2413/3541/3464 2023/3542/3464 2509/3543/3464
f 2509/3543/3465 2023/3542/3465 2054/3544/3465
f 2507/3545/3466 2023/3542/3466 2413/3541/3466
f 2510/3546/3467 2055/3547/3467 2507/3545/3467
f 2507/3545/3468 2055/3547/3468 2023/3542/3468
f 1839/3548/3469 1691/3549/3469 1813/3550/3469
f 1159/3551/3470 1030/3552/3470 1158/3553/3470
f 1050/3554/3471 812/3555/3471 1048/3556/3471
f 1838/3557/3472 1722/3558/3472 1451/3559/3472
f 2512/3560/3473 2379/3561/3474 2480/3562/3475
f 2512/3560/3473 2481/3563/3476 2379/3561/3474
f 2154/3564/3477 1673/3565/3477 1720/3566/3477
f 2154/3564/3478 1721/3567/3478 1673/3565/3478
f 1372/3568/3479 1195/3569/3479 1418/3570/3479
f 1419/3571/3480 1195/3569/3480 1372/3568/3480
f 1194/3572/3481 861/3573/3481 1234/3574/3481
f 1219/3575/3482 861/3573/3482 1194/3572/3482
f 568/3576/3483 321/3577/3483 567/3578/3483
f 4818/3579/3484 4842/3580/3485 5922/3581/3484
f 5922/3581/3484 4842/3580/3485 5829/3582/3486
f 3771/3583/3487 4043/3584/3488 4818/3579/3489
f 4818/3579/3489 4043/3584/3488 4842/3580/3490
f 4820/3585/3491 4043/3584/3488 3771/3583/3487
f 5923/3586/3492 5831/3587/3493 4820/3585/3494
f 4820/3585/3494 5831/3587/3493 4043/3584/3495
f 3280/3588/3496 2189/3589/3496 2831/3590/3496
f 3355/3591/3497 2778/3592/3497 3280/3588/3497
f 3280/3588/3498 2778/3592/3498 2189/3589/3498
f 2189/3589/3499 2206/3593/3499 2831/3590/3499
f 2778/3592/3500 2297/3594/3500 2189/3589/3500
f 2206/3593/3501 1202/3595/3501 1288/3596/3501
f 2189/3589/3502 1202/3595/3503 2206/3593/3504
f 2297/3594/3505 1289/3597/3505 2189/3589/3505
f 2189/3589/3506 1289/3597/3507 1202/3595/3508
f 929/3598/3509 662/3599/3510 994/3600/3511
f 996/3601/3512 662/3599/3510 929/3598/3509
f 996/3601/3513 613/3602/3513 662/3599/3513
f 662/3599/3514 536/3603/3514 612/3604/3514
f 662/3599/3515 613/3602/3515 536/3603/3515
f 545/3605/3516 736/3606/3516 659/3607/3516
f 659/3607/3517 736/3606/3517 829/3608/3517
f 615/3609/3518 736/3606/3518 545/3605/3518
f 615/3609/3519 830/3610/3519 736/3606/3519
f 2246/3611/3520 2188/3612/3520 2262/3613/3521
f 587/3614/3522 644/3615/3523 888/3616/3524
f 823/3617/3525 651/3618/3525 587/3614/3525
f 644/3615/3526 364/3619/3526 399/3620/3526
f 587/3614/3527 364/3619/3527 644/3615/3527
f 651/3618/3528 400/3621/3528 587/3614/3528
f 587/3614/3529 400/3621/3529 364/3619/3529
f 382/3622/3530 120/3623/3531 129/3624/3532
f 412/3625/3533 120/3623/3531 382/3622/3530
f 4351/3626/3534 4072/3627/3535 4298/3628/3536
f 4611/3629/3537 4299/3630/3537 4351/3626/3537
f 4351/3626/3534 4299/3630/3538 4072/3627/3539
f 4071/3631/3540 3027/3632/3540 3157/3633/3540
f 4071/3631/3541 3158/3634/3541 3027/3632/3541
f 2817/3635/3542 2684/3636/3542 2703/3637/3542
f 2684/3636/3543 2128/3638/3544 2703/3637/3545
f 2703/3637/3546 2128/3638/3546 2148/3639/3546
f 2704/3640/3547 2128/3638/3548 2684/3636/3543
f 2763/3641/3549 2605/3642/3549 2875/3643/3549
f 2876/3644/3550 2605/3642/3550 2763/3641/3550
f 2606/3645/3551 2269/3646/3551 2212/3647/3551
f 2005/3648/3552 1658/3649/3553 2011/3650/3554
f 3739/3651/3555 2762/3652/3555 2812/3653/3555
f 3739/3651/3556 2760/3654/3556 2762/3652/3556
f 2762/3652/3557 1440/3655/3558 2812/3653/3559
f 2812/3653/3560 1440/3655/3560 1485/3656/3560
f 2760/3654/3561 1440/3655/3558 2762/3652/3557
f 2813/3657/3562 1486/3658/3562 2760/3654/3562
f 2760/3654/3563 1486/3658/3563 1440/3655/3563
f 924/3659/3564 686/3660/3564 689/3661/3564
f 859/3662/3565 686/3660/3565 924/3659/3565
f 686/3660/3566 472/3663/3567 689/3661/3568
f 689/3661/3569 472/3663/3569 474/3664/3569
f 686/3660/3570 475/3665/3571 472/3663/3567
f 494/3666/3572 157/3667/3572 164/3668/3572
f 1292/3669/3573 1119/3670/3573 1038/3671/3573
f 1109/3672/3574 763/3673/3574 806/3674/3574
f 1038/3671/3575 763/3673/3575 1109/3672/3575
f 1119/3670/3576 807/3675/3576 1038/3671/3576
f 1038/3671/3577 807/3675/3577 763/3673/3577
f 788/3676/3578 355/3677/3578 377/3678/3578
f 788/3676/3579 378/3679/3579 355/3677/3579
f 5252/3680/3580 6026/3681/3581 6144/3682/3582
f 5623/3683/3583 6026/3681/3581 5252/3680/3580
f 5623/3683/3584 6145/3684/3584 6026/3681/3584
f 6025/3685/3585 6562/3686/3585 6661/3687/3585
f 6025/3685/3586 6662/3688/3586 6562/3686/3586
f 6871/3689/3587 6810/3690/3588 6974/3691/3589
f 6810/3690/3590 7396/3692/3591 6974/3691/3589
f 6974/3691/3592 7396/3692/3592 7395/3693/3592
f 6872/3694/3593 7396/3692/3593 6810/3690/3593
f 7482/3695/3594 7644/3696/3595 7561/3697/3596
f 7562/3698/3597 7644/3696/3595 7482/3695/3594
f 7470/3699/3598 7612/3700/3598 7515/3701/3598
f 6679/3702/3599 6836/3703/3599 6835/3704/3599
f 6836/3703/3600 7132/3705/3600 6835/3704/3600
f 6835/3704/3601 7132/3705/3601 7131/3706/3601
f 5448/3707/3602 5657/3708/3602 5926/3709/3602
f 5448/3707/3603 5927/3710/3603 5657/3708/3603
f 5833/3711/3604 6520/3712/3605 6657/3713/3606
f 5656/3714/3607 6520/3712/3605 5833/3711/3604
f 5656/3714/3608 6658/3715/3608 6520/3712/3608
f 6677/3716/3609 6798/3717/3609 6888/3718/3609
f 6677/3716/3610 6889/3719/3610 6798/3717/3610
f 6888/3718/3611 6669/3720/3611 6727/3721/3611
f 6798/3717/3612 6669/3720/3612 6888/3718/3612
f 6889/3719/3613 6669/3720/3613 6798/3717/3613
f 6684/3722/3614 6626/3723/3615 6778/3724/3616
f 6684/3722/3614 6779/3725/3617 6626/3723/3615
f 6779/3725/3618 6832/3726/3618 6626/3723/3618
f 6626/3723/3619 7157/3727/3620 6778/3724/3621
f 6778/3724/3622 7157/3727/3622 7209/3728/3622
f 6832/3726/3623 7157/3727/3624 6626/3723/3625
f 7289/3729/3626 7474/3730/3627 7236/3731/3628
f 4849/3732/3629 4864/3733/3630 5694/3734/3631
f 5694/3734/3631 4864/3733/3630 5396/3735/3632
f 4051/3736/3633 4277/3737/3634 4849/3732/3635
f 4849/3732/3635 4277/3737/3634 4864/3733/3636
f 4851/3738/3637 4865/3739/3638 4051/3736/3639
f 4051/3736/3639 4865/3739/3638 4277/3737/3640
f 5695/3740/3641 5397/3741/3641 4851/3738/3641
f 4851/3738/3642 5397/3741/3642 4865/3739/3642
f 6115/3742/3643 6053/3743/3643 6252/3744/3643
f 5992/3745/3644 6053/3743/3644 6115/3742/3644
f 5992/3745/3645 6253/3746/3645 6053/3743/3645
f 6052/3747/3646 6470/3748/3646 6234/3749/3646
f 6470/3748/3647 7490/3750/3648 7540/3751/3649
f 6470/3748/3647 7541/3752/3650 7490/3750/3648
f 7952/3753/3651 8087/3754/3651 8086/3755/3651
f 8064/3756/3652 7958/3757/3653 8029/3758/3654
f 8030/3759/3655 7958/3757/3653 8064/3756/3652
f 7893/3760/3656 7823/3761/3656 7822/3762/3656
f 8188/3763/3657 8196/3764/3658 8195/3765/3659
f 8189/3766/3660 8196/3764/3658 8188/3763/3657
f 7650/3767/3661 7983/3768/3661 7991/3769/3661
f 8126/3770/3662 8120/3771/3662 8119/3772/3662
f 4520/3773/3663 3979/3774/3663 4437/3775/3663
f 4437/3775/3664 3979/3774/3664 4255/3776/3664
f 3979/3774/3665 3901/3777/3665 4255/3776/3665
f 4893/3778/3666 5851/3779/3666 4179/3780/3666
f 4893/3778/3667 5918/3781/3667 5851/3779/3667
f 3731/3782/3668 3234/3783/3668 3593/3784/3668
f 3593/3784/3669 3234/3783/3669 3164/3785/3669
f 4143/3786/3670 3339/3787/3670 3489/3788/3670
f 4143/3786/3671 3490/3789/3671 3339/3787/3671
f 3069/3790/3672 3709/3791/3672 4023/3792/3672
f 3069/3790/3673 4024/3793/3673 3709/3791/3673
f 6862/3794/3674 6853/3795/3674 6906/3796/3674
f 6649/3797/3675 6527/3798/3676 6648/3799/3677
f 6649/3797/3675 6528/3800/3678 6527/3798/3676
f 7007/3801/3679 7311/3802/3680 7032/3803/3680
f 7394/3804/3681 7463/3805/3681 7581/3806/3681
f 2789/3807/3682 3165/3808/3682 3285/3809/3682
f 3588/3810/3683 4921/3811/3683 3991/3812/3683
f 5474/3813/3684 6361/3814/3684 6360/3815/3684
f 3072/3816/3685 2941/3817/3685 2956/3818/3685
f 2929/3819/3686 3045/3820/3686 2952/3821/3686
f 3192/3822/3687 3800/3823/3687 3243/3824/3687
f 2727/3825/3688 2321/3826/3688 2659/3827/3688
f 2659/3827/3689 2321/3826/3689 2287/3828/3689
f 4751/3829/3690 5056/3830/3690 5150/3831/3690
f 4751/3829/3691 5471/3832/3691 5056/3830/3691
f 3009/3833/3692 2497/3834/3692 2506/3835/3692
f 3568/3836/3693 3120/3837/3693 3188/3838/3693
f 3697/3839/3694 3120/3837/3695 3568/3836/3696
f 4867/3840/3697 4413/3841/3698 5478/3842/3699
f 5478/3842/3699 4413/3841/3698 5253/3843/3700
f 4279/3844/3701 4413/3841/3698 4867/3840/3697
f 4868/3845/3702 4413/3841/3698 4279/3844/3701
f 5479/3846/3703 5254/3847/3704 4868/3845/3705
f 4868/3845/3706 5254/3847/3706 4413/3841/3706
f 2594/3848/3707 1857/3849/3707 2619/3850/3707
f 1339/3851/3708 857/3852/3709 851/3853/3710
f 1340/3854/3711 852/3855/3711 1339/3851/3711
f 1339/3851/3712 852/3855/3713 857/3852/3709
f 1795/3856/3714 1216/3857/3715 1225/3858/3716
f 1795/3856/3714 1226/3859/3717 1216/3857/3715
f 5943/3860/3718 6552/3861/3719 6611/3862/3720
f 5943/3860/3718 6612/3863/3721 6552/3861/3719
f 4207/3864/3722 6178/3865/3722 6072/3866/3722
f 6416/3867/3723 6837/3868/3723 6589/3869/3723
f 6910/3870/3724 7015/3871/3725 6909/3872/3725
f 6909/3872/3726 7015/3871/3726 7003/3873/3726
f 6910/3870/3727 7004/3874/3727 7015/3871/3727
f 6209/3875/3728 6394/3876/3728 6318/3877/3728
f 6399/3878/3729 6394/3876/3729 6209/3875/3729
f 6439/3879/3730 6607/3880/3731 6723/3881/3732
f 6582/3882/3733 6724/3883/3734 6439/3879/3734
f 6439/3879/3730 6724/3883/3735 6607/3880/3736
f 5266/3884/3737 5999/3885/3737 5779/3886/3737
f 5779/3886/3738 5999/3885/3738 6162/3887/3738
f 5266/3884/3739 6163/3888/3739 5999/3885/3739
f 4042/3889/3740 3471/3890/3740 3599/3891/3740
f 4254/3892/3741 3600/3893/3742 4042/3889/3743
f 4042/3889/3744 3600/3893/3744 3471/3890/3744
f 4416/3894/3745 4507/3895/3746 5341/3896/3747
f 4875/3897/3748 4870/3898/3749 4416/3894/3745
f 4416/3894/3745 4870/3898/3749 4507/3895/3746
f 4164/3899/3750 3532/3900/3750 3999/3901/3750
f 4264/3902/3751 3532/3900/3751 4164/3899/3751
f 3336/3903/3752 3321/3904/3752 3320/3905/3752
f 3320/3905/3753 3385/3906/3753 3353/3907/3753
f 3320/3905/3754 3321/3904/3754 3385/3906/3754
f 1695/3908/3755 965/3909/3756 1707/3910/3757
f 1707/3910/3758 965/3909/3758 986/3911/3758
f 1708/3912/3759 987/3913/3759 1695/3908/3759
f 1695/3908/3755 987/3913/3760 965/3909/3761
f 4412/3914/3762 4229/3915/3763 5064/3916/3764
f 5064/3916/3764 4229/3915/3763 4625/3917/3765
f 4641/3918/3766 4229/3915/3766 4412/3914/3766
f 4229/3915/3767 4869/3919/3767 4625/3917/3767
f 4641/3918/3768 4869/3919/3768 4229/3915/3768
f 6915/3920/3769 7522/3921/3770 7519/3922/3771
f 6898/3923/3772 7522/3921/3770 6915/3920/3769
f 6916/3924/3773 7520/3925/3773 6898/3923/3773
f 6898/3923/3772 7520/3925/3774 7522/3921/3775
f 7306/3926/3776 7373/3927/3777 7372/3928/3778
f 7309/3929/3779 7373/3927/3777 7306/3926/3776
f 6603/3930/3780 6808/3931/3780 6539/3932/3780
f 6940/3933/3781 7220/3934/3781 7219/3935/3781
f 3505/3936/3782 4322/3937/3782 4196/3938/3782
f 3686/3939/3783 3310/3940/3783 3227/3941/3783
f 3311/3942/3784 3691/3943/3784 3228/3944/3784
f 3215/3945/3785 2676/3946/3786 2691/3947/3787
f 3294/3948/3788 2676/3946/3786 3215/3945/3785
f 3301/3949/3789 2676/3946/3789 3294/3948/3789
f 2498/3950/3790 2162/3951/3791 2247/3952/3792
f 2498/3950/3790 2274/3953/3793 2162/3951/3791
f 2402/3954/3794 2094/3955/3794 2284/3956/3794
f 2402/3954/3795 2285/3957/3795 2094/3955/3795
f 3775/3958/3796 3014/3959/3796 3453/3960/3796
f 3775/3958/3797 3454/3961/3797 3014/3959/3797
f 3014/3959/3798 2339/3962/3798 2347/3963/3798
f 1860/3964/3799 1837/3965/3799 1836/3966/3799
f 2036/3967/3800 1686/3968/3800 1884/3969/3800
f 1884/3969/3801 1686/3968/3801 1898/3970/3801
f 1295/3971/3802 1189/3972/3802 1163/3973/3802
f 1295/3971/3803 1213/3974/3803 1189/3972/3803
f 1189/3972/3804 1209/3975/3804 1163/3973/3804
f 1213/3974/3805 1209/3975/3805 1189/3972/3805
f 1023/3976/3806 793/3977/3806 1041/3978/3806
f 4639/3979/3807 5255/3980/3808 4704/3981/3809
f 4639/3979/3810 4704/3981/3809 5128/3982/3811
f 4704/3981/3812 3861/3983/3812 5128/3982/3812
f 2858/3984/3813 2031/3985/3813 2841/3986/3813
f 1427/3987/3814 1526/3988/3814 1450/3989/3814
f 1827/3990/3815 1676/3991/3815 1705/3992/3815
f 1676/3991/3816 1320/3993/3816 1705/3992/3816
f 991/3994/3817 896/3995/3817 890/3996/3818
f 1151/3997/3819 1262/3998/3820 1268/3999/3820
f 1608/4000/3821 1613/4001/3822 1612/4002/3823
f 1608/4000/3824 1528/4003/3825 1610/4004/3825
f 1612/4002/3823 1528/4003/3826 1608/4000/3821
f 4270/4005/3827 4484/4006/3827 4602/4007/3827
f 2886/4008/3828 2651/4009/3829 2655/4010/3830
f 4569/4011/3831 5897/4012/3831 4534/2982/3831
f 4570/4013/3832 4534/2982/2963 3290/2986/3833
f 4571/4014/3834 3290/2986/2967 4536/2988/3835
f 4572/4015/3836 4536/2988/3836 5898/4016/3836
f 6174/2984/3837 4534/2982/3837 5897/4012/3837
f 4536/2988/3838 6175/2990/3838 5898/4016/3838
f 3653/4017/3839 3195/1397/3839 3644/1396/3839
f 3654/4018/3840 3644/1396/1294 4202/1392/1293
f 3655/4019/3841 4202/1392/3842 3747/1394/1287
f 3656/4020/3843 3747/1394/3843 3196/1398/3843
f 2516/4021/3844 2249/1471/3844 2535/1470/3844
f 2517/4022/3845 2535/1470/3846 2825/1472/1380
f 2518/4023/3847 2825/1472/3848 2593/1467/1373
f 2519/4024/3849 2593/1467/3849 2250/1473/3849
f 2375/4025/3850 2185/4026/3850 2432/1532/3850
f 2376/4027/3851 2432/1532/1466 2603/1539/1465
f 2377/4028/3852 2603/1539/1470 2389/1540/1469
f 2378/4029/3853 2389/1540/3853 2183/1541/3853
f 2182/1534/3854 2432/1532/3854 2185/4026/3854
f 3936/4030/3855 3342/1681/3855 3947/1676/3855
f 3937/4031/3856 3947/1676/3857 4430/1682/1626
f 3938/4032/3858 4430/1682/1631 3935/1683/1630
f 3939/4033/3859 3935/1683/3859 3343/1684/3859
f 6981/4034/3860 6575/1812/3860 6709/1808/3860
f 6982/4035/3861 6709/1808/3862 7120/1813/3863
f 6983/4036/3864 7120/1813/3865 6930/1815/1790
f 6984/4037/3866 6930/1815/3866 6576/1817/3866
f 7010/4038/3867 6544/1885/3867 6813/1883/3867
f 7011/4039/3868 6813/1883/3869 7071/1887/3870
f 7012/4040/3871 7071/1887/1885 6825/1889/1883
f 7013/4041/3872 6825/1889/3872 6545/1891/3872
f 6430/4042/3873 5714/1984/3873 6320/1983/3873
f 6431/4043/3874 6320/1983/1997 6653/1978/3875
f 6432/4044/3876 6653/1978/1992 5930/1980/3877
f 6433/4045/3878 5930/1980/3878 5715/1985/3878
f 7097/4046/3879 6725/2059/3879 7023/2058/3879
f 7098/4047/3880 7023/2058/3881 7048/2054/3882
f 7099/4048/3883 7048/2054/3884 6973/2060/3885
f 7100/4049/3886 6973/2060/3886 6726/2061/3886
f 6257/4050/3887 5544/2138/3887 6231/2136/3887
f 6258/4051/3888 6231/2136/2182 6466/2139/2181
f 6259/4052/3889 6466/2139/3890 5984/2131/3891
f 6260/4053/3892 5984/2131/3892 5545/2140/3892
f 2996/4054/3893 2724/637/3893 2982/635/3893
f 2997/4055/3894 2982/635/3895 3365/4056/3896
f 2998/4057/3897 3365/4056/3897 3058/4058/3897
f 2999/4059/3898 3058/4058/3898 2725/640/3898
f 2982/635/3895 3643/638/3899 3365/4056/3896
f 3643/638/3900 3058/4058/3900 3365/4056/3901
f 3643/638/3900 3137/641/3902 3058/4058/3900
f 3137/641/3903 2725/640/3903 3058/4058/3903
f 2975/4060/3904 2784/2286/3904 2995/2285/3904
f 2976/4061/3905 2995/2285/2367 3381/2287/3906
f 2977/4062/3907 3381/2287/3908 3071/2282/2359
f 2978/4063/3909 3071/2282/3909 2785/2288/3909
f 2965/4064/3910 2698/2358/3910 3036/2352/3910
f 2966/4065/3911 3036/2352/3912 3413/2359/3913
f 2967/4066/3914 3413/2359/3915 2964/2360/2451
f 2968/4067/3916 2964/2360/3916 2699/2361/3916
f 6883/4068/3917 6410/2430/3917 6553/2426/3917
f 6884/4069/3918 6553/2426/2537 7065/2431/3919
f 6885/4070/3920 7065/2431/2541 6804/2433/3921
f 6886/4071/3922 6804/2433/3922 6411/2435/3922
f 4854/4072/3923 5562/1264/3923 4848/1262/3923
f 4855/4073/3924 4848/1262/1163 4050/1265/3925
f 4856/4074/3926 4050/1265/1162 4850/1267/1165
f 4857/4075/3927 4850/1267/3927 5563/1269/3927
f 4046/4076/3928 3423/1436/3928 4066/1434/3928
f 4047/4077/3929 4066/1434/1338 4659/1438/3930
f 4048/4078/3931 4659/1438/3932 4085/1439/1340
f 4049/4079/3933 4085/1439/3933 3424/1440/3933
f 2848/4080/3934 2611/1524/3934 2887/1522/3934
f 2849/4081/3935 2887/1522/1451 3206/1526/3936
f 2850/4082/3937 3206/1526/1455 2855/1528/3938
f 2851/4083/3939 2855/1528/3939 2612/1530/3939
f 4110/4084/3940 3405/1668/3940 4091/1666/3940
f 4111/4085/3941 4091/1666/1613 4668/1670/1612
f 4112/4086/3942 4668/1670/1617 4089/1671/1616
f 4113/4087/3943 4089/1671/3943 3406/1672/3943
f 6570/4088/3944 6031/1800/3944 6447/1799/3944
f 6571/4089/3945 6447/1799/3946 6799/1802/3947
f 6572/4090/3948 6799/1802/1774 6503/1804/3949
f 6573/4091/3950 6503/1804/3950 6032/1806/3950
f 6498/4092/3951 5957/1875/3951 6398/1874/3951
f 6499/4093/3952 6398/1874/3953 6728/1877/1867
f 6500/4094/3954 6728/1877/1873 6387/1879/1872
f 6501/4095/3955 6387/1879/3955 5958/1881/3955
f 4248/4096/3956 3610/1946/3956 4181/1944/3956
f 4249/4097/3957 4181/1944/1957 4716/1947/3958
f 4250/4098/3959 4716/1947/1956 4171/1949/1959
f 4251/4099/3960 4171/1949/3960 3611/1950/3960
f 6421/4100/3961 5838/2045/3961 6347/2044/3961
f 6422/4101/3962 6347/2044/3963 6654/2047/3964
f 6423/4102/3965 6654/2047/2075 6298/2048/2074
f 6424/4103/3966 6298/2048/3966 5839/2049/3966
f 5574/4104/3967 4559/2104/3967 5569/2102/3967
f 5575/4105/3968 5569/2102/2144 6009/2105/2143
f 5576/4106/3969 6009/2105/3970 5548/2107/3971
f 5577/4107/3972 5548/2107/3972 4560/2109/3972
f 5873/4108/3973 4674/2125/3973 5863/2123/3973
f 5874/4109/3974 5863/2123/3975 6263/2127/2164
f 5875/4110/3976 6263/2127/2169 5788/2128/3977
f 5876/4111/3978 5788/2128/3978 4675/2129/3978
f 3047/4112/3979 2751/2200/3979 3046/2198/3979
f 3048/4113/3980 3046/2198/2259 3436/2202/2257
f 3049/4114/3981 3436/2202/2262 3096/2203/2261
f 3050/4115/3982 3096/2203/3982 2752/2205/3982
f 3924/4116/3983 3464/2271/3983 3961/2270/3983
f 3925/4117/3984 3961/2270/2349 4511/2273/2348
f 3926/4118/3985 4511/2273/2354 4013/2275/2353
f 3927/4119/3986 4013/2275/3986 3465/2277/3986
f 4997/4120/3987 4141/1373/3987 5010/1371/3987
f 4998/4121/3988 5010/1371/3989 5699/1375/3990
f 4999/4122/3991 5699/1375/3992 5020/1376/1267
f 5000/4123/3993 5020/1376/3993 4142/1377/3993
f 3100/4124/3994 2753/157/3994 3094/155/3994
f 3101/4125/3995 3094/155/182 3443/158/181
f 3102/4126/3996 3443/158/181 3098/160/184
f 3103/4127/3997 3098/160/3997 2754/162/3997
f 6341/4128/3998 5906/358/3998 6317/356/3998
f 6342/4129/3999 6317/356/391 6554/359/4000
f 6343/4130/4001 6554/359/390 6310/361/393
f 6344/4131/4002 6310/361/4002 5907/363/4002
f 4102/4132/4003 3528/1937/4003 4087/1935/4003
f 4103/4133/4004 4087/1935/1945 4512/1939/1943
f 4104/4134/4005 4512/1939/4006 4075/1940/1947
f 4105/4135/4007 4075/1940/4007 3529/1942/4007
f 4628/4136/4008 3829/1955/4008 4545/1954/4008
f 4629/4137/4009 4545/1954/4010 5409/1957/1966
f 4630/4138/4011 5409/1957/4012 4528/1959/1971
f 4631/4139/4013 4528/1959/4013 3830/1961/4013
f 5423/4140/4014 4593/2095/4014 5463/2093/4014
f 5424/4141/4015 5463/2093/2134 5938/2097/2132
f 5425/4142/4016 5938/2097/2137 5469/2098/4017
f 5426/4143/4018 5469/2098/4018 4594/2100/4018
f 5783/4144/4019 4941/573/4019 5799/571/4019
f 5784/4145/4020 5799/571/622 6154/575/621
f 5785/4146/4021 6154/575/625 5814/576/624
f 5786/4147/4022 5814/576/4022 4942/578/4022
f 3142/4148/4023 2823/2191/4023 3163/2189/4023
f 3143/4149/4024 3163/2189/2246 3530/2193/2245
f 3144/4150/4025 3530/2193/2249 3172/2194/2248
f 3145/4151/4026 3172/2194/4026 2824/2196/4026
f 4489/4152/4027 3908/682/4027 4517/680/4027
f 4490/4153/4028 4517/680/4029 5246/683/734
f 4491/4154/4030 5246/683/734 4509/685/737
f 4492/4155/4031 4509/685/4031 3909/686/4031
f 3717/4156/4032 3175/2333/4032 3728/2331/4032
f 3718/4157/4033 3728/2331/2426 4224/2335/4034
f 3719/4158/4035 4224/2335/2430 3727/2337/4036
f 3720/4159/4037 3727/2337/4037 3176/2339/4037
f 6101/4160/4038 5400/2407/4038 6059/2405/4038
f 6102/4161/4039 6059/2405/2507 6371/2409/2505
f 6103/4162/4040 6371/2409/2511 6061/2411/2509
f 6104/4163/4041 6061/2411/4041 5401/2413/4041
f 7126/4164/4042 6768/1895/4042 7029/1893/4042
f 7127/4165/4043 7029/1893/1894 7227/1896/4044
f 7128/4166/4045 7227/1896/1893 7030/1898/1896
f 7129/4167/4046 7030/1898/4046 6769/1900/4046
f 2869/4168/4047 2637/2215/4047 2867/2214/4047
f 2870/4169/4048 2867/2214/2276 3171/2210/2275
f 2871/4170/4049 3171/2210/4050 2899/2212/4051
f 2872/4171/4052 2899/2212/4052 2638/2216/4052
f 4676/4172/4053 4688/4173/4053 4677/4174/4053
f 4928/4175/4054 4732/4176/4055 4816/4177/4056
f 4871/4178/4057 4750/4179/4057 4827/4180/4058
f 7347/4181/4059 7291/3146/4059 7325/4182/4059
f 7348/4183/4060 7325/4182/4060 7337/4184/4060
f 7302/3147/3101 7291/3146/3100 7332/4185/4061
f 2808/4186/4062 3853/4187/4062 2017/4188/4062
f 2017/4188/4063 2614/4189/4063 1887/4190/4063
f 2017/4188/4064 3634/4191/4065 2614/4189/4066
f 2017/4188/4064 3853/4187/4067 3634/4191/4065
f 2729/4186/4068 3092/4192/4068 1788/4193/4068
f 1788/4193/4069 2052/4189/4069 1474/4190/4069
f 1788/4193/4070 2694/4191/4071 2052/4189/4072
f 1788/4193/4070 3092/4192/4073 2694/4191/4071
f 2678/4186/4074 2839/4194/4074 1781/4195/4074
f 1781/4195/4075 1915/4189/4075 1429/4190/4075
f 1781/4195/4076 2458/4191/4077 1915/4189/4078
f 1781/4195/4076 2839/4194/4079 2458/4191/4077
f 2355/4186/4080 2161/4196/4080 1689/4197/4080
f 1689/4197/4081 1515/4189/4081 1313/4190/4081
f 1689/4197/4082 1738/4191/4083 1515/4189/4084
f 1689/4197/4082 2161/4196/4085 1738/4191/4083
f 2264/4186/4086 2316/4198/4086 1523/4199/4086
f 1523/4199/4087 1536/4189/4087 1183/4190/4087
f 1523/4199/4088 1912/4191/4089 1536/4189/4090
f 1523/4199/4088 2316/4198/4091 1912/4191/4089
f 2191/4186/4092 1968/4200/4092 1597/4201/4092
f 1597/4201/4093 1366/4189/4093 1192/4190/4093
f 1597/4201/4094 1524/4191/4095 1366/4189/4096
f 1597/4201/4094 1968/4200/4097 1524/4191/4095
f 2214/4186/4098 1861/4202/4098 1694/4203/4098
f 1694/4203/4099 1352/4189/4099 1275/4190/4099
f 1694/4203/4100 1410/4191/4101 1352/4189/4102
f 1694/4203/4100 1861/4202/4103 1410/4191/4101
f 2531/4186/4104 1834/4204/4104 2082/4205/4104
f 2082/4205/4105 1655/4189/4105 1858/4190/4105
f 2082/4205/4106 1439/4191/4107 1655/4189/4108
f 2082/4205/4106 1834/4204/4109 1439/4191/4107
f 2363/4186/4110 2643/4206/4110 1624/4207/4110
f 1624/4207/4111 1851/4189/4111 1383/4190/4111
f 1624/4207/4112 2384/4191/4113 1851/4189/4114
f 1624/4207/4112 2643/4206/4115 2384/4191/4113
f 1677/4208/4116 1885/4209/4116 1231/4210/4116
f 1231/4210/4117 1885/4209/4117 1636/4189/4117
f 1885/4209/4118 2073/4191/4119 1636/4189/4120
f 1885/4209/4118 2367/4211/4121 2073/4191/4119
f 2102/4186/4122 2097/4212/4122 1407/4213/4122
f 1407/4213/4123 1390/4189/4123 1080/4190/4123
f 1407/4213/4124 1714/4191/4125 1390/4189/4126
f 1407/4213/4124 2097/4212/4127 1714/4191/4125
f 1985/4186/4128 1702/4214/4128 1510/4215/4128
f 1510/4215/4129 1267/4189/4129 1153/4190/4129
f 1510/4215/4130 1344/4191/4131 1267/4189/4132
f 1510/4215/4130 1702/4214/4133 1344/4191/4131
f 2042/4186/4134 2012/4216/4134 1431/4217/4134
f 1431/4217/4135 1376/4189/4135 1115/4190/4135
f 1431/4217/4136 1649/4191/4137 1376/4189/4138
f 1431/4217/4136 2012/4216/4139 1649/4191/4137
f 2001/4186/4140 1674/4200/4140 1589/4218/4140
f 1589/4218/4141 1297/4189/4141 1245/4190/4141
f 1589/4218/4142 1332/4191/4143 1297/4189/4144
f 1589/4218/4142 1674/4200/4145 1332/4191/4143
f 2295/4186/4146 1873/4219/4146 1936/4220/4146
f 1936/4220/4147 1548/4189/4147 1594/4190/4147
f 1936/4220/4148 1501/4191/4149 1548/4189/4150
f 1936/4220/4148 1873/4219/4151 1501/4191/4149
f 2461/4186/4152 1778/4211/4152 2084/4221/4152
f 2084/4221/4153 1729/4189/4153 2027/4190/4153
f 2084/4221/4154 1434/4191/4155 1729/4189/4156
f 2084/4221/4154 1778/4211/4157 1434/4191/4155
f 1995/4186/4158 1260/4222/4158 1397/4223/4158
f 1397/4223/4159 770/4189/4159 875/4190/4159
f 1397/4223/4160 641/4191/4161 770/4189/4162
f 1397/4223/4160 1260/4222/4163 641/4191/4161
f 2581/4186/4164 1609/4214/4164 1966/4224/4164
f 1966/4224/4165 1317/4189/4165 1556/4190/4165
f 1966/4224/4166 1006/4191/4167 1317/4189/4168
f 1966/4224/4166 1609/4214/4169 1006/4191/4167
f 2580/4186/4170 1630/4225/4170 2015/4226/4170
f 2015/4226/4171 1349/4189/4171 1650/4190/4171
f 2015/4226/4172 1025/4191/4173 1349/4189/4174
f 2015/4226/4172 1630/4225/4172 1025/4191/4173
f 2714/4186/4175 1678/4227/4175 2242/4228/4175
f 2242/4228/4176 1642/4189/4176 2126/4190/4176
f 2242/4228/4177 1140/4191/4178 1642/4189/4179
f 2242/4228/4177 1678/4227/4180 1140/4191/4178
f 2446/4186/4181 1723/4229/4181 1830/4230/4181
f 1830/4230/4182 1265/4189/4182 1323/4190/4182
f 1830/4230/4183 1148/4191/4184 1265/4189/4185
f 1830/4230/4183 1723/4229/4186 1148/4191/4184
f 2777/4186/4187 1917/4231/4187 2213/4232/4187
f 2213/4232/4188 1607/4189/4188 1843/4190/4188
f 2213/4232/4189 1337/4191/4190 1607/4189/4191
f 2213/4232/4189 1917/4231/4192 1337/4191/4190
f 2955/4186/4193 2074/4233/4193 2452/4234/4193
f 2452/4234/4194 1832/4189/4194 2124/4190/4194
f 2452/4234/4195 1519/4191/4196 1832/4189/4197
f 2452/4234/4195 2074/4233/4198 1519/4191/4196
f 2949/4186/4199 2021/4235/4199 2596/4236/4199
f 2596/4236/4200 2114/4189/4200 2613/4190/4200
f 2596/4236/4201 1598/4191/4202 2114/4189/4203
f 2596/4236/4201 2021/4235/4204 1598/4191/4202
f 1629/4208/4205 1028/4237/4205 601/4238/4205
f 601/4238/4206 1028/4237/4206 510/4189/4206
f 1028/4237/4207 415/4191/4208 510/4189/4209
f 1028/4237/4207 870/4239/4210 415/4191/4208
f 1876/4208/4211 1272/4240/4212 847/4241/4211
f 847/4241/4213 1272/4240/4214 752/4189/4215
f 1272/4240/4214 640/4191/4216 752/4189/4215
f 1272/4240/4214 1125/4242/4217 640/4191/4216
f 2037/4208/4218 1318/4186/4218 931/4243/4218
f 931/4243/4219 1318/4186/4219 765/4189/4219
f 1318/4186/4220 577/4191/4221 765/4189/4222
f 1318/4186/4220 1098/4211/4223 577/4191/4221
f 1646/4244/4224 934/4245/4225 1206/4190/4226
f 1646/4244/4224 1484/4246/4227 934/4245/4225
f 2368/4186/4228 1382/4235/4228 1762/4247/4228
f 1762/4247/4229 1161/4189/4229 1467/4190/4229
f 1762/4247/4230 827/4191/4231 1161/4189/4232
f 1762/4247/4230 1382/4235/4233 827/4191/4231
f 2649/4186/4234 1717/4248/4234 2056/4249/4234
f 2056/4249/4235 1445/4189/4235 1688/4190/4235
f 2056/4249/4236 1144/4191/4237 1445/4189/4238
f 2056/4249/4236 1717/4248/4239 1144/4191/4237
f 2868/4186/4240 1828/4250/4240 2311/4251/4240
f 2311/4251/4241 1675/4189/4241 2070/4190/4241
f 2311/4251/4242 1281/4191/4243 1675/4189/4244
f 2311/4251/4242 1828/4250/4245 1281/4191/4243
f 3066/4186/4246 2381/4252/4246 2682/4253/4246
f 2682/4253/4247 2113/4189/4247 2357/4190/4247
f 2682/4253/4248 1819/4191/4249 2113/4189/4250
f 2682/4253/4248 2381/4252/4251 1819/4191/4249
f 3745/4208/4252 2747/4254/4252 4523/4255/4252
f 2747/4254/4253 3789/4256/4253 4523/4255/4253
f 4523/4255/4254 6172/4189/4254 6538/4190/4254
f 4523/4255/4255 5484/4191/4256 6172/4189/4257
f 4523/4255/4255 3789/4256/4258 5484/4191/4256
f 3715/4208/4259 2604/4257/4259 4131/4258/4259
f 2604/4257/4260 3323/4256/4260 4131/4258/4260
f 4131/4258/4261 5584/4189/4261 6288/4190/4261
f 4131/4258/4262 4344/4191/4263 5584/4189/4264
f 4131/4258/4262 3323/4256/4265 4344/4191/4263
f 3766/4208/4266 2076/4259/4266 3074/4260/4266
f 2076/4259/4267 2352/4256/4267 3074/4260/4267
f 3074/4260/4268 3293/4189/4268 4697/4190/4268
f 3074/4260/4269 2492/4191/4270 3293/4189/4271
f 3074/4260/4269 2352/4256/4272 2492/4191/4270
f 4117/4208/4273 2147/4261/4273 3059/4262/4273
f 2147/4261/4274 2289/4256/4274 3059/4262/4274
f 3059/4262/4275 3075/4189/4275 4450/4190/4275
f 3059/4262/4276 2305/4191/4277 3075/4189/4278
f 3059/4262/4276 2289/4256/4279 2305/4191/4277
f 2263/4208/4280 1223/4263/4280 1400/4264/4280
f 1223/4263/4281 938/4256/4281 1400/4264/4281
f 1400/4264/4282 1096/4189/4282 1578/4190/4282
f 1400/4264/4283 649/4191/4284 1096/4189/4285
f 1400/4264/4283 938/4256/4286 649/4191/4284
f 2615/4208/4287 1918/4186/4287 1772/4265/4287
f 1918/4186/4288 1156/4256/4288 1772/4265/4288
f 1918/4186/4289 1298/4266/4289 1156/4256/4289
f 1772/4265/4290 1581/4189/4290 2217/4190/4290
f 1772/4265/4291 1007/4191/4292 1581/4189/4293
f 1772/4265/4291 1156/4256/4294 1007/4191/4292
f 2827/4208/4295 2155/4186/4295 1888/4267/4295
f 2155/4186/4296 1319/4256/4296 1888/4267/4296
f 2155/4186/4297 1539/4266/4297 1319/4256/4297
f 1888/4267/4298 1599/4189/4298 2194/4190/4298
f 1888/4267/4299 1046/4191/4300 1599/4189/4301
f 1888/4267/4299 1319/4256/4302 1046/4191/4300
f 2879/4208/4303 2144/4186/4303 2127/4268/4303
f 2144/4186/4304 1462/4256/4304 2127/4268/4304
f 2144/4186/4305 1479/4266/4305 1462/4256/4305
f 2127/4268/4306 2051/4189/4306 2772/4190/4306
f 2127/4268/4307 1389/4191/4308 2051/4189/4309
f 2127/4268/4307 1462/4256/4310 1389/4191/4308
f 5896/4208/4311 4575/4269/4312 6296/4270/4313
f 5896/4208/4311 3969/4271/4314 4575/4269/4315
f 6296/4270/4316 5304/4272/4316 6504/4190/4316
f 6296/4270/4317 4575/4269/4317 5304/4272/4317
f 6620/4208/4318 4029/4273/4318 6106/4274/4318
f 4029/4273/4319 4448/4256/4319 6106/4274/4319
f 6106/4274/4320 6291/4189/4320 6943/4190/4320
f 6106/4274/4321 4804/4191/4322 6291/4189/4323
f 6106/4274/4321 4448/4256/4324 4804/4191/4322
f 6949/4208/4325 6155/4186/4325 6143/4275/4325
f 6155/4186/4326 4257/4276/4326 6143/4275/4326
f 6143/4275/4327 6082/4189/4327 6925/4190/4327
f 6143/4275/4328 4163/4191/4329 6082/4189/4330
f 6143/4275/4328 4257/4276/4331 4163/4191/4329
f 6767/4208/4332 6142/4186/4332 6560/4277/4332
f 6142/4186/4333 4647/4278/4333 6560/4277/4333
f 6560/4277/4334 6861/4189/4334 7305/4190/4334
f 6560/4277/4335 6266/4191/4336 6861/4189/4337
f 6560/4277/4335 4647/4278/4338 6266/4191/4336
f 6557/4186/4339 5234/4279/4339 6448/4280/4339
f 6448/4280/4340 6335/4189/4340 7022/4190/4340
f 6448/4280/4341 4798/4191/4342 6335/4189/4343
f 6448/4280/4341 5234/4279/4344 4798/4191/4342
f 7028/4208/4345 6461/4186/4345 6698/4281/4345
f 6461/4186/4346 5526/4282/4346 6698/4281/4346
f 6698/4281/4347 6834/4189/4347 7283/4190/4347
f 6698/4281/4348 6239/4191/4349 6834/4189/4350
f 6698/4281/4348 5526/4282/4351 6239/4191/4349
f 6744/4186/4352 6057/4283/4352 6907/4284/4352
f 6907/4284/4353 7001/4189/4353 7382/4190/4353
f 6907/4284/4354 6417/4191/4355 7001/4189/4356
f 6907/4284/4354 6057/4283/4357 6417/4191/4355
f 6731/4208/4358 6251/4285/4358 6963/4286/4358
f 6251/4285/4359 6733/4256/4359 6963/4286/4359
f 6963/4286/4360 7252/4189/4360 7380/4190/4360
f 6963/4286/4361 7073/4191/4362 7252/4189/4363
f 6963/4286/4361 6733/4256/4364 7073/4191/4362
f 6181/4208/4365 5359/4287/4366 6740/4270/4367
f 6181/4208/4365 5136/4186/4368 5359/4287/4366
f 5136/4186/4369 3940/4266/4369 5359/4287/4369
f 6740/4270/4370 6887/4189/4370 7254/4190/4370
f 6740/4270/4371 5359/4287/4371 6887/4189/4371
f 5359/4287/4372 6429/4191/4372 6887/4189/4372
f 6605/4208/4373 5840/4186/4373 6377/4288/4373
f 5840/4186/4374 5321/4256/4374 6377/4288/4374
f 5840/4186/4375 4146/4266/4375 5321/4256/4375
f 6377/4288/4376 6920/4189/4376 7359/4190/4376
f 6377/4288/4377 6293/4191/4378 6920/4189/4379
f 6377/4288/4377 5321/4256/4380 6293/4191/4378
f 6514/4208/4381 4434/4289/4381 6524/4290/4381
f 4434/4289/4382 5904/4256/4382 6524/4290/4382
f 6524/4290/4383 7080/4189/4383 7404/4190/4383
f 6524/4290/4384 6630/4191/4385 7080/4189/4386
f 6524/4290/4384 5904/4256/4387 6630/4191/4385
f 6558/4208/4388 3967/4291/4388 6313/4292/4388
f 3967/4291/4389 5028/4256/4389 6313/4292/4389
f 6313/4292/4390 6791/4189/4390 7297/4190/4390
f 6313/4292/4391 6092/4191/4392 6791/4189/4393
f 6313/4292/4391 5028/4256/4394 6092/4191/4392
f 6673/4186/4395 5820/4293/4395 6741/4294/4395
f 6741/4294/4396 6824/4189/4396 7353/4190/4396
f 6741/4294/4397 6074/4191/4398 6824/4189/4399
f 6741/4294/4397 5820/4293/4400 6074/4191/4398
f 6986/4208/4401 5917/4295/4401 6988/4296/4401
f 5917/4295/4402 6515/4256/4402 6988/4296/4402
f 6988/4296/4403 7342/4189/4403 7568/4190/4403
f 6988/4296/4404 7016/4191/4405 7342/4189/4406
f 6988/4296/4404 6515/4256/4407 7016/4191/4405
f 7158/4186/4408 6652/4297/4408 7282/4298/4408
f 7282/4298/4409 7390/4189/4409 7645/4190/4409
f 7282/4298/4410 6997/4191/4411 7390/4189/4412
f 7282/4298/4410 6652/4297/4413 6997/4191/4411
f 7101/4186/4414 6584/4225/4414 7316/4299/4414
f 7316/4299/4415 7487/4189/4415 7711/4190/4415
f 7316/4299/4416 7162/4191/4417 7487/4189/4418
f 7316/4299/4416 6584/4225/4419 7162/4191/4417
f 3659/4208/4420 3942/4300/4420 2726/4301/4420
f 3942/4300/4421 3087/4256/4421 2726/4301/4421
f 2726/4301/4422 2216/4189/4422 2077/4190/4422
f 2726/4301/4423 2404/4191/4424 2216/4189/4425
f 2726/4301/4423 3087/4256/4426 2404/4191/4424
f 4130/4186/4427 3407/4302/4427 5129/4303/4427
f 5129/4303/4428 6173/4189/4428 6610/4190/4428
f 5129/4303/4429 5422/4191/4430 6173/4189/4431
f 5129/4303/4429 3407/4302/4432 5422/4191/4430
f 7542/4304/4433 7200/4305/4433 7700/4306/4433
f 7200/4305/4434 6711/4307/4434 7093/4308/4434
f 7700/4306/4435 7649/4309/4435 7866/4310/4435
f 7700/4306/4436 7200/4305/4436 7649/4309/4436
f 7200/4305/4437 7402/4311/4438 7649/4309/4439
f 7200/4305/4437 7093/4308/4440 7402/4311/4438
f 7906/4304/4441 8093/4312/4441 7946/4306/4441
f 7906/4304/4441 8062/4313/4441 8093/4312/4441
f 7582/4314/4442 6968/4307/4442 7021/4308/4442
f 7888/4315/4443 7591/4309/4444 7896/4310/4445
f 7888/4315/4443 7582/4314/4446 7591/4309/4444
f 7582/4314/4447 6987/4311/4448 7591/4309/4449
f 7582/4314/4447 7021/4308/4450 6987/4311/4448
f 7932/4304/4451 7632/4312/4451 7947/4306/4451
f 7932/4304/4451 7617/4313/4451 7632/4312/4451
f 7617/4313/4452 7116/4308/4452 7632/4312/4452
f 7617/4313/4452 7076/4307/4452 7116/4308/4452
f 8184/4306/4453 8070/4309/4453 8049/4310/4453
f 8194/4304/4454 7908/4316/4455 8142/4306/4456
f 8194/4304/4454 7994/4317/4457 7908/4316/4455
f 8142/4306/4458 7667/4318/4458 7974/4310/4458
f 8142/4306/4459 7908/4316/4459 7667/4318/4459
f 8227/4312/4460 7834/4311/4460 8083/4309/4460
f 8227/4312/4460 8101/4308/4460 7834/4311/4460
f 8213/4312/4461 7941/4311/4461 8137/4309/4461
f 8213/4312/4461 8085/4308/4462 7941/4311/4461
f 8221/4306/4463 8199/4312/4463 8100/4319/4463
f 8199/4312/4464 8074/4311/4464 8100/4319/4464
f 8201/4313/4465 8096/4307/4465 8150/4308/4465
f 8183/4320/4466 7968/4311/4467 8210/4309/4468
f 8183/4320/4466 7929/4321/4469 7968/4311/4467
f 7735/4322/4470 7805/4307/4470 7999/4308/4470
f 7855/4323/4471 8156/4309/4471 8217/4310/4471
f 7855/4323/4472 7735/4322/4472 8156/4309/4472
f 7735/4322/4473 8192/4311/4474 8156/4309/4475
f 7735/4322/4473 7999/4308/4476 8192/4311/4474
f 7985/4304/4477 8000/4312/4477 8071/4306/4477
f 7985/4304/4477 7920/4313/4477 8000/4312/4477
f 7920/4313/4478 8002/4324/4478 8000/4312/4478
f 8071/4306/4479 8207/4309/4479 8230/4310/4479
f 8071/4306/4480 8000/4312/4480 8207/4309/4480
f 8000/4312/4481 8235/4311/4482 8207/4309/4483
f 8000/4312/4481 8002/4324/4484 8235/4311/4482
f 8061/4304/4485 8091/4312/4485 8171/4306/4485
f 8061/4304/4485 7913/4313/4485 8091/4312/4485
f 7913/4313/4486 8131/4308/4486 8091/4312/4486
f 7913/4313/4486 7975/4307/4486 8131/4308/4486
f 8171/4306/4487 8091/4312/4487 8234/4309/4487
f 7689/4325/4488 7657/4307/4488 7836/4308/4488
f 7861/4326/4489 8097/4309/4489 8178/4310/4489
f 7861/4326/4490 7689/4325/4490 8097/4309/4490
f 7689/4325/4491 8072/4311/4492 8097/4309/4493
f 7689/4325/4491 7836/4308/4494 8072/4311/4492
f 8075/4304/4495 8027/4312/4495 8172/4306/4495
f 8075/4304/4495 7859/4313/4496 8027/4312/4495
f 7859/4313/4497 7961/4308/4498 8027/4312/4497
f 7859/4313/4497 7789/4307/4498 7961/4308/4498
f 8172/4306/4499 8027/4312/4499 8193/4309/4499
f 8065/4304/4500 8082/4312/4500 8155/4306/4500
f 8065/4304/4500 7926/4313/4500 8082/4312/4500
f 7926/4313/4501 8094/4308/4501 8082/4312/4502
f 7926/4313/4501 7934/4307/4501 8094/4308/4501
f 8155/4306/4503 8082/4312/4503 8218/4309/4503
f 5993/4327/4504 3470/4307/4504 3509/4308/4504
f 7047/4328/4505 5981/4309/4506 7035/4310/4507
f 7047/4328/4505 5993/4327/4508 5981/4309/4506
f 5993/4327/4509 3439/4311/4510 5981/4309/4511
f 5993/4327/4509 3509/4308/4512 3439/4311/4510
f 7134/4304/4513 5983/4312/4513 7088/4306/4513
f 7134/4304/4513 6066/4313/4513 5983/4312/4513
f 6066/4313/4514 3362/4308/4514 5983/4312/4514
f 6066/4313/4514 3469/4307/4514 3362/4308/4514
f 7156/4329/4515 6375/4309/4516 7232/4310/4517
f 7156/4329/4515 6281/4330/4518 6375/4309/4516
f 6281/4330/4519 4205/4311/4520 6375/4309/4521
f 6281/4330/4519 3988/4331/4522 4205/4311/4520
f 7137/4332/4523 6272/4313/4524 6135/4312/4525
f 6272/4313/4526 3416/4308/4526 6135/4312/4526
f 6272/4313/4526 3617/4307/4526 3416/4308/4526
f 7137/4332/4527 5856/4309/4527 6998/4310/4527
f 7137/4332/4523 6135/4312/4525 5856/4309/4528
f 2272/4333/4529 1473/4307/4529 1540/4308/4529
f 3493/4334/4530 2536/4309/4530 3956/4310/4530
f 3493/4334/4531 2272/4333/4531 2536/4309/4531
f 2272/4333/4532 1669/4311/4533 2536/4309/4534
f 2272/4333/4532 1540/4308/4535 1669/4311/4533
f 4580/4304/4536 5008/4312/4536 5986/4306/4536
f 4580/4304/4536 3744/4313/4536 5008/4312/4536
f 5986/4306/4537 6427/4309/4537 6822/4310/4537
f 5986/4306/4537 5008/4312/4537 6427/4309/4537
f 4853/4335/4538 7296/4308/4538 5937/4336/4538
f 4853/4335/4539 7026/4307/4539 7296/4308/4539
f 5937/4336/4540 7188/4309/4540 6618/4310/4540
f 5937/4336/4541 7573/4311/4542 7188/4309/4543
f 5937/4336/4541 7296/4308/4544 7573/4311/4542
f 5271/4337/4545 6616/4309/4545 5775/4310/4545
f 5271/4337/4546 6428/4338/4546 6616/4309/4546
f 6428/4338/4547 7256/4311/4548 6616/4309/4549
f 6428/4338/4547 7119/4339/4550 7256/4311/4548
f 2312/4327/4551 2477/4307/4551 2239/4308/4551
f 2562/4328/4552 2202/4309/4553 2465/4310/4554
f 2562/4328/4552 2312/4327/4555 2202/4309/4553
f 2312/4327/4556 2139/4311/4557 2202/4309/4558
f 2312/4327/4556 2239/4308/4559 2139/4311/4557
f 1371/4304/4560 747/4312/4560 1126/4306/4560
f 1371/4304/4560 1002/4313/4560 747/4312/4560
f 1002/4313/4561 363/4340/4561 747/4312/4561
f 1126/4306/4562 436/4309/4562 756/4310/4562
f 1126/4306/4562 747/4312/4562 436/4309/4562
f 747/4312/4563 182/4311/4564 436/4309/4565
f 747/4312/4563 363/4340/4566 182/4311/4564
f 5372/4341/4567 7557/4308/4567 6085/4342/4567
f 5372/4341/4568 7385/4307/4568 7557/4308/4568
f 6085/4342/4569 7386/4309/4569 6782/4310/4569
f 6085/4342/4570 7761/4311/4571 7386/4309/4572
f 6085/4342/4570 7557/4308/4573 7761/4311/4571
f 809/4343/4574 1066/4313/4575 854/4312/4576
f 1066/4313/4577 1413/4344/4577 854/4312/4577
f 809/4343/4578 1600/4309/4578 1534/4310/4578
f 809/4343/4574 854/4312/4576 1600/4309/4579
f 854/4312/4580 2237/4311/4581 1600/4309/4582
f 854/4312/4580 1413/4344/4583 2237/4311/4581
f 833/4304/4584 383/4345/4584 581/4306/4584
f 581/4306/4585 165/4309/4585 292/4310/4585
f 581/4306/4586 383/4345/4586 165/4309/4586
f 383/4345/4587 41/4311/4588 165/4309/4589
f 383/4345/4587 167/4346/4590 41/4311/4588
f 1187/4347/4591 628/4309/4592 883/4310/4593
f 1187/4347/4591 903/4348/4594 628/4309/4592
f 903/4348/4595 388/4311/4596 628/4309/4597
f 903/4348/4595 614/4349/4598 388/4311/4596
f 1128/4304/4599 667/4350/4599 848/4306/4599
f 848/4306/4600 330/4309/4600 452/4310/4600
f 848/4306/4601 667/4350/4601 330/4309/4601
f 667/4350/4602 161/4311/4603 330/4309/4604
f 667/4350/4602 389/4351/4605 161/4311/4603
f 1420/4352/4606 796/4309/4607 1059/4310/4608
f 1420/4352/4606 1135/4353/4609 796/4309/4607
f 1135/4353/4610 488/4311/4611 796/4309/4612
f 1135/4353/4610 798/4331/4613 488/4311/4611
f 978/4354/4614 366/4309/4615 691/4310/4616
f 978/4354/4614 575/4355/4617 366/4309/4615
f 575/4355/4618 149/4311/4619 366/4309/4620
f 575/4355/4618 275/4356/4621 149/4311/4619
f 519/4357/4622 131/4309/4622 281/4310/4622
f 519/4357/4623 302/4358/4623 131/4309/4623
f 302/4358/4624 19/4311/4625 131/4309/4626
f 302/4358/4624 90/4359/4627 19/4311/4625
f 487/4360/4628 596/4313/4629 337/4312/4630
f 596/4313/4631 112/4308/4631 337/4312/4632
f 596/4313/4631 273/4307/4631 112/4308/4631
f 487/4360/4633 105/4309/4633 210/4310/4633
f 487/4360/4628 337/4312/4630 105/4309/4634
f 524/4361/4635 590/4313/4636 317/4312/4637
f 590/4313/4638 77/4308/4639 317/4312/4638
f 590/4313/4638 234/4307/4639 77/4308/4639
f 524/4361/4640 84/4309/4640 216/4310/4640
f 524/4361/4635 317/4312/4637 84/4309/4641
f 2860/4362/4642 2196/4313/4643 1967/4312/4644
f 2196/4313/4645 1092/4308/4645 1967/4312/4645
f 2196/4313/4645 1300/4307/4645 1092/4308/4645
f 2860/4362/4646 1660/4309/4646 2549/4310/4646
f 2860/4362/4642 1967/4312/4644 1660/4309/4647
f 4626/4304/4648 6114/4312/4648 6197/4306/4648
f 4626/4304/4648 4510/4313/4648 6114/4312/4648
f 5447/4304/4649 6928/4312/4649 6008/4306/4649
f 5447/4304/4649 6663/4313/4649 6928/4312/4649
f 6663/4313/4650 7506/4308/4650 6928/4312/4650
f 6008/4306/4651 7266/4309/4651 6577/4310/4651
f 6008/4306/4651 6928/4312/4651 7266/4309/4651
f 6928/4312/4652 7683/4311/4653 7266/4309/4652
f 6928/4312/4652 7506/4308/4653 7683/4311/4653
f 430/4304/4654 137/4312/4654 205/4306/4654
f 430/4304/4654 331/4313/4654 137/4312/4654
f 331/4313/4655 21/4308/4655 137/4312/4655
f 331/4313/4655 118/4307/4655 21/4308/4655
f 348/4304/4656 29/4312/4656 123/4306/4656
f 348/4304/4656 162/4313/4657 29/4312/4656
f 4601/4363/4658 3636/4309/4659 4384/4310/4660
f 4601/4363/4658 3760/4364/4661 3636/4309/4659
f 3760/4364/4662 2957/4311/4663 3636/4309/4664
f 3760/4364/4662 3091/4365/4665 2957/4311/4663
f 1308/4304/4666 811/4366/4666 975/4306/4666
f 811/4366/4667 1060/4307/4667 738/4308/4667
f 975/4306/4668 556/4309/4668 693/4310/4668
f 975/4306/4669 811/4366/4669 556/4309/4669
f 811/4366/4670 496/4311/4671 556/4309/4672
f 811/4366/4670 738/4308/4673 496/4311/4671
f 2138/4304/4674 2241/4367/4674 2792/4306/4674
f 2241/4367/4675 2616/4307/4675 3481/4308/4675
f 2792/4306/4676 4497/4309/4676 4287/4310/4676
f 2792/4306/4677 2241/4367/4677 4497/4309/4677
f 2241/4367/4678 5672/4311/4679 4497/4309/4680
f 2241/4367/4678 3481/4308/4681 5672/4311/4679
f 2427/4304/4682 3326/4313/4682 2318/4368/4682
f 3326/4313/4683 4618/4308/4683 2318/4368/4683
f 3326/4313/4684 4945/4307/4684 4618/4308/4684
f 2318/4368/4685 3302/4309/4685 2409/4310/4685
f 2318/4368/4686 4892/4311/4687 3302/4309/4688
f 2318/4368/4686 4618/4308/4689 4892/4311/4687
f 2911/4304/4690 3872/4369/4690 3845/4370/4690
f 3872/4369/4691 4605/4307/4691 6086/4308/4691
f 3845/4370/4692 3872/4369/4692 6588/4309/4692
f 3872/4369/4693 6932/4311/4694 6588/4309/4695
f 3872/4369/4693 6086/4308/4696 6932/4311/4694
f 711/4304/4697 824/4312/4697 1079/4306/4697
f 711/4304/4697 492/4313/4697 824/4312/4697
f 1079/4306/4698 1256/4309/4698 1513/4310/4698
f 1079/4306/4698 824/4312/4698 1256/4309/4698
f 166/4304/4699 441/4371/4700 375/4306/4701
f 166/4304/4699 214/4313/4702 441/4371/4700
f 375/4306/4703 441/4371/4703 844/4372/4703
f 441/4371/4704 1011/4311/4704 844/4372/4704
f 1816/4373/4705 2522/4307/4705 2110/4308/4705
f 1826/4374/4706 1653/4309/4706 1662/4310/4706
f 1826/4374/4707 1816/4373/4707 1653/4309/4707
f 1816/4373/4708 1943/4311/4709 1653/4309/4710
f 1816/4373/4708 2110/4308/4711 1943/4311/4709
f 1893/4304/4712 1082/4312/4712 1538/4306/4712
f 1893/4304/4712 1395/4313/4713 1082/4312/4712
f 1395/4313/4714 486/4308/4714 1082/4312/4714
f 1395/4313/4714 755/4307/4714 486/4308/4714
f 1538/4306/4715 565/4309/4715 998/4310/4715
f 1538/4306/4715 1082/4312/4715 565/4309/4715
f 1082/4312/4716 190/4311/4716 565/4309/4716
f 1082/4312/4716 486/4308/4716 190/4311/4716
f 1311/4375/4717 1872/4307/4717 1532/4308/4717
f 1236/4376/4718 1081/4309/4718 1022/4310/4718
f 1236/4376/4719 1311/4375/4719 1081/4309/4719
f 1311/4375/4720 1315/4311/4721 1081/4309/4722
f 1311/4375/4720 1532/4308/4723 1315/4311/4721
f 1356/4377/4724 2178/4313/4725 1815/4312/4726
f 1356/4377/4727 1396/4309/4727 971/4310/4727
f 1356/4377/4724 1815/4312/4726 1396/4309/4728
f 1527/4304/4729 1639/4378/4729 1200/4306/4729
f 1639/4378/4730 2738/4307/4730 2329/4308/4730
f 1200/4306/4731 1409/4309/4731 1005/4310/4731
f 1200/4306/4732 1639/4378/4732 1409/4309/4732
f 1639/4378/4733 2066/4311/4734 1409/4309/4735
f 1639/4378/4733 2329/4308/4736 2066/4311/4734
f 1886/4304/4737 954/4312/4737 1645/4306/4737
f 1886/4304/4737 1155/4313/4737 954/4312/4737
f 394/4304/4738 1237/4379/4739 787/4306/4740
f 394/4304/4738 749/4380/4741 1237/4379/4739
f 787/4306/4742 1913/4309/4742 1408/4310/4742
f 787/4306/4743 1237/4379/4743 1913/4309/4743
f 1237/4379/4744 2372/4311/4744 1913/4309/4744
f 107/4304/4745 9/4312/4745 195/4306/4745
f 195/4306/4746 51/4309/4746 332/4310/4746
f 195/4306/4747 9/4312/4747 51/4309/4747
f 1859/4304/4748 1103/4381/4748 1628/4306/4748
f 1103/4381/4749 964/4307/4749 748/4308/4749
f 1628/4306/4750 1014/4309/4750 1506/4310/4750
f 1628/4306/4751 1103/4381/4751 1014/4309/4751
f 1103/4381/4752 658/4311/4753 1014/4309/4754
f 1103/4381/4752 748/4308/4755 658/4311/4753
f 6604/4382/4756 6395/4307/4756 6717/4308/4756
f 6600/4383/4757 7062/4309/4757 7056/4310/4757
f 6600/4383/4758 6604/4382/4758 7062/4309/4758
f 6604/4382/4759 6891/4311/4760 7062/4309/4761
f 6604/4382/4759 6717/4308/4762 6891/4311/4760
f 7636/4304/4763 8019/4312/4763 7634/4306/4763
f 7636/4304/4763 8025/4313/4764 8019/4312/4763
f 7430/4304/4765 7759/4312/4765 7514/4306/4765
f 7430/4304/4765 7698/4313/4765 7759/4312/4765
f 6076/4384/4766 3244/4308/4766 5871/4312/4766
f 6076/4384/4767 3487/4307/4767 3244/4308/4767
f 5871/4312/4768 3244/4308/4768 3868/4311/4768
f 7310/4304/4769 7375/4312/4769 7366/4306/4769
f 7310/4304/4769 7335/4313/4769 7375/4312/4769
f 7335/4313/4770 7240/4308/4770 7375/4312/4770
f 7335/4313/4770 7173/4307/4770 7240/4308/4770
f 7042/4385/4771 7082/4308/4771 6838/4386/4771
f 7042/4385/4772 7250/4307/4772 7082/4308/4772
f 6838/4386/4773 6978/4311/4774 6705/4387/4775
f 6838/4386/4773 7082/4308/4776 6978/4311/4774
f 7483/4388/4777 7867/4309/4778 7521/4310/4779
f 7483/4388/4777 7832/4389/4780 7867/4309/4778
f 7832/4389/4781 8121/4311/4782 7867/4309/4783
f 7832/4389/4781 8107/4390/4784 8121/4311/4782
f 6691/4391/4785 7637/4309/4785 7249/4310/4785
f 6691/4391/4786 7350/4392/4786 7637/4309/4786
f 7350/4392/4787 8032/4311/4788 7637/4309/4789
f 7350/4392/4787 7825/4393/4790 8032/4311/4788
f 7201/4304/4791 7341/4312/4791 7077/4306/4791
f 7201/4304/4791 7412/4313/4791 7341/4312/4791
f 7077/4306/4792 7341/4312/4792 6348/4394/4792
f 7341/4312/4793 7083/4311/4793 6348/4394/4793
f 5614/4395/4794 6866/4307/4794 6517/4308/4794
f 4832/4396/4795 5306/4309/4795 4469/4310/4795
f 4832/4396/4796 5614/4395/4796 5306/4309/4796
f 5614/4395/4797 6383/4311/4798 5306/4309/4799
f 5614/4395/4797 6517/4308/4800 6383/4311/4798
f 7448/4397/4801 7801/4313/4802 7817/4312/4803
f 7448/4397/4804 7824/4309/4804 7480/4310/4804
f 7448/4397/4801 7817/4312/4803 7824/4309/4805
f 7817/4312/4806 8105/4311/4806 7824/4309/4806
f 7193/4352/4807 7364/4309/4808 7566/4310/4809
f 7193/4352/4807 6847/4398/4810 7364/4309/4808
f 6847/4398/4811 7109/4311/4812 7364/4309/4813
f 6847/4398/4811 6458/4331/4814 7109/4311/4812
f 7458/4304/4815 7669/4399/4815 7616/4306/4815
f 7616/4306/4816 7989/4309/4816 7831/4310/4816
f 7616/4306/4817 7669/4399/4817 7989/4309/4817
f 7669/4399/4818 8177/4311/4819 7989/4309/4820
f 7669/4399/4818 7953/4400/4821 8177/4311/4819
f 7481/4361/4822 7725/4309/4823 7763/4310/4823
f 7481/4361/4822 7429/4401/4822 7725/4309/4823
f 7429/4401/4824 7716/4311/4825 7725/4309/4826
f 7429/4401/4824 7409/4402/4827 7716/4311/4825
f 4911/4304/4828 3880/4403/4828 5467/4404/4828
f 5467/4404/4829 3880/4403/4829 4660/4309/4829
f 3880/4403/4830 3751/4311/4831 4660/4309/4832
f 3880/4403/4830 3156/4405/4833 3751/4311/4831
f 8080/4304/4834 8236/4312/4834 8173/4306/4834
f 8080/4304/4834 8169/4313/4834 8236/4312/4834
f 7965/4304/4835 8007/4312/4835 7797/4306/4835
f 7965/4304/4835 8138/4313/4835 8007/4312/4835
f 8138/4313/4836 8152/4308/4836 8007/4312/4836
f 8138/4313/4836 8231/4307/4836 8152/4308/4836
f 7797/4306/4837 7833/4309/4837 7603/4310/4837
f 7797/4306/4837 8007/4312/4837 7833/4309/4837
f 8007/4312/4838 8058/4311/4838 7833/4309/4838
f 8007/4312/4838 8152/4308/4838 8058/4311/4838
f 8136/4304/4839 8187/4312/4839 8125/4306/4839
f 8136/4304/4839 8202/4313/4840 8187/4312/4839
f 8202/4313/4841 8229/4308/4841 8187/4312/4841
f 8202/4313/4841 8233/4307/4841 8229/4308/4841
f 5915/4406/4842 3688/4313/4843 4145/4312/4844
f 3688/4313/4845 2589/4308/4845 4145/4312/4845
f 3688/4313/4845 2366/4307/4845 2589/4308/4845
f 5915/4406/4846 4406/4309/4846 6388/4310/4846
f 5915/4406/4842 4145/4312/4844 4406/4309/4847
f 4145/4312/4848 2705/4311/4848 4406/4309/4848
f 4145/4312/4848 2589/4308/4848 2705/4311/4848
f 3946/4304/4849 2443/4407/4849 3661/4306/4849
f 2443/4407/4850 1632/4307/4850 1492/4308/4850
f 3661/4306/4851 2198/4309/4851 3250/4310/4851
f 3661/4306/4852 2443/4407/4852 2198/4309/4852
f 2443/4407/4853 1335/4311/4854 2198/4309/4855
f 2443/4407/4853 1492/4308/4856 1335/4311/4854
f 6863/4304/4857 7054/4312/4857 7328/4306/4857
f 6863/4304/4857 6459/4313/4857 7054/4312/4857
f 6459/4313/4858 6642/4308/4858 7054/4312/4858
f 6459/4313/4858 5902/4307/4858 6642/4308/4858
f 7328/4306/4859 7411/4309/4859 7587/4310/4859
f 7328/4306/4859 7054/4312/4859 7411/4309/4859
f 7054/4312/4860 7144/4311/4860 7411/4309/4860
f 7054/4312/4860 6642/4308/4860 7144/4311/4860
f 6859/4304/4861 7530/4408/4862 6730/4306/4863
f 6859/4304/4861 7586/4313/4864 7530/4408/4862
f 7586/4313/4865 7964/4307/4865 7530/4408/4865
f 6730/4306/4866 7498/4309/4866 6644/4310/4866
f 6730/4306/4867 7530/4408/4867 7498/4309/4867
f 7530/4408/4868 7907/4311/4868 7498/4309/4868
f 7315/4304/4869 7552/4312/4869 7642/4306/4869
f 7315/4304/4869 7140/4313/4869 7552/4312/4869
f 7642/4306/4870 7762/4309/4870 7848/4310/4870
f 7642/4306/4870 7552/4312/4870 7762/4309/4870
f 7552/4312/4871 7699/4311/4871 7762/4309/4871
f 3276/4304/4872 2158/4409/4872 3138/4306/4872
f 2158/4409/4873 1452/4307/4873 1373/4308/4873
f 3138/4306/4874 2083/4309/4874 3007/4310/4874
f 3138/4306/4875 2158/4409/4875 2083/4309/4875
f 2158/4409/4876 1321/4311/4877 2083/4309/4878
f 2158/4409/4876 1373/4308/4879 1321/4311/4877
f 4956/4304/4880 5973/4312/4880 6363/4306/4880
f 4956/4304/4880 4157/4313/4880 5973/4312/4880
f 6363/4306/4881 6629/4309/4881 6931/4310/4881
f 6363/4306/4881 5973/4312/4881 6629/4309/4881
f 1580/4304/4882 1596/4410/4883 1294/4306/4884
f 1580/4304/4882 1919/4313/4885 1596/4410/4883
f 1919/4313/4886 2292/4307/4886 1596/4410/4886
f 1294/4306/4887 1596/4410/4887 1084/4309/4887
f 1596/4410/4888 1401/4311/4888 1084/4309/4888
f 2587/4382/4889 2863/4307/4889 2591/4308/4889
f 2759/4411/4890 2421/4309/4890 2595/4310/4890
f 2759/4411/4891 2587/4382/4891 2421/4309/4891
f 2587/4382/4892 2424/4311/4893 2421/4309/4894
f 2587/4382/4892 2591/4308/4895 2424/4311/4893
f 1760/4304/4896 2601/4313/4896 1870/4412/4896
f 2601/4313/4897 4222/4308/4897 1870/4412/4897
f 1870/4412/4898 2775/4309/4898 1932/4310/4898
f 1870/4412/4899 4330/4311/4900 2775/4309/4901
f 1870/4412/4899 4222/4308/4902 4330/4311/4900
f 1685/4413/4903 1671/4307/4903 1391/4308/4903
f 2033/4328/4904 1425/4309/4905 1744/4310/4906
f 2033/4328/4904 1685/4413/4907 1425/4309/4905
f 1685/4413/4908 1136/4311/4909 1425/4309/4910
f 1685/4413/4908 1391/4308/4911 1136/4311/4909
f 4638/4414/4912 6597/4309/4913 4542/4310/4914
f 4638/4414/4912 6632/4415/4915 6597/4309/4913
f 6632/4415/4916 7405/4311/4917 6597/4309/4918
f 6632/4415/4916 7418/4416/4919 7405/4311/4917
f 1973/4304/4920 2445/4312/4920 1866/4306/4920
f 1866/4306/4921 2445/4312/4921 1759/4417/4921
f 2445/4312/4922 2854/4311/4922 1759/4417/4922
f 3260/4304/4923 5075/4418/4923 3181/4306/4923
f 5075/4418/4924 6992/4307/4924 6944/4308/4924
f 3181/4306/4925 5598/4309/4925 3478/4310/4925
f 3181/4306/4926 5075/4418/4926 5598/4309/4926
f 5075/4418/4927 7081/4311/4928 5598/4309/4929
f 5075/4418/4927 6944/4308/4930 7081/4311/4928
f 1923/4304/4931 1227/4313/4931 825/4419/4931
f 1227/4313/4932 247/4308/4932 825/4419/4932
f 1227/4313/4933 483/4307/4933 247/4308/4933
f 825/4419/4934 776/4309/4934 1421/4310/4934
f 825/4419/4935 230/4311/4936 776/4309/4937
f 825/4419/4935 247/4308/4938 230/4311/4936
f 2526/4304/4939 1962/4312/4939 1780/4306/4939
f 2526/4304/4939 2702/4313/4940 1962/4312/4939
f 6817/4304/4941 7510/4312/4941 7185/4306/4941
f 6817/4304/4941 7292/4313/4941 7510/4312/4941
f 7292/4313/4942 7652/4308/4942 7510/4312/4942
f 7292/4313/4942 7471/4307/4942 7652/4308/4942
f 7185/4306/4943 7791/4309/4943 7583/4310/4943
f 7185/4306/4943 7510/4312/4943 7791/4309/4943
f 7510/4312/4944 7909/4311/4944 7791/4309/4944
f 7510/4312/4944 7652/4308/4944 7909/4311/4944
f 6460/4304/4945 6146/4312/4945 6721/4306/4945
f 6460/4304/4945 5749/4313/4945 6146/4312/4945
f 5749/4313/4946 3920/4308/4946 6146/4312/4946
f 5749/4313/4946 3467/4307/4946 3920/4308/4946
f 4178/4382/4947 2720/4307/4947 2909/4308/4947
f 6096/4411/4948 5003/4309/4948 6451/4310/4948
f 6096/4411/4949 4178/4382/4949 5003/4309/4949
f 4178/4382/4950 3023/4311/4951 5003/4309/4952
f 4178/4382/4950 2909/4308/4953 3023/4311/4951
f 2322/4327/4954 1798/4307/4954 1592/4308/4954
f 3179/4420/4955 2062/4309/4956 2811/4310/4957
f 3179/4420/4955 2322/4327/4958 2062/4309/4956
f 2322/4327/4959 1367/4311/4960 2062/4309/4961
f 2322/4327/4959 1592/4308/4962 1367/4311/4960
f 4654/4421/4963 3082/4309/4964 4424/4310/4965
f 4654/4421/4963 3223/4422/4966 3082/4309/4964
f 3223/4422/4967 2350/4311/4968 3082/4309/4969
f 3223/4422/4967 2451/4423/4970 2350/4311/4968
f 3716/4304/4971 2300/4313/4971 2115/4424/4971
f 2300/4313/4972 1178/4308/4972 2115/4424/4972
f 2300/4313/4973 1343/4307/4973 1178/4308/4973
f 2115/4424/4974 1942/4309/4974 3017/4310/4974
f 2115/4424/4975 1039/4311/4976 1942/4309/4977
f 2115/4424/4975 1178/4308/4978 1039/4311/4976
f 2585/4304/4979 1724/4425/4980 1354/4426/4981
f 2585/4304/4979 2412/4427/4982 1724/4425/4983
f 1354/4426/4984 1724/4425/4984 1314/4309/4984
f 1724/4425/4985 1203/4311/4985 1314/4309/4985
f 4955/4428/4986 5909/4309/4987 5703/4310/4988
f 4955/4428/4986 5287/4429/4989 5909/4309/4987
f 5287/4429/4990 6069/4311/4991 5909/4309/4992
f 5287/4429/4990 5580/4430/4993 6069/4311/4991
f 6592/4304/4994 5655/4431/4994 7206/4432/4994
f 5655/4431/4995 3792/4307/4995 5624/4308/4995
f 7206/4432/4996 5655/4431/4996 7245/4309/4996
f 5655/4431/4997 6645/4311/4998 7245/4309/4999
f 5655/4431/4997 5624/4308/5000 6645/4311/4998
f 6489/4304/5001 4735/4433/5001 6793/4306/5001
f 4735/4433/5002 2962/4307/5002 3425/4308/5002
f 6793/4306/5003 6125/4309/5003 7031/4310/5003
f 6793/4306/5004 4735/4433/5004 6125/4309/5004
f 4735/4433/5005 3890/4311/5006 6125/4309/5007
f 4735/4433/5005 3425/4308/5008 3890/4311/5006
f 7262/4304/5009 7806/4312/5009 7446/4306/5009
f 7262/4304/5009 7697/4313/5009 7806/4312/5009
f 7697/4313/5010 8068/4308/5010 7806/4312/5010
f 7697/4313/5011 7962/4307/5011 8068/4308/5011
f 7446/4306/5012 7980/4309/5012 7672/4310/5012
f 7446/4306/5012 7806/4312/5012 7980/4309/5012
f 7806/4312/5013 8164/4311/5013 7980/4309/5013
f 7806/4312/5013 8068/4308/5013 8164/4311/5013
f 6857/4304/5014 3692/4434/5014 6585/4435/5014
f 3692/4434/5015 5023/4308/5015 6585/4435/5015
f 6585/4435/5016 7174/4309/5016 7598/4310/5016
f 6585/4435/5017 6354/4311/5018 7174/4309/5019
f 6585/4435/5017 5023/4308/5020 6354/4311/5018
f 1740/4411/5021 2623/4313/5022 2123/4312/5023
f 2623/4313/5024 2319/4308/5024 2123/4312/5025
f 2623/4313/5024 2803/4307/5024 2319/4308/5024
f 1740/4411/5026 1552/4309/5026 1215/4310/5026
f 1740/4411/5021 2123/4312/5023 1552/4309/5027
f 4370/4304/5028 3073/4312/5028 4488/4306/5028
f 4370/4304/5028 2984/4313/5028 3073/4312/5028
f 2984/4313/5029 2553/4308/5029 3073/4312/5029
f 2984/4313/5029 2500/4307/5029 2553/4308/5029
f 4488/4306/5030 3455/4309/5030 5299/4310/5030
f 4488/4306/5031 3073/4312/5031 3455/4309/5031
f 540/4304/5032 224/4312/5032 479/4306/5032
f 540/4304/5032 262/4313/5032 224/4312/5032
f 262/4313/5033 282/4308/5033 224/4312/5033
f 262/4313/5033 328/4307/5033 282/4308/5033
f 479/4306/5034 495/4309/5034 893/4310/5034
f 479/4306/5034 224/4312/5034 495/4309/5034
f 224/4312/5035 595/4311/5035 495/4309/5035
f 224/4312/5035 282/4308/5035 595/4311/5035
f 212/4304/5036 3/4312/5036 174/4306/5036
f 212/4304/5037 8/4313/5037 3/4312/5037
f 174/4306/5038 189/4309/5038 677/4310/5038
f 174/4306/5039 3/4312/5039 189/4309/5039
f 3/4312/5040 101/4311/5040 189/4309/5040
f 20/4304/5041 61/4313/5041 10/4436/5041
f 61/4313/5042 289/4437/5042 10/4436/5042
f 10/4436/5043 427/4309/5043 278/4310/5043
f 10/4436/5044 1047/4311/5045 427/4309/5046
f 10/4436/5044 289/4437/5047 1047/4311/5045
f 6358/4304/5048 6608/4312/5049 6965/4306/5048
f 6358/4304/5048 5877/4313/5049 6608/4312/5049
f 5877/4313/5050 6475/4308/5050 6608/4312/5050
f 5877/4313/5050 5564/4307/5050 6475/4308/5050
f 6965/4306/5051 7290/4309/5051 7469/4310/5051
f 6965/4306/5051 6608/4312/5051 7290/4309/5051
f 6353/4304/5052 7184/4313/5052 6380/4438/5052
f 7184/4313/5053 7570/4308/5053 6380/4438/5053
f 7184/4313/5054 7563/4307/5054 7570/4308/5054
f 6380/4438/5055 7544/4309/5055 7009/4310/5055
f 6380/4438/5056 7780/4311/5057 7544/4309/5058
f 6380/4438/5056 7570/4308/5059 7780/4311/5057
f 6895/4304/5060 7139/4312/5060 7263/4306/5060
f 6895/4304/5061 6729/4313/5061 7139/4312/5061
f 7263/4306/5062 7619/4309/5062 7679/4310/5062
f 7263/4306/5063 7139/4312/5063 7619/4309/5063
f 3776/4304/5064 2735/4312/5064 3698/4306/5064
f 3776/4304/5064 2780/4313/5064 2735/4312/5064
f 4585/4304/5065 5408/4312/5065 5841/4306/5065
f 4585/4304/5066 4259/4313/5066 5408/4312/5066
f 5841/4306/5067 6586/4309/5067 6752/4310/5067
f 5841/4306/5067 5408/4312/5067 6586/4309/5067
f 351/4304/5068 130/4439/5068 393/4306/5068
f 393/4306/5069 457/4309/5069 869/4310/5069
f 393/4306/5070 130/4439/5070 457/4309/5070
f 130/4439/5071 560/4311/5072 457/4309/5073
f 130/4439/5071 193/4440/5074 560/4311/5072
f 144/4306/5075 138/4309/5075 631/4310/5075
f 2721/4304/5076 2232/4441/5076 2320/4306/5076
f 2232/4441/5077 2877/4307/5077 2514/4308/5077
f 2320/4306/5078 2093/4309/5078 2164/4310/5078
f 2320/4306/5079 2232/4441/5079 2093/4309/5079
f 2232/4441/5080 2328/4311/5081 2093/4309/5082
f 2232/4441/5080 2514/4308/5083 2328/4311/5081
f 264/4304/5084 133/4442/5084 338/4306/5084
f 338/4306/5085 480/4309/5085 739/4310/5085
f 338/4306/5086 133/4442/5086 480/4309/5086
f 133/4442/5087 717/4311/5088 480/4309/5089
f 133/4442/5087 253/4443/5090 717/4311/5088
f 3531/4304/5091 4123/4444/5091 5072/4306/5091
f 4123/4444/5092 5654/4307/5092 6579/4308/5092
f 5072/4306/5093 6935/4309/5093 6628/4310/5093
f 5072/4306/5094 4123/4444/5094 6935/4309/5094
f 4123/4444/5095 7338/4311/5096 6935/4309/5097
f 4123/4444/5095 6579/4308/5098 7338/4311/5096
f 4516/4445/5099 7092/4309/5100 6795/4310/5101
f 4516/4445/5099 5592/4395/5102 7092/4309/5100
f 5592/4395/5103 7061/4311/5104 7092/4309/5105
f 5592/4395/5103 5458/4446/5106 7061/4311/5104
f 4272/4304/5107 6136/4447/5107 5916/4306/5107
f 5916/4306/5108 7417/4309/5108 6919/4310/5108
f 5916/4306/5109 6136/4447/5109 7417/4309/5109
f 6136/4447/5110 7635/4311/5111 7417/4309/5112
f 6136/4447/5110 6712/4448/5113 7635/4311/5111
f 446/4304/5114 155/4312/5114 537/4306/5114
f 446/4304/5115 111/4313/5115 155/4312/5115
f 537/4306/5116 159/4309/5116 541/4310/5116
f 537/4306/5116 155/4312/5116 159/4309/5116
f 444/4449/5117 255/4313/5118 354/4312/5119
f 255/4313/5120 181/4308/5120 354/4312/5120
f 255/4313/5120 106/4307/5120 181/4308/5120
f 444/4449/5121 429/4309/5121 685/4310/5121
f 444/4449/5117 354/4312/5119 429/4309/5122
f 2275/4304/5123 1557/4312/5123 2240/4306/5124
f 2275/4304/5123 1595/4313/5123 1557/4312/5123
f 1595/4313/5125 1131/4308/5125 1557/4312/5125
f 1595/4313/5125 1157/4307/5125 1131/4308/5125
f 2240/4306/5126 1745/4309/5126 2478/4310/5126
f 2240/4306/5126 1557/4312/5126 1745/4309/5126
f 1557/4312/5127 1312/4311/5127 1745/4309/5127
f 1557/4312/5127 1131/4308/5127 1312/4311/5127
f 2625/4304/5128 3605/4312/5128 3161/4306/5128
f 2625/4304/5128 2853/4313/5128 3605/4312/5128
f 2853/4313/5129 3706/4308/5129 3605/4312/5129
f 2853/4313/5129 2936/4307/5129 3706/4308/5129
f 3161/4306/5130 5878/4309/5130 5219/4310/5130
f 3161/4306/5130 3605/4312/5130 5878/4309/5130
f 3605/4312/5131 5971/4311/5131 5878/4309/5131
f 3605/4312/5131 3706/4308/5131 5971/4311/5131
f 459/4304/5132 104/4312/5132 522/4306/5132
f 459/4304/5133 75/4313/5133 104/4312/5133
f 522/4306/5134 151/4309/5134 630/4310/5134
f 522/4306/5134 104/4312/5134 151/4309/5134
f 2153/4304/5135 1392/4312/5135 2111/4306/5136
f 2153/4304/5135 1443/4313/5135 1392/4312/5135
f 1810/4304/5137 1432/4450/5137 1430/4306/5137
f 1432/4450/5138 2101/4307/5138 1682/4308/5138
f 1430/4306/5139 1263/4309/5139 1261/4310/5139
f 1430/4306/5140 1432/4450/5140 1263/4309/5140
f 1432/4450/5141 1494/4311/5142 1263/4309/5143
f 1432/4450/5141 1682/4308/5144 1494/4311/5142
f 140/4304/5145 1/4312/5145 25/4306/5145
f 140/4304/5145 56/4313/5145 1/4312/5145
f 136/4304/5146 15/4312/5146 142/4306/5146
f 136/4304/5146 13/4313/5146 15/4312/5146
f 1604/4304/5147 935/4312/5147 1567/4306/5147
f 1604/4304/5147 961/4313/5147 935/4312/5147
f 961/4313/5148 481/4308/5148 935/4312/5148
f 961/4313/5148 498/4307/5148 481/4308/5148
f 1567/4306/5149 1024/4309/5149 1651/4310/5149
f 1567/4306/5149 935/4312/5149 1024/4309/5149
f 935/4312/5150 542/4311/5150 1024/4309/5151
f 935/4312/5150 481/4308/5150 542/4311/5150
f 1797/4304/5152 2390/4312/5152 1965/4306/5152
f 1797/4304/5152 2192/4313/5152 2390/4312/5152
f 2192/4313/5153 2396/4308/5153 2390/4312/5153
f 2192/4313/5154 2195/4307/5154 2396/4308/5154
f 1965/4306/5155 3414/4309/5155 2794/4310/5155
f 1965/4306/5156 2390/4312/5156 3414/4309/5156
f 2390/4312/5157 3420/4311/5157 3414/4309/5157
f 2390/4312/5157 2396/4308/5157 3420/4311/5157
f 1495/4304/5158 727/4312/5159 1530/4451/5160
f 1495/4304/5158 692/4313/5161 727/4312/5159
f 692/4313/5162 146/4308/5162 727/4312/5162
f 692/4313/5162 127/4307/5162 146/4308/5162
f 1530/4451/5163 727/4312/5163 889/4309/5163
f 1554/4304/5164 1360/4312/5165 1998/4306/5166
f 1554/4304/5164 403/4452/5167 1360/4312/5165
f 403/4452/5168 698/4308/5168 1360/4312/5168
f 1998/4306/5169 1988/4309/5169 2710/4310/5169
f 1998/4306/5169 1360/4312/5169 1988/4309/5169
f 1164/4304/5170 368/4312/5171 593/4453/5172
f 1164/4304/5170 228/4454/5173 368/4312/5171
f 228/4454/5174 78/4308/5174 368/4312/5174
f 593/4453/5175 368/4312/5175 254/4309/5175
f 527/4304/5176 433/4312/5176 258/4306/5176
f 527/4304/5176 802/4313/5176 433/4312/5176
f 802/4313/5177 373/4308/5177 433/4312/5177
f 802/4313/5177 720/4307/5177 373/4308/5177
f 258/4306/5178 433/4312/5178 88/4309/5178
f 664/4304/5179 204/4312/5179 653/4306/5179
f 664/4304/5179 213/4313/5179 204/4312/5179
f 653/4306/5180 83/4309/5180 422/4310/5180
f 653/4306/5181 204/4312/5181 83/4309/5181
f 578/4304/5182 198/4312/5182 478/4306/5182
f 578/4304/5182 251/4313/5182 198/4312/5182
f 478/4306/5183 45/4309/5183 209/4310/5183
f 478/4306/5183 198/4312/5183 45/4309/5183
f 2382/4304/5184 2059/4381/5184 1850/4306/5184
f 2059/4381/5185 3016/4307/5185 2482/4308/5185
f 1850/4306/5186 1709/4309/5186 1517/4310/5186
f 1850/4306/5187 2059/4381/5187 1709/4309/5187
f 2059/4381/5188 2089/4311/5189 1709/4309/5190
f 2059/4381/5188 2482/4308/5191 2089/4311/5189
f 1748/4304/5192 920/4312/5192 1583/4306/5193
f 1748/4304/5192 1067/4313/5192 920/4312/5192
f 1067/4313/5194 411/4308/5194 920/4312/5194
f 1067/4313/5194 507/4307/5194 411/4308/5194
f 1583/4306/5195 814/4309/5195 1461/4310/5195
f 1583/4306/5195 920/4312/5195 814/4309/5195
f 920/4312/5196 346/4311/5196 814/4309/5196
f 920/4312/5196 411/4308/5196 346/4311/5196
f 679/4304/5197 188/4312/5197 624/4306/5197
f 679/4304/5197 219/4313/5197 188/4312/5197
f 624/4306/5198 69/4309/5198 392/4310/5198
f 624/4306/5198 188/4312/5198 69/4309/5198
f 2353/4304/5199 2075/4312/5199 2755/4306/5199
f 2353/4304/5199 1700/4313/5199 2075/4312/5199
f 1700/4313/5200 1470/4308/5200 2075/4312/5200
f 1700/4313/5200 1141/4307/5200 1470/4308/5200
f 2755/4306/5201 2491/4309/5201 3279/4310/5201
f 2755/4306/5202 2075/4312/5202 2491/4309/5202
f 2075/4312/5203 1814/4311/5203 2491/4309/5203
f 2075/4312/5203 1470/4308/5203 1814/4311/5203
f 2859/4304/5204 3664/4455/5204 3457/4306/5204
f 3664/4455/5205 4721/4307/5205 5914/4308/5205
f 3457/4306/5206 5713/4309/5206 4271/4310/5206
f 3457/4306/5207 3664/4455/5207 5713/4309/5207
f 3664/4455/5208 6441/4311/5209 5713/4309/5210
f 3664/4455/5208 5914/4308/5211 6441/4311/5209
f 237/4304/5212 42/4312/5212 74/4306/5212
f 237/4304/5212 154/4313/5212 42/4312/5212
f 217/4306/5213 43/4309/5213 414/4310/5213
f 2847/4304/5214 5190/4313/5214 2149/4456/5214
f 5190/4313/5215 6614/4457/5215 2149/4456/5215
f 2149/4456/5216 6184/4311/5217 3456/4309/5218
f 2149/4456/5216 6614/4457/5219 6184/4311/5217
f 3303/4304/5220 5520/4313/5220 4122/4458/5220
f 5520/4313/5221 6811/4459/5221 4122/4458/5221
f 4122/4458/5222 6720/4309/5222 5275/4310/5222
f 4122/4458/5223 7415/4311/5224 6720/4309/5225
f 4122/4458/5223 6811/4459/5226 7415/4311/5224
f 2748/4304/5227 2267/4312/5227 3122/4306/5227
f 2748/4304/5227 1981/4313/5227 2267/4312/5227
f 1981/4313/5228 1478/4308/5228 2267/4312/5228
f 1981/4313/5228 1238/4307/5228 1478/4308/5228
f 3122/4306/5229 2532/4309/5229 3548/4310/5229
f 3122/4306/5229 2267/4312/5229 2532/4309/5229
f 2939/4304/5230 4289/4460/5230 3982/4461/5230
f 4289/4460/5231 6867/4308/5231 3982/4461/5231
f 3982/4461/5232 6580/4309/5232 5385/4310/5232
f 3982/4461/5233 7275/4311/5234 6580/4309/5235
f 3982/4461/5233 6867/4308/5236 7275/4311/5234
f 2930/4304/5237 2307/4312/5237 3587/4306/5237
f 2930/4304/5237 1946/4313/5237 2307/4312/5237
f 7715/4462/5238 8076/4309/5238 7899/4310/5238
f 7715/4462/5239 7918/4463/5239 8076/4309/5239
f 1514/4304/5240 913/4464/5240 1504/4306/5240
f 913/4464/5241 520/4307/5241 513/4308/5241
f 1504/4306/5242 1026/4309/5242 1618/4310/5242
f 1504/4306/5243 913/4464/5243 1026/4309/5243
f 913/4464/5244 599/4311/5245 1026/4309/5246
f 913/4464/5244 513/4308/5247 599/4311/5245
f 2157/4304/5248 2487/4312/5248 2761/4306/5248
f 2157/4304/5248 1892/4313/5248 2487/4312/5248
f 1892/4313/5249 2309/4308/5249 2487/4312/5249
f 1892/4313/5249 1756/4307/5249 2309/4308/5249
f 2761/4306/5250 3267/4309/5250 3801/4310/5250
f 2761/4306/5250 2487/4312/5250 3267/4309/5250
f 2215/4304/5251 3495/4312/5251 2233/4306/5251
f 2215/4304/5251 3477/4313/5251 3495/4312/5251
f 3477/4313/5252 5884/4308/5252 3495/4312/5252
f 3477/4313/5252 5870/4307/5252 5884/4308/5252
f 2233/4306/5253 3846/4309/5253 2447/4310/5253
f 2233/4306/5253 3495/4312/5253 3846/4309/5253
f 3495/4312/5254 6180/4311/5254 3846/4309/5254
f 3495/4312/5254 5884/4308/5254 6180/4311/5254
f 2471/4304/5255 2770/4313/5255 3340/4465/5255
f 2770/4313/5256 4518/4308/5256 3340/4465/5256
f 3340/4465/5257 6004/4309/5257 5305/4310/5257
f 3340/4465/5258 6370/4311/5259 6004/4309/5260
f 3340/4465/5258 4518/4308/5261 6370/4311/5259
f 1841/4304/5262 2293/4312/5262 2483/4306/5262
f 1841/4304/5262 1696/4313/5262 2293/4312/5262
f 2483/4306/5263 3222/4309/5263 3512/4310/5263
f 2483/4306/5263 2293/4312/5263 3222/4309/5263
f 1625/4304/5264 1346/4312/5264 2099/4306/5264
f 1625/4304/5264 927/4313/5264 1346/4312/5264
f 1385/4304/5265 1180/4312/5265 1032/4306/5265
f 1385/4304/5265 1571/4313/5265 1180/4312/5265
f 1571/4313/5266 1553/4308/5266 1180/4312/5266
f 1571/4313/5266 1983/4307/5266 1553/4308/5266
f 1032/4306/5267 953/4309/5267 790/4310/5267
f 1032/4306/5267 1180/4312/5267 953/4309/5267
f 1180/4312/5268 1325/4311/5268 953/4309/5268
f 7110/4466/5269 6890/4307/5269 7112/4308/5269
f 7202/4328/5270 7398/4309/5271 7461/4310/5272
f 7202/4328/5270 7110/4466/5273 7398/4309/5271
f 7110/4466/5274 7248/4311/5275 7398/4309/5276
f 7110/4466/5274 7112/4308/5277 7248/4311/5275
f 663/4467/5278 117/4308/5278 638/4468/5278
f 663/4467/5279 122/4307/5279 117/4308/5279
f 638/4468/5280 171/4311/5281 759/4309/5282
f 638/4468/5280 117/4308/5283 171/4311/5281
f 1668/4469/5284 1690/4309/5284 2709/4310/5284
f 1668/4469/5285 831/4470/5285 1690/4309/5285
f 831/4470/5286 707/4311/5287 1690/4309/5288
f 831/4470/5286 173/4471/5289 707/4311/5287
f 835/4472/5290 257/4473/5290 1243/4474/5290
f 1243/4474/5291 948/4311/5292 1773/4475/5293
f 1243/4474/5291 257/4473/5294 948/4311/5292
f 1364/4476/5295 592/4313/5296 873/4312/5297
f 592/4313/5298 232/4308/5298 873/4312/5299
f 592/4313/5298 103/4307/5298 232/4308/5298
f 1364/4476/5300 1351/4309/5300 2234/4310/5300
f 1364/4476/5295 873/4312/5297 1351/4309/5301
f 813/4304/5302 546/4312/5302 470/4306/5303
f 813/4304/5302 914/4313/5302 546/4312/5302
f 914/4313/5304 723/4308/5304 546/4312/5304
f 470/4306/5305 326/4309/5305 274/4310/5305
f 470/4306/5305 546/4312/5305 326/4309/5305
f 753/4477/5306 360/4313/5307 381/4312/5308
f 360/4313/5309 218/4308/5309 381/4312/5309
f 360/4313/5309 203/4307/5309 218/4308/5309
f 753/4477/5310 476/4309/5310 930/4310/5310
f 753/4477/5306 381/4312/5308 476/4309/5311
f 984/4304/5312 461/4478/5312 1139/4479/5312
f 461/4478/5313 837/4308/5313 1139/4479/5313
f 1139/4479/5314 1587/4311/5315 1938/4480/5316
f 1139/4479/5314 837/4308/5317 1587/4311/5315
f 758/4481/5318 202/4313/5319 271/4312/5320
f 758/4481/5321 425/4309/5321 1179/4310/5321
f 758/4481/5318 271/4312/5320 425/4309/5322
f 271/4312/5323 35/4311/5323 425/4309/5323
f 395/4482/5324 340/4309/5324 310/4310/5324
f 395/4482/5325 424/4483/5325 340/4309/5325
f 579/4304/5326 139/4312/5326 643/4306/5326
f 579/4304/5326 115/4313/5326 139/4312/5326
f 643/4306/5327 225/4309/5327 832/4310/5327
f 643/4306/5327 139/4312/5327 225/4309/5327
f 447/4304/5328 81/4312/5328 316/4306/5328
f 316/4306/5329 62/4309/5329 266/4310/5329
f 3933/4304/5330 6224/4484/5330 3941/4306/5330
f 6224/4484/5331 7381/4307/5331 7384/4308/5331
f 3941/4306/5332 6529/4309/5332 4581/4310/5332
f 3941/4306/5333 6224/4484/5333 6529/4309/5333
f 6224/4484/5334 7523/4311/5335 6529/4309/5336
f 6224/4484/5334 7384/4308/5337 7523/4311/5335
f 2049/4304/5338 2078/4312/5338 1652/4306/5338
f 2049/4304/5338 2528/4313/5338 2078/4312/5338
f 1652/4306/5339 2018/4309/5339 1602/4310/5339
f 1394/4304/5340 761/4312/5340 1072/4306/5340
f 1394/4304/5340 1077/4313/5340 761/4312/5340
f 1077/4313/5341 598/4308/5341 761/4312/5341
f 1072/4306/5342 657/4309/5342 960/4310/5342
f 1072/4306/5342 761/4312/5342 657/4309/5342
f 761/4312/5343 501/4311/5343 657/4309/5343
f 761/4312/5343 598/4308/5343 501/4311/5343
f 1829/4304/5344 1634/4485/5344 2286/4306/5344
f 1634/4485/5345 1591/4307/5345 2022/4308/5345
f 2286/4306/5346 2713/4309/5346 2951/4310/5346
f 2286/4306/5347 1634/4485/5347 2713/4309/5347
f 1634/4485/5348 2661/4311/5349 2713/4309/5350
f 1634/4485/5348 2022/4308/5351 2661/4311/5349
f 2105/4486/5352 1790/4307/5352 2061/4308/5352
f 2358/4487/5353 2652/4309/5354 2895/4310/5355
f 2358/4487/5353 2105/4486/5356 2652/4309/5354
f 2105/4486/5357 2301/4311/5358 2652/4309/5359
f 2105/4486/5357 2061/4308/5360 2301/4311/5358
f 2543/4304/5361 3759/4313/5361 2918/4488/5361
f 3759/4313/5362 6563/4308/5362 2918/4488/5362
f 3759/4313/5363 6077/4307/5363 6563/4308/5363
f 2918/4488/5364 6858/4311/5365 3354/4489/5366
f 2918/4488/5364 6563/4308/5367 6858/4311/5368
f 2359/4490/5369 2798/4308/5369 2943/4491/5369
f 2359/4490/5370 2209/4307/5370 2798/4308/5370
f 2943/4491/5371 3859/4309/5371 4194/4310/5371
f 2943/4491/5372 3647/4311/5373 3859/4309/5374
f 2943/4491/5372 2798/4308/5375 3647/4311/5373
f 7334/4304/5376 7738/4312/5376 7324/4306/5376
f 7334/4304/5376 7743/4313/5376 7738/4312/5376
f 6846/4306/5377 4555/4309/5377 6156/4310/5377
f 2064/4492/5378 2282/4309/5379 2733/4310/5380
f 2064/4492/5378 1657/4493/5381 2282/4309/5379
f 1657/4493/5382 1975/4311/5383 2282/4309/5384
f 1657/4493/5382 1375/4494/5385 1975/4311/5383
f 2176/4304/5386 2129/4495/5386 2520/4496/5386
f 2129/4495/5387 2460/4308/5387 2520/4496/5387
f 2520/4496/5388 3488/4309/5388 3444/4310/5388
f 2520/4496/5389 3352/4311/5390 3488/4309/5391
f 2520/4496/5389 2460/4308/5392 3352/4311/5390
f 2143/4497/5393 2715/4309/5394 3704/4310/5395
f 2143/4497/5393 1541/4498/5396 2715/4309/5394
f 1541/4498/5397 1972/4311/5398 2715/4309/5399
f 1541/4498/5397 944/4499/5400 1972/4311/5398
f 1035/4304/5401 622/4500/5401 880/4306/5401
f 622/4500/5402 703/4307/5402 580/4308/5402
f 880/4306/5403 683/4309/5403 967/4310/5403
f 880/4306/5404 622/4500/5404 683/4309/5404
f 622/4500/5405 650/4311/5406 683/4309/5407
f 622/4500/5405 580/4308/5408 650/4311/5406
f 1348/4304/5409 1509/4313/5409 1603/4501/5409
f 1509/4313/5410 1794/4308/5410 1603/4501/5410
f 1509/4313/5411 1518/4307/5411 1794/4308/5411
f 1603/4501/5412 2545/4309/5412 2315/4310/5412
f 1603/4501/5413 2559/4311/5414 2545/4309/5415
f 1603/4501/5413 1794/4308/5416 2559/4311/5414
f 1362/4304/5417 730/4502/5417 1792/4306/5417
f 730/4502/5418 192/4307/5418 390/4308/5418
f 1792/4306/5419 1713/4309/5419 2505/4310/5419
f 1792/4306/5420 730/4502/5420 1713/4309/5420
f 730/4502/5421 860/4311/5422 1713/4309/5423
f 730/4502/5421 390/4308/5424 860/4311/5422
f 7374/4304/5425 6646/4312/5425 7008/4306/5425
f 7374/4304/5425 7136/4313/5425 6646/4312/5425
f 7008/4306/5426 6220/4309/5426 6602/4310/5426
f 7008/4306/5426 6646/4312/5426 6220/4309/5426
f 547/4503/5427 406/4307/5427 397/4308/5427
f 932/4504/5428 654/4309/5428 1045/4310/5428
f 932/4504/5429 547/4503/5429 654/4309/5429
f 547/4503/5430 477/4311/5431 654/4309/5432
f 547/4503/5430 397/4308/5433 477/4311/5431
f 950/4304/5434 334/4312/5434 1009/4306/5434
f 950/4304/5434 306/4313/5434 334/4312/5434
f 1009/4306/5435 538/4309/5435 1316/4310/5435
f 1009/4306/5435 334/4312/5435 538/4309/5435
f 334/4312/5436 66/4311/5436 538/4309/5436
f 895/4505/5437 551/4309/5438 1212/4310/5439
f 895/4505/5437 345/4506/5440 551/4309/5438
f 345/4506/5441 89/4311/5442 551/4309/5443
f 345/4506/5441 38/4308/5444 89/4311/5442
f 1088/4304/5445 970/4313/5445 1333/4507/5445
f 970/4313/5446 1433/4308/5446 1333/4507/5446
f 970/4313/5447 1061/4307/5447 1433/4308/5447
f 1333/4507/5448 2028/4309/5448 2168/4310/5448
f 1333/4507/5449 2146/4311/5450 2028/4309/5451
f 1333/4507/5449 1433/4308/5452 2146/4311/5450
f 1130/4304/5453 2058/4312/5453 1279/4306/5453
f 1130/4304/5453 1905/4313/5453 2058/4312/5453
f 1905/4313/5454 2647/4308/5454 2058/4312/5454
f 1905/4313/5454 2499/4307/5454 2647/4308/5454
f 1279/4306/5455 2708/4309/5455 1803/4310/5455
f 1279/4306/5455 2058/4312/5455 2708/4309/5455
f 2058/4312/5456 3551/4311/5456 2708/4309/5456
f 2058/4312/5456 2647/4308/5456 3551/4311/5456
f 1145/4304/5457 1303/4508/5457 1482/4509/5457
f 1303/4508/5458 1684/4308/5458 1482/4509/5458
f 1482/4509/5459 2538/4309/5459 2324/4310/5459
f 1482/4509/5460 2584/4311/5461 2538/4309/5462
f 1482/4509/5460 1684/4308/5463 2584/4311/5461
f 769/4304/5464 621/4312/5464 997/4306/5464
f 769/4304/5464 442/4313/5464 621/4312/5464
f 442/4313/5465 244/4308/5465 621/4312/5465
f 442/4313/5465 150/4307/5465 244/4308/5465
f 997/4306/5466 1134/4309/5466 1537/4310/5466
f 997/4306/5466 621/4312/5466 1134/4309/5466
f 621/4312/5467 589/4311/5467 1134/4309/5467
f 621/4312/5467 244/4308/5467 589/4311/5467
f 669/4304/5468 79/4312/5468 396/4306/5468
f 1282/4304/5469 1197/4312/5469 1453/4306/5469
f 1282/4304/5469 1033/4313/5469 1197/4312/5469
f 850/4510/5470 484/4308/5470 1055/4511/5470
f 850/4510/5471 356/4307/5471 484/4308/5471
f 1055/4511/5472 1672/4309/5472 2276/4310/5472
f 1055/4511/5473 1040/4311/5474 1672/4309/5475
f 1055/4511/5473 484/4308/5476 1040/4311/5474
f 1283/4304/5477 845/4512/5477 1459/4306/5477
f 1459/4306/5478 1472/4309/5478 1957/4310/5478
f 1459/4306/5479 845/4512/5479 1472/4309/5479
f 845/4512/5480 781/4311/5480 1472/4309/5481
f 845/4512/5480 423/4308/5482 781/4311/5480
f 912/4306/5483 270/4309/5483 853/4310/5483
f 3976/4304/5484 6379/4312/5484 4236/4306/5484
f 3976/4304/5484 6273/4313/5484 6379/4312/5484
f 6273/4313/5485 7313/4308/5485 6379/4312/5485
f 6273/4313/5485 7239/4307/5485 7313/4308/5485
f 2043/4304/5486 1264/4312/5486 1489/4306/5486
f 1489/4306/5487 715/4309/5487 942/4310/5487
f 1489/4306/5487 1264/4312/5487 715/4309/5487
f 1890/4304/5488 905/4312/5488 1565/4306/5489
f 1890/4304/5488 1199/4313/5488 905/4312/5488
f 1199/4313/5490 285/4308/5490 905/4312/5490
f 1565/4306/5491 508/4309/5491 1112/4310/5491
f 1565/4306/5491 905/4312/5491 508/4309/5491
f 905/4312/5492 100/4311/5492 508/4309/5492
f 1906/4304/5493 1355/4312/5493 2020/4306/5493
f 1906/4304/5493 1269/4313/5493 1355/4312/5493
f 1269/4313/5494 616/4308/5494 1355/4312/5494
f 1269/4313/5494 539/4307/5494 616/4308/5494
f 2020/4306/5495 1862/4309/5495 2617/4310/5495
f 2020/4306/5495 1355/4312/5495 1862/4309/5495
f 1355/4312/5496 1068/4311/5496 1862/4309/5496
f 1355/4312/5496 616/4308/5496 1068/4311/5496
f 1835/4304/5497 846/4312/5498 1769/4306/5497
f 1835/4304/5497 919/4313/5498 846/4312/5498
f 919/4313/5499 220/4308/5499 846/4312/5499
f 1769/4306/5500 799/4309/5500 1699/4310/5500
f 1769/4306/5500 846/4312/5500 799/4309/5500
f 846/4312/5501 197/4311/5501 799/4309/5501
f 1380/4304/5502 1176/4313/5502 1083/4513/5502
f 1176/4313/5503 1054/4308/5503 1083/4513/5503
f 1176/4313/5504 1150/4307/5504 1054/4308/5504
f 1083/4513/5505 552/4309/5505 734/4310/5505
f 1083/4513/5506 530/4311/5507 552/4309/5508
f 1083/4513/5506 1054/4308/5509 530/4311/5507
f 1331/4304/5510 1969/4313/5510 877/4514/5510
f 1969/4313/5511 2236/4308/5511 877/4514/5511
f 1969/4313/5512 2796/4307/5512 2236/4308/5512
f 877/4514/5513 867/4309/5513 384/4310/5513
f 877/4514/5514 1544/4311/5515 867/4309/5516
f 877/4514/5514 2236/4308/5517 1544/4311/5515
f 4717/4515/5518 6549/4309/5519 5027/4310/5520
f 4717/4515/5518 6462/4516/5521 6549/4309/5519
f 6462/4516/5522 7272/4311/5523 6549/4309/5524
f 6462/4516/5522 7221/4517/5525 7272/4311/5523
f 7049/4518/5526 7719/4307/5526 7783/4308/5526
f 5961/4519/5527 7428/4309/5527 6693/4310/5527
f 5961/4519/5528 7049/4518/5528 7428/4309/5528
f 7049/4518/5529 7919/4311/5530 7428/4309/5531
f 7049/4518/5529 7783/4308/5532 7919/4311/5530
f 2135/4520/5533 2576/4313/5534 2271/4312/5535
f 2576/4313/5536 2917/4308/5536 2271/4312/5536
f 2576/4313/5536 3356/4307/5536 2917/4308/5536
f 2135/4520/5537 2323/4309/5537 2181/4310/5537
f 2135/4520/5533 2271/4312/5535 2323/4309/5538
f 2271/4312/5539 2972/4311/5539 2323/4309/5539
f 2271/4312/5539 2917/4308/5539 2972/4311/5539
f 1149/4304/5540 583/4312/5540 766/4306/5540
f 1149/4304/5540 959/4313/5541 583/4312/5540
f 959/4313/5542 610/4308/5542 583/4312/5542
f 959/4313/5543 999/4307/5543 610/4308/5543
f 766/4306/5544 450/4309/5544 603/4310/5544
f 766/4306/5544 583/4312/5544 450/4309/5544
f 583/4312/5545 473/4311/5545 450/4309/5545
f 583/4312/5545 610/4308/5545 473/4311/5545
f 1299/4304/5546 666/4521/5546 1412/4306/5546
f 666/4521/5547 243/4307/5547 300/4308/5547
f 1412/4306/5548 897/4309/5548 1542/4310/5548
f 1412/4306/5549 666/4521/5549 897/4309/5549
f 666/4521/5550 370/4311/5551 897/4309/5552
f 666/4521/5550 300/4308/5553 370/4311/5551
f 1516/4522/5554 634/4309/5554 1174/4310/5554
f 1516/4522/5555 940/4523/5555 634/4309/5555
f 1663/4304/5556 2265/4524/5556 2280/4525/5556
f 2265/4524/5557 4204/4308/5557 2280/4525/5557
f 2280/4525/5558 4000/4309/5558 2881/4310/5558
f 2280/4525/5559 5901/4311/5560 4000/4309/5561
f 2280/4525/5559 4204/4308/5562 5901/4311/5560
f 1958/4304/5563 2387/4312/5563 2673/4306/5563
f 1958/4304/5563 1683/4313/5564 2387/4312/5563
f 1683/4313/5565 2117/4308/5565 2387/4312/5565
f 1683/4313/5565 1468/4307/5565 2117/4308/5565
f 2673/4306/5566 3093/4309/5566 3637/4310/5566
f 2673/4306/5567 2387/4312/5567 3093/4309/5567
f 2387/4312/5568 2779/4311/5568 3093/4309/5569
f 2387/4312/5568 2117/4308/5568 2779/4311/5568
f 1350/4304/5570 531/4526/5570 1555/4527/5570
f 531/4526/5571 93/4307/5571 175/4308/5571
f 1555/4527/5572 531/4526/5572 901/4309/5572
f 531/4526/5573 260/4311/5574 901/4309/5575
f 531/4526/5573 175/4308/5576 260/4311/5574
f 460/4304/5577 308/4312/5577 267/4306/5577
f 460/4304/5577 514/4313/5578 308/4312/5577
f 514/4313/5579 618/4307/5579 371/4308/5579
f 1751/4304/5580 710/4312/5580 1463/4306/5580
f 1751/4304/5580 973/4313/5580 710/4312/5580
f 973/4313/5581 185/4308/5581 710/4312/5581
f 1463/4306/5582 602/4309/5582 1347/4310/5582
f 1463/4306/5582 710/4312/5582 602/4309/5582
f 710/4312/5583 128/4311/5583 602/4309/5583
f 199/4306/5584 18/4309/5584 287/4310/5584
f 272/4304/5585 87/4312/5585 59/4306/5585
f 272/4304/5585 341/4313/5585 87/4312/5585
f 1679/4304/5586 743/4312/5586 1490/4306/5586
f 1679/4304/5586 907/4313/5586 743/4312/5586
f 1490/4306/5587 586/4309/5587 1327/4310/5587
f 1490/4306/5587 743/4312/5587 586/4309/5587
f 743/4312/5588 152/4311/5588 586/4309/5588
f 866/4528/5589 772/4309/5589 925/4310/5589
f 866/4528/5590 719/4529/5590 772/4309/5590
f 719/4529/5591 962/4311/5592 772/4309/5593
f 719/4529/5591 894/4530/5594 962/4311/5592
f 836/4304/5595 985/4313/5595 731/4531/5595
f 985/4313/5596 1058/4308/5596 731/4531/5596
f 985/4313/5597 1171/4307/5597 1058/4308/5597
f 731/4531/5598 467/4309/5598 380/4310/5598
f 731/4531/5599 636/4311/5600 467/4309/5601
f 731/4531/5599 1058/4308/5602 636/4311/5600
f 672/4304/5603 97/4312/5603 313/4306/5603
f 672/4304/5603 311/4313/5603 97/4312/5603
f 1667/4532/5604 2717/4309/5605 2374/4310/5606
f 1667/4532/5604 1994/4533/5607 2717/4309/5605
f 1994/4533/5608 4152/4311/5609 2717/4309/5610
f 1994/4533/5608 2862/4534/5611 4152/4311/5609
f 2639/4304/5612 1647/4312/5612 2633/4306/5612
f 2633/4306/5613 1615/4309/5613 2590/4310/5613
f 2633/4306/5613 1647/4312/5613 1615/4309/5613
f 1647/4312/5614 808/4311/5614 1615/4309/5614
f 1477/4304/5615 372/4312/5615 969/4306/5615
f 1477/4304/5615 779/4313/5615 372/4312/5615
f 779/4313/5616 53/4308/5616 372/4312/5616
f 969/4306/5617 359/4309/5617 937/4310/5617
f 969/4306/5617 372/4312/5617 359/4309/5617
f 1779/4304/5618 1277/4313/5618 1423/4535/5618
f 1277/4313/5619 714/4308/5619 1423/4535/5619
f 1277/4313/5620 576/4307/5620 714/4308/5620
f 1423/4535/5621 1878/4309/5621 2490/4310/5621
f 1423/4535/5622 1120/4311/5623 1878/4309/5624
f 1423/4535/5622 714/4308/5625 1120/4311/5623
f 6497/4536/5626 7243/4309/5627 7027/4310/5628
f 6497/4536/5626 6807/4537/5629 7243/4309/5627
f 6807/4537/5630 7629/4311/5631 7243/4309/5632
f 6807/4537/5630 7401/4538/5633 7629/4311/5631
f 4470/4539/5634 2773/4308/5634 4210/4540/5634
f 4470/4539/5635 2896/4307/5635 2773/4308/5635
f 4210/4540/5636 4627/4309/5636 6362/4310/5636
f 4210/4540/5637 2961/4311/5638 4627/4309/5639
f 4210/4540/5637 2773/4308/5640 2961/4311/5638
f 4184/4541/5641 2571/4308/5641 4258/4542/5641
f 4184/4541/5642 2550/4307/5642 2571/4308/5642
f 4258/4542/5643 4526/4309/5643 6665/4310/5643
f 4258/4542/5644 2701/4311/5645 4526/4309/5646
f 4258/4542/5644 2571/4308/5647 2701/4311/5645
f 6526/4304/5648 7279/4309/5649 6954/4310/5650
f 6526/4304/5648 6962/4543/5651 7279/4309/5649
f 6962/4543/5652 7639/4311/5653 7279/4309/5654
f 6962/4543/5652 7464/4544/5655 7639/4311/5653
f 6687/4304/5656 5745/4313/5656 5730/4545/5656
f 5745/4313/5657 3703/4308/5657 5730/4545/5657
f 5745/4313/5658 3707/4307/5658 3703/4308/5658
f 5730/4545/5659 6007/4309/5659 6831/4310/5659
f 5730/4545/5660 4014/4311/5661 6007/4309/5662
f 5730/4545/5660 3703/4308/5663 4014/4311/5661
f 2259/4313/5664 1304/4308/5664 2208/4312/5664
f 2259/4313/5664 1341/4307/5664 1304/4308/5664
f 3440/4306/5665 2208/4312/5665 2423/4546/5665
f 2208/4312/5666 1447/4311/5667 2423/4546/5668
f 2208/4312/5666 1304/4308/5669 1447/4311/5667
f 6532/4304/5670 6468/4313/5670 6256/4547/5670
f 6468/4313/5671 6098/4548/5671 6256/4547/5671
f 6256/4547/5672 6089/4309/5672 6217/4310/5672
f 6256/4547/5673 5960/4311/5674 6089/4309/5675
f 6256/4547/5673 6098/4548/5676 5960/4311/5674
f 7358/4549/5677 8056/4309/5677 7748/4310/5677
f 7358/4549/5678 7742/4550/5678 8056/4309/5678
f 7584/4421/5679 8115/4309/5680 7854/4310/5681
f 7584/4421/5679 7910/4551/5682 8115/4309/5680
f 7826/4304/5683 7917/4312/5683 7731/4306/5683
f 7826/4304/5683 7998/4313/5683 7917/4312/5683
f 7731/4306/5684 7922/4309/5684 7732/4310/5684
f 7731/4306/5685 7917/4312/5685 7922/4309/5685
f 7615/4552/5686 8157/4309/5686 7933/4310/5686
f 7615/4552/5687 7945/4553/5687 8157/4309/5687
f 7757/4304/5688 7954/4312/5688 7914/4306/5688
f 7757/4304/5688 7804/4313/5688 7954/4312/5688
f 1606/4554/5689 1345/4309/5690 1984/4310/5691
f 1606/4554/5689 1020/4555/5692 1345/4309/5690
f 1020/4555/5693 939/4311/5694 1345/4309/5695
f 1020/4555/5693 627/4556/5696 939/4311/5694
f 7234/4304/5697 7094/4557/5697 7425/4306/5697
f 7094/4557/5698 6710/4307/5698 7025/4308/5698
f 7425/4306/5699 7416/4309/5699 7507/4310/5699
f 7425/4306/5700 7094/4557/5700 7416/4309/5700
f 7094/4557/5701 7145/4311/5702 7416/4309/5703
f 7094/4557/5701 7025/4308/5704 7145/4311/5702
f 7143/4558/5705 7621/4313/5706 7602/4312/5707
f 7621/4313/5708 7754/4308/5708 7602/4312/5708
f 7621/4313/5708 7779/4307/5708 7754/4308/5708
f 7143/4558/5709 7477/4309/5709 6924/4310/5709
f 7143/4558/5705 7602/4312/5707 7477/4309/5710
f 6830/4304/5711 7055/4312/5711 6373/4306/5711
f 6830/4304/5711 7356/4313/5711 7055/4312/5711
f 7356/4313/5712 7241/4308/5712 7055/4312/5712
f 7356/4313/5712 7478/4307/5712 7241/4308/5712
f 6373/4306/5713 6268/4309/5713 4603/4310/5713
f 6373/4306/5714 7055/4312/5714 6268/4309/5714
f 6897/4304/5715 7298/4312/5715 6606/4306/5715
f 6897/4304/5715 7444/4313/5715 7298/4312/5715
f 8239/4559/5716 8144/4560/5716 8069/4561/5716
f 8130/4562/5717 8243/4563/5717 8133/4559/5717
f 8130/4562/5717 8241/4564/5717 8243/4563/5717
f 8133/4559/5718 8153/4560/5718 7950/4561/5718
f 8133/4559/5718 8243/4563/5718 8153/4560/5718
f 8040/4562/5719 8205/4563/5719 7993/4559/5719
f 8040/4562/5719 8223/4564/5719 8205/4563/5719
f 7993/4559/5720 8211/4560/5720 8009/4561/5720
f 7993/4559/5720 8205/4563/5720 8211/4560/5720
f 8053/4562/5721 8224/4563/5721 8095/4559/5721
f 8053/4562/5721 8198/4564/5721 8224/4563/5721
f 8081/4562/5722 8219/4563/5722 8088/4559/5722
f 8081/4562/5722 8215/4564/5722 8219/4563/5722
f 8026/4562/5723 8228/4563/5723 8102/4559/5723
f 8026/4562/5723 8185/4564/5723 8228/4563/5723
f 6490/4562/5724 4021/4565/5724 5612/4566/5724
f 5612/4566/5725 4021/4565/5725 3472/4560/5725
f 4021/4565/5726 2407/4567/5727 3472/4560/5728
f 4021/4565/5726 2685/4568/5729 2407/4567/5727
f 5599/4562/5730 5853/4564/5730 4451/4569/5730
f 5853/4564/5731 4957/4570/5731 4451/4569/5731
f 5853/4564/5732 5942/4571/5732 4957/4570/5732
f 4451/4569/5733 3213/4560/5733 3061/4561/5733
f 4451/4569/5734 3304/4567/5735 3213/4560/5736
f 4451/4569/5734 4957/4570/5737 3304/4567/5735
f 3224/4562/5738 4557/4572/5738 2797/4573/5738
f 4557/4572/5739 5677/4570/5739 2797/4573/5739
f 2797/4573/5740 2830/4574/5741 2169/4561/5742
f 2797/4573/5740 5677/4570/5743 2830/4574/5741
f 2679/4562/5744 3786/4575/5744 2186/4576/5744
f 2186/4576/5745 3786/4575/5745 3322/4560/5745
f 3786/4575/5746 5765/4567/5747 3322/4560/5748
f 3786/4575/5746 6199/4577/5749 5765/4567/5747
f 4031/4564/5750 6019/4578/5750 2776/4579/5750
f 2776/4579/5751 4313/4560/5751 2885/4561/5751
f 2776/4579/5752 6225/4567/5753 4313/4560/5754
f 2776/4579/5752 6019/4578/5755 6225/4567/5753
f 6625/4562/5756 5912/4580/5757 7197/4581/5758
f 5912/4580/5759 4039/4571/5760 5842/4582/5761
f 7197/4581/5758 5912/4580/5757 7235/4560/5762
f 5912/4580/5759 5842/4582/5761 7235/4560/5763
f 3710/4562/5764 5184/4583/5764 5110/4584/5764
f 5184/4583/5765 6153/4571/5766 6764/4585/5767
f 5110/4584/5768 5184/4583/5768 6900/4560/5768
f 5184/4583/5765 6764/4585/5767 6900/4560/5769
f 3476/4562/5770 5855/4586/5770 3141/4587/5770
f 5855/4586/5771 6745/4570/5771 3141/4587/5771
f 3141/4587/5772 4147/4560/5772 2686/4561/5772
f 3141/4587/5773 6312/4567/5774 4147/4560/5775
f 3141/4587/5773 6745/4570/5776 6312/4567/5774
f 5308/4564/5777 6601/4588/5777 3216/4589/5777
f 3216/4589/5778 5102/4560/5778 3121/4561/5778
f 3216/4589/5779 6542/4567/5780 5102/4560/5781
f 3216/4589/5779 6601/4588/5782 6542/4567/5780
f 6509/4590/5783 6284/4591/5784 7524/4559/5785
f 6509/4590/5783 4839/4571/5786 6284/4591/5784
f 5646/4562/5787 6126/4592/5787 4736/4593/5787
f 4736/4593/5788 6126/4592/5788 5891/4560/5788
f 6126/4592/5789 6359/4567/5790 5891/4560/5791
f 6126/4592/5789 6525/4570/5792 6359/4567/5790
f 6736/4594/5793 7045/4563/5794 7531/4559/5795
f 6736/4594/5793 6083/4570/5796 7045/4563/5794
f 6736/4594/5797 5407/4571/5797 6083/4570/5797
f 7531/4559/5798 7104/4560/5798 7574/4561/5798
f 7531/4559/5798 7045/4563/5798 7104/4560/5798
f 2578/4595/5799 3506/4596/5800 2398/4561/5801
f 2578/4595/5799 4221/4597/5802 3506/4596/5800
f 2783/4562/5803 4077/4598/5803 2815/4593/5803
f 2815/4593/5804 4077/4598/5804 4177/4560/5804
f 4077/4598/5805 6095/4567/5806 4177/4560/5807
f 4077/4598/5805 6033/4599/5808 6095/4567/5806
f 4806/4564/5809 6276/4600/5809 3458/4601/5809
f 3458/4601/5810 6006/4560/5810 4360/4561/5810
f 3458/4601/5811 6754/4567/5812 6006/4560/5813
f 3458/4601/5811 6276/4600/5814 6754/4567/5812
f 6440/4562/5815 6054/4564/5815 6467/4602/5815
f 6054/4564/5816 6070/4570/5816 6467/4602/5816
f 6054/4564/5817 5367/4571/5817 6070/4570/5817
f 6467/4602/5818 6696/4560/5818 6979/4561/5818
f 6467/4602/5819 6345/4567/5820 6696/4560/5821
f 6467/4602/5819 6070/4570/5822 6345/4567/5820
f 3479/4564/5823 3107/4571/5823 2474/4570/5824
f 1175/4603/5825 1787/4564/5826 2400/4563/5827
f 1175/4603/5828 3265/4560/5828 2441/4561/5828
f 1175/4603/5825 2400/4563/5829 3265/4560/5830
f 2400/4563/5831 5070/4567/5831 3265/4560/5831
f 2842/4564/5832 2650/4571/5832 2551/4570/5832
f 4963/4562/5833 2766/4604/5833 3466/4605/5833
f 3466/4605/5834 2766/4604/5834 2463/4560/5834
f 2766/4604/5835 1693/4567/5836 2463/4560/5837
f 2766/4604/5835 1986/4606/5838 1693/4567/5836
f 3934/4562/5839 2664/4564/5839 2448/4563/5839
f 2664/4564/5840 1626/4570/5841 2448/4563/5842
f 2664/4564/5840 1820/4571/5840 1626/4570/5841
f 6400/4562/5843 7419/4607/5844 6972/4559/5845
f 6400/4562/5843 7067/4564/5846 7419/4607/5844
f 7067/4564/5847 7424/4571/5847 7419/4607/5847
f 6972/4559/5848 7413/4560/5848 6953/4561/5848
f 6972/4559/5849 7419/4607/5849 7413/4560/5849
f 7419/4607/5850 7653/4567/5850 7413/4560/5850
f 7063/4564/5851 7303/4570/5851 6980/4563/5851
f 7063/4564/5851 7363/4571/5851 7303/4570/5851
f 6476/4559/5852 6980/4563/5852 6093/4608/5852
f 6980/4563/5853 7072/4567/5854 6093/4608/5855
f 6980/4563/5853 7303/4570/5856 7072/4567/5854
f 7441/4564/5857 7096/4571/5857 6785/4570/5857
f 6934/4564/5858 7095/4570/5858 6655/4563/5858
f 6934/4564/5858 7301/4571/5858 7095/4570/5858
f 6040/4559/5859 6655/4563/5859 4529/4609/5859
f 6655/4563/5860 6581/4567/5861 4529/4609/5862
f 6655/4563/5860 7095/4570/5863 6581/4567/5861
f 5948/4610/5864 7397/4570/5864 5195/4611/5864
f 5948/4610/5865 7547/4571/5865 7397/4570/5865
f 5195/4611/5866 7503/4567/5867 5815/4612/5868
f 5195/4611/5866 7397/4570/5869 7503/4567/5867
f 6137/4562/5870 7014/4613/5870 6494/4614/5870
f 7014/4613/5871 7638/4570/5871 6494/4614/5871
f 6494/4614/5872 7484/4560/5872 6967/4561/5872
f 6494/4614/5873 7796/4567/5874 7484/4560/5875
f 6494/4614/5873 7638/4570/5876 7796/4567/5874
f 7614/4562/5877 8004/4563/5877 8008/4559/5877
f 7614/4562/5877 7606/4564/5877 8004/4563/5877
f 8008/4559/5878 8039/4560/5878 8045/4561/5878
f 8008/4559/5878 8004/4563/5878 8039/4560/5878
f 7625/4562/5879 7895/4563/5879 7894/4559/5879
f 7625/4562/5879 7630/4564/5879 7895/4563/5879
f 7894/4559/5880 8015/4560/5880 8010/4561/5880
f 7894/4559/5880 7895/4563/5880 8015/4560/5880
f 1585/4562/5881 2145/4563/5881 2174/4615/5881
f 2174/4615/5882 2145/4563/5882 2782/4560/5882
f 726/4562/5883 1414/4616/5884 884/4617/5885
f 726/4562/5883 1250/4564/5886 1414/4616/5884
f 1250/4564/5887 2081/4570/5887 1414/4616/5887
f 1414/4616/5888 2081/4570/5888 2373/4567/5888
f 1121/4618/5889 1698/4619/5890 1329/4620/5891
f 660/4621/5892 2159/4570/5892 972/4622/5892
f 660/4621/5893 1784/4571/5893 2159/4570/5893
f 972/4622/5894 2130/4560/5894 1503/4561/5894
f 972/4622/5895 2845/4567/5895 2130/4560/5896
f 972/4622/5895 2159/4570/5897 2845/4567/5895
f 1864/4562/5898 2095/4563/5898 2255/4559/5898
f 1864/4562/5898 1715/4564/5898 2095/4563/5898
f 2255/4559/5899 2695/4560/5899 2852/4561/5899
f 2255/4559/5899 2095/4563/5899 2695/4560/5899
f 1793/4562/5900 1933/4564/5901 1752/4623/5902
f 1933/4564/5901 2025/4570/5903 1752/4623/5902
f 1752/4623/5904 1920/4567/5905 1644/4624/5906
f 1752/4623/5904 2025/4570/5907 1920/4567/5907
f 1285/4562/5908 2067/4563/5908 1799/4559/5908
f 1285/4562/5908 1499/4564/5908 2067/4563/5908
f 1799/4559/5909 2080/4560/5909 1811/4561/5909
f 1799/4559/5909 2067/4563/5909 2080/4560/5909
f 2067/4563/5910 2330/4567/5910 2080/4560/5910
f 1619/4625/5911 773/4560/5912 1154/4561/5913
f 1619/4625/5911 1210/4626/5914 773/4560/5912
f 1210/4626/5915 505/4567/5916 773/4560/5917
f 1210/4626/5915 908/4627/5918 505/4567/5916
f 805/4562/5919 60/4563/5919 329/4559/5919
f 805/4562/5919 296/4564/5920 60/4563/5919
f 110/4562/5921 119/4628/5922 6/4563/5923
f 119/4628/5922 5/4570/5924 6/4563/5923
f 121/4629/5925 178/4630/5926 71/4563/5927
f 178/4630/5928 40/4570/5928 71/4563/5928
f 121/4629/5929 7/4560/5929 14/4561/5929
f 121/4629/5925 71/4563/5927 7/4560/5930
f 448/4562/5931 85/4563/5932 24/4561/5933
f 448/4562/5931 303/4564/5934 85/4563/5932
f 303/4564/5934 34/4570/5935 85/4563/5932
f 303/4564/5934 186/4571/5935 34/4570/5935
f 24/4561/5933 85/4563/5932 4/4560/5936
f 231/4631/5937 183/4632/5938 99/4563/5939
f 183/4632/5938 26/4570/5940 99/4563/5939
f 231/4631/5941 2/4560/5941 30/4561/5941
f 231/4631/5937 99/4563/5939 2/4560/5942
f 673/4633/5943 250/4563/5944 208/4593/5945
f 673/4633/5943 49/4570/5946 250/4563/5944
f 673/4633/5943 269/4571/5947 49/4570/5946
f 208/4593/5945 250/4563/5944 32/4560/5948
f 801/4634/5949 33/4570/5950 320/4563/5951
f 801/4634/5952 226/4571/5952 33/4570/5952
f 801/4634/5953 57/4560/5953 369/4561/5953
f 801/4634/5949 320/4563/5951 57/4560/5954
f 1089/4635/5955 352/4636/5956 428/4563/5957
f 352/4636/5956 76/4570/5958 428/4563/5957
f 1089/4635/5955 98/4560/5959 462/4561/5960
f 1089/4635/5955 428/4563/5957 98/4560/5959
f 585/4637/5961 349/4563/5962 680/4559/5963
f 585/4637/5961 113/4570/5964 349/4563/5962
f 585/4637/5965 252/4571/5965 113/4570/5965
f 680/4559/5966 23/4560/5966 135/4561/5966
f 680/4559/5966 349/4563/5966 23/4560/5966
f 958/4562/5967 374/4638/5968 223/4639/5969
f 223/4639/5969 374/4638/5968 141/4560/5970
f 374/4638/5971 148/4567/5972 141/4560/5973
f 374/4638/5971 385/4640/5974 148/4567/5972
f 535/4562/5975 445/4641/5976 625/4561/5977
f 625/4561/5977 445/4641/5976 597/4560/5978
f 445/4641/5976 499/4567/5979 597/4560/5978
f 445/4641/5976 365/4571/5980 499/4567/5979
f 819/4562/5981 528/4642/5982 921/4643/5983
f 921/4643/5983 528/4642/5982 712/4560/5984
f 528/4642/5982 453/4567/5985 712/4560/5984
f 528/4642/5982 323/4644/5986 453/4567/5985
f 652/4562/5987 464/4645/5988 775/4646/5989
f 775/4646/5989 464/4645/5988 695/4560/5990
f 464/4645/5988 502/4567/5991 695/4560/5990
f 464/4645/5988 324/4644/5992 502/4567/5991
f 573/4647/5993 361/4570/5993 682/4648/5993
f 573/4647/5994 291/4571/5994 361/4570/5994
f 682/4648/5995 469/4567/5996 839/4649/5997
f 682/4648/5995 361/4570/5998 469/4567/5996
f 92/4564/5999 134/4570/5999 187/4650/5999
f 187/4650/6000 407/4560/6000 571/4561/6000
f 187/4650/6001 284/4567/6002 407/4560/6003
f 187/4650/6001 134/4570/6004 284/4567/6002
f 50/4564/6005 65/4651/6005 176/4563/6005
f 143/4559/6006 176/4563/6007 440/4652/6008
f 176/4563/6007 569/4567/6009 440/4652/6008
f 176/4563/6007 65/4651/6010 569/4567/6009
f 47/4564/6011 114/4571/6011 11/4570/6011
f 609/4562/6012 668/4598/6013 67/4653/6014
f 67/4653/6015 668/4598/6016 301/4560/6017
f 668/4598/6018 946/4567/6019 301/4560/6020
f 668/4598/6018 1464/4654/6021 946/4567/6019
f 1411/4562/6022 737/4564/6022 1008/4655/6022
f 737/4564/6023 314/4656/6023 1008/4655/6023
f 1008/4655/6024 1487/4560/6024 2273/4561/6024
f 1008/4655/6025 918/4567/6026 1487/4560/6027
f 1008/4655/6025 314/4656/6028 918/4567/6026
f 555/4657/6029 432/4658/6029 760/4659/6029
f 760/4659/6030 1027/4567/6031 1181/4660/6032
f 760/4659/6030 432/4658/6033 1027/4567/6031
f 1535/4562/6034 902/4564/6034 1029/4661/6034
f 902/4564/6035 511/4570/6035 1029/4661/6035
f 902/4564/6036 437/4571/6036 511/4570/6036
f 1029/4661/6037 1398/4560/6037 2104/4561/6037
f 1029/4661/6038 865/4567/6039 1398/4560/6040
f 1029/4661/6038 511/4570/6041 865/4567/6039
f 1643/4562/6042 951/4564/6042 1075/4662/6042
f 951/4564/6043 557/4570/6043 1075/4662/6043
f 951/4564/6044 463/4571/6044 557/4570/6044
f 1075/4662/6045 1502/4560/6045 2290/4561/6045
f 1075/4662/6046 949/4567/6047 1502/4560/6048
f 1075/4662/6046 557/4570/6049 949/4567/6047
f 454/4562/6050 248/4564/6051 493/4561/6052
f 493/4561/6052 248/4564/6051 304/4560/6053
f 248/4564/6051 147/4567/6054 304/4560/6053
f 248/4564/6051 102/4571/6055 147/4567/6054
f 318/4663/6056 116/4567/6057 335/4664/6058
f 318/4663/6056 91/4665/6059 116/4567/6057
f 12/4564/6060 44/4666/6060 80/4563/6060
f 39/4559/6061 80/4563/6061 215/4667/6061
f 80/4563/6062 465/4567/6063 215/4667/6064
f 80/4563/6062 44/4666/6065 465/4567/6063
f 86/4562/6066 125/4668/6066 46/4669/6066
f 125/4668/6067 132/4570/6067 46/4669/6067
f 46/4669/6068 206/4560/6068 153/4561/6068
f 46/4669/6069 297/4567/6070 206/4560/6071
f 46/4669/6069 132/4570/6072 297/4567/6070
f 5354/4562/6073 6708/4670/6074 5888/4671/6075
f 5888/4671/6076 6708/4670/6077 7079/4560/6078
f 6708/4670/6079 7610/4567/6079 7079/4560/6080
f 6708/4670/6079 7420/4672/6081 7610/4567/6079
f 7223/4559/6082 6694/4560/6082 7389/4561/6082
f 7223/4559/6082 6378/4563/6082 6694/4560/6082
f 6378/4563/6083 5309/4567/6083 6694/4560/6083
f 6378/4563/6083 4405/4570/6083 5309/4567/6083
f 6314/4562/6084 4719/4563/6084 4899/4559/6084
f 6314/4562/6085 6277/4564/6085 4719/4563/6085
f 4899/4559/6086 3769/4560/6086 3852/4561/6086
f 4899/4559/6086 4719/4563/6086 3769/4560/6086
f 4719/4563/6087 3784/4567/6087 3769/4560/6087
f 3510/4562/6088 4705/4564/6088 3677/4563/6088
f 5746/4562/6089 6800/4673/6089 6134/4559/6089
f 6134/4559/6090 6800/4673/6090 7196/4560/6090
f 6800/4673/6091 7647/4567/6091 7196/4560/6091
f 6800/4673/6091 7452/4674/6092 7647/4567/6091
f 7646/4562/6093 7280/4563/6093 7553/4559/6093
f 7646/4562/6093 7421/4564/6093 7280/4563/6093
f 7793/4562/6094 7459/4563/6095 7792/4671/6096
f 7793/4562/6094 7451/4564/6097 7459/4563/6095
f 7792/4671/6098 7459/4563/6098 7450/4560/6098
f 7459/4563/6099 6996/4567/6099 7450/4560/6099
f 7882/4562/6100 7564/4563/6100 7921/4559/6101
f 7882/4562/6100 7499/4564/6100 7564/4563/6100
f 6703/4562/6102 7041/4563/6102 6865/4559/6102
f 6703/4562/6102 6873/4564/6102 7041/4563/6102
f 6688/4564/6103 7423/4571/6103 7527/4570/6103
f 7717/4562/6104 7620/4564/6104 7808/4563/6104
f 7620/4564/6105 7511/4675/6105 7808/4563/6105
f 7808/4563/6106 7511/4675/6106 7911/4567/6106
f 7651/4564/6107 7966/4676/6108 7786/4563/6109
f 7651/4564/6107 7843/4571/6110 7966/4676/6108
f 7685/4564/6111 7085/4677/6111 7597/4678/6111
f 7597/4678/6112 7475/4560/6112 7807/4561/6112
f 7597/4678/6113 6850/4567/6114 7475/4560/6115
f 7597/4678/6113 7085/4677/6116 6850/4567/6114
f 7640/4564/6117 7161/4679/6117 7456/4680/6117
f 7456/4680/6118 7155/4560/6118 7443/4561/6118
f 7456/4680/6119 6738/4567/6120 7155/4560/6121
f 7456/4680/6119 7161/4679/6122 6738/4567/6120
f 7666/4564/6123 7321/4570/6123 7408/4563/6123
f 7455/4559/6124 6908/4560/6124 6989/4561/6124
f 7455/4559/6124 7408/4563/6124 6908/4560/6124
f 7408/4563/6125 6732/4567/6125 6908/4560/6125
f 7408/4563/6125 7321/4570/6125 6732/4567/6125
f 6874/4562/6126 7171/4563/6127 6523/4559/6128
f 6874/4562/6126 7387/4681/6129 7171/4563/6127
f 7387/4681/6130 7509/4570/6130 7171/4563/6130
f 6523/4559/6131 6496/4560/6131 5320/4561/6131
f 6523/4559/6131 7171/4563/6131 6496/4560/6131
f 7892/4562/6132 7935/4563/6133 7891/4646/6134
f 7891/4646/6134 7935/4563/6133 7939/4682/6135
f 7935/4563/6133 7981/4570/6136 7939/4682/6135
f 7873/4563/6137 8033/4567/6138 7881/4560/6139
f 7873/4563/6137 8020/4570/6138 8033/4567/6138
f 7344/4562/6140 7714/4564/6140 7741/4563/6140
f 7863/4563/6141 8035/4567/6141 7883/4560/6142
f 7863/4563/6141 8016/4570/6143 8035/4567/6141
f 7317/4562/6144 7704/4564/6144 7769/4563/6144
f 979/4683/6145 1927/4570/6145 1493/4684/6145
f 979/4683/6146 1358/4571/6146 1927/4570/6146
f 1493/4684/6147 2180/4560/6147 1955/4561/6147
f 1493/4684/6148 2444/4567/6149 2180/4560/6150
f 1493/4684/6148 1927/4570/6151 2444/4567/6149
f 2787/4562/6152 976/4685/6152 1904/4686/6152
f 976/4685/6153 1065/4570/6153 1904/4686/6153
f 1904/4686/6154 2132/4560/6154 3308/4561/6154
f 1904/4686/6155 1280/4567/6156 2132/4560/6157
f 1904/4686/6155 1065/4570/6158 1280/4567/6156
f 684/4562/6159 420/4564/6159 343/4687/6159
f 420/4564/6160 191/4570/6160 343/4687/6160
f 420/4564/6161 242/4571/6161 191/4570/6161
f 343/4687/6162 319/4560/6162 544/4561/6162
f 343/4687/6163 170/4567/6164 319/4560/6165
f 343/4687/6163 191/4570/6166 170/4567/6164
f 434/4562/6167 466/4688/6167 172/4689/6167
f 466/4688/6168 227/4570/6168 172/4689/6168
f 172/4689/6169 68/4560/6169 63/4561/6169
f 172/4689/6170 94/4567/6171 68/4560/6172
f 172/4689/6170 227/4570/6173 94/4567/6171
f 2151/4562/6174 1777/4690/6174 1566/4691/6174
f 1566/4691/6175 1777/4690/6175 1491/4560/6175
f 1777/4690/6176 1182/4567/6177 1491/4560/6178
f 1777/4690/6176 1442/4692/6179 1182/4567/6177
f 1124/4564/6180 582/4693/6180 1113/4694/6180
f 1113/4694/6181 1118/4560/6182 1712/4561/6183
f 1113/4694/6184 584/4567/6185 1118/4560/6182
f 1113/4694/6184 582/4693/6186 584/4567/6185
f 1296/4562/6187 607/4563/6188 757/4559/6189
f 1296/4562/6187 898/4695/6190 607/4563/6188
f 898/4695/6191 438/4570/6191 607/4563/6191
f 757/4559/6192 109/4560/6192 179/4561/6192
f 757/4559/6192 607/4563/6192 109/4560/6192
f 607/4563/6193 438/4570/6193 55/4567/6193
f 2728/4562/6194 1586/4696/6194 1570/4697/6194
f 1586/4696/6195 1064/4570/6195 1570/4697/6195
f 1570/4697/6196 283/4567/6197 611/4698/6198
f 1570/4697/6196 1064/4570/6199 283/4567/6197
f 2007/4562/6200 1785/4699/6200 1766/4700/6200
f 1785/4699/6201 1563/4570/6201 1766/4700/6201
f 1766/4700/6202 700/4560/6202 705/4561/6202
f 1766/4700/6203 543/4567/6204 700/4560/6205
f 1766/4700/6203 1563/4570/6206 543/4567/6204
f 5376/4562/6207 6437/4701/6207 6028/4702/6207
f 6028/4702/6208 6437/4701/6208 7043/4560/6208
f 6437/4701/6209 7253/4567/6210 7043/4560/6211
f 6437/4701/6209 6743/4703/6212 7253/4567/6210
f 7622/4562/6213 7183/4704/6213 7580/4705/6213
f 7183/4704/6214 6279/4571/6215 6118/4706/6216
f 7580/4705/6217 7183/4704/6217 7130/4560/6217
f 7183/4704/6214 6118/4706/6216 7130/4560/6218
f 6937/4707/6219 5759/4570/6219 6374/4708/6219
f 6937/4707/6220 6486/4571/6220 5759/4570/6220
f 6374/4708/6221 3871/4560/6221 4742/4561/6221
f 6374/4708/6222 3117/4567/6223 3871/4560/6224
f 6374/4708/6222 5759/4570/6225 3117/4567/6223
f 7204/4709/6226 5941/4570/6226 6812/4710/6226
f 7204/4709/6227 6516/4571/6227 5941/4570/6227
f 6812/4710/6228 5932/4560/6228 6790/4561/6228
f 6812/4710/6229 3955/4567/6230 5932/4560/6231
f 6812/4710/6229 5941/4570/6232 3955/4567/6230
f 7102/4711/6233 6275/4570/6233 6842/4712/6233
f 7102/4711/6234 6590/4571/6234 6275/4570/6234
f 6842/4712/6235 3689/4567/6236 5048/4713/6237
f 6842/4712/6235 6275/4570/6238 3689/4567/6236
f 6278/4562/6239 6595/4714/6239 5512/4715/6239
f 6595/4714/6240 6442/4570/6240 5512/4715/6240
f 5512/4715/6241 4218/4567/6242 3130/4716/6243
f 5512/4715/6241 6442/4570/6244 4218/4567/6242
f 7972/4562/6245 7973/4717/6245 7750/4718/6245
f 7973/4717/6246 7751/4570/6246 7750/4718/6246
f 7750/4718/6247 7340/4560/6247 7320/4561/6247
f 7750/4718/6248 7322/4567/6249 7340/4560/6250
f 7750/4718/6248 7751/4570/6251 7322/4567/6249
f 7066/4562/6252 7500/4564/6252 7187/4719/6252
f 7500/4564/6253 7777/4570/6253 7187/4719/6253
f 7500/4564/6254 7722/4571/6254 7777/4570/6254
f 7187/4719/6255 7051/4560/6255 6330/4561/6255
f 7187/4719/6256 7427/4567/6257 7051/4560/6258
f 7187/4719/6256 7777/4570/6259 7427/4567/6257
f 7192/4562/6260 7535/4720/6260 7330/4721/6260
f 7535/4720/6261 7815/4570/6261 7330/4721/6261
f 7330/4721/6262 7462/4567/6263 6495/4722/6264
f 7330/4721/6262 7815/4570/6265 7462/4567/6263
f 6565/4562/6266 7554/4723/6267 6966/4559/6268
f 6565/4562/6266 7357/4564/6269 7554/4723/6267
f 7357/4564/6270 7710/4571/6270 7554/4723/6270
f 6966/4559/6271 7406/4560/6271 6690/4561/6271
f 6966/4559/6272 7554/4723/6272 7406/4560/6272
f 7554/4723/6273 7739/4567/6273 7406/4560/6273
f 7006/4724/6274 7571/4570/6274 7181/4725/6274
f 7006/4724/6275 7465/4571/6275 7571/4570/6275
f 7181/4725/6276 7623/4567/6277 7287/4726/6278
f 7181/4725/6276 7571/4570/6279 7623/4567/6280
f 7379/4562/6281 7146/4727/6281 7605/4728/6281
f 7146/4727/6282 7526/4570/6282 7605/4728/6282
f 7605/4728/6283 7787/4560/6283 7844/4561/6283
f 7605/4728/6284 7723/4567/6285 7787/4560/6286
f 7605/4728/6284 7526/4570/6287 7723/4567/6285
f 7856/4562/6288 7501/4564/6288 7476/4729/6288
f 7501/4564/6289 6792/4570/6289 7476/4729/6289
f 7501/4564/6290 6840/4571/6290 6792/4570/6290
f 7476/4729/6291 7493/4560/6291 7849/4561/6291
f 7476/4729/6292 6823/4567/6293 7493/4560/6294
f 7476/4729/6292 6792/4570/6295 6823/4567/6293
f 7686/4562/6296 7466/4730/6296 7886/4691/6296
f 7886/4691/6297 7466/4730/6297 7900/4560/6297
f 7466/4730/6298 7720/4567/6299 7900/4560/6300
f 7466/4730/6298 7154/4731/6301 7720/4567/6299
f 7810/4562/6302 7492/4563/6302 7828/4559/6302
f 7810/4562/6302 7468/4564/6302 7492/4563/6302
f 7468/4564/6303 6881/4732/6304 7492/4563/6305
f 7468/4564/6303 6827/4571/6306 6881/4732/6304
f 7879/4564/6307 8041/4733/6307 7440/4734/6307
f 7440/4734/6308 7661/4560/6308 7258/4561/6308
f 7440/4734/6309 7944/4567/6310 7661/4560/6311
f 7440/4734/6309 8041/4733/6312 7944/4567/6310
f 7857/4562/6313 7491/4564/6313 7577/4735/6313
f 7491/4564/6314 6950/4570/6314 7577/4735/6314
f 7491/4564/6315 6759/4571/6315 6950/4570/6315
f 7577/4735/6316 7599/4560/6316 7937/4561/6316
f 7577/4735/6317 6995/4567/6318 7599/4560/6319
f 7577/4735/6317 6950/4570/6320 6995/4567/6318
f 7982/4562/6321 8116/4564/6321 8099/4736/6321
f 8116/4564/6322 8232/4570/6322 8099/4736/6322
f 8116/4564/6323 8186/4571/6323 8232/4570/6323
f 8099/4736/6324 8209/4560/6324 8129/4561/6324
f 8099/4736/6325 8244/4567/6326 8209/4560/6327
f 8099/4736/6325 8232/4570/6328 8244/4567/6326
f 7878/4562/6329 6771/4737/6329 7579/4738/6329
f 6771/4737/6330 6945/4570/6330 7579/4738/6330
f 7579/4738/6331 7585/4560/6331 7938/4561/6331
f 7579/4738/6332 6964/4567/6333 7585/4560/6334
f 7579/4738/6332 6945/4570/6335 6964/4567/6333
f 8103/4562/6336 7955/4739/6336 8190/4559/6336
f 8190/4559/6337 7955/4739/6337 8206/4560/6337
f 7955/4739/6338 8127/4567/6339 8206/4560/6340
f 7955/4739/6338 7798/4740/6341 8127/4567/6339
f 7986/4741/6342 8168/4570/6342 8059/4742/6342
f 7986/4741/6343 8134/4571/6343 8168/4570/6343
f 8059/4742/6344 8123/4560/6344 8063/4561/6344
f 8059/4742/6345 8170/4567/6346 8123/4560/6347
f 8059/4742/6345 8168/4570/6348 8170/4567/6346
f 6322/4743/6349 7170/4560/6350 6899/4561/6351
f 6322/4743/6349 6700/4744/6352 7170/4560/6350
f 6700/4744/6353 7439/4567/6354 7170/4560/6355
f 6700/4744/6353 7087/4745/6356 7439/4567/6354
f 8237/4562/6357 8031/4746/6357 8238/4563/6357
f 8031/4746/6358 8151/4570/6358 8238/4563/6358
f 8238/4563/6359 8151/4570/6359 8216/4567/6359
f 6716/4562/6360 4722/4747/6360 5972/4748/6360
f 5972/4748/6361 4722/4747/6361 3990/4560/6361
f 4722/4747/6362 2983/4567/6363 3990/4560/6364
f 4722/4747/6362 3497/4749/6365 2983/4567/6363
f 7868/4562/6366 6882/4750/6366 7537/4751/6366
f 6882/4750/6367 6952/4570/6367 7537/4751/6367
f 7537/4751/6368 7668/4560/6368 7984/4561/6368
f 7537/4751/6369 7208/4567/6370 7668/4560/6371
f 7537/4751/6369 6952/4570/6372 7208/4567/6370
f 3984/4752/6373 6365/4560/6374 6196/4561/6375
f 3984/4752/6373 4338/4753/6376 6365/4560/6374
f 4338/4753/6377 6596/4567/6378 6365/4560/6379
f 4338/4753/6377 4994/4754/6380 6596/4567/6378
f 6993/4562/6381 6250/4564/6381 6583/4755/6381
f 6250/4564/6382 5498/4570/6382 6583/4755/6382
f 6250/4564/6383 4439/4571/6383 5498/4570/6383
f 6583/4755/6384 7034/4560/6384 7485/4561/6384
f 6583/4755/6385 6315/4567/6386 7034/4560/6387
f 6583/4755/6385 5498/4570/6388 6315/4567/6386
f 6357/4562/6389 3943/4756/6389 5239/4757/6389
f 5239/4757/6390 3943/4756/6390 3374/4560/6390
f 3943/4756/6391 2628/4567/6392 3374/4560/6393
f 3943/4756/6391 2914/4758/6394 2628/4567/6392
f 6171/4562/6395 2846/4759/6395 4389/4760/6395
f 2846/4759/6396 2960/4570/6396 4389/4760/6396
f 4389/4760/6397 5386/4560/6397 6631/4561/6397
f 4389/4760/6398 3475/4567/6399 5386/4560/6400
f 4389/4760/6398 2960/4570/6401 3475/4567/6399
f 6704/4562/6402 5006/4564/6402 4266/4761/6402
f 5006/4564/6403 2774/4570/6403 4266/4761/6403
f 5006/4564/6404 3076/4571/6404 2774/4570/6404
f 4266/4761/6405 4440/4560/6405 6511/4561/6405
f 4266/4761/6406 2866/4567/6407 4440/4560/6408
f 4266/4761/6406 2774/4570/6409 2866/4567/6407
f 7880/4562/6410 6864/4762/6410 7555/4763/6410
f 6864/4762/6411 6947/4570/6411 7555/4763/6411
f 7555/4763/6412 7673/4560/6412 8001/4561/6412
f 7555/4763/6413 7207/4567/6414 7673/4560/6415
f 7555/4763/6413 6947/4570/6416 7207/4567/6414
f 7818/4562/6417 7494/4764/6418 7889/4765/6419
f 7494/4764/6420 6926/4571/6421 7078/4766/6422
f 7889/4765/6419 7494/4764/6418 7655/4560/6423
f 7494/4764/6420 7078/4766/6422 7655/4560/6424
f 3629/4562/6425 6094/4564/6425 3666/4767/6425
f 6094/4564/6426 7151/4768/6426 3666/4767/6426
f 3666/4767/6427 6090/4560/6427 3619/4561/6427
f 3666/4767/6428 7150/4567/6429 6090/4560/6430
f 3666/4767/6428 7151/4768/6431 7150/4567/6429
f 7890/4562/6432 6845/4769/6432 7596/4770/6432
f 6845/4769/6433 7017/4570/6433 7596/4770/6433
f 7596/4770/6434 7190/4567/6435 7681/4771/6436
f 7596/4770/6437 7017/4570/6438 7190/4567/6435
f 7281/4564/6439 6938/4772/6439 7529/4773/6439
f 7529/4773/6440 7737/4560/6440 7905/4561/6440
f 7529/4773/6441 7576/4567/6442 7737/4560/6443
f 7529/4773/6441 6938/4772/6444 7576/4567/6442
f 7887/4562/6445 7019/4774/6446 7943/4559/6447
f 7887/4562/6445 7516/4564/6448 7019/4774/6446
f 7516/4564/6449 6841/4571/6449 7019/4774/6449
f 7943/4559/6450 7019/4774/6450 7680/4775/6450
f 7019/4774/6451 7189/4567/6451 7680/4775/6451
f 5538/4562/6452 6369/4776/6453 3994/4777/6454
f 6369/4776/6455 7434/4571/6456 7075/4778/6457
f 3994/4777/6454 6369/4776/6453 5991/4560/6458
f 6369/4776/6455 7075/4778/6457 5991/4560/6459
f 4247/4564/6460 3748/4779/6460 5089/4780/6460
f 5089/4780/6461 6833/4560/6461 7086/4561/6461
f 5089/4780/6462 6598/4567/6463 6833/4560/6464
f 5089/4780/6462 3748/4779/6465 6598/4567/6463
f 3642/4562/6466 2248/4781/6467 2190/4782/6468
f 2190/4782/6468 2248/4781/6467 1733/4560/6469
f 2248/4781/6470 1271/4567/6471 1733/4560/6472
f 2248/4781/6470 1734/4783/6473 1271/4567/6471
f 6550/4562/6474 4124/4563/6474 6425/4559/6474
f 6550/4562/6474 4367/4564/6474 4124/4563/6474
f 4367/4564/6475 2579/4570/6475 4124/4563/6475
f 4367/4564/6475 2690/4571/6475 2579/4570/6475
f 7323/4562/6476 7728/4668/6476 7399/4784/6476
f 7728/4668/6477 8092/4570/6477 7399/4784/6477
f 7399/4784/6478 7927/4560/6478 7592/4561/6478
f 7399/4784/6479 8158/4567/6480 7927/4560/6481
f 7399/4784/6479 8092/4570/6482 8158/4567/6480
f 6856/4562/6483 5420/4785/6483 7068/4786/6483
f 7068/4786/6484 5420/4785/6484 6326/4560/6484
f 5420/4785/6485 3598/4567/6486 6326/4560/6487
f 5420/4785/6485 2820/4787/6488 3598/4567/6486
f 4852/4564/6489 3514/4788/6489 4833/4789/6489
f 4833/4789/6490 4583/4560/6490 6075/4561/6490
f 4833/4789/6491 3373/4567/6492 4583/4560/6493
f 4833/4789/6491 3514/4788/6494 3373/4567/6492
f 6990/4562/6495 5729/4564/6495 5617/4790/6495
f 5729/4564/6496 3062/4570/6496 5617/4790/6496
f 5729/4564/6497 3119/4571/6497 3062/4570/6497
f 5617/4790/6498 4429/4560/6498 6568/4561/6498
f 5617/4790/6499 2644/4567/6500 4429/4560/6501
f 5617/4790/6499 3062/4570/6502 2644/4567/6500
f 688/4562/6503 276/4791/6504 235/4561/6505
f 688/4562/6503 840/4792/6506 276/4791/6504
f 2857/4793/6507 2030/4570/6507 2994/4794/6507
f 2857/4793/6508 1928/4571/6508 2030/4570/6508
f 2994/4794/6509 2948/4560/6509 4838/4561/6509
f 2994/4794/6510 2004/4567/6511 2948/4560/6512
f 2994/4794/6510 2030/4570/6513 2004/4567/6511
f 3812/4562/6514 3055/4564/6514 2470/4795/6514
f 3055/4564/6515 2029/4570/6515 2470/4795/6515
f 3055/4564/6516 2586/4571/6516 2029/4570/6516
f 2470/4795/6517 1881/4560/6517 2288/4561/6517
f 2470/4795/6518 1498/4567/6519 1881/4560/6520
f 2470/4795/6518 2029/4570/6521 1498/4567/6519
f 2453/4562/6522 3030/4796/6523 1974/4797/6524
f 1974/4797/6525 3030/4796/6523 2769/4560/6526
f 3030/4796/6527 4063/4567/6528 2769/4560/6529
f 3030/4796/6527 4610/4798/6530 4063/4567/6528
f 2045/4799/6531 1664/4567/6532 1043/4800/6533
f 2045/4799/6531 2484/4801/6534 1664/4567/6532
f 2767/4802/6535 2416/4567/6536 2809/4803/6537
f 2767/4802/6535 2310/4804/6538 2416/4567/6536
f 2296/4805/6539 2572/4570/6539 1874/4806/6539
f 2296/4805/6540 3028/4571/6540 2572/4570/6540
f 1874/4806/6541 1960/4560/6541 1648/4561/6541
f 1874/4806/6542 2302/4567/6543 1960/4560/6544
f 1874/4806/6542 2572/4570/6545 2302/4567/6543
f 1993/4562/6546 2456/4807/6546 1305/4808/6546
f 1305/4808/6547 2456/4807/6547 2047/4560/6547
f 2456/4807/6548 3044/4567/6548 2047/4560/6548
f 2456/4807/6548 3749/4809/6548 3044/4567/6548
f 3249/4810/6549 3261/4570/6549 2935/4811/6549
f 3249/4810/6550 3673/4571/6550 3261/4570/6550
f 2935/4811/6551 3110/4567/6552 2816/4812/6553
f 2935/4811/6551 3261/4570/6554 3110/4567/6552
f 2165/4562/6555 2981/4564/6555 1697/4813/6555
f 2981/4564/6556 3576/4570/6556 1697/4813/6556
f 2981/4564/6557 4661/4571/6557 3576/4570/6557
f 1697/4813/6558 2187/4560/6558 1480/4561/6558
f 1697/4813/6559 3097/4567/6560 2187/4560/6561
f 1697/4813/6559 3576/4570/6562 3097/4567/6560
f 955/4814/6563 259/4567/6564 376/4815/6565
f 955/4814/6563 745/4801/6566 259/4567/6564
f 7548/4562/6567 7727/4564/6567 7730/4816/6567
f 7727/4564/6568 8073/4570/6568 7730/4816/6568
f 7727/4564/6569 7924/4571/6569 8073/4570/6569
f 7730/4816/6570 8109/4560/6570 7969/4561/6570
f 7730/4816/6571 8204/4567/6572 8109/4560/6573
f 7730/4816/6571 8073/4570/6574 8204/4567/6572
f 2737/4562/6575 2597/4564/6575 1809/4817/6575
f 2597/4564/6576 1576/4570/6576 1809/4817/6576
f 2597/4564/6577 2308/4571/6577 1576/4570/6577
f 1809/4817/6578 842/4560/6578 974/4561/6578
f 1809/4817/6579 648/4567/6580 842/4560/6581
f 1809/4817/6579 1576/4570/6582 648/4567/6580
f 785/4818/6583 915/4567/6584 1090/4819/6585
f 785/4818/6583 629/4820/6586 915/4567/6584
f 1590/4562/6587 2351/4821/6587 1190/4822/6587
f 2351/4821/6588 2618/4570/6588 1190/4822/6588
f 1190/4822/6589 1324/4560/6589 681/4561/6589
f 1190/4822/6590 1971/4567/6591 1324/4560/6592
f 1190/4822/6590 2618/4570/6593 1971/4567/6591
f 1051/4823/6594 762/4570/6594 828/4824/6594
f 1051/4823/6595 1001/4571/6595 762/4570/6595
f 828/4824/6596 722/4567/6597 782/4825/6598
f 828/4824/6596 762/4570/6599 722/4567/6597
f 7117/4562/6600 6675/4826/6600 7513/4827/6600
f 7513/4827/6601 6675/4826/6601 7608/4560/6601
f 6675/4826/6602 7033/4567/6603 7608/4560/6604
f 6675/4826/6602 4696/4731/6605 7033/4567/6603
f 6376/4828/6606 6436/4570/6606 6971/4829/6606
f 6376/4828/6607 5497/4571/6607 6436/4570/6607
f 6971/4829/6608 7331/4560/6608 7572/4561/6608
f 6971/4829/6609 6941/4567/6610 7331/4560/6611
f 6971/4829/6609 6436/4570/6612 6941/4567/6610
f 6513/4562/6613 5900/4830/6613 6829/4831/6613
f 5900/4830/6614 6477/4570/6614 6829/4831/6614
f 6829/4831/6615 6659/4560/6615 6796/4561/6615
f 6829/4831/6616 6294/4567/6617 6659/4560/6618
f 6829/4831/6616 6477/4570/6619 6294/4567/6617
f 7422/4562/6620 6772/4832/6620 7565/4833/6620
f 7565/4833/6621 6772/4832/6621 7265/4560/6621
f 6772/4832/6622 5975/4567/6623 7265/4560/6624
f 6772/4832/6622 4346/4674/6625 5975/4567/6623
f 5977/4562/6626 6531/4564/6626 6193/4834/6626
f 6531/4564/6627 6794/4835/6627 6193/4834/6627
f 6193/4834/6628 6393/4560/6628 5752/4561/6628
f 6193/4834/6629 6682/4567/6630 6393/4560/6631
f 6193/4834/6629 6794/4835/6632 6682/4567/6630
f 7217/4562/6633 6917/4564/6633 6762/4836/6633
f 6917/4564/6634 5946/4570/6634 6762/4836/6634
f 6917/4564/6635 6182/4571/6635 5946/4570/6635
f 6762/4836/6636 5534/4560/6636 6274/4561/6636
f 6762/4836/6637 3746/4567/6638 5534/4560/6639
f 6762/4836/6637 5946/4570/6640 3746/4567/6638
f 6510/4564/6641 6929/4837/6641 6068/4838/6641
f 6068/4838/6642 6918/4560/6642 6530/4561/6642
f 6068/4838/6643 7218/4567/6644 6918/4560/6645
f 6068/4838/6643 6929/4837/6646 7218/4567/6644
f 1561/4839/6647 1235/4567/6648 1840/4840/6649
f 1561/4839/6647 740/4841/6650 1235/4567/6648
f 2856/4562/6651 4208/4564/6651 3494/4842/6651
f 4208/4564/6652 6686/4570/6652 3494/4842/6652
f 4208/4564/6653 6232/4571/6653 6686/4570/6653
f 3494/4842/6654 6438/4560/6654 4794/4561/6654
f 3494/4842/6655 7195/4567/6656 6438/4560/6657
f 3494/4842/6655 6686/4570/6658 7195/4567/6656
f 7074/4562/6659 6301/4564/6659 6765/4843/6659
f 6301/4564/6660 5892/4570/6660 6765/4843/6660
f 6301/4564/6661 4546/4571/6661 5892/4570/6661
f 6765/4843/6662 7277/4560/6662 7648/4561/6662
f 6765/4843/6663 6670/4567/6664 7277/4560/6665
f 6765/4843/6663 5892/4570/6666 6670/4567/6664
f 1244/4844/6667 1099/4570/6668 1146/4845/6669
f 1244/4844/6670 1185/4571/6670 1099/4570/6670
f 1146/4845/6671 1214/4567/6672 1274/4846/6673
f 1146/4845/6671 1099/4570/6674 1214/4567/6672
f 3676/4847/6675 3450/4570/6675 4543/4848/6675
f 3676/4847/6676 2828/4571/6676 3450/4570/6676
f 4543/4848/6677 5764/4560/6677 6479/4561/6677
f 4543/4848/6678 4214/4567/6679 5764/4560/6680
f 4543/4848/6678 3450/4570/6681 4214/4567/6679
f 6788/4562/6682 3448/4849/6682 4487/4850/6682
f 3448/4849/6683 2924/4570/6683 4487/4850/6683
f 4487/4850/6684 3877/4560/6684 6056/4561/6684
f 4487/4850/6685 2640/4567/6686 3877/4560/6687
f 4487/4850/6685 2924/4570/6688 2640/4567/6686
f 1374/4562/6689 789/4851/6689 336/4584/6690
f 336/4584/6691 789/4851/6691 333/4560/6691
f 789/4851/6692 398/4567/6692 333/4560/6693
f 789/4851/6692 899/4852/6694 398/4567/6692
f 6901/4562/6695 3597/4853/6695 4595/4854/6695
f 3597/4853/6696 2940/4570/6696 4595/4854/6696
f 4595/4854/6697 3711/4560/6697 5952/4561/6697
f 4595/4854/6698 2542/4567/6699 3711/4560/6700
f 4595/4854/6698 2940/4570/6701 2542/4567/6699
f 992/4855/6702 1021/4570/6702 702/4856/6702
f 992/4855/6703 1310/4571/6703 1021/4570/6703
f 702/4856/6704 886/4560/6704 754/4561/6704
f 702/4856/6705 1063/4567/6706 886/4560/6707
f 702/4856/6705 1021/4570/6708 1063/4567/6706
f 5307/4562/6709 5885/4564/6709 3699/4857/6709
f 5885/4564/6710 4362/4858/6710 3699/4857/6710
f 3699/4857/6711 2624/4560/6711 2414/4561/6711
f 3699/4857/6712 2712/4567/6713 2624/4560/6714
f 3699/4857/6712 4362/4858/6715 2712/4567/6713
f 2722/4562/6716 2993/4859/6716 1953/4860/6716
f 2993/4859/6717 2417/4570/6717 1953/4860/6717
f 1953/4860/6718 1307/4560/6718 1100/4561/6718
f 1953/4860/6719 1475/4567/6720 1307/4560/6721
f 1953/4860/6719 2417/4570/6722 1475/4567/6720
f 1369/4562/6723 1387/4564/6723 810/4861/6723
f 1387/4564/6724 904/4570/6724 810/4861/6724
f 1387/4564/6725 1476/4571/6725 904/4570/6725
f 810/4861/6726 645/4560/6726 632/4561/6726
f 810/4861/6727 713/4567/6728 645/4560/6729
f 810/4861/6727 904/4570/6730 713/4567/6728
f 2544/4562/6731 3799/4862/6731 2349/4863/6731
f 3799/4862/6732 5519/4570/6732 2349/4863/6732
f 2349/4863/6733 2658/4560/6733 1776/4561/6733
f 2349/4863/6734 3851/4567/6735 2658/4560/6736
f 2349/4863/6734 5519/4570/6737 3851/4567/6735
f 5869/4562/6738 4426/4564/6738 5994/4829/6738
f 4426/4564/6739 5047/4570/6739 5994/4829/6739
f 4426/4564/6740 3660/4571/6740 5047/4570/6740
f 5994/4829/6741 6939/4560/6741 7295/4561/6741
f 5994/4829/6742 6543/4567/6743 6939/4560/6744
f 5994/4829/6742 5047/4570/6745 6543/4567/6743
f 7370/4562/6746 5554/4864/6746 7191/4865/6746
f 5554/4864/6747 6434/4570/6747 7191/4865/6747
f 7191/4865/6748 7512/4560/6748 7814/4561/6748
f 7191/4865/6749 7024/4567/6750 7512/4560/6751
f 7191/4865/6749 6434/4570/6752 7024/4567/6750
f 8220/4562/6753 8057/4866/6754 8034/4867/6755
f 8057/4866/6754 7898/4570/6756 8034/4867/6755
f 8034/4867/6757 7877/4868/6758 8128/4561/6759
f 8034/4867/6757 7898/4570/6760 7877/4868/6761
f 6195/4562/6762 6747/4564/6762 6702/4869/6762
f 6747/4564/6763 7159/4870/6763 6702/4869/6763
f 6702/4869/6764 7391/4560/6764 7052/4561/6764
f 6702/4869/6765 7607/4567/6766 7391/4560/6767
f 6702/4869/6765 7159/4870/6768 7607/4567/6766
f 968/4871/6769 701/4570/6769 800/4872/6769
f 968/4871/6770 855/4571/6770 701/4570/6770
f 800/4872/6771 690/4567/6772 791/4873/6773
f 800/4872/6771 701/4570/6774 690/4567/6772
f 7674/4562/6775 7226/4564/6775 7349/4874/6775
f 7226/4564/6776 6319/4875/6776 7349/4874/6776
f 7349/4874/6777 7383/4560/6777 7758/4561/6777
f 7349/4874/6778 6599/4567/6779 7383/4560/6780
f 7349/4874/6778 6319/4875/6781 6599/4567/6779
f 1284/4562/6782 1004/4876/6782 771/4877/6782
f 1004/4876/6783 655/4570/6783 771/4877/6783
f 771/4877/6784 503/4567/6785 623/4878/6786
f 771/4877/6784 655/4570/6787 503/4567/6785
f 7550/4562/6788 7746/4564/6788 7712/4879/6788
f 7746/4564/6789 8089/4570/6789 7712/4879/6789
f 7746/4564/6790 7956/4571/6790 8089/4570/6790
f 7712/4879/6791 8113/4560/6791 7960/4561/6791
f 7712/4879/6792 8214/4567/6793 8113/4560/6794
f 7712/4879/6792 8089/4570/6795 8214/4567/6793
f 1138/4562/6796 1133/4880/6796 733/4881/6796
f 1133/4880/6797 742/4570/6797 733/4881/6797
f 733/4881/6798 647/4567/6799 639/4882/6800
f 733/4881/6798 742/4570/6801 647/4567/6799
f 3398/4650/6802 4373/4560/6803 2898/4561/6804
f 3398/4650/6802 5406/4883/6805 4373/4560/6803
f 5406/4883/6806 6216/4567/6807 4373/4560/6808
f 5406/4883/6806 6564/4644/6809 6216/4567/6807
f 1449/4562/6810 1328/4564/6810 746/4884/6810
f 1328/4564/6811 670/4570/6811 746/4884/6811
f 1328/4564/6812 1242/4571/6812 670/4570/6812
f 746/4884/6813 504/4560/6813 617/4561/6813
f 746/4884/6814 451/4567/6815 504/4560/6816
f 746/4884/6814 670/4570/6817 451/4567/6815
f 7053/4564/6818 6485/4885/6818 7222/4886/6818
f 7222/4886/6819 7267/4560/6819 7549/4561/6819
f 7222/4886/6820 6797/4567/6821 7267/4560/6822
f 7222/4886/6820 6485/4885/6823 6797/4567/6821
f 4361/4562/6824 6321/4564/6824 4328/4887/6824
f 6321/4564/6825 7160/4888/6825 4328/4887/6825
f 4328/4887/6826 6540/4560/6826 5002/4561/6826
f 4328/4887/6827 7314/4567/6828 6540/4560/6829
f 4328/4887/6827 7160/4888/6830 7314/4567/6828
f 5371/4562/6831 4464/4564/6831 5578/4889/6831
f 4464/4564/6832 4323/4570/6832 5578/4889/6832
f 4464/4564/6833 3632/4571/6833 4323/4570/6833
f 5578/4889/6834 5339/4560/6834 5962/4561/6834
f 5578/4889/6835 4116/4567/6836 5339/4560/6837
f 5578/4889/6835 4323/4570/6838 4116/4567/6836
f 751/4562/6839 729/4564/6839 347/4890/6839
f 729/4564/6840 391/4570/6840 347/4890/6840
f 729/4564/6841 804/4571/6841 391/4570/6841
f 347/4890/6842 309/4560/6842 322/4561/6842
f 347/4890/6843 357/4567/6844 309/4560/6845
f 347/4890/6843 391/4570/6846 357/4567/6844
f 6664/4562/6847 3004/4891/6847 4734/4892/6847
f 3004/4891/6848 2840/4570/6848 4734/4892/6848
f 834/4562/6849 786/4564/6849 353/4893/6849
f 786/4564/6850 367/4570/6850 353/4893/6850
f 786/4564/6851 818/4571/6851 367/4570/6851
f 353/4893/6852 293/4560/6852 325/4561/6852
f 353/4893/6853 312/4567/6854 293/4560/6855
f 353/4893/6853 367/4570/6856 312/4567/6854
f 6138/4894/6857 6961/4560/6858 6518/4561/6859
f 6138/4894/6857 6634/4895/6860 6961/4560/6858
f 6634/4895/6861 7436/4567/6862 6961/4560/6863
f 6634/4895/6861 7255/4896/6864 7436/4567/6862
f 5899/4562/6865 3210/4897/6865 5021/4898/6865
f 3210/4897/6866 2121/4571/6867 1825/4899/6868
f 5021/4898/6869 3210/4897/6869 2963/4560/6869
f 3210/4897/6866 1825/4899/6868 2963/4560/6870
f 600/4562/6871 529/4564/6871 299/4900/6871
f 529/4564/6872 342/4570/6872 299/4900/6872
f 529/4564/6873 591/4571/6873 342/4570/6873
f 299/4900/6874 471/4560/6874 532/4561/6874
f 299/4900/6875 517/4567/6876 471/4560/6877
f 299/4900/6875 342/4570/6878 517/4567/6876
f 2096/4562/6879 2771/4564/6879 2861/4901/6879
f 2771/4564/6880 5507/4570/6880 2861/4901/6880
f 2771/4564/6881 3513/4571/6881 5507/4570/6881
f 2861/4901/6882 3678/4560/6882 2696/4561/6882
f 2861/4901/6883 4939/4567/6884 3678/4560/6885
f 2861/4901/6883 5507/4570/6886 4939/4567/6884
f 1116/4562/6887 246/4902/6888 497/4559/6889
f 1116/4562/6887 863/4564/6890 246/4902/6888
f 863/4564/6891 706/4571/6891 246/4902/6891
f 497/4559/6892 298/4560/6892 456/4561/6892
f 497/4559/6893 246/4902/6893 298/4560/6893
f 246/4902/6894 222/4567/6894 298/4560/6894
f 2642/4562/6895 3056/4903/6895 3415/4904/6895
f 3056/4903/6896 4916/4570/6896 3415/4904/6896
f 3415/4904/6897 4327/4560/6897 3567/4561/6897
f 3415/4904/6898 5148/4567/6899 4327/4560/6900
f 3415/4904/6898 4916/4570/6901 5148/4567/6899
f 7624/4905/6902 7942/4564/6903 7928/4906/6904
f 7624/4905/6905 7936/4560/6905 7643/4561/6905
f 7624/4905/6902 7928/4906/6904 7936/4560/6906
f 7928/4906/6907 8154/4567/6907 7936/4560/6907
f 2529/4564/6908 2469/4907/6908 2493/4908/6908
f 2493/4908/6909 2697/4560/6909 2662/4561/6909
f 2493/4908/6910 2641/4567/6911 2697/4560/6912
f 2493/4908/6910 2469/4907/6913 2641/4567/6911
f 2179/4562/6914 1198/4909/6914 1728/4910/6914
f 1198/4909/6915 656/4571/6916 362/4911/6917
f 1728/4910/6918 1198/4909/6918 1019/4560/6918
f 1198/4909/6915 362/4911/6917 1019/4560/6919
f 3010/4564/6920 1665/4912/6920 2632/4913/6920
f 2632/4913/6921 2050/4560/6921 2938/4561/6921
f 2632/4913/6922 1188/4567/6923 2050/4560/6924
f 2632/4913/6922 1665/4912/6925 1188/4567/6923
f 7628/4914/6926 8146/4570/6926 7799/4915/6926
f 7628/4914/6927 8060/4571/6927 8146/4570/6927
f 7799/4915/6928 8240/4567/6929 8036/4916/6930
f 7799/4915/6928 8146/4570/6931 8240/4567/6929
f 1184/4562/6932 1922/4917/6932 1122/4728/6932
f 1922/4917/6933 2629/4570/6933 1122/4728/6933
f 1122/4728/6934 1207/4560/6934 558/4561/6934
f 1122/4728/6935 1877/4567/6936 1207/4560/6937
f 1122/4728/6935 2629/4570/6938 1877/4567/6936
f 1903/4562/6939 1823/4564/6939 2039/4918/6939
f 1823/4564/6940 1661/4919/6940 2039/4918/6940
f 2039/4918/6941 2060/4560/6941 2131/4561/6941
f 2039/4918/6942 1883/4567/6943 2060/4560/6944
f 2039/4918/6942 1661/4919/6945 1883/4567/6943
f 2238/4562/6946 2392/4920/6946 2942/4921/6946
f 2392/4920/6947 3162/4570/6947 2942/4921/6947
f 2942/4921/6948 3696/4560/6948 3449/4561/6948
f 2942/4921/6949 3721/4567/6950 3696/4560/6951
f 2942/4921/6949 3162/4570/6952 3721/4567/6950
f 3231/4562/6953 2163/4564/6953 1978/4922/6953
f 2163/4564/6954 1104/4923/6954 1978/4922/6954
f 1978/4922/6955 1641/4560/6955 2560/4561/6955
f 1978/4922/6956 826/4567/6957 1641/4560/6958
f 1978/4922/6956 1104/4923/6959 826/4567/6957
f 6666/4562/6960 6737/4924/6961 7057/4646/6960
f 7057/4646/6962 6737/4924/6963 7410/4560/6964
f 6737/4924/6963 7472/4567/6965 7410/4560/6964
f 6737/4924/6963 6855/4577/6966 7472/4567/6965
f 2567/4562/6967 1572/4925/6967 1483/4926/6967
f 1483/4926/6968 1572/4925/6968 1111/4560/6968
f 1572/4925/6969 588/4567/6970 1111/4560/6971
f 1572/4925/6969 1018/4927/6972 588/4567/6970
f 2915/4562/6973 2019/4564/6973 2079/4928/6973
f 2019/4564/6974 1246/4570/6974 2079/4928/6974
f 2019/4564/6975 1177/4571/6975 1246/4570/6975
f 2079/4928/6976 1808/4560/6976 2707/4561/6976
f 2079/4928/6977 1031/4567/6978 1808/4560/6979
f 2079/4928/6977 1246/4570/6980 1031/4567/6978
f 1384/4929/6981 525/4560/6982 1117/4561/6983
f 1384/4929/6981 768/4930/6984 525/4560/6982
f 768/4930/6985 168/4567/6986 525/4560/6987
f 768/4930/6985 290/4931/6988 168/4567/6986
f 1940/4562/6989 1701/4564/6989 1127/4932/6989
f 1701/4564/6990 856/4570/6990 1127/4932/6990
f 1701/4564/6991 1406/4571/6991 856/4570/6991
f 1127/4932/6992 379/4560/6992 506/4561/6992
f 1127/4932/6993 236/4567/6994 379/4560/6995
f 1127/4932/6993 856/4570/6996 236/4567/6994
f 674/4564/6997 489/4933/6997 885/4934/6997
f 885/4934/6998 1220/4560/6998 1446/4561/6998
f 885/4934/6999 1010/4567/7000 1220/4560/7001
f 885/4934/6999 489/4933/7002 1010/4567/7000
f 1424/4562/7003 482/4563/7004 1052/4559/7005
f 1424/4562/7003 327/4935/7006 482/4563/7004
f 327/4935/7007 158/4570/7007 482/4563/7007
f 1052/4559/7008 482/4563/7008 286/4560/7008
f 7600/4936/7009 8028/4570/7009 7788/4937/7009
f 7600/4936/7010 7870/4571/7010 8028/4570/7010
f 7788/4937/7011 8149/4567/7012 7979/4938/7013
f 7788/4937/7011 8028/4570/7014 8149/4567/7012
f 534/4562/7015 145/4563/7016 221/4559/7015
f 534/4562/7015 409/4564/7017 145/4563/7016
f 409/4564/7018 58/4570/7018 145/4563/7018
f 409/4564/7018 249/4571/7018 58/4570/7018
f 1381/4562/7019 2201/4939/7020 1322/4559/7021
f 1381/4562/7019 2303/4564/7022 2201/4939/7020
f 2303/4564/7023 3657/4571/7023 2201/4939/7023
f 1322/4559/7024 2201/4939/7024 1386/4940/7024
f 2201/4939/7025 3662/4567/7025 1386/4940/7025
f 8079/4564/7026 7809/4570/7026 8108/4563/7026
f 8079/4564/7026 7760/4571/7026 7809/4570/7026
f 8108/4563/7027 7885/4567/7027 8141/4560/7027
f 8108/4563/7027 7809/4570/7027 7885/4567/7027
f 1782/4562/7028 2450/4564/7028 2226/4941/7028
f 2450/4564/7029 4120/4570/7029 2226/4941/7029
f 2450/4564/7030 3183/4571/7030 4120/4570/7030
f 2226/4941/7031 3674/4560/7031 2693/4561/7031
f 2226/4941/7032 5421/4567/7033 3674/4560/7034
f 2226/4941/7032 4120/4570/7035 5421/4567/7033
f 108/4562/7036 72/4564/7036 268/4614/7036
f 72/4564/7037 54/4942/7037 268/4614/7037
f 268/4614/7038 523/4560/7038 626/4561/7038
f 268/4614/7039 439/4567/7040 523/4560/7041
f 268/4614/7039 54/4942/7042 439/4567/7040
f 7588/4562/7043 7590/4943/7043 7869/4944/7043
f 7590/4943/7044 7684/4571/7044 7948/4570/7044
f 7869/4944/7045 7590/4943/7045 8090/4560/7045
f 7590/4943/7046 8135/4567/7047 8090/4560/7048
f 7590/4943/7046 7948/4570/7049 8135/4567/7047
f 1735/4562/7050 2177/4564/7050 2325/4921/7050
f 2177/4564/7051 2719/4945/7051 2325/4921/7051
f 2325/4921/7052 4300/4560/7052 3292/4561/7052
f 2325/4921/7053 5854/4567/7054 4300/4560/7055
f 2325/4921/7053 2719/4945/7056 5854/4567/7054
f 404/4562/7057 31/4563/7057 240/4559/7057
f 404/4562/7057 95/4564/7057 31/4563/7057
f 5872/4562/7058 3417/4564/7058 4129/4946/7058
f 3417/4564/7059 2675/4570/7059 4129/4946/7059
f 3417/4564/7060 2314/4571/7060 2675/4570/7060
f 4129/4946/7061 5472/4560/7061 6854/4561/7061
f 4129/4946/7062 3232/4567/7063 5472/4560/7064
f 4129/4946/7062 2675/4570/7065 3232/4567/7063
f 7923/4562/7066 8225/4563/7066 8112/4559/7066
f 7923/4562/7066 8110/4564/7066 8225/4563/7066
f 553/4562/7067 163/4563/7067 563/4559/7067
f 553/4562/7067 156/4564/7067 163/4563/7067
f 563/4559/7068 96/4560/7068 435/4561/7068
f 563/4559/7068 163/4563/7068 96/4560/7068
f 966/4562/7069 1718/4564/7069 988/4947/7069
f 1718/4564/7070 2569/4948/7070 988/4947/7070
f 988/4947/7071 1627/4560/7071 872/4561/7071
f 988/4947/7072 2462/4567/7073 1627/4560/7074
f 988/4947/7072 2569/4948/7075 2462/4567/7073
f 2391/4562/7076 2156/4564/7076 2788/4949/7076
f 2156/4564/7077 2568/4570/7077 2788/4949/7077
f 2156/4564/7078 1954/4571/7078 2568/4570/7078
f 2788/4949/7079 3648/4560/7079 4026/4561/7079
f 2788/4949/7080 3205/4567/7080 3648/4560/7081
f 2788/4949/7080 2568/4570/7082 3205/4567/7080
f 1867/4950/7083 1746/4570/7083 2313/4951/7083
f 1867/4950/7084 1357/4571/7084 1746/4570/7084
f 2313/4951/7085 2537/4560/7085 3154/4561/7085
f 2313/4951/7086 1924/4567/7087 2537/4560/7088
f 2313/4951/7086 1746/4570/7089 1924/4567/7087
f 3841/4952/7090 7169/4567/7091 5510/4953/7092
f 3841/4952/7090 6613/4954/7093 7169/4567/7091
f 3051/4562/7094 2167/4563/7094 3166/4559/7094
f 3051/4562/7094 2106/4564/7094 2167/4563/7094
f 2106/4564/7095 1306/4570/7095 2167/4563/7095
f 2106/4564/7095 1251/4571/7095 1306/4570/7095
f 2670/4562/7096 2768/4955/7096 1902/4748/7096
f 1902/4748/7097 2768/4955/7097 2397/4560/7097
f 2768/4955/7098 2700/4567/7099 2397/4560/7100
f 2768/4955/7098 3146/4956/7101 2700/4567/7099
f 3663/4957/7102 6894/4570/7102 3690/4958/7102
f 3663/4957/7103 6860/4571/7103 6894/4570/7103
f 3690/4958/7104 7153/4567/7105 4369/4959/7106
f 3690/4958/7104 6894/4570/7107 7153/4567/7108
f 2524/4562/7109 1666/4960/7110 2281/4961/7111
f 2281/4961/7111 1666/4960/7110 1582/4560/7112
f 1666/4960/7113 797/4567/7114 1582/4560/7114
f 1666/4960/7113 876/4962/7115 797/4567/7114
f 2802/4562/7116 1186/4963/7117 3229/4559/7118
f 2802/4562/7116 1848/4564/7119 1186/4963/7117
f 1848/4564/7120 947/4571/7120 1186/4963/7120
f 3229/4559/7121 2140/4560/7121 3240/4561/7121
f 3229/4559/7122 1186/4963/7122 2140/4560/7122
f 1186/4963/7123 1191/4567/7123 2140/4560/7123
f 2882/4562/7124 1405/4964/7124 1758/4965/7124
f 1405/4964/7125 1091/4570/7125 1758/4965/7125
f 1758/4965/7126 945/4560/7126 1543/4561/7126
f 1758/4965/7127 402/4567/7128 945/4560/7129
f 1758/4965/7127 1091/4570/7130 402/4567/7128
f 2365/4562/7131 1455/4966/7132 3241/4559/7133
f 2365/4562/7131 1577/4564/7134 1455/4966/7132
f 1577/4564/7135 838/4571/7135 1455/4966/7135
f 3241/4559/7136 1455/4966/7136 2327/4967/7136
f 1455/4966/7137 1488/4567/7137 2327/4967/7137
f 2069/4968/7138 1980/4567/7139 2203/4969/7140
f 2069/4968/7138 1747/4970/7141 1980/4567/7139
f 2521/4562/7142 1853/4971/7143 2636/4972/7144
f 2521/4562/7142 1743/4564/7145 1853/4971/7143
f 1743/4564/7146 1034/4973/7146 1853/4971/7146
f 1743/4564/7147 917/4571/7147 1034/4973/7147
f 1403/4974/7148 1435/4975/7149 3393/4559/7150
f 1403/4974/7148 671/4571/7151 1435/4975/7149
f 3393/4559/7152 1435/4975/7153 2306/4976/7154
f 1435/4975/7153 1448/4567/7155 2306/4976/7154
f 1774/4564/7156 2010/4772/7156 1454/4977/7156
f 1454/4977/7157 1710/4560/7157 1466/4561/7157
f 1454/4977/7158 2024/4567/7159 1710/4560/7160
f 1454/4977/7158 2010/4772/7161 2024/4567/7159
f 2558/4562/7162 1217/4978/7162 1654/4979/7162
f 1217/4978/7163 1049/4570/7163 1654/4979/7163
f 1654/4979/7164 1003/4560/7164 1558/4561/7164
f 1654/4979/7165 458/4567/7166 1003/4560/7167
f 1654/4979/7165 1049/4570/7168 458/4567/7166
f 8226/4980/7169 8179/4567/7170 8222/4560/7171
f 8226/4980/7169 8181/4981/7172 8179/4567/7170
f 2220/4564/7173 1196/4982/7173 1945/4983/7173
f 1945/4983/7174 1611/4560/7174 2411/4561/7174
f 1945/4983/7175 906/4567/7176 1611/4560/7177
f 1945/4983/7175 1196/4982/7178 906/4567/7176
f 1879/4562/7179 1895/4564/7179 1388/4984/7179
f 1895/4564/7180 1378/4570/7180 1388/4984/7180
f 1895/4564/7181 1868/4571/7181 1378/4570/7181
f 1388/4984/7182 815/4560/7182 803/4561/7182
f 1388/4984/7183 794/4567/7184 815/4560/7185
f 1388/4984/7183 1378/4570/7186 794/4567/7184
f 981/4985/7187 882/4570/7187 1326/4986/7187
f 981/4985/7188 572/4571/7188 882/4570/7188
f 1326/4986/7189 1017/4567/7190 1438/4987/7191
f 1326/4986/7189 882/4570/7192 1017/4567/7190
f 1863/4562/7193 1921/4604/7193 1097/4782/7193
f 1097/4782/7194 1921/4604/7194 1508/4560/7194
f 1921/4604/7195 1882/4567/7196 1508/4560/7197
f 1921/4604/7195 2326/4988/7198 1882/4567/7196
f 1948/4562/7199 1249/4564/7199 1094/4795/7199
f 1249/4564/7200 443/4570/7200 1094/4795/7200
f 1249/4564/7201 554/4571/7201 443/4570/7201
f 1094/4795/7202 608/4560/7202 1232/4561/7202
f 1094/4795/7203 184/4567/7204 608/4560/7205
f 1094/4795/7203 443/4570/7206 184/4567/7204
f 1680/4562/7207 1363/4989/7208 606/4990/7209
f 606/4990/7209 1363/4989/7208 821/4560/7210
f 1363/4989/7211 1056/4567/7212 821/4560/7213
f 1363/4989/7211 1617/4991/7214 1056/4567/7212
f 2100/4562/7215 2116/4696/7215 1469/4992/7215
f 2116/4696/7216 1512/4570/7216 1469/4992/7216
f 1469/4992/7217 1012/4560/7217 990/4561/7217
f 1469/4992/7218 1036/4567/7219 1012/4560/7220
f 1469/4992/7218 1512/4570/7221 1036/4567/7219
f 1871/4562/7222 1102/4564/7222 941/4993/7222
f 1102/4564/7223 315/4570/7223 941/4993/7223
f 1102/4564/7224 419/4571/7224 315/4570/7224
f 941/4993/7225 548/4560/7225 1252/4561/7225
f 941/4993/7226 126/4567/7227 548/4560/7228
f 941/4993/7226 315/4570/7229 126/4567/7227
f 1704/4562/7230 1894/4994/7230 1259/4995/7230
f 1894/4994/7231 1616/4570/7231 1259/4995/7231
f 1259/4995/7232 1069/4560/7232 910/4561/7232
f 1259/4995/7233 1270/4567/7234 1069/4560/7235
f 1259/4995/7233 1616/4570/7236 1270/4567/7234
f 980/4562/7237 386/4563/7237 449/4559/7237
f 980/4562/7237 878/4564/7238 386/4563/7237
f 878/4564/7239 305/4570/7239 386/4563/7239
f 878/4564/7239 744/4571/7239 305/4570/7239
f 449/4559/7240 64/4560/7240 82/4561/7240
f 449/4559/7240 386/4563/7240 64/4560/7240
f 1062/4562/7241 1633/4564/7241 665/4996/7241
f 1633/4564/7242 1833/4570/7242 665/4996/7242
f 1633/4564/7243 2362/4571/7243 1833/4570/7243
f 665/4996/7244 963/4560/7244 468/4561/7244
f 665/4996/7245 1575/4567/7246 963/4560/7247
f 665/4996/7245 1833/4570/7248 1575/4567/7246
f 1000/4562/7249 1551/4997/7249 687/4860/7249
f 1551/4997/7250 1854/4570/7250 687/4860/7250
f 687/4860/7251 1123/4560/7251 594/4561/7251
f 687/4860/7252 1739/4567/7253 1123/4560/7254
f 687/4860/7252 1854/4570/7255 1739/4567/7253
f 5850/4564/7256 7205/4571/7256 7039/4570/7257
f 7369/4562/7258 6818/4998/7258 7578/4999/7258
f 7578/4999/7259 6818/4998/7259 7453/4560/7259
f 6818/4998/7260 6991/4567/7261 7453/4560/7262
f 6818/4998/7260 5982/5000/7263 6991/4567/7261
f 1013/4562/7264 307/4580/7264 718/5001/7264
f 307/4580/7265 73/4571/7265 48/4570/7265
f 718/5001/7266 307/4580/7266 239/4560/7266
f 307/4580/7267 22/4567/7268 239/4560/7269
f 307/4580/7267 48/4570/7270 22/4567/7268
f 1286/5002/7271 2980/4570/7271 1755/5003/7271
f 1286/5002/7272 2408/4571/7272 2980/4570/7272
f 1755/5003/7273 4273/4567/7274 2415/5004/7275
f 1755/5003/7273 2980/4570/7276 4273/4567/7274
f 169/4562/7277 194/4564/7277 455/5005/7277
f 194/4564/7278 515/4570/7278 455/5005/7278
f 194/4564/7279 211/4571/7279 515/4570/7279
f 455/5005/7280 916/4560/7280 864/4561/7280
f 455/5005/7281 952/4567/7282 916/4560/7283
f 455/5005/7281 515/4570/7284 952/4567/7282
f 2736/4562/7285 2008/5006/7285 2950/5007/7285
f 2008/5006/7286 2592/4570/7286 2950/5007/7286
f 2950/5007/7287 5001/4560/7287 5990/4561/7287
f 2950/5007/7288 3992/4567/7289 5001/4560/7290
f 2950/5007/7288 2592/4570/7291 3992/4567/7289
f 7708/4562/7292 7486/5008/7292 7957/5009/7292
f 7957/5009/7293 7486/5008/7293 8018/4560/7293
f 7486/5008/7294 7794/4567/7295 8018/4560/7296
f 7486/5008/7294 7044/4740/7297 7794/4567/7295
f 989/4562/7298 344/4564/7298 288/5010/7298
f 344/4564/7299 27/5011/7299 288/5010/7299
f 288/5010/7300 241/4560/7300 795/4561/7300
f 288/5010/7301 16/4567/7302 241/4560/7303
f 288/5010/7301 27/5011/7304 16/4567/7302
f 2385/4562/7305 1741/5012/7305 2466/5013/7305
f 1741/5012/7306 2098/4570/7306 2466/5013/7306
f 2466/5013/7307 1896/4567/7308 2229/5014/7309
f 2466/5013/7307 2098/4570/7310 1896/4567/7308
f 8066/5015/7311 8200/5016/7312 8140/4561/7313
f 8066/5015/7311 8139/5017/7314 8200/5016/7312
f 2338/4562/7315 2120/5018/7316 3270/4559/7317
f 2338/4562/7315 1852/4564/7318 2120/5018/7316
f 1852/4564/7319 1393/4571/7319 2120/5018/7319
f 3270/4559/7320 3237/4560/7320 4219/4561/7320
f 3270/4559/7321 2120/5018/7321 3237/4560/7321
f 2120/5018/7322 2600/4567/7322 3237/4560/7322
f 280/5019/7323 36/4560/7323 295/4561/7323
f 280/5019/7324 28/5020/7324 36/4560/7324
f 2277/4562/7325 1505/4785/7325 2786/5021/7325
f 2786/5021/7326 1505/4785/7326 2467/4560/7326
f 1505/4785/7327 1379/4567/7328 2467/4560/7329
f 1505/4785/7327 604/5022/7330 1379/4567/7328
f 1511/4562/7331 1436/4564/7331 1422/5023/7331
f 1436/4564/7332 1248/4570/7332 1422/5023/7332
f 1436/4564/7333 1266/4571/7333 1248/4570/7333
f 1422/5023/7334 1085/4560/7334 1152/4561/7334
f 1422/5023/7335 909/4567/7336 1085/4560/7337
f 1422/5023/7335 1248/4570/7338 909/4567/7336
f 5710/4564/7339 7103/4570/7339 5908/4563/7339
f 5710/4564/7339 7040/4571/7339 7103/4570/7339
f 5908/4563/7340 7433/4567/7340 6567/4560/7340
f 5908/4563/7340 7103/4570/7340 7433/4567/7340
f 2266/4562/7341 926/5024/7341 1791/5025/7341
f 926/5024/7342 1057/4570/7342 1791/5025/7342
f 1791/5025/7343 1426/4560/7343 2044/4561/7343
f 1791/5025/7344 741/4567/7345 1426/4560/7346
f 1791/5025/7344 1057/4570/7347 741/4567/7345
f 7135/4561/7348 7709/5026/7349 7589/5027/7350
f 7709/5026/7349 8055/4571/7351 7589/5027/7350
f 2442/4562/7352 1496/4564/7352 1415/5028/7352
f 1496/4564/7353 561/4570/7353 1415/5028/7353
f 1496/4564/7354 635/4571/7354 561/4570/7354
f 1415/5028/7355 943/4560/7355 1750/4561/7355
f 1415/5028/7356 261/4567/7356 943/4560/7357
f 1415/5028/7356 561/4570/7358 261/4567/7356
f 418/4564/7359 401/4570/7359 207/4563/7359
f 418/4564/7359 721/4571/7360 401/4570/7359
f 1997/4562/7361 767/5029/7361 1160/5030/7361
f 767/5029/7362 562/4570/7362 1160/5030/7362
f 1160/5030/7363 566/4560/7363 1073/4561/7363
f 1160/5030/7364 200/4567/7365 566/4560/7366
f 1160/5030/7364 562/4570/7367 200/4567/7365
f 8106/5031/7368 7949/5032/7368 8050/5033/7368
f 8050/5033/7369 7803/4567/7370 7916/5034/7371
f 8050/5033/7369 7949/5032/7372 7803/4567/7373
f 1635/4562/7374 1342/4563/7375 911/5035/7376
f 1635/4562/7374 1736/4564/7377 1342/4563/7375
f 1736/4564/7378 1101/4570/7378 1342/4563/7378
f 1736/4564/7378 1481/4571/7378 1101/4570/7378
f 911/5035/7379 1342/4563/7379 1016/4560/7379
f 2508/4562/7380 1309/5036/7380 1428/5037/7380
f 1309/5036/7381 881/4571/7382 229/5038/7383
f 1428/5037/7384 1309/5036/7384 868/4560/7384
f 1309/5036/7381 229/5038/7383 868/4560/7385
f 891/4564/7386 1255/5039/7386 874/4563/7386
f 874/4563/7387 1255/5039/7387 900/4567/7387
f 1564/4562/7388 1368/4564/7388 1253/5040/7388
f 1368/4564/7389 1015/5041/7389 1253/5040/7389
f 1253/5040/7390 559/4567/7391 778/4560/7392
f 1253/5040/7390 1015/5041/7393 559/4567/7391
f 2013/4562/7394 1106/5042/7394 1338/5043/7394
f 1338/5043/7395 1106/5042/7395 820/4560/7395
f 1106/5042/7396 245/4567/7397 820/4560/7398
f 1106/5042/7396 405/5044/7399 245/4567/7397
f 1142/4564/7400 516/5045/7400 1076/4563/7400
f 1560/5046/7401 728/4560/7401 1193/4561/7401
f 1560/5046/7402 1076/4563/7402 728/4560/7402
f 1076/4563/7403 294/4567/7404 728/4560/7405
f 1076/4563/7403 516/5045/7406 294/4567/7404
f 8212/4562/7407 7874/5047/7407 8145/5048/7407
f 7874/5047/7408 7970/4570/7408 8145/5048/7408
f 8145/5048/7409 7884/4567/7410 8104/5049/7411
f 8145/5048/7409 7970/4570/7412 7884/4567/7410
f 1656/4562/7413 750/4563/7414 1143/4559/7415
f 1656/4562/7413 780/5050/7416 750/4563/7414
f 780/5050/7417 387/4570/7417 750/4563/7417
f 1143/4559/7418 201/4560/7418 408/4561/7418
f 1143/4559/7418 750/4563/7418 201/4560/7418
f 750/4563/7419 387/4570/7419 52/4567/7419
f 8191/4562/7420 7842/4903/7420 8147/5051/7420
f 7842/4903/7421 7963/4570/7421 8147/5051/7421
f 8147/5051/7422 8098/4560/7422 8203/4561/7422
f 8147/5051/7423 7858/4567/7424 8098/4560/7425
f 8147/5051/7423 7963/4570/7426 7858/4567/7424
f 1278/4562/7427 1208/5052/7427 1132/4559/7427
f 1132/4559/7428 1208/5052/7428 1095/4560/7428
f 1638/4564/7429 1078/4570/7429 1800/4563/7429
f 1638/4564/7429 936/4571/7429 1078/4570/7429
f 2599/4559/7430 1800/4563/7430 1399/4560/7430
f 1800/4563/7431 716/4567/7431 1399/4560/7431
f 1800/4563/7431 1078/4570/7431 716/4567/7431
f 8078/5053/7432 8242/4560/7432 8148/4561/7432
f 8078/5053/7433 8208/5054/7433 8242/4560/7433
f 2230/4562/7434 1732/4564/7434 1521/5055/7434
f 1732/4564/7435 933/4570/7435 1521/5055/7435
f 1732/4564/7436 1105/4571/7436 933/4570/7436
f 1521/5055/7437 694/4560/7437 1110/4561/7437
f 1521/5055/7438 277/4567/7439 694/4560/7440
f 1521/5055/7438 933/4570/7441 277/4567/7439
f 3429/4562/7442 5671/5056/7442 3764/5057/7442
f 5671/5056/7443 7118/4570/7443 3764/5057/7443
f 3764/5057/7444 6828/4560/7444 5633/4561/7444
f 3764/5057/7445 7528/4567/7446 6828/4560/7447
f 3764/5057/7445 7118/4570/7448 7528/4567/7446
f 2299/5058/7449 1621/4563/7450 2570/4559/7451
f 2299/5058/7449 774/4570/7452 1621/4563/7450
f 2299/5058/7453 1359/4571/7453 774/4570/7453
f 2570/4559/7454 678/4560/7454 1457/4561/7454
f 2570/4559/7454 1621/4563/7454 678/4560/7454
f 8003/5059/7455 7901/4567/7456 7862/5060/7457
f 8003/5059/7455 8051/5061/7458 7901/4567/7456
f 843/4562/7459 1129/4563/7459 764/4559/7459
f 843/4562/7459 1230/4564/7459 1129/4563/7459
f 1230/4564/7460 1404/4570/7460 1129/4563/7460
f 764/4559/7461 491/4560/7461 265/4561/7461
f 764/4559/7461 1129/4563/7461 491/4560/7461
f 6262/4562/7462 6770/5062/7462 6892/5063/7462
f 6892/5063/7463 6770/5062/7463 7575/4560/7463
f 6770/5062/7464 7800/4567/7465 7575/4560/7466
f 6770/5062/7464 7300/5064/7467 7800/4567/7465
f 8197/4562/7468 7850/5065/7468 8167/4563/7468
f 7850/5065/7469 8011/4570/7469 8167/4563/7469
f 8167/4563/7470 8021/4567/7470 8175/4560/7470
f 8167/4563/7470 8011/4570/7470 8021/4567/7470
f 2837/4562/7471 2395/4563/7472 1370/5066/7473
f 2837/4562/7471 3309/4564/7474 2395/4563/7472
f 3309/4564/7475 2626/4570/7475 2395/4563/7475
f 3309/4564/7475 3754/4571/7475 2626/4570/7475
f 1370/5066/7476 2395/4563/7476 1640/4560/7476
f 6713/5067/7477 7940/4567/7478 6936/5068/7479
f 6713/5067/7477 7781/5069/7480 7940/4567/7478
f 6685/5070/7481 7875/4570/7481 7020/5071/7481
f 6685/5070/7482 7749/4571/7482 7875/4570/7482
f 7020/5071/7483 8014/4567/7484 7354/5072/7485
f 7020/5071/7483 7875/4570/7486 8014/4567/7484
f 3384/4968/7487 2125/4560/7488 2971/4561/7489
f 3384/4968/7487 2399/5073/7490 2125/4560/7488
f 2399/5073/7491 1330/4567/7492 2125/4560/7493
f 2399/5073/7491 1525/5074/7494 1330/4567/7492
f 6671/4562/7495 7454/4563/7495 7058/4559/7496
f 6671/4562/7495 7212/4564/7495 7454/4563/7495
f 7212/4564/7497 7618/5075/7497 7454/4563/7498
f 7454/4563/7498 7618/5075/7499 7903/4567/7500
f 3442/4562/7501 2383/4564/7501 2291/5076/7501
f 2383/4564/7502 1545/5077/7502 2291/5076/7502
f 2291/5076/7503 2410/4560/7503 3502/4561/7503
f 2291/5076/7504 1631/4567/7505 2410/4560/7506
f 2291/5076/7504 1545/5077/7507 1631/4567/7505
f 6551/5078/7508 7764/4570/7508 7005/5079/7508
f 6551/5078/7509 7609/4571/7509 7764/4570/7509
f 7005/5079/7510 7745/4560/7510 7467/4561/7510
f 7005/5079/7511 7992/4567/7512 7745/4560/7513
f 7005/5079/7511 7764/4570/7514 7992/4567/7512
f 1849/4562/7515 1204/4925/7515 500/5080/7515
f 500/5080/7516 1204/4925/7516 550/4560/7516
f 1204/4925/7517 777/4567/7518 550/4560/7519
f 1204/4925/7517 1465/5081/7520 777/4567/7518
f 1093/4562/7521 1221/4564/7521 1162/5082/7521
f 1221/4564/7522 1531/4570/7522 1162/5082/7522
f 1221/4564/7523 1456/4571/7523 1531/4570/7523
f 1162/5082/7524 1711/4560/7524 1574/4561/7524
f 1162/5082/7525 1987/4567/7526 1711/4560/7527
f 1162/5082/7525 1531/4570/7528 1987/4567/7526
f 6681/4562/7529 7228/5083/7529 7113/5084/7529
f 7228/5083/7530 7756/4570/7530 7113/5084/7530
f 7113/5084/7531 7785/4560/7531 7567/4561/7531
f 7113/5084/7532 8005/4567/7533 7785/4560/7534
f 7113/5084/7532 7756/4570/7535 8005/4567/7533
f 1579/4562/7536 1569/5024/7536 1276/5085/7536
f 1569/5024/7537 1353/4570/7537 1276/5085/7537
f 1276/5085/7538 1520/4560/7538 1533/4561/7538
f 1276/5085/7539 1623/4567/7540 1520/4560/7541
f 1276/5085/7539 1353/4570/7542 1623/4567/7540
f 6469/4562/7543 6674/5086/7544 6948/4797/7545
f 6948/4797/7545 6674/5086/7544 7388/4560/7546
f 6674/5086/7547 7560/4567/7548 7388/4560/7549
f 6674/5086/7547 7002/5087/7550 7560/4567/7548
f 1855/5088/7551 1218/4560/7552 1173/4561/7553
f 1855/5088/7551 1900/5089/7554 1218/4560/7552
f 1900/5089/7555 1224/4567/7556 1218/4560/7557
f 1900/5089/7555 1909/5064/7558 1224/4567/7556
f 1939/5090/7559 2546/4567/7560 3180/4560/7561
f 1939/5090/7559 1441/5091/7562 2546/4567/7560
f 5542/5092/7563 7778/4567/7564 6697/5093/7565
f 5542/5092/7563 6821/5094/7566 7778/4567/7564
f 3159/4562/7567 1891/5095/7567 1959/5096/7567
f 1891/5095/7568 1444/4570/7568 1959/5096/7568
f 1959/5096/7569 1764/4560/7569 2356/4561/7569
f 1959/5096/7570 1290/4567/7571 1764/4560/7572
f 1959/5096/7570 1444/4570/7573 1290/4567/7571
f 6236/4562/7574 6923/4853/7574 6755/4992/7574
f 6923/4853/7575 7626/4570/7575 6755/4992/7575
f 6755/4992/7576 7656/4560/7576 7368/4561/7576
f 6755/4992/7577 7902/4567/7578 7656/4560/7579
f 6755/4992/7577 7626/4570/7580 7902/4567/7578
f 8132/5097/7581 7967/4570/7581 8124/5098/7581
f 8132/5097/7582 7988/4571/7582 7967/4570/7582
f 8124/5098/7583 7821/4567/7584 8006/5099/7585
f 8124/5098/7583 7967/4570/7586 7821/4567/7584
f 2473/4564/7587 1241/4570/7587 1703/4563/7587
f 2473/4564/7587 1901/4571/7587 1241/4570/7587
f 1703/4563/7588 350/4567/7588 676/4560/7588
f 1703/4563/7588 1241/4570/7588 350/4567/7588
f 4632/5100/7589 7551/4570/7589 5747/5101/7589
f 4632/5100/7590 7377/4571/7590 7551/4570/7590
f 5747/5101/7591 7782/4567/7592 6635/5102/7593
f 5747/5101/7591 7551/4570/7594 7782/4567/7592
f 1681/4562/7595 1377/4563/7596 1147/4559/7597
f 1681/4562/7595 1963/5103/7598 1377/4563/7596
f 1963/5103/7599 1588/4570/7599 1377/4563/7599
f 1147/4559/7600 675/4560/7600 485/4561/7600
f 1147/4559/7600 1377/4563/7600 675/4560/7600
f 6849/4562/7601 6994/5104/7601 7257/5105/7601
f 6994/5104/7602 7445/4570/7602 7257/5105/7602
f 7257/5105/7603 7724/4560/7603 7676/4561/7603
f 7257/5105/7604 7790/4567/7605 7724/4560/7606
f 7257/5105/7604 7445/4570/7607 7790/4567/7605
f 6951/4562/7608 6453/5086/7609 7360/4797/7610
f 7360/4797/7611 6453/5086/7612 7400/4560/7613
f 6453/5086/7614 7084/4567/7615 7400/4560/7616
f 6453/5086/7614 5811/5106/7617 7084/4567/7615
f 3230/4562/7618 2335/4563/7618 2268/4559/7618
f 3230/4562/7618 3325/4564/7618 2335/4563/7618
f 5826/4559/7619 3057/4560/7619 5358/4561/7619
f 5826/4559/7619 3335/4563/7620 3057/4560/7619
f 8166/4562/7621 8052/4564/7621 8163/4563/7621
f 8052/4564/7622 7987/4570/7622 8163/4563/7622
f 8052/4564/7622 7795/4571/7622 7987/4570/7622
f 8163/4563/7623 7990/4567/7623 8165/4560/7623
f 8163/4563/7623 7987/4570/7623 7990/4567/7623
f 2393/4562/7624 2136/4563/7624 1949/4559/7624
f 1949/4559/7625 2278/4560/7625 2071/4561/7625
f 1949/4559/7625 2136/4563/7625 2278/4560/7625
f 2136/4563/7626 2680/4567/7626 2278/4560/7626
f 7951/4562/7627 7771/4638/7627 8017/4559/7627
f 8017/4559/7628 7771/4638/7628 7925/4560/7628
f 7771/4638/7629 7816/4567/7630 7925/4560/7631
f 7771/4638/7629 7670/5107/7632 7816/4567/7630
f 6933/4564/7633 4485/5108/7633 6329/5109/7633
f 6329/5109/7634 4718/4560/7634 6352/4561/7634
f 6329/5109/7635 3153/4567/7636 4718/4560/7637
f 6329/5109/7635 4485/5108/7638 3153/4567/7636
f 6302/5110/7639 5370/4570/7639 5009/5111/7639
f 6302/5110/7640 6426/4571/7640 5370/4570/7640
f 5009/5111/7641 3129/4560/7641 3008/4561/7641
f 5009/5111/7642 3189/4567/7643 3129/4560/7644
f 5009/5111/7642 5370/4570/7645 3189/4567/7643
f 4664/4562/7646 6121/5112/7646 6014/5113/7647
f 6014/5113/7648 6121/5112/7649 7133/4560/7650
f 6121/5112/7651 7447/4567/7651 7133/4560/7652
f 6121/5112/7651 6714/5114/7653 7447/4567/7651
f 7403/4562/7654 7312/4564/7654 6739/5115/7654
f 7312/4564/7655 6465/4570/7655 6739/5115/7655
f 7312/4564/7656 7141/4571/7656 6465/4570/7656
f 6739/5115/7657 5153/4560/7657 5616/4561/7657
f 6739/5115/7658 4368/4567/7659 5153/4560/7660
f 6739/5115/7658 6465/4570/7661 4368/4567/7659
f 4553/4562/7662 6170/4903/7662 5766/5116/7662
f 6170/4903/7663 7142/4570/7663 5766/5116/7663
f 5766/5116/7664 6868/4560/7664 6235/4561/7664
f 5766/5116/7665 7336/4567/7666 6868/4560/7667
f 5766/5116/7665 7142/4570/7668 7336/4567/7666
f 7713/4562/7669 7333/4924/7669 7641/5117/7670
f 7641/5117/7671 7333/4924/7671 7264/4560/7671
f 7333/4924/7672 6701/4567/7672 7264/4560/7673
f 7333/4924/7672 6789/5118/7674 6701/4567/7672
f 1899/4559/7675 3053/4560/7675 2243/4561/7675
f 1899/4559/7675 2645/4563/7675 3053/4560/7675
f 7473/4564/7676 7543/5119/7676 6699/5120/7676
f 6699/5120/7677 6758/4560/7677 6027/4561/7677
f 6699/5120/7678 7251/4567/7679 6758/4560/7680
f 6699/5120/7678 7543/5119/7681 7251/4567/7679
f 7224/5121/7682 7497/4570/7682 7343/5122/7682
f 7224/5121/7683 7407/4571/7683 7497/4570/7683
f 7343/5122/7684 7414/4567/7685 7237/5123/7686
f 7343/5122/7684 7497/4570/7687 7414/4567/7685
f 7457/5124/7688 6839/4570/7688 7449/5125/7688
f 7457/5124/7689 6852/4571/7689 6839/4570/7689
f 7449/5125/7690 6911/4567/7691 7479/5126/7692
f 7449/5125/7690 6839/4570/7693 6911/4567/7691
